u,y,d
0.42325897710248017,30.032458538895526,21.480105910665372
0.4448790547561073,30.032458538895526,21.480105910665372
0.4695496100240955,30.030393294193857,21.479719262928313
0.4958359312792269,30.029981498899474,21.480105910665372
0.5240292500298742,30.03122001022956,21.48126878590449
0.5479966845217185,30.03122001022956,21.48126878590449
0.5710654861320272,30.030808211087788,21.48126878590449
0.588534305584149,30.032043614262648,21.482045014854577
0.5998486270860258,30.029981498899474,21.48359454934939
0.6028594100618113,30.03287034571838,21.483981201875906
0.596038547720984,30.03163181128781,21.483204968120674
0.5818650218049105,30.032043614262648,21.483981201875906
0.5602022680543326,30.03287034571838,21.48359454934939
0.529872743562119,30.030393294193857,21.48359454934939
0.4959967699621213,30.032043614262648,21.483981201875906
0.45807646055115436,30.03410889748767,21.48359454934939
0.4206482775612222,30.032458538895526,21.482045014854577
0.38176517418322287,30.03287034571838,21.482045014854577
0.343958506718153,30.033693965114537,21.480882136730827
0.31662541723793713,30.033693965114537,21.480105910665372
0.30058636076678624,30.03163181128781,21.47894303974624
0.2925279201444638,30.032043614262648,21.478556393445217
0.2950977716327615,30.03122001022956,21.47778310227511
0.30835338377467636,30.029569705521283,21.477393528279947
0.3318500201966219,30.033282154457993,21.477006883891534
0.36466133659579336,30.032043614262648,21.477006883891534
0.40103892453029616,30.03122001022956,21.47778310227511
0.44245135452594286,30.032458538895526,21.477006883891534
0.4806104360272819,30.032043614262648,21.477393528279947
0.5152366589354018,30.03287034571838,21.478556393445217
0.5489376660346257,30.032043614262648,21.478556393445217
0.5870884267017168,30.02915479443442,21.481655435555865
0.6038624958284948,30.030808211087788,21.482045014854577
0.6183936268725121,30.03122001022956,21.4824316654653
0.6256573000175901,30.029569705521283,21.48553074596674
0.6267038901204948,30.02915479443442,21.487466954581294
0.6212115685296765,30.02915479443442,21.48862985720433
0.6118253003032545,30.030808211087788,21.49095567544856
0.6003049852647714,30.026680966448282,21.492505254155674
0.5847338774799705,30.02750452823858,21.495217767750717
0.567232906849702,30.02626918842668,21.496767367650364
0.5503531606078116,30.028331217287985,21.49947991836831
0.5348875773534799,30.025854292812028,21.501802888269424
0.5190461361361405,30.025030746375478,21.50296584441196
0.5034579794065328,30.025030746375478,21.50529176975624
0.4867824147096563,30.023380557064513,21.508004394875343
0.4716914023347847,30.023380557064513,21.510327428543746
0.45587036771197986,30.021315524165402,21.512266720927357
0.44108387423806616,30.02173039851033,21.51420309597802
0.42561211597735366,30.01842705440538,21.51575279063485
0.4101838702655592,30.018841915218616,21.518852203233337
0.3938171122571815,30.021315524165402,21.52117824784085
0.3780914362980453,30.019253658699085,21.52234127671136
0.36268528446367654,30.019253658699085,21.525440755398165
0.34820119447985237,30.015953526128385,21.526990506416723
0.33532156539276314,30.015953526128385,21.530090031823647
0.32373357489382193,30.018841915218616,21.5316398062198
0.3150446518484236,30.01842705440538,21.53357630277077
0.30946350651393484,30.01719184123442,21.535902458461294
0.30825742766122877,30.01554179798819,21.53822863174895
0.3128507643994222,30.016776988149672,21.541714994970505
0.3205953826987991,30.01554179798819,21.543264827972166
0.3333600446868145,30.016365256182155,21.54520139779345
0.34847067119219505,30.0138886663878,21.548690770062535
0.3655258006279929,30.013065231212636,21.548690770062535
0.38483625334983834,30.01347694784363,21.551403777147243
0.40414643987841226,30.01223868466076,21.55217725225515
0.42361597297128306,30.01223868466076,21.554503549026435
0.44175488035723354,30.01058873365662,21.556440189941952
0.45895745548121164,30.01223868466076,21.559153265790314
0.47647466428507856,30.009765329145125,21.56070318711261
0.4921800248361575,30.010177030444595,21.562253116308625
0.5048362349260206,30.00770061359424,21.564966243848573
0.516250246281709,30.009353629758095,21.566129438755524
0.5259124912112355,30.009353629758095,21.56845584189773
0.5343980847736843,30.007288923797375,21.570005810535804
0.542128170317564,30.00481570639755,21.572719007165006
0.5487744572784135,30.004400911244204,21.574268997533352
0.5550741932719614,30.003577564207433,21.57659253288034
0.5612671613354141,30.002339439305956,21.57775577226164
0.5673589915337109,30.003162774846203,21.580855812341554
0.5736246316702578,30.00068967253469,21.582019068072327
0.5798992180660889,29.998628286862584,21.58434559292982
0.5862442787441552,29.998213520648335,21.586282423855096
0.5916617425854999,29.999451587950716,21.588608981473953
0.5954503705067062,29.998213520648335,21.591322344579453
0.5973440129796658,29.9953258036154,21.592872430116017
0.5965791225373396,29.992852919781626,21.594809315662474
0.5923933503864274,29.994090912279376,21.597135938937356
0.585547846845303,29.990376986595038,21.600236177689283
0.5749736623502902,29.991203329412315,21.602949645340004
0.562471276589963,29.98955376970224,21.603723251826978
0.5469171081904934,29.986666334435768,21.606049943925882
0.527947267593438,29.98748952455236,21.608763463993625
0.5077954348368656,29.98584003385065,21.61108726468973
0.4870991201465204,29.98460215641967,21.61302719782907
0.46731433802150296,29.982952719354273,21.615737850481082
0.4460505576497903,29.98212957129499,21.617677813688715
0.4294982851863929,29.980065498725764,21.619614858965576
0.4149811791172359,29.98048018015004,21.622328501705454
0.40419536049099103,29.97759303988596,21.624265577067604
0.39520819275857977,29.98048018015004,21.626592428504352
0.38955491776022527,29.979653937120986,21.628142696000623
0.3848161062818321,29.97594373296687,21.629306134546823
0.3803527087282498,29.978416145906806,21.63007980903592
0.3769887699318705,29.97594373296687,21.632019865245866
0.37313076211448654,29.975117532125182,21.632019865245866
0.36828391103234154,29.974294456660687,21.633183318901388
0.36198996154550567,29.97470599344001,21.63512046465246
0.35481631054961454,29.97346827115257,21.635894154218306
0.34477302238786245,29.972645210962412,21.635507309184334
0.33221409870630303,29.970992878287234,21.637057622990085
0.3202475933739157,29.970992878287234,21.637834248250215
0.3121208866873984,29.972230566102326,21.639384574164524
0.3056781295613515,29.968932181895127,21.639771424233174
0.30167000185515197,29.968109163704014,21.64015827480449
0.30089829283899583,29.96769454000122,21.639771424233174
0.3042506816466001,29.96728303568159,21.64015827480449
0.31286949506007206,29.96646003275555,21.640548056570424
0.32590919632876914,29.964396324066968,21.64015827480449
0.3427558861944534,29.964396324066968,21.638997724598426
0.3592016401630016,29.964807815028223,21.63822109630496
0.3775415066444291,29.961924301016552,21.637834248250215
0.398526599469928,29.962747261969298,21.637447400697738
0.4161245506196517,29.960686756644407,21.63667077644601
0.4340934141946151,29.959449229487745,21.635507309184334
0.4475446337624089,29.959449229487745,21.63512046465246
0.4567503848740101,29.957800259093972,21.634343846463537
0.46265338353015806,29.95738880054614,21.63512046465246
0.4657832885533085,29.95738880054614,21.633957003441083
0.4664586462733857,29.954913855177892,21.633957003441083
0.4654546363979682,29.952027544869452,21.632406705756352
0.46380188264351335,29.95285353124052,21.632019865245866
0.4632821434516046,29.94996728773492,21.633570160920385
0.46535193398803826,29.949141328141764,21.632019865245866
0.47186612195890165,29.947492548696744,21.633183318901388
0.4837849355501515,29.947492548696744,21.63163302523685
0.496621005043259,29.943783685708013,21.632406705756352
0.5155546522374312,29.941720502727435,21.632793546768312
0.5356680400342174,29.94007186064249,21.633183318901388
0.5578877421533567,29.940897736134445,21.633957003441083
0.5823103430594271,29.93636330656676,21.634343846463537
0.6029108777979704,29.935537473096986,21.63512046465246
0.616491612202537,29.933066251097614,21.634343846463537
0.6238685975259823,29.93224044817231,21.636283930404147
0.625256959105656,29.9301806485484,21.635507309184334
0.6203648374687826,29.929354872348597,21.633570160920385
0.6087964282226319,29.926058076024617,21.634343846463537
0.5911592705681511,29.92646938989543,21.633183318901388
0.570471778944047,29.921935694031845,21.633183318901388
0.5474944754045025,29.921935694031845,21.63163302523685
0.5229022979330878,29.919876132355682,21.632019865245866
0.5004165746563375,29.916579686265095,21.630469577624922
0.48287646057077743,29.916990956445716,21.629306134546823
0.4725560110645567,29.91369461690249,21.629306134546823
0.467767300428968,29.9145202481796,21.628142696000623
0.46959364538429726,29.912046492770116,21.62775586101418
0.477830744271981,29.91039839905733,21.626592428504352
0.49021279994023415,29.90916156987828,21.62542900052273
0.5047515615279771,29.90833910353342,21.623878747097535
0.5173740955387045,29.906276740169915,21.623878747097535
0.5279460209982737,29.90586551933177,21.622715329671394
0.5322164763083099,29.903806328302096,21.62155484727333
0.5298735050022689,29.90215838661237,21.620391438879494
0.5169829081509141,29.901744069569588,21.620001683425755
0.4979532351002309,29.898859479338853,21.620391438879494
0.4722468599812597,29.899684973513388,21.620391438879494
0.4365555632261255,29.89721162886059,21.618451458106904
0.4005654201764645,29.89803710781723,21.61884121154378
0.3665707920989456,29.89803710781723,21.619614858965576
0.3358023596390249,29.895563808757004,21.619614858965576
0.30450964145873277,29.89515263720881,21.620391438879494
0.2791113232927586,29.893093692971945,21.620001683425755
0.2635412798258227,29.891857103259326,21.621165090305396
0.25791761520331347,29.89267941793935,21.621165090305396
0.2627511746686285,29.891445948754722,21.62155484727333
0.2760886956121777,29.889383975126634,21.62194167423945
0.29512046297650124,29.88691403001178,21.62077826434262
0.31831734303935094,29.88856169074404,21.620391438879494
0.3406201186745901,29.887325163685887,21.620391438879494
0.366018646054732,29.885677525726123,21.620391438879494
0.3862506578674918,29.88691403001178,21.619614858965576
0.4006526525519004,29.884441038528166,21.61884121154378
0.4095325279015952,29.882793453674253,21.61884121154378
0.41191371618079387,29.882382340821266,21.618451458106904
0.40673090578806537,29.881557006325068,21.617290992228448
0.39414615329558944,29.880320576056533,21.617677813688715
0.37714122047663023,29.878673067049874,21.617290992228448
0.35660768280136396,29.878261973120914,21.616901240807408
0.3364368363900222,29.877436676613854,21.616901240807408
0.3170372974285024,29.87620341752057,21.616514420349176
0.3009434093847505,29.87578922067604,21.616127600389916
0.2892530253135537,29.872494399725497,21.615737850481082
0.2830888036281698,29.871672270482748,21.616514420349176
0.2839864552223593,29.871672270482748,21.615737850481082
0.29079326205437783,29.86878864952928,21.61535103152346
0.3031412318867703,29.867963440312053,21.61535103152346
0.32256806661198945,29.865905121385595,21.616127600389916
0.3429518944402695,29.86549408605316,21.616514420349176
0.36721381287678556,29.864257877513467,21.615737850481082
0.39146294014366584,29.863432710018287,21.615737850481082
0.416985536140943,29.860963480589987,21.616514420349176
0.44448020280205947,29.8584912055191,21.615737850481082
0.46837724732785607,29.857255093546883,21.615737850481082
0.488915178368046,29.855197020483615,21.615737850481082
0.5083207863694987,29.853549973340193,21.61535103152346
0.5241705813038062,29.851902956439744,21.61535103152346
0.5360633289791507,29.849841892820564,21.614964213064695
0.5456018382419778,29.848194943991302,21.614964213064695
0.5528850821932766,29.845312077971244,21.615737850481082
0.5568603285924199,29.84407926072612,21.61535103152346
0.5579549623845852,29.84078249172461,21.614964213064695
0.5565822809492935,29.839549736679203,21.614187647209974
0.5516641325780945,29.83666714825779,21.614187647209974
0.5450745186359961,29.83666714825779,21.61380083025108
0.5374296167212715,29.833373764136468,21.614187647209974
0.5276307553508645,29.83049137389594,21.61380083025108
0.515495253446721,29.828844779931785,21.612637451947478
0.5045864662670342,29.82431602395434,21.612637451947478
0.4950888884977312,29.825962534952964,21.612250636986346
0.48714762313444415,29.82349122354333,21.61147700855912
0.4824196050764303,29.82060915019798,21.610313639259175
0.4823414751131269,29.818141098171225,21.609537085432805
0.48660504552534867,29.81731635439462,21.608763463993625
0.4979252161335498,29.814434478912574,21.607600105199083
0.5128391311152208,29.812788178950143,21.607600105199083
0.5310378236589736,29.81237738667994,21.607986914172727
0.5529903960539888,29.809084892139083,21.606823558382985
0.5753528424600766,29.80743869003453,21.605660207093194
0.5970438940506729,29.805378645876715,21.60411005581591
0.6157165464778016,29.80455713083984,21.60449979064083
0.6302287824471244,29.803321760595793,21.60333644833497
0.6396579271570665,29.802086407299498,21.602949645340004
0.6426868038342628,29.800029597214348,21.60255991252177
0.6399439378702576,29.799205019371414,21.60100977720697
0.6315290629856607,29.79714827508002,21.60100977720697
0.6177249867622262,29.79755899787301,21.600622977199862
0.5991443610634425,29.792621113803307,21.599846448381527
0.5716532498644376,29.791796603758257,21.599846448381527
0.548433222886133,29.79221041351724,21.599846448381527
0.5212150494990965,29.79056451978579,21.599459649867526
0.4966762986471401,29.788094179928407,21.599459649867526
0.4713795196147672,29.788504861460012,21.599072851849883
0.45038412684651424,29.78685903538377,21.598686054328596
0.4323794140140078,29.78480257281018,21.598296327024798
0.4189369265351163,29.785213239349503,21.59752273447043
0.4102823871130572,29.78356747335232,21.596746213636663
0.40599607840255225,29.78439190814106,21.597135938937356
0.404028569108742,29.781921737387222,21.597135938937356
0.40327272525212904,29.781921737387222,21.596746213636663
0.4029440124314,29.779451634279667,21.59558290125949
0.40205222006309677,29.77986538738918,21.5963594190992
0.40047034073278903,29.781511085835234,21.594809315662474
0.39795908078076364,29.77863035553355,21.593646010750376
0.39434508274598146,29.77863035553355,21.59442252360742
0.39016711451192015,29.779040993972046,21.593646010750376
0.3861017133960886,29.776570969735587,21.59325922018553
0.3819907803199255,29.77780597340154,21.592872430116017
0.37998182818138887,29.776570969735587,21.592482710319644
0.3795906702231097,29.776160342538162,21.59170913266439
0.3817190184620511,29.774104123843188,21.59170913266439
0.38660577266132085,29.776160342538162,21.590545839691345
0.39416765352178756,29.774514741684584,21.590545839691345
0.4026179378798683,29.774104123843188,21.59093262678249
0.4129415642107557,29.774104123843188,21.590159053095135
0.42246149988677684,29.773279783058967,21.589382551195285
0.43093612310631596,29.770399315507916,21.588995766087237
0.4363183380607723,29.771223629987105,21.588608981473953
0.4377454375279136,29.771223629987105,21.587445700428248
0.43361373363444433,29.771223629987105,21.587445700428248
0.42490120700057216,29.771634234724843,21.587058917796867
0.41159616834718515,29.770399315507916,21.586669205494047
0.39321703156635457,29.769578119133314,21.586282423855096
0.369203232510251,29.768753819678068,21.584732372094265
0.34085761995465397,29.768753819678068,21.585505931905345
0.31420362152663417,29.767522050365756,21.585505931905345
0.28229808688923147,29.766697769679922,21.58434559292982
0.2565308837301251,29.766697769679922,21.584732372094265
0.23683216237255195,29.7642280831559,21.583955884119746
0.22113921254044255,29.763817512093965,21.583955884119746
0.21119915508465073,29.76217213618463,21.58434559292982
0.21118361170816047,29.762996375568775,21.58318232826781
0.21869500728285357,29.761347904320814,21.58356910594682
0.23403077319681104,29.759702573389518,21.58356910594682
0.2587637268137275,29.760116236002602,21.583955884119746
0.2853217411627693,29.75847092749956,21.58318232826781
0.3138365751614296,29.756825648953168,21.58318232826781
0.34198656698294916,29.756825648953168,21.58279555108254
0.3635475350054447,29.753532071684674,21.58356910594682
0.3811838504715044,29.753121549218292,21.583955884119746
0.39566837435345786,29.75188688303507,21.58356910594682
0.40451087455285323,29.75188688303507,21.58356910594682
0.4077799430353243,29.75106585490738,21.583955884119746
0.40715609817777787,29.74736199114227,21.584732372094265
0.4035971931427165,29.74777559728784,21.585505931905345
0.3997714721062813,29.746951496687586,21.585505931905345
0.3961790119541044,29.7432509110792,21.586282423855096
0.39476185107218303,29.742837325621792,21.586669205494047
0.39698218378916816,29.740781865041185,21.587445700428248
0.4037805643073099,29.738726451149432,21.588995766087237
0.4148101396519591,29.736667974490786,21.589382551195285
0.4296157361111808,29.736667974490786,21.590545839691345
0.44550509821723105,29.73378867328654,21.59093262678249
0.4644334956631154,29.731733418177726,21.591322344579453
0.4845108354833747,29.728854273882575,21.592872430116017
0.5003310381240882,29.729264686266106,21.593646010750376
0.5113633314904843,29.725154428005453,21.592872430116017
0.5180799774886846,29.724744034243372,21.59403280181067
0.5183088934331815,29.724330533317755,21.59442252360742
0.5117125524610523,29.720220498887272,21.59442252360742
0.4995634701000891,29.719807018602012,21.5951961082132
0.4821804250477238,29.716517896742857,21.595972625057584
0.45861992945062846,29.71446303334784,21.596746213636663
0.43273005606354376,29.713228894206225,21.59558290125949
0.40825802205501793,29.71158443767149,21.5951961082132
0.38752908967584504,29.708295614044573,21.594809315662474
0.3687253262480489,29.70747187254591,21.59442252360742
0.3579514673451849,29.70500690964144,21.593646010750376
0.3549954414402746,29.702949198698207,21.592872430116017
0.36068764260378805,29.700070968304203,21.591322344579453
0.3766601290589139,29.699660688034157,21.59093262678249
0.40283897557086285,29.69760620638891,21.590159053095135
0.4324083392747359,29.69760620638891,21.588219267174452
0.4646743596481412,29.693904526991275,21.588219267174452
0.5020096807661262,29.693084024027144,21.586669205494047
0.5372993200830389,29.691850175568504,21.586282423855096
0.5679575276525528,29.689795870605337,21.585895642710398
0.5984678372195549,29.686918057046114,21.58434559292982
0.6184477593094789,29.687738504323136,21.58434559292982
0.6307869201864114,29.683630126748596,21.58279555108254
0.6383307487365844,29.68116270330205,21.58163229237175
0.6373287536410948,29.680339207863085,21.57969256107407
0.6286260622792721,29.678695346820177,21.57775577226164
0.6164195424158356,29.676231164661715,21.57504253065605
0.603504538407442,29.67664133915315,21.575429297956134
0.588652022931164,29.672530355725485,21.5738793016684
0.5743969600543811,29.671299893409696,21.571169024700623
0.5624911123865635,29.670066340569292,21.56961612013521
0.5562578024692804,29.668832804451313,21.56806615348205
0.5523191516213481,29.66513229641123,21.567292638104675
0.5502903217786104,29.66513229641123,21.566905881152934
0.5496039285635754,29.663488710106492,21.56651619472109
0.5492893928719615,29.662668481537537,21.565742683280973
0.5486421479543346,29.659381427547487,21.5645794898507
0.5466766786551462,29.658558129202504,21.562642797288902
0.5427485406214144,29.659381427547487,21.561866365752905
0.5369411561147415,29.658558129202504,21.559929690421484
0.5278765948085702,29.656914661554822,21.558379773027127
0.5181360328544548,29.656504575951715,21.55721660767432
0.5060785738584423,29.655271223559055,21.556440189941952
0.49154090230892883,29.65362781521037,21.555277031974583
0.4757810858151172,29.65362781521037,21.553727138186844
0.462187378700573,29.65321774440241,21.55256692037983
0.4487804941239435,29.650751145296965,21.55179051445674
0.433054841596941,29.65239450176125,21.55062737417569
0.4196601919382596,29.65239450176125,21.548690770062535
0.40815838067822924,29.650751145296965,21.54830403666898
0.3971344419904914,29.6503410874343,21.547527641557565
0.38699793778363645,29.651161205004712,21.54636451746842
0.3782616406050982,29.650751145296965,21.54636451746842
0.37087610858763553,29.649517870780073,21.545977787011168
0.3650030092409976,29.649107818466177,21.54636451746842
0.3608959724502651,29.649931031416656,21.54636451746842
0.3595457802571511,29.647464521264055,21.545977787011168
0.36080188942003166,29.650751145296965,21.546754178195442
0.36620279733726663,29.648697767997135,21.547140909632446
0.373843047640281,29.649931031416656,21.547914373970855
0.3850006426398615,29.651984436503767,21.548690770062535
0.39851916674926857,29.64787456618518,21.549853902984978
0.4140770862129295,29.64787456618518,21.55179051445674
0.432001677022658,29.64787456618518,21.551403777147243
0.4503618592471463,29.647464521264055,21.552953659159755
0.46960728287872505,29.648697767997135,21.552953659159755
0.4878985168534788,29.648284612950874,21.554116808286267
0.5048751082319398,29.648284612950874,21.55334039842876
0.519402853384795,29.647464521264055,21.555666704049827
0.5276984281767946,29.645411217999936,21.556440189941952
0.5304597256898735,29.647464521264055,21.557990097490972
0.5269673743474448,29.645821253685483,21.55682986350058
0.5171519276585147,29.646641330589148,21.558379773027127
0.5019655110964404,29.644998077848584,21.55721660767432
0.4795242150039612,29.644998077848584,21.55721660767432
0.4531253103985352,29.644998077848584,21.55721660767432
0.42275548228694904,29.6462312912152,21.55721660767432
0.3947646360060787,29.644178015725686,21.55682986350058
0.36062771792654064,29.642534807379718,21.55682986350058
0.3286913081852665,29.642944830130205,21.55605344675115
0.3012688535999575,29.64171166121139,21.55605344675115
0.2742362941297345,29.64171166121139,21.556440189941952
0.25576930893995586,29.641301644005353,21.555666704049827
0.24509038654211115,29.640068497304924,21.55605344675115
0.24200818186388545,29.640068497304924,21.555277031974583
0.24460279342418037,29.639248479509547,21.55605344675115
0.25357098404281125,29.63595916403358,21.555277031974583
0.2658381252869723,29.637192255183265,21.554116808286267
0.2819103286678947,29.637192255183265,21.554116808286267
0.2953441122865046,29.637192255183265,21.554503549026435
0.3080818071129493,29.637192255183265,21.554503549026435
0.3189254770712747,29.63637226324238,21.554503549026435
0.3264288227095956,29.63678225829159,21.554890290255855
0.330095875064531,29.635549172683113,21.555277031974583
0.3296560341090195,29.632673073028457,21.554503549026435
0.3245274406757925,29.632263096441875,21.555666704049827
0.31567324393824486,29.633086157360935,21.554503549026435
0.30391839112397084,29.631440042945314,21.554890290255855
0.29182622695751337,29.631853121696963,21.554503549026435
0.28038017913440455,29.629387100340864,21.554890290255855
0.26790932278608565,29.628977138513278,21.554116808286267
0.2579299484945705,29.627334203903956,21.552953659159755
0.25385015888306733,29.626921145600193,21.553727138186844
0.25683722650445695,29.625278247986273,21.55256692037983
0.2654801993475077,29.624868304607446,21.551403777147243
0.27805286123343664,29.626101245931522,21.550240638335993
0.29490522556895904,29.62158261279444,21.549853902984978
0.3147176331778013,29.6219925414253,21.54830403666898
0.33064466674192666,29.620349732468412,21.547914373970855
0.34846548954209217,29.617474111534364,21.547914373970855
0.36487248799920485,29.61788712711757,21.54559105704186
0.3776133877310834,29.616241286648403,21.54559105704186
0.3890766820934337,29.6145985810968,21.544041212286743
0.39691712141691005,29.61254601697823,21.543651555007784
0.4026762283019922,29.611313258564792,21.543264827972166
0.40763316163262797,29.610903377837815,21.541714994970505
0.4111531467191898,29.60802805409469,21.540551892924555
0.41517497081202814,29.60310046867005,21.540941546267675
0.42100434981526413,29.603920162015584,21.539778447151775
0.4284768019168538,29.602277677812197,21.540165169794648
0.43974086568444265,29.600635223097242,21.538615352440672
0.45327491376329787,29.59776022211213,21.539002073619145
0.46870315777389454,29.599402625220023,21.539002073619145
0.4844427222228692,29.59447550431645,21.539002073619145
0.5044686271780328,29.59365589556711,21.538615352440672
0.5191584027182352,29.589548648599532,21.53822863174895
0.5301200693603311,29.589548648599532,21.53822863174895
0.5357926972851275,29.586673995761316,21.53822863174895
0.5368418938108299,29.58585445683599,21.538615352440672
0.5319156051326593,29.58256706188206,21.538615352440672
0.5180327294316931,29.58256706188206,21.539002073619145
0.49890334342341813,29.580924960702077,21.539388795284424
0.47372024738434426,29.57805057842836,21.539388795284424
0.4464026681450416,29.57394713487156,21.539778447151775
0.41332650385355857,29.57435685018021,21.540165169794648
0.38027838337831554,29.570663270732894,21.540941546267675
0.3535585564490313,29.57025046815454,21.540551892924555
0.3302978231637618,29.569840771192048,21.541328270375516
0.3128268044119902,29.566557054073144,21.542101720052756
0.3025959587393437,29.566147373606043,21.541714994970505
0.30169924619234034,29.56327345448159,21.542491375363397
0.30902447697356467,29.561631698746282,21.542101720052756
0.3259510845095871,29.557935528191365,21.543264827972166
0.34817966221336233,29.558757921025403,21.542101720052756
0.37442359020165344,29.556703504409768,21.540551892924555
0.40491912347147635,29.556703504409768,21.541328270375516
0.4327399563216213,29.55506186616907,21.539388795284424
0.4639605026739687,29.551778677725224,21.539002073619145
0.4934735737412287,29.551778677725224,21.5378389818473
0.5147476007813183,29.548905208340102,21.53667882416312
0.5309856710069798,29.549317914938058,21.534739378417157
0.5410554217970527,29.547263709470315,21.534352662600952
0.545870967310999,29.54521265285109,21.532802874547883
0.5447102889844293,29.544803067602913,21.5316398062198
0.538272854188124,29.543161642006908,21.5293136827417
0.5286062350430507,29.543161642006908,21.52815355719281
0.5188730946481784,29.539466214531842,21.52737721298888
0.5086829235506699,29.53864709706727,21.52350138040157
0.4998383507373759,29.537005781380003,21.523114678687193
0.4936523329967931,29.53495185103003,21.52040192118278
0.4915954950587963,29.534542311490384,21.51846550733802
0.4941846437244125,29.532491538646525,21.51575279063485
0.5008153584318245,29.53002818964734,21.513426786826017
0.5120636162298932,29.529206053841506,21.51187710380964
0.5280612233737239,29.527977517420823,21.509554058530114
0.5429191395652596,29.52715539993551,21.508004394875343
0.5588054014017527,29.522641640429526,21.506065129145327
0.572968903569375,29.522232155671645,21.504128804907054
0.5860068546674784,29.522232155671645,21.50296584441196
0.5937808969213,29.521410089496612,21.501029539490105
0.5979508556839089,29.5197690812318,21.499866590590784
0.5991794380128358,29.52017855503607,21.49793030496579
0.5974157162738397,29.516896611636923,21.496380699278575
0.5924872052118811,29.516896611636923,21.495604434678626
0.5868149594397757,29.5160776950313,21.49444150604893
0.5796468153715865,29.514024231618748,21.49405484056433
0.5734425961615155,29.51443678177219,21.492891917717827
0.567851901788851,29.512795897739466,21.492118591072995
0.5635808186488638,29.512795897739466,21.49095567544856
0.560978656061241,29.511155042928294,21.4917289992095
0.5599971878244729,29.50992364555964,21.490569014287075
0.5608618580012112,29.50828284188816,21.48862985720433
0.5629906811789513,29.507051482892848,21.48862985720433
0.5657156582950984,29.50869226464397,21.487466954581294
0.5679447683026633,29.505410730346057,21.487080297741556
0.5695761723002363,29.506229552163404,21.485917400888468
0.5698601044562197,29.50500132216456,21.48514409152341
0.5682218829754047,29.503770006998877,21.48514409152341
0.5640557509177186,29.504179409712833,21.483981201875906
0.5571991314805509,29.503357504587655,21.48359454934939
0.5456505628792271,29.503357504587655,21.48359454934939
0.5348212008504329,29.502129312846307,21.48359454934939
0.5204458665640914,29.502538708275836,21.484367854880645
0.5057405919583687,29.502948105522933,21.483981201875906
0.48854672725557147,29.499257392969923,21.483204968120674
0.4715067412809012,29.501307425993446,21.483981201875906
0.4550465153752631,29.499257392969923,21.484757437558528
0.4383930708793801,29.500488647883458,21.484757437558528
0.4224699686964283,29.501307425993446,21.48514409152341
0.40765644165649323,29.501307425993446,21.485917400888468
0.3936236186607837,29.500076160149604,21.48553074596674
0.38066210228931907,29.501307425993446,21.485917400888468
0.36936914007564264,29.500898036029866,21.486693641380555
0.35876299887714996,29.500076160149604,21.48514409152341
0.3510498431083833,29.500898036029866,21.48553074596674
0.3440085184346933,29.499666775651292,21.484757437558528
0.3394633793331989,29.499257392969923,21.484757437558528
0.33646295174652546,29.500898036029866,21.484757437558528
0.33699944769943385,29.500898036029866,21.48514409152341
0.34063143514198424,29.499257392969923,21.483981201875906
0.34744668430076886,29.498844910742264,21.484757437558528
0.35758811152028525,29.501307425993446,21.484757437558528
0.3702824048719214,29.49843553170848,21.48553074596674
0.3876275896727879,29.498844910742264,21.48553074596674
0.407516815989847,29.500488647883458,21.484757437558528
0.42971409067462435,29.500898036029866,21.487080297741556
0.4531986542213372,29.500076160149604,21.48553074596674
0.47524224046200647,29.500898036029866,21.486693641380555
0.4964044917771926,29.498844910742264,21.48630698549806
0.5159006022143136,29.504179409712833,21.485917400888468
0.5334931424436067,29.500898036029866,21.48553074596674
0.5469004696364141,29.500076160149604,21.487080297741556
0.553459875822646,29.501307425993446,21.487466954581294
0.5533265117529949,29.500898036029866,21.48862985720433
0.5471757234601097,29.499257392969923,21.48862985720433
0.5345493076970097,29.498844910742264,21.489406104439183
0.5180733411731535,29.499257392969923,21.489792764159574
0.4937495013585922,29.500076160149604,21.489406104439183
0.4691261756850096,29.49843553170848,21.489792764159574
0.4368602110549448,29.499257392969923,21.48862985720433
0.4067803224328664,29.497616779091175,21.48862985720433
0.37612574106826446,29.49843553170848,21.48862985720433
0.35178684949129957,29.499666775651292,21.48862985720433
0.33118567862560444,29.496794932446107,21.4890165159631
0.31439976387525154,29.49638556250926,21.489406104439183
0.3042875039341862,29.495563726831733,21.49017942435904
0.3009956261194586,29.49597619438879,21.48824319892458
0.30374501809762,29.495154362357596,21.4890165159631
0.312489989267387,29.494744999699662,21.487856541123676
0.32621665759752233,29.494744999699662,21.487080297741556
0.3426995729216158,29.493513821438114,21.48514409152341
0.3613930403954647,29.492282659601983,21.484367854880645
0.37729285745859287,29.49187330968266,21.48359454934939
0.39178707761542586,29.492692011337,21.483981201875906
0.40102922257505136,29.492282659601983,21.4824316654653
0.40474920031387474,29.491051514189337,21.48281831655396
0.40317283577384955,29.490642169730222,21.48126878590449
0.3958337318731705,29.48982348625799,21.480105910665372
0.38131813780455964,29.48900170901402,21.48049548803499
0.36100279900256427,29.48900170901402,21.480882136730827
0.34107514759731195,29.489411046198484,21.480105910665372
0.3187880251502404,29.487770607359494,21.48049548803499
0.2960427084264698,29.486951949352203,21.478556393445217
0.27621181173058873,29.487361277448485,21.47894303974624
0.2592975948269785,29.486951949352203,21.47894303974624
0.2453005185546054,29.485720875028733,21.478169747621507
0.23599792967864852,29.485311554204372,21.478556393445217
0.23229640136823876,29.485311554204372,21.478556393445217
0.23385169211317544,29.484899134299724,21.478556393445217
0.240082792523321,29.484080501749872,21.477393528279947
0.2501459428650792,29.481618446067955,21.478556393445217
0.26255015586695674,29.481209143424906,21.478556393445217
0.2750864298560755,29.479159556710044,21.477393528279947
0.2860330199544947,29.47956885027213,21.478169747621507
0.294168753682009,29.47628835132963,21.478556393445217
0.2993539778059875,29.475875971706728,21.47894303974624
0.29974791292526903,29.47423577322587,21.478169747621507
0.29361846661241225,29.47423577322587,21.478556393445217
0.2817170855750862,29.47341723515541,21.47894303974624
0.2668037031800553,29.470955463579458,21.477393528279947
0.25175699638062765,29.469315352404237,21.478169747621507
0.23590947705295745,29.468084513032068,21.478556393445217
0.2202634261217974,29.466853690042853,21.478556393445217
0.2081179908301345,29.465213651616182,21.47894303974624
0.20056289278351314,29.46439519341152,21.47778310227511
0.19773088545743167,29.462755198575337,21.477006883891534
0.1999773388782263,29.462755198575337,21.478169747621507
0.20713550514527934,29.458653788659774,21.477393528279947
0.22193372287513558,29.455783219865282,21.47778310227511
0.23710324505088554,29.45496484507038,21.477393528279947
0.2550573507231109,29.454552560509,21.477006883891534
0.27390374198137435,29.45414337764703,21.47778310227511
0.29419751237397757,29.449633186377753,21.477006883891534
0.31158872809125737,29.450863780346708,21.47778310227511
0.3248622009956807,29.446762897243048,21.477006883891534
0.33686502357636167,29.443892697045612,21.477393528279947
0.3470885771896631,29.441025685183547,21.478169747621507
0.3557788083413017,29.441434810099054,21.47778310227511
0.3636912293743977,29.437743452930533,21.477393528279947
0.37175688936649676,29.437743452930533,21.476620239980207
0.3803936869217167,29.43364624959412,21.476620239980207
0.39218128699258775,29.42954612824309,21.475070740000433
0.4079249075070579,29.429955202505596,21.474684098477326
0.42658598898275657,29.427085522633092,21.475070740000433
0.4522729366934299,29.424219030381437,21.474294528333928
0.47759865148784375,29.42257664769511,21.473521247678377
0.5034207935330782,29.418889139615885,21.473907887767837
0.5276194326344716,29.416019801883976,21.473131678979257
0.5525906076712206,29.415201777995264,21.472358401190093
0.5705676644643075,29.410281392366414,21.472358401190093
0.5813407704014038,29.409054435036353,21.47197176301006
0.5859631628453698,29.40618540108227,21.471582196234692
0.5821504321560793,29.404134374946068,21.469646085823058
0.5691411353309503,29.40290749877005,21.47080892226313
0.5498574541531953,29.397578830523855,21.470032721138864
0.5225309708196023,29.39511907156208,21.46925945098309
0.4880335429575766,29.39471015068534,21.46925945098309
0.4546440159704108,29.392253565375256,21.46925945098309
0.4197585487879566,29.38856416250718,21.468483253688078
0.38505757156810133,29.38815527043738,21.467709987346097
0.3502958920206836,29.384466030023702,21.4673204258566
0.32537592512401736,29.382418580166643,21.46654716237549
0.3091203844100149,29.380780033212204,21.46654716237549
0.30032750637525923,29.384057155955134,21.46577097177868
0.30283044712301666,29.374634964550978,21.46422152533495
0.3145046553028802,29.37299655450562,21.463834897166294
0.33104441726206374,29.370537444910383,21.463834897166294
0.35167735927194577,29.369719820828493,21.46344826947262
0.37408070390207576,29.366851999112612,21.462672086521536
0.39685738190949277,29.364801839389884,21.463834897166294
0.4197419983099687,29.363575481403984,21.462672086521536
0.4417794212151971,29.36193726571946,21.462672086521536
0.45862144078509326,29.361525393712952,21.462672086521536
0.4705980903177165,29.36111662028668,21.46228546025617
0.4794475076846816,29.35661094097651,21.46228546025617
0.4830518457314388,29.35661094097651,21.46189883446567
0.48314904203716974,29.352926045403308,21.46189883446567
0.4806841351400989,29.354972847586055,21.46189883446567
0.47609287913797244,29.35251421317207,21.46150928017198
0.47047207117503337,29.349650016710598,21.46150928017198
0.4642836308923934,29.348420761502837,21.46150928017198
0.45721678337800337,29.34555359436297,21.461122655334464
0.4508465077675665,29.343915694972793,21.461122655334464
0.44615626115322243,29.34227782430264,21.459186609308404
0.442794924738598,29.342686515240416,21.4599598547058
0.4406445090769502,29.336952620943293,21.459573231769923
0.4390321025763571,29.33777305401071,21.4599598547058
0.4382095690740173,29.33777305401071,21.458797058368532
0.4377825832274981,29.33613529101092,21.458797058368532
0.4380735610281642,29.334906213620627,21.457637195262805
0.43924501693142143,29.33203946115117,21.458023815823935
0.44142388677013406,29.3328567552727,21.45724764623759
0.44456946222512983,29.32917279657653,21.45724764623759
0.44925939141883486,29.329581430216535,21.456861026628133
0.45535624411690595,29.32835553465293,21.45724764623759
0.4639288053181815,29.325077271664952,21.456087788830985
0.4759566472607058,29.324260045523488,21.456087788830985
0.4885162727198275,29.32466865770192,21.455311624008857
0.5008778944113236,29.320985021471984,21.45414884480988
0.5118649958043375,29.32221082045436,21.453762228997334
0.5199063498928073,29.319347552426848,21.453375613658352
0.5271248658045169,29.318118695608746,21.452599455505265
0.5319255152411234,29.318118695608746,21.452212841589812
0.5332841439913726,29.31729843492269,21.45182622814758
0.5320751242496744,29.31484388644344,21.45143668629413
0.5285949213432672,29.314432221940592,21.45143668629413
0.5243737429369324,29.313615088740278,21.450663461782256
0.5196472069686842,29.31115754170645,21.449500699695193
0.5148666435049573,29.310748988501587,21.449500699695193
0.5128961918697292,29.310748988501587,21.449500699695193
0.5133768581786904,29.309520244526425,21.449114089570855
0.5172401810495413,29.309111698463028,21.448724551060025
0.525130540699709,29.308291516669385,21.448724551060025
0.5368392589544804,29.30706589989984,21.449114089570855
0.5500667180816662,29.307882975964617,21.449114089570855
0.5647705246837037,29.307474437041492,21.448724551060025
0.5805578485478249,29.306245736016194,21.447951333181834
0.5980899633652614,29.30583720423209,21.447951333181834
0.6128292270547502,29.30583720423209,21.447951333181834
0.6240243423700573,29.30460852467627,21.447951333181834
0.6315357078704811,29.30378838230132,21.44833794188463
0.6341298726577679,29.305017051103448,21.448724551060025
0.6318549052321503,29.304200000029994,21.44833794188463
0.6237016128843623,29.30337986123027,21.447564724951576
0.6075328091509047,29.30337986123027,21.447564724951576
0.5898647628322587,29.304200000029994,21.447564724951576
0.5702316072541012,29.302971341940008,21.44678858106721
0.5458215192072643,29.302971341940008,21.447951333181834
0.5290069538234836,29.302562824430424,21.44678858106721
0.512162106920909,29.301742699957174,21.447951333181834
0.5001925246269341,29.300105567279275,21.447564724951576
0.49063776684246746,29.302562824430424,21.44717518834898
0.4868354205782659,29.302971341940008,21.44717518834898
0.48668720354171585,29.302151213892103,21.447951333181834
0.4896074863633702,29.301334187802638,21.447951333181834
0.49455167179077625,29.302151213892103,21.448724551060025
0.500407873403935,29.301742699957174,21.449500699695193
0.5057120211048838,29.302562824430424,21.451050073801696
0.5084345306966469,29.302971341940008,21.449887310292297
0.5068218456474134,29.30337986123027,21.452212841589812
0.5004567016012671,29.30583720423209,21.45143668629413
0.48819021832273934,29.305425579311702,21.45182622814758
0.4686189639765674,29.30583720423209,21.452986069893996
0.4426513136617678,29.30378838230132,21.452986069893996
0.4111533842544278,29.306245736016194,21.452212841589812
0.3773877267134458,29.308291516669385,21.452599455505265
0.33953625115378755,29.307882975964617,21.452212841589812
0.3032427161956559,29.308703154181387,21.452599455505265
0.2647623138466425,29.307882975964617,21.452212841589812
0.23122622479817959,29.308703154181387,21.451050073801696
0.20289060654065283,29.310340437078764,21.451050073801696
0.18125359609727126,29.31115754170645,21.451050073801696
0.168126509255229,29.312386307162,21.449500699695193
0.16247596347349116,29.311977748596803,21.45027685023581
0.16652574664867303,29.311566096693582,21.44833794188463
0.1791853274613984,29.31279486750958,21.44833794188463
0.198252890591868,29.31279486750958,21.448724551060025
0.22359832944630106,29.313615088740278,21.447951333181834
0.25234283912016364,29.311977748596803,21.447564724951576
0.289014522364009,29.314023654449045,21.44678858106721
0.3228193105431135,29.314023654449045,21.445239227836055
0.3559358644117748,29.31484388644344,21.445239227836055
0.3851636422079127,29.316069605004316,21.445239227836055
0.41160672473848553,29.31729843492269,21.445239227836055
0.4305223019951669,29.31729843492269,21.44485262291903
0.44610425018125316,29.31688985492309,21.443689882187414
0.45315247540156844,29.316481276706668,21.445239227836055
0.4542300368796876,29.318527280972035,21.443303279161796
0.4496329778171761,29.31771011202892,21.44407648568489
0.44146799325373104,29.320985021471984,21.443303279161796
0.43022320718128837,29.31729843492269,21.443689882187414
0.4177703778191455,29.318527280972035,21.443689882187414
0.4051675326973362,29.318527280972035,21.44407648568489
0.39304506394879646,29.31771011202892,21.442913747802493
0.38100178856060646,29.316481276706668,21.443689882187414
0.3720484899264547,29.31729843492269,21.442913747802493
0.365121013324618,29.31688985492309,21.443303279161796
0.36135366131236035,29.316069605004316,21.44407648568489
0.35978961253060143,29.316481276706668,21.442913747802493
0.35949520361067167,29.31688985492309,21.442913747802493
0.35986037136158094,29.313615088740278,21.443303279161796
0.3601746896142585,29.31484388644344,21.442913747802493
0.3598743445033922,29.315252457514077,21.442140544117194
0.3579162407771128,29.311977748596803,21.442913747802493
0.353621510371327,29.31320652481412,21.442913747802493
0.3482634200239917,29.31320652481412,21.442913747802493
0.34189373469913714,29.311977748596803,21.443689882187414
0.3345806251559014,29.310340437078764,21.443689882187414
0.3266934790976819,29.312386307162,21.44407648568489
0.3190388686186886,29.310748988501587,21.44407648568489
0.31232416326984996,29.309520244526425,21.443689882187414
0.30744217770436455,29.30992879237175,21.44446601847403
0.30454989766983237,29.309520244526425,21.44485262291903
0.304547371899636,29.30992879237175,21.44446601847403
0.3071879440253091,29.306245736016194,21.446015367920666
0.31323121853870234,29.307474437041492,21.446015367920666
0.3209099971128698,29.306245736016194,21.446401974257753
0.33083079319564734,29.304200000029994,21.44678858106721
0.3409683512154013,29.30337986123027,21.44717518834898
0.35069190653600724,29.302971341940008,21.44678858106721
0.35888930823934717,29.301742699957174,21.448724551060025
0.366240490026396,29.301742699957174,21.447951333181834
0.3706420773438276,29.29969706225927,21.448724551060025
0.3718240159538052,29.297648374537516,21.449114089570855
0.3688954118455426,29.297648374537516,21.449500699695193
0.3617262371056159,29.29887696285823,21.449887310292297
0.3506883553044933,29.296422896935212,21.45027685023581
0.3367936679153691,29.296831387689735,21.449887310292297
0.321899103466461,29.295194340768433,21.45027685023581
0.3019730035669117,29.293557322423,21.451050073801696
0.2810187193028796,29.2919203326486,21.450663461782256
0.2650842025303193,29.289463354351767,21.451050073801696
0.25624163005347134,29.29028027702276,21.449887310292297
0.25151568909731237,29.287826436010675,21.449887310292297
0.2518925544218824,29.286597992419786,21.448724551060025
0.25685674988687024,29.286189546223795,21.447564724951576
0.2660565985248382,29.2857811018053,21.44717518834898
0.2798118371538398,29.28414115347556,21.446401974257753
0.294522262789191,29.28373271797085,21.44446601847403
0.30937179023687295,29.281279048139083,21.442913747802493
0.3229199106311849,29.27923076253336,21.441753942982018
0.3360639785211812,29.278822348389724,21.441753942982018
0.3442256343317267,29.2780024314182,21.440204614375887
0.34849701716326176,29.275548911314445,21.43904189069673
0.34776122115526087,29.275548911314445,21.43787917127929
0.3429694435361658,29.272275588310436,21.438265767690837
0.33505391873163953,29.27104734813912,21.436716456121815
0.32216041438880927,29.269819124021808,21.436329861597244
0.30978625371527213,29.267362723941005,21.435553745222762
0.29508726620738607,29.265317835306234,21.434004446886377
0.28188069690304807,29.262453209838384,21.435167152113763
0.27217401013312353,29.261636529147722,21.434004446886377
0.2639676429429495,29.259588671635015,21.433617855662646
0.2574313279110581,29.257135632129348,21.435167152113763
0.2538783017594335,29.254679563340403,21.435167152113763
0.25189054404546307,29.253862950136522,21.43594326754345
0.2513452147633942,29.251406966766353,21.437492575338638
0.25172745038496047,29.24977071115154,21.440204614375887
0.25261032883589274,29.24731483455446,21.441753942982018
0.25360626951996035,29.244042493998677,21.443303279161796
0.25457426864257915,29.241998112098827,21.445239227836055
0.2553827849327457,29.238314625237876,21.445239227836055
0.25604300514664713,29.238314625237876,21.446401974257753
0.2566827008415201,29.235862139959067,21.447951333181834
0.25755888212770645,29.232998410684218,21.447564724951576
0.258677560089901,29.23177068298679,21.44833794188463
0.26053524987373705,29.228090688190832,21.44717518834898
0.2625866559644594,29.22686302439581,21.44833794188463
0.26476332962782,29.22563537658135,21.44833794188463
0.2668434577885836,29.22359139388061,21.447951333181834
0.2687825702975333,29.221136199380965,21.449114089570855
0.26990505171685997,29.2190923141506,21.447951333181834
0.26994260596701813,29.21622909400162,21.449114089570855
0.26878903694433476,29.21418222311587,21.450663461782256
0.2663917084384111,29.211730365199855,21.450663461782256
0.2632160384712894,29.207231850713924,21.45143668629413
0.2601958403279431,29.207231850713924,21.452599455505265
0.2578815231259135,29.201506216352243,21.452986069893996
0.2575737035326098,29.199051595983292,21.45414884480988
0.2602752828075664,29.198235464288075,21.454538390008906
0.26728497232807863,29.193737592147784,21.454925006772044
0.28113733812631136,29.191694299598623,21.45569824171929
0.3003786282229143,29.186377618109304,21.456087788830985
0.32492155289109,29.186785631918383,21.45724764623759
0.3532152744853135,29.184334484511055,21.458023815823935
0.39355205153148815,29.179837273198018,21.459186609308404
0.4378606236161352,29.180245258814637,21.459186609308404
0.4827293399564058,29.17370533749971,21.460349407083186
0.5321949903872254,29.16961657073506,21.461122655334464
0.5735219358847234,29.168389666068606,21.46228546025617
0.6083170427511227,29.16348529647803,21.463834897166294
0.6331434746909754,29.16021585769647,21.46344826947262
0.6473442700864251,29.158581180574856,21.464997712107902
0.6522484303120653,29.15612767270528,21.464997712107902
0.6455191655084347,29.151631799650204,21.46616053134818
0.6296887867067571,29.15040512763261,21.466933793878297
0.6073819010429375,29.146728296408526,21.466933793878297
0.5799563196538365,29.14386726406991,21.467709987346097
0.541539897164555,29.14019068599862,21.468096620279198
0.5093361954788179,29.135695567500818,21.46886988757268
0.47890114452648025,29.13487689183478,21.469646085823058
0.45149169285886553,29.13283486741642,21.471195559010823
0.4273694149167965,29.129155627035175,21.472358401190093
0.41007353596087476,29.125887370018575,21.473521247678377
0.401853015734731,29.123437795438804,21.4754573820004
0.4007271168672618,29.12221148734517,21.477393528279947
0.4058317635144406,29.11853265789904,21.478556393445217
0.4160314683390023,29.11689869782191,21.479332615668795
0.42858767567095885,29.11403856301763,21.48126878590449
0.4419418519502673,29.1136308618145,21.483981201875906
0.45450691907233826,29.110770825182158,21.484367854880645
0.46372736585456176,29.107503199476753,21.48630698549806
0.46921801411394803,29.10709552625258,21.487466954581294
0.47026616207859784,29.106277096637882,21.487856541123676
0.4667337539229664,29.102601971078855,21.489406104439183
0.45742964556290455,29.10056063903869,21.49017942435904
0.4451559926589119,29.100149907315995,21.492891917717827
0.4311529772599188,29.09810862779267,21.492891917717827
0.41719672659590956,29.09565667961573,21.495217767750717
0.4052160074500344,29.094023111862498,21.496767367650364
0.397873225972403,29.09484143625582,21.49793030496579
0.3950862751805051,29.09279718242101,21.499090317297032
0.39827683991195306,29.090348458695757,21.500642865821817
0.4072029094930843,29.08871498185772,21.50296584441196
0.42314983629767416,29.087081532987554,21.503742127382793
0.44432107599606196,29.08585569275118,21.50645473896128
0.46763822854971404,29.08585569275118,21.507614783113866
0.4891714274235169,29.0846298682618,21.50916444482209
0.5085477104866218,29.08544811208037,21.511103729929516
0.5252276023433036,29.082178266515825,21.51187710380964
0.5349834325581996,29.08136313832233,21.51265340907753
0.5382301872261458,29.08136313832233,21.51265340907753
0.534536022019459,29.0789116204715,21.51265340907753
0.5241260291601838,29.0789116204715,21.513426786826017
0.5076302061487367,29.078504069449934,21.515366098614095
0.48038591137126035,29.077278339360305,21.516529105620236
0.4546681076981445,29.074830013759936,21.517302493052
0.42710161814159225,29.073604330823116,21.517689187492977
0.40040390407128706,29.074011860935855,21.51807881192633
0.3717243351222304,29.074419392787377,21.518852203233337
0.3535632776289605,29.071971140467497,21.519238899612333
0.34104653117986305,29.070745494210144,21.51962852599854
0.3354139273497422,29.070745494210144,21.520015223348707
0.3370329996193306,29.07156053178352,21.51962852599854
0.3456769692293156,29.06951986367477,21.520791549035266
0.3588638065919531,29.07033797803058,21.52117824784085
0.37563328465692347,29.069112352722243,21.520791549035266
0.3969878596248025,29.068294248859388,21.52040192118278
0.41935491661822094,29.070745494210144,21.520791549035266
0.43938758064812333,29.066661149261563,21.520791549035266
0.458723570303422,29.067071736893638,21.52040192118278
0.4737017858222842,29.067886743133272,21.520791549035266
0.4858804886683675,29.067071736893638,21.519238899612333
0.4948730861804827,29.06625365049848,21.52040192118278
0.5008891030073251,29.067479239144745,21.52040192118278
0.5029471909350959,29.065846153472705,21.519238899612333
0.5018651593442794,29.06502807756692,21.518852203233337
0.49852692355672057,29.06625365049848,21.51846550733802
0.4939194901485566,29.06339503377052,21.51807881192633
0.4875536035213862,29.064620585765624,21.517689187492977
0.4821990405983184,29.064213095701405,21.51846550733802
0.47749736920186575,29.062987548929925,21.51807881192633
0.4731395340446701,29.062169497485286,21.51846550733802
0.4682440042130873,29.061762017867693,21.51846550733802
0.46394566822919114,29.061354539986553,21.517302493052
0.4604165477922443,29.06339503377052,21.517302493052
0.45663966300396525,29.059721558930732,21.517689187492977
0.4515757322740832,29.060943976907936,21.517302493052
0.4462020490715769,29.059311002862785,21.517689187492977
0.43922730256455,29.058496069723503,21.51613948313883
0.431302312514413,29.059311002862785,21.516529105620236
0.42377190103956563,29.06053650251266,21.51575279063485
0.4152645200769141,29.060129029853613,21.516529105620236
0.4086493077556084,29.0560451384124,21.514979407076396
0.40229991121994135,29.057270596218075,21.51420309597802
0.3990908159203111,29.058903535425202,21.513040097710416
0.3982774810713441,29.06053650251266,21.512266720927357
0.399793701029753,29.05808860575769,21.511490416628362
0.40399917487286074,29.057678056699217,21.510327428543746
0.41062362883098397,29.05523023309604,21.509940743295772
0.4203876399196324,29.0560451384124,21.50877776102442
0.4310074225066468,29.05808860575769,21.50916444482209
0.4451187717260432,29.05686313747259,21.508004394875343
0.4618377113936936,29.057270596218075,21.506841419863633
0.4765444831256096,29.056455680462648,21.506841419863633
0.4909732883692036,29.05686313747259,21.506065129145327
0.501395128165296,29.056455680462648,21.505678449209995
0.5083065284258129,29.0560451384124,21.504128804907054
0.51199637253537,29.057678056699217,21.50296584441196
0.5119506831507696,29.057678056699217,21.502579168335046
0.5090595463997868,29.05686313747259,21.501802888269424
0.5034439996253179,29.05686313747259,21.501029539490105
0.49606121894770994,29.055637684886563,21.49947991836831
0.48760792242673545,29.056455680462648,21.498703646039473
0.47891040485049446,29.056455680462648,21.49754070583458
0.4707601870162233,29.05686313747259,21.496380699278575
0.4644899916741114,29.054004801425833,21.49444150604893
0.45942338844483727,29.05686313747259,21.49366817555955
0.45786398784256926,29.05686313747259,21.492891917717827
0.4591725436885194,29.055637684886563,21.4917289992095
0.4638658259917003,29.05686313747259,21.49017942435904
0.4708481781119473,29.0560451384124,21.48862985720433
0.48129555720954886,29.057270596218075,21.487466954581294
0.49278604670304116,29.05686313747259,21.48553074596674
0.5051132040812919,29.058496069723503,21.484757437558528
0.5188073961684251,29.055637684886563,21.48281831655396
0.5312263411499882,29.05686313747259,21.48126878590449
0.5416478484660067,29.0560451384124,21.479719262928313
0.5504920502774266,29.057678056699217,21.47778310227511
0.5570386899060841,29.057270596218075,21.477006883891534
0.5613800860645282,29.056455680462648,21.4754573820004
0.5622731824223228,29.058903535425202,21.473907887767837
0.5604972435684323,29.0560451384124,21.472358401190093
0.5560824521558253,29.057270596218075,21.471195559010823
0.5498004643905651,29.059721558930732,21.47197176301006
0.5417781448564385,29.059311002862785,21.47197176301006
0.532048229171526,29.05808860575769,21.47197176301006
0.5205721348464265,29.059721558930732,21.472358401190093
0.5060998636745997,29.059721558930732,21.472358401190093
0.4903508955800566,29.05808860575769,21.472358401190093
0.4715252789176675,29.06053650251266,21.472745039846473
0.44922736046281725,29.060129029853613,21.471582196234692
0.42446064991736676,29.062169497485286,21.47080892226313
0.4000722868994668,29.061354539986553,21.469646085823058
0.37225380569154093,29.062169497485286,21.468483253688078
0.3423840713206725,29.062580065826012,21.468483253688078
0.3119511361951265,29.063802520347906,21.46616053134818
0.2790560116237819,29.063802520347906,21.46577097177868
0.25022328403196614,29.065846153472705,21.46616053134818
0.22446230451524762,29.065435571105183,21.463834897166294
0.19652474552270202,29.06625365049848,21.46344826947262
0.17612486360111473,29.06625365049848,21.462672086521536
0.1619887630909948,29.067071736893638,21.46150928017198
0.15306709879189756,29.067886743133272,21.460349407083186
0.15070633816536155,29.07033797803058,21.459573231769923
0.1588959087343779,29.069112352722243,21.45841043685914
0.17492543307837272,29.07156053178352,21.458023815823935
0.19805668190251324,29.07156053178352,21.457637195262805
0.2252623531488241,29.07278618849699,21.456087788830985
0.2549302979808894,29.07319680244899,21.454925006772044
0.2853506977658773,29.07278618849699,21.454925006772044
0.310282966907676,29.07278618849699,21.453762228997334
0.3265324016187316,29.07319680244899,21.453762228997334
0.3353635187977593,29.07646325299794,21.45182622814758
0.3347341279959977,29.07605262500357,21.451050073801696
0.3252278901106975,29.074830013759936,21.449114089570855
0.30754849138833906,29.07646325299794,21.448724551060025
0.28413682583149635,29.076870795309503,21.446015367920666
0.2631934146438363,29.075237549102155,21.44446601847403
0.24495345316402004,29.076870795309503,21.442913747802493
0.23030334343694392,29.07605262500357,21.440977813338748
0.22553873321063528,29.074830013759936,21.439428488525152
0.23024509971026885,29.073604330823116,21.43787917127929
0.24545245451407627,29.074419392787377,21.434393967307244
0.26609478375552964,29.073604330823116,21.433617855662646
0.29158241624886005,29.07319680244899,21.430905872871904
0.3235154753143178,29.07278618849699,21.429356597186086
0.354702976879568,29.07319680244899,21.428580497835128
0.37857044164267584,29.069927376365115,21.4266446507184
0.3941790718755219,29.07033797803058,21.42432223543466
0.3962247443603745,29.069927376365115,21.422770063153507
0.3894523895389529,29.06951986367477,21.421220827032073
0.3750653009176994,29.067886743133272,21.420834251327676
0.3541500778363956,29.067071736893638,21.41928502460439
0.32676523121151757,29.063802520347906,21.41812237735087
0.299515460215404,29.064213095701405,21.417349233913114
0.2728952654755291,29.061762017867693,21.415410526398205
0.24609663516907193,29.06053650251266,21.415410526398205
0.22712516031006527,29.058903535425202,21.413861325974267
0.21384521653822675,29.058496069723503,21.413861325974267
0.20743057953297642,29.058496069723503,21.412698698448708
0.2090019102285731,29.055637684886563,21.412698698448708
0.21790846632186642,29.054004801425833,21.413088192841826
0.23507772686703177,29.052779385450094,21.41231213305366
0.25924469919472115,29.04992117138835,21.41231213305366
0.28772975021175856,29.05073911809768,21.411539003664245
0.32205453274351437,29.048695807699403,21.41231213305366
0.350771173570308,29.047473546195363,21.41231213305366
0.37862023337984846,29.045840802016812,21.411925568125525
0.4005665059106926,29.044204999286535,21.41231213305366
0.4177170425867012,29.04175752021183,21.412698698448708
0.4267277602671727,29.039717487714768,21.413474759174505
0.4300157709621369,29.03767441247669,21.413088192841826
0.42746263336219087,29.03808178956018,21.412698698448708
0.42019929211863244,29.035634466920783,21.412698698448708
0.4102575551796066,29.034816649202696,21.413088192841826
0.3968219898198652,29.031958971142274,21.412698698448708
0.3839446701019772,29.03155162008443,21.414250821782957
0.374963231487762,29.029919147228043,21.413088192841826
0.36878795735324266,29.028286702167122,21.41231213305366
0.3649312987328949,29.025429218731574,21.411925568125525
0.36358156625466365,29.02297913334081,21.41231213305366
0.3650732282152807,29.019307208166026,21.411539003664245
0.3677577767027179,29.018082235814575,21.411539003664245
0.3714633056321039,29.019307208166026,21.410762947632406
0.3738385309835091,29.016042706964242,21.411539003664245
0.37496410376338685,29.013592861217035,21.41037638457493
0.3738557427501235,29.01318558813557,21.411539003664245
0.3707724174689121,29.012367961786026,21.40998982198414
0.36448447487197433,29.010735815290047,21.409213769706582
0.35623131336923725,29.005432302014412,21.409213769706582
0.3484225960376468,29.007471605511114,21.409213769706582
0.34072983214244523,29.005839542218666,21.408437719309006
0.3324152105966583,29.002575498803992,21.40805115905755
0.3250205360424762,29.002168272433266,21.40805115905755
0.32084120339158156,29.000536299216492,21.40805115905755
0.31973432402862745,28.996862147130514,21.407664599272323
0.321777671854544,28.99890435370918,21.407278039953383
0.3276669776934721,28.994823068735286,21.407278039953383
0.3370175275415662,28.99359840854595,21.40688855262613
0.34755955438025965,28.99441587520363,21.406115436325706
0.3602549279626056,28.990741956972045,21.405339393429017
0.3731779030302394,28.98911017767358,21.404179725278482
0.38474263645353135,28.988295840701483,21.404179725278482
0.3941109067799266,28.985029308253615,21.403403687063985
0.40232642530353274,28.985846702099934,21.403403687063985
0.4073317288536619,28.981765971058792,21.402627650725776
0.4103928218486521,28.981765971058792,21.40301713287988
0.4112945797936389,28.97850274448234,21.401854544691844
0.4103075428278745,28.97809562000367,21.402627650725776
0.408278003107919,28.976871172664005,21.403403687063985
0.40548531262519083,28.97564674089159,21.402627650725776
0.4025029922485134,28.974015217453655,21.40301713287988
0.3989764391624924,28.971976623031537,21.403790241713637
0.3961395668923846,28.97075225346879,21.404566280862866
0.39369553687599684,28.96952789946323,21.404566280862866
0.391293485196592,28.96748939997343,21.405339393429017
0.3883446205818702,28.96667216190707,21.405728878874527
0.3839500659274168,28.96667216190707,21.407664599272323
0.3794103899466764,28.963816508953585,21.408437719309006
0.37342686710141604,28.963409446522178,21.40805115905755
0.36584410249279886,28.960553890200117,21.41037638457493
0.35404578546183807,28.96096402429879,21.41114951115651
0.3426527181943218,28.958515580439894,21.41231213305366
0.3303147940434554,28.954846114700217,21.412698698448708
0.3183980051351264,28.95362196263727,21.415023957725793
0.31009591205634934,28.95525314099274,21.414637389520692
0.30494366020662783,28.951173705096323,21.416573163783255
0.30457496672409595,28.950766696009225,21.417349233913114
0.30790851317734164,28.950766696009225,21.417349233913114
0.3141590969590725,28.945873471092114,21.41889845124433
0.3246129477660077,28.94750451850848,21.41812237735087
0.3352902361121326,28.94628045955011,21.41850894977148
0.34894832672237047,28.94505641610874,21.4196715984325
0.3614267934190379,28.943425410041243,21.420447676091555
0.3728067527804478,28.940570444927005,21.420447676091555
0.3819255832633723,28.942608375768657,21.420447676091555
0.3869304873738455,28.94138746196205,21.42161033181395
0.3879317695494432,28.938939514603078,21.42161033181395
0.38412537813060116,28.93690166114925,21.42161033181395
0.375965810197261,28.936491629263514,21.423159569827135
0.36085786998028924,28.936491629263514,21.422770063153507
0.3441711665915241,28.933639951863427,21.423932727340684
0.3241061148493378,28.933639951863427,21.42432223543466
0.30327076955433374,28.931599127362006,21.42548197663831
0.28044120958827323,28.930785275830374,21.4266446507184
0.25609064030040407,28.929561428658417,21.427031233468483
0.23292727152193982,28.926299966996964,21.428580497835128
0.2131209165861514,28.927113780780644,21.428580497835128
0.19895509207297613,28.925889980070906,21.429743183229277
0.18795268606553045,28.92507617658373,21.429743183229277
0.18211869565919803,28.922628642201346,21.429743183229277
0.18130003220504914,28.92222175331898,21.429743183229277
0.18472133679702285,28.919774291139902,21.429743183229277
0.19211437740514628,28.920184252151273,21.430905872871904
0.20238234999992555,28.9189605390892,21.430519285415926
0.2146729213939285,28.918553665629645,21.430519285415926
0.2281106959417798,28.91488263469722,21.430905872871904
0.2433902450490117,28.91488263469722,21.430519285415926
0.2594681081318123,28.91284528800537,21.429356597186086
0.27671847776403874,28.9132521374745,21.427031233468483
0.2947804851243264,28.910804902055418,21.42742074535039
0.31402070188847675,28.909991225387955,21.4266446507184
0.33537721164370055,28.90876764114597,21.425095395768153
0.3591756836383727,28.907544072359315,21.42432223543466
0.38981005432722754,28.904690165925274,21.423159569827135
0.42485527695863634,28.903059840254173,21.422770063153507
0.46130438298981075,28.900615944066317,21.421220827032073
0.4988892602747276,28.899799271181678,21.420447676091555
0.5403433732795652,28.89776224162773,21.420834251327676
0.5848482237184164,28.89653881177037,21.41928502460439
0.6213755624023246,28.890424975444432,21.41812237735087
0.6537074557647227,28.890424975444432,21.41812237735087
0.6821773200493795,28.887978316237025,21.416186593704822
0.6988001168134637,28.886348271483655,21.416573163783255
0.7063926325954368,28.888388142760107,21.416573163783255
0.7061899701917858,28.88308826410048,21.414637389520692
0.6977911734021924,28.882681541182194,21.415410526398205
0.6801452905438028,28.878198458263228,21.415023957725793
0.6534642560458688,28.87697527501149,21.413474759174505
0.6236058581640864,28.87575210716284,21.414637389520692
0.5947472372891274,28.874122267640246,21.413088192841826
0.5606491111361278,28.87289913571135,21.412698698448708
0.5304048701356985,28.871679100057634,21.41114951115651
0.5101227819971511,28.8696395797096,21.411539003664245
0.496984742032098,28.867196524813153,21.41037638457493
0.4936364694080102,28.865157098513635,21.41037638457493
0.49882532300049753,28.865157098513635,21.40998982198414
0.5109435077239546,28.86271415624958,21.40998982198414
0.5304119217645646,28.85986156741052,21.40805115905755
0.5554065469673,28.861491167851966,21.40998982198414
0.5788905439079901,28.860268194832088,21.408437719309006
0.6013568779968854,28.857009062219674,21.408437719309006
0.6205660021340218,28.855379536851785,21.408437719309006
0.634016972099704,28.85823199426801,21.40805115905755
0.6386336063446925,28.85619275593058,21.408437719309006
0.6340296122765455,28.857415677718905,21.40805115905755
0.6209551397071648,28.854972929860764,21.40805115905755
0.5987640205733835,28.854972929860764,21.40805115905755
0.5712238545175041,28.855786145541686,21.408827208518858
0.5418858615146362,28.855379536851785,21.40805115905755
0.510784537600053,28.853750038769817,21.408437719309006
0.4811939189132943,28.854563244232054,21.408827208518858
0.45518874948303145,28.852933759817006,21.40805115905755
0.4239440500021189,28.853750038769817,21.407664599272323
0.4065526507224035,28.855786145541686,21.407278039953383
0.39838115465266716,28.854563244232054,21.406501994242944
0.40163914535717166,28.854563244232054,21.406501994242944
0.4139252841869377,28.856602448419665,21.405339393429017
0.4327992213784992,28.856602448419665,21.406501994242944
0.45746511493629527,28.85619275593058,21.405339393429017
0.4863322029371275,28.858638614878203,21.405339393429017
0.5145509354478472,28.858638614878203,21.404566280862866
0.5401012320195224,28.8590452371879,21.404179725278482
0.5586581082451495,28.857822294917412,21.403403687063985
0.570953636381071,28.860674823953502,21.40301713287988
0.5775040215371025,28.86271415624958,21.404179725278482
0.5786473902752609,28.860268194832088,21.403790241713637
0.5750750304147779,28.863120795597183,21.403403687063985
0.5680190502403232,28.863527436645086,21.403790241713637
0.5571530009062697,28.865157098513635,21.40301713287988
0.5431186715662679,28.865566828762212,21.403403687063985
0.5265623959339674,28.865566828762212,21.404566280862866
0.5083547601949767,28.86597348003943,21.404952836913026
0.49276698073885783,28.86923291309631,21.405339393429017
0.481305048861011,28.868416504198535,21.404566280862866
0.4710607310506648,28.86882624818446,21.404952836913026
0.464475091212742,28.868416504198535,21.406115436325706
0.46064360319026504,28.871269344044435,21.406501994242944
0.45916143929009046,28.870049328851508,21.406501994242944
0.459587862123932,28.872492455458087,21.40688855262613
0.46092632211964907,28.87289913571135,21.406501994242944
0.46269590593964166,28.87452895471523,21.406501994242944
0.46442765318116214,28.876568577695195,21.405728878874527
0.465475237208946,28.87575210716284,21.406115436325706
0.46581756793592816,28.878198458263228,21.405339393429017
0.46525770656371834,28.8794216569201,21.405728878874527
0.46392511877472087,28.880235077150587,21.404952836913026
0.46206464374572565,28.881865019255144,21.404952836913026
0.4597682418109864,28.882681541182194,21.404179725278482
0.4575535227838792,28.882274819967733,21.404566280862866
0.4558320601047729,28.88349498872276,21.404179725278482
0.4547433103908442,28.885534800032474,21.40301713287988
0.4545653248814845,28.88675809112317,21.402627650725776
0.4554561019939618,28.887164831123073,21.401467992372773
0.4571763626883648,28.889608388371244,21.402627650725776
0.4600992409975028,28.890018221779087,21.402241097476065
0.46330996571660504,28.89083173081508,21.401854544691844
0.4667503383968707,28.89164832818483,21.401854544691844
0.4697872181006297,28.89124156939056,21.402627650725776
0.4723579194054389,28.893278461982163,21.401078512097627
0.4740067353492348,28.896132032466255,21.401854544691844
0.4745244447205793,28.89572217322666,21.401467992372773
0.47348147887037834,28.896132032466255,21.400305409792622
0.46977378505794604,28.897355457191395,21.399529380940578
0.46347542898335103,28.90020606587177,21.398366805374167
0.45768114090566087,28.901839425375897,21.399529380940578
0.45376476768523755,28.903059840254173,21.39759370959183
0.45128754715977615,28.904690165925274,21.39720716239765
0.45109869880505016,28.906320519025883,21.397980257250595
0.4536300147561602,28.907544072359315,21.396817687285477
0.45655633194182005,28.912438440245637,21.396044595226783
0.4589689176476482,28.910398062867216,21.396431141023925
0.45885803658474433,28.91202851203468,21.395658049894053
0.45524290580363147,28.91569943474417,21.396044595226783
0.4473624305338121,28.9132521374745,21.394882032256533
0.43474458229354046,28.91528949272714,21.394882032256533
0.4170964972938523,28.917736841499163,21.395268576657145
0.3967785796507477,28.917329973183485,21.39371947348519
0.3771747646272076,28.920184252151273,21.39371947348519
0.36201251764588677,28.922628642201346,21.3941089448478
0.35033554798447886,28.92344550762357,21.39371947348519
0.34093533538518994,28.920591132466143,21.39371947348519
0.33465213011704636,28.923038615305927,21.392556918911225
0.33434926387526104,28.92466927740753,21.391397296866046
0.33919299526657243,28.925483077471483,21.39217037776575
0.346797029479043,28.92874451158474,21.391783837084006
0.3562872564039225,28.927930684079,21.391007828781994
0.3679974013417543,28.92833759697578,21.390621289494845
0.3795146083008515,28.929561428658417,21.391007828781994
0.3894267118237413,28.9332299338148,21.389458746098512
0.3991239171307154,28.932416068554573,21.38907220866861
0.4042129303135147,28.9332299338148,21.387523135283118
0.4043782556376345,28.933639951863427,21.387523135283118
0.4000748035701246,28.93690166114925,21.387523135283118
0.3932386276937557,28.937308611808703,21.386747137233954
0.38443684104559867,28.93690166114925,21.386747137233954
0.37482471881336094,28.939346473845262,21.386747137233954
0.36450324600712214,28.940163480529122,21.386360603052765
0.35611630437856395,28.938532557075064,21.386747137233954
0.34998145616422754,28.938532557075064,21.387523135283118
0.34603039902228433,28.939346473845262,21.387523135283118
0.344444812684146,28.940163480529122,21.38829620689347
0.34573097459578106,28.941794431516314,21.38829620689347
0.34950640452718834,28.943018433615123,21.389848212310937
0.3552745897462861,28.943425410041243,21.391007828781994
0.3622280434121555,28.945873471092114,21.390621289494845
0.3702264411786797,28.941794431516314,21.391397296866046
0.3780867717790001,28.944242451225477,21.392556918911225
0.38407084193801194,28.943832388182216,21.393332930944553
0.387877720803941,28.94464943280957,21.39371947348519
0.3877127108544934,28.94628045955011,21.395268576657145
0.3840687106404636,28.94750451850848,21.395268576657145
0.3721756365878842,28.946687449723584,21.396817687285477
0.35272615161168014,28.94505641610874,21.39720716239765
0.33087650590355044,28.94750451850848,21.396044595226783
0.31066092999689787,28.948725509655162,21.396431141023925
0.29125726240342276,28.948318510890488,21.39720716239765
0.2786699383490922,28.948318510890488,21.396044595226783
0.27033454787413547,28.947911513841632,21.395658049894053
0.267911687495638,28.946687449723584,21.395268576657145
0.2713410851067575,28.94954259568874,21.394495488320047
0.2806870874136354,28.947911513841632,21.394495488320047
0.29741908864156597,28.948725509655162,21.3941089448478
0.3188131553985267,28.950766696009225,21.392556918911225
0.34361450074651084,28.94954259568874,21.393332930944553
0.370126580770691,28.948318510890488,21.3941089448478
0.3964416701346471,28.947911513841632,21.394882032256533
0.422867325164458,28.94913559347924,21.39720716239765
0.4433258441624457,28.948318510890488,21.398756282362513
0.45846037591938243,28.947094441612478,21.399529380940578
0.4700858812287631,28.947094441612478,21.401078512097627
0.4767378465176112,28.94913559347924,21.402241097476065
0.4798615144612295,28.946687449723584,21.402627650725776
0.48030326526215283,28.946687449723584,21.402627650725776
0.47898229199890596,28.94628045955011,21.402241097476065
0.47709735051118374,28.94464943280957,21.401467992372773
0.4754384133958404,28.94464943280957,21.401467992372773
0.4750224499580932,28.944242451225477,21.401467992372773
0.47622056213893454,28.944242451225477,21.401078512097627
0.4792164480972529,28.94464943280957,21.400305409792622
0.4856537406586696,28.943018433615123,21.399529380940578
0.4937972327216998,28.943832388182216,21.399142831419113
0.5019713031785866,28.943018433615123,21.39991885933773
0.5106369634222614,28.943832388182216,21.398366805374167
0.5184734897471365,28.940977411039228,21.39759370959183
0.5232411298129307,28.94138746196205,21.39720716239765
0.5238846273448857,28.940570444927005,21.39759370959183
0.5193709341348101,28.940977411039228,21.396044595226783
0.5094767561841174,28.939756517845638,21.396431141023925
0.4928915512779276,28.938532557075064,21.396817687285477
0.4697061208913436,28.938122518268983,21.396817687285477
0.4407518860238237,28.938939514603078,21.396044595226783
0.4072005304577817,28.937308611808703,21.394882032256533
0.3701243401068618,28.937308611808703,21.395658049894053
0.32975801652066017,28.936491629263514,21.3941089448478
0.2879851861789453,28.935677736538935,21.396044595226783
0.24677349733706427,28.934453827428115,21.394882032256533
0.2089519356876893,28.935677736538935,21.395268576657145
0.17508798476482726,28.936084682044452,21.394495488320047
0.14652681738856105,28.935270792746962,21.393332930944553
0.1230836531990876,28.935270792746962,21.392946388867813
0.10860915175198094,28.937308611808703,21.39371947348519
0.10285773246076618,28.935677736538935,21.39217037776575
0.10526232639399447,28.93771556418193,21.390621289494845
0.11536858496955493,28.934453827428115,21.391397296866046
0.13258687240510536,28.93404688878917,21.391007828781994
0.15510011010159486,28.935270792746962,21.391007828781994
0.18072034765575543,28.935270792746962,21.391783837084006
0.20889239743040136,28.936084682044452,21.391007828781994
0.23585034790593593,28.93486076778038,21.391007828781994
0.2802699231155583,28.935270792746962,21.391007828781994
0.29479810857439787,28.934453827428115,21.390621289494845
0.3072166038003473,28.935677736538935,21.39023475067114
0.31433029908928584,28.935270792746962,21.389848212310937
0.315201483504423,28.9328230003282,21.39023475067114
0.3092718339128269,28.933639951863427,21.389458746098512
0.2973986557167752,28.9328230003282,21.38868567170192
0.28109605961011513,28.932416068554573,21.38868567170192
0.2583865043002732,28.93200605569689,21.38907220866861
0.23482959121790084,28.9328230003282,21.38713660017254
0.21180332190509124,28.93200605569689,21.386747137233954
0.1890230198824725,28.929968348417276,21.38713660017254
0.16614960232856985,28.929968348417276,21.385587536079015
0.14696154776742304,28.92874451158474,21.38597406933451
0.13346129199460405,28.927520690240385,21.38481154268277
0.12214926916547253,28.92833759697578,21.384425010818802
0.11633569711180963,28.927520690240385,21.38326248974272
0.11559941771871446,28.92507617658373,21.38287595973219
0.12070964887102381,28.924259297392837,21.38326248974272
0.12923550709260628,28.922628642201346,21.38287595973219
0.1404677046799569,28.921404898228275,21.381713444228808
0.1546448913515162,28.920998014491772,21.38326248974272
0.16930675068737744,28.91569943474417,21.38209997284912
0.18557017030498052,28.920184252151273,21.381713444228808
0.20181274305145414,28.917736841499163,21.38132691607069
0.2206460180443724,28.913658988653026,21.38132691607069
0.23633180221945715,28.913658988653026,21.380937460136238
0.25386176756202167,28.912438440245637,21.380937460136238
0.26919816772992106,28.910398062867216,21.37861537546371
0.28303649896548155,28.908360810514523,21.379777879830442
0.2950944550725084,28.908360810514523,21.37900190038164
0.30528160302137886,28.90387654061186,21.379388425761192
0.3133362280475716,28.904690165925274,21.37861537546371
0.31917276043589965,28.900615944066317,21.377839398802507
0.323063350166616,28.898575815620404,21.377452875272866
0.32406239307394735,28.89572217322666,21.37706635220468
0.321297968198087,28.89776224162773,21.376290379256204
0.31482773210583903,28.89572217322666,21.375903857575565
0.30525085862425155,28.890018221779087,21.375127887412077
0.29182459738896926,28.88675809112317,21.373968327914213
0.2756380381073657,28.885534800032474,21.374354847285815
0.26048860167839183,28.88308826410048,21.372416398713597
0.2444073010115666,28.877791755825285,21.371643365052876
0.23058916435890678,28.878605162404256,21.370867405086983
0.21837773627294615,28.874938724474703,21.369707860822814
0.20857380047240592,28.87371558226755,21.36815595200136
0.20309733024295393,28.8704559988808,21.36815595200136
0.20137563311653886,28.8696395797096,21.36699641742075
0.20370381482286537,28.866380133017515,21.366606978704738
0.2092747535108943,28.86271415624958,21.36622046856081
0.21783901280121326,28.860268194832088,21.36505801279219
0.2291821808374382,28.857822294917412,21.365447449652095
0.24144124609652956,28.855786145541686,21.365447449652095
0.2536814241229264,28.85334343858665,21.36505801279219
0.26423736833121714,28.851710894346127,21.363122547798866
0.2772216526137743,28.849268289656266,21.363898489264614
0.28629948674133787,28.845193311280525,21.363122547798866
0.29135225480049975,28.843970543014734,21.363898489264614
0.2933907619283042,28.843157426015352,21.36350905425985
0.2926201733129916,28.837453477835766,21.36428499664771
0.2898200118159565,28.836637335447676,21.363898489264614
0.2867994936416677,28.8341951086677,21.363898489264614
0.2842725211900811,28.833788590099175,21.364671504490218
0.2832628140229302,28.829307759085623,21.36428499664771
0.28495241618281625,28.82767869698472,21.36505801279219
0.2897036769218759,28.824011097191544,21.36505801279219
0.29843491015220225,28.819530715235317,21.36505801279219
0.31068833661446466,28.81912425776926,21.365833958876635
0.3256071625075422,28.81586650073109,21.365447449652095
0.343246525786608,28.814644100094995,21.36505801279219
0.362128926452163,28.81342171475984,21.365833958876635
0.3814892429598878,28.808941818670462,21.36622046856081
0.4011293445362676,28.806500284813012,21.366606978704738
0.41738121894768215,28.80446212797989,21.36699641742075
0.43023707549590495,28.801204859823486,21.36699641742075
0.436525257405774,28.79998264258961,21.36699641742075
0.4365034982819744,28.794281216417062,21.3673829284877
0.4307715891903538,28.793062164096114,21.36776944001457
0.42064366276195175,28.79143370628367,21.36815595200136
0.4059694464776016,28.786545417236482,21.36893190548483
0.38671634846188924,28.78532646126945,21.36776944001457
0.3707909587040608,28.78043847714781,21.36893190548483
0.3559291730397684,28.779625888827525,21.36776944001457
0.34558137741987355,28.777997654486796,21.36893190548483
0.33845788311490266,28.774741266983597,21.369318418855357
0.33513939314961716,28.77392564811936,21.37009437511722
0.3366365979633774,28.7706693959189,21.36893190548483
0.34462467859932167,28.768635062627425,21.368545392574504
0.3560375382661165,28.765785220404098,21.369318418855357
0.36831190695276056,28.762119940326556,21.368545392574504
0.3829080235257009,28.7604919967074,21.369707860822814
0.397965382271709,28.759270287385107,21.36893190548483
0.4106842323769444,28.755608327891935,21.369707860822814
0.42017728476570654,28.753574306889846,21.36893190548483
0.42556258604313135,28.75072490204036,21.369707860822814
0.4257149633641633,28.749097147393115,21.37009437511722
0.4222879099158239,28.745432490389135,21.37009437511722
0.41585250465995727,28.745432490389135,21.369318418855357
0.40908032227808117,28.743398680122937,21.369707860822814
0.4024632852404631,28.740955701958455,21.370480889871942
0.3977660327398404,28.738921984337935,21.370480889871942
0.39579737159627015,28.736479117433703,21.371256848913333
0.39797339205584137,28.73525770674223,21.37009437511722
0.4039794329487678,28.734039387765904,21.370480889871942
0.41625770074835894,28.729969204253678,21.370867405086983
0.4321790771153075,28.727935713824024,21.37009437511722
0.452042120854734,28.72834179327458,21.371256848913333
0.47386129499245183,28.727120483622798,21.371256848913333
0.5012327400622381,28.723865782801795,21.371256848913333
0.5229198796581821,28.72142328973615,21.371256848913333
0.5436000300534054,28.719796020056435,21.371256848913333
0.5616256429506543,28.71735670396947,21.371256848913333
0.573939605819201,28.71694759382092,21.371256848913333
0.5797543918276413,28.715729501485896,21.371643365052876
0.5793748800882691,28.715320398096026,21.370867405086983
0.5725300224198482,28.712066087279084,21.371256848913333
0.5600381915781785,28.710438972177656,21.371643365052876
0.5427608070161615,28.707996812030842,21.371256848913333
0.5253251244024061,28.707996812030842,21.371643365052876
0.5059131381952555,28.70718482256524,21.371643365052876
0.4873205576246042,28.70474274303956,21.372029881652907
0.47374181586507524,28.704336760871684,21.372416398713597
0.4640412609548257,28.702303799552055,21.372029881652907
0.4595723390221988,28.700676845570285,21.372416398713597
0.4609892283268326,28.699455878829895,21.372029881652907
0.46634154052670085,28.69904684297404,21.370867405086983
0.4741502848542728,28.69904684297404,21.370480889871942
0.4840984011067019,28.697828971822048,21.370480889871942
0.49491746066104597,28.695387123943817,21.37009437511722
0.5053197707563503,28.695793069277045,21.369707860822814
0.5120523320318291,28.694575238287314,21.369318418855357
0.5161297318521946,28.704336760871684,21.36815595200136
0.5158165632507261,28.69213347092068,21.36776944001457
0.5111482174757549,28.69416622266482,21.3673829284877
0.5031694584655222,28.6913185368187,21.366606978704738
0.49022012257699477,28.69091260988955,21.366606978704738
0.47611398473948385,28.690506684629554,21.36622046856081
0.46010950697349734,28.691727540640215,21.364671504490218
0.4461529217458873,28.691727540640215,21.365833958876635
0.4349443044523295,28.690506684629554,21.365833958876635
0.4274974198402111,28.688879925145784,21.366606978704738
0.4248733633023134,28.68806501790067,21.36699641742075
0.4279690401277374,28.69091260988955,21.366606978704738
0.43765385430168696,28.690506684629554,21.36699641742075
0.4514901418470312,28.6913185368187,21.36815595200136
0.4698914022894981,28.689285843717016,21.36815595200136
0.492225845681257,28.690100761038707,21.366606978704738
0.5159635773430956,28.690506684629554,21.36699641742075
0.5408939164143958,28.689691763957228,21.36699641742075
0.5705669481939895,28.691727540640215,21.36622046856081
0.5930054379479486,28.69091260988955,21.365833958876635
0.6115921008617795,28.69294533648997,21.365447449652095
0.6245246857396913,28.690100761038707,21.364671504490218
0.6333722139286873,28.689691763957228,21.364671504490218
0.6359252685759789,28.69213347092068,21.36505801279219
0.6329589356357985,28.690100761038707,21.363898489264614
0.62487708155052,28.69335434705266,21.363898489264614
0.6124801673526052,28.69213347092068,21.36428499664771
0.5979015263729447,28.69335434705266,21.361960103103854
0.5797294578258891,28.69335434705266,21.36350905425985
0.5618260788001536,28.69294533648997,21.362736041797064
0.5432446846794253,28.69416622266482,21.362736041797064
0.5262133609198865,28.694981180280593,21.363898489264614
0.5108412820526257,28.695387123943817,21.363122547798866
0.4977992968565084,28.69823492720218,21.36428499664771
0.48818826092381834,28.696202091642817,21.365833958876635
0.4814198541944024,28.697013990685207,21.366606978704738
0.47640440629027747,28.695793069277045,21.36699641742075
0.47362597960569675,28.697828971822048,21.368545392574504
0.4721332112396678,28.699861840905157,21.37009437511722
0.47165703172629014,28.699861840905157,21.371256848913333
0.47141498854244135,28.699455878829895,21.372416398713597
0.47060489922903176,28.701082812670904,21.374354847285815
0.46871031371676086,28.702303799552055,21.374741367118418
0.46540052719593056,28.702709773349966,21.375903857575565
0.45989784501849823,28.70596377524072,21.37706635220468
0.45092901594018087,28.70515180252079,21.37822592279366
0.43906959049610295,28.707996812030842,21.379388425761192
0.42597332047021763,28.70718482256524,21.38055093290575
0.4118960453197715,28.708405885015054,21.38209997284912
0.39790664007105825,28.709623886811073,21.38287595973219
0.383885445811542,28.71084497947942,21.38364902021567
0.36911619984002564,28.71328721021206,21.38481154268277
0.35401230294091823,28.712881192847078,21.385198075009328
0.33938509764002944,28.714508348280333,21.386360603052765
0.32455863422572245,28.71776273978213,21.38713660017254
0.31221436861609464,28.718168777268886,21.387523135283118
0.30173173157753297,28.721017238829063,21.387909670856743
0.29330917750619545,28.72020206592714,21.387909670856743
0.286567211588648,28.72345972181995,21.38907220866861
0.28231459302915257,28.72345972181995,21.38868567170192
0.2807663952549985,28.72427184545876,21.389848212310937
0.2826797964966022,28.726308336477643,21.391397296866046
0.2887579594223758,28.727526559708963,21.39371947348519
0.29859695609328096,28.730375292097392,21.394495488320047
0.3145167869569269,28.731190549268774,21.396044595226783
0.33329459847839,28.729563118086162,21.398366805374167
0.3565179794533917,28.73281800737658,21.40069196071255
0.3832501199992315,28.734039387765904,21.401854544691844
0.41324577161464554,28.734039387765904,21.40301713287988
0.4449589155374149,28.737294425206017,21.405339393429017
0.4784285179530537,28.73810666306821,21.407278039953383
0.5135074130432765,28.739328109153973,21.409600331360764
0.545114669106255,28.740143440554846,21.411539003664245
0.5744119645506995,28.74380482343838,21.412698698448708
0.6035729836683129,28.742583321716438,21.415023957725793
0.6256449305483842,28.742177183449485,21.417349233913114
0.6403955607778334,28.742177183449485,21.41850894977148
0.6483684409284096,28.742583321716438,21.41889845124433
0.6491645251983815,28.745026340345476,21.41889845124433
0.6424988372267787,28.74421096843264,21.41928502460439
0.6293785428187149,28.745838642111778,21.41928502460439
0.6094979206629195,28.746247872439653,21.420061101323654
0.5851845409282557,28.747060184306292,21.41812237735087
0.5547265765379386,28.745838642111778,21.41812237735087
0.5292697828560773,28.747875579867355,21.41773580539808
0.5060966519716837,28.748281741691244,21.41695973432934
0.48294742121304146,28.749503314268622,21.41695973432934
0.4646157165296963,28.74868790519463,21.416186593704822
0.45232816192229364,28.749097147393115,21.415410526398205
0.4471127786151465,28.750315653058976,21.414250821782957
0.4492833084647599,28.75072490204036,21.414250821782957
0.4586980619679188,28.75072490204036,21.413474759174505
0.47387927495665844,28.750315653058976,21.412698698448708
0.49408289340620387,28.751943427903882,21.411925568125525
0.5190172963057562,28.751943427903882,21.41114951115651
0.5497021996351756,28.753574306889846,21.41114951115651
0.5767313746572927,28.753165046032166,21.41037638457493
0.6025120768002592,28.754792868117306,21.409213769706582
0.6253019820496157,28.757642391043362,21.408827208518858
0.643714823346961,28.75642071719608,21.409213769706582
0.6581384337872894,28.75723619049478,21.408437719309006
0.6669486878889301,28.75723619049478,21.40688855262613
0.669456881729638,28.759270287385107,21.405728878874527
0.6668258822982965,28.759270287385107,21.40688855262613
0.6593922954146907,28.761307503839532,21.40688855262613
0.6487328038225343,28.762935460991116,21.406115436325706
0.6354487799473334,28.761713721242074,21.405728878874527
0.6207582346080467,28.762935460991116,21.405339393429017
0.6070713712182696,28.76415721595646,21.404952836913026
0.5941965461058585,28.765785220404098,21.404952836913026
0.5811018750839624,28.7674132518772,21.403790241713637
0.5711224000809513,28.768635062627425,21.403790241713637
0.5629605506098477,28.768635062627425,21.403403687063985
0.5569858007505297,28.769041310380544,21.402627650725776
0.5520424112730553,28.77107565210207,21.402627650725776
0.5437799673019781,28.773110036042965,21.401854544691844
0.5378392110677833,28.774331917799486,21.40069196071255
0.5291993962139057,28.775960091221293,21.400305409792622
0.5180735092679979,28.777997654486796,21.400305409792622
0.5020181267888917,28.778810229300404,21.399529380940578
0.48422708298596523,28.78043847714781,21.398366805374167
0.45810385804036935,28.781660450305765,21.396817687285477
0.4334286198437433,28.783288745538073,21.39759370959183
0.40868084523038933,28.78573277823881,21.395658049894053
0.38754364903881494,28.78573277823881,21.395658049894053
0.36836636076097085,28.79061794838077,21.395268576657145
0.3554389660955383,28.78980527557121,21.394882032256533
0.34851975119519785,28.792652738314928,21.394495488320047
0.3488353953415513,28.794690649013262,21.3941089448478
0.35658478292277634,28.797541332487413,21.39371947348519
0.37246837274731925,28.79916989197966,21.3941089448478
0.3919134461825059,28.800798478594402,21.394495488320047
0.41961076508545514,28.80446212797989,21.3941089448478
0.44693098284155475,28.804868524439257,21.393332930944553
0.4716035065938228,28.806090802762412,21.393332930944553
0.497421378886281,28.807719504687554,21.393332930944553
0.5182372807633738,28.810980068944332,21.393332930944553
0.5365048288372156,28.812608852376854,21.3941089448478
0.5464092134173189,28.816272944634704,21.393332930944553
0.551246699506915,28.81545697941806,21.39371947348519
0.5492495694828018,28.818308268722944,21.392556918911225
0.5410804592267424,28.820346714500147,21.392946388867813
0.5302773174442019,28.823604621066124,21.392946388867813
0.5144846323374097,28.824011097191544,21.393332930944553
0.4994886955492719,28.82686263640602,21.39371947348519
0.4865648526414586,28.82767869698472,21.394495488320047
0.4753448367417446,28.830936848396618,21.394882032256533
0.46631350537945687,28.832565964922367,21.394882032256533
0.4613992967479019,28.832972478393174,21.395658049894053
0.46024827922922307,28.835824279637222,21.396431141023925
0.46234032480670845,28.836230806694743,21.39720716239765
0.4676117164861524,28.838676164315075,21.39720716239765
0.47309903811394877,28.838269627058025,21.398756282362513
0.4789998436495622,28.840711955938787,21.399142831419113
0.48269524070667336,28.842341235852757,21.399142831419113
0.48426188794970854,28.846009525341287,21.399529380940578
0.4825340554599952,28.846009525341287,21.39991885933773
0.4761943851932617,28.848045470225657,21.40069196071255
0.465962024020874,28.849268289656266,21.401078512097627
0.4499908793112851,28.851710894346127,21.401854544691844
0.43088092571023734,28.852120567968996,21.401467992372773
0.406960381154031,28.854972929860764,21.401854544691844
0.38595883680645576,28.856602448419665,21.401854544691844
0.36153756376560187,28.858638614878203,21.401854544691844
0.34113232622004,28.858638614878203,21.401854544691844
0.325275330942487,28.860674823953502,21.401854544691844
0.3140788005435039,28.863120795597183,21.401854544691844
0.3062157178885752,28.864750450650718,21.401078512097627
0.3037542328778382,28.864750450650718,21.401078512097627
0.30572784868566805,28.865566828762212,21.401854544691844
0.3124075420333438,28.868009842702236,21.40069196071255
0.32075324741181754,28.8708626706117,21.40069196071255
0.3322568476462114,28.871269344044435,21.399529380940578
0.344143346418047,28.872085776906943,21.398756282362513
0.3534967404358294,28.873308898597145,21.399529380940578
0.36158450503600315,28.876161882081647,21.398366805374167
0.36602248101025514,28.8794216569201,21.397980257250595
0.36679249398919894,28.878605162404256,21.39759370959183
0.36355852656844484,28.8794216569201,21.396431141023925
0.35547693527439284,28.880235077150587,21.396817687285477
0.3465485358250321,28.881865019255144,21.395658049894053
0.33300374224667056,28.88349498872276,21.394882032256533
0.32126169849623515,28.884311524358907,21.395268576657145
0.30924708867216516,28.885534800032474,21.393332930944553
0.2986199988118494,28.885534800032474,21.39371947348519
0.2915081918870185,28.88757157282771,21.391783837084006
0.28875308275821193,28.889608388371244,21.39023475067114
0.2892288194543601,28.887978316237025,21.391007828781994
0.2929865438405272,28.890424975444432,21.39023475067114
0.3000163322070648,28.889608388371244,21.39023475067114
0.30847144783461966,28.892055088684685,21.389458746098512
0.3204733046738336,28.892461850890072,21.39023475067114
0.3316561555906813,28.893278461982163,21.38868567170192
0.3439776486927894,28.892461850890072,21.38868567170192
0.3549392376137678,28.89368522931761,21.387909670856743
0.36554959397603337,28.893278461982163,21.387523135283118
0.37370123547359924,28.89368522931761,21.386360603052765
0.3797006867891371,28.8953153973481,21.385198075009328
0.3840312437172188,28.89368522931761,21.384038479417427
0.3883953684125818,28.8953153973481,21.38326248974272
0.3906978604163198,28.896132032466255,21.38209997284912
0.3920447303775591,28.89653881177037,21.38132691607069
0.3926968244276397,28.8953153973481,21.379777879830442
0.39255244325750893,28.89653881177037,21.37900190038164
0.3917322578919491,28.894908623175752,21.377452875272866
0.39031142765824783,28.894908623175752,21.376290379256204
0.387852157928692,28.896132032466255,21.376290379256204
0.3841288582349333,28.89572217322666,21.375127887412077
0.3792736856909445,28.89368522931761,21.374354847285815
0.3740356761999133,28.894501850709446,21.375127887412077
0.36744324972035597,28.8953153973481,21.374354847285815
0.35926273054123387,28.894501850709446,21.373578880831644
0.34986171664769694,28.89653881177037,21.373968327914213
0.3407682448388133,28.89572217322666,21.373968327914213
0.3313409224350617,28.8953153973481,21.375903857575565
0.32250876093556496,28.89653881177037,21.376676901398127
0.31476679820846587,28.89572217322666,21.37822592279366
0.30890401320542,28.894501850709446,21.37861537546371
0.3050533090702016,28.894091998358988,21.380164406137112
0.3037139475590225,28.896132032466255,21.380164406137112
0.30479525655132633,28.89368522931761,21.381713444228808
0.30836129515944927,28.892461850890072,21.38287595973219
0.31383729579774927,28.892055088684685,21.384425010818802
0.3209870881504242,28.89083173081508,21.385587536079015
0.3286740057476857,28.89164832818483,21.386747137233954
0.33630540778506274,28.892461850890072,21.38868567170192
0.3422954022378606,28.890424975444432,21.389458746098512
0.34602428133743623,28.89083173081508,21.391397296866046
0.34665263277788383,28.89164832818483,21.393332930944553
0.34417506304003026,28.89124156939056,21.3941089448478
0.33770927763629716,28.889201638129123,21.396044595226783
0.32783613567835923,28.889201638129123,21.39720716239765
0.3137184565905915,28.890018221779087,21.398366805374167
0.2971739395328224,28.887978316237025,21.399529380940578
0.27770023724787324,28.888388142760107,21.39991885933773
0.25736406123180894,28.887164831123073,21.400305409792622
0.23813482152763363,28.88675809112317,21.40069196071255
0.21954949875274896,28.886348271483655,21.39991885933773
0.20600513753934524,28.88594153490584,21.398366805374167
0.19754531121717575,28.884311524358907,21.398366805374167
0.19535323623610368,28.88390479631562,21.39759370959183
0.19964162392069634,28.88308826410048,21.396817687285477
0.21151765557949803,28.882681541182194,21.394495488320047
0.22972554914650908,28.881051585370813,21.3941089448478
0.2547759267847961,28.881051585370813,21.39371947348519
0.2840086549371611,28.881051585370813,21.391783837084006
0.31324709472792917,28.878605162404256,21.391397296866046
0.3413161300042244,28.87738197403064,21.389848212310937
0.37126080636522096,28.87738197403064,21.38829620689347
0.39668338374920686,28.876568577695195,21.387523135283118
0.4178733956110333,28.87452895471523,21.386747137233954
0.4313064126327316,28.87371558226755,21.38481154268277
0.437225459520069,28.872492455458087,21.384038479417427
0.433711608227701,28.873308898597145,21.38287595973219
0.4200585555919199,28.871269344044435,21.381713444228808
0.3946644830028834,28.868416504198535,21.38055093290575
0.36666980626341805,28.868416504198535,21.379777879830442
0.33303887748933736,28.86597348003943,21.37822592279366
0.30058441231825456,28.866380133017515,21.37706635220468
0.26615836575875507,28.863937160026808,21.376676901398127
0.23326614489123515,28.860674823953502,21.376290379256204
0.20581325725866417,28.85986156741052,21.375903857575565
0.18069057295784535,28.859454941688625,21.373578880831644
0.16429063284257633,28.85823199426801,21.372805844399693
0.1543450704710999,28.85619275593058,21.372805844399693
0.15210274568982174,28.854563244232054,21.370867405086983
0.1560513107671314,28.853750038769817,21.370867405086983
0.16847555827799562,28.852120567968996,21.369318418855357
0.18361769637654413,28.850081457678755,21.37009437511722
0.20090858287455837,28.848452048281843,21.368545392574504
0.21806157053942596,28.8476388938671,21.36893190548483
0.2371554937104438,28.84682266615073,21.368545392574504
0.255759373920208,28.845193311280525,21.3673829284877
0.2720591728455978,28.841528132452197,21.3673829284877
0.28369094973834164,28.842341235852757,21.36699641742075
0.29150322260242867,28.83989886613466,21.36699641742075
0.29613483423024883,28.837453477835766,21.365833958876635
0.2968791147009997,28.83460162893124,21.366606978704738
0.2956132328543766,28.83460162893124,21.366606978704738
0.2941709136458084,28.830936848396618,21.36622046856081
0.2936220131408272,28.830936848396618,21.366606978704738
0.29515972175224053,28.829307759085623,21.365833958876635
0.2999010561639973,28.826456148400723,21.365833958876635
0.30948085628677385,28.825233615136995,21.366606978704738
0.3217942690833841,28.824011097191544,21.365833958876635
0.33807617885184194,28.818308268722944,21.365833958876635
0.35505383005667723,28.817495365662296,21.365447449652095
0.3742923922107585,28.81545697941806,21.366606978704738
0.3929201953738269,28.813828148488312,21.36622046856081
0.41081498404133215,28.811386492513122,21.36622046856081
0.4259720328144956,28.810980068944332,21.365833958876635
0.43852177073430854,28.808941818670462,21.365447449652095
0.45009938263382926,28.806090802762412,21.365833958876635
0.45791573897330007,28.80323987002339,21.365447449652095
0.46286334476936475,28.802427092336302,21.366606978704738
0.4660144969854029,28.79916989197966,21.36622046856081
0.46842119839546936,28.797541332487413,21.36776944001457
0.47105625094059034,28.795912800112774,21.36776944001457
0.47456677154274335,28.793468513182006,21.36815595200136
0.4802024689276478,28.78980527557121,21.369318418855357
0.48826069064390487,28.788173793711962,21.369707860822814
0.500172219294154,28.78695481746854,21.370867405086983
0.5154023927867049,28.78491706784672,21.371256848913333
0.5307188261923184,28.7820667520632,21.371643365052876
0.5464817203213529,28.779625888827525,21.373192362385282
0.5619251514385929,28.777182008516377,21.373192362385282
0.5744397132211705,28.774741266983597,21.375127887412077
0.5839646823476365,28.77392564811936,21.375903857575565
0.5892550605878196,28.771891247249755,21.377839398802507
0.5871857688479724,28.769853810936866,21.37900190038164
0.5768169291868335,28.768225738942135,21.38055093290575
0.560844654426931,28.7670039332923,21.38132691607069
0.5395825453943883,28.76619145635067,21.384425010818802
0.5086227506960627,28.76415721595646,21.385587536079015
0.4778712685186042,28.762119940326556,21.387523135283118
0.4470168924989265,28.760898210733444,21.389458746098512
0.41382670384930553,28.75967957370051,21.390621289494845
0.37957928231915905,28.75845787449316,21.39217037776575
0.34939479585955485,28.757642391043362,21.393332930944553
0.3193889562837498,28.755202135761238,21.396431141023925
0.2929235656548887,28.75438667936089,21.396817687285477
0.2712590948994537,28.753980492285052,21.399142831419113
0.2580293637293827,28.752352683669415,21.40069196071255
0.25259227972000525,28.753165046032166,21.401854544691844
0.2522434742608608,28.751131075648118,21.404179725278482
0.256184072975996,28.749909482823853,21.406115436325706
0.2629519389132292,28.750315653058976,21.407278039953383
0.2723075054481211,28.74868790519463,21.407278039953383
0.2828306342667819,28.747875579867355,21.40998982198414
0.2935974096452405,28.748281741691244,21.41037638457493
0.30315671430366614,28.747060184306292,21.411539003664245
0.31260418630932735,28.747060184306292,21.41231213305366
0.319719947836051,28.74868790519463,21.412698698448708
0.32475585868029117,28.747875579867355,21.413088192841826
0.3268005852666421,28.745432490389135,21.415023957725793
0.3268250133798338,28.746247872439653,21.415410526398205
0.3249084320919093,28.745838642111778,21.415410526398205
0.3211213241791043,28.747060184306292,21.415410526398205
0.3167646110604771,28.74421096843264,21.415410526398205
0.31126973978911165,28.74380482343838,21.416186593704822
0.30526398298186935,28.742992538486135,21.417349233913114
0.2976351063473666,28.742583321716438,21.416186593704822
0.28935154490517156,28.740955701958455,21.41695973432934
0.28045244187767404,28.739734235647916,21.41695973432934
0.2697565448688687,28.742177183449485,21.416573163783255
0.25762320213700035,28.740143440554846,21.416186593704822
0.24443190716423582,28.740549570417613,21.415023957725793
0.22905653680034943,28.739328109153973,21.414250821782957
0.21185021552073074,28.737700543298217,21.413088192841826
0.19497943779719576,28.736479117433703,21.411539003664245
0.1758953730306496,28.73444549241424,21.411539003664245
0.15765692011384358,28.734039387765904,21.410762947632406
0.14041869732682472,28.733224106981538,21.409213769706582
0.12404433435838175,28.73281800737658,21.408437719309006
0.11112710636534545,28.732411909448388,21.406501994242944
0.10144282530966492,28.731596642154386,21.405339393429017
0.09477513199842608,28.730375292097392,21.404566280862866
0.09070302343037201,28.729969204253678,21.403790241713637
0.08960469235990387,28.726714409212377,21.402627650725776
0.09166493648841711,28.72589918912894,21.400305409792622
0.0963903958375702,28.725087052062406,21.400305409792622
0.1039073951715524,28.72427184545876,21.398756282362513
0.11331543572958136,28.72345972181995,21.398756282362513
0.12423101057054964,28.72183241848029,21.39720716239765
0.13515031511401293,28.723050586312752,21.396431141023925
0.14656366883660077,28.720611189596525,21.396431141023925
0.15983358991099325,28.719796020056435,21.39720716239765
0.17152028554353405,28.71735670396947,21.396431141023925
0.18932507176501956,28.715320398096026,21.396431141023925
0.20036284964426268,28.712472101285186,21.396817687285477
0.21229571409566844,28.711660074946053,21.396044595226783
0.22564070731365132,28.71084497947942,21.396817687285477
0.24149363774069654,28.710032966548624,21.396431141023925
0.2651130675847351,28.70677883034068,21.396817687285477
0.2800062768959839,28.70596377524072,21.396431141023925
0.29920046054184674,28.702709773349966,21.396431141023925
0.32005655282479456,28.703930780375345,21.39720716239765
0.341031243265812,28.700676845570285,21.396044595226783
0.3669550323910595,28.69823492720218,21.396044595226783
0.3897562556409416,28.694981180280593,21.395268576657145
0.4090943968294458,28.69416622266482,21.394495488320047
0.42791100949691285,28.69091260988955,21.394495488320047
0.4405414381093311,28.690100761038707,21.393332930944553
0.4499848808424468,28.688470933121664,21.392556918911225
0.45328956650861546,28.683184940513854,21.391397296866046
0.45074023159695914,28.68155830163016,21.390621289494845
0.44121165950171587,28.67789615596007,21.38907220866861
0.4268797431686531,28.67789615596007,21.38829620689347
0.4089297497717744,28.675863739045724,21.38713660017254
0.3855255492817627,28.673016580784065,21.38713660017254
0.36053127823023146,28.669763664458287,21.384425010818802
0.332207283490455,28.668137246418723,21.38287595973219
0.30531582508582816,28.663663966099932,21.38209997284912
0.2845888281880898,28.661631841639633,21.380164406137112
0.27139971895334836,28.659190887993816,21.377839398802507
0.2651198240621516,28.656753068671776,21.375903857575565
0.26602247026957804,28.65431223531118,21.375127887412077
0.274605328230063,28.653091841190644,21.372029881652907
0.2894659589506947,28.649433822952346,21.370480889871942
0.31213147114333756,28.64780773888276,21.36699641742075
0.33918916124960785,28.645772865973413,21.365447449652095
0.3679958479382284,28.642115117903018,21.362736041797064
0.3936609365042776,28.641300595739835,21.3600246565382
0.41937290597606114,28.640080361850437,21.358086293443307
0.4391617371225726,28.635611421843805,21.355377874893634
0.45211693230565514,28.6327654205636,21.354215457831344
0.4551963114840156,28.631545291668942,21.35111765121968
0.45021058868890174,28.629105078884095,21.349568758933344
0.4362598069307854,28.62747932810032,21.34685748311165
0.41476961838938636,28.62382225445623,21.344146229763453
0.38982806095998546,28.621787873473068,21.34337033526009
0.3645960321691533,28.620570952502135,21.34027263137
0.340660602393017,28.618131009407932,21.339499673905095
0.3208101357452309,28.614474279939202,21.33833731326854
0.30658363194627547,28.614065595005457,21.33523965692075
0.30258525258191615,28.61122021114346,21.333690839706264
0.30776106569089634,28.609189160816697,21.332914969933654
0.3224885736680642,28.606749497118358,21.330979695199403
0.34437678184785203,28.605938337560076,21.329430898057012
0.3733012986981712,28.60309318625292,21.32788210820496
0.40714414175323216,28.601062301885236,21.3263303978909
0.4361438431900767,28.59862283749021,21.32478162262163
0.4624290741041469,28.59862283749021,21.322459937220913
0.48197470039753626,28.59577789535092,21.321297636798192
0.4956444764569553,28.592933034514544,21.319748885166746
0.5028497991468124,28.594152689518808,21.31742430750728
0.5007493299895245,28.592933034514544,21.31626202481175
0.4900329090119123,28.588871721764065,21.313553951261213
0.475216442601989,28.586838055515727,21.313164576022757
0.4585946537309169,28.58521299555963,21.312002308299043
0.4418591668819201,28.584402011468967,21.310067156231014
0.4243028782764993,28.582776991240735,21.309294269608984
0.4137352172843003,28.580337974691133,21.307356205780536
0.40821219400519293,28.578307554291996,21.306969765405427
0.40891526399300404,28.57708809323185,21.30542108084512
0.41656292290813457,28.57546319222405,21.30309660378805
0.42988421748259914,28.57302435457831,21.302323733410105
0.44690953395774474,28.571399519774218,21.30077507052755
0.4669445224668012,28.572213469628764,21.300385710295757
0.4848830037946762,28.569369281340983,21.29883705644545
0.5043293218531342,28.568555354689295,21.298450625985538
0.5211846476334736,28.56733601284492,21.29806419597469
0.5364977907916244,28.566930592660412,21.29806419597469
0.5459665174141066,28.566116685898294,21.298450625985538
0.5525832280451707,28.565305857081967,21.29806419597469
0.5557041081190893,28.564900445143735,21.298450625985538
0.556334408939267,28.563681147949183,21.299226414863085
0.5548356692868962,28.562056465257456,21.299612846224704
0.5519170002994351,28.560837202794914,21.299612846224704
0.5480577036174897,28.561651066514457,21.30077507052755
0.5447549208038682,28.5600233457086,21.300385710295757
0.5411060679868228,28.5579933386349,21.30077507052755
0.5377428164613781,28.55758795638559,21.30154793730179
0.5339424267111137,28.554744184734716,21.302323733410105
0.5303515287039396,28.557182575781553,21.30309660378805
0.5262836998111488,28.55636874847488,21.304258840281477
0.5215736918760577,28.554744184734716,21.30503464272482
0.5154108919162139,28.55393037729118,21.30542108084512
0.507038786306173,28.55352501152828,21.306969765405427
0.4966226013668291,28.554744184734716,21.30813201546931
0.48447288665899596,28.55352501152828,21.309294269608984
0.47069715582889676,28.552305853197197,21.308518457199398
0.4545841922781442,28.552305853197197,21.310453600218352
0.4390332676675708,28.551900494024324,21.311229417160405
0.4209597082150607,28.551900494024324,21.31161586250414
0.4060291975843444,28.551900494024324,21.31161586250414
0.3914333022012694,28.551900494024324,21.313553951261213
0.3798811378766822,28.552714284935917,21.314326847829307
0.3704365126471066,28.551900494024324,21.31626202481175
0.3659139416400584,28.552305853197197,21.316651403697733
0.3663762190920321,28.552714284935917,21.31858659429173
0.37287640528718563,28.554338815670178,21.318973048234454
0.3851385816747938,28.55393037729118,21.320135340469903
0.40238871029352696,28.554744184734716,21.320911180133976
0.42128317505593305,28.55393037729118,21.322459937220913
0.4425584720097129,28.554744184734716,21.322846395699514
0.4651475065458806,28.55393037729118,21.324008701580624
0.4879351089116257,28.55758795638559,21.32478162262163
0.5054803044275439,28.554338815670178,21.32517101156003
0.5169901822562579,28.55636874847488,21.325943935327246
0.5236881694847942,28.555554927798084,21.32517101156003
0.5261905597468857,28.55758795638559,21.32478162262163
0.5249191912999708,28.557182575781553,21.32517101156003
0.5206240619093404,28.55636874847488,21.32517101156003
0.5138650573812699,28.55758795638559,21.325943935327246
0.504772726839773,28.559617955219608,21.3263303978909
0.4931914038129797,28.559212566376175,21.325943935327246
0.4827014561741781,28.558807179178302,21.326719788659886
0.47355887103821853,28.5567741257762,21.327492716061556
0.4646097257128142,28.558807179178302,21.32788210820496
0.45770881832585303,28.56043180900207,21.3286550383354
0.4526598951086438,28.558807179178302,21.3286550383354
0.4494718744967159,28.560837202794914,21.329430898057012
0.44828009662838797,28.560837202794914,21.33020383182526
0.44864938819477285,28.562056465257456,21.330979695199403
0.4509192432695326,28.56246186564647,21.330590299390394
0.454214762064512,28.5600233457086,21.332914969933654
0.4583090185703257,28.561651066514457,21.332139101992766
0.4626297679484724,28.563275742609164,21.332914969933654
0.46731509100281127,28.563681147949183,21.33407731137089
0.47223408279387985,28.563275742609164,21.333690839706264
0.47699835290389586,28.564900445143735,21.33407731137089
0.4819454775848312,28.564086554935557,21.334850256064215
0.4870526457374524,28.565305857081967,21.33523965692075
0.4923815091131646,28.565305857081967,21.33523965692075
0.4979133284865311,28.56652517412283,21.337174956750687
0.5036786342639523,28.56733601284492,21.337174956750687
0.5092009129499476,28.564900445143735,21.33833731326854
0.5143004381657345,28.566116685898294,21.339499673905095
0.5192746158894322,28.567744506060194,21.341821479654186
0.5231431500435708,28.56814992955117,21.342207960896644
0.5251416822078445,28.56977471143341,21.344919198191462
0.5252365285410325,28.56977471143341,21.34608158218083
0.5211935945882468,28.57302435457831,21.34917934104476
0.5132136668782198,28.57342979952506,21.35111765121968
0.5000780085228584,28.57302435457831,21.35266655085104
0.4827200337674028,28.5750546674023,21.35460195372491
0.4623595423917668,28.57627410359504,21.356537368080524
0.44108240927647546,28.574243765946676,21.357313293854418
0.4167833455120274,28.575868647085315,21.358475721961042
0.39095068799062144,28.578307554291996,21.359248724307577
0.3658427359507448,28.57708809323185,21.359248724307577
0.3418666644645615,28.578307554291996,21.36118709432077
0.32205249250423684,28.580337974691133,21.360411159320165
0.3046907667847478,28.58074344937677,21.360797662561026
0.2922262519053344,28.58074344937677,21.361573598482835
0.2839091810752298,28.582776991240735,21.360797662561026
0.2813974845538765,28.584402011468967,21.3600246565382
0.2839951680494416,28.585618490080208,21.360411159320165
0.2919269214198772,28.58521299555963,21.360411159320165
0.30404167416847844,28.586432556031696,21.359638154214906
0.31882452467053285,28.587652131432492,21.361573598482835
0.3364178941092657,28.587652131432492,21.360797662561026
0.35621714672371596,28.58968274224111,21.360411159320165
0.3734660443219391,28.59090235743662,21.360797662561026
0.3902545752494703,28.591307875117536,21.360411159320165
0.40508967596809653,28.592121987568135,21.36118709432077
0.4141984885295846,28.593747160252406,21.361960103103854
0.4192039568361319,28.594558220437023,21.360797662561026
0.41902735951505027,28.594558220437023,21.361573598482835
0.41490499269764375,28.596997585208726,21.36118709432077
0.4078769017692987,28.596997585208726,21.36234660818394
0.39875989844578924,28.59780867187675,21.361573598482835
0.3882096072968264,28.600653672067438,21.36234660818394
0.3779389284175377,28.60024811631348,21.36234660818394
0.3693142669145441,28.60024811631348,21.362736041797064
0.36364499875973993,28.600653672067438,21.361960103103854
0.36168319606031146,28.60187342168325,21.362736041797064
0.36421205739216544,28.602278984062025,21.36350905425985
0.3712978783400318,28.60431296577849,21.36350905425985
0.38237926616584095,28.60431296577849,21.361960103103854
0.3982195267134534,28.602687620555116,21.362736041797064
0.4165835876020787,28.603907395107683,21.36234660818394
0.4391997752391942,28.605532760261838,21.361960103103854
0.4596180902503357,28.605938337560076,21.36234660818394
0.480311432770102,28.606749497118358,21.361960103103854
0.4960503687827401,28.60715815197773,21.361573598482835
0.507743699366884,28.60634391651223,21.361960103103854
0.5164647560483265,28.608374908720975,21.3600246565382
0.517948241036177,28.608374908720975,21.36118709432077
0.5124327149848803,28.609594753027807,21.359638154214906
0.5008284602164712,28.608783570260016,21.359638154214906
0.48429276153373835,28.610814612301056,21.35886222290503
0.4643102204787424,28.610814612301056,21.359248724307577
0.44033006817728987,28.609594753027807,21.35886222290503
0.41626110717932924,28.610003419580607,21.35886222290503
0.39123646460340517,28.610003419580607,21.357313293854418
0.3707718665836309,28.61203448654271,21.357313293854418
0.3523451155875094,28.610409015113476,21.35615086989344
0.3383021329925156,28.61203448654271,21.356537368080524
0.3296197080361747,28.61203448654271,21.35615086989344
0.33123944120922566,28.61244009036244,21.354215457831344
0.3368719717799749,28.6136599845525,21.354988450076405
0.34778595165708637,28.614065595005457,21.353828962395596
0.3585834034049975,28.6136599845525,21.35305304491027
0.3714818649329136,28.612845695837223,21.35305304491027
0.38284123490101035,28.615691126234935,21.35227712926934
0.3895480179757154,28.613254375754764,21.3518906361287
0.39170881158592785,28.615691126234935,21.35227712926934
0.38748578256515526,28.615691126234935,21.35111765121968
0.3769535618779395,28.615691126234935,21.35150414344548
0.3605555302707184,28.616911060332257,21.35150414344548
0.3378753103203492,28.618536638111664,21.3518906361287
0.31073066548563777,28.619350973463952,21.35150414344548
0.2804111846597602,28.618942268471585,21.35227712926934
0.2462474679986965,28.62016224249038,21.35111765121968
0.2105524593509914,28.62016224249038,21.3518906361287
0.17633819543364215,28.619350973463952,21.3518906361287
0.1451252510401373,28.61975660714893,21.3518906361287
0.11833695076910972,28.62016224249038,21.35305304491027
0.09539374520420019,28.619350973463952,21.354215457831344
0.07947929639445789,28.62016224249038,21.35266655085104
0.07049331986599383,28.620976591169153,21.355377874893634
0.06996392908658816,28.62138223149276,21.355377874893634
0.07654935008008013,28.62219659017427,21.357313293854418
0.09015575341409987,28.62138223149276,21.357313293854418
0.10758128446185355,28.62219659017427,21.358475721961042
0.12988724339525082,28.62300788244403,21.35886222290503
0.15555997530654922,28.62422790640329,21.359638154214906
0.18302815289131072,28.62219659017427,21.360411159320165
0.21458804268643833,28.62382225445623,21.361573598482835
0.24529497298949604,28.62300788244403,21.362736041797064
0.2713254175108488,28.623413531064386,21.362736041797064
0.2950108455815901,28.623413531064386,21.36428499664771
0.31875096988071167,28.62422790640329,21.36505801279219
0.3360849708383565,28.623413531064386,21.366606978704738
0.3516494567745587,28.621787873473068,21.3673829284877
0.3656465983870689,28.620570952502135,21.36776944001457
0.3776146428326001,28.62138223149276,21.36893190548483
0.38649444176401615,28.62138223149276,21.369707860822814
0.3940942777385156,28.620570952502135,21.371643365052876
0.40036869799325414,28.62138223149276,21.371256848913333
0.4057929895044194,28.618536638111664,21.372029881652907
0.40931204255700054,28.618131009407932,21.372029881652907
0.41125588317128337,28.61650543826505,21.372805844399693
0.4117331873758179,28.61528550914744,21.373192362385282
0.4105489044164532,28.614879893715568,21.374354847285815
0.40743323444635776,28.614879893715568,21.376676901398127
0.40259389323534545,28.61528550914744,21.376290379256204
0.39592943558996163,28.614065595005457,21.37706635220468
0.38659510771271355,28.611628884378035,21.377452875272866
0.3768619876960482,28.609594753027807,21.37861537546371
0.36655363442437966,28.608783570260016,21.379388425761192
0.35434474579778513,28.608783570260016,21.379777879830442
0.3424912965610134,28.607969321485655,21.380164406137112
0.3320806196924973,28.605124112081,21.38132691607069
0.322962010380679,28.60431296577849,21.38209997284912
0.3151314810771508,28.60309318625292,21.382486501931567
0.3103851402774855,28.60146786095771,21.38326248974272
0.30803839371687736,28.600653672067438,21.38326248974272
0.3088381057500472,28.599842562212473,21.385587536079015
0.3126334530977924,28.599437009764188,21.386747137233954
0.3190604175566594,28.5965920443532,21.38713660017254
0.33104728100104436,28.59577789535092,21.38868567170192
0.3443607198102786,28.593747160252406,21.38907220866861
0.3586283513852564,28.592933034514544,21.39023475067114
0.3727672782428911,28.591713394449698,21.389458746098512
0.38858049920583415,28.590496841406946,21.390621289494845
0.4029789166451711,28.590088254956072,21.39023475067114
0.4152070623463403,28.588057635880773,21.390621289494845
0.42614631211294246,28.58724355665032,21.389848212310937
0.4349901266253228,28.586838055515727,21.389848212310937
0.4419601594731231,28.582776991240735,21.38907220866861
0.4467506959745307,28.584807502689273,21.389848212310937
0.4504651026806432,28.581557475505463,21.38907220866861
0.45310754168762324,28.58074344937677,21.38868567170192
0.45558715483622125,28.579523958521065,21.38829620689347
0.45823230943250953,28.579118488795643,21.387909670856743
0.4615268670700217,28.578713020719306,21.387523135283118
0.4662537567599929,28.576679561753394,21.386747137233954
0.472194460334681,28.5750546674023,21.386360603052765
0.48197227732448983,28.571399519774218,21.385198075009328
0.49178645082750627,28.571399519774218,21.38481154268277
0.5027571949813252,28.5709940830792,21.38481154268277
0.515441205627111,28.56977471143341,21.384425010818802
0.528453270101343,28.568555354689295,21.38209997284912
0.5386857665583107,28.566116685898294,21.38209997284912
0.5471427084245059,28.56571127066678,21.38132691607069
0.5533941606983663,28.564491963568287,21.38055093290575
0.5568419786431504,28.564900445143735,21.380164406137112
0.5567163170753988,28.563681147949183,21.37861537546371
0.5527703331268791,28.56043180900207,21.377452875272866
0.5453846817625572,28.559212566376175,21.376290379256204
0.5347711809759966,28.560837202794914,21.375903857575565
0.5212947609848585,28.558807179178302,21.375127887412077
0.5062996663622992,28.557182575781553,21.373968327914213
0.49044843152162776,28.555149555444018,21.373192362385282
0.47327860109197684,28.554744184734716,21.371256848913333
0.4531860001930622,28.55393037729118,21.370480889871942
0.4354394466936385,28.554338815670178,21.36893190548483
0.41952470878408876,28.55393037729118,21.3673829284877
0.406600423047838,28.551089780611107,21.366606978704738
0.3952387882071751,28.551495136495646,21.365833958876635
0.38656634270127754,28.54865153823289,21.363898489264614
0.3789152693804432,28.550276002927433,21.36350905425985
0.3725445367382218,28.54987065198725,21.36118709432077
0.36576490161450464,28.548246193880175,21.3600246565382
0.3589686147926501,28.548246193880175,21.358475721961042
0.3524016030348758,28.549462231869313,21.35769979341967
0.3460781997286424,28.548246193880175,21.355764372164515
0.3407507632918237,28.547027099936088,21.354215457831344
0.3375617819626916,28.54865153823289,21.353439539427086
0.3380382582756057,28.54865153823289,21.35227712926934
0.3429527222558123,28.548246193880175,21.35111765121968
0.3529372303227862,28.548246193880175,21.35034174017727
0.36762047036791595,28.54580802085684,21.349568758933344
0.386720968565052,28.547837780399163,21.349568758933344
0.4114046713950938,28.550276002927433,21.34763045794466
0.44016578573258613,28.547027099936088,21.34763045794466
0.46656018681069833,28.547027099936088,21.34763045794466
0.4911283171519109,28.547837780399163,21.34685748311165
0.511145112151925,28.547027099936088,21.347243970299814
0.525659346915681,28.547432439345926,21.348019873988164
0.5313117686741088,28.54905688422923,21.347243970299814
0.5276548884109519,28.547432439345926,21.348406362550122
0.5161644319008846,28.548246193880175,21.34763045794466
0.498172720119582,28.547432439345926,21.34879285156893
0.47477849197946753,28.546621762169593,21.349568758933344
0.4442345605273073,28.547027099936088,21.34879285156893
0.4122614399046882,28.546213355324426,21.34995524932674
0.3779247131027571,28.547432439345926,21.3518906361287
0.34628736776705715,28.547027099936088,21.35266655085104
0.31906899575993536,28.546213355324426,21.353439539427086
0.2942255413772972,28.546621762169593,21.354215457831344
0.2734171176106738,28.547837780399163,21.355764372164515
0.2607018078801542,28.546621762169593,21.356926794747494
0.2570018800139372,28.547027099936088,21.359248724307577
0.26120698891039634,28.547432439345926,21.359248724307577
0.2721939197380091,28.54865153823289,21.36118709432077
0.28913775347502335,28.547432439345926,21.361960103103854
0.3097899290507006,28.54865153823289,21.36350905425985
0.3333461920310566,28.547432439345926,21.364671504490218
0.3579194384367355,28.54865153823289,21.36505801279219
0.3787440770547074,28.547837780399163,21.365447449652095
0.3975429638824934,28.548246193880175,21.36622046856081
0.41194074588832524,28.54905688422923,21.366606978704738
0.420950131627263,28.54905688422923,21.3673829284877
0.4236371048859221,28.548246193880175,21.3673829284877
0.41998426883400414,28.54987065198725,21.36776944001457
0.4096254704276079,28.54905688422923,21.36776944001457
0.3932120276999127,28.54905688422923,21.3673829284877
0.37267380169665193,28.551495136495646,21.3673829284877
0.35064676030515896,28.549462231869313,21.3673829284877
0.3261083452592156,28.54905688422923,21.366606978704738
0.30078246027732036,28.54865153823289,21.366606978704738
0.2789599763416186,28.548246193880175,21.365833958876635
0.260491506219405,28.54905688422923,21.365833958876635
0.24452564293855805,28.54905688422923,21.36505801279219
0.23266898705604477,28.54865153823289,21.364671504490218
0.2254890823927764,28.548246193880175,21.363898489264614
0.22398511723256806,28.548246193880175,21.36350905425985
0.22602734658201018,28.548246193880175,21.363898489264614
0.23465953724284497,28.550276002927433,21.362736041797064
0.24441271694747702,28.546621762169593,21.362736041797064
0.25348644363806205,28.547027099936088,21.36234660818394
0.26226970658171744,28.548246193880175,21.363122547798866
0.26895594351249474,28.546621762169593,21.36234660818394
0.2723056922132574,28.547027099936088,21.36234660818394
0.2718832088790305,28.548246193880175,21.36350905425985
0.267595209105416,28.546213355324426,21.36350905425985
0.26017870313946384,28.54580802085684,21.363122547798866
0.24858320309813123,28.544588956640382,21.36350905425985
0.2333840024552346,28.54580802085684,21.36428499664771
0.21951083079453385,28.54580802085684,21.363898489264614
0.20471706951834803,28.546213355324426,21.36428499664771
0.19087207953640395,28.5437783025169,21.365447449652095
0.1793234072404465,28.542964584342315,21.365447449652095
0.17128923441175342,28.5437783025169,21.36622046856081
0.16751058384921122,28.54134023842562,21.3673829284877
0.1679667128260963,28.54174555478562,21.366606978704738
0.17221013441868216,28.54052961063246,21.36776944001457
0.18178256923690828,28.542964584342315,21.368545392574504
0.1938988298985914,28.540121228664248,21.368545392574504
0.2091751561898477,28.540121228664248,21.369707860822814
0.2234558367598248,28.537686324160518,21.370867405086983
0.23863476785316257,28.53849692891606,21.371643365052876
0.2523736808041871,28.536062063938346,21.372805844399693
0.2637213870640476,28.5368726555364,21.374354847285815
0.2719298451550824,28.53646735891664,21.375517336356154
0.2774457474866683,28.533218904398268,21.377839398802507
0.27900685867712893,28.53443475971727,21.37861537546371
0.2770270900229328,28.53078109756467,21.37900190038164
0.2714470816103648,28.53078109756467,21.380937460136238
0.26325642453189857,28.529562216406532,21.38287595973219
0.2523813218745511,28.528751684001065,21.384425010818802
0.24037798446584904,28.52712756873393,21.385587536079015
0.22883749039618548,28.526313985920865,21.38868567170192
0.2172227538858894,28.525503479802524,21.389458746098512
0.20769857308582687,28.52347110314753,21.389848212310937
0.2002196993108138,28.52144183768104,21.391783837084006
0.1955120218662017,28.52144183768104,21.393332930944553
0.19329486149193684,28.518599093137084,21.395268576657145
0.19341660348956363,28.516161642039776,21.395658049894053
0.19565114663152505,28.516161642039776,21.396817687285477
0.1994699006385789,28.514537730814368,21.39759370959183
0.20568600440345564,28.512103448124492,21.398756282362513
0.2126558446206874,28.512103448124492,21.399142831419113
0.22022083979247087,28.510479602614225,21.400305409792622
0.23103320587210013,28.509666154916545,21.400305409792622
0.24357249015403015,28.506823744187955,21.401854544691844
0.25836569596775794,28.503576250351216,21.401467992372773
0.2745155157896643,28.501952542837103,21.401467992372773
0.2923341501291035,28.495049776979556,21.401467992372773
0.3104952880119293,28.49748671527209,21.401078512097627
0.3266880296561726,28.495457975366833,21.402241097476065
0.3406452168274842,28.49423952344091,21.401078512097627
0.35269695750698565,28.490992436574174,21.39991885933773
0.36187814224308734,28.490179146750904,21.40069196071255
0.3692436449986896,28.48733728757861,21.399529380940578
0.372934876490444,28.488150554404058,21.399529380940578
0.37303549311909595,28.484495508752275,21.400305409792622
0.3693846054744653,28.482872109598816,21.39991885933773
0.3610007864834958,28.480438594362113,21.399142831419113
0.34940465117108976,28.478002069370234,21.398756282362513
0.3348251133609278,28.475973722670915,21.39759370959183
0.3193744821270619,28.473942348349965,21.397980257250595
0.3041214152982408,28.472319119492568,21.399142831419113
0.28807704204001877,28.469477764886733,21.39991885933773
0.274636998141406,28.467854608020218,21.39991885933773
0.2642897302450417,28.467854608020218,21.401078512097627
0.2576744991720614,28.463390294490694,21.40301713287988
0.25552771233575966,28.462985294393604,21.404179725278482
0.2595673491547861,28.4593342306527,21.404566280862866
0.2683644927951627,28.458521196653862,21.406115436325706
0.2821868427826904,28.456898216324703,21.406501994242944
0.29889596001441276,28.455275262129362,21.405339393429017
0.3186217549899263,28.452839345893153,21.406115436325706
0.3416879024224091,28.45202943212132,21.40688855262613
0.36220060019050515,28.450001608369803,21.407278039953383
0.38010116489895507,28.446752880414408,21.407664599272323
0.3965934261604042,28.445538085505575,21.409213769706582
0.4092105611491491,28.44350732465881,21.410762947632406
0.4167896082717024,28.44269748581047,21.411925568125525
0.420058228388941,28.4402618732845,21.411925568125525
0.41833696749095783,28.439452060476356,21.413861325974267
0.41173546399933403,28.436203672115255,21.413474759174505
0.40119027485265013,28.435393891856506,21.414250821782957
0.389021832189144,28.432148701272524,21.414250821782957
0.3760094321240876,28.430931014882276,21.413088192841826
0.36318812691317093,28.426873188595778,21.413474759174505
0.351038994480605,28.426063483123585,21.412698698448708
0.3393688068667205,28.427685967658363,21.411925568125525
0.33116067400681715,28.424441024634064,21.410762947632406
0.32724071909398145,28.42078828806615,21.41037638457493
0.3277531967124109,28.427685967658363,21.408437719309006
0.3306214437334373,28.417543566416327,21.407664599272323
0.3355045574748295,28.41673086888295,21.406501994242944
0.34099630540130516,28.413894145641734,21.406115436325706
0.3466154493424408,28.41429894884982,21.404952836913026
0.35197362740377447,28.413486277380628,21.405339393429017
0.3559006587524316,28.408619585184397,21.403790241713637
0.3585009243389237,28.408214804691852,21.40301713287988
0.36055396963434483,28.40740218207401,21.401854544691844
0.36214675588989087,28.406592632442255,21.401078512097627
0.3638804600529648,28.404157889601606,21.39991885933773
0.36665159705634787,28.402940540132533,21.399529380940578
0.3712610826367603,28.401318452368344,21.398756282362513
0.37898588677327,28.400101137024365,21.397980257250595
0.3891068039572416,28.398479094724394,21.39720716239765
0.40354481324192537,28.395235088018296,21.396044595226783
0.4214070756625601,28.396857078390553,21.395658049894053
0.4409439744355595,28.39563981664469,21.395268576657145
0.461432489445336,28.395235088018296,21.394882032256533
0.4841032357181046,28.392803684150635,21.39371947348519
0.5071585752199345,28.38996456503895,21.392946388867813
0.5278856477899703,28.38996456503895,21.39217037776575
0.545337013406098,28.387934919542488,21.392946388867813
0.5578388183325508,28.38834268493889,21.391397296866046
0.5647435118194437,28.385503690715836,21.392556918911225
0.5665934980188121,28.385503690715836,21.391783837084006
0.562146484394636,28.387125525416764,21.391397296866046
0.551921347040066,28.38306945440388,21.390621289494845
0.5372485111962996,28.382260099096356,21.391397296866046
0.5183680943826279,28.38144768454123,21.39023475067114
0.4938250198270776,28.380635276489897,21.391397296866046
0.46799152792871657,28.37982594059588,21.389848212310937
0.44355740389228215,28.379421275069035,21.390621289494845
0.4251010798952308,28.378204222563227,21.390621289494845
0.4110676427448552,28.379013545525993,21.391007828781994
0.40333792205014407,28.376987184649124,21.390621289494845
0.40272039845392194,28.37536551196473,21.390621289494845
0.4102443187008589,28.37293151877617,21.390621289494845
0.42350868966239136,28.373743865180302,21.389848212310937
0.4397189532616331,28.373743865180302,21.390621289494845
0.4590189562152049,28.37293151877617,21.390621289494845
0.4783384966051356,28.372122244291177,21.38907220866861
0.4995231607670649,28.36887908018008,21.390621289494845
0.5172570488131611,28.372122244291177,21.39023475067114
0.5299644387485074,28.372122244291177,21.389458746098512
0.5382998461478956,28.37171760946677,21.39023475067114
0.5399131644125017,28.370500649292637,21.389848212310937
0.5348191036988994,28.370500649292637,21.38907220866861
0.5108375580883427,28.369688328826896,21.38868567170192
0.49267935843182653,28.369283703697704,21.389458746098512
0.46891798337779583,28.369283703697704,21.389848212310937
0.44274778764876316,28.369283703697704,21.39023475067114
0.41465648109547476,28.369688328826896,21.39023475067114
0.38741172393198003,28.369283703697704,21.389458746098512
0.3601038983118342,28.370092955567713,21.390621289494845
0.3380053026807733,28.370905279269095,21.391007828781994
0.32058731097491305,28.370092955567713,21.392556918911225
0.30900756535766954,28.370092955567713,21.39217037776575
0.3026532577077157,28.371309910857406,21.393332930944553
0.305996313004018,28.371309910857406,21.393332930944553
0.31547370665349994,28.372122244291177,21.395268576657145
0.3294370832793987,28.370500649292637,21.396431141023925
0.34681345563662597,28.371309910857406,21.39759370959183
0.3661416252773089,28.371309910857406,21.397980257250595
0.3822125277488011,28.371309910857406,21.399142831419113
0.3940489282439269,28.372122244291177,21.399142831419113
0.40151392549232984,28.371309910857406,21.40069196071255
0.4050779207655414,28.370092955567713,21.39991885933773
0.4028414531294732,28.37293151877617,21.40069196071255
0.39640821167297696,28.374148508077894,21.40069196071255
0.38663875143736925,28.374148508077894,21.400305409792622
0.37333886289682583,28.375770161324624,21.399529380940578
0.3580065079365014,28.373339223895073,21.398756282362513
0.3416024660987245,28.374553152587907,21.398366805374167
0.3245436007611593,28.37536551196473,21.39759370959183
0.3099977414860504,28.374553152587907,21.396817687285477
0.29949054746908366,28.376177877841087,21.396431141023925
0.29341203625485424,28.374148508077894,21.394495488320047
0.2914044149113448,28.375770161324624,21.3941089448478
0.29485863640395793,28.374960864217485,21.393332930944553
0.30371168233675855,28.374960864217485,21.393332930944553
0.3183586966144558,28.377391840472455,21.391007828781994
0.33698614102460195,28.377391840472455,21.389458746098512
0.35914693953892873,28.377391840472455,21.38829620689347
0.3842284987284135,28.376177877841087,21.387909670856743
0.410870244272013,28.376987184649124,21.38713660017254
0.4388989785590518,28.376177877841087,21.38713660017254
0.4679785058969443,28.37860888323803,21.38481154268277
0.49714097959842657,28.37860888323803,21.38481154268277
0.5268443794878717,28.37860888323803,21.382486501931567
0.5541328825178237,28.37860888323803,21.382486501931567
0.5815867830731359,28.375770161324624,21.381713444228808
0.6109684401911142,28.379013545525993,21.38132691607069
0.6370223469996426,28.379013545525993,21.38132691607069
0.661431549002218,28.378204222563227,21.379777879830442
0.6853821773898651,28.376177877841087,21.379388425761192
0.7038607945386355,28.37860888323803,21.377839398802507
0.7214605406570251,28.377391840472455,21.377839398802507
0.7383156779682323,28.377391840472455,21.375903857575565
0.7517952928563533,28.376177877841087,21.375127887412077
0.7639994081730715,28.37536551196473,21.373968327914213
0.7714490157542202,28.37536551196473,21.372805844399693
0.7753352839380749,28.376987184649124,21.372805844399693
0.7757291538578547,28.377391840472455,21.371643365052876
0.7725217621779665,28.377391840472455,21.370867405086983
0.7638798953333772,28.377799563501583,21.370480889871942
0.7525249590139745,28.378204222563227,21.37009437511722
0.7379006531770953,28.377799563501583,21.37009437511722
0.7193979186084531,28.376177877841087,21.368545392574504
0.6999554678514368,28.37860888323803,21.369318418855357
0.6795766231909275,28.377391840472455,21.36893190548483
0.6582402033512331,28.377391840472455,21.368545392574504
0.6376730286452847,28.376987184649124,21.36893190548483
0.6176652979817244,28.377391840472455,21.36815595200136
0.5986588840292469,28.376987184649124,21.36776944001457
0.5809805376534618,28.380635276489897,21.36776944001457
0.564602427149257,28.379421275069035,21.36776944001457
0.5502859754882038,28.381852358148137,21.36815595200136
0.5378241720149443,28.380635276489897,21.368545392574504
0.5275761016869019,28.38306945440388,21.36699641742075
0.5190269535023811,28.38306945440388,21.366606978704738
0.5102470474972632,28.385503690715836,21.36699641742075
0.5027654856681318,28.387934919542488,21.36699641742075
0.4960847005990468,28.387934919542488,21.366606978704738
0.4893595771141077,28.388747386051193,21.36699641742075
0.4829378694012946,28.390369272623957,21.36699641742075
0.4761796643616362,28.3915864710807,21.3673829284877
0.4696022136721097,28.392803684150635,21.36776944001457
0.4644831484008424,28.39563981664469,21.36776944001457
0.46072819819555344,28.397669616408734,21.36815595200136
0.4588115845002617,28.397264879675845,21.3673829284877
0.4590307458130065,28.400101137024365,21.3673829284877
0.46265345349805975,28.39969639057847,21.368545392574504
0.468799281135039,28.402940540132533,21.36776944001457
0.4783345452073062,28.4045626538757,21.3673829284877
0.4896434588701084,28.40740218207401,21.368545392574504
0.5073210852193235,28.408214804691852,21.36815595200136
0.5259223437544541,28.41105443532939,21.369318418855357
0.5483070348296281,28.413081477423702,21.369318418855357
0.5669648274846066,28.415921244624997,21.369707860822814
0.5948266853348099,28.418761091543843,21.370867405086983
0.6093567976679082,28.418761091543843,21.370867405086983
0.6232637227266333,28.422410687933905,21.371643365052876
0.6323383610764899,28.424441024634064,21.371256848913333
0.6362209173202399,28.426063483123585,21.372416398713597
0.6350301565535845,28.42809082608329,21.372416398713597
0.6286347274710605,28.429713343168885,21.372029881652907
0.614083821657327,28.431740759360764,21.372416398713597
0.5900490867610355,28.435798781174185,21.371643365052876
0.5611237316097905,28.436611632053882,21.372416398713597
0.5338496241959307,28.441074760099298,21.372416398713597
0.5013286870802804,28.44310240442229,21.373192362385282
0.4690932302216891,28.44310240442229,21.372416398713597
0.4420098105435316,28.446752880414408,21.372805844399693
0.41808132508459556,28.447970757671044,21.373578880831644
0.39862954128061456,28.450811505854915,21.373578880831644
0.3829229662225636,28.452434388194035,21.373968327914213
0.37377907735149485,28.45568023123991,21.374741367118418
0.3702523100900308,28.45771123723017,21.374741367118418
0.37161836724499364,28.458926178806962,21.375517336356154
0.37845378813877595,28.462985294393604,21.375517336356154
0.3886058853858565,28.465013379401626,21.375903857575565
0.39981343058226027,28.466639558757322,21.377839398802507
0.4114680181092771,28.469477764886733,21.377839398802507
0.4214312487850356,28.471509049098927,21.379777879830442
0.4299587854038626,28.47353730580562,21.380164406137112
0.4360845249266387,28.476378775022454,21.38055093290575
0.4391160406348487,28.476378775022454,21.381713444228808
0.4385488880937741,28.47719195322702,21.38287595973219
0.43449858378250367,28.48368534030294,21.38326248974272
0.42681727287696636,28.484090423711564,21.384425010818802
0.4167144347101952,28.48733728757861,21.386360603052765
0.40520562502385715,28.488555655806408,21.38713660017254
0.3937781826485251,28.491397549432804,21.387523135283118
0.3827150132471153,28.491802663924773,21.389458746098512
0.37300572065078474,28.49342620733279,21.39023475067114
0.3648892423466772,28.496673372869736,21.390621289494845
0.35940469298151667,28.49911035056101,21.392946388867813
0.35668414131986026,28.50235769990877,21.392946388867813
0.3572381951745202,28.503576250351216,21.394495488320047
0.3606362136567016,28.506418569086463,21.396431141023925
0.3665367970611877,28.5076371688387,21.39720716239765
0.37327328556833766,28.509666154916545,21.398366805374167
0.38034656622111607,28.51169518203443,21.399529380940578
0.38674861495173174,28.513319047226332,21.399529380940578
0.3916731055324806,28.516975142428805,21.40069196071255
0.39564309571172107,28.51900431745321,21.402627650725776
0.396684071369831,28.521036603509174,21.403790241713637
0.3952803155150091,28.52306586076878,21.405728878874527
0.3914578283272923,28.524689910180484,21.406115436325706
0.3859569055393198,28.524689910180484,21.407278039953383
0.38014351581040134,28.528751684001065,21.408827208518858
0.3761526594304164,28.529562216406532,21.408827208518858
0.37412644285931534,28.53118637116114,21.40998982198414
0.3745370629450444,28.533218904398268,21.41114951115651
0.37852624438985544,28.534029472969962,21.412698698448708
0.38602716323247616,28.536062063938346,21.413088192841826
0.39790780224903816,28.5368726555364,21.413474759174505
0.41517396947178603,28.53809162571747,21.415800024093926
0.438516841994061,28.54052961063246,21.416573163783255
0.4611031482199741,28.54134023842562,21.41812237735087
0.4876289462987591,28.542559263042506,21.41812237735087
0.5146729532241696,28.542559263042506,21.4196715984325
0.5416146103452054,28.544183628757253,21.420447676091555
0.5634099492557847,28.546213355324426,21.42161033181395
0.5809129504409631,28.547027099936088,21.421996908458652
0.5915590229695915,28.54905688422923,21.423932727340684
0.5947573124045593,28.54987065198725,21.425871486625738
0.5889517706748858,28.551089780611107,21.426258068437505
0.5750505170687612,28.551495136495646,21.427031233468483
0.5556320024602368,28.552305853197197,21.42897001161242
0.5321472113804994,28.55352501152828,21.430132698429702
0.505477614852827,28.555554927798084,21.430905872871904
0.47622912802844786,28.555963372818496,21.432068566764713
0.4472118270915788,28.55758795638559,21.434004446886377
0.4242878253077997,28.5579933386349,21.43594326754345
0.40605337872942154,28.559212566376175,21.436716456121815
0.3956065360784058,28.5600233457086,21.439428488525152
0.3924640122946308,28.561651066514457,21.439815086824694
0.39843622886707153,28.56246186564647,21.44136441352731
0.41242875615358054,28.562056465257456,21.442140544117194
0.4325611812652513,28.564491963568287,21.442527145724057
0.4564615644884124,28.565305857081967,21.442527145724057
0.4819957755667529,28.56571127066678,21.442913747802493
0.5115026976089493,28.56814992955117,21.44136441352731
0.5322067829134525,28.56977471143341,21.44136441352731
0.5545566604996415,28.5718049581169,21.440977813338748
0.5734584408917704,28.571399519774218,21.439815086824694
0.5842833009428499,28.572618911279562,21.440204614375887
0.5890864292449707,28.572618911279562,21.438265767690837
0.5879732639574449,28.57546319222405,21.438265767690837
0.5811879718003918,28.575868647085315,21.43787917127929
0.5704350188794556,28.579118488795643,21.436329861597244
0.5541768204497839,28.579118488795643,21.436716456121815
0.5383588206047586,28.577493554700084,21.436329861597244
0.5167022299133196,28.58074344937677,21.4347805594752
0.4979504448248373,28.581557475505463,21.435167152113763
0.4760806873570943,28.58114892571183,21.4347805594752
0.45336875021993917,28.582776991240735,21.434393967307244
0.43637874375684477,28.583587962106606,21.43323126490924
0.42148677781098576,28.586432556031696,21.432455156104083
0.4096666398632517,28.586838055515727,21.432455156104083
0.4022200516810975,28.58724355665032,21.430905872871904
0.3987908103611262,28.588463141979673,21.43168197789538
0.3976456045425458,28.591713394449698,21.430132698429702
0.39839520929648287,28.592527510215632,21.429743183229277
0.4004489264062671,28.594558220437023,21.42897001161242
0.4035761252536309,28.595372359464363,21.427807329042537
0.4066403679729318,28.597403127716575,21.427807329042537
0.4102778775060384,28.5965920443532,21.427031233468483
0.4141401828950017,28.59902838662049,21.426258068437505
0.4170530941963909,28.597403127716575,21.426258068437505
0.4195655675145818,28.60146786095771,21.424708815367012
0.42173157409446554,28.60146786095771,21.423932727340684
0.423468255837527,28.60309318625292,21.423932727340684
0.42463979708702015,28.605532760261838,21.423159569827135
0.4254944120092045,28.605532760261838,21.4223834855718
0.42582659016488655,28.60715815197773,21.421996908458652
0.42571514995577975,28.608374908720975,21.42161033181395
0.4251273526499655,28.608374908720975,21.420061101323654
0.423951502446958,28.610409015113476,21.420061101323654
0.42168764760653915,28.61122021114346,21.41928502460439
0.4187049212047534,28.6136599845525,21.41889845124433
0.4149889449670601,28.614474279939202,21.417349233913114
0.4106437852050475,28.614065595005457,21.416573163783255
0.4057039881264546,28.617725382360277,21.416186593704822
0.4005421862226924,28.617725382360277,21.415023957725793
0.394993786716888,28.618942268471585,21.414637389520692
0.3891360184201582,28.620976591169153,21.413861325974267
0.3846307606123897,28.62016224249038,21.413474759174505
0.381329927709693,28.62300788244403,21.41231213305366
0.37961534127081514,28.623413531064386,21.413088192841826
0.3803522788267506,28.62422790640329,21.411539003664245
0.38380181501442034,28.625853603941607,21.411539003664245
0.39005216732629794,28.625853603941607,21.41114951115651
0.3989357783755487,28.628699407008128,21.40998982198414
0.41117790102054536,28.628699407008128,21.408437719309006
0.42626670371641984,28.62991950091356,21.40805115905755
0.4439913120962017,28.631139609818376,21.40688855262613
0.4612363428529553,28.631139609818376,21.406501994242944
0.47832804541199064,28.63317110906121,21.405339393429017
0.4934139368815392,28.631545291668942,21.404952836913026
0.5069703599366165,28.63601712197982,21.404566280862866
0.5170145063441761,28.63601712197982,21.403790241713637
0.523952153855105,28.63601712197982,21.403403687063985
0.5269547044181239,28.63642282377515,21.40301713287988
0.5261965765857424,28.638454431211755,21.403403687063985
0.5223803447558246,28.63682852722991,21.402627650725776
0.5155481115036411,28.640080361850437,21.403403687063985
0.5071026910044916,28.640080361850437,21.402627650725776
0.49708962435601256,28.640894873989282,21.403403687063985
0.48666812943630006,28.642115117903018,21.403403687063985
0.47684123830315456,28.642926573051852,21.40301713287988
0.47011706513063034,28.642926573051852,21.40301713287988
0.4662512213125579,28.642926573051852,21.403790241713637
0.4662617518549458,28.64374110857449,21.403403687063985
0.46998348089465314,28.646181681497012,21.404179725278482
0.477825330717537,28.645367125918085,21.404566280862866
0.489383792484733,28.646181681497012,21.404179725278482
0.5043441830741013,28.646587424887116,21.404566280862866
0.521990377450627,28.64821348893082,21.403790241713637
0.5410962524194376,28.649024994011484,21.403790241713637
0.559500779603076,28.650245338028412,21.40301713287988
0.5774078410596944,28.649024994011484,21.402627650725776
0.5914783859727507,28.6506510980592,21.401854544691844
0.6018637944540874,28.6498395796595,21.401078512097627
0.6074385417623613,28.650245338028412,21.399529380940578
0.6082578179390825,28.651059933710542,21.39759370959183
0.6042771397370165,28.65390646028243,21.396817687285477
0.5942403998139275,28.653497612881893,21.396431141023925
0.5806394117653505,28.65390646028243,21.395658049894053
0.5635575569080413,28.656344209518352,21.392946388867813
0.5448076637946977,28.655532644470895,21.392556918911225
0.523248660925792,28.657158855365537,21.39023475067114
0.5024939933661275,28.655532644470895,21.39023475067114
0.48457925321393014,28.656344209518352,21.38907220866861
0.46812827630299036,28.656753068671776,21.38829620689347
0.45566511887963357,28.657158855365537,21.387523135283118
0.44646865584996326,28.660411357292162,21.386747137233954
0.4417118225705197,28.661222962335444,21.386360603052765
0.44075724900456564,28.66203764833358,21.38481154268277
0.44315024478271026,28.66569613229376,21.384038479417427
0.44759762815078596,28.66203764833358,21.38326248974272
0.4541006220438447,28.66203764833358,21.38287595973219
0.460834175568894,28.66285234103816,21.382486501931567
0.46570495465022205,28.66569613229376,21.381713444228808
0.4683670130808162,28.666916681826365,21.38209997284912
0.46769491303812116,28.667731414706623,21.381713444228808
0.4634178265937814,28.66854307979588,21.380937460136238
0.4541649826093673,28.670169504509204,21.38055093290575
0.44223374802008436,28.671390109245124,21.38055093290575
0.42789838983393763,28.671795955970993,21.379777879830442
0.4113897602115245,28.673425508839387,21.380164406137112
0.39329604182345956,28.674643079079715,21.379388425761192
0.376496793885936,28.675457875621078,21.37900190038164
0.36227405529950785,28.675863739045724,21.37822592279366
0.35161064952588716,28.677084414085925,21.377839398802507
0.343557618196922,28.67789615596007,21.37861537546371
0.3420606547858793,28.679525809397262,21.377452875272866
0.3477234223254842,28.68115241481746,21.37706635220468
0.3586187463614483,28.683184940513854,21.376290379256204
0.37238638132801427,28.68440570600353,21.376290379256204
0.3894927534929563,28.68521750803194,21.376290379256204
0.4090881102786104,28.6848116061837,21.375127887412077
0.4277351956944361,28.68521750803194,21.374741367118418
0.4442524445197338,28.687253192464652,21.375517336356154
0.4590116401423462,28.68806501790067,21.375127887412077
0.4691518501267438,28.688879925145784,21.375127887412077
0.47527090827059565,28.691727540640215,21.374354847285815
0.4761748753247846,28.6913185368187,21.374741367118418
0.47176002062720324,28.69294533648997,21.374354847285815
0.46330092610487267,28.69416622266482,21.374741367118418
0.449034281436511,28.697013990685207,21.374354847285815
0.43321272101296093,28.694981180280593,21.373578880831644
0.4133525668248851,28.695793069277045,21.374354847285815
0.39388095597868,28.696608040328897,21.374741367118418
0.37555206447014994,28.69823492720218,21.373578880831644
0.3573550853529983,28.697013990685207,21.375127887412077
0.3430012922154579,28.698640884252825,21.374741367118418
0.33131402778785624,28.700676845570285,21.374354847285815
0.3215867105628946,28.700267804651332,21.374741367118418
0.3163804085793514,28.70189475188539,21.374741367118418
0.31467764044922264,28.701082812670904,21.374741367118418
0.3157525826248457,28.70189475188539,21.374741367118418
0.3192569362735798,28.70352172595983,21.374354847285815
0.3235232509302899,28.703930780375345,21.374741367118418
0.32726506660437227,28.704336760871684,21.375127887412077
0.33016591655709104,28.70515180252079,21.376290379256204
0.33171713232432515,28.70596377524072,21.375517336356154
0.33158906996267695,28.705557788044814,21.375127887412077
0.3296589829352783,28.70718482256524,21.376290379256204
0.3261621547014988,28.70718482256524,21.376290379256204
0.32111543499849926,28.707590816461902,21.375127887412077
0.31410897558880696,28.70718482256524,21.375903857575565
0.3089800606378376,28.70636976410856,21.375127887412077
0.3045724986284838,28.707590816461902,21.374354847285815
0.3028450380582114,28.708405885015054,21.374741367118418
0.30379347298208276,28.70718482256524,21.374354847285815
0.30789619076628477,28.71084497947942,21.373192362385282
0.31566603718626657,28.709217884539896,21.373968327914213
0.32603938730987886,28.710438972177656,21.372805844399693
0.3396007146209577,28.71084497947942,21.374354847285815
0.35693149922289213,28.709217884539896,21.373192362385282
0.3763499623851698,28.710032966548624,21.373578880831644
0.39447285033797386,28.71084497947942,21.373192362385282
0.41070819525937446,28.71125406428598,21.373578880831644
0.4266842506536956,28.712881192847078,21.373578880831644
0.4374966099060953,28.710032966548624,21.373192362385282
0.4438119376582216,28.71084497947942,21.373192362385282
0.4443660563593799,28.710438972177656,21.373578880831644
0.4391946717108997,28.709623886811073,21.373192362385282
0.4277684440367422,28.710032966548624,21.375127887412077
0.4114041654944258,28.707996812030842,21.374354847285815
0.38822911813107785,28.709623886811073,21.375903857575565
0.36088298754963727,28.70881188394128,21.376676901398127
0.33134636467056344,28.709623886811073,21.377839398802507
0.2953308550408014,28.70881188394128,21.37822592279366
0.25970385844306515,28.708405885015054,21.379388425761192
0.22956619842537374,28.70881188394128,21.381713444228808
0.18509127851717314,28.707590816461902,21.384038479417427
0.16464321062727993,28.707590816461902,21.384038479417427
0.14652101913987203,28.70636976410856,21.385587536079015
0.13388804553435907,28.70474274303956,21.386747137233954
0.1269279960466937,28.70474274303956,21.38829620689347
0.12604804783063273,28.70515180252079,21.389848212310937
0.13105673789334737,28.705557788044814,21.391397296866046
0.14197340095805933,28.702303799552055,21.392946388867813
0.15811587345377315,28.703930780375345,21.394495488320047
0.17757331093843653,28.70352172595983,21.395658049894053
0.19865533882119318,28.702709773349966,21.39720716239765
0.22211685414954904,28.700676845570285,21.398366805374167
0.2461672050497762,28.701082812670904,21.398756282362513
0.2723946916862484,28.700676845570285,21.40069196071255
0.29800885824492124,28.699861840905157,21.402241097476065
0.32348364617912073,28.699455878829895,21.403403687063985
0.3456932422466421,28.69823492720218,21.404566280862866
0.3651973706481547,28.69741994271186,21.406115436325706
0.382405686290255,28.696202091642817,21.408437719309006
0.3969251733835271,28.697013990685207,21.408827208518858
0.4081791070745707,28.695387123943817,21.41114951115651
0.4167497103670127,28.69376028402388,21.41231213305366
0.4228868212903438,28.69376028402388,21.413474759174505
0.42569660058753617,28.69294533648997,21.414637389520692
0.42480866129052275,28.691727540640215,21.416573163783255
0.42026260242053276,28.689285843717016,21.41889845124433
0.41238670506413744,28.688879925145784,21.420834251327676
0.40186668109622875,28.687659104348313,21.421220827032073
0.3875219907736032,28.68562648658144,21.423159569827135
0.37022772761325085,28.683999807491432,21.425871486625738
0.35112486311834834,28.683590835677535,21.425871486625738
0.33316491147425886,28.682370080258238,21.426258068437505
0.3147878458518554,28.679525809397262,21.4266446507184
0.29593206979247033,28.67626960413679,21.428193913204154
0.2826628081942353,28.675457875621078,21.428580497835128
0.2749038863982972,28.675457875621078,21.429743183229277
0.27091449625843245,28.671390109245124,21.429743183229277
0.27114760955061307,28.673016580784065,21.430905872871904
0.27538778124055674,28.673016580784065,21.432455156104083
0.2840463887696081,28.668137246418723,21.43323126490924
0.2960030459915364,28.667731414706623,21.434393967307244
0.3129010549242172,28.666105030082008,21.43594326754345
0.3296078166128774,28.664069781127182,21.437103051117163
0.3461567351628436,28.66488449056277,21.438652364573443
0.36095711415065673,28.66244345669145,21.439815086824694
0.37309771102793826,28.66203764833358,21.442527145724057
0.3814804236623133,28.660817158981956,21.443303279161796
0.38431980895633483,28.65878509297113,21.44485262291903
0.3814630618241367,28.65756464372248,21.447951333181834
0.37429601552632924,28.654718012002604,21.449114089570855
0.363064124687113,28.65431223531118,21.450663461782256
0.3477767500566882,28.652686071161895,21.452599455505265
0.3314756994173865,28.652686071161895,21.454538390008906
0.3158935903362505,28.649024994011484,21.45647440749258
0.30231910869952566,28.648619240640357,21.45724764623759
0.29205859538048795,28.64780773888276,21.458797058368532
0.2874165924331916,28.64496138752378,21.460736030971532
0.28855087442954924,28.64374110857449,21.462672086521536
0.29620593253572874,28.64414684197368,21.46422152533495
0.3099608850904496,28.64374110857449,21.46577097177868
0.3300366979738429,28.641709392819223,21.4673204258566
0.35532308610187247,28.638048721106145,21.46925945098309
0.38341237390117816,28.638048721106145,21.47080892226313
0.41391452907112725,28.63682852722991,21.471582196234692
0.44397373963832837,28.633982491033123,21.473907887767837
0.4674062114826598,28.633576799217735,21.473907887767837
0.48448022453724676,28.631950975178086,21.475070740000433
0.4939996105651739,28.628699407008128,21.476620239980207
0.4948898782022187,28.628699407008128,21.47778310227511
0.48723796135341085,28.627073662868497,21.478556393445217
0.4730974882723752,28.624633560007567,21.47894303974624
0.4514710492665452,28.62382225445623,21.479719262928313
0.4246537467044105,28.62138223149276,21.480105910665372
0.39591047196376317,28.62016224249038,21.480882136730827
0.3695959202901071,28.617725382360277,21.481655435555865
0.3439973730789522,28.617725382360277,21.4824316654653
0.3193822244522054,28.61528550914744,21.48359454934939
0.3011730832017141,28.616099817853637,21.48281831655396
0.2850621305645763,28.614879893715568,21.48359454934939
0.27436879056377156,28.611628884378035,21.484367854880645
0.2678251752025695,28.610003419580607,21.48514409152341
0.26518865620722865,28.608374908720975,21.48630698549806
0.2637218269354854,28.608374908720975,21.48514409152341
0.2617830625820111,28.60634391651223,21.487080297741556
0.257760716446307,28.605938337560076,21.48824319892458
0.24928446516342298,28.603498753604185,21.48862985720433
0.23845756252575606,28.602278984062025,21.487856541123676
0.2222853989099724,28.60309318625292,21.48824319892458
0.20122949948958513,28.60146786095771,21.48862985720433
0.17641257311110953,28.59862283749021,21.4890165159631
0.15117486831326477,28.59902838662049,21.48862985720433
0.1276250220789208,28.598217290012485,21.489792764159574
0.10277783375322896,28.596183432889518,21.4890165159631
0.07990455875017244,28.59577789535092,21.48824319892458
0.06129947045125317,28.594152689518808,21.48824319892458
0.047600246736565544,28.594966825229847,21.48824319892458
0.04042717613979979,28.591713394449698,21.48862985720433
0.0394633226720133,28.592527510215632,21.487856541123676
0.04394865929083641,28.590496841406946,21.487856541123676
0.05316163616551228,28.58968274224111,21.487856541123676
0.06683693831350457,28.588463141979673,21.487080297741556
0.0847924080700937,28.586838055515727,21.487080297741556
0.1052044233420284,28.585618490080208,21.487080297741556
0.12585334864320002,28.58399345001436,21.486693641380555
0.1453825875020296,28.582776991240735,21.48630698549806
0.16390899207646217,28.58074344937677,21.484757437558528
0.17965716835218343,28.579523958521065,21.48281831655396
0.19292732079926725,28.577493554700084,21.482045014854577
0.20327996665180595,28.578307554291996,21.48126878590449
0.210648166970838,28.57342979952506,21.479719262928313
0.21506714209131306,28.57383831769124,21.478169747621507
0.2171027921740149,28.57302435457831,21.476620239980207
0.2174432566972656,28.570585576560518,21.474684098477326
0.21678387928156023,28.56733601284492,21.473521247678377
0.21603645612485056,28.56814992955117,21.472358401190093
0.21631366424292536,28.564086554935557,21.471195559010823
0.2184426037274551,28.560837202794914,21.468483253688078
0.22240057612617117,28.558807179178302,21.4673204258566
0.22925890138679283,28.555963372818496,21.464611082985414
0.2386529459508653,28.555963372818496,21.464611082985414
0.25090122602127074,28.55352501152828,21.46422152533495
0.26429591919396067,28.549462231869313,21.462672086521536
0.2797932184895031,28.546621762169593,21.461122655334464
0.29464488845071596,28.5449942861664,21.458797058368532
0.30799335924006455,28.53971591888552,21.459186609308404
0.3191261776855764,28.540121228664248,21.458023815823935
0.32752698356797727,28.537686324160518,21.45724764623759
0.33252030882522166,28.534029472969962,21.456087788830985
0.3336179566294522,28.532405272091808,21.45414884480988
0.33020735380522087,28.52915694938372,21.453762228997334
0.32259239457433564,28.526719241439423,21.453375613658352
0.3111785547737509,28.521847073491756,21.452212841589812
0.2967345971925177,28.521036603509174,21.45143668629413
0.2800811131233698,28.517380360180027,21.45143668629413
0.26395936377052864,28.514537730814368,21.450663461782256
0.24777757389473415,28.51169518203443,21.449887310292297
0.23327255432203844,28.509666154916545,21.450663461782256
0.22051810201419791,28.506823744187955,21.449114089570855
0.20952403571739248,28.501952542837103,21.449114089570855
0.2024480729233993,28.499515496162587,21.448724551060025
0.19920091390446143,28.49870520659408,21.44833794188463
0.19892966664912815,28.496673372869736,21.44717518834898
0.20088851298195615,28.493834399122477,21.447951333181834
0.20445143334303925,28.490584256330692,21.447564724951576
0.2091263362588042,28.486932191086737,21.448724551060025
0.21448413693395338,28.48368534030294,21.448724551060025
0.21959494780399655,28.480438594362113,21.44717518834898
0.22325959134375423,28.47719195322702,21.44833794188463
0.22546874787918827,28.47719195322702,21.448724551060025
0.2259536937411125,28.475565603390123,21.448724551060025
0.22433908016971288,28.471104016346885,21.44833794188463
0.2209984301228209,28.469477764886733,21.449500699695193
0.21647620529766531,28.466639558757322,21.448724551060025
0.21105231997626409,28.462580295924738,21.450663461782256
0.20538313891126447,28.460957250215984,21.45027685023581
0.19986355551862467,28.458116216128303,21.452599455505265
0.1957034931461758,28.45608826994379,21.45182622814758
0.19310346252033928,28.453652334063122,21.452986069893996
0.1925472913772024,28.450001608369803,21.45414884480988
0.1943630121769771,28.448783706592508,21.455311624008857
0.19898113363332376,28.44513008948661,21.45569824171929
0.20582874440274992,28.44310240442229,21.457637195262805
0.21495961258653729,28.442289501276548,21.458797058368532
0.22733424559411652,28.43904408906036,21.4599598547058
0.23998212360224758,28.435393891856506,21.461122655334464
0.25361180475164274,28.430526145076954,21.46305871326166
0.2672504994775464,28.430931014882276,21.463834897166294
0.2813881398458927,28.426063483123585,21.464611082985414
0.29444648479926766,28.423628271664825,21.4673204258566
0.30708432352607207,28.42078828806615,21.468483253688078
0.31896644640356275,28.419165914228472,21.471195559010823
0.3273580792005209,28.41510856012485,21.47197176301006
0.3355518080955311,28.413081477423702,21.473907887767837
0.3418353797783617,28.410241789915005,21.475844024477112
0.3468268630953651,28.40781002581781,21.476620239980207
0.3509431714259474,28.4045626538757,21.47778310227511
0.35497983522637433,28.402535782341317,21.479332615668795
0.3592195547872381,28.398886902537583,21.47894303974624
0.36397200619841136,28.39563981664469,21.48126878590449
0.37024839442020635,28.39199118513966,21.48126878590449
0.37659936389119736,28.38996456503895,21.4824316654653
0.3843764204551726,28.38631307189985,21.483204968120674
0.3920787624099381,28.383474134478604,21.48281831655396
0.40047236502568656,28.38023060773611,21.483981201875906
0.40862445893494376,28.377799563501583,21.483981201875906
0.41503108254171,28.373743865180302,21.48553074596674
0.42162939495421425,28.371309910857406,21.484757437558528
0.4276152839174872,28.370092955567713,21.484757437558528
0.4328433327233513,28.365228345388346,21.48514409152341
0.4381996369393255,28.36401146293514,21.48514409152341
0.44399204689017424,28.361580806836514,21.484367854880645
0.4505703891231352,28.35712117911197,21.483204968120674
0.45830824249678176,28.355499823418256,21.483204968120674
0.4665295078799442,28.35266174692765,21.4824316654653
0.47498595465471394,28.35104046230333,21.481655435555865
0.4843357766830886,28.347797970540853,21.48049548803499
0.4947844645469146,28.34496010882441,21.480882136730827
0.5065882203270863,28.342931362001252,21.480105910665372
0.515633276540648,28.34009670036545,21.478556393445217
0.5224408797090085,28.338472551408927,21.479719262928313
0.5263703085723025,28.33766355102364,21.478169747621507
0.5255827220600883,28.33280049087665,21.478169747621507
0.5192296796185425,28.329963046901128,21.477006883891534
0.5074667990013791,28.328342123527136,21.476620239980207
0.4890198453396084,28.3251003540704,21.476620239980207
0.46332214373672476,28.323072002520803,21.475844024477112
0.43215723002001594,28.321855623729732,21.475844024477112
0.3993245046047361,28.31861406038172,21.475070740000433
0.3648292746483329,28.31699331731619,21.474684098477326
0.326510141496535,28.31658890150834,21.474684098477326
0.293326053512976,28.31334750541089,21.475070740000433
0.2652652397146966,28.310914994071368,21.474294528333928
0.24385972010142684,28.310106212203323,21.475070740000433
0.22968189831885727,28.309294373207933,21.4754573820004
0.2251482135299416,28.305241401819387,21.475844024477112
0.2296138106928368,28.307269399151608,21.47623359654591
0.2422321398328921,28.304432664864237,21.47623359654591
0.2644640128987613,28.304432664864237,21.47623359654591
0.2894444390963711,28.30362087094801,21.47623359654591
0.32450351895180746,28.30119165446098,21.477006883891534
0.359615731989756,28.30159600931637,21.478169747621507
0.3958446644205907,28.29916377771883,21.478169747621507
0.4329865297544183,28.29673466713308,21.47894303974624
0.4580676417766201,28.297950746808567,21.479332615668795
0.47491986598787533,28.295922934339615,21.479719262928313
0.4847737188606134,28.296327268359676,21.480105910665372
0.4854271981620739,28.29389822514497,21.48049548803499
0.47643052007367037,28.29065754859488,21.48126878590449
0.45734756068019783,28.291873556024484,21.481655435555865
0.4328720381437458,28.291873556024484,21.482045014854577
0.4003052590148953,28.29106186180411,21.4824316654653
0.3670026074800889,28.28822557708554,21.483981201875906
0.32616431098673115,28.28741697467524,21.483204968120674
0.2873145627410867,28.28620102019738,21.48359454934939
0.2514162795484675,28.285796726190256,21.48514409152341
0.2206746547207355,28.284173440570157,21.485917400888468
0.19894843210947466,28.284173440570157,21.48630698549806
0.184657024192412,28.282960587358332,21.48553074596674
0.17566166914643103,28.281744685805847,21.48630698549806
0.1757555362791529,28.281340409394545,21.487466954581294
0.18282799339316627,28.279312926007776,21.487856541123676
0.19732255037251445,28.278908659194883,21.48862985720433
0.214229162450603,28.27809706775821,21.4890165159631
0.23305734656210148,28.278908659194883,21.489406104439183
0.2517607697474429,28.2732368414961,21.489792764159574
0.27256873635795353,28.27647696672193,21.49017942435904
0.28716696621465415,28.274856891302818,21.49134233708935
0.29942685116454815,28.274048394436193,21.492505254155674
0.3093181590974683,28.274452642072163,21.493278581759625
0.3158705175424543,28.274048394436193,21.495604434678626
0.3202640611301125,28.272832598655782,21.495604434678626
0.32340293174091894,28.272428357409808,21.496380699278575
0.32665122891027987,28.272021055342634,21.49754070583458
0.3315797988126569,28.27080834598894,21.498316975262412
0.3380055527291884,28.26918529783825,21.50025326329387
0.34756983585316265,28.268376845704665,21.50025326329387
0.3582885334493423,28.268781070974626,21.501802888269424
0.3723427219228483,28.266352681010915,21.501802888269424
0.38908797992338995,28.264732765581755,21.503352520970054
0.40645839182484156,28.26392128637451,21.503742127382793
0.4223290725922498,28.261897209610197,21.506065129145327
0.43608524314343117,28.261897209610197,21.50529176975624
0.4469812242180967,28.257846113874507,21.50645473896128
0.45264010207246064,28.258654483017835,21.508004394875343
0.4522719188865967,28.25663051014112,21.50877776102442
0.44630865063945857,28.25703468912991,21.50916444482209
0.43385190872264134,28.256226332743836,21.509940743295772
0.41664409694331916,28.25420240774355,21.509554058530114
0.395675988355975,28.252579622267433,21.510717043713214
0.36828614126300085,28.251771300957785,21.51187710380964
0.3472634685566942,28.248531955909527,21.512266720927357
0.3281589986593797,28.24893610302189,21.51265340907753
0.312130807186236,28.248124748684802,21.513426786826017
0.2999363930050716,28.246912321693685,21.51420309597802
0.2927997498043694,28.245292713010656,21.51458978654597
0.2908773692180768,28.24448138744549,21.51458978654597
0.294038642212392,28.243265941886932,21.51575279063485
0.30052532437255836,28.242457693856068,21.516529105620236
0.308771279077815,28.241646390671747,21.517689187492977
0.31871615408614185,28.238003259079903,21.51691579909442
0.3276171039263723,28.238811472088173,21.51846550733802
0.33465980170496346,28.238407364789907,21.519238899612333
0.3393413484885307,28.236787890113987,21.519238899612333
0.34227659553555767,28.235168440941948,21.520015223348707
0.3422160503114358,28.235168440941948,21.52040192118278
0.3402544178908615,28.235168440941948,21.520791549035266
0.3369775434529798,28.233953105476928,21.520791549035266
0.33329027061451133,28.233549017269127,21.52117824784085
0.33046761388805673,28.231118398962792,21.5219516469042
0.32956292014800725,28.22949903904197,21.523114678687193
0.33106881766358187,28.22949903904197,21.52350138040157
0.3345304723398779,28.22949903904197,21.52389101216437
0.3399646359143225,28.228283770546852,21.52427771485128
0.3480258422736381,28.22585633764521,21.524664418022724
0.3580404560906476,28.22585633764521,21.525440755398165
0.36674922380025116,28.226260395644715,21.52505405125379
0.37496707311999794,28.223425901017663,21.525440755398165
0.3816642904459783,28.223829949478045,21.526603800329497
0.38663933190064986,28.222617808853613,21.526603800329497
0.38922108076704875,28.222210704218696,21.526214165141084
0.3886246092614701,28.221402621591153,21.52815355719281
0.384670872547229,28.21978341449943,21.52737721298888
0.3782520327693669,28.2209955217603,21.526990506416723
0.3696431047981511,28.217353121195742,21.52737721298888
0.3589426732754811,28.21654201591474,21.52737721298888
0.3479697166354716,28.216137996044154,21.526990506416723
0.3358861534097161,28.2145188717015,21.526603800329497
0.3246277598481228,28.214114859763754,21.525827460027244
0.314485767716952,28.213303779973444,21.52389101216437
0.3063984321531019,28.21046964184535,21.523114678687193
0.3002042848331699,28.210876700088534,21.5219516469042
0.29656259496507825,28.211280699332804,21.520791549035266
0.2946109599825493,28.21006564577982,21.519238899612333
0.29447197970565886,28.20844661682679,21.51807881192633
0.29599745673096517,28.20682761329681,21.516529105620236
0.2989132193023004,28.207231596674603,21.51575279063485
0.30197187288035776,28.206423631501707,21.51381640589301
0.3052398382555457,28.204397625458967,21.513040097710416
0.3082123099660017,28.20480465973202,21.51187710380964
0.3106402599719915,28.20318571337515,21.512266720927357
0.31281613312818685,28.20197075519917,21.510717043713214
0.3149506324855509,28.20318571337515,21.509554058530114
0.3169731440315747,28.203993653182238,21.509554058530114
0.3192097174373221,28.201566792426206,21.508391077708893
0.32239781915921173,28.198325966512243,21.50877776102442
0.3271346217232134,28.198325966512243,21.508391077708893
0.3326949175492374,28.19792201800817,21.507614783113866
0.3412729116198525,28.199944836610825,21.507228101247847
0.3507401409350736,28.198325966512243,21.507228101247847
0.36104747801855563,28.197518071085085,21.50877776102442
0.37368908554561775,28.196707121807947,21.508391077708893
0.3845178387552066,28.194280432406572,21.506841419863633
0.39575328273326865,28.195088302493218,21.507228101247847
0.4053726296992394,28.19225466476189,21.507228101247847
0.4139285121207446,28.193065579063443,21.507614783113866
0.419452956521632,28.19225466476189,21.506065129145327
0.4231994178590257,28.19225466476189,21.50529176975624
0.423777875158493,28.18942110478946,21.504905090784064
0.4220050851511596,28.190231996840737,21.504905090784064
0.4186999424395858,28.18659068242522,21.504515482912666
0.41377273540340137,28.186994586602623,21.504905090784064
0.4090137532274118,28.18618371996473,21.50296584441196
0.4042670929721228,28.18496896185303,21.503742127382793
0.40073776021979546,28.18496896185303,21.50296584441196
0.3987121634034734,28.18496896185303,21.502579168335046
0.3987458758104753,28.184161170913967,21.501802888269424
0.4011954650216303,28.1817317165208,21.501029539490105
0.4062090971399059,28.183350326511118,21.50141621363929
0.4125645891292032,28.182542548224433,21.50141621363929
0.41985745755156684,28.1817317165208,21.501029539490105
0.427449675373645,28.18052007043309,21.50141621363929
0.43516457270865555,28.178898445114612,21.501029539490105
0.4412048537104316,28.18052007043309,21.50141621363929
0.4445477497102016,28.17849457257654,21.50025326329387
0.4447306689997799,28.177279904829334,21.499090317297032
0.4411355894218564,28.17687603861333,21.500642865821817
0.43306935353263204,28.176472173974673,21.499090317297032
0.4221570067259396,28.175661389878428,21.498316975262412
0.40758581230804153,28.175661389878428,21.498316975262412
0.3936421212599126,28.174853671665232,21.49793030496579
0.37855678467708714,28.173639046681785,21.498316975262412
0.3645301477360688,28.174853671665232,21.49754070583458
0.35297049945321674,28.17242443596109,21.496380699278575
0.34511346586965064,28.174042900257177,21.497154036502366
0.3428849898970766,28.170805996985393,21.495991102086577
0.34768060274966284,28.172828284794377,21.495991102086577
0.3595182828399647,28.17120983950099,21.495217767750717
0.37679633127080947,28.172020588704243,21.495217767750717
0.4001067528665758,28.170402156046066,21.49444150604893
0.4274583501230362,28.170805996985393,21.49405484056433
0.45666014296547963,28.170402156046066,21.49405484056433
0.49017556783225713,28.169998316682836,21.492891917717827
0.5258408352598991,28.16837685632015,21.492118591072995
0.5555156987741431,28.169591419524693,21.493278581759625
0.5781649747576562,28.166758480649435,21.492118591072995
0.5966234855577743,28.16837685632015,21.49134233708935
0.6050985908474378,28.167973024860714,21.49095567544856
0.6063554496400498,28.16837685632015,21.489792764159574
0.6008576234621896,28.167973024860714,21.49017942435904
0.5856379034935499,28.167165366669167,21.4890165159631
0.5612472962404437,28.16756919497709,21.486693641380555
0.5337826022455707,28.167973024860714,21.485917400888468
0.5064212721496254,28.16635465550462,21.48553074596674
0.47887180253957773,28.16756919497709,21.483981201875906
0.45419455391227936,28.167973024860714,21.483204968120674
0.43310483311033277,28.16756919497709,21.4824316654653
0.4168551677796722,28.16554700994135,21.481655435555865
0.4050480993781923,28.166758480649435,21.48126878590449
0.4007108658270033,28.16635465550462,21.480105910665372
0.40264254636291713,28.167165366669167,21.479332615668795
0.41035776169295296,28.16756919497709,21.479719262928313
0.42319496624328795,28.169187583325595,21.479332615668795
0.4401914351224313,28.167165366669167,21.47894303974624
0.4591740526747562,28.169187583325595,21.479719262928313
0.47684622101172913,28.167973024860714,21.480105910665372
0.49308352791974647,28.167973024860714,21.48049548803499
0.5056036783128434,28.169187583325595,21.48049548803499
0.5145300730828097,28.169998316682836,21.48049548803499
0.5175578563738981,28.169187583325595,21.481655435555865
0.5139468190337969,28.170805996985393,21.48126878590449
0.5043764034453749,28.172020588704243,21.480882136730827
0.4889824522213473,28.169591419524693,21.48126878590449
0.4679532134436817,28.170805996985393,21.481655435555865
0.4425318872882223,28.172020588704243,21.48126878590449
0.4128206232301019,28.173235194683173,21.482045014854577
0.38199294930266203,28.174446755409406,21.481655435555865
0.3524426645572101,28.175661389878428,21.482045014854577
0.32191051795018427,28.173639046681785,21.48281831655396
0.2965719719793381,28.175661389878428,21.48281831655396
0.27687557155998976,28.176472173974673,21.4824316654653
0.26277081526690044,28.174446755409406,21.482045014854577
0.25466152061935543,28.175661389878428,21.48281831655396
0.2522915980260156,28.177279904829334,21.483204968120674
0.2562443341163647,28.178898445114612,21.483204968120674
0.2661017284703796,28.18052007043309,21.48359454934939
0.2815065751381307,28.180113131877476,21.4824316654653
0.3026720424991432,28.180113131877476,21.48359454934939
0.32875007496449726,28.18294643657856,21.4824316654653
0.3577672899665949,28.182138661448676,21.483204968120674
0.3862424943115556,28.182542548224433,21.4824316654653
0.4157450323388013,28.186994586602623,21.4824316654653
0.4458057483998111,28.18496896185303,21.48281831655396
0.47371303908348966,28.18780239969493,21.48359454934939
0.4979073476870209,28.189017191124208,21.4824316654653
0.5200754753130844,28.187398492359193,21.482045014854577
0.5402930967032202,28.186994586602623,21.482045014854577
0.5590144776605448,28.19063591525685,21.482045014854577
0.5783069436365295,28.19063591525685,21.481655435555865
0.5960064203187758,28.189828080004304,21.48126878590449
0.6136592009892899,28.191850740014274,21.482045014854577
0.6270902172954468,28.19387343964388,21.48126878590449
0.6386164912444727,28.19387343964388,21.481655435555865
0.6462662463255817,28.1946843666596,21.482045014854577
0.6500394090607353,28.19346950856351,21.483204968120674
0.6495579989499571,28.195492239907423,21.48281831655396
0.6442156029964297,28.196707121807947,21.48359454934939
0.632423210946348,28.195899239052153,21.484367854880645
0.617646246246548,28.195899239052153,21.483981201875906
0.6026872818670551,28.196707121807947,21.483981201875906
0.5836969955761725,28.19792201800817,21.483204968120674
0.5662088121853751,28.19954088176968,21.482045014854577
0.550192922481813,28.19711412574304,21.480882136730827
0.5374228948772253,28.20115977092894,21.48049548803499
0.5300059482670391,28.20035185331534,21.47778310227511
0.5275429153703338,28.20318571337515,21.477006883891534
0.530465211528379,28.20318571337515,21.476620239980207
0.5391361189561166,28.20197075519917,21.473907887767837
0.5520959558397159,28.20480465973202,21.472745039846473
0.56811923049791,28.206423631501707,21.472358401190093
0.583772106131134,28.206423631501707,21.470422285991617
0.5999497349933153,28.20844661682679,21.47080892226313
0.614505278334316,28.21249576720885,21.470032721138864
0.6264191425062439,28.21289977279929,21.46886988757268
0.634186817807334,28.213303779973444,21.468096620279198
0.6375935992794822,28.21775714583174,21.466933793878297
0.6369285997699652,28.21816423286299,21.46616053134818
0.6327078019799224,28.220187448667957,21.46616053134818
0.6256483696086625,28.222617808853613,21.46577097177868
0.6162896413182325,28.22302185414287,21.463834897166294
0.6061080594660597,28.226260395644715,21.46189883446567
0.5953927842741296,28.227879704604106,21.46228546025617
0.5861239726262049,28.227879704604106,21.460349407083186
0.577601553667541,28.232333700937545,21.459573231769923
0.569990706691518,28.232333700937545,21.45841043685914
0.5621453686687645,28.238003259079903,21.45647440749258
0.5550800179723041,28.239622752898754,21.454538390008906
0.5480787359162744,28.2404309786383,21.452986069893996
0.5401906478833673,28.243265941886932,21.45143668629413
0.5319439198624697,28.248531955909527,21.449887310292297
0.5234985704533173,28.248531955909527,21.44717518834898
0.5142155300095989,28.25136714268899,21.445239227836055
0.5046222364259934,28.255010748192376,21.443303279161796
0.4957054846654003,28.25703468912991,21.440977813338748
0.48950957773773,28.26068155788846,21.438265767690837
0.4859898473634501,28.262301409343195,21.437103051117163
0.4863120547498714,28.2659454030794,21.434393967307244
0.4906793295691949,28.26918529783825,21.43284174591355
0.4982701350899645,28.270401050358714,21.430519285415926
0.5090618293894715,28.2732368414961,21.428580497835128
0.5211950335247187,28.279717194416207,21.42742074535039
0.5331378649835854,28.281744685805847,21.425871486625738
0.5427518090682214,28.282553243416487,21.424708815367012
0.5498569027584509,28.287009613001942,21.423159569827135
0.5518169710345298,28.29106186180411,21.420834251327676
0.5481502365979154,28.29106186180411,21.41928502460439
0.5387731488716887,28.297139004362464,21.41850894977148
0.5233787589469114,28.29916377771883,21.415800024093926
0.5023142059774934,28.29997553623923,21.413861325974267
0.47856208208335116,28.304432664864237,21.413474759174505
0.4528878214009517,28.30807815855968,21.411925568125525
0.4288709932989105,28.31131938740714,21.41037638457493
0.4080490967538137,28.31334750541089,21.409600331360764
0.3922641096499172,28.316184487302564,21.409213769706582
0.37843816488546916,28.316184487302564,21.407664599272323
0.36819485605834296,28.31902154803663,21.407278039953383
0.3619789691660658,28.323072002520803,21.404952836913026
0.3590297273934558,28.32550480361317,21.404952836913026
0.35911161026620053,28.32753013946308,21.403790241713637
0.36143967106136526,28.329963046901128,21.403790241713637
0.3649350517724505,28.331988471305067,21.402627650725776
0.36930003546691503,28.334017000226652,21.40069196071255
0.3741394211657557,28.336851492703147,21.40069196071255
0.3774522332026951,28.33928462265044,21.399142831419113
0.3792334833612373,28.341717810713305,21.399142831419113
0.37916391981118736,28.34536463719371,21.39720716239765
0.3771401655568851,28.348607051440865,21.396044595226783
0.3736109354657146,28.349419203509285,21.396044595226783
0.36816615834074773,28.350635911376855,21.394495488320047
0.3629989144342459,28.355499823418256,21.392946388867813
0.35816037965259384,28.35752575582859,21.392556918911225
0.3545111877647784,28.358742560653297,21.39217037776575
0.35427885898394623,28.359959380038333,21.391397296866046
0.35811644074752524,28.364419132260025,21.39023475067114
0.3661248001671736,28.3648237380188,21.38868567170192
0.3789171732822147,28.36887908018008,21.38868567170192
0.39780044417874133,28.369688328826896,21.387909670856743
0.4244817219097721,28.374553152587907,21.386747137233954
0.45347227843025417,28.376582530438668,21.38597406933451
0.4901241107907935,28.377391840472455,21.385587536079015
0.531648791459531,28.379421275069035,21.384038479417427
0.5807277542916557,28.38104301254799,21.382486501931567
0.619947611668742,28.385095936732284,21.38287595973219
0.6531726148316743,28.385095936732284,21.382486501931567
0.6854442098324023,28.388747386051193,21.38132691607069
0.7080069090434346,28.39077398182434,21.38055093290575
0.7225980495457625,28.39077398182434,21.379777879830442
0.7251016412627977,28.394425635613914,21.37861537546371
0.7174713432181825,28.396047613031726,21.37861537546371
0.7036346198693093,28.397669616408734,21.37822592279366
0.6807785890284358,28.398886902537583,21.377452875272866
0.6594103357473682,28.403348365906595,21.37706635220468
0.6354856976608322,28.40172320529507,21.37706635220468
0.6119240683784326,28.402940540132533,21.376290379256204
0.5883181313972023,28.404970486182037,21.375903857575565
0.5679303045008103,28.406997406448966,21.375517336356154
0.5531018234967385,28.409837002935546,21.375127887412077
0.5426802289302735,28.409837002935546,21.374741367118418
0.5391209455689356,28.413486277380628,21.375127887412077
0.541784201376589,28.412268815732318,21.373968327914213
0.5492568971014221,28.415921244624997,21.373192362385282
0.5622219611552721,28.41510856012485,21.373578880831644
0.578120143089068,28.42119311886603,21.373192362385282
0.5923889177577326,28.42160101820525,21.373578880831644
0.6073050291353947,28.422005852259076,21.372805844399693
0.618814304710076,28.42525071710878,21.373192362385282
0.6251198440937421,28.427278043764545,21.371643365052876
0.6251614990859573,28.43011820971708,21.371643365052876
0.6194034869278584,28.432148701272524,21.370480889871942
0.6075634579939428,28.43377128353086,21.370480889871942
0.5879007411408105,28.435393891856506,21.369707860822814
0.5625946003120088,28.437826319526096,21.36815595200136
0.536959803795735,28.4402618732845,21.36776944001457
0.5060097709703872,28.442289501276548,21.366606978704738
0.47736785520324987,28.446752880414408,21.36622046856081
0.455510295390509,28.447970757671044,21.365833958876635
0.4385556822581508,28.448783706592508,21.365447449652095
0.42610083389354936,28.452434388194035,21.36428499664771
0.4184100422807985,28.45730319195593,21.36428499664771
0.417028247037341,28.456898216324703,21.36350905425985
0.4224695106151765,28.460957250215984,21.362736041797064
0.4314728193203936,28.463390294490694,21.362736041797064
0.442098818104184,28.4637983644173,21.362736041797064
0.45510326913062427,28.467449589970215,21.363122547798866
0.46857521838648875,28.469072740307354,21.36234660818394
0.4815793007809314,28.471104016346885,21.36234660818394
0.4922207981372873,28.47435046104721,21.36234660818394
0.5002066915504062,28.47840712988824,21.36234660818394
0.5048155884556668,28.478815260696194,21.36234660818394
0.5054189831358828,28.482061954229493,21.36234660818394
0.5024589330601547,28.484903664269723,21.362736041797064
0.49536922699747665,28.486118934118792,21.361960103103854
0.48517835239077156,28.488150554404058,21.361960103103854
0.4734440966654463,28.48977403880434,21.36234660818394
0.4597427140819057,28.49342620733279,21.361960103103854
0.4441164683998544,28.49748671527209,21.361960103103854
0.42741513000780695,28.49748671527209,21.362736041797064
0.4110724266289345,28.49911035056101,21.362736041797064
0.3949639994656517,28.501952542837103,21.362736041797064
0.379642898920303,28.502762858615768,21.361573598482835
0.36347840278412735,28.5076371688387,21.361573598482835
0.35007096585637126,28.508855783391823,21.361573598482835
0.33709170339263866,28.510479602614225,21.36118709432077
0.32566992149532786,28.514537730814368,21.360411159320165
0.3162132600061285,28.514946008477295,21.359638154214906
0.3081755862882717,28.515351218027092,21.35769979341967
0.3019343694569477,28.517785579569306,21.356926794747494
0.2965885270376491,28.520628301038755,21.356926794747494
0.29431423373912846,28.52225231094127,21.355377874893634
0.2942300968398911,28.524689910180484,21.353828962395596
0.29657161255179476,28.52793808799464,21.35150414344548
0.30134357397638317,28.5368726555364,21.35150414344548
0.30997250655550207,28.53118637116114,21.35034174017727
0.32025160283457393,28.534029472969962,21.348019873988164
0.33224495101837803,28.53443475971727,21.348019873988164
0.34496732635811506,28.537686324160518,21.347243970299814
0.35911548546123684,28.538902233756573,21.345695096365944
0.37292555253688997,28.53971591888552,21.345308611007567
0.3866351786374882,28.54134023842562,21.344532713749288
0.39777648166903046,28.544588956640382,21.34259737048842
0.4053014995696983,28.54540268803231,21.342207960896644
0.40845491204558537,28.547027099936088,21.342207960896644
0.40695076341148734,28.548246193880175,21.341048518536923
0.3993414464247514,28.54987065198725,21.34065911078585
0.38643080492586046,28.550276002927433,21.34143499886767
0.3695194735792571,28.552305853197197,21.339499673905095
0.3464670966331073,28.553119647409915,21.339499673905095
0.3229983318281709,28.555554927798084,21.339499673905095
0.2959337790340484,28.555554927798084,21.339499673905095
0.2700932235351723,28.554338815670178,21.339499673905095
0.2441709056628152,28.55758795638559,21.339110267993703
0.21253822720827514,28.558807179178302,21.33833731326854
0.1852865954638302,28.560837202794914,21.339110267993703
0.1654193420421554,28.559617955219608,21.339886152409747
0.15120001325653204,28.562056465257456,21.339110267993703
0.14194556001904196,28.562056465257456,21.337950836589016
0.13738946312304962,28.562867267681554,21.33833731326854
0.13735669344802565,28.564491963568287,21.33756143251628
0.13973717475292946,28.56652517412283,21.337174956750687
0.14282299032928253,28.56652517412283,21.337174956750687
0.1448459093243939,28.56652517412283,21.33523965692075
0.14473833991936585,28.56814992955117,21.334850256064215
0.142012595658225,28.56733601284492,21.333690839706264
0.13505301988674445,28.56896078147463,21.332139101992766
0.12722030425750258,28.56896078147463,21.33175263260739
0.11831669104212528,28.567744506060194,21.33175263260739
0.11006840078447966,28.568555354689295,21.330590299390394
0.10364033695137503,28.56814992955117,21.33136616367625
0.09993495669745256,28.56814992955117,21.32904150408126
0.0992114634449488,28.568555354689295,21.32788210820496
0.1021038096454891,28.56733601284492,21.3286550383354
0.1080467165567523,28.565305857081967,21.32788210820496
0.11649755090869224,28.565305857081967,21.327106252133945
0.12680526912722478,28.564086554935557,21.3263303978909
0.13601292794328035,28.564086554935557,21.325943935327246
0.14543086401621586,28.561242598233605,21.325557473216975
0.15332180411497787,28.561651066514457,21.32478162262163
0.15898734680402982,28.558807179178302,21.323622241739713
0.16197850702915592,28.5567741257762,21.322459937220913
0.16386774543975433,28.5579933386349,21.322846395699514
0.16570964636657187,28.555963372818496,21.322459937220913
0.16855436727802983,28.553119647409915,21.322459937220913
0.17260636713942382,28.553119647409915,21.322846395699514
0.17977025476275083,28.54987065198725,21.320521796225535
0.19260573220941934,28.54865153823289,21.321297636798192
0.21129178983217606,28.546213355324426,21.321297636798192
0.234456570257041,28.543369907284728,21.320911180133976
0.2586507630562228,28.540934923707937,21.321297636798192
0.2825114318679286,28.539310610748828,21.320911180133976
0.3084586103591765,28.537686324160518,21.320911180133976
0.3336191455887738,28.536062063938346,21.321297636798192
0.3606637706600249,28.533218904398268,21.321297636798192
0.38424320220308095,28.52915694938372,21.321684093915053
0.40633334413522665,28.528343350084867,21.322846395699514
0.42058539614507007,28.5259087320419,21.32323285463093
0.42797040914232526,28.52306586076878,21.322070551484614
0.42729556684173386,28.520628301038755,21.322846395699514
0.41912705422994706,28.517785579569306,21.324008701580624
0.4048503286510933,28.515756429214548,21.324008701580624
0.386348359198936,28.512103448124492,21.32439516187452
0.3622074858722401,28.508855783391823,21.32517101156003
0.33711710299579656,28.509260968335923,21.32478162262163
0.31162255792144344,28.504794815587957,21.3263303978909
0.2862007560296336,28.501952542837103,21.3263303978909
0.2635024346887531,28.500328861586297,21.3286550383354
0.24465206673916293,28.498300064261855,21.329430898057012
0.23203185662525147,28.49464464939325,21.33020383182526
0.22569030569305862,28.49220778005025,21.33136616367625
0.22585297155375061,28.490584256330692,21.332139101992766
0.2324970364547712,28.486118934118792,21.333690839706264
0.2447086918916908,28.484495508752275,21.334850256064215
0.26381011027164036,28.480843664692202,21.33407731137089
0.28849209876313475,28.479220324488722,21.334463783490207
0.31244994099956636,28.475973722670915,21.334850256064215
0.3353723163304587,28.47353730580562,21.334850256064215
0.35918991436042064,28.471104016346885,21.334463783490207
0.3785585050248409,28.470695916813213,21.33523965692075
0.39494071673558573,28.467854608020218,21.33523965692075
0.40784698554883286,28.464608372778287,21.334463783490207
0.4134009264815194,28.461362242160078,21.33523965692075
0.41424549365526075,28.4593342306527,21.336012604349776
0.40987826631324387,28.458116216128303,21.334850256064215
0.4024044982522945,28.45568023123991,21.33523965692075
0.3938320588284855,28.452434388194035,21.334850256064215
0.3841044935492028,28.451216457036594,21.335626130407775
0.3744405452820234,28.449593594297426,21.334463783490207
0.36570119176745153,28.446752880414408,21.334463783490207
0.3602579101174781,28.445538085505575,21.33407731137089
0.3576905410910992,28.44188458592629,21.33407731137089
0.35874378525489525,28.441074760099298,21.336012604349776
0.3630422260487338,28.43863918672872,21.33678848144018
0.3703499729306267,28.436203672115255,21.33678848144018
0.38027271322616446,28.43377128353086,21.339110267993703
0.3915132979106613,28.432148701272524,21.34027263137
0.40285131268833924,28.430526145076954,21.34259737048842
0.4126561402145041,28.427685967658363,21.344146229763453
0.4211160185554202,28.424845870060665,21.344919198191462
0.42596378708024857,28.423628271664825,21.345695096365944
0.42664866737578533,28.42119311886603,21.347243970299814
0.4225035237399078,28.419570738533594,21.34879285156893
0.41421585554155804,28.417543566416327,21.348019873988164
0.3994293559909736,28.41673086888295,21.34917934104476
0.38099141191941155,28.41429894884982,21.348406362550122
0.3603124063609513,28.41267667908619,21.34879285156893
0.3372518303363357,28.409837002935546,21.348406362550122
0.3133523594613089,28.409432217574818,21.34608158218083
0.2900450169615101,28.408214804691852,21.346468068452225
0.27121332855238184,28.405375253704165,21.345695096365944
0.25730835087065884,28.404157889601606,21.344532713749288
0.24746286290062058,28.40050895136659,21.344532713749288
0.24305823095441184,28.401318452368344,21.344532713749288
0.24496367238892003,28.40091370105887,21.344146229763453
0.25383198498304715,28.39645234490297,21.343759746233843
0.2697369496579304,28.396857078390553,21.344532713749288
0.2922324769224974,28.393613123602847,21.344146229763453
0.31600109409043586,28.3915864710807,21.344919198191462
0.3412738642414647,28.3915864710807,21.345695096365944
0.3728177631109722,28.38955679312096,21.345308611007567
0.40414316036212394,28.38955679312096,21.345308611007567
0.43620125877960997,28.387934919542488,21.345308611007567
0.4643326097676163,28.38590838050061,21.345695096365944
0.4909537508290569,28.383474134478604,21.345695096365944
0.5153394254922522,28.384286565259174,21.34608158218083
0.5360534035979644,28.38023060773611,21.346468068452225
0.5548438953900552,28.37982594059588,21.34685748311165
0.5674509608788434,28.37982594059588,21.34685748311165
0.5760054850918276,28.37860888323803,21.34608158218083
0.5796650028807817,28.375770161324624,21.345695096365944
0.5793250472739175,28.37293151877617,21.344919198191462
0.5760028941806363,28.372526880727605,21.344919198191462
0.5701259224555705,28.36887908018008,21.344532713749288
0.5630577514171807,28.36847139296259,21.342983852646228
0.5561314367790704,28.368066772680038,21.342207960896644
0.547978974880527,28.367257536948898,21.34143499886767
0.5410035848392785,28.366445242412283,21.34027263137
0.533265147121934,28.36401146293514,21.339886152409747
0.5254697750195451,28.362389997369007,21.339110267993703
0.5182999956256276,28.361176213985516,21.337950836589016
0.511259323629843,28.359959380038333,21.337950836589016
0.5048505028407864,28.35833797909595,21.336012604349776
0.4989517810468135,28.35833797909595,21.334463783490207
0.4939228588226138,28.356308965562164,21.333690839706264
0.48975119191275523,28.35590439368565,21.332528499636055
0.4878527816551532,28.354687622814993,21.33020383182526
0.48747590168914334,28.353066305908555,21.32904150408126
0.4886070285519214,28.353878493567606,21.327492716061556
0.49091058284043376,28.35225718955536,21.3263303978909
0.49469089345322637,28.353066305908555,21.32517101156003
0.4992075020380491,28.351849568981322,21.32439516187452
0.5041056158363049,28.353066305908555,21.322459937220913
0.509808284164481,28.350635911376855,21.320521796225535
0.5139148092456185,28.35104046230333,21.31858659429173
0.5170319930916573,28.350635911376855,21.317813687762907
0.5177187396152577,28.351849568981322,21.31742430750728
0.5151918979847718,28.349823749599125,21.315102673852323
0.5092975098813379,28.349419203509285,21.315102673852323
0.5003613649348582,28.35104046230333,21.31277812887066
0.4856764161151775,28.349823749599125,21.311229417160405
0.4668518180186925,28.349823749599125,21.309680712694615
0.4448725140375821,28.35225718955536,21.30890489938014
0.4238462104482318,28.349823749599125,21.30813201546931
0.4016509076148535,28.35104046230333,21.30813201546931
0.37993042437075447,28.35347086649807,21.305807519415623
0.3601931235514455,28.351445014838134,21.30503464272482
0.34664423213601264,28.350635911376855,21.304645277498253
0.33734872189294873,28.353066305908555,21.304258840281477
0.33230221536817606,28.35104046230333,21.302323733410105
0.3323962406093651,28.351445014838134,21.302323733410105
0.33812760386285085,28.351445014838134,21.30193437136319
0.34901220957854784,28.353066305908555,21.30116150368991
0.36292028609854327,28.35347086649807,21.300385710295757
0.3774539679065394,28.35225718955536,21.299612846224704
0.3937662345896183,28.355095254759988,21.29883705644545
0.409223256741142,28.35590439368565,21.298450625985538
0.42216891411194396,28.35590439368565,21.297677766412846
0.43095864345231916,28.356308965562164,21.29806419597469
0.4348790942989626,28.35590439368565,21.2969019811477
0.4327442782162736,28.355499823418256,21.29612619769148
0.42182073728572733,28.359147143820394,21.2969019811477
0.4068835053010051,28.35752575582859,21.29573977038052
0.39257472435104873,28.359959380038333,21.29612619769148
0.3791586650580651,28.358742560653297,21.296515552935887
0.3687926387335373,28.360768557665665,21.296515552935887
0.36018440083446857,28.36036396804701,21.29612619769148
0.3547815023464954,28.360768557665665,21.297677766412846
0.3526154116717865,28.359147143820394,21.29883705644545
0.35411191957334376,28.36036396804701,21.299612846224704
0.3596150718513767,28.360768557665665,21.30077507052755
0.3679501355621869,28.359551728597182,21.30154793730179
0.37851128134704315,28.360768557665665,21.30193437136319
0.3912321306854317,28.360768557665665,21.303872403514674
0.40576803125311156,28.360768557665665,21.30503464272482
0.4193616223337288,28.361176213985516,21.306969765405427
0.4325956302180314,28.361176213985516,21.308518457199398
0.43791736785927415,28.36198540129766,21.310453600218352
0.43881799736501104,28.36198540129766,21.31161586250414
0.4359612142010409,28.36279766019078,21.312391682169903
0.42931292539800464,28.36198540129766,21.313553951261213
0.4174372291626056,28.362389997369007,21.31626202481175
0.405685307060253,28.363202259495154,21.31626202481175
0.39204761776911057,28.36198540129766,21.31742430750728
0.3717828724212172,28.362389997369007,21.318200140801196
0.3572378910376781,28.365228345388346,21.319748885166746
0.3425160930825663,28.364419132260025,21.319748885166746
0.3289281481472818,28.362389997369007,21.320911180133976
0.3172486747312001,28.3648237380188,21.320521796225535
0.3078010287034963,28.36401146293514,21.321297636798192
0.29843340928722056,28.363606860409902,21.321297636798192
0.2897448956470613,28.3648237380188,21.321684093915053
0.2829927914291358,28.365228345388346,21.321297636798192
0.2774207229521905,28.365228345388346,21.321297636798192
0.27119364905399146,28.365636019594376,21.321297636798192
0.2634081341592165,28.364419132260025,21.320911180133976
0.2530042354599991,28.363202259495154,21.320911180133976
0.24183243726445366,28.36604063019786,21.320521796225535
0.22843458103595615,28.363202259495154,21.320521796225535
0.21342833949752726,28.365228345388346,21.320521796225535
0.19552076191469117,28.367257536948898,21.320521796225535
0.17821476815478565,28.363606860409902,21.319748885166746
0.15984849034283033,28.368066772680038,21.31858659429173
0.14741967719489052,28.366445242412283,21.318973048234454
0.13859405283464843,28.367257536948898,21.320135340469903
0.13554609942061124,28.365228345388346,21.319362430315948
0.13845204894600827,28.366445242412283,21.319362430315948
0.14871827077669347,28.366445242412283,21.319748885166746
0.16582919275420838,28.36604063019786,21.319748885166746
0.18951214561078045,28.3648237380188,21.318973048234454
0.22178234801904018,28.364419132260025,21.31858659429173
0.2564081358678444,28.366445242412283,21.319362430315948
0.2960559852381138,28.366849856237707,21.320135340469903
0.3311725343981857,28.36604063019786,21.320135340469903
0.36720369752823934,28.36604063019786,21.319362430315948
0.4018777045613215,28.3648237380188,21.319362430315948
0.43308513776170127,28.36401146293514,21.319362430315948
0.46412789589097914,28.36198540129766,21.318200140801196
0.47287309935458427,28.360768557665665,21.31742430750728
0.4667466290290959,28.361176213985516,21.316651403697733
0.4446367028636637,28.361580806836514,21.315875574040206
0.41489802623609867,28.358742560653297,21.315875574040206
0.3765628266476092,28.35833797909595,21.315489123720397
0.3415974473989567,28.359147143820394,21.315489123720397
0.3070458970421678,28.356716604004703,21.315102673852323
0.26571856497066804,28.355095254759988,21.31471329679067
0.24427691613783378,28.35347086649807,21.313553951261213
0.2305524335143724,28.35347086649807,21.31471329679067
0.22616009986566618,28.351445014838134,21.313940399319563
0.2276601282619211,28.349419203509285,21.314326847829307
0.2341706471295476,28.349419203509285,21.315102673852323
0.24345105047414078,28.348607051440865,21.31471329679067
0.2551721592447133,28.34820251018698,21.315102673852323
0.2692543673001738,28.347390367826506,21.314326847829307
0.2805441970311283,28.345769167170204,21.31471329679067
0.29002045577834107,28.344555582062355,21.31471329679067
0.29700204237642913,28.34333894686472,21.315489123720397
0.30032645008131953,28.343743468793434,21.31626202481175
0.2996527881175161,28.340905720073806,21.317037855376498
0.2957571360449226,28.340905720073806,21.316651403697733
0.28742477278424433,28.33928462265044,21.316651403697733
0.27888099842848835,28.34009670036545,21.31858659429173
0.2691035599935334,28.338472551408927,21.318973048234454
0.2589311232769358,28.3360425051888,21.320521796225535
0.2533559794058873,28.3360425051888,21.321297636798192
0.25260741801443076,28.333204970963664,21.320911180133976
0.2571191296118933,28.334017000226652,21.322070551484614
0.2657296263807192,28.33117952238996,21.322459937220913
0.27732166317798146,28.328342123527136,21.324008701580624
0.2927351210740742,28.326721225918448,21.324008701580624
0.30745245319423664,28.32753013946308,21.324008701580624
0.327644086915595,28.32550480361317,21.325943935327246
0.34189264995670154,28.324692842137893,21.3263303978909
0.3536585753633804,28.322263124329027,21.327106252133945
0.3653211521816117,28.321046755181044,21.3286550383354
0.3730854815055988,28.319830400532624,21.32904150408126
0.3795253310369268,28.319830400532624,21.33020383182526
0.3840082629830035,28.31699331731619,21.330979695199403
0.388182852054748,28.315777010973193,21.330979695199403
0.39206068623288975,28.31294310404411,21.333301440685716
0.39551156543689114,28.310914994071368,21.334850256064215
0.39923720225324827,28.31253564065031,21.336399078746695
0.40314124177086363,28.30969876012739,21.33756143251628
0.4081793256825398,28.306861958390073,21.338723790403435
0.41314618740306036,28.305648836118962,21.339499673905095
0.4181295935297154,28.305241401819387,21.34065911078585
0.4226685398017095,28.30402829878676,21.341821479654186
0.4274063929663236,28.302407787150344,21.342983852646228
0.43142987349422374,28.300379886284475,21.344146229763453
0.43515624247959983,28.29875943248311,21.344146229763453
0.43750671231328403,28.297139004362464,21.34608158218083
0.4391702152664946,28.295922934339615,21.346468068452225
0.4403731066429101,28.294302551161252,21.34608158218083
0.44113267079141294,28.29268219365099,21.34685748311165
0.4418108730941566,28.29268219365099,21.346468068452225
0.44249450603438506,28.29065754859488,21.347243970299814
0.44352264890771703,28.288629880686358,21.346468068452225
0.4449556452802088,28.287009613001942,21.347243970299814
0.44657066946294316,28.28741697467524,21.34685748311165
0.4486596795586183,28.28741697467524,21.347243970299814
0.4504045140827837,28.284173440570157,21.348019873988164
0.4517174106431662,28.282960587358332,21.34763045794466
0.4521840480168956,28.282148963813142,21.34763045794466
0.4508017762268413,28.281340409394545,21.34763045794466
0.44759561589093094,28.278908659194883,21.348019873988164
0.44252895653610314,28.27809706775821,21.348019873988164
0.43523114248860717,28.279312926007776,21.348019873988164
0.42336944419774164,28.276072711099857,21.34763045794466
0.41156008210603406,28.27647696672193,21.348019873988164
0.39836882868077617,28.275668457072754,21.34763045794466
0.384472324527309,28.275668457072754,21.347243970299814
0.3699078790795395,28.274452642072163,21.34879285156893
0.35480167077202507,28.2732368414961,21.348406362550122
0.34297512324729834,28.272832598655782,21.348019873988164
0.3354464085251831,28.269996818701657,21.348019873988164
0.33127840944857484,28.271212580846054,21.34917934104476
0.3323725460161412,28.26959258863849,21.348019873988164
0.34214501273482884,28.26918529783825,21.348406362550122
0.3545049115134232,28.270401050358714,21.348019873988164
0.3722333723473594,28.269996818701657,21.348406362550122
0.39054314775742854,28.268781070974626,21.348406362550122
0.4109577809544336,28.26918529783825,21.348406362550122
0.4316315257459491,28.267565337662973,21.34879285156893
0.4516970605786787,28.267565337662973,21.34879285156893
0.4662507616945021,28.26554118898713,21.34917934104476
0.47646935865902784,28.268781070974626,21.34995524932674
0.48041873873987906,28.266352681010915,21.349568758933344
0.4781752126320048,28.26554118898713,21.34995524932674
0.46931593986615294,28.26675689830165,21.349568758933344
0.4532949699121719,28.265136976487952,21.34995524932674
0.4301521859536531,28.26392128637451,21.349568758933344
0.400484553126996,28.265136976487952,21.35034174017727
0.36878925943409013,28.265136976487952,21.350728231484993
0.33640923683898666,28.265136976487952,21.350728231484993
0.300970175459394,28.26351708025902,21.350728231484993
0.2714417106565069,28.263109813586823,21.35111765121968
0.24513054929194372,28.263109813586823,21.35111765121968
0.22589023376596534,28.26432549408287,21.3518906361287
0.21079861294171648,28.262705610668718,21.3518906361287
0.20248674284376839,28.262705610668718,21.35266655085104
0.20298822420798648,28.261897209610197,21.353828962395596
0.21067943936685815,28.261897209610197,21.35305304491027
0.22369479054586508,28.261897209610197,21.353828962395596
0.24227549335928888,28.261897209610197,21.354215457831344
0.2653593699886243,28.2594659205692,21.355377874893634
0.28935160874016,28.261489949368524,21.354988450076405
0.3115199852176813,28.2594659205692,21.355764372164515
0.33223700316223254,28.26068155788846,21.356926794747494
0.3533780679707027,28.2610857528324,21.358086293443307
0.3705367205370409,28.2610857528324,21.35615086989344
0.3825675297783626,28.25987011072459,21.357313293854418
0.39170788722573646,28.25987011072459,21.358086293443307
0.39764656194976267,28.257441931690494,21.357313293854418
0.3998169358828472,28.258250297650306,21.35769979341967
0.3998965408194692,28.26068155788846,21.358475721961042
0.39838166659935065,28.25703468912991,21.35886222290503
0.3965236557600238,28.2594659205692,21.35886222290503
0.3952646814681253,28.256226332743836,21.359248724307577
0.3952766833128276,28.25703468912991,21.359638154214906
0.3969053022710991,28.25582215693794,21.359638154214906
0.4003109766444426,28.255010748192376,21.359638154214906
0.4047679562260043,28.255010748192376,21.359248724307577
0.40985705156396907,28.255010748192376,21.359248724307577
0.4158756071973397,28.25379517803424,21.35886222290503
0.4216056770169465,28.25460657717241,21.3600246565382
0.4262936631177725,28.252175460817227,21.359248724307577
0.4287768672258379,28.252175460817227,21.35886222290503
0.4287921782499476,28.250151615662674,21.35886222290503
0.4256545569122395,28.25055576914798,21.359248724307577
0.4190787185150406,28.250151615662674,21.35886222290503
0.40871800745070325,28.247720604764538,21.3600246565382
0.3907234909130694,28.24610098333983,21.359248724307577
0.3673852914342655,28.245696847380486,21.359248724307577
0.34903392397490635,28.24448138744549,21.359248724307577
0.3359115846503591,28.24610098333983,21.358475721961042
0.3245961204093565,28.243673129855665,21.359638154214906
0.31794846345372524,28.244077257855963,21.360411159320165
0.3163128335030786,28.244885518624415,21.359638154214906
0.31924478304241705,28.24286181707697,21.3600246565382
0.3266337572506478,28.24205051070271,21.3600246565382
0.3409476135774142,28.24205051070271,21.3600246565382
0.35848696070172514,28.242457693856068,21.360411159320165
0.3800792619394266,28.241646390671747,21.360797662561026
0.40397034078661137,28.239622752898754,21.361573598482835
0.4287518218038959,28.24002686497431,21.361960103103854
0.45340329550375735,28.238407364789907,21.360797662561026
0.47953947994421153,28.2392186424118,21.36234660818394
0.5010417299701543,28.238003259079903,21.362736041797064
0.5196993167333309,28.238407364789907,21.360797662561026
0.5332649381279857,28.237596093569323,21.360797662561026
0.5428077654037529,28.238407364789907,21.360797662561026
0.5479759191647638,28.238407364789907,21.359638154214906
0.5480601629641915,28.23557253551212,21.35886222290503
0.5447619637998881,28.235976631669985,21.357313293854418
0.5370586273178416,28.233953105476928,21.356537368080524
0.5287456531791453,28.23476434795947,21.35460195372491
0.5240337136091906,28.232333700937545,21.353439539427086
0.5277889569110422,28.231929619090863,21.353439539427086
0.5478146261993396,28.231522477623287,21.35034174017727
0.5727594921363474,28.231929619090863,21.34995524932674
0.598996264211987,28.233144930648677,21.349568758933344
0.6196813994241964,28.229903111342992,21.34879285156893
0.6368972080059916,28.231929619090863,21.34763045794466
0.6550266698008304,28.231929619090863,21.347243970299814
0.6655491830566762,28.231522477623287,21.347243970299814
0.6696094568271305,28.229903111342992,21.345308611007567
0.6653802698869686,28.22949903904197,21.34608158218083
0.6477294651197609,28.230714321889252,21.34608158218083
0.6244845099131155,28.231929619090863,21.346468068452225
0.5984166097899346,28.233144930648677,21.346468068452225
0.5591890337068747,28.233953105476928,21.347243970299814
0.5310323969097428,28.230310246402667,21.34685748311165
0.5019372719941846,28.231929619090863,21.346468068452225
0.47295930884111753,28.233144930648677,21.34685748311165
0.4484563701580415,28.23273778437141,21.345695096365944
0.42073287715098806,28.233953105476928,21.345695096365944
0.40120597433922806,28.235168440941948,21.344532713749288
0.38720327917297703,28.233953105476928,21.344532713749288
0.3763574181166887,28.233953105476928,21.344919198191462
0.36954768016009204,28.236787890113987,21.344532713749288
0.367381257760194,28.237191991047666,21.344532713749288
0.3690062062714414,28.237596093569323,21.345695096365944
0.3732909877603122,28.238811472088173,21.344919198191462
0.37940918698247944,28.240838155376196,21.345308611007567
0.3869321075004534,28.24002686497431,21.345695096365944
0.3954248673650964,28.2404309786383,21.344919198191462
0.4039154440819811,28.24286181707697,21.344532713749288
0.41243623832321147,28.243265941886932,21.344919198191462
0.42045560960952455,28.242457693856068,21.344532713749288
0.42882595615875646,28.245696847380486,21.344146229763453
0.43489107333500077,28.245292713010656,21.34337033526009
0.4398524370816529,28.247720604764538,21.34259737048842
0.44370177288553253,28.250151615662674,21.34143499886767
0.44587112381797633,28.250959924223764,21.34259737048842
0.44675398494776436,28.25055576914798,21.342207960896644
0.446260697924286,28.252175460817227,21.34065911078585
0.44413241695005723,28.255010748192376,21.34143499886767
0.4408372085168658,28.25460657717241,21.34027263137
0.43500376444259564,28.25703468912991,21.339886152409747
0.4277573711866425,28.257846113874507,21.34027263137
0.41950541103835526,28.25906173200576,21.339110267993703
0.4087661393209395,28.262705610668718,21.339110267993703
0.3990229435221641,28.261489949368524,21.338723790403435
0.3878163797837042,28.262705610668718,21.33833731326854
0.37688707200843663,28.26351708025902,21.338723790403435
0.3654974667200781,28.264732765581755,21.33833731326854
0.3559271620618826,28.2659454030794,21.33833731326854
0.34818126513328285,28.268376845704665,21.337950836589016
0.34294778936534165,28.26675689830165,21.337950836589016
0.3410800123749372,28.268376845704665,21.33756143251628
0.3427830874529837,28.27161681729723,21.337174956750687
0.35022610003916205,28.272832598655782,21.33678848144018
0.36350795870958136,28.274048394436193,21.336399078746695
0.37874037535657,28.275668457072754,21.336012604349776
0.4135935460189305,28.277288545324097,21.333690839706264
0.4431722296901596,28.279312926007776,21.333301440685716
0.48527985545676033,28.28093307189721,21.330590299390394
0.5166548978962118,28.282960587358332,21.329430898057012
0.5373974108533783,28.282553243416487,21.32788210820496
0.5490067229381907,28.282960587358332,21.3263303978909
0.5553939509897005,28.28620102019738,21.3263303978909
0.5556817674501678,28.28741697467524,21.32439516187452
0.5522640849669278,28.28782127508191,21.324008701580624
0.5461383425049773,28.288629880686358,21.322846395699514
0.5371756444879344,28.290250174022617,21.322459937220913
0.5260927065543319,28.29065754859488,21.321684093915053
0.5163723127850189,28.291466176610868,21.320911180133976
0.5091062543312663,28.29227787403886,21.320521796225535
0.5056361583595584,28.295922934339615,21.319362430315948
0.5113083776381079,28.29551860191799,21.320135340469903
0.5228902436247966,28.29875943248311,21.320135340469903
0.534764546252674,28.29754334319057,21.319748885166746
0.5469690010677406,28.29997553623923,21.319362430315948
0.5577009060630289,28.300379886284475,21.320135340469903
0.5622268494551853,28.305648836118962,21.320135340469903
0.5584210412578458,28.30362087094801,21.320911180133976
0.5483761568860186,28.304432664864237,21.319748885166746
0.5331653983376562,28.307269399151608,21.320135340469903
0.510776780386552,28.307269399151608,21.321297636798192
0.47961805924317846,28.30969876012739,21.320911180133976
0.45312049966976625,28.310914994071368,21.320911180133976
0.43167297220617734,28.31253564065031,21.322459937220913
0.41814262972084537,28.314968190596062,21.322070551484614
0.4151304629375157,28.3173977347264,21.322070551484614
0.4226382063589235,28.31902154803663,21.32323285463093
0.4370602913153134,28.320234829184642,21.32323285463093
0.45871537056111467,28.323883951094842,21.323622241739713
0.4873391798886253,28.324692842137893,21.323622241739713
0.5137000750255094,28.324692842137893,21.324008701580624
0.5387184967664935,28.32712568188873,21.32478162262163
0.5620847043680546,28.327934598641548,21.32439516187452
0.5787912530444052,28.33077198616354,21.32517101156003
0.5887407842859094,28.331988471305067,21.325557473216975
0.5890633649681873,28.333609452655764,21.32517101156003
0.5770898679795728,28.33563801384014,21.325557473216975
0.5522280461391675,28.33766355102364,21.327106252133945
0.5138951641969915,28.34050120941646,21.32788210820496
0.4765784675243532,28.341717810713305,21.32788210820496
0.4395321476419611,28.34333894686472,21.329430898057012
0.40756791850884544,28.343743468793434,21.33020383182526
0.3807537177735664,28.345769167170204,21.330590299390394
0.3533529616453324,28.347797970540853,21.33136616367625
0.33599728895035597,28.349419203509285,21.330979695199403
0.3274951866336687,28.35022829729712,21.330590299390394
0.32509652264382227,28.353878493567606,21.330590299390394
0.3314305631449612,28.355499823418256,21.330979695199403
0.345410220173868,28.357930334154673,21.330590299390394
0.36212230711411103,28.357930334154673,21.33175263260739
0.37798653738863747,28.36036396804701,21.330590299390394
0.39459371923126074,28.361176213985516,21.33175263260739
0.4130471609118898,28.363606860409902,21.332139101992766
0.4280012760231235,28.365228345388346,21.332139101992766
0.44099258024448057,28.367257536948898,21.332139101992766
0.4534398709620261,28.369688328826896,21.332914969933654
0.46298572681098094,28.372122244291177,21.332914969933654
0.47235968071333845,28.37293151877617,21.332139101992766
0.4823117942825052,28.374148508077894,21.332914969933654
0.49459566899886315,28.376582530438668,21.333301440685716
0.5091014222081705,28.380635276489897,21.333690839706264
0.526209461571696,28.381852358148137,21.333690839706264
0.5511963655897202,28.37982594059588,21.333690839706264
0.5728305468898316,28.38266477594317,21.334463783490207
0.5952357259606088,28.38388188194392,21.33407731137089
0.6141338307442958,28.385503690715836,21.334850256064215
0.6357456751657062,28.387530221672193,21.33523965692075
0.6543418407073267,28.388747386051193,21.33523965692075
0.66515828789046,28.39077398182434,21.33523965692075
0.6691347294867767,28.393613123602847,21.336399078746695
0.6673283615565672,28.392395900814222,21.33523965692075
0.6603614185011552,28.395235088018296,21.335626130407775
0.6504034163843109,28.39563981664469,21.336012604349776
0.635882160010735,28.397669616408734,21.336399078746695
0.6240631291636605,28.397669616408734,21.335626130407775
0.6129074962610015,28.40050895136659,21.335626130407775
0.6021128571963186,28.402131026167638,21.337174956750687
0.5972068080557381,28.402940540132533,21.336399078746695
0.5998009423580667,28.404970486182037,21.336012604349776
0.6081218323885315,28.40740218207401,21.337174956750687
0.6186579856260286,28.409432217574818,21.337174956750687
0.6290787101304361,28.411459227177943,21.337174956750687
0.6352767070838644,28.415516434925905,21.33756143251628
0.6365565285675805,28.41510856012485,21.33833731326854
0.6314639077634547,28.41673086888295,21.339110267993703
0.6196967907090162,28.418356270479535,21.337950836589016
0.6006523713453341,28.42160101820525,21.339110267993703
0.5741775035276515,28.423223431114366,21.339886152409747
0.5452037356666557,28.426873188595778,21.34143499886767
0.5064392641214632,28.427278043764545,21.34143499886767
0.4670563222926224,28.430526145076954,21.34143499886767
0.430883769424019,28.432958455511937,21.341821479654186
0.39437330638682216,28.436611632053882,21.34259737048842
0.3596286470283361,28.43742142207833,21.34337033526009
0.338000299906573,28.439452060476356,21.344919198191462
0.32389877193982725,28.44188458592629,21.345308611007567
0.3190327411796373,28.446347947152844,21.345695096365944
0.32736527613579425,28.44918864963205,21.348019873988164
0.3429513506348514,28.456493242320732,21.34879285156893
0.36803427070533246,28.45771123723017,21.350728231484993
0.3980351667738218,28.4593342306527,21.35150414344548
0.4232436315107452,28.465421455904107,21.35305304491027
0.4507557059541791,28.469477764886733,21.353828962395596
0.4692736517422039,28.471104016346885,21.355377874893634
0.48376198888028976,28.475973722670915,21.355764372164515
0.4966834128055092,28.47759701048318,21.357313293854418
0.50563071632383,28.479625389912428,21.358086293443307
0.510377433623658,28.482061954229493,21.359248724307577
0.5109167604824032,28.484903664269723,21.3600246565382
0.5064691700687829,28.488555655806408,21.360411159320165
0.49755584251938934,28.489368932490777,21.3600246565382
0.4822724374621331,28.491802663924773,21.360797662561026
0.46418783527875107,28.49464464939325,21.360797662561026
0.4424415324790833,28.495863106233628,21.3600246565382
0.4190272507102158,28.49870520659408,21.359638154214906
0.39435466890782317,28.50113916425869,21.359638154214906
0.36993995903520505,28.503171088360943,21.358086293443307
0.3472921201450901,28.506013395621096,21.357313293854418
0.32631829008580554,28.504794815587957,21.356537368080524
0.31052747644321055,28.508447530519902,21.35615086989344
0.30148032102720407,28.510479602614225,21.354215457831344
0.2995537752127457,28.513319047226332,21.35460195372491
0.3013731551346716,28.516161642039776,21.35266655085104
0.304058695903782,28.516569926315583,21.35266655085104
0.3058691849530869,28.519817840912765,21.3518906361287
0.30463863576555117,28.520628301038755,21.35305304491027
0.2981974952606125,28.521847073491756,21.35150414344548
0.2858286216394029,28.52306586076878,21.3518906361287
0.26480642741666577,28.524284662871707,21.3518906361287
0.2369420901415719,28.52712756873393,21.35227712926934
0.20422488246284587,28.528751684001065,21.3518906361287
0.1667753899254219,28.529562216406532,21.35227712926934
0.13554974431109873,28.53078109756467,21.35150414344548
0.11363242854512084,28.532405272091808,21.3518906361287
0.1071931849268517,28.53443475971727,21.35150414344548
0.11210026033757947,28.533624187863666,21.350728231484993
0.1286361464674473,28.53646735891664,21.35150414344548
0.15712925741281653,28.537686324160518,21.35150414344548
0.18872954302806744,28.53971591888552,21.35150414344548
0.22169041937499082,28.53849692891606,21.3518906361287
0.25250862964194654,28.538902233756573,21.35150414344548
0.2788400150421579,28.539310610748828,21.350728231484993
0.29189456158087945,28.53971591888552,21.35034174017727
0.2944085630585814,28.538902233756573,21.35111765121968
0.2874396283723602,28.54052961063246,21.35111765121968
0.26228142159684537,28.537686324160518,21.35111765121968
0.2324088042284161,28.540121228664248,21.35227712926934
0.19994020171899918,28.539310610748828,21.350728231484993
0.1731343947309117,28.537686324160518,21.3518906361287
0.15097877044292596,28.5368726555364,21.35111765121968
0.13425750085998184,28.535653700203625,21.3518906361287
0.12365499225374799,28.53443475971727,21.3518906361287
0.11917762685405353,28.534029472969962,21.3518906361287
0.12307215100136193,28.533218904398268,21.353828962395596
0.13535336299739198,28.53281055226313,21.35305304491027
0.15125674855940846,28.532405272091808,21.35266655085104
0.17079895066124545,28.53118637116114,21.353828962395596
0.1973283014878407,28.52915694938372,21.354988450076405
0.22198454788492872,28.528343350084867,21.35460195372491
0.25871870378750295,28.52753282754435,21.355377874893634
0.2816476838404016,28.52509515912857,21.35615086989344
0.2966459648934341,28.52347110314753,21.35615086989344
0.30684038400010194,28.52225231094127,21.35769979341967
0.3132821259756612,28.51941261330751,21.359248724307577
0.3161073343856534,28.51819387045913,21.359638154214906
0.3154468351982518,28.517785579569306,21.361573598482835
0.3131041403792634,28.516975142428805,21.362736041797064
0.3116038557841182,28.51250864618794,21.363122547798866
0.3116009810041757,28.514132524552053,21.363898489264614
0.31395387796998236,28.51128998725744,21.36622046856081
0.31994299282329725,28.508447530519902,21.36776944001457
0.32952751432331406,28.508855783391823,21.368545392574504
0.3431667362006121,28.503171088360943,21.36893190548483
0.35737763140863804,28.502762858615768,21.37009437511722
0.37384281845514244,28.501952542837103,21.370480889871942
0.39275700313127637,28.497891854322802,21.372029881652907
0.411274814018088,28.49748671527209,21.373192362385282
0.4262962321923425,28.49423952344091,21.374741367118418
0.4360233071826009,28.49220778005025,21.375127887412077
0.4410737419425144,28.489368932490777,21.375903857575565
0.43881251886752637,28.486527096227462,21.37706635220468
0.427823456032754,28.484495508752275,21.377452875272866
0.4012097506086431,28.481653810246826,21.380164406137112
0.35070773351536944,28.475565603390123,21.38287595973219
0.31638897924599024,28.4727272256074,21.38481154268277
0.2782902859513496,28.468667717357278,21.38713660017254
0.26013831726175285,28.465421455904107,21.389848212310937
0.255588186350012,28.462985294393604,21.391007828781994
0.26292670671577256,28.459739216073217,21.392946388867813
0.27543067435154345,28.456493242320732,21.394495488320047
0.2931521381995285,28.455275262129362,21.396044595226783
0.31151475079360713,28.45202943212132,21.39720716239765
0.32889420924188484,28.450811505854915,21.399142831419113
0.3480762415524038,28.448783706592508,21.39991885933773
0.36346849156434696,28.446752880414408,21.401854544691844
0.3735290001187946,28.444725162738166,21.40301713287988
0.37991563503800563,28.442289501276548,21.403790241713637
0.3854217744940672,28.43863918672872,21.404952836913026
0.3898377699844278,28.438234286021043,21.404952836913026
0.3944104475000233,28.434581050778718,21.406501994242944
0.3984822520386406,28.432958455511937,21.40688855262613
0.4022462806038139,28.430526145076954,21.407278039953383
0.403885795041932,28.42809082608329,21.408437719309006
0.40305356467473025,28.426873188595778,21.40998982198414
0.3975591368054136,28.424033113836458,21.410762947632406
0.3837676951473662,28.42119311886603,21.41231213305366
0.3543719985394947,28.418356270479535,21.413474759174505
0.3066981250539903,28.414703753677543,21.412698698448708
0.2587453681439472,28.409432217574818,21.412698698448708
0.22225716453126523,28.408214804691852,21.410762947632406
0.19381701083737007,28.40740218207401,21.409600331360764
0.18239241414926974,28.402535782341317,21.407664599272323
0.18934557569104432,28.3992916457496,21.406501994242944
0.2047263725784963,28.397264879675845,21.405728878874527
0.2257957211926127,28.39645234490297,21.404952836913026
0.25203386916316484,28.395235088018296,21.403403687063985
0.272812367456951,28.393208403068854,21.404179725278482
0.2933876714540302,28.391178692640096,21.402241097476065
0.30558564800140925,28.387125525416764,21.401467992372773
0.3132340831190158,28.38590838050061,21.39991885933773
0.3150296812724874,28.38306945440388,21.399142831419113
0.31254119858283924,28.382260099096356,21.398366805374167
0.3085893491072502,28.37860888323803,21.39720716239765
0.30297885124254276,28.376987184649124,21.397980257250595
0.29718784591766223,28.373743865180302,21.39759370959183
0.2934139444852741,28.373339223895073,21.39720716239765
0.2899037109023468,28.369688328826896,21.397980257250595
0.28700714189841514,28.36887908018008,21.399142831419113
0.2853600489465764,28.365228345388346,21.399529380940578
0.28485330135590925,28.3648237380188,21.39991885933773
0.2856889436849418,28.363202259495154,21.401078512097627
0.2888016695255504,28.359551728597182,21.402241097476065
0.2948645381911272,28.355499823418256,21.403403687063985
0.3059050410949973,28.35590439368565,21.403790241713637
0.3204542422908104,28.351849568981322,21.40301713287988
0.3376562231885268,28.350635911376855,21.402241097476065
0.3591757230702469,28.34820251018698,21.401078512097627
0.3833169371828761,28.347797970540853,21.40069196071255
0.40965542580125597,28.34617676339343,21.39991885933773
0.4366082460282686,28.342526843298515,21.398756282362513
0.46398198658124723,28.342526843298515,21.397980257250595
0.49746521126315774,28.33888011843044,21.39720716239765
0.5255047652682561,28.340905720073806,21.396431141023925
0.5475579833064304,28.3360425051888,21.395658049894053
0.563519043810492,28.33280049087665,21.394882032256533
0.5737198097335509,28.333204970963664,21.392946388867813
0.5766110825938899,28.329558579676757,21.39217037776575
0.5700664804796323,28.328342123527136,21.391783837084006
0.5566789813257561,28.32753013946308,21.391397296866046
0.5385219004595363,28.3251003540704,21.39217037776575
0.5126395656980183,28.321855623729732,21.39217037776575
0.47874248991611146,28.321451188653896,21.392946388867813
0.44551119918417825,28.319830400532624,21.39371947348519
0.41800732590759393,28.31820963815227,21.394495488320047
0.39311650947282833,28.315777010973193,21.395268576657145
0.37390630008816755,28.314968190596062,21.396044595226783
0.36119731384771325,28.31456378281041,21.39720716239765
0.3557082514232178,28.30969876012739,21.39759370959183
0.3571621682451242,28.310106212203323,21.39720716239765
0.3657589403621496,28.30807815855968,21.398366805374167
0.3797713935047752,28.306053208609,21.398756282362513
0.407820156368588,28.304432664864237,21.399529380940578
0.4310030297437285,28.30281214681645,21.40069196071255
0.465998926621385,28.302000365771164,21.400305409792622
0.4874673682650072,28.29916377771883,21.400305409792622
0.5042482145037155,28.297139004362464,21.40069196071255
0.5142850785405546,28.298355088846336,21.400305409792622
0.5155935845718849,28.29673466713308,21.399142831419113
0.5093592963849516,28.29754334319057,21.399142831419113
0.4956750676235161,28.29389822514497,21.399529380940578
0.4718283331241361,28.295922934339615,21.399142831419113
0.4326968144921636,28.29227787403886,21.39759370959183
0.394313520233557,28.29065754859488,21.396817687285477
0.3630294164374544,28.290250174022617,21.394882032256533
0.3479854484343197,28.289441555615895,21.3941089448478
0.3417960804652185,28.289845864020606,21.393332930944553
0.34253558376492943,28.28822557708554,21.392946388867813
0.34940951321138136,28.28741697467524,21.391397296866046
0.3621276039993982,28.28741697467524,21.38907220866861
0.38179969370921363,28.28538937096465,21.387523135283118
0.40285939871593585,28.284985080162926,21.386360603052765
0.42824436969319435,28.284985080162926,21.385198075009328
0.4518020625885586,28.28538937096465,21.38364902021567
0.47271684185351753,28.284985080162926,21.38132691607069
0.4897659902395365,28.284173440570157,21.380937460136238
0.5031290107006873,28.282553243416487,21.37900190038164
0.5095713005693387,28.282148963813142,21.377452875272866
0.5102740539338276,28.282553243416487,21.376290379256204
0.5051676092514877,28.281744685805847,21.375127887412077
0.49433965862534013,28.282960587358332,21.373968327914213
0.47900801293613837,28.281340409394545,21.372416398713597
0.46175642937573425,28.281744685805847,21.371256848913333
0.4427098910253528,28.28052879868966,21.369707860822814
0.4267129514044172,28.281744685805847,21.36893190548483
0.4111860788686363,28.280124527077874,21.36815595200136
0.397581261568287,28.28052879868966,21.36815595200136
0.3868701566789944,28.280124527077874,21.36699641742075
0.37977834540417676,28.279717194416207,21.366606978704738
0.376460401162969,28.280124527077874,21.365833958876635
0.37827643964965285,28.280124527077874,21.365833958876635
0.3824856646726108,28.28093307189721,21.365447449652095
0.3874381521172776,28.279312926007776,21.36505801279219
0.39187322850327794,28.27809706775821,21.36428499664771
0.3951146784269269,28.28052879868966,21.363122547798866
0.39650257297735664,28.278504393977414,21.36350905425985
0.39544811105493294,28.280124527077874,21.36350905425985
0.3918530934293601,28.279717194416207,21.362736041797064
0.3855907909696039,28.277692805743527,21.36234660818394
0.3767341731351002,28.279312926007776,21.361960103103854
0.3614409288334916,28.278908659194883,21.36234660818394
0.3481095965399036,28.279717194416207,21.361573598482835
0.33506707727151275,28.280124527077874,21.361960103103854
0.3245990193665799,28.27809706775821,21.36118709432077
0.318238975116023,28.278504393977414,21.361573598482835
0.3157474535093442,28.278908659194883,21.36118709432077
0.31727245757332867,28.27809706775821,21.36118709432077
0.32327950920780596,28.280124527077874,21.360411159320165
0.33241504248732845,28.28052879868966,21.360797662561026
0.3431989744149312,28.278908659194883,21.360411159320165
0.35449252900189243,28.278908659194883,21.3600246565382
0.3664727435360612,28.281340409394545,21.360411159320165
0.37823213634746367,28.280124527077874,21.3600246565382
0.38971854779248954,28.279717194416207,21.3600246565382
0.39987043194169286,28.279312926007776,21.360797662561026
0.40822101730143284,28.279717194416207,21.360411159320165
0.4147552509928228,28.279717194416207,21.3600246565382
0.42064618749875043,28.28093307189721,21.359638154214906
0.42423944835910776,28.281340409394545,21.3600246565382
0.4268823369628288,28.28052879868966,21.359248724307577
0.42881840117277054,28.27809706775821,21.359638154214906
0.43083859121156665,28.27809706775821,21.35886222290503
0.4331773657391206,28.277692805743527,21.359248724307577
0.43646129554523727,28.27809706775821,21.359248724307577
0.4407363198546714,28.277692805743527,21.359248724307577
0.44564425752201225,28.27647696672193,21.358475721961042
0.4511310348727541,28.277288545324097,21.35769979341967
0.4567676897582194,28.276884286499808,21.357313293854418
0.4628673133721754,28.27809706775821,21.356926794747494
0.46800561617786834,28.27647696672193,21.356537368080524
0.4720436677108487,28.274856891302818,21.356537368080524
0.47442246674964783,28.274856891302818,21.354988450076405
0.47489868237573385,28.276884286499808,21.35460195372491
0.47316489926543737,28.277288545324097,21.354215457831344
0.46893113736841086,28.274856891302818,21.35266655085104
0.4618036824127115,28.274452642072163,21.3518906361287
0.4522712332112363,28.274048394436193,21.35111765121968
0.43962800728658324,28.27526420464045,21.34995524932674
0.42770283162484296,28.274452642072163,21.35034174017727
0.416211204656053,28.27526420464045,21.34879285156893
0.4048225181760144,28.27526420464045,21.34917934104476
0.3942744889194399,28.274048394436193,21.34763045794466
0.3845592368438626,28.273641085930876,21.348406362550122
0.3771676097739741,28.274856891302818,21.34917934104476
0.3724354903075577,28.272832598655782,21.348406362550122
0.3696287793636129,28.275668457072754,21.348019873988164
0.36909572660432344,28.27647696672193,21.34763045794466
0.3701378539995412,28.273641085930876,21.348019873988164
0.3727549502650756,28.273641085930876,21.34763045794466
0.37588530591567915,28.274048394436193,21.34763045794466
0.37934516480182,28.273641085930876,21.347243970299814
0.3825096962874295,28.272832598655782,21.348019873988164
0.3851910314335611,28.274452642072163,21.348406362550122
0.3878636687227459,28.27526420464045,21.348019873988164
0.3888726836902526,28.27526420464045,21.34763045794466
0.38930619926112753,28.274048394436193,21.34763045794466
0.3894393381456869,28.275668457072754,21.34879285156893
0.3898903219266195,28.27526420464045,21.34879285156893
0.3913358044451579,28.27647696672193,21.34685748311165
0.3938568066150415,28.277288545324097,21.34763045794466
0.39793448783007274,28.275668457072754,21.34763045794466
0.4041179630347666,28.276072711099857,21.348019873988164
0.41364516216588654,28.277288545324097,21.347243970299814
0.42438142513759797,28.27526420464045,21.34763045794466
0.4364483661815998,28.277288545324097,21.347243970299814
0.4503991552175324,28.277288545324097,21.346468068452225
0.46565207699514294,28.278908659194883,21.34685748311165
0.48089797906258014,28.276072711099857,21.347243970299814
0.49505824988271296,28.27647696672193,21.345695096365944
0.5077773065535724,28.278504393977414,21.345695096365944
0.5169202154551957,28.276884286499808,21.34685748311165
0.5225790496031273,28.278504393977414,21.346468068452225
0.5243193106279401,28.281340409394545,21.348019873988164
0.5221215957161007,28.28052879868966,21.348019873988164
0.5163090801814612,28.279312926007776,21.348019873988164
0.5068591758895306,28.277692805743527,21.34879285156893
0.4947245092039911,28.280124527077874,21.34879285156893
0.47937386210850974,28.278504393977414,21.348406362550122
0.462311191308986,28.280124527077874,21.34917934104476
0.4442941306622401,28.278908659194883,21.34763045794466
0.42466959775893975,28.279717194416207,21.34685748311165
0.40675299593710457,28.278908659194883,21.345695096365944
0.3915280053650211,28.279717194416207,21.344532713749288
0.3775051402398971,28.281340409394545,21.343759746233843
0.3660353095936522,28.281340409394545,21.34259737048842
0.35660443429660144,28.280124527077874,21.341048518536923
0.34816701396727656,28.281340409394545,21.341048518536923
0.3410292759300828,28.28052879868966,21.339110267993703
0.3338077799580773,28.282148963813142,21.339499673905095
0.3264173696453942,28.282553243416487,21.337174956750687
0.31794778631470616,28.283364870165997,21.33678848144018
0.3081471427109139,28.283364870165997,21.336012604349776
0.29754272537020404,28.284173440570157,21.334850256064215
0.28469407377705636,28.285796726190256,21.334463783490207
0.2724233654919824,28.28660531580124,21.33407731137089
0.26146681800322313,28.28620102019738,21.333690839706264
0.2546756170632599,28.28660531580124,21.333690839706264
0.254415667212332,28.284985080162926,21.334850256064215
0.260886649794432,28.28538937096465,21.33523965692075
0.2735634705264913,28.28741697467524,21.33523965692075
0.29168447100250827,28.28741697467524,21.336399078746695
0.31609827658127687,28.28782127508191,21.33678848144018
0.3493383947384582,28.28822557708554,21.336399078746695
0.3845746791380669,28.285796726190256,21.337174956750687
0.4192209977053632,28.289845864020606,21.337950836589016
0.4583707762418899,28.289037248808597,21.339110267993703
0.4967477898042022,28.290250174022617,21.339886152409747
0.5323679181514401,28.289845864020606,21.339886152409747
0.5625732829708381,28.290250174022617,21.34065911078585
0.58396574458186,28.29065754859488,21.34259737048842
0.5971644034719698,28.29106186180411,21.342983852646228
0.600939852101018,28.291873556024484,21.343759746233843
0.5945869465965633,28.291466176610868,21.344919198191462
0.5790620982468644,28.29106186180411,21.34608158218083
0.5531493257003531,28.291873556024484,21.34879285156893
0.5205419649470254,28.29065754859488,21.34995524932674
0.4809094726481496,28.290250174022617,21.35150414344548
0.4398734346678969,28.29227787403886,21.353439539427086
0.3968059340425009,28.291466176610868,21.354988450076405
0.3546684172525578,28.29106186180411,21.356926794747494
0.31483028570292465,28.291466176610868,21.358086293443307
0.2814388423915761,28.29268219365099,21.360797662561026
0.25667136820395525,28.29065754859488,21.362736041797064
0.24168361023272578,28.291873556024484,21.36428499664771
0.2343077718935018,28.29065754859488,21.36428499664771
0.2343499024085537,28.291873556024484,21.36815595200136
0.24268366567995345,28.29268219365099,21.369318418855357
0.2579396083890061,28.29065754859488,21.371256848913333
0.27655230804848324,28.29106186180411,21.373192362385282
0.2978541645438427,28.291466176610868,21.375127887412077
0.3186023617318856,28.293086514861045,21.377452875272866
0.338489944006247,28.29389822514497,21.379388425761192
0.35557852960567027,28.29268219365099,21.38055093290575
0.36764402168747073,28.29551860191799,21.384038479417427
0.374587061346505,28.293086514861045,21.38597406933451
0.37530933989366577,28.2947068787758,21.38713660017254
0.36927385531065315,28.29551860191799,21.391007828781994
0.35734319918113266,28.294302551161252,21.392946388867813
0.3393946645320232,28.29673466713308,21.395268576657145
0.31773856051533533,28.294302551161252,21.397980257250595
0.2954998620246374,28.295922934339615,21.400305409792622
0.27150176146481964,28.2947068787758,21.402627650725776
0.24236467680226015,28.29673466713308,21.405728878874527
0.2182388314722716,28.295922934339615,21.408827208518858
0.19669803439223937,28.29673466713308,21.41114951115651
0.17936351253976837,28.294302551161252,21.413088192841826
0.16560741766695333,28.294302551161252,21.415410526398205
0.15553728683935508,28.29551860191799,21.416186593704822
0.1505756860753119,28.29551860191799,21.4196715984325
0.14956927983754204,28.29551860191799,21.4196715984325
0.15143793777001924,28.29551860191799,21.420447676091555
0.15476412746800894,28.29551860191799,21.42161033181395
0.15906675243369234,28.29227787403886,21.421996908458652
0.16315105293503995,28.2947068787758,21.422770063153507
0.16681404806357575,28.2947068787758,21.423932727340684
0.1697806783728425,28.29227787403886,21.42548197663831
0.17221982581227058,28.295114271094747,21.427031233468483
0.17460321350293861,28.29268219365099,21.427807329042537
0.17742055607388985,28.293086514861045,21.42897001161242
0.18104211676271095,28.293086514861045,21.431292460797806
0.18637062736025023,28.291873556024484,21.43168197789538
0.19399897355603882,28.290250174022617,21.4347805594752
0.20477485023297587,28.291873556024484,21.436329861597244
0.21756422092120029,28.288629880686358,21.43904189069673
0.23286572529088773,28.28822557708554,21.440977813338748
0.2512727628175968,28.28620102019738,21.442527145724057
0.27238453840062793,28.285796726190256,21.443689882187414
0.2916848144522361,28.28376915456994,21.446401974257753
0.310405526378667,28.282553243416487,21.448724551060025
0.32740976729792487,28.281744685805847,21.45182622814758
0.3448898610174662,28.280124527077874,21.453375613658352
0.3600392801890943,28.279717194416207,21.455311624008857
0.37299637252292916,28.276884286499808,21.45841043685914
0.3853129408527246,28.273641085930876,21.4599598547058
0.39460377469496505,28.274452642072163,21.462672086521536
0.4028051265945006,28.27080834598894,21.46577097177868
0.41233714338965033,28.26918529783825,21.468483253688078
0.4220513156364324,28.2659454030794,21.471195559010823
0.43108460490003847,28.26432549408287,21.472358401190093
0.4408964534994971,28.262705610668718,21.47623359654591
0.4515397017116162,28.261489949368524,21.478556393445217
0.4622135320286857,28.257846113874507,21.480105910665372
0.4721675104369914,28.25541492080356,21.48359454934939
0.4803651795701363,28.25460657717241,21.48553074596674
0.4863816637371129,28.25420240774355,21.48862985720433
0.4898856642923819,28.250959924223764,21.49017942435904
0.4895725137851942,28.248531955909527,21.49405484056433
0.4864659470398249,28.247720604764538,21.49366817555955
0.4808662850988591,28.247720604764538,21.496767367650364
0.4721945801780733,28.244077257855963,21.498316975262412
0.4607853857534877,28.243265941886932,21.500642865821817
0.44451924590861513,28.24002686497431,21.50296584441196
0.43058375446438146,28.2404309786383,21.50529176975624
0.41676068226123225,28.238407364789907,21.506841419863633
0.40118931885658604,28.237191991047666,21.508391077708893
0.38937538469710575,28.23476434795947,21.510717043713214
0.38170353934603435,28.231929619090863,21.51381640589301
0.37630782864118595,28.230714321889252,21.514979407076396
0.3734950485381569,28.233144930648677,21.517302493052
0.3716284128549516,28.227879704604106,21.517689187492977
0.369259368410278,28.227475640247746,21.51962852599854
0.3659976472899725,28.22504516538885,21.5219516469042
0.3608201187802518,28.22585633764521,21.52389101216437
0.35358517845612125,28.222617808853613,21.524664418022724
0.3414123133477316,28.221402621591153,21.525440755398165
0.3295000762749698,28.221806662112215,21.52737721298888
0.31270097820350035,28.21978341449943,21.52815355719281
0.2933737988970297,28.21937632106892,21.529703321847762
0.2758921159799538,28.21856826068023,21.5293136827417
0.26397230803616045,28.21694909814437,21.530476742284975
0.25568191101930526,28.21694909814437,21.5293136827417
0.25113492808224364,28.21654201591474,21.529703321847762
0.25045686194469474,28.216137996044154,21.52854026522391
0.253528134602373,28.21694909814437,21.5293136827417
0.2598533015322503,28.2145188717015,21.527763920046084
0.27094571651520427,28.2145188717015,21.526214165141084
0.2824721506645584,28.21289977279929,21.526603800329497
0.29586039318175217,28.213303779973444,21.524664418022724
0.3071295867285648,28.21046964184535,21.52350138040157
0.3178478133255263,28.210876700088534,21.52350138040157
0.3268511095990305,28.21046964184535,21.52117824784085
0.33336958738551004,28.21006564577982,21.520015223348707
0.3371209067106371,28.20844661682679,21.518852203233337
0.3370263988649142,28.20844661682679,21.517689187492977
0.3346635415298086,28.207638642133304,21.515366098614095
0.33047111649126637,28.207231596674603,21.51420309597802
0.3256071000727741,28.204397625458967,21.51420309597802
0.3227384169090625,28.206016590839,21.51265340907753
0.3224228245423117,28.20358968248763,21.512266720927357
0.32584862955014526,28.203993653182238,21.511103729929516
0.3348036328406227,28.20197075519917,21.50916444482209
0.3480027702009211,28.19873297683148,21.508004394875343
0.3650968457527642,28.19954088176968,21.506841419863633
0.38496688373913107,28.199944836610825,21.50645473896128
0.40291933686407416,28.197518071085085,21.50529176975624
0.4251431590352557,28.195899239052153,21.504515482912666
0.44319243059600577,28.198325966512243,21.503742127382793
0.45772526181571016,28.196303179639642,21.50296584441196
0.46777708570724674,28.1946843666596,21.502579168335046
0.4738209447149078,28.19225466476189,21.501029539490105
0.4749135554736609,28.191850740014274,21.500642865821817
0.47026848452199127,28.187398492359193,21.49947991836831
0.46056764585340526,28.190231996840737,21.499866590590784
0.4490888247924794,28.18780239969493,21.499090317297032
0.4347499052736097,28.188209368532057,21.49754070583458
0.4205218935210884,28.18780239969493,21.496767367650364
0.4061957487350928,28.185375919528838,21.496767367650364
0.3939686503897667,28.185375919528838,21.495991102086577
0.3857840184941166,28.184161170913967,21.495217767750717
0.38177119829837497,28.182138661448676,21.494831101302793
0.38371617525601337,28.18294643657856,21.494831101302793
0.3901036213664218,28.182138661448676,21.494831101302793
0.40011284203955877,28.18052007043309,21.49405484056433
0.4134035999474467,28.180113131877476,21.49366817555955
0.4307701456746168,28.17849457257654,21.49366817555955
0.4497112528853042,28.17687603861333,21.49444150604893
0.4644513552729044,28.17687603861333,21.494831101302793
0.46919245652774255,28.174446755409406,21.49366817555955
0.45716970450991357,28.174446755409406,21.49444150604893
0.43083194520784834,28.173235194683173,21.49405484056433
0.3879722381815426,28.173235194683173,21.494831101302793
0.3522282850489097,28.174853671665232,21.495604434678626
0.3244313248075601,28.170402156046066,21.495991102086577
0.3108563660849318,28.168783748702538,21.498316975262412
0.3164225177451878,28.16837685632015,21.498316975262412
0.34216231025788235,28.16756919497709,21.498703646039473
0.3771898888441756,28.166758480649435,21.49754070583458
0.4212619016563927,28.168783748702538,21.496380699278575
0.4608233489479394,28.165950831935277,21.49793030496579
0.4891333453092563,28.16756919497709,21.49754070583458
0.5058341012999965,28.164736311451747,21.497154036502366
0.5103272684806212,28.166758480649435,21.497154036502366
0.4980538574774382,28.16514013028319,21.495217767750717
0.4712737069932732,28.16554700994135,21.49405484056433
0.43900372932374754,28.165950831935277,21.492891917717827
0.4048443584874703,28.165950831935277,21.49134233708935
0.3678669958132948,28.16392561931076,21.489406104439183
0.3380561532301888,28.164736311451747,21.4890165159631
0.31607817173949115,28.165950831935277,21.487466954581294
0.30378998913533306,28.164736311451747,21.487080297741556
0.30121970966637623,28.16554700994135,21.485917400888468
0.3077422337534518,28.165950831935277,21.48630698549806
0.31920854280117544,28.164736311451747,21.48630698549806
0.3332425758936572,28.16433249419555,21.485917400888468
0.3483965157481854,28.163117992697437,21.486693641380555
0.36502807449901725,28.163117992697437,21.486693641380555
0.3783880273373935,28.167165366669167,21.486693641380555
0.39132518773867736,28.16514013028319,21.48824319892458
0.3975343776513213,28.16392561931076,21.48824319892458
0.3996762642909602,28.16554700994135,21.48824319892458
0.3971643068427083,28.16514013028319,21.48862985720433
0.389096801596907,28.16554700994135,21.49017942435904
0.3781082196849664,28.16433249419555,21.49095567544856
0.3650724492715262,28.16514013028319,21.49095567544856
0.3479309065292873,28.16433249419555,21.4917289992095
0.32914717248995284,28.165950831935277,21.493278581759625
0.3055192265239303,28.16554700994135,21.49366817555955
0.28781749200130735,28.16514013028319,21.49444150604893
0.2701841352384412,28.164736311451747,21.494831101302793
0.2545636664877292,28.16514013028319,21.495991102086577
0.23705870245891836,28.164736311451747,21.496767367650364
0.22227315698431693,28.16635465550462,21.49754070583458
0.21154583540708885,28.16352180521659,21.498316975262412
0.20306007817486088,28.16514013028319,21.499866590590784
0.19949108643983066,28.164736311451747,21.50141621363929
0.19919823135174544,28.164736311451747,21.502192492739255
0.20265533359263926,28.16554700994135,21.503742127382793
0.2114046494225789,28.16392561931076,21.505678449209995
0.22213539766112453,28.16514013028319,21.50529176975624
0.2383475865405654,28.165950831935277,21.507228101247847
0.26253473196677174,28.163117992697437,21.50877776102442
0.2900835910605163,28.16392561931076,21.511103729929516
0.32302438104139974,28.161903505445196,21.511490416628362
0.36013665499676895,28.16514013028319,21.513040097710416
0.3948262713312687,28.16392561931076,21.51420309597802
0.43179878994915133,28.163117992697437,21.515366098614095
0.46401542637379256,28.164736311451747,21.51575279063485
0.4858481820306276,28.16109589460376,21.516529105620236
0.5018558033873349,28.15947763274255,21.516529105620236
0.5081002798227462,28.16109589460376,21.515366098614095
0.50482027711812,28.16068903243678,21.51575279063485
0.49163967992558644,28.158666981769443,21.51458978654597
0.4684553827082669,28.160285230964348,21.51420309597802
0.4430621072862872,28.15826318818017,21.513426786826017
0.40896362565493716,28.157048757855875,21.512266720927357
0.37828043872621686,28.15664497057429,21.51265340907753
0.34393674476728536,28.156238125889843,21.510717043713214
0.3183271404466474,28.152598007695644,21.510717043713214
0.2974947910544547,28.153812385854337,21.509940743295772
0.2827922114570638,28.153001779207102,21.509554058530114
0.27639250301688,28.15178741054649,21.508391077708893
0.27630416939035946,28.151383643765882,21.507228101247847
0.2811607086812143,28.150576114923012,21.505678449209995
0.2893212578138641,28.14814744866061,21.50645473896128
0.2994506700558948,28.147336886310995,21.505678449209995
0.3093259168595005,28.147336886310995,21.505678449209995
0.3204357245811059,28.146933136863197,21.504128804907054
0.32844376323666713,28.14652938898746,21.504128804907054
0.3358973989665594,28.146933136863197,21.504128804907054
0.3454748525434565,28.144911354561145,21.50296584441196
0.3562395059601539,28.14652938898746,21.50296584441196
0.3682624263220706,28.143697080655215,21.50296584441196
0.3866186090963573,28.144507614556403,21.502579168335046
0.4320168114761666,28.14288655308752,21.503352520970054
0.4639063044825059,28.141675361430487,21.50296584441196
0.49889395439935436,28.14207909041164,21.503352520970054
0.527682280576616,28.14207909041164,21.504128804907054
0.5519047786862837,28.14126857548547,21.504128804907054
0.5728004728293332,28.14005740271699,21.503742127382793
0.5914157448872666,28.138439469231912,21.503352520970054
0.6073517818109149,28.13884318562242,21.503742127382793
0.6135344710268837,28.13884318562242,21.504128804907054
0.6121461210565642,28.138032695972356,21.505678449209995
0.6008219262339303,28.136011087107534,21.504905090784064
0.5837019593178127,28.135607381733053,21.50529176975624
0.5650042120923925,28.134796917349888,21.504515482912666
0.544725293006767,28.13520061957246,21.504128804907054
0.5229592059463044,28.136414794052087,21.503742127382793
0.5096262667343433,28.133582761792695,21.504128804907054
0.4922250728271744,28.134393216697163,21.503352520970054
0.4800482810324851,28.134393216697163,21.503352520970054
0.4777612720452152,28.134393216697163,21.50296584441196
0.4789495255322897,28.133582761792695,21.50296584441196
0.4840324892175163,28.134796917349888,21.503352520970054
0.49353866646459665,28.133582761792695,21.50296584441196
0.5017304485095817,28.132368620434022,21.50296584441196
0.5191985636331603,28.13034712185862,21.50296584441196
0.5249458351283474,28.13196492922293,21.50296584441196
0.5320824091852949,28.133179065861157,21.50296584441196
0.5345332037380873,28.13196492922293,21.503352520970054
0.5351586240350248,28.130750806780668,21.503352520970054
0.5330923751613474,28.133582761792695,21.504128804907054
0.5274669068582197,28.13196492922293,21.504515482912666
0.5197181854489763,28.133179065861157,21.504905090784064
0.5105967801011684,28.13277537149918,21.504515482912666
0.5001305733915947,28.133582761792695,21.505678449209995
0.48923228634363897,28.134393216697163,21.505678449209995
0.4803253892665018,28.13520061957246,21.50529176975624
0.4721934890279103,28.13520061957246,21.506065129145327
0.46305833503368926,28.136011087107534,21.506841419863633
0.46046625682133324,28.137225271067507,21.50645473896128
0.4629100684340735,28.137628982734725,21.506841419863633
0.46840955684825974,28.136818502566825,21.507228101247847
0.4768704015050387,28.13884318562242,21.507614783113866
0.4929380642752025,28.139246903583455,21.507614783113866
0.5052318516676595,28.140864849658385,21.508004394875343
0.5204274598354203,28.13884318562242,21.509554058530114
0.5358709088984908,28.14126857548547,21.508391077708893
0.5510811838655018,28.14207909041164,21.50916444482209
0.5695405194778924,28.143293345377003,21.50916444482209
0.5806490061800276,28.14288655308752,21.510327428543746
0.5908962690947802,28.146125642683728,21.511103729929516
0.5932916617343498,28.146125642683728,21.511103729929516
0.591875575679502,28.145718839285678,21.511103729929516
0.5851790855121204,28.14652938898746,21.512266720927357
0.5759346861347203,28.14895801734707,21.51187710380964
0.5632464733638288,28.15016929406312,21.513426786826017
0.5467289883714,28.150979878558076,21.513426786826017
0.5285425220086869,28.151383643765882,21.51458978654597
0.5111216002426051,28.152598007695644,21.51381640589301
0.4947016823958752,28.154216162097327,21.514979407076396
0.4747003649052369,28.156238125889843,21.51575279063485
0.4574539203010417,28.155834341767672,21.51613948313883
0.44177655579722036,28.157048757855875,21.517302493052
0.43066697073599003,28.15664497057429,21.517689187492977
0.42181388091492317,28.159070776932822,21.518852203233337
0.4156898292419104,28.161499699237197,21.520791549035266
0.4137121291070361,28.16109589460376,21.52040192118278
0.4153220445189882,28.162307313227927,21.5219516469042
0.4201873471641749,28.161903505445196,21.522727977457123
0.42756506891928625,28.16352180521659,21.523114678687193
0.4372177070788545,28.164736311451747,21.52389101216437
0.4526353496294052,28.16554700994135,21.525827460027244
0.4611355428713265,28.16635465550462,21.526990506416723
0.47213435305820906,28.167973024860714,21.52737721298888
0.4816174196479856,28.17120983950099,21.52854026522391
0.4889426995426427,28.17120983950099,21.5293136827417
0.4951161623066563,28.173235194683173,21.53086638286203
0.4969573342634218,28.173235194683173,21.53086638286203
0.4944478752339119,28.1752575299833,21.53318958841635
0.48905668586333156,28.173639046681785,21.53357630277077
0.4802776684672637,28.17849457257654,21.53357630277077
0.46905410994600993,28.17768683223329,21.535129024390415
0.4532027131506808,28.180113131877476,21.535902458461294
0.43521609579496395,28.18092395088422,21.536289176226205
0.41591535232502475,28.183350326511118,21.536289176226205
0.3956618717322176,28.18496896185303,21.53667882416312
0.3783405726035326,28.185779818957258,21.537452262132717
0.36387284699934286,28.18780239969493,21.536289176226205
0.35406832824111584,28.19063591525685,21.536289176226205
0.34946506055112087,28.189828080004304,21.535129024390415
0.348994856277775,28.191042895258818,21.534739378417157
0.3529159917913857,28.194280432406572,21.53357630277077
0.3590191049276492,28.195492239907423,21.532802874547883
0.36807426726292336,28.195492239907423,21.532026518627163
0.37932593128111614,28.196707121807947,21.5316398062198
0.39260235115331515,28.198325966512243,21.530090031823647
0.4049244268433204,28.199944836610825,21.5293136827417
0.4257363567342439,28.200755811331362,21.52815355719281
0.43696359570949583,28.20035185331534,21.52737721298888
0.45709919416084266,28.20358968248763,21.525827460027244
0.47130017632982457,28.20682761329681,21.52505405125379
0.48139155603504374,28.20682761329681,21.52350138040157
0.4852813290157594,28.207231596674603,21.52234127671136
0.48790307360230534,28.209257658398258,21.52117824784085
0.488710056368412,28.208850606547912,21.520791549035266
0.4874673774249483,28.211280699332804,21.51962852599854
0.4846454843483423,28.211280699332804,21.517689187492977
0.4805660112115373,28.211684700160504,21.51691579909442
0.47551574391755314,28.21492288522336,21.51575279063485
0.4692140573832887,28.21492288522336,21.51458978654597
0.4638063813886045,28.21492288522336,21.51420309597802
0.4561106825794515,28.21654201591474,21.512266720927357
0.4512258183183812,28.21816423286299,21.51187710380964
0.44646944362924057,28.220187448667957,21.511490416628362
0.4420279211996224,28.21978341449943,21.509940743295772
0.4386274368667752,28.21897229008215,21.50916444482209
0.43606007252752893,28.221402621591153,21.509940743295772
0.43448393796258655,28.222617808853613,21.50916444482209
0.433643758691638,28.222617808853613,21.510327428543746
0.43435691340636984,28.223829949478045,21.510327428543746
0.43594894299261533,28.226260395644715,21.510327428543746
0.4383961103321725,28.22423706051535,21.510327428543746
0.4414750552346801,28.226260395644715,21.509554058530114
0.4448048205198837,28.227879704604106,21.511490416628362
0.4506268898868294,28.22666445523032,21.511490416628362
0.4558069773130663,28.227879704604106,21.510327428543746
0.4621062677682959,28.230714321889252,21.510717043713214
0.4688538495014653,28.22909496832756,21.510327428543746
0.4759381753883707,28.231118398962792,21.510327428543746
0.48298468981221643,28.231929619090863,21.511490416628362
0.49078232864830723,28.233144930648677,21.510717043713214
0.4970496381371202,28.233549017269127,21.511490416628362
0.5057305119547375,28.234357195272196,21.513040097710416
0.5116529076691344,28.236787890113987,21.51187710380964
0.5136843606591777,28.23557253551212,21.51458978654597
0.513746388018105,28.235976631669985,21.51381640589301
0.511331485431562,28.238407364789907,21.51458978654597
0.5065947336089764,28.238407364789907,21.51458978654597
0.49816084230555513,28.24002686497431,21.516529105620236
0.47778830008539686,28.241242272229613,21.51807881192633
0.45276291250725054,28.241646390671747,21.520015223348707
0.41997032501985115,28.244077257855963,21.522727977457123
0.40014786210631315,28.244885518624415,21.52350138040157
0.38113551524291217,28.244077257855963,21.524664418022724
0.36134372025773287,28.244077257855963,21.52505405125379
0.3381956636086909,28.2465051208888,21.526990506416723
0.32038115836527525,28.247316462434185,21.52737721298888
0.30471297886814436,28.24893610302189,21.52892697374017
0.29277590266518405,28.248531955909527,21.530090031823647
0.28349056944374934,28.24893610302189,21.530476742284975
0.2774018521732735,28.25136714268899,21.532802874547883
0.2829865553036878,28.25055576914798,21.53396594727087
0.29110386146562933,28.252175460817227,21.53396594727087
0.30238036431977955,28.251771300957785,21.534739378417157
0.3165567923792826,28.25379517803424,21.535902458461294
0.343247711931674,28.255010748192376,21.535902458461294
0.3604765521577985,28.25541492080356,21.53667882416312
0.38272996251410396,28.258654483017835,21.537065542904656
0.40397676140932015,28.25906173200576,21.53667882416312
0.42202393699626345,28.26027736453682,21.537452262132717
0.43928173515210234,28.26027736453682,21.537452262132717
0.4548729111000903,28.262301409343195,21.5378389818473
0.4675848988642405,28.261489949368524,21.53822863174895
0.47629411143800915,28.26027736453682,21.537065542904656
0.48063805734064435,28.262705610668718,21.53667882416312
0.4805514236694345,28.26392128637451,21.53667882416312
0.4769325348024283,28.265136976487952,21.535129024390415
0.4702622388747474,28.264732765581755,21.53667882416312
0.4619054988811526,28.26392128637451,21.536289176226205
0.4488446037608823,28.26675689830165,21.536289176226205
0.43480227098376056,28.26797262202831,21.535515741182678
0.4212448756139988,28.26716111718565,21.535902458461294
0.40833724469478105,28.26716111718565,21.534739378417157
0.39712820362214835,28.268376845704665,21.534352662600952
0.38829260757164663,28.268376845704665,21.534352662600952
0.3822244212930091,28.269996818701657,21.53318958841635
0.37868006877695654,28.26797262202831,21.532802874547883
0.3819835878909301,28.26959258863849,21.5316398062198
0.3892738209336052,28.27080834598894,21.530476742284975
0.3982570404267701,28.271212580846054,21.530476742284975
0.4106971727508794,28.269996818701657,21.530090031823647
0.4257396139245799,28.272832598655782,21.5293136827417
0.44404174918583794,28.27161681729723,21.52854026522391
0.46302430393549704,28.272832598655782,21.52815355719281
0.48032258127635885,28.27526420464045,21.52815355719281
0.4956106521992122,28.272021055342634,21.52892697374017
0.5094975894426081,28.2732368414961,21.52815355719281
0.5202404358732754,28.27526420464045,21.52815355719281
0.5296058343095305,28.275668457072754,21.52892697374017
0.5365826994181515,28.274452642072163,21.52892697374017
0.5416787380177253,28.275668457072754,21.53086638286203
0.5448505981178807,28.276884286499808,21.532026518627163
0.546396088112152,28.277692805743527,21.532802874547883
0.5465920560869864,28.27809706775821,21.53396594727087
0.5462224921248809,28.277692805743527,21.535902458461294
0.5458764593295065,28.278504393977414,21.537452262132717
0.5460060583088435,28.277692805743527,21.538615352440672
0.5467789926235738,28.277692805743527,21.540551892924555
0.5488934241262144,28.278504393977414,21.541714994970505
0.5519884131563144,28.279312926007776,21.542878101424037
0.5567980112372357,28.277692805743527,21.54442794030126
0.5629807039744936,28.279312926007776,21.54559105704186
0.5701088065338933,28.280124527077874,21.546754178195442
0.5772893415081628,28.28093307189721,21.547527641557565
0.5836503042632255,28.280124527077874,21.548690770062535
0.58890671415238,28.28093307189721,21.550240638335993
0.5918440457167656,28.281744685805847,21.549853902984978
0.5923111174936,28.282960587358332,21.55062737417569
0.5897758861297089,28.282553243416487,21.55217725225515
0.5844135331590009,28.283364870165997,21.553727138186844
0.5758787169761317,28.28620102019738,21.554116808286267
0.5638579660516283,28.285796726190256,21.554503549026435
0.5500038794757842,28.282553243416487,21.555277031974583
0.5323112332794209,28.28822557708554,21.555666704049827
0.5127685191971384,28.28620102019738,21.555666704049827
0.494201562273209,28.287009613001942,21.555666704049827
0.4742604418305327,28.28782127508191,21.55682986350058
0.4556897145956139,28.28741697467524,21.55605344675115
0.44073913802826237,28.288629880686358,21.55682986350058
0.4228154899224109,28.289845864020606,21.55721660767432
0.4132114744077191,28.29106186180411,21.55682986350058
0.41123709792384594,28.29268219365099,21.55682986350058
0.4143710322165181,28.29227787403886,21.558379773027127
0.42222027135015583,28.29227787403886,21.558766519163783
0.4382639745039998,28.293086514861045,21.559153265790314
0.455267164053623,28.2947068787758,21.559153265790314
0.48363791157202657,28.295922934339615,21.559540012906893
0.5012342260564261,28.297950746808567,21.560316438521966
0.5246767549172706,28.29551860191799,21.56070318711261
0.546562596557409,28.297139004362464,21.56070318711261
0.568246622717333,28.30119165446098,21.56147961568763
0.5856079744147874,28.29916377771883,21.562642797288902
0.5980779754689927,28.302000365771164,21.563416300860467
0.6070157930727362,28.302407787150344,21.56419273634367
0.6103358459222428,28.302000365771164,21.565352998337346
0.6087359766285909,28.304432664864237,21.566129438755524
0.6023432420848233,28.305648836118962,21.566905881152934
0.5913119747070213,28.304837032541798,21.567292638104675
0.5778770455351926,28.306861958390073,21.568842600818698
0.5600792382175527,28.309294373207933,21.570005810535804
0.5413856142349971,28.310106212203323,21.56961612013521
0.5233650013948562,28.310510602336763,21.57077933280982
0.5020967886495069,28.314156312949365,21.572719007165006
0.482993822082605,28.314156312949365,21.574268997533352
0.46569348713560577,28.31456378281041,21.576205764098688
0.45083845793337357,28.315777010973193,21.576205764098688
0.4402946465356191,28.316184487302564,21.57736900199785
0.43228431075606366,28.317805217525347,21.578142543018373
0.4276056895682678,28.319425973483305,21.578532244355188
0.42606965657270635,28.320234829184642,21.57969256107407
0.4269821164434467,28.32266756262328,21.581245517164746
0.429694322290479,28.321855623729732,21.581245517164746
0.4333335620970824,28.32266756262328,21.581245517164746
0.4372867686812679,28.325909254759665,21.582019068072327
0.44132675283958767,28.32712568188873,21.58318232826781
0.44452595321403154,28.326313707509996,21.58318232826781
0.44612437197939125,28.328342123527136,21.58279555108254
0.4458340461313262,28.329558579676757,21.582405844266475
0.443567227458749,28.33280049087665,21.582405844266475
0.4391473993679885,28.333609452655764,21.582019068072327
0.43330443365120813,28.333204970963664,21.581245517164746
0.42523446547997773,28.335230459786942,21.581245517164746
0.4145034085768293,28.336851492703147,21.579305788341287
0.4036145414856198,28.33888011843044,21.57969256107407
0.39241003956749626,28.338472551408927,21.579305788341287
0.37712763675548605,28.33888011843044,21.578532244355188
0.35552864964810743,28.344555582062355,21.57775577226164
0.3462293559548146,28.342526843298515,21.57775577226164
0.33669429873237944,28.344147992329056,21.576982232226896
0.32894203899053,28.34496010882441,21.575429297956134
0.32097113727350807,28.345769167170204,21.576205764098688
0.31602652263336817,28.34698583140795,21.57504253065605
0.3107904362836781,28.35022829729712,21.576205764098688
0.30870522145091384,28.351445014838134,21.575429297956134
0.30678302740306546,28.351849568981322,21.575429297956134
0.30495760542682987,28.353066305908555,21.575818995809698
0.3028899336489895,28.35428305738685,21.575818995809698
0.2981669093454054,28.35752575582859,21.575429297956134
0.29109625609275547,28.35712117911197,21.576205764098688
0.28478679192967316,28.357930334154673,21.576205764098688
0.26580049868744504,28.359959380038333,21.57736900199785
0.25352843725112784,28.362389997369007,21.578532244355188
0.23816641151788748,28.363606860409902,21.578142543018373
0.22029069522103478,28.3648237380188,21.57891901610168
0.2005552211816454,28.366445242412283,21.57969256107407
0.18031995175589333,28.3648237380188,21.580855812341554
0.15549362704580458,28.367662154008883,21.582405844266475
0.136011727691914,28.367662154008883,21.58356910594682
0.1115435256796028,28.368066772680038,21.585505931905345
0.08713472089582441,28.372122244291177,21.585119151752792
0.06373351204182665,28.370905279269095,21.588608981473953
0.04436359370196419,28.37171760946677,21.589769336798042
0.025316780239017456,28.372122244291177,21.591322344579453
0.009798419780619128,28.374148508077894,21.592095921244436
0.0,28.373743865180302,21.59403280181067
0.0,28.374960864217485,21.595972625057584
0.0,28.377391840472455,21.5963594190992
0.0,28.376177877841087,21.59752273447043
0.0,28.376177877841087,21.598296327024798
0.0,28.376582530438668,21.598296327024798
0.0,28.377391840472455,21.599846448381527
0.0054864311346493055,28.377799563501583,21.599846448381527
0.016364732185941477,28.377799563501583,21.600236177689283
0.03159895227162607,28.377391840472455,21.599459649867526
0.04857608613979508,28.377391840472455,21.599459649867526
0.06714434688686816,28.37860888323803,21.599846448381527
0.08888036718457443,28.37860888323803,21.599459649867526
0.10934346785658239,28.377391840472455,21.599459649867526
0.13280273306411683,28.376987184649124,21.599846448381527
0.161000483110632,28.377391840472455,21.600236177689283
0.19014799444274977,28.376987184649124,21.599846448381527
0.21780350494636233,28.376177877841087,21.599846448381527
0.24586801021698546,28.374553152587907,21.600236177689283
0.2745138857139894,28.377391840472455,21.600236177689283
0.3018927825274001,28.376582530438668,21.599459649867526
0.327127723055039,28.374960864217485,21.599072851849883
0.3541187769544349,28.376177877841087,21.598296327024798
0.37683635002461446,28.37293151877617,21.598686054328596
0.39648487880761,28.372122244291177,21.59752273447043
0.41706913467902285,28.374960864217485,21.597135938937356
0.4289668382511909,28.373339223895073,21.596746213636663
0.4375452777043806,28.375770161324624,21.59558290125949
0.4433161202646781,28.373339223895073,21.59442252360742
0.4447500281927676,28.372526880727605,21.594809315662474
0.44216288833834727,28.382260099096356,21.593646010750376
0.4368885798271093,28.372526880727605,21.59403280181067
0.4294847662604312,28.370092955567713,21.591322344579453
0.4187759682463604,28.369283703697704,21.59170913266439
0.40198738527131844,28.372122244291177,21.59093262678249
0.3815216190478207,28.370092955567713,21.589382551195285
0.37239956449587797,28.36887908018008,21.588995766087237
0.36460474841372503,28.368066772680038,21.588219267174452
0.35845418689432285,28.36847139296259,21.586282423855096
0.35370544094277184,28.368066772680038,21.585505931905345
0.35311005193467876,28.36847139296259,21.585505931905345
0.3553832360655579,28.367257536948898,21.58356910594682
0.3601075530753677,28.367662154008883,21.58318232826781
0.3676083063168538,28.365228345388346,21.58279555108254
0.3765945083138289,28.367662154008883,21.582405844266475
0.3865956421122719,28.366849856237707,21.582405844266475
0.3963777430499994,28.364419132260025,21.582019068072327
0.4050188155937035,28.3648237380188,21.580855812341554
0.4130686652983713,28.362389997369007,21.57969256107407
0.41896763264363646,28.364419132260025,21.579305788341287
0.42205419585616727,28.365228345388346,21.578532244355188
0.4217279815682042,28.362389997369007,21.578142543018373
0.41843172089029756,28.362389997369007,21.576982232226896
0.4097685727960088,28.36279766019078,21.576205764098688
0.3990057373419564,28.361176213985516,21.575429297956134
0.38460023023427936,28.361580806836514,21.57465576384851
0.36780943946793804,28.360768557665665,21.573492536341746
0.3502448408170028,28.360768557665665,21.572719007165006
0.33118561656519224,28.360768557665665,21.571942549933283
0.3130565788555718,28.36198540129766,21.571942549933283
0.2923308929861205,28.359959380038333,21.57077933280982
0.2731054253055376,28.359147143820394,21.570005810535804
0.2585011727501033,28.359147143820394,21.56845584189773
0.24453942781851776,28.358742560653297,21.567679395547714
0.23429057529050198,28.357930334154673,21.565352998337346
0.23561151501437744,28.35752575582859,21.56419273634367
0.24170446365380055,28.357930334154673,21.56380305338223
0.2520207072767534,28.356716604004703,21.563029548829377
0.27502500149348885,28.357930334154673,21.561092866112688
0.29388721733636586,28.355095254759988,21.559929690421484
0.3140594721432438,28.35590439368565,21.559540012906893
0.3375840529555788,28.356716604004703,21.558379773027127
0.3608886736701622,28.354687622814993,21.557990097490972
0.38560546218233555,28.35428305738685,21.55721660767432
0.43000733997708485,28.353878493567606,21.554503549026435
0.44281724537791056,28.35347086649807,21.554503549026435
0.4572419443324788,28.353878493567606,21.553727138186844
0.4690894407516838,28.35266174692765,21.55256692037983
0.47249854939689584,28.351445014838134,21.55217725225515
0.47247114522225864,28.35225718955536,21.55179051445674
0.4685679483079287,28.349823749599125,21.550240638335993
0.4613269478210508,28.35022829729712,21.548690770062535
0.45139155562713557,28.35022829729712,21.54830403666898
0.43316124677944623,28.348607051440865,21.547914373970855
0.4202070240460915,28.34658129659698,21.54559105704186
0.4044462083303153,28.34698583140795,21.54559105704186
0.3880850054491748,28.34698583140795,21.54442794030126
0.36713686120924605,28.34658129659698,21.542878101424037
0.3558534528899173,28.345769167170204,21.542101720052756
0.3455142507100101,28.34658129659698,21.540165169794648
0.33480417850097893,28.344147992329056,21.538615352440672
0.3292346701433824,28.344147992329056,21.538615352440672
0.3262237357761712,28.34496010882441,21.535902458461294
0.32503459216771624,28.34009670036545,21.535129024390415
0.3259740407094834,28.340905720073806,21.53396594727087
0.32903914186909083,28.341717810713305,21.5316398062198
0.33298696003713163,28.34009670036545,21.530476742284975
0.33764425571165757,28.33888011843044,21.527763920046084
0.34174174151676956,28.338472551408927,21.526603800329497
0.34608168079668183,28.33888011843044,21.524664418022724
0.34970244794949334,28.33766355102364,21.523114678687193
0.3521418906419732,28.336446998143117,21.522727977457123
0.35364739092825836,28.335230459786942,21.520015223348707
0.3541956415457519,28.335230459786942,21.51846550733802
0.3538922578703918,28.334421485141377,21.51691579909442
0.3520806384005286,28.33280049087665,21.51420309597802
0.351739108007149,28.333204970963664,21.51420309597802
0.35199679514316495,28.33077198616354,21.51381640589301
0.35448724734319653,28.33117952238996,21.511103729929516
0.35748298133107054,28.330367515730018,21.509940743295772
0.36279003823649725,28.329151049929465,21.509554058530114
0.3697028374233922,28.329963046901128,21.508391077708893
0.3785673285398153,28.327934598641548,21.506841419863633
0.39050760629421993,28.32753013946308,21.506841419863633
0.40445095949638277,28.328342123527136,21.506065129145327
0.4181410686817171,28.326313707509996,21.504128804907054
0.4327287789335804,28.32712568188873,21.504128804907054
0.45914980132224625,28.3251003540704,21.501802888269424
0.4855837556974473,28.323479507978448,21.49947991836831
0.49807267621698176,28.322263124329027,21.498316975262412
0.5088194663072634,28.32428839581462,21.498316975262412
0.5169250141440915,28.322263124329027,21.49754070583458
0.5219779908783727,28.32266756262328,21.496767367650364
0.5244068646506235,28.320642323311176,21.495991102086577
0.5228601719789083,28.319830400532624,21.494831101302793
0.518427984239154,28.31902154803663,21.49366817555955
0.5089686353445791,28.31902154803663,21.492505254155674
0.4994290101427891,28.317805217525347,21.492118591072995
0.4865347406047556,28.3173977347264,21.492118591072995
0.47347472560043036,28.315372599983675,21.492118591072995
0.4592789058532159,28.315372599983675,21.490569014287075
0.4454608889534688,28.315777010973193,21.49017942435904
0.4282325972017497,28.315372599983675,21.4890165159631
0.4196209508383735,28.312131242498594,21.487856541123676
0.4097295782485316,28.310510602336763,21.48824319892458
0.40886117310213865,28.310510602336763,21.487080297741556
0.41230765491356886,28.310914994071368,21.487080297741556
0.41965626315957893,28.30888998788936,21.485917400888468
0.4313121317932898,28.30807815855968,21.486693641380555
0.4450995400369113,28.30969876012739,21.48630698549806
0.45966874930529067,28.307269399151608,21.48630698549806
0.4771677249020373,28.306861958390073,21.48553074596674
0.4913773845943047,28.305241401819387,21.484367854880645
0.5071117074584353,28.307673778055346,21.484757437558528
0.5255838837899691,28.306457582699352,21.483981201875906
0.5335688056964567,28.304837032541798,21.483204968120674
0.5428095815910492,28.306053208609,21.483981201875906
0.5483786944123299,28.305241401819387,21.483204968120674
0.5507921822990417,28.304432664864237,21.482045014854577
0.5500190851943552,28.30402829878676,21.4824316654653
0.54566776488062,28.30281214681645,21.48126878590449
0.5383535768170873,28.306053208609,21.48126878590449
0.5283344516972485,28.30362087094801,21.480105910665372
0.5153124682114139,28.30362087094801,21.47894303974624
0.4985643466594333,28.30281214681645,21.478169747621507
0.4831721008559053,28.30362087094801,21.479332615668795
0.46355149341940693,28.30281214681645,21.475844024477112
0.4493112748760333,28.30159600931637,21.476620239980207
0.4335688658427019,28.303216508082357,21.4754573820004
0.41837607455083864,28.30402829878676,21.474294528333928
0.40285008095385383,28.30281214681645,21.473131678979257
0.39124169622073895,28.300379886284475,21.473131678979257
0.38149623703007063,28.30362087094801,21.471195559010823
0.37418874628832116,28.30281214681645,21.47197176301006
0.366714088347244,28.30402829878676,21.471195559010823
0.36388637704558585,28.30159600931637,21.470422285991617
0.36282735008713274,28.30159600931637,21.46925945098309
0.3634219925958227,28.30159600931637,21.468096620279198
0.36554747484389816,28.30119165446098,21.468483253688078
0.36923332999244385,28.30402829878676,21.4673204258566
0.37352725796515124,28.30281214681645,21.46654716237549
0.37874057735468136,28.302407787150344,21.4673204258566
0.38458431757641054,28.303216508082357,21.464997712107902
0.3919293683654438,28.30159600931637,21.465384341705658
0.39924085972059636,28.30281214681645,21.464611082985414
0.41022847881199864,28.303216508082357,21.46344826947262
0.4175038916734853,28.302000365771164,21.463834897166294
0.4302596911894613,28.30362087094801,21.46189883446567
0.4394483104020587,28.30362087094801,21.46189883446567
0.45740312096465374,28.306861958390073,21.46150928017198
0.466464177760545,28.303216508082357,21.460736030971532
0.47595694540957534,28.307269399151608,21.461122655334464
0.4962352439578589,28.306861958390073,21.458797058368532
0.5039624759041293,28.305648836118962,21.459573231769923
0.5135850177627904,28.30362087094801,21.45841043685914
0.5219199990002585,28.307673778055346,21.457637195262805
0.5296326401903321,28.306457582699352,21.458023815823935
0.535603322799396,28.307673778055346,21.45724764623759
0.5420925110702514,28.304837032541798,21.458023815823935
0.5447829817965815,28.30969876012739,21.458023815823935
0.546457008280941,28.306861958390073,21.458023815823935
0.5469481578122832,28.306861958390073,21.458023815823935
0.5460857891366274,28.307673778055346,21.458023815823935
0.5439157651916232,28.307673778055346,21.457637195262805
0.5406228585050605,28.30848560417155,21.457637195262805
0.5368410916361889,28.30969876012739,21.458023815823935
0.532893467613692,28.30807815855968,21.457637195262805
0.5293131134573255,28.307269399151608,21.458023815823935
0.5254421523952398,28.307673778055346,21.459573231769923
0.5207534146628218,28.310510602336763,21.459186609308404
0.5191725901270762,28.30848560417155,21.460349407083186
0.5207245762886732,28.310510602336763,21.460736030971532
0.5231422899145723,28.310914994071368,21.460736030971532
0.5263783727643495,28.310914994071368,21.461122655334464
0.5304312138998439,28.30969876012739,21.461122655334464
0.5360839250253133,28.310106212203323,21.46189883446567
0.5419937774847968,28.31294310404411,21.462672086521536
0.547763551118073,28.312131242498594,21.46305871326166
0.5591994968094054,28.315372599983675,21.46305871326166
0.5656194670836735,28.313751908379288,21.465384341705658
0.5693106987281222,28.31456378281041,21.464997712107902
0.5723927275169264,28.31334750541089,21.4673204258566
0.5734349833747496,28.314156312949365,21.4673204258566
0.5725087705243724,28.31456378281041,21.467709987346097
0.5697417655366551,28.315777010973193,21.46886988757268
0.5574199202055328,28.316184487302564,21.469646085823058
0.5517626345813587,28.3173977347264,21.470422285991617
0.5425791738107841,28.317805217525347,21.471582196234692
0.5237375983181767,28.31902154803663,21.473131678979257
0.5162565434766673,28.321855623729732,21.474684098477326
0.5064690335763548,28.321046755181044,21.476620239980207
0.5012818774225056,28.319830400532624,21.47623359654591
0.4974044884054125,28.320642323311176,21.478556393445217
0.49571451821185514,28.32266756262328,21.47894303974624
0.49602754883594413,28.323479507978448,21.480105910665372
0.49790472583881623,28.32428839581462,21.480882136730827
0.5028358120142594,28.324692842137893,21.4824316654653
0.5091488249610937,28.32428839581462,21.483204968120674
0.5170666164807244,28.324692842137893,21.484367854880645
0.5247552132517909,28.32712568188873,21.48553074596674
0.5356236682868579,28.328342123527136,21.487856541123676
0.5460444743844411,28.329963046901128,21.4890165159631
0.5543333583696523,28.328342123527136,21.489792764159574
0.5615573284624458,28.331583996045083,21.4917289992095
0.5679722782599593,28.33117952238996,21.492891917717827
0.570481852920408,28.331583996045083,21.49444150604893
0.5681146605992746,28.334421485141377,21.496380699278575
0.5601481431556539,28.33280049087665,21.498316975262412
0.5505644515127779,28.334825971661417,21.499090317297032
0.5377779712024997,28.33766355102364,21.50025326329387
0.5201409454216395,28.33888011843044,21.501029539490105
0.4914387537694698,28.338068050413312,21.504515482912666
0.4666681084434978,28.33888011843044,21.504515482912666
0.4217358284394526,28.341717810713305,21.507228101247847
0.3978572597713023,28.343743468793434,21.508391077708893
0.3775415655370869,28.342931362001252,21.50916444482209
0.3542054206565841,28.34496010882441,21.510327428543746
0.3321995331131449,28.344147992329056,21.510717043713214
0.3070722484595656,28.34698583140795,21.51187710380964
0.2955246329701025,28.348607051440865,21.51458978654597
0.29258979652874145,28.349419203509285,21.51381640589301
0.29345527930642656,28.35266174692765,21.51458978654597
0.301743681485208,28.351849568981322,21.51575279063485
0.3134901512620543,28.353878493567606,21.51575279063485
0.32645801336810437,28.353878493567606,21.516529105620236
0.34436168058969663,28.356308965562164,21.51691579909442
0.3642134741669932,28.359147143820394,21.517302493052
0.3845846275965907,28.35712117911197,21.517689187492977
0.4035637734665932,28.359147143820394,21.517302493052
0.42257378147599933,28.359551728597182,21.51807881192633
0.44523729547784197,28.362389997369007,21.51807881192633
0.4658548371261675,28.362389997369007,21.51962852599854
0.4792205914048215,28.363202259495154,21.51962852599854
0.4881036660739962,28.36279766019078,21.520015223348707
0.49332117108269724,28.369688328826896,21.52040192118278
0.4914360101495431,28.367662154008883,21.520791549035266
0.48154294398121117,28.368066772680038,21.521564947130457
0.47047464225133867,28.37171760946677,21.52234127671136
0.4521406674506309,28.371309910857406,21.5219516469042
0.4333991574361393,28.37293151877617,21.522727977457123
0.4115828234616613,28.374148508077894,21.523114678687193
0.3876493499235172,28.37536551196473,21.52389101216437
0.33992424515286346,28.374960864217485,21.525827460027244
0.3187298531195224,28.377799563501583,21.52505405125379
0.2957454242024886,28.37982594059588,21.525440755398165
0.27609747775024096,28.37982594059588,21.52737721298888
0.2592335705237959,28.381852358148137,21.52737721298888
0.24639478016616137,28.38144768454123,21.52815355719281
0.23726788941854526,28.38388188194392,21.52854026522391
0.231595371529751,28.384286565259174,21.52892697374017
0.22831980184269168,28.38590838050061,21.530090031823647
0.22857834319504405,28.385095936732284,21.53086638286203
0.231048011097957,28.387934919542488,21.53125309429811
0.23518092013692077,28.387934919542488,21.5316398062198
0.24016043338454499,28.38955679312096,21.53241616116526
0.24560670598499718,28.38915208877853,21.532802874547883
0.25115702200178897,28.388747386051193,21.53357630277077
0.2558482232718125,28.39199118513966,21.53357630277077
0.2597063936195464,28.39077398182434,21.53396594727087
0.26259501156623755,28.39199118513966,21.535129024390415
0.2644579977135685,28.393208403068854,21.535515741182678
0.26589080860177117,28.394017845752785,21.535902458461294
0.2661601140737032,28.395235088018296,21.535902458461294
0.2659886939766932,28.396047613031726,21.537065542904656
0.2659768617508692,28.39645234490297,21.537065542904656
0.26635130781733873,28.397264879675845,21.53667882416312
0.267538957215251,28.396857078390553,21.535129024390415
0.270145865998755,28.40050895136659,21.535902458461294
0.2744208692408072,28.3992916457496,21.535129024390415
0.28063796378098116,28.40050895136659,21.535129024390415
0.28822213358709464,28.400101137024365,21.534739378417157
0.29712854690334733,28.39969639057847,21.53357630277077
0.306697150179409,28.39969639057847,21.534352662600952
0.31746822589744256,28.400101137024365,21.53241616116526
0.329774123345277,28.40091370105887,21.532026518627163
0.34264712662737296,28.3992916457496,21.53086638286203
0.3561897899075978,28.40050895136659,21.529703321847762
0.36774789555510345,28.40050895136659,21.5293136827417
0.37873499516941517,28.40172320529507,21.52815355719281
0.38713379564974615,28.40091370105887,21.526603800329497
0.39377294054943063,28.40091370105887,21.526603800329497
0.3982527548004494,28.400101137024365,21.52427771485128
0.40029566330777067,28.40091370105887,21.523114678687193
0.40006074065887426,28.398479094724394,21.5219516469042
0.3979445368531399,28.40172320529507,21.52117824784085
0.3920861713374468,28.40050895136659,21.51962852599854
0.3866412769346855,28.402131026167638,21.51846550733802
0.37999060084294084,28.401318452368344,21.517302493052
0.37333660045807926,28.40050895136659,21.51691579909442
0.36611751464678055,28.40050895136659,21.51575279063485
0.3597871760673557,28.398479094724394,21.51458978654597
0.35446350012389216,28.3992916457496,21.513426786826017
0.3504664615855944,28.397264879675845,21.51381640589301
0.349748361185686,28.397669616408734,21.512266720927357
0.3505057109961316,28.396857078390553,21.513426786826017
0.35363023680383776,28.39645234490297,21.512266720927357
0.35818974218368993,28.396047613031726,21.51265340907753
0.36474442221328207,28.396857078390553,21.513040097710416
0.3723677471266947,28.395235088018296,21.51381640589301
0.3796863787124713,28.394017845752785,21.513426786826017
0.3877522159913725,28.394425635613914,21.51458978654597
0.3946401547610462,28.393208403068854,21.51575279063485
0.40069775498409166,28.393208403068854,21.516529105620236
0.4051104013683615,28.392395900814222,21.517302493052
0.4059327182148348,28.39199118513966,21.519238899612333
0.40458495924748206,28.392395900814222,21.52040192118278
0.4011452410817123,28.392395900814222,21.52117824784085
0.3946280728657634,28.390369272623957,21.52234127671136
0.38581920795710867,28.39077398182434,21.522727977457123
0.3767249280957649,28.38915208877853,21.523114678687193
0.3673540971848429,28.38834268493889,21.52234127671136
0.3577481695432986,28.387125525416764,21.522727977457123
0.34944815988320854,28.387530221672193,21.5219516469042
0.3428488515407153,28.387125525416764,21.52040192118278
0.33832997159953165,28.387125525416764,21.52040192118278
0.33634284528014835,28.384691250188553,21.520015223348707
0.3370751390130537,28.384286565259174,21.518852203233337
0.34068885275571015,28.38631307189985,21.51807881192633
0.34725191069340694,28.38306945440388,21.517689187492977
0.3563296356424748,28.38266477594317,21.51613948313883
0.3679357182553268,28.38306945440388,21.51458978654597
0.38120340159067956,28.381852358148137,21.51381640589301
0.3950244641820999,28.38104301254799,21.51381640589301
0.40854317589225897,28.38023060773611,21.512266720927357
0.42098650906258783,28.38144768454123,21.511103729929516
0.431665600226097,28.37860888323803,21.511490416628362
0.4412495560121685,28.376582530438668,21.509554058530114
0.44805121927990266,28.378204222563227,21.50916444482209
0.4528516167047155,28.377391840472455,21.508004394875343
0.45554370933283594,28.375770161324624,21.507228101247847
0.4554788669187278,28.376987184649124,21.50529176975624
0.45318339412955744,28.374553152587907,21.505678449209995
0.4489947670480431,28.374960864217485,21.50529176975624
0.44290631014442017,28.374148508077894,21.50529176975624
0.4357646033593432,28.37536551196473,21.504515482912666
0.42684006356963194,28.37536551196473,21.504128804907054
0.417554535253236,28.373743865180302,21.503742127382793
0.4071707631940988,28.371309910857406,21.504128804907054
0.3964137813689866,28.371309910857406,21.50296584441196
0.3854409828464072,28.369688328826896,21.502579168335046
0.37386568577641766,28.36887908018008,21.503742127382793
0.3621180347544035,28.36847139296259,21.503742127382793
0.35092029379292894,28.369688328826896,21.503742127382793
0.3395666846005529,28.370092955567713,21.504515482912666
0.32815318485026496,28.369283703697704,21.504128804907054
0.30132879909323557,28.365636019594376,21.503742127382793
0.2936553464995197,28.3648237380188,21.504128804907054
0.290127417125381,28.365636019594376,21.503742127382793
0.2901209067412561,28.3648237380188,21.503352520970054
0.2942299516608431,28.363606860409902,21.502579168335046
0.3022703027140869,28.364419132260025,21.501802888269424
0.3151573328254356,28.362389997369007,21.501029539490105
0.3314253482599892,28.361580806836514,21.50025326329387
0.35194997400476485,28.362389997369007,21.50025326329387
0.3766041903971341,28.361176213985516,21.499090317297032
0.4062472443111358,28.36279766019078,21.499090317297032
0.43390550807438805,28.361176213985516,21.49793030496579
0.46353608753334613,28.360768557665665,21.497154036502366
0.49349973369401445,28.359147143820394,21.49793030496579
0.5200374048611046,28.359551728597182,21.497154036502366
0.5438598242998265,28.359959380038333,21.494831101302793
0.5643718288362682,28.358742560653297,21.496380699278575
0.5787768723815324,28.358742560653297,21.494831101302793
0.5877110007598015,28.356716604004703,21.494831101302793
0.5907200202567201,28.35752575582859,21.493278581759625
0.5873741316434384,28.35590439368565,21.4917289992095
0.5778093404650775,28.356716604004703,21.492118591072995
0.5633122183134889,28.357930334154673,21.492505254155674
0.5420029242564036,28.355095254759988,21.490569014287075
0.5197758021740422,28.35428305738685,21.49017942435904
0.49182663266279053,28.355095254759988,21.4890165159631
0.4586949921316962,28.356308965562164,21.4890165159631
0.4306260418809475,28.35347086649807,21.487856541123676
0.4046812670987999,28.35225718955536,21.487856541123676
0.3817959053815027,28.353066305908555,21.487080297741556
0.3611959950561272,28.353066305908555,21.487080297741556
0.3457316742209607,28.35347086649807,21.486693641380555
0.3347071800286924,28.351445014838134,21.48630698549806
0.3284137043429406,28.349419203509285,21.486693641380555
0.32613621619374034,28.351445014838134,21.486693641380555
0.3275053809689618,28.349419203509285,21.485917400888468
0.33153373557802335,28.349011594302624,21.486693641380555
0.33738357049348844,28.351445014838134,21.487856541123676
0.34335824913093405,28.35022829729712,21.487466954581294
0.34874231641584724,28.349011594302624,21.48824319892458
0.35209287465988964,28.35022829729712,21.487466954581294
0.3524369451973224,28.349011594302624,21.487080297741556
0.3495466843119611,28.349011594302624,21.487466954581294
0.3426105819527727,28.34820251018698,21.487080297741556
0.33245946061733045,28.349011594302624,21.48630698549806
0.3204748826490087,28.349011594302624,21.486693641380555
0.3054898358602884,28.348607051440865,21.48630698549806
0.28843185845638036,28.34820251018698,21.48553074596674
0.27336352280522763,28.34820251018698,21.48553074596674
0.26014815197063557,28.347797970540853,21.483981201875906
0.24736055520181927,28.347797970540853,21.484757437558528
0.24092490880539827,28.34820251018698,21.483981201875906
0.23922475490479286,28.348607051440865,21.483981201875906
0.24278831690666963,28.34658129659698,21.483204968120674
0.25178134759243587,28.35022829729712,21.483981201875906
0.26560784161491696,28.34698583140795,21.48359454934939
0.28418764876197056,28.347797970540853,21.483204968120674
0.30936650892436224,28.34658129659698,21.48281831655396
0.33668004697021625,28.348607051440865,21.4824316654653
0.36425043598776724,28.34617676339343,21.4824316654653
0.3922469124995716,28.34658129659698,21.48281831655396
0.4203941105580709,28.34820251018698,21.48281831655396
0.44670158666915044,28.347797970540853,21.48281831655396
0.46893638512862235,28.347390367826506,21.48281831655396
0.4865655582442773,28.34617676339343,21.483204968120674
0.49875534933222926,28.344555582062355,21.48359454934939
0.5057035166643769,28.34536463719371,21.483981201875906
0.506924822187627,28.344555582062355,21.484367854880645
0.503009003747109,28.342931362001252,21.48553074596674
0.49432652140570754,28.34536463719371,21.485917400888468
0.4815249724567761,28.34536463719371,21.48630698549806
0.4679758799218212,28.343743468793434,21.486693641380555
0.4527957221811333,28.34131023233772,21.487080297741556
0.43830490930249,28.341717810713305,21.487080297741556
0.42539979797672284,28.341717810713305,21.48553074596674
0.415379068937944,28.34050120941646,21.48553074596674
0.4094316004229057,28.339689128476607,21.484757437558528
0.40692277855182557,28.340905720073806,21.485917400888468
0.4088327552499438,28.33766355102364,21.48514409152341
0.4144954833511224,28.338068050413312,21.48553074596674
0.4235852771250451,28.338472551408927,21.48553074596674
0.43555681761037784,28.33766355102364,21.487856541123676
0.4497968966212576,28.336851492703147,21.48824319892458
0.4626494281731754,28.337259053239848,21.489406104439183
0.4739504662767492,28.334421485141377,21.4917289992095
0.4829298625160607,28.336446998143117,21.492505254155674
0.48877620140020966,28.334825971661417,21.49366817555955
0.49098324284204675,28.333609452655764,21.49444150604893
0.4883527481288761,28.334421485141377,21.496767367650364
0.48124826882151384,28.333204970963664,21.498316975262412
0.46750104561657724,28.334421485141377,21.499090317297032
0.4511650957939862,28.334421485141377,21.50141621363929
0.4314869327541905,28.333609452655764,21.503742127382793
0.4079571663615168,28.334017000226652,21.504905090784064
0.3808226832735376,28.33239294816991,21.506841419863633
0.35016665918630496,28.33239294816991,21.50877776102442
0.3220257926622807,28.331583996045083,21.51187710380964
0.29103586220686045,28.329963046901128,21.513426786826017
0.2651675707380262,28.330367515730018,21.514979407076396
0.24456787985377618,28.329558579676757,21.516529105620236
0.22567873077517162,28.33117952238996,21.51807881192633
0.20981993698135742,28.33117952238996,21.520015223348707
0.1972383873099224,28.330367515730018,21.522727977457123
0.18742571606801353,28.329963046901128,21.52427771485128
0.1803031147737663,28.331583996045083,21.524664418022724
0.17496157743177815,28.331988471305067,21.526603800329497
0.17165858988564914,28.33117952238996,21.52854026522391
0.17010566457359858,28.331583996045083,21.529703321847762
0.16985742123578712,28.33077198616354,21.5316398062198
0.17065960337547692,28.329151049929465,21.532802874547883
0.17224771700352398,28.329963046901128,21.53396594727087
0.1745946205917861,28.329151049929465,21.536289176226205
0.17770176266090204,28.329151049929465,21.539388795284424
0.1818466970870339,28.328746585926126,21.540941546267675
0.1866464794782205,28.329963046901128,21.543651555007784
0.1925887975663168,28.327934598641548,21.54520139779345
0.20013775501252695,28.329151049929465,21.547914373970855
0.20844147656768364,28.328746585926126,21.54907750394443
0.21805500606233283,28.32712568188873,21.551017040326542
0.2290596735828062,28.326721225918448,21.55256692037983
0.2400611876470202,28.32712568188873,21.554890290255855
0.25116437761595173,28.327934598641548,21.557603352337765
0.2616328908395973,28.326721225918448,21.557990097490972
0.2718966335840901,28.32550480361317,21.561092866112688
0.28017219032928614,28.326313707509996,21.56147961568763
0.2857219063531951,28.32266756262328,21.56419273634367
0.28863220075141227,28.324692842137893,21.563416300860467
0.2885116091032855,28.323072002520803,21.56419273634367
0.2849882793301263,28.321855623729732,21.564966243848573
0.27749055277559076,28.321451188653896,21.5645794898507
0.2680730945772991,28.321451188653896,21.5645794898507
0.25293707081257333,28.319425973483305,21.565742683280973
0.23487666475677846,28.31658890150834,21.5645794898507
0.2183842346167534,28.3173977347264,21.563029548829377
0.19945565849905547,28.315777010973193,21.5645794898507
0.18018185314780105,28.315372599983675,21.563416300860467
0.16081066836056798,28.31253564065031,21.562253116308625
0.13912911737130973,28.312131242498594,21.56147961568763
0.1270827648892432,28.30969876012739,21.561866365752905
0.11813663739038333,28.30848560417155,21.559153265790314
0.11226021215499571,28.307673778055346,21.559540012906893
0.10976480861992016,28.306457582699352,21.55721660767432
0.1114394049058331,28.305648836118962,21.555277031974583
0.11585897042647908,28.302407787150344,21.554116808286267
0.12229513384259011,28.29997553623923,21.55334039842876
0.13028271519639417,28.29997553623923,21.55179051445674
0.13931924062242307,28.29997553623923,21.55062737417569
0.1483598119838978,28.29754334319057,21.549853902984978
0.1572756693041234,28.29551860191799,21.549464238314783
0.16507809851428357,28.29551860191799,21.55062737417569
0.1713543111606961,28.29227787403886,21.55062737417569
0.1759044971135965,28.29065754859488,21.551017040326542
0.1784465501853113,28.289037248808597,21.55256692037983
0.17925684961585386,28.28741697467524,21.55334039842876
0.17814768732306746,28.28538937096465,21.554503549026435
0.1755966089004381,28.28376915456994,21.555666704049827
0.1720418049586061,28.282553243416487,21.55605344675115
0.16765343282289974,28.280124527077874,21.556440189941952
0.16296975045737308,28.27809706775821,21.55682986350058
0.1577096136460859,28.27526420464045,21.556440189941952
0.1530778668084396,28.273641085930876,21.555666704049827
0.1486225565318735,28.270401050358714,21.554890290255855
0.1440971777508006,28.270401050358714,21.554116808286267
0.14054618620634007,28.26797262202831,21.553727138186844
0.13674153443547604,28.265136976487952,21.55217725225515
0.1328829037469817,28.261489949368524,21.55179051445674
0.1288619720049321,28.26027736453682,21.551403777147243
0.1245605022711469,28.25906173200576,21.549464238314783
0.1194688879813674,28.257441931690494,21.549464238314783
0.1133791129731927,28.25379517803424,21.547914373970855
0.1069453181237357,28.25460657717241,21.547140909632446
0.10052229160234483,28.24893610302189,21.54559105704186
0.09435227022511522,28.246912321693685,21.54442794030126
0.08880165832605585,28.242457693856068,21.543651555007784
0.0844689444281701,28.24205051070271,21.542101720052756
0.08206557508411133,28.238003259079903,21.540941546267675
0.08192244264792464,28.237596093569323,21.539388795284424
0.08443414404811678,28.23273778437141,21.539002073619145
0.09119608913031535,28.22949903904197,21.537452262132717
0.10058695390256422,28.22585633764521,21.536289176226205
0.11217082509493226,28.225449220204325,21.535129024390415
0.12622585687685595,28.223829949478045,21.53357630277077
0.14217307408932,28.21856826068023,21.53357630277077
0.1603071837592321,28.21775714583174,21.532026518627163
0.180021454447757,28.21289977279929,21.532026518627163
0.19791581977006414,28.210876700088534,21.5316398062198
0.21378574390674265,28.20844661682679,21.5316398062198
0.2278604656190294,28.204397625458967,21.53086638286203
0.2378908257595219,28.204397625458967,21.530476742284975
0.24309504332782655,28.19954088176968,21.5316398062198
0.24378322239673006,28.196303179639642,21.530476742284975
0.23951978311289693,28.192661651143624,21.532026518627163
0.23074138673269637,28.189828080004304,21.5316398062198
0.21935884390932645,28.18659068242522,21.532802874547883
0.20571420947569558,28.184161170913967,21.53241616116526
0.18933792919783893,28.179305378888728,21.532802874547883
0.1750152751284156,28.176472173974673,21.53318958841635
0.1610944179275375,28.172020588704243,21.53318958841635
0.15094906665748298,28.172020588704243,21.532802874547883
0.14550636777390136,28.168783748702538,21.53357630277077
0.144673414688688,28.162714181753188,21.53357630277077
0.14886320232472205,28.15947763274255,21.53318958841635
0.15838152886970683,28.15664497057429,21.534352662600952
0.1749314641758103,28.152598007695644,21.535129024390415
0.19389840521890192,28.14895801734707,21.536289176226205
0.2158460251455749,28.146933136863197,21.535515741182678
0.23944465746847782,28.144100817504864,21.537065542904656
0.2627789634819627,28.1396506231153,21.53667882416312
0.2851354458393053,28.137628982734725,21.537065542904656
0.3044165050999753,28.133582761792695,21.537452262132717
0.3186948292215484,28.129539756721726,21.538615352440672
0.3265801532948984,28.12670791194887,21.538615352440672
0.32759260890702446,28.12306577151344,21.539778447151775
0.32074477571447646,28.11861647844171,21.540165169794648
0.30706818331668595,28.116998878882328,21.539778447151775
0.2878269959020291,28.11133594972506,21.540551892924555
0.26370884081282364,28.10931486012879,21.541328270375516
0.2377886520052157,28.104866155204547,21.540941546267675
0.21202890288821866,28.103652349143772,21.541328270375516
0.18440135067232963,28.09758658831049,21.542101720052756
0.15978787700576674,28.09354498206136,21.543264827972166
0.14110946266688618,28.09152118064395,21.544041212286743
0.12868327467574037,28.088690370261077,21.543264827972166
0.12304187711249032,28.082221981836312,21.54442794030126
0.12530731514851906,28.081008439469997,21.545977787011168
0.13505131590262287,28.077370953707316,21.547140909632446
0.15074616700281834,28.075753994437832,21.547527641557565
0.17100627122431547,28.07171017758361,21.547914373970855
0.19604123513045474,28.06887990459751,21.549853902984978
0.2229990670556222,28.06483941017018,21.551017040326542
0.2523780703411132,28.060796015794836,21.55256692037983
0.2776845998880185,28.05675277780864,21.553727138186844
0.2983520862421203,28.05190293210552,21.554116808286267
0.3155520814523841,28.050689741840813,21.554890290255855
0.3239870717464324,28.046243535029248,21.55605344675115
0.32543716217732854,28.043010604264794,21.555666704049827
0.3199022282870537,28.039374440345966,21.55682986350058
0.3082527408408108,28.03654504213455,21.556440189941952
0.2917640057281131,28.03250274074219,21.55721660767432
0.2721545392545176,28.03088647489767,21.557990097490972
0.2511477948355259,28.025228213078265,21.558379773027127
0.22888232395613783,28.022805519362066,21.559153265790314
0.20810138699908948,28.021592665969933,21.559929690421484
0.1890865937247452,28.016744447464703,21.561092866112688
0.17383074395687237,28.011893398119696,21.562253116308625
0.16317835499013855,28.00987423015522,21.56419273634367
0.15579754076205124,28.00462029872068,21.56419273634367
0.15255802751840702,28.001794891884174,21.564966243848573
0.15263673509866005,27.9997728635596,21.567292638104675
0.15540828112335714,27.99654136427887,21.568842600818698
0.16002370494980397,27.99209745133186,21.56845584189773
0.1659473716930397,27.99007866353668,21.56922936023119
0.1718222966488796,27.98482572093775,21.56961612013521
0.17672922850017705,27.982807072594426,21.570005810535804
0.18070533110205472,27.978363739408678,21.568842600818698
0.18351350939498473,27.975939071675555,21.568842600818698
0.1854291962427496,27.97351751336174,21.56922936023119
0.1869040371839876,27.969477635102294,21.568842600818698
0.1884579553794806,27.96422877276501,21.568842600818698
0.1906481051784441,27.96180443005153,21.56845584189773
0.1945491480224497,27.96059227958216,21.567679395547714
0.2007612257043961,27.956552896270523,21.567292638104675
0.20969094606478778,27.95372877827549,21.566905881152934
0.22181543658351494,27.94968965751633,21.566905881152934
0.23755303107125292,27.946459693235965,21.566129438755524
0.2574174183349494,27.944035758422103,21.565352998337346
0.2814953849533598,27.939191108170235,21.56651619472109
0.306930371448454,27.937170279970474,21.564966243848573
0.3346912970208587,27.93596146463898,21.566129438755524
0.36376191054183643,27.931923022662147,21.56651619472109
0.39135405406471585,27.928290693274846,21.566905881152934
0.41842826573531866,27.925867174754387,21.566905881152934
0.4447296854511185,27.92142623627086,21.566129438755524
0.47171829051528535,27.91658262078937,21.566905881152934
0.4901633967835734,27.913353666785838,21.566905881152934
0.507172347783744,27.911739226665645,21.567292638104675
0.5195964021228772,27.908507368410085,21.567292638104675
0.5281911894610174,27.905278660292993,21.568842600818698
0.5333098583146114,27.900838584170458,21.56961612013521
0.5354968128741207,27.89922433449675,21.570392571426908
0.5354150662695312,27.896804531718487,21.571942549933283
0.5334041467582715,27.891556220862242,21.5731057715073
0.52990005301093,27.887925273822248,21.57465576384851
0.5249296748370732,27.886713968668914,21.576205764098688
0.5193098503277819,27.884697191470593,21.578532244355188
0.5125850903919851,27.881466156161707,21.580469038125216
0.5049515859151653,27.878640987608833,21.582405844266475
0.49648292994355336,27.87702707510556,21.584732372094265
0.48692869297139774,27.87339662417162,21.585505931905345
0.47618955995280887,27.86936056233509,21.586669205494047
0.4652276249440147,27.86734411408446,21.589382551195285
0.4532396294930292,27.866133043247487,21.590159053095135
0.4418607875077065,27.865730372871553,21.592482710319644
0.43017435354644296,27.860889295925688,21.59325922018553
0.4192370243993876,27.85685370801872,21.59403280181067
0.4089202850641113,27.85604538867352,21.5951961082132
0.4001407515255266,27.854837496471134,21.596746213636663
0.3927071716924102,27.854837496471134,21.597135938937356
0.38809181359168443,27.84918864689206,21.59752273447043
0.38571267257073705,27.84838038564766,21.599072851849883
0.38643930763486906,27.845153501779578,21.598686054328596
0.39076163623028043,27.845153501779578,21.599459649867526
0.39778872688349814,27.841926715486977,21.600236177689283
0.40813335863613126,27.842734927849165,21.599072851849883
0.42055879139838537,27.839505164890966,21.598686054328596
0.4354915449382774,27.837086718922535,21.598686054328596
0.45045880426834317,27.83506783119236,21.599072851849883
0.4659073720641249,27.834665278081104,21.597909530499635
0.47912642162800057,27.83103626926612,21.598296327024798
0.4897065906347725,27.83022814542744,21.599072851849883
0.4968288281645071,27.82821243674732,21.60139950801937
0.49969422800541363,27.827809909461735,21.60255991252177
0.49704819556580626,27.825791196997784,21.603723251826978
0.48927514922253823,27.826599287290662,21.6052734011119
0.4767269794314392,27.823775571978615,21.606436750905686
0.45610084211468577,27.82175998495211,21.607986914172727
0.4336161882336252,27.82135443269766,21.609923896899204
0.4081394028231936,27.82135443269766,21.61147700855912
0.3831996679740754,27.819338891296525,21.612637451947478
0.35480663104148796,27.820143883609774,21.614577395104675
0.33306442913060186,27.818530855861752,21.615737850481082
0.31306903990484714,27.816515367654915,21.617290992228448
0.29575073313432615,27.815304873317757,21.61806463564818
0.28407575551721537,27.815304873317757,21.61884121154378
0.2761660826904996,27.816515367654915,21.620391438879494
0.2722479087227766,27.81490239460652,21.623878747097535
0.27586213530054304,27.812886974734056,21.624265577067604
0.281394351100217,27.813691918512802,21.6269792619849
0.2870299376840861,27.813289445866815,21.626592428504352
0.2924976389907413,27.81248145610806,21.62736902652847
0.29870887689006886,27.813691918512802,21.628529531488027
0.3042168397632054,27.81127405636238,21.62775586101418
0.30908801431865573,27.813289445866815,21.6269792619849
0.3137062097629738,27.81207898801307,21.626205595524425
0.31829994682937895,27.81248145610806,21.624655338073637
0.32315586033393395,27.810868543845856,21.623491917627632
0.32838473805545326,27.811676521431252,21.62310508865795
0.33469433671876164,27.81127405636238,21.621165090305396
0.3427424474848721,27.811676521431252,21.620001683425755
0.35272168908480306,27.810868543845856,21.61884121154378
0.3645827203654863,27.810868543845856,21.616901240807408
0.3805211736370038,27.810868543845856,21.614577395104675
0.4015248427361464,27.810466081814184,21.612637451947478
0.42341092332541364,27.810868543845856,21.61108726468973
0.4436237249226576,27.810868543845856,21.608763463993625
0.45704260668896557,27.810063621295285,21.607600105199083
0.47067254700796773,27.810466081814184,21.606823558382985
0.48129772613807903,27.81127405636238,21.603723251826978
0.4881383386300838,27.807642792208867,21.60333644833497
0.49140115068288975,27.809255655880918,21.602173110524234
0.48877266775390726,27.808853199911425,21.599846448381527
0.479753777211128,27.806837893904003,21.59752273447043
0.4720668784729542,27.808045243629635,21.5963594190992
0.46278689723064875,27.80562750897633,21.5951961082132
0.4527156917848368,27.807642792208867,21.59325922018553
0.44452276813955166,27.80643239818562,21.592095921244436
0.438599243269726,27.807642792208867,21.592095921244436
0.43647752350354074,27.808045243629635,21.589769336798042
0.43846004097370994,27.80643239818562,21.588608981473953
0.4449983624867574,27.806029952824986,21.587445700428248
0.4561213545547662,27.806029952824986,21.586282423855096
0.4725735732443408,27.80481957702648,21.585119151752792
0.4925601782540538,27.807240342300304,21.58434559292982
0.5142780897757754,27.80562750897633,21.58279555108254
0.5387774111200125,27.80441713772484,21.58163229237175
0.5646097106932921,27.80280434690394,21.580469038125216
0.5889255876324264,27.80320678014766,21.579305788341287
0.6091617141155542,27.80481957702648,21.57775577226164
0.6237544511880699,27.80441713772484,21.57736900199785
0.6328369003800737,27.80441713772484,21.575818995809698
0.635856599788426,27.80481957702648,21.575429297956134
0.6316393660839805,27.80280434690394,21.573492536341746
0.6210155703527547,27.80481957702648,21.5731057715073
0.6039171948880013,27.805222017839867,21.572719007165006
0.5800180095099403,27.806029952824986,21.57077933280982
0.5519301341987246,27.80562750897633,21.570392571426908
0.5186243860524703,27.80401469993501,21.56961612013521
0.4874858820762267,27.80562750897633,21.56845584189773
0.4557611338486734,27.80441713772484,21.567679395547714
0.42769254795425315,27.80643239818562,21.566129438755524
0.40133440399567444,27.80562750897633,21.565352998337346
0.38133912699747147,27.80562750897633,21.56419273634367
0.3686943911456536,27.805222017839867,21.563029548829377
0.3634808640350558,27.806837893904003,21.562253116308625
0.365708369963208,27.807642792208867,21.561092866112688
0.3749113066662232,27.81812836501655,21.559929690421484
0.3920339109484635,27.808853199911425,21.558766519163783
0.41397471963952176,27.808853199911425,21.557990097490972
0.4402208186409754,27.81207898801307,21.55682986350058
0.46973231349461025,27.809658113363014,21.55605344675115
0.4991786204072219,27.810466081814184,21.554890290255855
0.5277122988761545,27.810466081814184,21.55334039842876
0.5518393422831674,27.81207898801307,21.55217725225515
0.5718919933538688,27.813691918512802,21.550240638335993
0.5882536094604175,27.815707353542678,21.549464238314783
0.5982766845404154,27.814499917408796,21.548690770062535
0.6030040360761378,27.8173233878685,21.547527641557565
0.6024699241563436,27.8173233878685,21.547140909632446
0.5967953019984399,27.820143883609774,21.545977787011168
0.5873744160917014,27.820143883609774,21.544814668803497
0.57486122249477,27.82216248946196,21.543264827972166
0.5609267481725357,27.8205494312744,21.541714994970505
0.545319277906382,27.82256499548663,21.540551892924555
0.5303475986043081,27.826599287290662,21.539002073619145
0.5164204034987723,27.825388678828972,21.5378389818473
0.5048628239817635,27.82821243674732,21.535902458461294
0.4966581562939967,27.829423077189176,21.534739378417157
0.4915182066524511,27.827809909461735,21.532802874547883
0.4888861925546406,27.83143880870375,21.5316398062198
0.48875008831877964,27.83305203121256,21.52892697374017
0.49051404382319935,27.83305203121256,21.52737721298888
0.4932403146281684,27.833860176409587,21.525827460027244
0.4963895987915673,27.83668110850556,21.52505405125379
0.49880545411184246,27.839102595053305,21.523114678687193
0.5000642028594031,27.8374892811604,21.521564947130457
0.499665882236064,27.840313358920127,21.51962852599854
0.4969530451485592,27.84313751138467,21.518852203233337
0.4904295044160456,27.845153501779578,21.517302493052
0.4829080218540725,27.84354009643863,21.51613948313883
0.4728327384329569,27.847169530261112,21.51381640589301
0.46178266771961207,27.849591254778147,21.513040097710416
0.45019590074686155,27.85080213765451,21.51265340907753
0.4375590964530347,27.851204751631087,21.51187710380964
0.4230577226450827,27.853223944652655,21.509940743295772
0.4112675952094249,27.85524012568459,21.50877776102442
0.39944957405065423,27.858064673376134,21.507228101247847
0.3892064933143433,27.860483594993696,21.505678449209995
0.3829003291804775,27.86169460160022,21.50529176975624
0.3784787977889057,27.862097256720062,21.504128804907054
0.37645983878821854,27.866133043247487,21.50296584441196
0.37639879189432784,27.865327704018057,21.501802888269424
0.37813662103677176,27.868149468563388,21.50141621363929
0.381737549664293,27.869766297082492,21.500642865821817
0.38683870705044904,27.87138009946807,21.49947991836831
0.3940495062140659,27.874205075213695,21.498703646039473
0.40175703881339475,27.877835553733632,21.497154036502366
0.41078746216321554,27.87662436351542,21.496380699278575
0.42052104597276546,27.879852200789458,21.49444150604893
0.4311048986070607,27.881063427764047,21.494831101302793
0.44297350484325626,27.884697191470593,21.493278581759625
0.4564803565938787,27.885502677320403,21.492505254155674
0.47108116282615575,27.887925273822248,21.49134233708935
0.48775597702874074,27.889942112279186,21.49017942435904
0.5052630396781279,27.891556220862242,21.4890165159631
0.5223697413086433,27.893170353969992,21.48862985720433
0.5427934149850033,27.895190343378772,21.487856541123676
0.5684225320668987,27.896398693777712,21.485917400888468
0.5883109244525091,27.899627131738725,21.485917400888468
0.6086055878909218,27.901244439084678,21.48514409152341
0.6264187979375315,27.902858719482538,21.48281831655396
0.6428128433631827,27.90649017724519,21.48126878590449
0.6551702692011383,27.906087353952444,21.480882136730827
0.6646943983453962,27.909316086685124,21.479719262928313
0.670645652481674,27.910527649754044,21.478169747621507
0.6733045125197137,27.910930489911323,21.477006883891534
0.6726002663306985,27.914159370106404,21.475070740000433
0.6684933427876222,27.91537098852268,21.473131678979257
0.6619453183878603,27.91537098852268,21.47080892226313
0.652778254383571,27.919811673174138,21.469646085823058
0.642269314655757,27.92142623627086,21.468483253688078
0.6321163598381864,27.92263793778335,21.46577097177868
0.6216557802496074,27.92505833016395,21.464611082985414
0.609855645103386,27.92505833016395,21.46228546025617
0.6007329357548359,27.929499420980335,21.459186609308404
0.5943885433109413,27.93232594419129,21.45841043685914
0.5902216784454439,27.93474961060923,21.454925006772044
0.5889878756110312,27.936767339991718,21.453375613658352
0.5890419788652876,27.939191108170235,21.451050073801696
0.5888634318123751,27.94242085033801,21.447951333181834
0.58674844669007,27.94565069117897,21.446401974257753
0.5807854186277261,27.947265648613325,21.44485262291903
0.5721154699139156,27.950495637532356,21.442140544117194
0.5556802847358284,27.953322722114933,21.440977813338748
0.5378257476534586,27.95736198183306,21.438652364573443
0.5164526526382951,27.960189250268513,21.43594326754345
0.4966543537386702,27.96503486379146,21.4347805594752
0.4773298340520416,27.96665011775741,21.43323126490924
0.4653373232385802,27.97190215419795,21.43168197789538
0.45820699046557656,27.975939071675555,21.429743183229277
0.4587600005351822,27.976748305962587,21.42897001161242
0.4666370460960916,27.98240395834722,21.42742074535039
0.4803070866983975,27.987250593261876,21.42548197663831
0.49646113009276455,27.990481807172557,21.42548197663831
0.5112742128938395,27.992500602702194,21.423932727340684
0.5266017187133433,27.998157101506308,21.422770063153507
0.5354964442184418,28.00300446216221,21.42161033181395
0.5375812234371862,28.005832956085783,21.420447676091555
0.5324433697719644,28.0078551010036,21.4196715984325
0.5192421928641746,28.012299680177478,21.41889845124433
0.5021385486682709,28.016338148207694,21.417349233913114
0.47966848428917624,28.021592665969933,21.416186593704822
0.4597465139511257,28.026441108505367,21.415410526398205
0.4415297226869393,28.029270233971715,21.414637389520692
0.4305343378439669,28.03250274074219,21.413088192841826
0.42755626846110256,28.034522344245204,21.411925568125525
0.43359532670581274,28.038564723549314,21.411925568125525
0.4474637496882655,28.043010604264794,21.41037638457493
0.46625055181657793,28.048669826535104,21.40998982198414
0.4914168167347928,28.05230631334507,21.409213769706582
0.5146415530796735,28.05553953129612,21.408437719309006
0.5358304696966418,28.059986133229245,21.407664599272323
0.5519334392547944,28.061199431338366,21.406501994242944
0.5611391662730723,28.066049708295907,21.405339393429017
0.562512948040541,28.071306721455358,21.403403687063985
0.5568988721123336,28.073327074223528,21.401854544691844
0.545505932493437,28.076560942624667,21.40069196071255
0.5311809209333668,28.079391423842594,21.398366805374167
0.5158008369084133,28.08383904133484,21.396431141023925
0.5028609100285513,28.087479809586227,21.39371947348519
0.4924745237908817,28.089904002016226,21.392946388867813
0.4844830433303636,28.09435206790812,21.391783837084006
0.47960644749980696,28.099610507541854,21.389458746098512
0.475603125636774,28.100014073178727,21.386747137233954
0.4720124807943557,28.103652349143772,21.385198075009328
0.4669662093633471,28.104866155204547,21.384425010818802
0.4592664095112211,28.10931486012879,21.38326248974272
0.4455510741436855,28.11174261848811,21.38132691607069
0.4281551763341385,28.11497767925806,21.37900190038164
0.40645403523545703,28.117405569787138,21.377839398802507
0.3775487547588394,28.12144810272048,21.376676901398127
0.3383169873608042,28.123876144363464,21.374354847285815
0.30144662768340447,28.12589751701404,21.373578880831644
0.268264433719166,28.12832566262972,21.372029881652907
0.2385556066218413,28.133179065861157,21.369318418855357
0.20911983639896164,28.136011087107534,21.368545392574504
0.18892353338921333,28.138032695972356,21.36699641742075
0.17894711465605992,28.1396506231153,21.365833958876635
0.17914001473951494,28.14248282096395,21.36428499664771
0.1929947867994924,28.146933136863197,21.36350905425985
0.21696804860549723,28.147743696056693,21.361960103103854
0.25085284457256574,28.149765533585253,21.360797662561026
0.29742039198822867,28.1534055522917,21.359248724307577
0.34721244992576167,28.156238125889843,21.35769979341967
0.3916117983876668,28.15826318818017,21.357313293854418
0.43249962016964755,28.16068903243678,21.355764372164515
0.4734231173409953,28.16352180521659,21.355377874893634
0.5026027755881262,28.164736311451747,21.35460195372491
0.5220370083716867,28.16837685632015,21.353439539427086
0.5323122702976133,28.170805996985393,21.35266655085104
0.5313644655667858,28.17120983950099,21.35266655085104
0.5217923338343333,28.172828284794377,21.35227712926934
0.5057415481118659,28.17687603861333,21.350728231484993
0.48267149437959334,28.17606831091331,21.34995524932674
0.45391744152260605,28.177279904829334,21.350728231484993
0.42827434572220763,28.17970925459423,21.34995524932674
0.40317443763892563,28.180113131877476,21.35034174017727
0.38202749539451347,28.183350326511118,21.35034174017727
0.3658568189163424,28.182542548224433,21.35034174017727
0.3533477437932965,28.18496896185303,21.350728231484993
0.34664048978548007,28.184565065594086,21.35150414344548
0.34571219914873674,28.18780239969493,21.35150414344548
0.35031127189344874,28.18780239969493,21.3518906361287
0.360316635746746,28.190231996840737,21.35266655085104
0.37339357782802923,28.19063591525685,21.354215457831344
0.39042894197093414,28.19346950856351,21.354215457831344
0.4087787774061058,28.19387343964388,21.355377874893634
0.42824344976465256,28.19346950856351,21.35615086989344
0.4483233941929642,28.195492239907423,21.35615086989344
0.46718380893643785,28.196707121807947,21.356926794747494
0.48605397599954747,28.19711412574304,21.357313293854418
0.5037599878832708,28.19792201800817,21.357313293854418
0.51853016889325,28.19792201800817,21.356926794747494
0.5329816889213576,28.199944836610825,21.356537368080524
0.5442197488455478,28.20197075519917,21.35615086989344
0.5535310669754956,28.20197075519917,21.355377874893634
0.5612758555751058,28.20480465973202,21.35460195372491
0.5676703221643734,28.20520863518533,21.354988450076405
0.5732235933454171,28.206016590839,21.353439539427086
0.5781595450136107,28.208042628688645,21.35305304491027
0.5820095970923449,28.208850606547912,21.35266655085104
0.5849668686458241,28.209257658398258,21.35150414344548
0.5869011452416637,28.210876700088534,21.350728231484993
0.5881983845126305,28.210876700088534,21.34995524932674
0.5888366035416015,28.211280699332804,21.348406362550122
0.5892393789731477,28.21249576720885,21.348019873988164
0.5901145393635857,28.214114859763754,21.34685748311165
0.5918234897189074,28.21654201591474,21.346468068452225
0.595497859529203,28.216137996044154,21.344919198191462
0.6009965373653767,28.21856826068023,21.344532713749288
0.6089847007263381,28.21897229008215,21.34337033526009
0.6189453301748299,28.2209955217603,21.342983852646228
0.6292354601791936,28.221402621591153,21.342983852646228
0.6391796667748488,28.22423706051535,21.341821479654186
0.6477435861754848,28.22423706051535,21.34065911078585
0.6538829420829724,28.22706851640214,21.34027263137
0.655316977875625,28.22666445523032,21.339499673905095
0.6514942077090237,28.230310246402667,21.339886152409747
0.6428297765070147,28.231522477623287,21.34027263137
0.6297502030722958,28.233144930648677,21.34065911078585
0.6135631182392346,28.23557253551212,21.339886152409747
0.5973915081076395,28.23557253551212,21.341821479654186
0.5807834648823544,28.237596093569323,21.341821479654186
0.564204671714984,28.2392186424118,21.34143499886767
0.5503593081929943,28.24002686497431,21.34259737048842
0.5391521675845573,28.2404309786383,21.34259737048842
0.5321320454447809,28.243673129855665,21.34259737048842
0.5289848904628529,28.244885518624415,21.342983852646228
0.5308628804106837,28.2465051208888,21.34259737048842
0.5372913842983046,28.24893610302189,21.34259737048842
0.547540332278686,28.252579622267433,21.342207960896644
0.5619026042398865,28.25582215693794,21.342207960896644
0.5763091011802841,28.25460657717241,21.342207960896644
0.594025249066443,28.258250297650306,21.34065911078585
0.6121977043024579,28.261489949368524,21.34027263137
0.6260051010779663,28.2610857528324,21.339886152409747
0.636913670573952,28.264732765581755,21.339886152409747
0.6443679185890678,28.2659454030794,21.339499673905095
0.6478205182677036,28.267565337662973,21.339110267993703
0.6466474600055635,28.271212580846054,21.339110267993703
0.6417068565388425,28.2732368414961,21.33833731326854
0.6330041066514311,28.276072711099857,21.33756143251628
0.621034912974306,28.277288545324097,21.33678848144018
0.6076602121057426,28.28093307189721,21.336399078746695
0.5936898482804758,28.28376915456994,21.33523965692075
0.5837697133491451,28.28538937096465,21.333690839706264
0.5761727967302646,28.289037248808597,21.332914969933654
0.5724502323969949,28.291466176610868,21.333690839706264
0.5731765308009704,28.2947068787758,21.332139101992766
0.5773316312164507,28.29673466713308,21.330979695199403
0.5844254946196068,28.29916377771883,21.32981736471413
0.5930329378802959,28.30119165446098,21.3286550383354
0.6016287481034753,28.304837032541798,21.32788210820496
0.607862540619347,28.307269399151608,21.327106252133945
0.6099755931452795,28.311726845948215,21.325943935327246
0.6064668707493366,28.311726845948215,21.32439516187452
0.5974368194530353,28.31861406038172,21.324008701580624
0.5838813704129375,28.31902154803663,21.323622241739713
0.5644161494467659,28.321855623729732,21.321684093915053
0.5341827383624502,28.32550480361317,21.322070551484614
0.5065572591797349,28.329151049929465,21.320911180133976
0.4783473216919079,28.331583996045083,21.320521796225535
0.45197014444880634,28.334017000226652,21.320521796225535
0.4278686111033451,28.337259053239848,21.319362430315948
0.40444137740922537,28.33928462265044,21.319362430315948
0.38962921970979997,28.342526843298515,21.319362430315948
0.3800272556358366,28.344555582062355,21.31858659429173
0.3756163812094874,28.348607051440865,21.31858659429173
0.3761742144026882,28.35022829729712,21.31742430750728
0.3812139691560694,28.354687622814993,21.315489123720397
0.3901144820020756,28.357930334154673,21.315875574040206
0.39941552511049333,28.361580806836514,21.315102673852323
0.4078360344706885,28.36279766019078,21.315102673852323
0.41455766404831784,28.365228345388346,21.313940399319563
0.41885308621438183,28.36847139296259,21.313164576022757
0.4192650130517759,28.370905279269095,21.31277812887066
0.41529210961371765,28.375770161324624,21.31277812887066
0.40741002297094886,28.376987184649124,21.312002308299043
0.3956732019161234,28.37982594059588,21.31084297226772
0.3823615006465492,28.38388188194392,21.310453600218352
0.3676747688687753,28.385095936732284,21.310453600218352
0.3534286351921676,28.38590838050061,21.309294269608984
0.33987673097980975,28.392395900814222,21.308518457199398
0.33218135484098443,28.393613123602847,21.307745574189823
0.32896992976737727,28.39645234490297,21.30813201546931
0.33097817013486724,28.397669616408734,21.306583325480688
0.3386177264673841,28.402131026167638,21.30542108084512
0.35056489105325195,28.403753126945276,21.304258840281477
0.3656595911242498,28.405780022844226,21.304258840281477
0.38161475513638765,28.4090243672955,21.303872403514674
0.3992207302025345,28.409432217574818,21.302323733410105
0.4163894975246213,28.412268815732318,21.30193437136319
0.4276392780785779,28.414703753677543,21.30116150368991
0.4334913272442979,28.41713875022498,21.30077507052755
0.43412770421618463,28.418356270479535,21.29883705644545
0.4288343649846525,28.420383458886988,21.29806419597469
0.4180209378431661,28.423628271664825,21.297677766412846
0.40372814350713904,28.42565556577847,21.297677766412846
0.38858633610170545,28.426063483123585,21.29612619769148
0.37294659657230605,28.431335886310194,21.29612619769148
0.35882597713148745,28.430931014882276,21.29457756367151
0.34587531263497,28.430931014882276,21.29457756367151
0.3371804273064193,28.432148701272524,21.29341828847646
0.3344130604127537,28.434176166343207,21.292256089868545
0.3400360872415427,28.434989004162276,21.290707473840655
0.3524045601614401,28.43701652625424,21.290318125384886
0.3692195712172682,28.438234286021043,21.28954528468421
0.3903607626526773,28.439856966068362,21.28915886500539
0.4155615216966997,28.441479672200614,21.28876951835747
0.4425018385281669,28.44350732465881,21.28799668124435
0.46190391420213855,28.444320237614704,21.28683450153045
0.47771228350259604,28.445538085505575,21.28683450153045
0.4886624171094739,28.445538085505575,21.28722091851779
0.494818743844917,28.445538085505575,21.286448084990354
0.49703615548974767,28.447565819520833,21.28683450153045
0.4947866035313341,28.447970757671044,21.28683450153045
0.4900208541273585,28.450001608369803,21.28722091851779
0.48390472435582826,28.450406556299356,21.286448084990354
0.4772658539656818,28.45202943212132,21.286058741504462
0.471170884754163,28.451624477674898,21.286058741504462
0.4674947575456133,28.450001608369803,21.286058741504462
0.4665136155406068,28.45202943212132,21.285285910666687
0.46915989631753185,28.454057296654184,21.285672325862095
0.47586669682961463,28.453247373098634,21.285285910666687
0.4863573009526624,28.453652334063122,21.284899495918296
0.49951947415554626,28.453652334063122,21.284899495918296
0.5137550010685858,28.454870294645673,21.284899495918296
0.5295212564350661,28.453247373098634,21.284899495918296
0.5469868420214579,28.45771123723017,21.286058741504462
0.5636438106870988,28.45608826994379,21.286058741504462
0.5751569331478893,28.45730319195593,21.28683450153045
0.5830637208874146,28.45771123723017,21.286448084990354
0.5866532058542739,28.458116216128303,21.287610263359
0.5854931488233046,28.458521196653862,21.28722091851779
0.5792047756814045,28.4593342306527,21.286448084990354
0.5678850417385165,28.459739216073217,21.28722091851779
0.5522808863967034,28.461767235732225,21.286448084990354
0.532489579320382,28.46055225989977,21.28722091851779
0.5099757855217559,28.461362242160078,21.285672325862095
0.48300808135045975,28.461362242160078,21.284899495918296
0.45775458894546395,28.462580295924738,21.285285910666687
0.4282162149243888,28.462580295924738,21.283737326981964
0.39817563505725684,28.462580295924738,21.282961574147635
0.37283515729704,28.462985294393604,21.282575162086744
0.3520153339455193,28.46420336778357,21.2810265909593
0.3331237015776447,28.466231477318956,21.2810265909593
0.3199730773407593,28.465421455904107,21.280640181134004
0.3107084206156242,28.466639558757322,21.27909161896298
0.30658542296056635,28.466231477318956,21.27909161896298
0.3076830248399292,28.468667717357278,21.278315876901445
0.31440855464382905,28.468667717357278,21.27909161896298
0.32456944775172597,28.467854608020218,21.278702284043277
0.33949575912378827,28.471509049098927,21.278702284043277
0.3584315933096223,28.471104016346885,21.27909161896298
0.3790091105680539,28.47435046104721,21.27909161896298
0.40247423373830593,28.4727272256074,21.278702284043277
0.4296529855357425,28.47353730580562,21.277153730836062
0.4608191341229958,28.475565603390123,21.277543063955363
0.489144068975474,28.474755506864426,21.27676732548082
0.5193544718769949,28.475565603390123,21.27676732548082
0.5446750268289986,28.476378775022454,21.275605184787366
0.5708974976928303,28.47719195322702,21.274056645893324
0.5939831600051821,28.47840712988824,21.272508114149957
0.6090076685725678,28.47759701048318,21.27057319133496
0.6155162330626083,28.479625389912428,21.269411072099842
0.6140769461660773,28.479220324488722,21.268248956885486
0.6030478075005243,28.479625389912428,21.265924738512467
0.5837684233892673,28.481653810246826,21.265924738512467
0.5604541307709875,28.480030456967427,21.263603463399534
0.5316881039251109,28.480843664692202,21.262827757126843
0.49480958563422245,28.481653810246826,21.26127927711957
0.4591247752827045,28.480843664692202,21.260892890023456
0.4247115376351858,28.48368534030294,21.2597308042308
0.39481755519430184,28.483280258526293,21.26050650337055
0.3716041846429367,28.484495508752275,21.26127927711957
0.35275960565783776,28.484090423711564,21.262827757126843
0.3429014215742033,28.484090423711564,21.263603463399534
0.3401245345977386,28.486932191086737,21.266700451926
0.343960946378713,28.485713842536768,21.26786256178525
0.3526774250066194,28.486118934118792,21.269411072099842
0.36516722129072876,28.48733728757861,21.270959589553456
0.37945037918306745,28.486932191086737,21.27212171414874
0.39423635261152923,28.487745454634535,21.272508114149957
0.407687146368872,28.488555655806408,21.272894514596203
0.41881955242129554,28.486932191086737,21.27328384276865
0.4250720892216028,28.488555655806408,21.272508114149957
0.42612615852080815,28.4889607588417,21.27173238732479
0.42059855677686814,28.4889607588417,21.27057319133496
0.40949166698606515,28.491802663924773,21.269797468981096
0.39267469723354287,28.48977403880434,21.268248956885486
0.37157334799613606,28.49220778005025,21.265924738512467
0.3464030280887311,28.493021086294277,21.265538346083588
0.3194778109905525,28.493021086294277,21.263989853606176
0.27527926192376906,28.49261596688939,21.262054979824825
0.25288654293746327,28.491802663924773,21.260892890023456
0.2316252724808786,28.49220778005025,21.26050650337055
0.20858569572615226,28.49464464939325,21.25856872244509
0.19322860770540887,28.49342620733279,21.258182338456606
0.18363696532444243,28.495049776979556,21.2570202620077
0.178615999320346,28.496268238734558,21.255471808678067
0.17853682454385744,28.496268238734558,21.255471808678067
0.18117096323623394,28.495863106233628,21.253923362452326
0.18510845497382736,28.495863106233628,21.253150605555163
0.18899351199372097,28.497081577855795,21.25276130066686
0.19197780929465758,28.495457975366833,21.251599242878456
0.19187904487807547,28.495863106233628,21.251599242878456
0.18910865014812847,28.495457975366833,21.25005081440196
0.18316656503793854,28.497081577855795,21.25005081440196
0.17552883918364032,28.498300064261855,21.248116020542113
0.16523888689642618,28.496268238734558,21.248116020542113
0.15563309482533633,28.496673372869736,21.2473432769184
0.1471937713770941,28.496268238734558,21.245405571497997
0.14187691824299825,28.495457975366833,21.245405571497997
0.1412938635353707,28.496673372869736,21.245019202558694
0.14671346413336234,28.49748671527209,21.243857171358854
0.15961224791745615,28.495049776979556,21.243084437452012
0.1801559021968618,28.495049776979556,21.242308778294273
0.20399251612453728,28.493834399122477,21.2415331209109
0.2328928157433727,28.49342620733279,21.241146756385604
0.26500088041146674,28.491397549432804,21.24037402865514
0.29558775439562446,28.491397549432804,21.239984738457565
0.32187685329324084,28.490584256330692,21.238436363069013
0.34503025793803604,28.489368932490777,21.23921201337322
0.3627720677771716,28.488555655806408,21.2380500020692
0.3733422124646783,28.486932191086737,21.236115276703686
0.37538224652216917,28.485713842536768,21.23650163550286
0.3687586819094285,28.483280258526293,21.234177635411072
0.3551751634856774,28.482872109598816,21.23340492353435
0.33967048687314283,28.478815260696194,21.231467297683537
0.31975018482558903,28.47840712988824,21.23108094460349
0.30260911654372036,28.47719195322702,21.229918961088345
0.2868870573367943,28.47353730580562,21.227984281965348
0.27383160381355054,28.47191408348084,21.22721158414481
0.26599420877018076,28.470695916813213,21.226435961200025
0.26279537693743243,28.468667717357278,21.2256603400196
0.2640538009216717,28.466231477318956,21.223725685062846
0.2682669996193533,28.462580295924738,21.223339340757548
0.27340973804586793,28.462175299084095,21.221791041072493
0.27880834934545307,28.458116216128303,21.221791041072493
0.2821305324357858,28.45730319195593,21.220629089208614
0.2824916601656988,28.45771123723017,21.219467141296263
0.2789051199014842,28.452839345893153,21.218305197333734
0.2707091482994372,28.450406556299356,21.219467141296263
0.2598784324798219,28.44837569744692,21.217918859157862
0.24556634002840455,28.445943015516605,21.21753252141849
0.2303593110075377,28.444320237614704,21.217146184115393
0.21352150499937422,28.44188458592629,21.216756920455907
0.19899379458065422,28.442289501276548,21.215594985699852
0.18843788144858226,28.439452060476356,21.215984248037614
0.1825000354973718,28.435798781174185,21.215594985699852
0.1814628981791101,28.432553577580848,21.216370584028653
0.18660755217964772,28.431335886310194,21.216370584028653
0.19641453995138414,28.42890361493943,21.215208650584316
0.21097311917736078,28.427278043764545,21.216370584028653
0.22781739844341614,28.424441024634064,21.215984248037614
0.24689553035915499,28.422815525229737,21.216370584028653
0.2666390555510336,28.423223431114366,21.216370584028653
0.2857283296813333,28.42078828806615,21.217146184115393
0.30312992623666113,28.418761091543843,21.216756920455907
0.31839846133447214,28.413081477423702,21.216756920455907
0.3294447657183469,28.41267667908619,21.217918859157862
0.33509950711651926,28.41105443532939,21.218305197333734
0.3364482883030902,28.408214804691852,21.219467141296263
0.3331280524906036,28.405780022844226,21.219467141296263
0.3263629159568034,28.40172320529507,21.220242748406406
0.31654073777749825,28.402131026167638,21.220629089208614
0.3041611360545519,28.400101137024365,21.220629089208614
0.28978286490375466,28.396857078390553,21.222177383625763
0.2757258906143032,28.394830361008076,21.224112029805497
0.26349668559594297,28.38955679312096,21.223339340757548
0.2521451488734509,28.39077398182434,21.224887647465437
0.2422101435013026,28.386720830776028,21.226049613825523
0.23420221995417775,28.385095936732284,21.226822309012334
0.22899743860766392,28.38266477594317,21.227984281965348
0.22571221008206535,28.380635276489897,21.228759908433517
0.22358951308690564,28.37536551196473,21.23108094460349
0.22221622262871932,28.373743865180302,21.231467297683537
0.22094566481712485,28.371309910857406,21.232242932084887
0.2189900124643118,28.369283703697704,21.23340492353435
0.2159193280198455,28.367257536948898,21.235339633470744
0.21105465464452605,28.36279766019078,21.23688799474138
0.20426888336218701,28.362389997369007,21.23921201337322
0.19584892867597992,28.35833797909595,21.24076039230033
0.1860014426811973,28.35428305738685,21.241922412885287
0.17526621833376155,28.35266174692765,21.243084437452012
0.16466811657860053,28.35022829729712,21.245019202558694
0.15395639971196157,28.349011594302624,21.246567608009684
0.1441112482333562,28.34496010882441,21.248502393015656
0.1360717682147291,28.344555582062355,21.24966444015979
0.1293242633761839,28.34050120941646,21.25121286686675
0.1256248988435298,28.338472551408927,21.253150605555163
0.12418997619032845,28.33563801384014,21.25430974156393
0.1251066265516183,28.33239294816991,21.256633879793185
0.12835053451531092,28.33117952238996,21.2570202620077
0.1340011212565153,28.326721225918448,21.25856872244509
0.14188023812594347,28.326721225918448,21.26127927711957
0.15146518579883766,28.322263124329027,21.263217073636497
0.1617822057889466,28.31902154803663,21.263217073636497
0.17328136280994685,28.3173977347264,21.265924738512467
0.18674466455034044,28.31294310404411,21.267476167129246
0.2006153526317253,28.312131242498594,21.268635352430067
0.21553226367754397,28.306053208609,21.270959589553456
0.23257436906562112,28.30362087094801,21.271345988216694
0.24954951032538536,28.30119165446098,21.27367024410836
0.268463425212639,28.29997553623923,21.274056645893324
0.2892965290818543,28.296327268359676,21.27444304812343
0.311514086388558,28.29227787403886,21.275991588802412
0.33289845930321693,28.289441555615895,21.277543063955363
0.3536557779958748,28.28620102019738,21.27909161896298
0.3734114649148388,28.282960587358332,21.27986443548349
0.3936154126924817,28.279717194416207,21.2810265909593
0.41082552417287665,28.276884286499808,21.28141300123093
0.4248763030246015,28.271212580846054,21.282961574147635
0.4353369846208815,28.268376845704665,21.282961574147635
0.4406713296616764,28.265136976487952,21.283350914024368
0.44211422086058944,28.26392128637451,21.284510154237523
0.43968019170426614,28.26068155788846,21.284510154237523
0.4336434456048066,28.255010748192376,21.284899495918296
0.42430065458349636,28.251771300957785,21.284899495918296
0.4118494727916023,28.249747463767676,21.28412374038635
0.39953486114375414,28.2465051208888,21.284899495918296
0.38861204162852897,28.243265941886932,21.285285910666687
0.3795674724574527,28.24002686497431,21.285672325862095
0.3726728228410114,28.236383790768343,21.286058741504462
0.37090046777936375,28.233144930648677,21.285672325862095
0.37481481389411764,28.22909496832756,21.285672325862095
0.3839950879528791,28.227475640247746,21.284899495918296
0.39853009177072957,28.22302185414287,21.286448084990354
0.4172223382927176,28.221402621591153,21.285672325862095
0.43941860552602957,28.21654201591474,21.286058741504462
0.4632998174760932,28.21289977279929,21.285672325862095
0.489658901145792,28.211684700160504,21.284899495918296
0.512994145991034,28.208042628688645,21.284899495918296
0.5306591192484589,28.20480465973202,21.285285910666687
0.5426234037238078,28.202374719553916,21.286058741504462
0.5481190076736492,28.19954088176968,21.284510154237523
0.5468145635051671,28.197518071085085,21.284899495918296
0.5382845809244201,28.19346950856351,21.284510154237523
0.5216684714443847,28.192661651143624,21.285285910666687
0.49741090357456347,28.18942110478946,21.285285910666687
0.4646297975042544,28.185779818957258,21.284899495918296
0.4291944974528569,28.182542548224433,21.285285910666687
0.39521913184894,28.18132783291344,21.285672325862095
0.36224409291264964,28.17970925459423,21.286058741504462
0.33215702937086905,28.178898445114612,21.285672325862095
0.3053969333341555,28.174853671665232,21.286058741504462
0.2864022099158221,28.17242443596109,21.286058741504462
0.27676200808226575,28.17120983950099,21.286448084990354
0.27461398078428456,28.170805996985393,21.287610263359
0.2803721065641662,28.16554700994135,21.287610263359
0.29319818313207774,28.16635465550462,21.287610263359
0.31210765497091914,28.160285230964348,21.289931704810726
0.33596074501414547,28.16068903243678,21.289931704810726
0.3632708423079746,28.15826318818017,21.289931704810726
0.3878042890770539,28.1554305592191,21.290318125384886
0.4096824262284456,28.153812385854337,21.292256089868545
0.42381143444289543,28.14936177467996,21.292642513137196
0.4286022046159012,28.150576114923012,21.29341828847646
0.42480493013329534,28.14855120283687,21.29341828847646
0.41234308289526844,28.146125642683728,21.294191138158112
0.39374011000892395,28.143293345377003,21.29457756367151
0.36783343690988013,28.143293345377003,21.29573977038052
0.33991075064777954,28.140461125402226,21.29612619769148
0.31075700468635864,28.138439469231912,21.296515552935887
0.28322759904316186,28.138032695972356,21.297677766412846
0.259601731798971,28.13520061957246,21.297677766412846
0.23960438008708165,28.13196492922293,21.297677766412846
0.2230008541652932,28.13196492922293,21.299226414863085
0.2125171370240535,28.13277537149918,21.298450625985538
0.2067235558496009,28.12751525507531,21.299226414863085
0.20540111844591802,28.12751525507531,21.299612846224704
0.20868989693093087,28.12670791194887,21.300385710295757
0.21573889922423717,28.123472486153958,21.30077507052755
0.2244551674497508,28.121851753067574,21.30077507052755
0.23427926292131995,28.120234103168627,21.30116150368991
0.24406391113653786,28.11983045910307,21.30193437136319
0.2542689088119588,28.115381304485766,21.30077507052755
0.26350285526360295,28.117405569787138,21.30193437136319
0.2730653612217111,28.11416737576451,21.302710168374233
0.2820920857143165,28.11214623116308,21.30309660378805
0.2907603821181342,28.11093234019347,21.302710168374233
0.3001971845374922,28.110125125827324,21.303485967197787
0.3115896406109341,28.108507658309975,21.304258840281477
0.3256231371996119,28.108507658309975,21.304258840281477
0.3433249609461522,28.104462570762564,21.305807519415623
0.3633495563887756,28.102845191234508,21.305807519415623
0.38562730737978035,28.10122783682914,21.306583325480688
0.41150927645470337,28.10122783682914,21.307356205780536
0.43785229882513294,28.097993203368105,21.30890489938014
0.463929768780386,28.097993203368105,21.309294269608984
0.48852074745756513,28.09556576558981,21.310067156231014
0.5113040366278429,28.09313838436219,21.31161586250414
0.5295505839378549,28.092331307914435,21.31161586250414
0.5430579502219777,28.08707323554262,21.31161586250414
0.5499640567600712,28.088690370261077,21.313164576022757
0.5508953669551656,28.086669720014072,21.312002308299043
0.5452325335202057,28.08262548015813,21.312391682169903
0.5325735243614325,28.081414989874304,21.313164576022757
0.5132558195568836,28.078987938027126,21.312002308299043
0.4902058664464299,28.078987938027126,21.312002308299043
0.46469494037270337,28.075753994437832,21.31161586250414
0.4379183411608169,28.074137060214127,21.312002308299043
0.4122591888134307,28.07292361184807,21.31161586250414
0.3867968389829579,28.07171017758361,21.31084297226772
0.3649418488551469,28.06887990459751,21.311229417160405
0.3445684119660359,28.06726307680276,21.311229417160405
0.3321351696963703,28.06726307680276,21.31084297226772
0.3250924241153081,28.064432924297932,21.31084297226772
0.32356082776608297,28.062009323304096,21.31084297226772
0.32679180941389974,28.059986133229245,21.311229417160405
0.3341379632045629,28.060796015794836,21.31161586250414
0.34472358601350506,28.058775905314292,21.312391682169903
0.3563856741484235,28.0579660383969,21.313164576022757
0.3687039809152053,28.058369443020695,21.313164576022757
0.37970645189001623,28.05432935484066,21.313553951261213
0.3895876438530432,28.053116136438177,21.313553951261213
0.39781406370713185,28.055136137588534,21.313553951261213
0.40410790373497035,28.05230631334507,21.313553951261213
0.40837433291728154,28.05109311840306,21.313164576022757
0.41035761756458883,28.051499552421205,21.313553951261213
0.4111268625456244,28.049073195311223,21.31277812887066
0.4109229350812042,28.048669826535104,21.312391682169903
0.4102829227779465,28.04786003785233,21.312391682169903
0.4099071973617758,28.04705331120573,21.31084297226772
0.4099500884120207,28.04462705716827,21.311229417160405
0.4107058462754069,28.04543682084062,21.310067156231014
0.41221620436171474,28.046646894454852,21.310067156231014
0.41455400343032606,28.043010604264794,21.309680712694615
0.416741481665202,28.043010604264794,21.309294269608984
0.418632431665206,28.042607258848307,21.310067156231014
0.41996394213438126,28.043010604264794,21.309294269608984
0.4201107261914718,28.042607258848307,21.309294269608984
0.41880380873185497,28.04139417631427,21.30813201546931
0.4153990055070618,28.038161395253724,21.309680712694615
0.40921567300978806,28.038968053397753,21.30890489938014
0.40161249192151244,28.038564723549314,21.307356205780536
0.39259208059671374,28.03694836420749,21.30813201546931
0.3820509804337869,28.03694836420749,21.306969765405427
0.3709764280692131,28.034928713949967,21.305807519415623
0.3601766676992836,28.03654504213455,21.306193958436268
0.3494939550626408,28.034522344245204,21.30542108084512
0.340234861923015,28.034928713949967,21.30542108084512
0.3314454259384519,28.034522344245204,21.30542108084512
0.3251627277369814,28.034522344245204,21.30542108084512
0.3212507495787985,28.03250274074219,21.304258840281477
0.31957570282345293,28.03331241069543,21.30503464272482
0.31983244808028544,28.03088647489767,21.305807519415623
0.32174329776478605,28.031289775194693,21.304645277498253
0.32440905811751264,28.02967352805132,21.305807519415623
0.3281779386042666,28.02846059523739,21.305807519415623
0.3317329640825641,28.027250731647428,21.305807519415623
0.33507726613516686,28.02846059523739,21.305807519415623
0.33828873885088784,28.02846059523739,21.306193958436268
0.3416720649482612,28.026844391704287,21.305807519415623
0.3446640071664021,28.02563149161341,21.306583325480688
0.34873512556373865,28.025228213078265,21.306193958436268
0.35422127541805254,28.023208788583418,21.306193958436268
0.3614566732446894,28.02563149161341,21.30503464272482
0.36962567709426736,28.023612059354775,21.306193958436268
0.3804966846166888,28.022805519362066,21.304645277498253
0.3922937160237641,28.023208788583418,21.303872403514674
0.4037155043334648,28.01957025647988,21.303872403514674
0.41417086246839957,28.02239919663873,21.30193437136319
0.4238725123242982,28.021186347943456,21.302323733410105
0.4315590524993258,28.019976568248694,21.302323733410105
0.43575379588326785,28.018360495415152,21.30154793730179
0.4362808092772576,28.01957025647988,21.299999278035614
0.4323747981444359,28.018360495415152,21.300385710295757
0.4245864318021942,28.018360495415152,21.299226414863085
0.4126625513855148,28.017550940874287,21.298450625985538
0.39767078837919456,28.017147693394918,21.297677766412846
0.3807952380809487,28.017147693394918,21.29806419597469
0.3628152254170621,28.014722131389988,21.2969019811477
0.3452869900412375,28.015934905387212,21.296515552935887
0.3257796901800358,28.014722131389988,21.295353343518173
0.3140271106625894,28.0155316641156,21.29457756367151
0.30554251615989103,28.012702909037102,21.29457756367151
0.3026539190452224,28.015934905387212,21.29457756367151
0.3056459315962647,28.01149017236827,21.292642513137196
0.3151527270104933,28.011086948164973,21.29186673960413
0.3281710915627689,28.01068067079848,21.291480317235028
0.3453349858064618,28.011086948164973,21.291480317235028
0.3652066369806831,28.01149017236827,21.29186673960413
0.3868185640869435,28.00987423015522,21.28954528468421
0.4085786653632194,28.01068067079848,21.289931704810726
0.4268453735385649,28.00906474103897,21.28915886500539
0.44159964044536765,28.0078551010036,21.28799668124435
0.45071372000295756,28.00744883613629,21.28722091851779
0.4527191640415585,28.008661526146284,21.28683450153045
0.44738829717993556,28.00906474103897,21.286448084990354
0.436137635491562,28.005832956085783,21.285285910666687
0.42112960185613735,28.005026552651998,21.284510154237523
0.3992095956611915,28.006239214705204,21.28412374038635
0.37602018681976274,28.005832956085783,21.283350914024368
0.35192531835090307,28.00462029872068,21.282961574147635
0.32827389431132264,28.005026552651998,21.281799411948896
0.3066758357880156,28.003813904591937,21.28141300123093
0.2913475337183927,28.00421710088284,21.280640181134004
0.28215059557905287,28.00260127052303,21.27947802700021
0.28063134665036243,28.003813904591937,21.278702284043277
0.28681893707185,28.001794891884174,21.277153730836062
0.2995420445211157,27.9997728635596,21.278315876901445
0.3228963416098745,28.000176044351065,21.277153730836062
0.3523920594398402,27.9997728635596,21.275605184787366
0.3796421728119781,28.000582281106176,21.275218781217745
0.41116557015313954,28.000582281106176,21.275218781217745
0.4378213851041109,27.9997728635596,21.274056645893324
0.4613019433261414,27.998560276102296,21.272894514596203
0.478424628176959,27.998560276102296,21.272894514596203
0.49006137951294526,27.999369684314217,21.27212171414874
0.4947175689101512,27.99613819742268,21.272508114149957
0.4924173272027164,27.996944532680573,21.270959589553456
0.4839682285216373,27.997350756951505,21.27057319133496
0.47022038010308204,27.99654136427887,21.269411072099842
0.44918912876315614,27.99613819742268,21.269411072099842
0.42808421397421753,27.994522491209466,21.268248956885486
0.40613434789641745,27.993713120299958,21.267476167129246
0.3880780766363469,27.99330996428347,21.267086845690244
0.3723440658631728,27.99290680981187,21.267086845690244
0.36209913108431696,27.99290680981187,21.266314058605758
0.35752564203763726,27.99209745133186,21.265924738512467
0.36030021839856574,27.990884952352815,21.2647655625575
0.3712512020981916,27.9916943015063,21.2647655625575
0.3864948611370434,27.990884952352815,21.26437624425654
0.4043459654436447,27.98967246734435,21.2647655625575
0.4255787261567425,27.98967246734435,21.26437624425654
0.4493114165759394,27.990884952352815,21.263603463399534
0.47129129472814535,27.987653726065503,21.26437624425654
0.48914992461727247,27.987250593261876,21.26437624425654
0.5029281816563305,27.988056860412996,21.2651519540986
0.5128129990211899,27.98846305037017,21.265538346083588
0.5174415547736231,27.987653726065503,21.266314058605758
0.5168782815044775,27.988056860412996,21.2651519540986
0.5113477846257743,27.988866187817393,21.2647655625575
0.50127007141483,27.988056860412996,21.266700451926
0.4868706933732946,27.987653726065503,21.266700451926
0.4675250245091985,27.986441278279017,21.266700451926
0.44766810547796626,27.986847462002117,21.268248956885486
0.42759445258475937,27.98846305037017,21.268248956885486
0.4057949546803135,27.986441278279017,21.269024675663104
0.38472893094954197,27.986038150118418,21.268635352430067
0.36376614667792606,27.986441278279017,21.27057319133496
0.3446569394450476,27.986038150118418,21.270959589553456
0.32481536124309407,27.986038150118418,21.270959589553456
0.30697772280497604,27.986847462002117,21.271345988216694
0.28780969281581664,27.986038150118418,21.27212171414874
0.26990629255739773,27.986441278279017,21.272508114149957
0.25099200147799694,27.987250593261876,21.27328384276865
0.23228274035050506,27.987653726065503,21.27328384276865
0.21407472691198962,27.986847462002117,21.272894514596203
0.1945118962571913,27.986038150118418,21.27328384276865
0.1773054742754559,27.987250593261876,21.27483237809355
0.16394828535217493,27.989269326808824,21.27444304812343
0.15413018516284516,27.98967246734435,21.27367024410836
0.1494016242944084,27.98846305037017,21.27328384276865
0.14913971960584177,27.989269326808824,21.27367024410836
0.15476689669428262,27.988866187817393,21.272894514596203
0.1672837846921551,27.98846305037017,21.27367024410836
0.18315265175032716,27.99007866353668,21.271345988216694
0.20189022583280128,27.98846305037017,21.270959589553456
0.22560445135760543,27.989269326808824,21.269797468981096
0.2506602924466292,27.99007866353668,21.269024675663104
0.2761121930719781,27.989269326808824,21.269024675663104
0.30282682805675354,27.990481807172557,21.266700451926
0.32688363979533175,27.98967246734435,21.265924738512467
0.3444605944336336,27.990884952352815,21.2651519540986
0.3580691187050977,27.99007866353668,21.2651519540986
0.3667296434605726,27.988866187817393,21.26437624425654
0.37091600880638215,27.99129115322529,21.263603463399534
0.3699198507360293,27.988056860412996,21.262827757126843
0.3658762153901632,27.988866187817393,21.262054979824825
0.3597434026034971,27.989269326808824,21.26127927711957
0.35203951449341286,27.98523189842797,21.260892890023456
0.34503724701772986,27.987250593261876,21.26011718999422
0.3390540969968498,27.986847462002117,21.25934441891036
0.3351315754450721,27.987250593261876,21.2597308042308
0.33385335155464974,27.986038150118418,21.26050650337055
0.33537183875734733,27.983210188384703,21.25934441891036
0.33902668780105516,27.983613305718052,21.25856872244509
0.3447298652210956,27.984422598962908,21.25934441891036
0.35131546543475306,27.980382302591693,21.25856872244509
0.3574434933882307,27.98159468061516,21.25856872244509
0.362718969752649,27.981191571008424,21.2589580340329
0.36656868366219686,27.979979197624743,21.25856872244509
0.36781377011641575,27.97957609420024,21.258182338456606
0.3666350820621105,27.975939071675555,21.2589580340329
0.3624822004571164,27.97715139856774,21.2589580340329
0.35762614154568234,27.978363739408678,21.2589580340329
0.35007840952836144,27.97432367539909,21.258182338456606
0.3372771002471097,27.97351751336174,21.25856872244509
0.3294937940453517,27.971092957117037,21.25934441891036
0.31989219255908435,27.97149602809418,21.26011718999422
0.3105259746453419,27.97190215419795,21.2597308042308
0.3005060264653371,27.971092957117037,21.25934441891036
0.29026735727773156,27.96988069990425,21.260892890023456
0.2802668995137398,27.96826539646014,21.260892890023456
0.269338067956176,27.969074571841077,21.26127927711957
0.25664238817730567,27.9658440143877,21.262054979824825
0.24312099231381754,27.967862337832287,21.262054979824825
0.23024175576209172,27.96665011775741,21.262827757126843
0.21471557914675934,27.963822676209816,21.263603463399534
0.2028609576521218,27.96422877276501,21.26437624425654
0.1922402011900376,27.96341963455768,21.265538346083588
0.18477261355231303,27.961401396108613,21.267476167129246
0.18250094503876893,27.961401396108613,21.268635352430067
0.18587671497827718,27.96180443005153,21.269411072099842
0.1954637252318771,27.959786222493904,21.27212171414874
0.21171991469764567,27.96059227958216,21.274056645893324
0.2370031659736893,27.9577650003514,21.275605184787366
0.26345864982968786,27.95736198183306,21.277153730836062
0.2989088208644948,27.95614988237935,21.27947802700021
0.33418454747307924,27.95614988237935,21.282188750472358
0.3692692280781979,27.954534789114405,21.283350914024368
0.4084041767509366,27.95291972055196,21.288383099577175
0.43561393957070293,27.950901682824338,21.289931704810726
0.45520830677911545,27.950495637532356,21.29186673960413
0.4672709080696814,27.948477646113247,21.294191138158112
0.46906769323086905,27.94766862860712,21.29573977038052
0.4635682375597119,27.946862670156293,21.29883705644545
0.44948627166685623,27.946053665014404,21.299999278035614
0.4329700897091822,27.94322982767443,21.30154793730179
0.41261056497837784,27.94282381186008,21.30116150368991
0.3949576969062071,27.93959405738343,21.302323733410105
0.37889903611460896,27.939997008132025,21.302710168374233
0.36609443851211826,27.93797921713781,21.30309660378805
0.3583437474156451,27.936364401547905,21.302323733410105
0.357181286983015,27.933940698138485,21.30193437136319
0.3612208921926189,27.934346679850762,21.302710168374233
0.36781278216109875,27.93111413179929,21.302323733410105
0.37660181147424693,27.930308299502258,21.30193437136319
0.3851700121144842,27.928290693274846,21.30116150368991
0.390502928787532,27.92748183016994,21.30077507052755
0.3914736637647995,27.92627007323307,21.299612846224704
0.3863727204984434,27.926672973244877,21.299226414863085
0.3756998697982895,27.924252543960392,21.29806419597469
0.3612998183793882,27.92505833016395,21.297288409808345
0.34160046287033485,27.92142623627086,21.2969019811477
0.32066606708395656,27.92223505312262,21.29573977038052
0.3021084423137238,27.92223505312262,21.29457756367151
0.28522965397086764,27.919811673174138,21.294191138158112
0.27371159538453915,27.91900287482389,21.29186673960413
0.27128547150672966,27.917388348655322,21.291480317235028
0.2792481231883293,27.91658262078937,21.290318125384886
0.2964756703246604,27.91496813149223,21.28915886500539
0.32478959541024116,27.91456222406316,21.28722091851779
0.3574946723342859,27.913353666785838,21.287610263359
0.39363103345826855,27.914159370106404,21.286058741504462
0.43374957111505485,27.913756517680667,21.285672325862095
0.4677802326784983,27.910527649754044,21.284510154237523
0.49502134401515685,27.910121759325136,21.283350914024368
0.5138843070756559,27.911333331599053,21.283737326981964
0.5208233367862513,27.909718922240017,21.282575162086744
0.515831499987871,27.907298880140218,21.2810265909593
0.49726415163082754,27.90810453745695,21.2810265909593
0.4696940788795305,27.9048758416003,21.280250844412933
0.4321603281739785,27.9036643430818,21.27947802700021
0.3950365137461493,27.90649017724519,21.27909161896298
0.3570836265794351,27.9036643430818,21.278702284043277
0.32217013925125904,27.901244439084678,21.277153730836062
0.2940790841444627,27.90003298202089,21.27676732548082
0.27540709984778156,27.900838584170458,21.276380920571228
0.26909226037668754,27.900435782331385,21.277153730836062
0.2719785022965819,27.89882153878301,21.27676732548082
0.28662669478218084,27.898012900486776,21.276380920571228
0.3134673823465877,27.897207319779852,21.275991588802412
0.34691010756076124,27.89922433449675,21.275218781217745
0.3842410625237177,27.896398693777712,21.276380920571228
0.41457519435039664,27.89559312531736,21.275991588802412
0.44509422485288697,27.896398693777712,21.275605184787366
0.4657466879966197,27.896804531718487,21.27676732548082
0.4844110038958501,27.89559312531736,21.277153730836062
0.4947967121244451,27.894381732735155,21.277153730836062
0.5018968084713716,27.893170353969992,21.278315876901445
0.5056964955380668,27.89559312531736,21.278702284043277
0.5083812252633085,27.895190343378772,21.278315876901445
0.5112289325287155,27.894381732735155,21.27986443548349
0.51422978849755,27.89559312531736,21.280640181134004
0.518489887948719,27.891958989019884,21.280640181134004
0.5235831770838641,27.894381732735155,21.280640181134004
0.530766231103802,27.893170353969992,21.281799411948896
0.5381821476937689,27.893978955390878,21.28141300123093
0.5453028447869661,27.890750689127913,21.282575162086744
0.5532512935772143,27.891958989019884,21.283350914024368
0.5591140473593647,27.891556220862242,21.282961574147635
0.563801392462979,27.892767581219346,21.282961574147635
0.5665402812297352,27.890750689127913,21.283737326981964
0.5678821697066019,27.891556220862242,21.283737326981964
0.5682037996983624,27.890750689127913,21.28412374038635
0.5679023544261895,27.893170353969992,21.285672325862095
0.5676493720319157,27.89236480999591,21.286448084990354
0.5678129238600114,27.890750689127913,21.287610263359
0.5687741920673661,27.89236480999591,21.28876951835747
0.5707113644274342,27.89236480999591,21.290707473840655
0.5738230331090362,27.891958989019884,21.290707473840655
0.5776288047320708,27.893978955390878,21.291480317235028
0.5810426004069325,27.892767581219346,21.292642513137196
0.5843839980082639,27.89357312824791,21.294191138158112
0.5866295174010239,27.892767581219346,21.294191138158112
0.5868212014142122,27.895190343378772,21.294191138158112
0.5848208625145547,27.896804531718487,21.293804713093152
0.5803887767527949,27.894381732735155,21.29457756367151
0.5737658188472312,27.897207319779852,21.293804713093152
0.5662639106550872,27.896804531718487,21.294191138158112
0.5572198577033364,27.897610109369282,21.29341828847646
0.5503940181100568,27.898418744597677,21.29341828847646
0.5455697149570119,27.90003298202089,21.293028936854
0.5432081352443279,27.901244439084678,21.292642513137196
0.5440696196263709,27.901244439084678,21.29341828847646
0.5489975484482846,27.903261530517625,21.29341828847646
0.5574139841683357,27.904473024436925,21.293028936854
0.5700420732239841,27.906087353952444,21.294191138158112
0.5854772920325949,27.90810453745695,21.29186673960413
0.6021047548616429,27.907298880140218,21.29341828847646
0.6182470539810059,27.908507368410085,21.292642513137196
0.633526545014963,27.909316086685124,21.292642513137196
0.6450077346832096,27.911739226665645,21.292256089868545
0.6532926824963169,27.912947765538547,21.292256089868545
0.6553135370438049,27.91496813149223,21.291480317235028
0.6513913045536543,27.91617670717727,21.29186673960413
0.6416120525014243,27.917794266908345,21.291480317235028
0.6277569864734642,27.92223505312262,21.291480317235028
0.6084086209788027,27.919408799261873,21.290707473840655
0.5855102096851923,27.92546427780877,21.29109389531385
0.5614391983334108,27.927078927080117,21.291480317235028
0.5386959083753191,27.929096510211593,21.290318125384886
0.515212504038597,27.93111413179929,21.290707473840655
0.4962786363768601,27.931520102667037,21.29109389531385
0.47711015444397636,27.93555547673003,21.28954528468421
0.4616133626097418,27.938382161733443,21.28915886500539
0.44824910758443925,27.940403013090872,21.28915886500539
0.43858425125449624,27.944035758422103,21.28915886500539
0.4310267322860878,27.94524771888007,21.28876951835747
0.42382829618243495,27.948880630729548,21.288383099577175
0.4174658312170226,27.94968965751633,21.28915886500539
0.41136811861669204,27.953322722114933,21.288383099577175
0.40462901650494143,27.95614988237935,21.28915886500539
0.39819674841861147,27.95816802040838,21.288383099577175
0.3923553243431553,27.960995310434953,21.28876951835747
0.38788400957254665,27.963016594445207,21.28915886500539
0.3849215951900306,27.967862337832287,21.28954528468421
0.38471200053471655,27.96988069990425,21.28954528468421
0.38787375949704994,27.973111381034585,21.28954528468421
0.39627071058452584,27.975939071675555,21.290707473840655
0.4080611550214568,27.980788462944417,21.29109389531385
0.42221072696362777,27.984019478531366,21.29186673960413
0.43761453174420123,27.985635023501402,21.293804713093152
0.4508290821625365,27.988866187817393,21.294191138158112
0.4597454726560274,27.994116277861394,21.29573977038052
0.46257856318331625,27.99492565187279,21.296515552935887
0.4597588422142618,27.998560276102296,21.298450625985538
0.44995349347141567,28.000176044351065,21.299226414863085
0.4333312953790652,28.00421710088284,21.300385710295757
0.41379115262007776,28.007045627445336,21.300385710295757
0.38884695192239005,28.0078551010036,21.30193437136319
0.3590182041613327,28.01068067079848,21.302323733410105
0.33224730822432447,28.016338148207694,21.304645277498253
0.30959230910355673,28.016744447464703,21.304645277498253
0.2920867165379625,28.017147693394918,21.306193958436268
0.2851587514724731,28.020379826597264,21.305807519415623
0.2870071096073662,28.024015331676537,21.306193958436268
0.3002487965045987,28.02563149161341,21.307356205780536
0.3213167455021929,28.026844391704287,21.307745574189823
0.3516231862328555,28.031289775194693,21.308518457199398
0.38625240464186916,28.03331241069543,21.309294269608984
0.4209763493816548,28.034928713949967,21.308518457199398
0.4522127772758561,28.03694836420749,21.310453600218352
0.48172772356597815,28.038564723549314,21.31084297226772
0.5041289975163782,28.04099083712356,21.31084297226772
0.5208193542740942,28.042200859356058,21.31084297226772
0.5276709053717129,28.04422370552487,21.311229417160405
0.5257592217223305,28.045840177157856,21.312391682169903
0.5162239229409404,28.046646894454852,21.31277812887066
0.5000460764574726,28.050286366833518,21.31277812887066
0.47804583777039,28.051499552421205,21.313553951261213
0.4516193340847614,28.05230631334507,21.313553951261213
0.42239379456153153,28.053922909828657,21.314326847829307
0.38776053744933925,28.054732745436695,21.315102673852323
0.36160601854185764,28.055136137588534,21.314326847829307
0.3408467444556121,28.05715617775195,21.31471329679067
0.3243644757087185,28.060392601808076,21.315489123720397
0.3145440077330991,28.06160284843878,21.315875574040206
0.31031688461620516,28.06160284843878,21.315875574040206
0.31183970798772803,28.0636260698069,21.315102673852323
0.31765872492633984,28.066456200457765,21.315875574040206
0.3263192541522634,28.066456200457765,21.31742430750728
0.33749128712950466,28.066859637851337,21.317037855376498
0.34658019298569653,28.06887990459751,21.31742430750728
0.35381372472203587,28.069286407771983,21.317813687762907
0.35763602190645993,28.070903266885807,21.31858659429173
0.3572531086725134,28.072520151031654,21.31858659429173
0.35221249991967785,28.073730538157918,21.318200140801196
0.3418792777211973,28.075350522683607,21.319748885166746
0.32643157398078204,28.076967475703043,21.319748885166746
0.3075519091485277,28.07777443327126,21.321297636798192
0.28869828523678165,28.078987938027126,21.321297636798192
0.2716360996366101,28.0781779143951,21.32323285463093
0.2572586972621797,28.082221981836312,21.323622241739713
0.2483140653750174,28.08262548015813,21.324008701580624
0.24446929350593155,28.08303203686387,21.32478162262163
0.2475472240545149,28.083435538318952,21.32517101156003
0.2588863887185053,28.083435538318952,21.325943935327246
0.27661617945956285,28.088690370261077,21.326719788659886
0.29879149846309117,28.08707323554262,21.326719788659886
0.323692220693127,28.087883328249575,21.32788210820496
0.34496738793872567,28.088286848474468,21.32826857304326
0.36637305800964304,28.090310587098656,21.327492716061556
0.3867424063679834,28.090310587098656,21.32904150408126
0.40026678225742196,28.090310587098656,21.32788210820496
0.40810661510052487,28.091117647900035,21.3286550383354
0.40996331667197833,28.09152118064395,21.32904150408126
0.40613840604918966,28.092734845357086,21.32904150408126
0.3979257793433877,28.09354498206136,21.32904150408126
0.388741854449528,28.091927772034126,21.32904150408126
0.3773553010393177,28.091117647900035,21.32904150408126
0.3670381653372587,28.09152118064395,21.32904150408126
0.35811381821988725,28.09313838436219,21.3286550383354
0.3509556510228353,28.09313838436219,21.32904150408126
0.3464666500721446,28.09394852420337,21.32904150408126
0.34493198812968007,28.09394852420337,21.329430898057012
0.34632811569672367,28.09152118064395,21.3286550383354
0.351122506090593,28.092734845357086,21.32904150408126
0.35845701141651937,28.09394852420337,21.32826857304326
0.368856623913047,28.09313838436219,21.32788210820496
0.37924729456957473,28.09354498206136,21.3286550383354
0.39243154672987535,28.09313838436219,21.3286550383354
0.4049470462799482,28.092331307914435,21.32826857304326
0.41722287185341667,28.09152118064395,21.32788210820496
0.4296490566603837,28.09354498206136,21.3286550383354
0.44163767933315595,28.092331307914435,21.32826857304326
0.45170871643098615,28.09435206790812,21.32826857304326
0.46101660217432067,28.09354498206136,21.3286550383354
0.468659374864365,28.09152118064395,21.327492716061556
0.47501401050409037,28.091927772034126,21.32788210820496
0.4801539761344369,28.091927772034126,21.32788210820496
0.48404419909707375,28.09071411671829,21.3286550383354
0.48674718863161587,28.09152118064395,21.3286550383354
0.4873035064876079,28.092331307914435,21.3286550383354
0.48587066036483906,28.091117647900035,21.32826857304326
0.4820267278282365,28.091117647900035,21.32826857304326
0.47514418300440026,28.091927772034126,21.32788210820496
0.4652902538611701,28.089500475532418,21.32788210820496
0.4545135008895684,28.09071411671829,21.32826857304326
0.44232729556019296,28.09152118064395,21.327492716061556
0.42726301755030355,28.09071411671829,21.327492716061556
0.41304607353740813,28.089904002016226,21.32826857304326
0.40014065162647083,28.091927772034126,21.32826857304326
0.3892498107080239,28.08909695061044,21.3286550383354
0.3814147591167136,28.090310587098656,21.32788210820496
0.37682527816170236,28.092734845357086,21.3286550383354
0.37670534492716656,28.092734845357086,21.32788210820496
0.38162994815785983,28.09152118064395,21.3286550383354
0.3914723787466156,28.091117647900035,21.329430898057012
0.40407291006570384,28.092331307914435,21.32904150408126
0.41973402330920023,28.091117647900035,21.32904150408126
0.4369761337511204,28.09152118064395,21.32904150408126
0.45516600532115287,28.092734845357086,21.32904150408126
0.4733802860841497,28.09394852420337,21.32904150408126
0.4877136267324643,28.09313838436219,21.32788210820496
0.49802453555096393,28.091927772034126,21.32788210820496
0.5028453092656863,28.092331307914435,21.327106252133945
0.5018983344431512,28.09394852420337,21.3263303978909
0.4950181315745396,28.09435206790812,21.32478162262163
0.4806132440610039,28.09394852420337,21.324008701580624
0.45676511009097637,28.09394852420337,21.324008701580624
0.4265257262428048,28.094755613175607,21.32323285463093
0.3963937966558719,28.09556576558981,21.322070551484614
0.36511339350010785,28.09596931555774,21.322070551484614
0.3327601312393481,28.09596931555774,21.320911180133976
0.3025685546737759,28.09758658831049,21.319362430315948
0.27358504066321876,28.097183032078192,21.320521796225535
0.2477201779417643,28.097993203368105,21.318200140801196
0.2255722732721588,28.096779477409086,21.31858659429173
0.20869458788270337,28.099610507541854,21.318200140801196
0.19688962472319935,28.099610507541854,21.31742430750728
0.19052821729084676,28.099203886170983,21.316651403697733
0.18812321494498135,28.099203886170983,21.315875574040206
0.18903754143868143,28.098800323673174,21.315489123720397
0.19258985363790762,28.09758658831049,21.31471329679067
0.19827204504453783,28.102034982201417,21.314326847829307
0.20583280219523764,28.102034982201417,21.31277812887066
0.2133541052452822,28.103248769407003,21.313553951261213
0.22133894125420903,28.102034982201417,21.31277812887066
0.22945065449381713,28.10122783682914,21.312391682169903
0.2376853945485437,28.104058987885082,21.311229417160405
0.2474559723898363,28.103248769407003,21.310453600218352
0.2584528871752394,28.105269741211202,21.311229417160405
0.27090108662941,28.102845191234508,21.309294269608984
0.28680103473799,28.104462570762564,21.30813201546931
0.3056838960223166,28.103652349143772,21.309294269608984
0.3288904128588565,28.106890215931344,21.307745574189823
0.3564145438925897,28.103652349143772,21.306583325480688
0.38627588199512475,28.104462570762564,21.306969765405427
0.4226280409832268,28.106079975417856,21.307745574189823
0.45694962777953607,28.106483566130578,21.307745574189823
0.4920370081241709,28.104058987885082,21.30813201546931
0.5282539344122172,28.1076974052051,21.308518457199398
0.5614535306033877,28.104866155204547,21.30890489938014
0.5888188656102518,28.105269741211202,21.310067156231014
0.6147099495762115,28.105269741211202,21.310067156231014
0.6353895402505386,28.104058987885082,21.309680712694615
0.6495909512211797,28.10244161462623,21.310453600218352
0.6579739469527609,28.102034982201417,21.309294269608984
0.6610524994987146,28.101631408733283,21.310067156231014
0.6596014706157429,28.100014073178727,21.309294269608984
0.6539936008724845,28.101631408733283,21.309680712694615
0.6467933584896275,28.10122783682914,21.30890489938014
0.6389611707906562,28.0983967627389,21.308518457199398
0.6324574570809195,28.097993203368105,21.309294269608984
0.6286534217614479,28.097183032078192,21.309294269608984
0.6280014264934116,28.097993203368105,21.308518457199398
0.6309188035159279,28.09637592430323,21.307745574189823
0.6372770711428666,28.09596931555774,21.30813201546931
0.6464979199385582,28.097183032078192,21.307745574189823
0.6575591581841367,28.09556576558981,21.307745574189823
0.6702398622179763,28.094755613175607,21.307745574189823
0.6822532248673936,28.09394852420337,21.306969765405427
0.6916150905207107,28.094755613175607,21.306583325480688
0.6967444258473224,28.092331307914435,21.306193958436268
0.6960495173165928,28.09313838436219,21.306193958436268
0.689552013409162,28.092734845357086,21.306583325480688
0.6768453899864135,28.09313838436219,21.306193958436268
0.6584346704171895,28.092331307914435,21.30542108084512
0.6334648544527206,28.09354498206136,21.304645277498253
0.6043737416648978,28.091927772034126,21.304645277498253
0.5743328181037106,28.09313838436219,21.304258840281477
0.5471061900352336,28.09313838436219,21.304645277498253
0.5140626727730259,28.095162217184793,21.304645277498253
0.4917654650749964,28.095162217184793,21.303872403514674
0.4784376225800827,28.095162217184793,21.303485967197787
0.4760771326280277,28.097183032078192,21.30309660378805
0.4807485160023632,28.09758658831049,21.302710168374233
0.49221818630946523,28.09758658831049,21.30193437136319
0.5121859620089337,28.09758658831049,21.302323733410105
0.5387627397290919,28.100014073178727,21.30193437136319
0.5696679897856274,28.10041764037942,21.30193437136319
0.603352285435491,28.102034982201417,21.30116150368991
0.6348323203466409,28.103248769407003,21.30154793730179
0.6664221282254554,28.106483566130578,21.30116150368991
0.6919919106288233,28.106483566130578,21.299999278035614
0.7140774185869242,28.106483566130578,21.299999278035614
0.7247300547218867,28.109718463386173,21.30077507052755
0.7278737040526816,28.112549845403862,21.299612846224704
0.7222166931124426,28.11214623116308,21.29883705644545
0.7096246589637589,28.11416737576451,21.29883705644545
0.6919485438681489,28.115381304485766,21.299612846224704
0.6678064286312402,28.116998878882328,21.299226414863085
0.6420888127002959,28.1194268166048,21.29806419597469
0.6141510786706887,28.12144810272048,21.298450625985538
0.5849901207047226,28.123472486153958,21.29806419597469
0.558888273266237,28.12589751701404,21.296515552935887
0.5340953102740964,28.125493850952125,21.2969019811477
0.5153710008348673,28.1291330183293,21.29612619769148
0.5001186414345762,28.13115755150892,21.2969019811477
0.49046719244438164,28.13156123958123,21.29612619769148
0.4854735905581367,28.134796917349888,21.29496691710449
0.48410725269156357,28.136011087107534,21.29496691710449
0.48593456984609945,28.137628982734725,21.29496691710449
0.4902169601360178,28.140864849658385,21.29457756367151
0.49576128770506034,28.143697080655215,21.29457756367151
0.5014043872806304,28.144911354561145,21.29341828847646
0.5068194967843793,28.146125642683728,21.293028936854
0.5105068576781635,28.147743696056693,21.292642513137196
0.5129176349207801,28.150979878558076,21.292256089868545
0.5135026530508303,28.153001779207102,21.29186673960413
0.5122669999294073,28.157452546711284,21.292256089868545
0.5097278391048534,28.159070776932822,21.292256089868545
0.5061070647329546,28.16068903243678,21.290707473840655
0.5015492214359467,28.164736311451747,21.290707473840655
0.4964677026766614,28.167165366669167,21.290318125384886
0.49099940618533483,28.169187583325595,21.28876951835747
0.48556728519337994,28.17120983950099,21.28876951835747
0.4796160729106009,28.174853671665232,21.28915886500539
0.4726416986526061,28.17687603861333,21.288383099577175
0.4661371291989273,28.17970925459423,21.287610263359
0.4584467638138624,28.18375727781239,21.287610263359
0.44910736754543684,28.185375919528838,21.28683450153045
0.43846172384873927,28.18780239969493,21.285285910666687
0.4283440173383471,28.190231996840737,21.284899495918296
0.41631957470460806,28.19387343964388,21.28412374038635
0.4037748595094684,28.195088302493218,21.282961574147635
0.39098480462850693,28.19792201800817,21.28141300123093
0.37583957294243536,28.20115977092894,21.28141300123093
0.359937680643183,28.20318571337515,21.280640181134004
0.34473672371859554,28.206016590839,21.27909161896298
0.3320779356631867,28.208042628688645,21.278702284043277
0.32082079152353676,28.21046964184535,21.277543063955363
0.31049175659989325,28.2145188717015,21.277153730836062
0.30268734940696185,28.21492288522336,21.277153730836062
0.29664965230031304,28.21775714583174,21.276380920571228
0.2919942328243189,28.21937632106892,21.27483237809355
0.2887741912751117,28.221806662112215,21.27367024410836
0.28659824202377204,28.223829949478045,21.274056645893324
0.28512264656043196,28.22666445523032,21.27367024410836
0.28410867028639153,28.22706851640214,21.27328384276865
0.28323237592076267,28.230310246402667,21.272508114149957
0.2823454276493069,28.231522477623287,21.270959589553456
0.2813463893147743,28.235976631669985,21.272508114149957
0.28080002368854995,28.237596093569323,21.270959589553456
0.28080448236388933,28.235976631669985,21.270959589553456
0.2818338249701048,28.2404309786383,21.27057319133496
0.2845782282170176,28.24205051070271,21.270183866306922
0.29002601889005364,28.243673129855665,21.27057319133496
0.29866648510781274,28.24610098333983,21.269411072099842
0.3090930898434813,28.247720604764538,21.269411072099842
0.3222357954219671,28.249340251724334,21.270183866306922
0.3394135456226708,28.249747463767676,21.269024675663104
0.3589605078587517,28.251771300957785,21.269024675663104
0.37894179264732336,28.253391011799465,21.269411072099842
0.3990053787593904,28.25379517803424,21.269411072099842
0.4187074002579425,28.256226332743836,21.270959589553456
0.43675191554320425,28.25703468912991,21.269411072099842
0.4504583973359429,28.258654483017835,21.269411072099842
0.4612822810203093,28.25906173200576,21.269797468981096
0.4659562230447248,28.2594659205692,21.268635352430067
0.46416049156822403,28.2594659205692,21.268248956885486
0.45680358706812096,28.261897209610197,21.26786256178525
0.4452826635220535,28.262705610668718,21.266700451926
0.428905817614999,28.261897209610197,21.266314058605758
0.4099733379212855,28.264732765581755,21.265924738512467
0.3892196839643866,28.26554118898713,21.26437624425654
0.368899014472012,28.26432549408287,21.263603463399534
0.34923496904441953,28.264732765581755,21.26437624425654
0.3320336631212682,28.26554118898713,21.262441368254088
0.3221503281795173,28.26392128637451,21.262441368254088
0.31837471189845695,28.2659454030794,21.262054979824825
0.32045505938358476,28.265136976487952,21.260892890023456
0.3294522218851942,28.26716111718565,21.26011718999422
0.3435386725042629,28.26675689830165,21.2597308042308
0.36151640959731535,28.26716111718565,21.2597308042308
0.38212753096953256,28.2659454030794,21.2589580340329
0.40429400852390557,28.26797262202831,21.25934441891036
0.426158868828161,28.26716111718565,21.25856872244509
0.4447879247962431,28.26797262202831,21.258182338456606
0.4615419774645394,28.26918529783825,21.257795954910875
0.47287837155293905,28.26959258863849,21.25740957180784
0.4784184791409883,28.27080834598894,21.2570202620077
0.4779065287210978,28.26797262202831,21.256633879793185
0.4712979586877417,28.269996818701657,21.25740957180784
0.4601050785365924,28.26959258863849,21.256633879793185
0.44401066114084875,28.26959258863849,21.25624749802114
0.4262571946916741,28.269996818701657,21.2570202620077
0.405116930073943,28.27080834598894,21.2570202620077
0.38504449992676376,28.268781070974626,21.25624749802114
0.366157286842972,28.270401050358714,21.25624749802114
0.3502351902007084,28.269996818701657,21.25624749802114
0.33739350138538277,28.27080834598894,21.256633879793185
0.32769899711459444,28.27080834598894,21.25469904823717
0.3232315892382259,28.272428357409808,21.255858189561934
0.3227254332521816,28.27161681729723,21.255085428236498
0.3256302159398624,28.26959258863849,21.255471808678067
0.33120096583244263,28.27161681729723,21.255085428236498
0.3378260086163244,28.270401050358714,21.25469904823717
0.34576954155870565,28.270401050358714,21.25430974156393
0.3533398880436971,28.270401050358714,21.255085428236498
0.3597662203756028,28.27080834598894,21.255471808678067
0.3646496483082756,28.27080834598894,21.253923362452326
0.36696002564048946,28.272021055342634,21.25430974156393
0.36789325942437,28.27161681729723,21.253923362452326
0.367720978607852,28.26959258863849,21.253150605555163
0.3674628958611543,28.27080834598894,21.25276130066686
0.36825372584957394,28.271212580846054,21.253150605555163
0.3710202227349575,28.270401050358714,21.25430974156393
0.377339276154921,28.27161681729723,21.253536983782737
0.3894490037576839,28.272428357409808,21.25430974156393
0.40446450008949775,28.27080834598894,21.25430974156393
0.4235105198858173,28.27080834598894,21.253536983782737
0.4437531682478876,28.269996818701657,21.25430974156393
0.46785789725651705,28.268781070974626,21.253150605555163
0.4924132551973982,28.271212580846054,21.253150605555163
0.5125685137051947,28.269996818701657,21.25276130066686
0.5304427591784862,28.268781070974626,21.252374923326443
0.5428192267615596,28.27080834598894,21.25276130066686
0.5482903181209524,28.27161681729723,21.25121286686675
0.5445440410120596,28.268781070974626,21.250440116168193
0.5344322871831817,28.26797262202831,21.250440116168193
0.5179619923222811,28.26918529783825,21.25121286686675
0.49446133555996447,28.26797262202831,21.251599242878456
0.4691370604201572,28.267565337662973,21.25121286686675
0.44709444486524613,28.2659454030794,21.251988546427924
0.42345082984460986,28.266352681010915,21.250826491296664
0.40793040488521554,28.265136976487952,21.25005081440196
0.40772528139266534,28.26554118898713,21.248891692999678
0.4196862658679624,28.26392128637451,21.247729648509676
0.43699294902000657,28.26351708025902,21.2473432769184
0.46097540030915274,28.26392128637451,21.246953978715624
0.49377800682918715,28.262705610668718,21.245791940878064
0.5251727782543915,28.26351708025902,21.244243538972967
0.5529211035028632,28.265136976487952,21.24463283406004
0.5770101264501986,28.2610857528324,21.242695144143454
0.5970276920959822,28.262705610668718,21.242695144143454
0.6076474452603843,28.262705610668718,21.242308778294273
0.6109843276104818,28.262301409343195,21.24076039230033
0.6047329699306849,28.26068155788846,21.24076039230033
0.5916210257129316,28.261897209610197,21.239984738457565
0.5697218370977872,28.262301409343195,21.239984738457565
0.5435066150845607,28.261489949368524,21.24037402865514
0.5137584766688519,28.261897209610197,21.239984738457565
0.4846332030966055,28.262705610668718,21.238825651490743
0.4576844794825152,28.262705610668718,21.239984738457565
0.44028238869584435,28.261897209610197,21.239598375695493
0.42897274481292985,28.26027736453682,21.239598375695493
0.42582763269190127,28.261489949368524,21.239598375695493
0.4293947826145884,28.262705610668718,21.239984738457565
0.4389103752990166,28.262705610668718,21.24037402865514
0.4532236621118533,28.26351708025902,21.239984738457565
0.4690696075537069,28.263109813586823,21.239984738457565
0.4863074100010331,28.261897209610197,21.24076039230033
0.5018911910493424,28.26432549408287,21.241146756385604
0.5139267254805078,28.263109813586823,21.241146756385604
0.5215150644398783,28.264732765581755,21.2415331209109
0.5260916520610339,28.265136976487952,21.2415331209109
0.5271622149314941,28.264732765581755,21.24076039230033
0.5250477307587775,28.26432549408287,21.24076039230033
0.520448883250492,28.268376845704665,21.238825651490743
0.5138789349021078,28.26675689830165,21.238825651490743
0.5061556436037028,28.26797262202831,21.238436363069013
0.49611388190635103,28.26959258863849,21.23766364150896
0.48614259971442025,28.270401050358714,21.23688799474138
0.47528391661784725,28.269996818701657,21.235339633470744
0.46323399101961876,28.272021055342634,21.235339633470744
0.45313709247318734,28.27080834598894,21.23379127925324
0.43977788695347053,28.272021055342634,21.23340492353435
0.4275208504838086,28.274048394436193,21.233018568254295
0.4155976482637044,28.272832598655782,21.231467297683537
0.40665906344091357,28.277692805743527,21.230308239758756
0.39874027779868515,28.276072711099857,21.23069459196188
0.3930030333455344,28.276072711099857,21.229146258880235
0.3881368838516957,28.277288545324097,21.228759908433517
0.3851941823270173,28.280124527077874,21.229146258880235
0.3836865240154595,28.28052879868966,21.22721158414481
0.3827269151317551,28.281340409394545,21.22759793283609
0.38212934612294436,28.279312926007776,21.22721158414481
0.3810611348123118,28.282553243416487,21.2256603400196
0.37856740563022584,28.281744685805847,21.226435961200025
0.3741728186408595,28.284173440570157,21.22527399352373
0.36692102405105287,28.28376915456994,21.22527399352373
0.3566085080199912,28.28376915456994,21.22527399352373
0.34428893381740466,28.28538937096465,21.224887647465437
0.328721342385165,28.287009613001942,21.22450130184461
0.31258232204679304,28.287009613001942,21.223725685062846
0.29261033126077945,28.289441555615895,21.224112029805497
0.2707491604974161,28.289037248808597,21.22450130184461
0.2534551842569957,28.29106186180411,21.223725685062846
0.24161861531910905,28.29065754859488,21.22450130184461
0.23448537669172106,28.29106186180411,21.224887647465437
0.2319461945056672,28.291466176610868,21.224112029805497
0.23512386385238548,28.291873556024484,21.223725685062846
0.2446917050171178,28.29389822514497,21.224887647465437
0.2591709738160596,28.29389822514497,21.223339340757548
0.2809189685338489,28.293493900726787,21.224112029805497
0.3047088092938631,28.29227787403886,21.224887647465437
0.32977989156951953,28.2947068787758,21.22450130184461
0.3601022143086628,28.295114271094747,21.224887647465437
0.3859861504901684,28.296327268359676,21.22450130184461
0.4096093522736803,28.297950746808567,21.22527399352373
0.42986046933357747,28.29673466713308,21.22527399352373
0.4443325485322649,28.295922934339615,21.22527399352373
0.4522916643944294,28.296327268359676,21.2256603400196
0.4538127487254265,28.296327268359676,21.2256603400196
0.4482905213650994,28.295922934339615,21.226435961200025
0.4380924694763861,28.296327268359676,21.226435961200025
0.42354595496202246,28.295922934339615,21.22721158414481
0.40298812870835327,28.29551860191799,21.226822309012334
0.38289213088124485,28.29754334319057,21.22759793283609
0.3624083034096911,28.29551860191799,21.22721158414481
0.3429559857196256,28.295114271094747,21.227984281965348
0.3281765931399822,28.294302551161252,21.227984281965348
0.31660657733347386,28.29551860191799,21.228759908433517
0.30925942155140196,28.295114271094747,21.229146258880235
0.3050198382414031,28.2947068787758,21.229532609765158
0.3037227929579493,28.291466176610868,21.229532609765158
0.30471150715885065,28.29268219365099,21.228759908433517
0.30696901708197327,28.293086514861045,21.229918961088345
0.30905593739470744,28.291466176610868,21.230308239758756
0.3100213828203475,28.289845864020606,21.23108094460349
0.30840786076954063,28.289037248808597,21.231856578124393
0.30380144444453927,28.291466176610868,21.232629286484098
0.29557828028561245,28.29065754859488,21.23069459196188
0.2842776729135678,28.289845864020606,21.231856578124393
0.2700258139884616,28.288629880686358,21.231856578124393
0.2526399838745484,28.289845864020606,21.231467297683537
0.23638284866299672,28.28822557708554,21.23108094460349
0.22034583970128735,28.28822557708554,21.231467297683537
0.20758774095957394,28.28620102019738,21.23108094460349
0.19859863773800987,28.28741697467524,21.231856578124393
0.19667403801597033,28.28538937096465,21.230308239758756
0.20144001410385437,28.284173440570157,21.231856578124393
0.21335970367275947,28.28538937096465,21.230308239758756
0.23190531373530962,28.284985080162926,21.23108094460349
0.256802245545135,28.282960587358332,21.23069459196188
0.2885877831590869,28.282960587358332,21.23108094460349
0.32619405656083034,28.28093307189721,21.230308239758756
0.36595840407306013,28.28093307189721,21.229918961088345
0.4011090776242292,28.280124527077874,21.230308239758756
0.4376395372970582,28.27809706775821,21.229532609765158
0.4708394804190202,28.276884286499808,21.228759908433517
0.49631479364646125,28.27647696672193,21.230308239758756
0.5156240575984585,28.277288545324097,21.228759908433517
0.5271557343035498,28.27526420464045,21.227984281965348
0.5311474469854258,28.272832598655782,21.22721158414481
0.5281401852052391,28.272428357409808,21.226435961200025
0.5192753446643166,28.27161681729723,21.22721158414481
0.5054018317451605,28.26918529783825,21.2256603400196
0.4878665684673649,28.26918529783825,21.226049613825523
0.46899539355642517,28.268376845704665,21.22450130184461
0.45003806929503476,28.26675689830165,21.224887647465437
0.4328437171777087,28.26392128637451,21.223339340757548
0.416178668428984,28.262705610668718,21.223725685062846
0.40284619510800457,28.26392128637451,21.223339340757548
0.39046737881469606,28.26068155788846,21.22256372661616
0.3810483801176171,28.258654483017835,21.22140177212367
0.3750271608906158,28.257846113874507,21.22140177212367
0.37018141054764686,28.25703468912991,21.22101543044772
0.3655996577395548,28.255010748192376,21.219853481221662
0.36001807085359805,28.25379517803424,21.219853481221662
0.3520722404217791,28.25420240774355,21.219853481221662
0.34323097250287526,28.250959924223764,21.219467141296263
0.3333452115521491,28.24893610302189,21.219467141296263
0.3242600902714547,28.247316462434185,21.21908080180748
0.3149422124920971,28.247720604764538,21.217918859157862
0.30850527252373827,28.24893610302189,21.218305197333734
0.30544597994792283,28.245292713010656,21.21753252141849
0.306896233276408,28.245292713010656,21.21753252141849
0.3133422139099893,28.243265941886932,21.216370584028653
0.3246758367344622,28.24286181707697,21.216370584028653
0.33965521807751375,28.243673129855665,21.215984248037614
0.3610225024554402,28.240838155376196,21.215984248037614
0.3820586383889999,28.243673129855665,21.214435981661097
0.40634434332873454,28.240838155376196,21.21482231590477
0.42777534892953456,28.241646390671747,21.214435981661097
0.44884215142708017,28.241242272229613,21.21482231590477
0.46392413852971504,28.237191991047666,21.213660387715095
0.47368556439362874,28.238407364789907,21.21482231590477
0.47768248437535216,28.238407364789907,21.215208650584316
0.4748959825878001,28.237191991047666,21.216370584028653
0.4659853775559227,28.235168440941948,21.217918859157862
0.4504181929991596,28.234357195272196,21.21908080180748
0.42934157989328436,28.233953105476928,21.22140177212367
0.40554896198694107,28.231929619090863,21.222177383625763
0.38049296295866986,28.231522477623287,21.223339340757548
0.35541182421844264,28.230310246402667,21.224887647465437
0.3298331779422383,28.22909496832756,21.226822309012334
0.3076224215521644,28.227475640247746,21.228759908433517
0.29091719041414266,28.228283770546852,21.229146258880235
0.27783027317969755,28.22706851640214,21.23108094460349
0.27058813425020334,28.228690899199762,21.230308239758756
0.269089314232095,28.22585633764521,21.23069459196188
0.27258438638035626,28.225449220204325,21.23069459196188
0.281089951648259,28.22504516538885,21.23069459196188
0.29291323371544736,28.223829949478045,21.229532609765158
0.3069729340533346,28.223425901017663,21.227984281965348
0.32044557460120243,28.222617808853613,21.22759793283609
0.33379242722666047,28.22059148442156,21.227984281965348
0.346088754934888,28.222617808853613,21.226822309012334
0.35411882841502745,28.21978341449943,21.226435961200025
0.35885983526553494,28.21897229008215,21.2256603400196
0.35976654882853354,28.21856826068023,21.226049613825523
0.3563685007545333,28.21694909814437,21.22527399352373
0.3490417006599348,28.21654201591474,21.22527399352373
0.33777535398503855,28.21492288522336,21.224887647465437
0.32534661782144175,28.21694909814437,21.224112029805497
0.31065743659907497,28.213710849409892,21.22450130184461
0.2940442453038148,28.212091763202068,21.224112029805497
0.2763036979926986,28.21289977279929,21.22450130184461
0.25818130247210014,28.210876700088534,21.223725685062846
0.2415360513402111,28.210876700088534,21.223725685062846
0.22540936053437516,28.209661651297438,21.224887647465437
0.21116054990268376,28.210876700088534,21.22450130184461
0.1990784655465883,28.209257658398258,21.2256603400196
0.1868873629822236,28.207638642133304,21.226049613825523
0.1783479844105644,28.208042628688645,21.224887647465437
0.1728396966032426,28.205612612220932,21.224887647465437
0.17002552520296418,28.204397625458967,21.226049613825523
0.1705421819540069,28.201566792426206,21.226822309012334
0.17498189672309683,28.201566792426206,21.22721158414481
0.1832480153418952,28.200755811331362,21.227984281965348
0.19604349831159984,28.198325966512243,21.227984281965348
0.2119842597220375,28.20318571337515,21.228759908433517
0.23160462202401627,28.197518071085085,21.229532609765158
0.25448099041342015,28.196707121807947,21.23069459196188
0.2838013650808493,28.1946843666596,21.23108094460349
0.31476921056557194,28.19346950856351,21.231856578124393
0.34663616563234445,28.18942110478946,21.233018568254295
0.37343126184397696,28.191850740014274,21.23379127925324
0.3961054478154615,28.18780239969493,21.235725991388165
0.4137379014859406,28.18496896185303,21.236115276703686
0.42318347922614324,28.184565065594086,21.23766364150896
0.426034224107711,28.182138661448676,21.238825651490743
0.42109424880551866,28.18092395088422,21.241146756385604
0.4094617531886079,28.177279904829334,21.243470804185222
0.3937921450022402,28.176472173974673,21.245019202558694
0.37799863410503715,28.173639046681785,21.2473432769184
0.36487930020817644,28.170805996985393,21.248116020542113
0.3539185914642798,28.170402156046066,21.25005081440196
0.34923174691778347,28.167973024860714,21.25121286686675
0.34906324174522874,28.165950831935277,21.253923362452326
0.3538088557436245,28.162307313227927,21.255085428236498
0.3632395000756888,28.16109589460376,21.25740957180784
0.3788821360232276,28.160285230964348,21.2589580340329
0.40138617668836385,28.15664497057429,21.262054979824825
0.42053965154096,28.155834341767672,21.263603463399534
0.43947438718504644,28.152598007695644,21.266314058605758
0.4576496073549565,28.151383643765882,21.269411072099842
0.47260388466576014,28.149765533585253,21.272894514596203
0.4825543479640011,28.15016929406312,21.27483237809355
0.4846643543252367,28.146125642683728,21.277153730836062
0.4777903708328072,28.152194237757215,21.27909161896298
0.4622446664027927,28.14207909041164,21.2810265909593
0.43749971226831336,28.140461125402226,21.28141300123093
0.4109237620898727,28.138032695972356,21.282575162086744
0.3771647466704142,28.136011087107534,21.28412374038635
0.3456186264326792,28.13520061957246,21.285672325862095
0.3122318030665536,28.13156123958123,21.28683450153045
0.2835227299773003,28.132368620434022,21.28683450153045
0.2593174068529652,28.130750806780668,21.28915886500539
0.24281359252976908,28.12751525507531,21.28915886500539
0.23154019316714552,28.126301184644262,21.290707473840655
0.226311139837949,28.12589751701404,21.293028936854
0.22713562270326973,28.124279804140997,21.29457756367151
0.23238901113706728,28.123472486153958,21.2969019811477
0.239993204364439,28.12064080672883,21.299999278035614
0.24910538419945455,28.121044453940954,21.30193437136319
0.257736237486035,28.1194268166048,21.304645277498253
0.26436337278066124,28.116998878882328,21.305807519415623
0.2681361845364877,28.115381304485766,21.30813201546931
0.26722475584774996,28.116191617437266,21.310067156231014
0.2617480144225395,28.11376375524759,21.31084297226772
0.25094220441360715,28.11336013629682,21.31277812887066
0.23715187807040616,28.11133594972506,21.313940399319563
0.21946382791009658,28.110528732227635,21.31626202481175
0.20093461627536646,28.110125125827324,21.317813687762907
0.18020422724822105,28.10931486012879,21.319362430315948
0.16429409039234,28.105269741211202,21.320521796225535
0.1527226869110503,28.106483566130578,21.324008701580624
0.14611977451678604,28.105269741211202,21.32517101156003
0.1462033346652601,28.103248769407003,21.32788210820496
0.15379867332416663,28.102034982201417,21.329430898057012
0.16944990078448968,28.10041764037942,21.332139101992766
0.18993571084654892,28.097183032078192,21.334463783490207
0.21443521991824827,28.096779477409086,21.336399078746695
0.24401489800813037,28.096779477409086,21.338723790403435
0.27283529884778396,28.095162217184793,21.342207960896644
0.29863813514196913,28.09394852420337,21.344146229763453
0.32229022953138703,28.09313838436219,21.34685748311165
0.34444039341487964,28.090310587098656,21.35034174017727
0.35935456120446907,28.087479809586227,21.35227712926934
0.36902461929088703,28.085862693641047,21.353439539427086
0.3742720977917268,28.08383904133484,21.355764372164515
0.37605403530834997,28.081818485075075,21.35615086989344
0.37653632332507664,28.079391423842594,21.35886222290503
0.3777300086028257,28.0781779143951,21.3600246565382
0.38151733009968564,28.075350522683607,21.361960103103854
0.3900089555732955,28.072520151031654,21.36234660818394
0.40208558673970496,28.070496757418596,21.36428499664771
0.4174692720725557,28.068073015764753,21.36622046856081
0.4380917625346549,28.066859637851337,21.36699641742075
0.45945778220186007,28.06160284843878,21.36893190548483
0.47988544836400593,28.05958272236768,21.37009437511722
0.499899492882,28.05756263532936,21.372029881652907
0.5170789715358856,28.05756263532936,21.372805844399693
0.5295501621024519,28.05432935484066,21.373192362385282
0.5354940619267506,28.050689741840813,21.374741367118418
0.5355525409669074,28.04988299338129,21.37706635220468
0.5307001344113352,28.045840177157856,21.37706635220468
0.5218368295060307,28.0438203554354,21.377839398802507
0.5086816133429561,28.04341395123498,21.377839398802507
0.4955241285045938,28.040181107831415,21.37861537546371
0.4821275876805009,28.039374440345966,21.37900190038164
0.4695470631325799,28.037351687833052,21.37900190038164
0.46033964665559446,28.035735347205332,21.37900190038164
0.4544002356854422,28.032099435778377,21.37900190038164
0.452805378191993,28.03169307704337,21.380164406137112
0.45437862807060875,28.029270233971715,21.379388425761192
0.4584297531720759,28.02967352805132,21.37900190038164
0.46408830780698734,28.02846059523739,21.379388425761192
0.4705028033244588,28.026037826857248,21.37900190038164
0.4769863318996541,28.02563149161341,21.37861537546371
0.4829924794793555,28.024824936093694,21.37822592279366
0.48697874418556564,28.02239919663873,21.377839398802507
0.4885577030678411,28.02199593052933,21.37822592279366
0.4869184216203082,28.018763747553976,21.37706635220468
0.4814622144053444,28.019976568248694,21.376676901398127
0.4734845001550223,28.018360495415152,21.376676901398127
0.4654066110159318,28.01795418990281,21.376290379256204
0.45603465046448305,28.015934905387212,21.375903857575565
0.4474000043516787,28.016744447464703,21.375517336356154
0.43932719660809055,28.014722131389988,21.375127887412077
0.43363262173357087,28.013509371401312,21.374354847285815
0.4303589975223909,28.01310613944503,21.373968327914213
0.4296878273397029,28.0139156597113,21.373192362385282
0.4315737090082191,28.013509371401312,21.373192362385282
0.43559292776624997,28.011893398119696,21.372416398713597
0.44452221944646336,28.00906474103897,21.372029881652907
0.4499209056702462,28.011086948164973,21.372029881652907
0.45627447892321055,28.011086948164973,21.371256848913333
0.4622127032114379,28.009471012155302,21.370867405086983
0.4671037918806854,28.009471012155302,21.369707860822814
0.46962465397974185,28.01068067079848,21.369707860822814
0.4703845263561714,28.008661526146284,21.36893190548483
0.4693088536134936,28.007045627445336,21.36815595200136
0.46626993058632626,28.007045627445336,21.368545392574504
0.4622313121305048,28.01068067079848,21.36699641742075
0.45753941726975933,28.008661526146284,21.3673829284877
0.4528821625248912,28.010277449702926,21.365447449652095
0.4491745286849035,28.0078551010036,21.365447449652095
0.44693960522075543,28.009471012155302,21.365447449652095
0.446787971291696,28.009471012155302,21.36428499664771
0.44936116326338693,28.0078551010036,21.362736041797064
0.45525826595803665,28.0078551010036,21.361960103103854
0.4626737668654753,28.00825831280116,21.362736041797064
0.4728732183807769,28.00744883613629,21.361960103103854
0.4847148673973481,28.008661526146284,21.360797662561026
0.49826445642128125,28.00744883613629,21.360411159320165
0.5124194569903784,28.01068067079848,21.35886222290503
0.526085331517379,28.0078551010036,21.359638154214906
0.5394787664084251,28.00906474103897,21.358086293443307
0.5520417787359565,28.009471012155302,21.358475721961042
0.5625458624884891,28.00825831280116,21.357313293854418
0.5720228820070883,28.010277449702926,21.356926794747494
0.580057511450299,28.010277449702926,21.35615086989344
0.5871361760718958,28.011086948164973,21.35615086989344
0.5916479938394927,28.011086948164973,21.355377874893634
0.5938017335373732,28.01310613944503,21.354988450076405
0.5943174584317582,28.011086948164973,21.353828962395596
0.5931355028990335,28.010277449702926,21.353828962395596
0.5894468050965069,28.011893398119696,21.35227712926934
0.5836786584869429,28.012299680177478,21.3518906361287
0.5750740789607631,28.01310613944503,21.3518906361287
0.5636097378690617,28.01310613944503,21.35227712926934
0.5492613917844994,28.013509371401312,21.35034174017727
0.5310366818871514,28.0139156597113,21.35034174017727
0.51019459931476,28.016338148207694,21.34917934104476
0.48515457756734376,28.015125369552266,21.349568758933344
0.4577839780811893,28.015934905387212,21.348406362550122
0.4273466475635407,28.016338148207694,21.348406362550122
0.3944569462126438,28.016744447464703,21.348019873988164
0.36011502016097213,28.017147693394918,21.348019873988164
0.327681902190649,28.01916700124218,21.34685748311165
0.30060191803683667,28.01916700124218,21.347243970299814
0.27848679820459016,28.01957025647988,21.345308611007567
0.26477134676662994,28.018763747553976,21.34608158218083
0.2589356905163457,28.0207830864955,21.344919198191462
0.2616103402676144,28.023612059354775,21.343759746233843
0.27272012449630134,28.025228213078265,21.343759746233843
0.29232175228252405,28.025228213078265,21.342983852646228
0.32496501581451054,28.026037826857248,21.342983852646228
0.3648876614088655,28.027250731647428,21.342207960896644
0.40722482173145824,28.026844391704287,21.341048518536923
0.4511786226449526,28.027654017959776,21.34065911078585
0.4929571074745944,28.02886694144337,21.339886152409747
0.5318933431989261,28.03048317615213,21.338723790403435
0.5650129421602083,28.03169307704337,21.33833731326854
0.5905469178296621,28.034522344245204,21.33756143251628
0.6084487360599963,28.035332029801452,21.337174956750687
0.6178397119408873,28.035735347205332,21.337174956750687
0.6173134512589757,28.03694836420749,21.334850256064215
0.6067606109844557,28.03775806851104,21.334463783490207
0.5876437254324762,28.038161395253724,21.33407731137089
0.5606949797876493,28.039374440345966,21.332528499636055
0.5243842548821523,28.04139417631427,21.332528499636055
0.4884429734220934,28.04139417631427,21.33136616367625
0.4537029442214448,28.04341395123498,21.330590299390394
0.41658115379628413,28.0438203554354,21.32981736471413
0.3852054888197542,28.04543682084062,21.32904150408126
0.36107358613353124,28.04705331120573,21.32788210820496
0.3422827883296755,28.046646894454852,21.327492716061556
0.3309337603495182,28.04705331120573,21.325557473216975
0.3260495708544471,28.049073195311223,21.32517101156003
0.3273364823234541,28.051499552421205,21.32517101156003
0.33321266760569745,28.04988299338129,21.323622241739713
0.34333060502614177,28.05230631334507,21.323622241739713
0.3542620811772949,28.053116136438177,21.322459937220913
0.3655425349979511,28.053116136438177,21.321684093915053
0.3745767546090766,28.053922909828657,21.320135340469903
0.3804900861440845,28.053116136438177,21.319362430315948
0.38187309444775863,28.055136137588534,21.317813687762907
0.37886239771500707,28.05715617775195,21.31742430750728
0.371480530107435,28.0579660383969,21.31626202481175
0.3605999332758546,28.059179313062714,21.315875574040206
0.3454990877692758,28.060392601808076,21.31471329679067
0.33014267716200185,28.06321958865408,21.313553951261213
0.3147591471613643,28.06241274353033,21.31277812887066
0.30204922367257614,28.064029496273747,21.311229417160405
0.29267144772834996,28.06524284132115,21.309680712694615
0.28794881060535094,28.06564627402969,21.30813201546931
0.28857744738784513,28.066049708295907,21.306193958436268
0.2954555050458612,28.068073015764753,21.30542108084512
0.3073181438073628,28.068476459402063,21.304258840281477
0.3246675998412991,28.070093305977935,21.30193437136319
0.34454758230429344,28.070903266885807,21.30116150368991
0.3664238369903605,28.07211363527051,21.300385710295757
0.38710590977567905,28.072520151031654,21.299612846224704
0.4074113993581519,28.072520151031654,21.29806419597469
0.4244523683367279,28.074137060214127,21.29612619769148
0.4393131816548873,28.074943995902345,21.29573977038052
0.44810259403449376,28.074943995902345,21.29496691710449
0.4526076540759138,28.074943995902345,21.293804713093152
0.45215335419523217,28.076967475703043,21.293804713093152
0.4476356628556728,28.07979796794666,21.292642513137196
0.4412180768707461,28.07858445377167,21.29186673960413
0.43378865688581547,28.079391423842594,21.291480317235028
0.4260669475990715,28.080604947401923,21.290707473840655
0.4201795422501226,28.081008439469997,21.290318125384886
0.4157575900142456,28.0802014568942,21.289931704810726
0.4137438415790109,28.080604947401923,21.28915886500539
0.41521708469395535,28.079391423842594,21.289931704810726
0.41941192874613753,28.083435538318952,21.28876951835747
0.4251999202954543,28.081818485075075,21.28915886500539
0.4324385857708489,28.0802014568942,21.28876951835747
0.4387358166755291,28.083435538318952,21.28876951835747
0.4436398556955494,28.08262548015813,21.28915886500539
0.446300185117101,28.08262548015813,21.28915886500539
0.4455958454945901,28.084242545911536,21.290318125384886
0.44195056743779115,28.084242545911536,21.29186673960413
0.43497685305091033,28.084242545911536,21.29186673960413
0.4238343485235997,28.085862693641047,21.292642513137196
0.4115910743089277,28.085862693641047,21.293804713093152
0.39893024473093763,28.084649108919905,21.294191138158112
0.38607484389166713,28.086669720014072,21.296515552935887
0.3750252883458454,28.08707323554262,21.296515552935887
0.3673065230656951,28.08909695061044,21.297288409808345
0.36322717178554026,28.087883328249575,21.298450625985538
0.36262365735422963,28.088286848474468,21.29806419597469
0.3660341861893275,28.08707323554262,21.299226414863085
0.37278086695724777,28.08707323554262,21.300385710295757
0.38154113258790984,28.088690370261077,21.30116150368991
0.3937102978772573,28.088286848474468,21.30193437136319
0.40448919013900414,28.092734845357086,21.30154793730179
0.41405826848745864,28.091117647900035,21.302323733410105
0.42286590968161436,28.091117647900035,21.30309660378805
0.42905471194400774,28.091117647900035,21.303872403514674
0.4326064983412233,28.092331307914435,21.304645277498253
0.4335783481959537,28.09313838436219,21.30542108084512
0.43217004552149374,28.09354498206136,21.306969765405427
0.42938583875312236,28.09313838436219,21.307356205780536
0.4258567239834168,28.09354498206136,21.30813201546931
0.4224214922556976,28.09394852420337,21.309294269608984
0.4200459782687647,28.091927772034126,21.31084297226772
0.4187453081915405,28.095162217184793,21.313164576022757
0.4192362384491012,28.094755613175607,21.314326847829307
0.4210648613775823,28.095162217184793,21.31626202481175
0.42437096033327304,28.09637592430323,21.31742430750728
0.42713319113829495,28.09435206790812,21.319362430315948
0.4291588267035651,28.09596931555774,21.319362430315948
0.42954825421537185,28.09596931555774,21.321297636798192
0.42753500662757554,28.09596931555774,21.321297636798192
0.42314371006636936,28.09556576558981,21.322070551484614
0.4149195494120017,28.096779477409086,21.322846395699514
0.4030009059241179,28.09596931555774,21.324008701580624
0.3902752621204409,28.096779477409086,21.32323285463093
0.37368345540290715,28.09596931555774,21.32478162262163
0.3563980658598881,28.096779477409086,21.32478162262163
0.3407771952102748,28.098800323673174,21.325557473216975
0.32492836495976324,28.096779477409086,21.327106252133945
0.31047592351373315,28.09596931555774,21.327106252133945
0.299378942586545,28.097993203368105,21.3286550383354
0.2881422000439756,28.097993203368105,21.330979695199403
0.27978134527128834,28.097183032078192,21.332914969933654
0.273084656671832,28.09758658831049,21.335626130407775
0.26704815864891707,28.100014073178727,21.336399078746695
0.26126883380551946,28.100821209143817,21.33833731326854
0.2556257758424312,28.100014073178727,21.34027263137
0.2495795607720004,28.10041764037942,21.34065911078585
0.24313858977029223,28.102034982201417,21.34027263137
0.23512383366917072,28.100014073178727,21.341048518536923
0.2269810006904519,28.10122783682914,21.34143499886767
0.2185558579105844,28.100014073178727,21.342983852646228
0.20924549586421304,28.102034982201417,21.342983852646228
0.20010435911201205,28.101631408733283,21.343759746233843
0.19303323181131102,28.10122783682914,21.342983852646228
0.18796536536037925,28.102034982201417,21.344146229763453
0.18501197191880725,28.100821209143817,21.344532713749288
0.1848325421630018,28.10041764037942,21.344146229763453
0.18794923814377815,28.099610507541854,21.344146229763453
0.1944687256215872,28.103248769407003,21.344146229763453
0.2037441171989609,28.102034982201417,21.345695096365944
0.21482510133195404,28.10244161462623,21.344146229763453
0.22876910773634676,28.10244161462623,21.345308611007567
0.24261733214791764,28.10122783682914,21.34608158218083
0.25452459423084905,28.100821209143817,21.348019873988164
0.26504807606504205,28.099610507541854,21.34917934104476
0.27263058270988627,28.098800323673174,21.349568758933344
0.2774571941291857,28.099610507541854,21.350728231484993
0.2796984338282254,28.100821209143817,21.35266655085104
0.2793281588573385,28.099610507541854,21.35266655085104
0.27659538281357243,28.096779477409086,21.353828962395596
0.2718541761421186,28.097183032078192,21.355764372164515
0.26698491164542804,28.09758658831049,21.356926794747494
0.2626023825422214,28.095162217184793,21.358475721961042
0.26019484908646073,28.09637592430323,21.3600246565382
0.2611655658115849,28.09637592430323,21.361573598482835
0.2659563302055561,28.092331307914435,21.363898489264614
0.27570602785958864,28.09313838436219,21.365447449652095
0.2890905579419044,28.09152118064395,21.36699641742075
0.307120495351008,28.08909695061044,21.36893190548483
0.32662133909893976,28.088690370261077,21.370480889871942
0.3485762081523593,28.087479809586227,21.371256848913333
0.3710329517793899,28.0862662060469,21.373968327914213
0.3925164853498135,28.085052616630435,21.375127887412077
0.41147623411988576,28.0862662060469,21.376676901398127
0.4246098053927117,28.08262548015813,21.37706635220468
0.4320876250615733,28.081414989874304,21.377452875272866
0.4337502970149084,28.079391423842594,21.377839398802507
0.4291356923347609,28.081008439469997,21.37861537546371
0.4175365743945356,28.0781779143951,21.377839398802507
0.4013057712421979,28.07777443327126,21.37822592279366
0.37842754832253556,28.074943995902345,21.37706635220468
0.35290116277873695,28.075350522683607,21.376676901398127
0.3269864760185889,28.073327074223528,21.376676901398127
0.30317901516321477,28.07171017758361,21.376290379256204
0.28326119796848676,28.070903266885807,21.375517336356154
0.26773778247978786,28.068073015764753,21.374354847285815
0.25951787980573554,28.06483941017018,21.375127887412077
0.26007254346295383,28.066859637851337,21.373578880831644
0.2679345521720897,28.066456200457765,21.372805844399693
0.2862180904649366,28.066456200457765,21.371643365052876
0.31380691289507,28.06281616531362,21.371256848913333
0.3406307814131675,28.060796015794836,21.370867405086983
0.37405553237488914,28.058775905314292,21.369318418855357
0.4072527175076214,28.058369443020695,21.36893190548483
0.43667017188493856,28.05675277780864,21.369318418855357
0.4609413395958986,28.05675277780864,21.36893190548483
0.4786726948854358,28.05553953129612,21.3673829284877
0.4883625957767034,28.053116136438177,21.36815595200136
0.4883337974634461,28.051499552421205,21.36699641742075
0.4804116334829128,28.04988299338129,21.36699641742075
0.46149906299339105,28.049073195311223,21.365447449652095
0.43617554593255126,28.04786003785233,21.365447449652095
0.4081006296899646,28.047456673751753,21.364671504490218
0.37701094302735866,28.04422370552487,21.363898489264614
0.34377325052240865,28.04341395123498,21.36350905425985
0.31165640409411577,28.04139417631427,21.363122547798866
0.2818937880419128,28.043010604264794,21.363122547798866
0.2528494661173373,28.04058444390381,21.362736041797064
0.23434967280652697,28.038564723549314,21.363122547798866
0.22641236530764106,28.03775806851104,21.361960103103854
0.22732894306757054,28.035735347205332,21.36118709432077
0.23895976814004977,28.035735347205332,21.361960103103854
0.2571235926834564,28.03654504213455,21.360797662561026
0.27785037827423964,28.032906047257825,21.36118709432077
0.2994615734764607,28.032099435778377,21.360797662561026
0.3251264723800521,28.029270233971715,21.3600246565382
0.3499151569646862,28.03048317615213,21.360411159320165
0.3669607492167182,28.02846059523739,21.359638154214906
0.38129457300248576,28.026844391704287,21.3600246565382
0.3908436190732911,28.028057305823097,21.359638154214906
0.3960411810431738,28.024015331676537,21.358475721961042
0.39688367554840515,28.026037826857248,21.358475721961042
0.3938377876603244,28.02199593052933,21.358086293443307
0.3872035872597563,28.02239919663873,21.358086293443307
0.3773860155065051,28.020379826597264,21.357313293854418
0.3646505189696939,28.021186347943456,21.35769979341967
0.35221570092585136,28.01916700124218,21.356926794747494
0.3370840248263557,28.01795418990281,21.356537368080524
0.32129526213809106,28.017147693394918,21.35615086989344
0.30580381549245056,28.015125369552266,21.355764372164515
0.29069374876281884,28.0139156597113,21.355764372164515
0.2746539695634342,28.013509371401312,21.35615086989344
0.25737540791930213,28.012299680177478,21.355377874893634
0.24007891134855844,28.011086948164973,21.355764372164515
0.21969464779798256,28.00987423015522,21.355377874893634
0.20043365672220695,28.0078551010036,21.35460195372491
0.18114049788196743,28.008661526146284,21.355377874893634
0.16275719255178434,28.005026552651998,21.355764372164515
0.14291628723608807,28.005429753595365,21.354988450076405
0.1263316354442976,28.00260127052303,21.355377874893634
0.1108324197899514,28.00219808043039,21.354988450076405
0.09985227732264768,28.000582281106176,21.355377874893634
0.09194053568481264,27.999369684314217,21.354988450076405
0.08975560607746941,27.999369684314217,21.354988450076405
0.09340129305809486,27.996944532680573,21.355764372164515
0.10286849537645848,27.997350756951505,21.354988450076405
0.11623170124041238,27.99330996428347,21.355377874893634
0.13352718798427138,27.99330996428347,21.354988450076405
0.1537173486441954,27.9916943015063,21.353828962395596
0.17861261882742974,27.988056860412996,21.355377874893634
0.20450231222479817,27.989269326808824,21.353828962395596
0.22603509746177525,27.986441278279017,21.354215457831344
0.2462476963028719,27.985635023501402,21.353828962395596
0.2640242749339694,27.98240395834722,21.35460195372491
0.27924510184366824,27.980788462944417,21.353828962395596
0.2906908413326752,27.980382302591693,21.353828962395596
0.2978290561267547,27.977554492715,21.353828962395596
0.3015355826911357,27.97432367539909,21.353439539427086
0.30229716513990534,27.97432367539909,21.353439539427086
0.30125105327116675,27.97190215419795,21.353828962395596
0.2991063126547255,27.969477635102294,21.35266655085104
0.2967986429483065,27.96665011775741,21.3518906361287
0.2952363589819948,27.96422877276501,21.35150414344548
0.29448826506161063,27.96220746553388,21.35150414344548
0.29483479892941145,27.96059227958216,21.35150414344548
0.29632308403523794,27.95614988237935,21.35150414344548
0.29828558187432413,27.954534789114405,21.35034174017727
0.30020823853920725,27.952516720526717,21.350728231484993
0.3018900490099235,27.94807466303405,21.34995524932674
0.30276540690430426,27.94766862860712,21.349568758933344
0.3025068477722665,27.944844748117646,21.34995524932674
0.3012946626069142,27.94120892228932,21.348406362550122
0.2994116916629979,27.93878816049238,21.348019873988164
0.2973798218623113,27.937170279970474,21.34763045794466
0.29600623293606526,27.933134844317124,21.348019873988164
0.29627283164121,27.931520102667037,21.34685748311165
0.29897508139998197,27.928290693274846,21.345695096365944
0.30509096035178623,27.92546427780877,21.345308611007567
0.31387038932263744,27.924252543960392,21.344919198191462
0.3267735516681088,27.92061742559457,21.343759746233843
0.34264242762421565,27.919811673174138,21.342983852646228
0.3620980864529111,27.91698548395658,21.342207960896644
0.38131955318078226,27.912947765538547,21.34259737048842
0.3999437990062667,27.910527649754044,21.341048518536923
0.4165393395188358,27.905278660292993,21.341821479654186
0.4319353678068623,27.906087353952444,21.34259737048842
0.4420278243434085,27.9036643430818,21.34143499886767
0.44778940937465345,27.90164724399267,21.34143499886767
0.44901769485350673,27.89882153878301,21.34065911078585
0.44557061160520917,27.897610109369282,21.34027263137
0.4380679191716191,27.89357312824791,21.34027263137
0.42554165345840095,27.890750689127913,21.337950836589016
0.4134430754990949,27.887116718472498,21.337174956750687
0.4011553317788705,27.88832802821628,21.336399078746695
0.39070217214824904,27.88388866067595,21.334463783490207
0.3812653334762481,27.882677401519572,21.334463783490207
0.37533373079988375,27.881466156161707,21.333301440685716
0.3724405532188111,27.878640987608833,21.33407731137089
0.3727021282661964,27.878238269908877,21.332914969933654
0.37571424342082776,27.874205075213695,21.33175263260739
0.379461115149329,27.875010481604534,21.33136616367625
0.38191420504077916,27.86653571514597,21.330979695199403
0.3820867216571034,27.86936056233509,21.330590299390394
0.37888711885838683,27.866941439129164,21.33136616367625
0.37244804717992064,27.865327704018057,21.330979695199403
0.3624260989487965,27.862502963796658,21.33020383182526
0.35023122789775424,27.860889295925688,21.32904150408126
0.33519580184885117,27.86008094597196,21.33020383182526
0.3222718953041361,27.85846731477966,21.33020383182526
0.31356640737488345,27.856451072710797,21.32981736471413
0.31017942220267697,27.854837496471134,21.32981736471413
0.3128086346795365,27.85524012568459,21.329430898057012
0.32186902576535215,27.851607367127542,21.32826857304326
0.3431214169808958,27.851607367127542,21.329430898057012
0.3712255114853495,27.847575180534875,21.3286550383354
0.4061957143636975,27.84838038564766,21.329430898057012
0.43850377507003857,27.847169530261112,21.329430898057012
0.4729645242250683,27.846766931514424,21.3286550383354
0.5076681819868201,27.84354009643863,21.3286550383354
0.5386390510275859,27.845153501779578,21.3286550383354
0.5613582161683728,27.840313358920127,21.3286550383354
0.5765635468091633,27.842329295974196,21.32904150408126
0.5837507003680995,27.839910786035205,21.330590299390394
0.5822257055412883,27.83829745993137,21.329430898057012
0.5716974165222541,27.83789184491576,21.330979695199403
0.553476658897629,27.834262726486884,21.33175263260739
0.5316173327487619,27.835473435482754,21.332914969933654
0.50973760389897,27.835473435482754,21.333301440685716
0.4864649744259191,27.833860176409587,21.33407731137089
0.4654019674312637,27.83143880870375,21.334463783490207
0.4479157679728538,27.83305203121256,21.336012604349776
0.4360656450852675,27.83022814542744,21.33756143251628
0.4297786973987727,27.830630681820935,21.338723790403435
0.42937618050081233,27.828614965548866,21.339499673905095
0.4338778342437613,27.82740433426011,21.339886152409747
0.44199057531328884,27.825388678828972,21.341821479654186
0.44941082110163627,27.82700181001752,21.342983852646228
0.45472076680324164,27.82619371668204,21.343759746233843
0.4561497867963116,27.826599287290662,21.344919198191462
0.45257322302555425,27.825791196997784,21.346468068452225
0.44291224445620136,27.82619371668204,21.34763045794466
0.42614784853374904,27.825388678828972,21.347243970299814
0.4017704049629133,27.825388678828972,21.348019873988164
0.37219125562519845,27.825388678828972,21.34763045794466
0.3375754057115543,27.82700181001752,21.347243970299814
0.3004799430917172,27.825388678828972,21.34685748311165
0.2625063521911908,27.824178084074788,21.34879285156893
0.22137213245501927,27.825791196997784,21.348019873988164
0.18627315267294656,27.824986162175605,21.34763045794466
0.15599845071361823,27.825791196997784,21.34763045794466
0.1336771209403234,27.825791196997784,21.348019873988164
0.11883204624477889,27.825388678828972,21.347243970299814
0.11167885281174289,27.826599287290662,21.34608158218083
0.11478136922299537,27.824178084074788,21.345695096365944
0.12717296224371344,27.82619371668204,21.345308611007567
0.14748012682833117,27.82619371668204,21.345695096365944
0.17111391478185375,27.82619371668204,21.345308611007567
0.1986681305181297,27.825791196997784,21.344919198191462
0.23110865409384304,27.825388678828972,21.344146229763453
0.2610886296780432,27.82821243674732,21.344919198191462
0.28946564797735225,27.826599287290662,21.344146229763453
0.3148845272870402,27.827809909461735,21.345308611007567
0.33780101488529934,27.82821243674732,21.344919198191462
0.35558632327192996,27.828614965548866,21.344532713749288
0.3669448435501094,27.82901749586631,21.344532713749288
0.37346112991769503,27.827809909461735,21.345695096365944
0.3758969870539294,27.827809909461735,21.34608158218083
0.375000523178843,27.827809909461735,21.34685748311165
0.3719677337979642,27.82901749586631,21.34763045794466
0.36827777047673854,27.82700181001752,21.346468068452225
0.36473802025781404,27.824986162175605,21.34685748311165
0.3619109793470862,27.82619371668204,21.346468068452225
0.3607168134859069,27.82458059768618,21.34608158218083
0.36144996310397814,27.824986162175605,21.345695096365944
0.3643266605834689,27.82458059768618,21.346468068452225
0.368743178063392,27.82458059768618,21.345308611007567
0.37536889119912037,27.823775571978615,21.344532713749288
0.38355872377637,27.82458059768618,21.343759746233843
0.3940403722274181,27.822967503026234,21.343759746233843
0.4051517455332861,27.82216248946196,21.342207960896644
0.41641703459203955,27.820143883609774,21.34259737048842
0.42776913521105,27.819741386695966,21.341821479654186
0.44009311234963894,27.8205494312744,21.342207960896644
0.45005108667057325,27.819741386695966,21.34143499886767
0.46005775847306296,27.819338891296525,21.34065911078585
0.4701056882264499,27.8173233878685,21.34143499886767
0.47865986546072326,27.816917852432596,21.34143499886767
0.4869657181379947,27.816917852432596,21.34065911078585
0.49331288469070295,27.81490239460652,21.341821479654186
0.4989073794426756,27.8173233878685,21.34143499886767
0.5023943375933293,27.814499917408796,21.34143499886767
0.5031298272870961,27.814499917408796,21.342207960896644
0.4999726780932888,27.813289445866815,21.34259737048842
0.4930656599777835,27.813691918512802,21.344532713749288
0.4821283365486265,27.815707353542678,21.344532713749288
0.46537165144503956,27.813289445866815,21.345308611007567
0.44716944294818384,27.811676521431252,21.345695096365944
0.4262635328471806,27.81127405636238,21.34763045794466
0.4046551295876567,27.81207898801307,21.34879285156893
0.385946915251839,27.81248145610806,21.34995524932674
0.3712757969108343,27.810466081814184,21.35150414344548
0.36144480695356707,27.81207898801307,21.354988450076405
0.35776719277466074,27.81207898801307,21.356926794747494
0.35892385778135294,27.810063621295285,21.360411159320165
0.36615593489384385,27.810063621295285,21.36234660818394
0.37728881723691005,27.809658113363014,21.365447449652095
0.39417090552118134,27.810063621295285,21.36815595200136
0.41586648728815534,27.809658113363014,21.37009437511722
0.43757291696082795,27.813289445866815,21.373578880831644
0.4567189644077979,27.810868543845856,21.376290379256204
0.477088333583196,27.81207898801307,21.379388425761192
0.49346101347235194,27.810868543845856,21.380164406137112
0.5081059151317445,27.81127405636238,21.38287595973219
0.5181672714055402,27.810466081814184,21.384425010818802
0.5239802351451747,27.811676521431252,21.385587536079015
0.5234943959411311,27.81127405636238,21.386747137233954
0.5168570978261018,27.814499917408796,21.38597406933451
0.5064675350648272,27.810868543845856,21.38597406933451
0.49369306742826385,27.814499917408796,21.38713660017254
0.47923179747726,27.813691918512802,21.386360603052765
0.46526434164582137,27.81248145610806,21.386360603052765
0.4509532422665487,27.81207898801307,21.38829620689347
0.43802413008140384,27.81248145610806,21.38829620689347
0.42831675743543285,27.815304873317757,21.389848212310937
0.42158158845344795,27.813691918512802,21.391783837084006
0.4177898067291997,27.814499917408796,21.392556918911225
0.41637651791087743,27.81490239460652,21.394882032256533
0.41701487339385945,27.816515367654915,21.396431141023925
0.4189969048235406,27.81611288439109,21.398756282362513
0.42133213115349555,27.81611288439109,21.400305409792622
0.42374287165083185,27.81812836501655,21.402241097476065
0.4255886221660792,27.81611288439109,21.403403687063985
0.427539977800073,27.820143883609774,21.404952836913026
0.4308599160088754,27.820143883609774,21.406501994242944
0.4360288874093006,27.820951931228706,21.40688855262613
0.44553576119589405,27.822967503026234,21.40805115905755
0.4588231531956237,27.82175998495211,21.40805115905755
0.474844627001802,27.82256499548663,21.408827208518858
0.4984779106150893,27.82458059768618,21.409213769706582
0.5251608626265866,27.82458059768618,21.40998982198414
0.5575320900465285,27.82619371668204,21.41037638457493
0.5891029438689827,27.824986162175605,21.411539003664245
0.6222934686938802,27.827809909461735,21.41231213305366
0.6584186930333334,27.827809909461735,21.413861325974267
0.685536658028705,27.82740433426011,21.415023957725793
0.7071291654277183,27.82740433426011,21.415023957725793
0.7216126388247481,27.829423077189176,21.417349233913114
0.7305533653576232,27.830630681820935,21.41812237735087
0.7304450388524654,27.83103626926612,21.4196715984325
0.7230486419635873,27.832649485697175,21.420061101323654
0.7098562907071535,27.834262726486884,21.421220827032073
0.6889545296776938,27.83506783119236,21.422770063153507
0.6688003176535837,27.8374892811604,21.423932727340684
0.6483430516766437,27.8374892811604,21.42548197663831
0.6306246544456167,27.8374892811604,21.427031233468483
0.6195755097079767,27.839910786035205,21.428580497835128
0.6154489534831623,27.841118509244097,21.43168197789538
0.6187861364862375,27.839910786035205,21.43284174591355
0.6300175617356505,27.844348321017947,21.435553745222762
0.6486338879664879,27.84475091063939,21.436329861597244
0.6718337360396247,27.84555609443862,21.43787917127929
0.6960174181025696,27.847575180534875,21.43904189069673
0.7186902252343118,27.84918864689206,21.440204614375887
0.737017215835921,27.851607367127542,21.440977813338748
0.7499756129099446,27.853223944652655,21.440591213621644
0.7561043417001002,27.854029192413293,21.440591213621644
0.7550472659557084,27.857658983197382,21.440204614375887
0.7477259509244351,27.858064673376134,21.439815086824694
0.7345977911662713,27.860483594993696,21.439815086824694
0.7163923831011209,27.862502963796658,21.439428488525152
0.693106078583211,27.865730372871553,21.43787917127929
0.6708356404106732,27.866941439129164,21.438265767690837
0.6494786650573541,27.86936056233509,21.43787917127929
0.6313768807766786,27.871782791212183,21.436716456121815
0.6155923062725042,27.875010481604534,21.436329861597244
0.6048984978513323,27.875818944908133,21.435553745222762
0.5987657641335503,27.87662436351542,21.436329861597244
0.5966929156062578,27.88187193707472,21.435167152113763
0.597923229796808,27.884697191470593,21.435167152113763
0.6023091432910448,27.885905422534222,21.433617855662646
0.6077948736164418,27.89115345423164,21.433617855662646
0.6123014508393996,27.89236480999591,21.43284174591355
0.614008952303243,27.896804531718487,21.43323126490924
0.6119818430987212,27.89922433449675,21.431292460797806
0.6039573454257049,27.903261530517625,21.43168197789538
0.587938030610818,27.90689300206759,21.43168197789538
0.5649488418235736,27.908913252660284,21.430519285415926
0.5356428390861294,27.913353666785838,21.43168197789538
0.5031909738533074,27.917388348655322,21.430132698429702
0.46712707813002924,27.92263793778335,21.430132698429702
0.4379673488101086,27.92627007323307,21.429743183229277
0.4137465751560989,27.930308299502258,21.430132698429702
0.3978634060606307,27.93232594419129,21.429743183229277
0.39104012332055965,27.937576274077287,21.42897001161242
0.3942965466479542,27.941611879192067,21.429356597186086
0.40637376883031007,27.946459693235965,21.428580497835128
0.4247273241917417,27.951304676687414,21.428580497835128
0.4495809706953433,27.95372877827549,21.428580497835128
0.47759775727859494,27.95897711835005,21.427807329042537
0.510127080844238,27.960995310434953,21.42742074535039
0.5377432829562993,27.96503486379146,21.42742074535039
0.5650940453548918,27.96826539646014,21.427031233468483
0.5902442438527131,27.974729812397527,21.426258068437505
0.6097062222699126,27.980382302591693,21.4266446507184
0.6186874267589544,27.984019478531366,21.425871486625738
0.6188740387458416,27.985635023501402,21.4266446507184
0.6133342291336664,27.99007866353668,21.427031233468483
0.6028014967390278,27.99209745133186,21.427807329042537
0.5872415783656885,27.99532881408129,21.427031233468483
0.5711385962142526,28.000176044351065,21.42742074535039
0.5527968002831838,28.003813904591937,21.42742074535039
0.5328831870654686,28.005429753595365,21.427807329042537
0.5143006134749293,28.008661526146284,21.427031233468483
0.49642201992179985,28.012702909037102,21.428193913204154
0.4793520537622017,28.017550940874287,21.427031233468483
0.4648956692540813,28.0207830864955,21.426258068437505
0.4524651849137308,28.023208788583418,21.425095395768153
0.4434145538833706,28.026037826857248,21.423546148349544
0.43592331553597713,28.03088647489767,21.423159569827135
0.43083953724690527,28.032099435778377,21.42161033181395
0.4273720325652393,28.034119031509874,21.420061101323654
0.4259751472591724,28.038161395253724,21.41889845124433
0.42590283435789417,28.037351687833052,21.41850894977148
0.4272809659050358,28.04422370552487,21.41695973432934
0.4302001706052705,28.047456673751753,21.415410526398205
0.43430005714198905,28.05109311840306,21.413861325974267
0.439525054048287,28.05432935484066,21.413474759174505
0.4463435130213285,28.055945982590174,21.41231213305366
0.45409379447673487,28.05958272236768,21.41037638457493
0.4629094328887844,28.06321958865408,21.40998982198414
0.4724069733175913,28.06524284132115,21.409213769706582
0.48161628354720454,28.069286407771983,21.407664599272323
0.4901223811062417,28.072520151031654,21.408437719309006
0.49788715130404937,28.074943995902345,21.407278039953383
0.5038616814245662,28.076560942624667,21.405339393429017
0.5080233908071585,28.08262548015813,21.404952836913026
0.5103994094296754,28.08303203686387,21.402627650725776
0.5106075817051654,28.086669720014072,21.402241097476065
0.5094827530342785,28.088286848474468,21.40069196071255
0.5075190983602412,28.09071411671829,21.399529380940578
0.5051152115602586,28.09354498206136,21.397980257250595
0.5030615650798999,28.09596931555774,21.396817687285477
0.5023370586193041,28.100821209143817,21.395268576657145
0.5046444400300971,28.102034982201417,21.392556918911225
0.5102419304216215,28.106483566130578,21.391783837084006
0.5185638118835162,28.108507658309975,21.39023475067114
0.5305724345169945,28.110125125827324,21.387909670856743
0.5446261836844535,28.112956518912142,21.38713660017254
0.5608276782084906,28.11416737576451,21.38481154268277
0.577967633458569,28.117405569787138,21.38364902021567
0.5947640953718708,28.120234103168627,21.381713444228808
0.6087329536263595,28.122662116451465,21.38055093290575
0.620412364592988,28.126301184644262,21.37822592279366
0.6268713698516328,28.1291330183293,21.37706635220468
0.6277620538941071,28.133179065861157,21.374741367118418
0.6221192735399119,28.13277537149918,21.373578880831644
0.6101354812450753,28.135607381733053,21.370867405086983
0.5926176135633634,28.136818502566825,21.37009437511722
0.5702145550323233,28.140864849658385,21.36815595200136
0.544397080203097,28.14207909041164,21.36699641742075
0.5153246183962686,28.143697080655215,21.365447449652095
0.48336223380046844,28.14652938898746,21.36350905425985
0.45183404404687666,28.14855120283687,21.361960103103854
0.42422063794077264,28.150576114923012,21.359638154214906
0.4042536687349332,28.153001779207102,21.358086293443307
0.38963375628571806,28.153001779207102,21.35615086989344
0.3804654812337939,28.15664497057429,21.355377874893634
0.37792553223977565,28.15826318818017,21.353439539427086
0.3816053186774633,28.161499699237197,21.3518906361287
0.3920139385035134,28.16554700994135,21.35034174017727
0.4062223347460075,28.16756919497709,21.34995524932674
0.42250178521413007,28.169998316682836,21.348406362550122
0.4392572140329991,28.172020588704243,21.347243970299814
0.45502903850439397,28.174042900257177,21.34608158218083
0.47006247296154846,28.174042900257177,21.345308611007567
0.4819042383947735,28.178898445114612,21.342983852646228
0.4893723649494042,28.18132783291344,21.341821479654186
0.4916838829445401,28.18294643657856,21.34065911078585
0.48936009627006355,28.18375727781239,21.33833731326854
0.48287581073698077,28.189017191124208,21.337950836589016
0.47323818895006514,28.18942110478946,21.33523965692075
0.4606967887662063,28.191446816846565,21.334463783490207
0.44675008679611855,28.1946843666596,21.334463783490207
0.43227716360784385,28.19711412574304,21.33175263260739
0.41897112794552915,28.19873297683148,21.33020383182526
0.40676311299294055,28.20197075519917,21.32904150408126
0.3967978048232836,28.203993653182238,21.3286550383354
0.38934688358975356,28.20480465973202,21.327492716061556
0.38355757870641194,28.208042628688645,21.3263303978909
0.37857649325429055,28.21006564577982,21.326719788659886
0.3737260426867919,28.213303779973444,21.32478162262163
0.36817835955209977,28.21249576720885,21.32517101156003
0.361594950063356,28.215329961055772,21.32517101156003
0.3536788868098533,28.21654201591474,21.324008701580624
0.342555673451337,28.220187448667957,21.32439516187452
0.3289400796579306,28.221402621591153,21.32323285463093
0.31310527406360883,28.221402621591153,21.323622241739713
0.29687584631659614,28.22464111215919,21.324008701580624
0.2796875084875996,28.22666445523032,21.324008701580624
0.26237797013643543,28.22949903904197,21.32439516187452
0.248107730935212,28.229903111342992,21.32323285463093
0.23731061970273112,28.233953105476928,21.32323285463093
0.23226152404467343,28.233144930648677,21.322846395699514
0.23303013563221764,28.23557253551212,21.322459937220913
0.23979932152826533,28.237191991047666,21.321684093915053
0.2529967552616469,28.238407364789907,21.321297636798192
0.27502720038483086,28.238811472088173,21.320521796225535
0.29931204619885393,28.24002686497431,21.320135340469903
0.32904927745326296,28.24286181707697,21.319748885166746
0.359568137878256,28.24448138744549,21.31858659429173
0.388322829146332,28.245696847380486,21.317813687762907
0.41547349026449154,28.247316462434185,21.317037855376498
0.43350999335217294,28.248124748684802,21.315489123720397
0.44384151523940735,28.249747463767676,21.315102673852323
0.44473028364236084,28.250959924223764,21.313940399319563
0.43715238946740753,28.251771300957785,21.313164576022757
0.4232644957192492,28.252579622267433,21.312391682169903
0.4044023128502538,28.25379517803424,21.31161586250414
0.3804374921110126,28.25379517803424,21.310453600218352
0.3559409816418575,28.25420240774355,21.309294269608984
0.3298967486831464,28.25541492080356,21.30813201546931
0.30845701264783865,28.25460657717241,21.307356205780536
0.28942084002372137,28.25541492080356,21.306969765405427
0.2760714405425102,28.256226332743836,21.30542108084512
0.26861471202837256,28.257441931690494,21.30503464272482
0.26786092380694304,28.257441931690494,21.303872403514674
0.27324821037164776,28.258250297650306,21.30309660378805
0.28311771325445945,28.25906173200576,21.30309660378805
0.29805429915690923,28.258250297650306,21.302710168374233
0.3152814451962106,28.26068155788846,21.302323733410105
0.3340237945554896,28.25987011072459,21.30154793730179
0.35144742192470385,28.2594659205692,21.302323733410105
0.3662496737064975,28.2594659205692,21.30154793730179
0.37616920634391005,28.25906173200576,21.302323733410105
0.38148722734344553,28.261897209610197,21.30116150368991
0.3804934813857727,28.262705610668718,21.302323733410105
0.37395533654853313,28.261489949368524,21.30154793730179
0.3625504101864593,28.26027736453682,21.30077507052755
0.3461370527783877,28.26068155788846,21.30116150368991
0.3260448495406941,28.262705610668718,21.30154793730179
0.3028183129308505,28.25906173200576,21.30077507052755
0.2816361686970025,28.258654483017835,21.30077507052755
0.2592572331879801,28.26068155788846,21.299226414863085
0.24169474202768254,28.25987011072459,21.299226414863085
0.22940488659793495,28.26027736453682,21.299999278035614
0.22109196949602533,28.261489949368524,21.29883705644545
0.21692304366713333,28.25906173200576,21.299226414863085
0.21888652368591108,28.257846113874507,21.29806419597469
0.22701881630472132,28.257846113874507,21.297288409808345
0.2392214614549626,28.258250297650306,21.2969019811477
0.25438352352453364,28.258250297650306,21.296515552935887
0.27088519921323484,28.257846113874507,21.295353343518173
0.2844881853301404,28.25460657717241,21.29573977038052
0.2990451300068793,28.25460657717241,21.293804713093152
0.3125137910917533,28.256226332743836,21.29186673960413
0.32351904323232394,28.25379517803424,21.29186673960413
0.33225649904604077,28.25420240774355,21.291480317235028
0.3415279397183794,28.25420240774355,21.28915886500539
0.35028068464504225,28.252175460817227,21.28915886500539
0.35938534180134857,28.250959924223764,21.28799668124435
0.36868647043612385,28.25136714268899,21.28722091851779
0.3797113484637945,28.247316462434185,21.28683450153045
0.3925020452858083,28.248124748684802,21.285672325862095
0.40602014098376765,28.2465051208888,21.284899495918296
0.419858935535849,28.2465051208888,21.282961574147635
0.4355915576500093,28.245292713010656,21.283350914024368
0.44906887575686566,28.244077257855963,21.281799411948896
0.4597304420278074,28.241242272229613,21.281799411948896
0.46800065042806155,28.241242272229613,21.281799411948896
0.4738804176026441,28.2404309786383,21.280640181134004
0.4766911832115041,28.239622752898754,21.27947802700021
0.47623230312156284,28.238003259079903,21.278702284043277
0.4728034259621642,28.236383790768343,21.278702284043277
0.46641592044800856,28.234357195272196,21.277543063955363
0.4578337647229196,28.23476434795947,21.27676732548082
0.44746518496986787,28.230310246402667,21.277153730836062
0.4360851261556706,28.230714321889252,21.275991588802412
0.42351671098955046,28.22949903904197,21.275605184787366
0.4084524828801123,28.22909496832756,21.275218781217745
0.3937381458375025,28.227879704604106,21.27444304812343
0.3788174236673905,28.22666445523032,21.27483237809355
0.36364766693114486,28.22464111215919,21.27483237809355
0.3486843058015727,28.222617808853613,21.27444304812343
0.3345473478235379,28.222617808853613,21.27367024410836
0.3181818788353884,28.22302185414287,21.272508114149957
0.30333779375619063,28.221402621591153,21.272894514596203
0.2893777623500433,28.2209955217603,21.272508114149957
0.2792316138084645,28.221402621591153,21.271345988216694
0.27162739882130293,28.21775714583174,21.270183866306922
0.26813159108053586,28.217353121195742,21.270183866306922
0.2702049742822941,28.21856826068023,21.269797468981096
0.2783852445696676,28.21775714583174,21.269024675663104
0.293795618857023,28.213710849409892,21.268248956885486
0.3153333123831989,28.214114859763754,21.26786256178525
0.34301794666946916,28.213303779973444,21.265924738512467
0.3749502671030642,28.2145188717015,21.265538346083588
0.414127442803625,28.214114859763754,21.2647655625575
0.45522034463339084,28.211684700160504,21.2647655625575
0.4886329514297944,28.210876700088534,21.263603463399534
0.5215860329224963,28.208042628688645,21.263217073636497
0.5504274419168275,28.209257658398258,21.262441368254088
0.572531001906182,28.208850606547912,21.261665664658835
0.5854330456347914,28.208042628688645,21.260892890023456
0.5892054752362783,28.20520863518533,21.25934441891036
0.5836953340268097,28.204397625458967,21.2597308042308
0.5709166478675568,28.203993653182238,21.258182338456606
0.5515814551877082,28.20318571337515,21.257795954910875
0.525167505303401,28.202374719553916,21.2570202620077
0.496849644515076,28.20197075519917,21.25740957180784
0.47125573306242985,28.19954088176968,21.2570202620077
0.4496416468209046,28.199136928509972,21.256633879793185
0.43007741758880486,28.19792201800817,21.255085428236498
0.41761603519641066,28.196707121807947,21.255085428236498
0.4125799603844103,28.19711412574304,21.25469904823717
0.41537485568398486,28.196303179639642,21.25430974156393
0.42476721568644493,28.194280432406572,21.253150605555163
0.43928662376410094,28.194280432406572,21.253536983782737
0.45570630227701275,28.1946843666596,21.252374923326443
0.47472686144966725,28.19387343964388,21.252374923326443
0.4902238906442956,28.192661651143624,21.251988546427924
0.5038614288999843,28.191042895258818,21.252374923326443
0.5125071290555706,28.192661651143624,21.250826491296664
0.515432837507296,28.191042895258818,21.250826491296664
0.5125142193570253,28.191850740014274,21.250826491296664
0.5037936427126134,28.190231996840737,21.25005081440196
0.48864280129995347,28.189828080004304,21.249278066359068
0.46652488247806695,28.190231996840737,21.248502393015656
0.439495067164244,28.190231996840737,21.248502393015656
0.4153436547674552,28.188613279038407,21.2473432769184
0.3910028299806785,28.18942110478946,21.2473432769184
0.36984262617225117,28.188209368532057,21.246953978715624
0.34948917296011955,28.189017191124208,21.24618123774468
0.3340347586530478,28.189017191124208,21.245019202558694
0.32451419651465363,28.188613279038407,21.245019202558694
0.32051398496700956,28.187398492359193,21.243857171358854
0.3200962354461677,28.188613279038407,21.243857171358854
0.322698453851542,28.18780239969493,21.244243538972967
0.3260598384450939,28.189017191124208,21.243084437452012
0.32914526859741666,28.188209368532057,21.243084437452012
0.33029036075143153,28.188209368532057,21.241922412885287
0.3289483350966191,28.190231996840737,21.241922412885287
0.32524923179039716,28.18780239969493,21.2415331209109
0.31699076960929096,28.186994586602623,21.24076039230033
0.3066290309697439,28.189017191124208,21.2415331209109
0.29594162824334863,28.18942110478946,21.2415331209109
0.28596878650570745,28.186994586602623,21.24076039230033
0.27672419156218886,28.190231996840737,21.24037402865514
0.2684434470378487,28.189017191124208,21.23921201337322
0.2641307071593458,28.18942110478946,21.24037402865514
0.26506568511153095,28.189017191124208,21.239984738457565
0.27213362822277876,28.190231996840737,21.23921201337322
0.2829785614386922,28.188209368532057,21.239598375695493
0.2981277314570461,28.18780239969493,21.238436363069013
0.3173369805629371,28.188209368532057,21.239598375695493
0.33801976238591164,28.188209368532057,21.238825651490743
0.35798485831698834,28.19063591525685,21.238436363069013
0.3756582299198473,28.188209368532057,21.238825651490743
0.39163063172571794,28.189017191124208,21.2380500020692
0.4062463796239024,28.18780239969493,21.238825651490743
0.41546597363051496,28.18618371996473,21.2380500020692
0.42027177013636113,28.188613279038407,21.238436363069013
0.42106004882528586,28.188209368532057,21.23766364150896
0.4181514968763563,28.18618371996473,21.23766364150896
0.4119310035185425,28.187398492359193,21.236115276703686
0.40401694557162654,28.187398492359193,21.23766364150896
0.39584588769284856,28.18496896185303,21.23650163550286
0.3901618345098077,28.18496896185303,21.236115276703686
0.38878105645271277,28.184565065594086,21.23650163550286
0.3930974088874231,28.182542548224433,21.234953275992552
0.4043662238219258,28.18375727781239,21.236115276703686
0.4193690439255452,28.183350326511118,21.234953275992552
0.44143293427441227,28.182138661448676,21.234953275992552
0.4620520740382485,28.17970925459423,21.234953275992552
0.4819874812447191,28.1817317165208,21.234953275992552
0.4975767710149272,28.17687603861333,21.234177635411072
0.5071600315145364,28.17768683223329,21.23379127925324
0.5074279174623858,28.17768683223329,21.23379127925324
0.49769261062782294,28.176472173974673,21.23456691895342
0.47831770894533815,28.174042900257177,21.23340492353435
0.4517273618852525,28.176472173974673,21.233018568254295
0.41250572626193016,28.173235194683173,21.23340492353435
0.3793467050787122,28.174042900257177,21.233018568254295
0.3469387162560481,28.171616743023947,21.233018568254295
0.31746891408483,28.171616743023947,21.232242932084887
0.29116684718086505,28.17242443596109,21.23379127925324
0.27537806235716866,28.17242443596109,21.23379127925324
0.2693549360387453,28.170402156046066,21.233018568254295
0.2723894925940673,28.169998316682836,21.23340492353435
0.28281680270999576,28.170402156046066,21.232629286484098
0.29881711627535734,28.169998316682836,21.23340492353435
0.3204317506510638,28.169591419524693,21.23379127925324
0.34582378428927224,28.166758480649435,21.233018568254295
0.370174461237458,28.167973024860714,21.232629286484098
0.3902279087635302,28.16756919497709,21.231856578124393
0.4091133569751117,28.167973024860714,21.232242932084887
0.4248183559428589,28.16554700994135,21.232629286484098
0.4358738006449932,28.16635465550462,21.232242932084887
0.44224095198084734,28.16392561931076,21.232242932084887
0.4448316924717955,28.164736311451747,21.23069459196188
0.4436969191219294,28.161903505445196,21.230308239758756
0.4389768238519217,28.162714181753188,21.229532609765158
0.42990063730218153,28.16352180521659,21.229918961088345
0.418119891247996,28.163117992697437,21.230308239758756
0.4050709788014195,28.16352180521659,21.229918961088345
0.3910398809363638,28.161903505445196,21.229532609765158
0.3750592648098344,28.16109589460376,21.229918961088345
0.35808473657225987,28.16109589460376,21.229146258880235
0.339485857262105,28.160285230964348,21.229532609765158
0.32240836619573654,28.15947763274255,21.228759908433517
0.3037844812660731,28.15947763274255,21.229146258880235
0.28848159860371964,28.15947763274255,21.228370631532584
0.2721482420604433,28.15988143106631,21.228759908433517
0.2590575871338223,28.157452546711284,21.228370631532584
0.2473443272706196,28.159070776932822,21.228370631532584
0.239747479297096,28.15826318818017,21.227984281965348
0.23628269568881066,28.157048757855875,21.227984281965348
0.2372173531459181,28.155834341767672,21.22759793283609
0.24279850969796027,28.154216162097327,21.22721158414481
0.25463183297134845,28.157856337140572,21.226049613825523
0.2708194326687432,28.1534055522917,21.224887647465437
0.2897340249847387,28.153812385854337,21.22527399352373
0.31060307609169746,28.1534055522917,21.22450130184461
0.3378835866836336,28.152598007695644,21.22256372661616
0.36285483469818336,28.15178741054649,21.22295299688949
0.3857349706675809,28.152194237757215,21.22256372661616
0.407065987127778,28.14855120283687,21.22140177212367
0.427174198900936,28.149765533585253,21.22101543044772
0.44250090036005807,28.14855120283687,21.219853481221662
0.45439979515130835,28.147336886310995,21.219853481221662
0.46273778901799045,28.145718839285678,21.21908080180748
0.4686869768296714,28.14814744866061,21.217918859157862
0.4725172703290734,28.145718839285678,21.217146184115393
0.4759878363657568,28.14288655308752,21.217146184115393
0.48061776000517736,28.14288655308752,21.216370584028653
0.48680658794036347,28.14005740271699,21.216370584028653
0.4952160263017068,28.140461125402226,21.214435981661097
0.5080238363683038,28.139246903583455,21.21482231590477
0.5211982885560239,28.139246903583455,21.21404672108372
0.5375703823898135,28.13884318562242,21.21404672108372
0.5532359390728825,28.136818502566825,21.21404672108372
0.5698148297875603,28.134796917349888,21.21404672108372
0.5836229784338326,28.134796917349888,21.213660387715095
0.5964108802615867,28.134393216697163,21.21404672108372
0.6037483165309874,28.133989517614282,21.214435981661097
0.6060560090736536,28.13115755150892,21.21404672108372
0.6023270573967865,28.129943438505677,21.214435981661097
0.5934578261205476,28.1291330183293,21.21482231590477
0.579897268545115,28.1287293396951,21.214435981661097
0.562052782896126,28.12832566262972,21.214435981661097
0.5405645311898193,28.127921987133107,21.213660387715095
0.5143386649441866,28.12670791194887,21.213274054782175
0.4878482236286884,28.125090186458465,21.21404672108372
0.4679797475969523,28.125090186458465,21.212498463467
0.4502478961260997,28.12589751701404,21.212498463467
0.4392615739436901,28.125493850952125,21.212498463467
0.43426692475012757,28.123876144363464,21.21288772228496
0.43670955464182737,28.123472486153958,21.21404672108372
0.4458445640357668,28.123876144363464,21.215208650584316
0.4598782462445963,28.123876144363464,21.215984248037614
0.4792030558322028,28.123876144363464,21.217146184115393
0.5008314155775154,28.124279804140997,21.21869446275531
0.5239249106308437,28.123472486153958,21.220242748406406
0.5462411810339567,28.122662116451465,21.22140177212367
0.5634852331914727,28.122258462957234,21.22256372661616
0.576720199620355,28.121851753067574,21.223339340757548
0.5852611059966824,28.124279804140997,21.22450130184461
0.58637182275479,28.121044453940954,21.22527399352373
0.5803308616314015,28.12306577151344,21.224112029805497
0.5684042232960893,28.121851753067574,21.22450130184461
0.5509738218275065,28.121851753067574,21.22450130184461
0.5288380720942668,28.123876144363464,21.22527399352373
0.5055278453604727,28.12306577151344,21.22450130184461
0.483533578440011,28.12589751701404,21.22450130184461
0.4631688967083733,28.123876144363464,21.224112029805497
0.44544397155934373,28.125090186458465,21.22295299688949
0.4324678272748134,28.1246834654865,21.22256372661616
0.4262697054669271,28.125493850952125,21.221791041072493
0.4268213603583812,28.12670791194887,21.222177383625763
0.4343138106292541,28.1287293396951,21.22256372661616
0.45047874977729285,28.12711158272782,21.221791041072493
0.4713903989034815,28.1287293396951,21.222177383625763
0.49960676320225994,28.12832566262972,21.220629089208614
0.5274665553323654,28.13156123958123,21.220629089208614
0.5545916550317943,28.1291330183293,21.219467141296263
0.5781604375525439,28.129539756721726,21.219467141296263
0.5975912924314623,28.130750806780668,21.220242748406406
0.6120597770196695,28.132368620434022,21.219467141296263
0.6218141048126075,28.132368620434022,21.21908080180748
0.6253134720902027,28.133179065861157,21.21869446275531
0.6225772839289248,28.13520061957246,21.218305197333734
0.6149175172858667,28.135607381733053,21.21908080180748
0.6039762846302161,28.140864849658385,21.217918859157862
0.5896125369728737,28.137225271067507,21.21753252141849
0.5744535907449011,28.139246903583455,21.216756920455907
0.5585307222012974,28.136818502566825,21.216756920455907
0.5450984705911063,28.138032695972356,21.216370584028653
0.5325246080487233,28.14126857548547,21.215594985699852
0.5209297085295007,28.140864849658385,21.215208650584316
0.5121054585082829,28.143697080655215,21.215208650584316
0.5049806770760191,28.14652938898746,21.21482231590477
0.4993359416284667,28.145315096137494,21.21404672108372
0.49373580935229555,28.146125642683728,21.215208650584316
0.4882579891134882,28.14652938898746,21.213274054782175
0.48139162582220085,28.147743696056693,21.212498463467
0.4733313102184211,28.147743696056693,21.21211213184432
0.46227982495965664,28.14936177467996,21.211336543158836
0.44983072366578697,28.149765533585253,21.210563882968017
0.4342180989653744,28.152194237757215,21.21017755352557
0.41782478668956613,28.152598007695644,21.21017755352557
0.4028638207649718,28.155834341767672,21.20862931338371
0.3862019604010793,28.15664497057429,21.207081080227567
0.3735410034852921,28.157856337140572,21.207081080227567
0.3653286015406564,28.15988143106631,21.206691827999464
0.36018494545011354,28.161903505445196,21.206305502916223
0.3586272595628116,28.162714181753188,21.205143603579984
0.361400105681646,28.164736311451747,21.20475728023797
0.3674641879660284,28.16554700994135,21.203981708173274
0.37481873794464327,28.16837685632015,21.203981708173274
0.3820249890721421,28.170805996985393,21.202822743368245
0.38765714778426846,28.171616743023947,21.201271609716514
0.3890717486546326,28.17242443596109,21.202433495964215
0.3859401963696633,28.173235194683173,21.20088529072524
0.3764766282626415,28.174446755409406,21.19972340970594
0.35872530287445925,28.177279904829334,21.19972340970594
0.3389320356832836,28.17687603861333,21.19972340970594
0.31288738333188326,28.17970925459423,21.198564459246086
0.2781566584131123,28.179305378888728,21.197402586058843
0.24217220266450412,28.18132783291344,21.197402586058843
0.20457383473258298,28.183350326511118,21.197016271408756
0.16241461186757755,28.184161170913967,21.1962407167901
0.12404462288933132,28.185779818957258,21.195078851438268
0.09233362803670514,28.18618371996473,21.19585440344258
0.06628139031716412,28.187398492359193,21.194692539392634
0.04501886710331898,28.188209368532057,21.194692539392634
0.03178405635623949,28.189828080004304,21.193530679257435
0.025006649958565164,28.193065579063443,21.193916990001583
0.02543127232947573,28.192661651143624,21.19314436894581
0.031356226815298205,28.191446816846565,21.19275805906676
0.04135300267565922,28.19346950856351,21.19198251402429
0.056269094905523453,28.19346950856351,21.1900480488884
0.07187800685376539,28.19346950856351,21.189658815911855
0.08756041142358412,28.195899239052153,21.190434355734908
0.10196361219136801,28.195899239052153,21.189272509932664
0.11758055712604126,28.1946843666596,21.188886204385426
0.13074069576655445,28.19711412574304,21.18772436378879
0.1437326718549654,28.196303179639642,21.188499899270028
0.1540973531351399,28.195088302493218,21.188886204385426
0.16343633836684018,28.19711412574304,21.18772436378879
0.17215164286063225,28.19346950856351,21.18772436378879
0.1805929890775974,28.1946843666596,21.18772436378879
0.18892864192859166,28.195492239907423,21.18733805997192
0.19823272692585425,28.194280432406572,21.18695175658661
0.20846965962525144,28.192661651143624,21.18733805997192
0.21695877970456826,28.191850740014274,21.18695175658661
0.2258959024077103,28.191850740014274,21.186562527096953
0.2340579244031741,28.189828080004304,21.18617622457805
0.24222508385056785,28.189828080004304,21.18578992249047
0.25033125188075844,28.188613279038407,21.18578992249047
0.2566395948699999,28.187398492359193,21.185400694308214
0.2630206083822626,28.18618371996473,21.185014393086647
0.26817844229990584,28.184161170913967,21.18462809229635
0.2736880407266127,28.1817317165208,21.18424179193721
0.2793800093068005,28.18092395088422,21.18424179193721
0.2848249110969332,28.17687603861333,21.183852565496238
0.2910338125577364,28.17687603861333,21.183852565496238
0.29862732284077426,28.174853671665232,21.183079966939943
0.30833714645670013,28.173235194683173,21.182693668308218
0.3158601841618235,28.169591419524693,21.183079966939943
0.3230934431153992,28.167165366669167,21.182304443607507
0.32824725101950525,28.16392561931076,21.181142625109487
0.33047642414983097,28.16392561931076,21.181142625109487
0.32925802675334565,28.160285230964348,21.181531848504846
0.3245262607676115,28.159070776932822,21.182304443607507
0.3167672525401295,28.157856337140572,21.181531848504846
0.305372948815512,28.154619939913573,21.182304443607507
0.2915718477364997,28.153001779207102,21.182304443607507
0.274760561347542,28.151383643765882,21.183852565496238
0.2557308093899194,28.14855120283687,21.18346626600254
0.2363746811229394,28.14652938898746,21.18462809229635
0.21890900056680318,28.143293345377003,21.18578992249047
0.20448388847242305,28.14207909041164,21.183852565496238
0.19525688721883527,28.14005740271699,21.18346626600254
0.19128363358612388,28.138032695972356,21.18462809229635
0.19425697229112804,28.13520061957246,21.18424179193721
0.20372395696129297,28.13520061957246,21.18424179193721
0.22096478834657135,28.13156123958123,21.183852565496238
0.24418991261835907,28.130750806780668,21.185014393086647
0.2729133392326183,28.129539756721726,21.18346626600254
0.30543282321616927,28.12589751701404,21.18346626600254
0.3421675389865358,28.124279804140997,21.181918145840825
0.37828745281367093,28.121851753067574,21.181918145840825
0.4106901053480117,28.1194268166048,21.181142625109487
0.4372821251851072,28.116998878882328,21.179983736987197
0.4593576871664542,28.11376375524759,21.179594515330393
0.47279925328467826,28.11133594972506,21.178046412463857
0.47667682623966445,28.108101002189585,21.177273826850296
0.4699996220229775,28.106890215931344,21.176498316505956
0.45533305805047897,28.104462570762564,21.17533651745873
0.4308325754073131,28.10122783682914,21.1745639378766
0.40164769725427996,28.09758658831049,21.17378843358489
0.37242600772120743,28.0983967627389,21.173402145300486
0.3446944440658337,28.09596931555774,21.17301585744559
0.3179226439391509,28.09313838436219,21.17185407004513
0.300150923054646,28.09152118064395,21.1714677839106
0.2892260494605764,28.08909695061044,21.1714677839106
0.2853458801309844,28.087479809586227,21.171078571800024
0.2886271468006341,28.083435538318952,21.1706922865269
0.29702350226573204,28.081414989874304,21.17030600168283
0.31078805297709955,28.078987938027126,21.169919717267646
0.3265388308088926,28.076967475703043,21.17030600168283
0.33955382692573566,28.073327074223528,21.172629570020092
0.3488990676849205,28.07292361184807,21.17378843358489
0.3534652215615183,28.071306721455358,21.1745639378766
0.35326578787822627,28.068476459402063,21.176887534688547
0.3481219598512265,28.068476459402063,21.17766011944201
0.3378642436491739,28.06564627402969,21.179208220584314
0.32391725205014943,28.06564627402969,21.179983736987197
0.3067958385380527,28.06160284843878,21.17882192626854
0.28876084259755996,28.059986133229245,21.180756328638154
0.2698311160548339,28.05756263532936,21.181142625109487
0.2522449934862341,28.0579660383969,21.181142625109487
0.23708121102149468,28.05553953129612,21.182693668308218
0.22896557579703153,28.055136137588534,21.18346626600254
0.22625414348918935,28.053519522355657,21.181918145840825
0.22937780496488108,28.05230631334507,21.18424179193721
0.2373281224669937,28.04988299338129,21.18462809229635
0.25024975253549536,28.047456673751753,21.183079966939943
0.26513990773707646,28.04543682084062,21.18346626600254
0.2827288455203073,28.04422370552487,21.181918145840825
0.2993898403830192,28.042200859356058,21.181142625109487
0.31425822114251234,28.04099083712356,21.179983736987197
0.3266521153788737,28.039777773312096,21.179594515330393
0.3335255115612381,28.035332029801452,21.179983736987197
0.3356559948623887,28.03694836420749,21.178046412463857
0.33337972190680576,28.03331241069543,21.17766011944201
0.32620201557358275,28.034119031509874,21.17766011944201
0.31594358636575437,28.03048317615213,21.176498316505956
0.30329748933152056,28.030076823682236,21.17611202520743
0.2902142273097894,28.02846059523739,21.17533651745873
0.27877371943478785,28.025228213078265,21.1745639378766
0.26967876227536525,28.024824936093694,21.17533651745873
0.2647298641093062,28.023208788583418,21.1745639378766
0.2648326611104961,28.019976568248694,21.17378843358489
0.27254907684544855,28.017147693394918,21.173402145300486
0.2871070614455441,28.016744447464703,21.17301585744559
0.30763876378698296,28.013509371401312,21.17301585744559
0.3348866358985306,28.012702909037102,21.1714677839106
0.3676594759922892,28.009471012155302,21.1714677839106
0.399154155778464,28.010277449702926,21.171078571800024
0.4289234733572511,28.007045627445336,21.171078571800024
0.4612729256486604,28.005429753595365,21.17185407004513
0.4916665057865478,28.00421710088284,21.1714677839106
0.5178537672888541,28.00300446216221,21.17224035660888
0.5389700270997339,28.000985465001634,21.1714677839106
0.5584205762523976,28.000985465001634,21.171078571800024
0.5727574323116966,27.997350756951505,21.171078571800024
0.5839317467182576,27.99613819742268,21.1706922865269
0.5911064742099954,27.9916943015063,21.171078571800024
0.5952754417938595,27.99129115322529,21.171078571800024
0.5969287502573357,27.99007866353668,21.1706922865269
0.596761264493627,27.988056860412996,21.17030600168283
0.5948812109394634,27.98523189842797,21.1706922865269
0.5916626005899814,27.98523189842797,21.169919717267646
0.5871697424816326,27.982807072594426,21.1706922865269
0.5810957619290466,27.981191571008424,21.17030600168283
0.5737265140998933,27.97957609420024,21.17030600168283
0.5637302759528214,27.97876683819419,21.1706922865269
0.5513856813770511,27.976748305962587,21.169530506889203
0.5354457099441625,27.975939071675555,21.17030600168283
0.5190694300996563,27.973920593609705,21.169144223335024
0.49994560592358783,27.97149602809418,21.169144223335024
0.47982179174129047,27.97149602809418,21.169144223335024
0.4576834929667879,27.969074571841077,21.169144223335024
0.4364246839141065,27.97068988768092,21.169144223335024
0.4169234835333115,27.968668456628507,21.168757940209616
0.39833494126764674,27.967053171752525,21.169530506889203
0.3840542054445553,27.9658440143877,21.168371657512864
0.37341926196763486,27.96624706530247,21.167982448865644
0.3681451592881799,27.96422877276501,21.167982448865644
0.36948370758238414,27.96422877276501,21.167596167029387
0.3777119753600504,27.962610502555606,21.167209885621617
0.3931262971004539,27.962610502555606,21.165661837914968
0.41270624782981097,27.96220746553388,21.165661837914968
0.4326505733955587,27.96220746553388,21.164500075061028
0.4554667350308744,27.963016594445207,21.164113797085747
0.4827601796799772,27.963016594445207,21.16372459319507
0.505971440280872,27.96220746553388,21.16256576313009
0.5241981738621415,27.96180443005153,21.162952039390575
0.5368508774631321,27.96180443005153,21.16179028556502
0.5453320725709804,27.96180443005153,21.16101773604396
0.5493774033413598,27.960995310434953,21.160628535607316
0.5491914903390844,27.96220746553388,21.159466789515875
0.5452260771004953,27.96059227958216,21.1590805171125
0.5388079069627651,27.960995310434953,21.1590805171125
0.5310374158934145,27.960995310434953,21.157918776170334
0.5218348111744276,27.96180443005153,21.157532505478514
0.5138132857532866,27.96341963455768,21.15637076968261
0.5065040976004389,27.961401396108613,21.155984500701436
0.4998840412079425,27.963016594445207,21.155209037747
0.49483764127338703,27.962610502555606,21.155984500701436
0.4917396571637768,27.961401396108613,21.1544365027774
0.48933420711380926,27.963016594445207,21.153661043254488
0.48772639197243045,27.96422877276501,21.153661043254488
0.48620401310432404,27.96341963455768,21.153661043254488
0.4849805258631252,27.961401396108613,21.152888511702486
0.4837751219264079,27.96422877276501,21.15250224656586
0.4826834801423142,27.96463181750829,21.15250224656586
0.48199993919388956,27.96220746553388,21.151726791327974
0.48182219849573216,27.965437911614515,21.15250224656586
0.48267402006514526,27.963822676209816,21.152113055609163
0.4845063010423001,27.96624706530247,21.15250224656586
0.4874697798832325,27.965437911614515,21.152113055609163
0.4912910043089025,27.96745928074489,21.15250224656586
0.4963267567437007,27.967053171752525,21.151726791327974
0.502017325599128,27.969477635102294,21.151340527472826
0.5073656401017944,27.969074571841077,21.151340527472826
0.5106082920570011,27.97149602809418,21.151726791327974
0.5118734833098989,27.971092957117037,21.151340527472826
0.5099510935353513,27.971092957117037,21.15250224656586
0.5043426399276323,27.97068988768092,21.151726791327974
0.4955032037404703,27.973111381034585,21.152888511702486
0.48221656138969865,27.97432367539909,21.15250224656586
0.4651988924797856,27.973111381034585,21.152113055609163
0.4457178544825661,27.9755359837078,21.151340527472826
0.4256734886852906,27.9755359837078,21.150954264043605
0.40271104177846584,27.9755359837078,21.150565074807105
0.3850347526352539,27.976345214899425,21.150565074807105
0.3725350631036387,27.97916993852209,21.150565074807105
0.36427015455390244,27.97876683819419,21.150178812232866
0.3626315374663491,27.979979197624743,21.148630839976136
0.36947325032707473,27.981191571008424,21.149017100844333
0.3837735244936532,27.983210188384703,21.149017100844333
0.4053390761916629,27.983613305718052,21.148630839976136
0.43182139597749125,27.984019478531366,21.14785539330569
0.4680814270490548,27.98482572093775,21.147469133717095
0.5072072559132254,27.986441278279017,21.14785539330569
0.5418682492374278,27.985635023501402,21.147469133717095
0.5732843114846145,27.987653726065503,21.14785539330569
0.596877099480996,27.988056860412996,21.147082874553917
0.6144992825701964,27.99007866353668,21.14669661581604
0.6219334441932801,27.99129115322529,21.14669661581604
0.6203516589256064,27.99209745133186,21.147082874553917
0.6084526922550195,27.9916943015063,21.14785539330569
0.5900762515076906,27.99330996428347,21.14785539330569
0.5657132375368368,27.99573503211184,21.14979255008444
0.536866176708303,27.99613819742268,21.150178812232866
0.507448003781783,27.996944532680573,21.152113055609163
0.4765785847679597,27.999369684314217,21.154822770048952
0.4490593106063565,27.998157101506308,21.15637076968261
0.4261077496912081,27.999369684314217,21.157918776170334
0.40879336668160965,28.00300446216221,21.16024226191871
0.3992753476357822,28.00260127052303,21.162176560966884
0.3971441798152826,28.00300446216221,21.164500075061028
0.40264387331178364,28.00219808043039,21.16682360464239
0.413870254930653,28.003410709847742,21.167596167029387
0.42987298436938537,28.005429753595365,21.168757940209616
0.4488681017518974,28.007045627445336,21.1706922865269
0.46842797020516885,28.007045627445336,21.171078571800024
0.4871201470516303,28.01068067079848,21.172629570020092
0.5023446457789595,28.010277449702926,21.172629570020092
0.5134684628735163,28.012299680177478,21.1745639378766
0.5185496210778822,28.01310613944503,21.1745639378766
0.5169627895352717,28.013509371401312,21.174950227452825
0.5098310721485528,28.015125369552266,21.176498316505956
0.4978190367672263,28.016744447464703,21.17611202520743
0.4817564356282817,28.017550940874287,21.17611202520743
0.4624123355192733,28.018360495415152,21.175725734338755
0.43962899904064356,28.021592665969933,21.17533651745873
0.42071229160133533,28.02199593052933,21.174950227452825
0.40601270131695727,28.024015331676537,21.175725734338755
0.3950069354148213,28.02199593052933,21.17533651745873
0.38926198265620227,28.026037826857248,21.1745639378766
0.38913951297605476,28.028057305823097,21.174177648729938
0.39428642338641373,28.028057305823097,21.1745639378766
0.4039088447159649,28.029270233971715,21.174177648729938
0.417236250037296,28.029270233971715,21.17378843358489
0.4328021302833188,28.03048317615213,21.17224035660888
0.448510380076213,28.03088647489767,21.17301585744559
0.4636270790893268,28.033715720326654,21.17185407004513
0.4759924789086725,28.035332029801452,21.1714677839106
0.48449509344544983,28.034522344245204,21.171078571800024
0.4885484152891711,28.03654504213455,21.169919717267646
0.48751590115789434,28.037351687833052,21.1706922865269
0.4810589025137534,28.04058444390381,21.169919717267646
0.47008953586031493,28.042200859356058,21.169919717267646
0.4555836327461953,28.0417975170584,21.1706922865269
0.43705420454346633,28.0438203554354,21.1714677839106
0.4183771856385493,28.04341395123498,21.17224035660888
0.39759837903291084,28.04422370552487,21.174950227452825
0.37839203767974555,28.04826645931371,21.177273826850296
0.36058254263203865,28.04705331120573,21.179208220584314
0.3443401697281853,28.04826645931371,21.181918145840825
0.33132347570160897,28.04988299338129,21.183852565496238
0.32083011389006677,28.05109311840306,21.18695175658661
0.3143143329620705,28.050689741840813,21.188499899270028
0.3095484134671235,28.052709696139914,21.191206970724238
0.307182851058718,28.052709696139914,21.193916990001583
0.3061020567372344,28.053922909828657,21.19662703057071
0.30557845346637313,28.055945982590174,21.198950775632568
0.30506005768068417,28.0579660383969,21.20011265404372
0.30402198854414714,28.058369443020695,21.202433495964215
0.30253838215398426,28.058369443020695,21.20359538613741
0.3006276408915613,28.059986133229245,21.205529927356395
0.29863486877171197,28.062009323304096,21.207467406183525
0.29700335754119406,28.06321958865408,21.207467406183525
0.2961522805021677,28.06281616531362,21.210950212845773
0.29683496653652913,28.06483941017018,21.21211213184432
0.2996790459237621,28.06564627402969,21.214435981661097
0.30555225699827415,28.06726307680276,21.215594985699852
0.3152204845752234,28.066456200457765,21.216756920455907
0.3300671035061258,28.06564627402969,21.21908080180748
0.3451157245518761,28.068073015764753,21.220242748406406
0.36255198916546777,28.06968985609575,21.22101543044772
0.38246750492368903,28.068073015764753,21.223725685062846
0.4030163455462238,28.070903266885807,21.22527399352373
0.4210684934216755,28.070093305977935,21.226822309012334
0.43724962023148867,28.070903266885807,21.227984281965348
0.45046382121438755,28.070496757418596,21.229532609765158
0.46286114959647673,28.07211363527051,21.229918961088345
0.47218978507346376,28.072520151031654,21.232629286484098
0.4781253173596941,28.071306721455358,21.234953275992552
0.4808924527797493,28.071306721455358,21.23727728138823
0.4814249291509143,28.073327074223528,21.238436363069013
0.48001236099284555,28.07171017758361,21.24076039230033
0.47760705289585104,28.070903266885807,21.243084437452012
0.47453720065679145,28.07211363527051,21.245019202558694
0.47148239276229664,28.07211363527051,21.24618123774468
0.46833285852407947,28.07211363527051,21.248116020542113
0.4658835426688318,28.07292361184807,21.24966444015979
0.46348733276638104,28.073327074223528,21.252374923326443
0.46085522170790333,28.073730538157918,21.253923362452326
0.4576479344595545,28.070496757418596,21.255085428236498
0.45326156732670136,28.070093305977935,21.255858189561934
0.44698052862009835,28.070496757418596,21.258182338456606
0.4370196292559022,28.070496757418596,21.26050650337055
0.4267300648767281,28.075350522683607,21.262054979824825
0.4140815933386213,28.07171017758361,21.26437624425654
0.3997384763819099,28.07171017758361,21.265924738512467
0.3861205764958296,28.07211363527051,21.268635352430067
0.3738789997463553,28.072520151031654,21.271345988216694
0.3629357757784327,28.070903266885807,21.272894514596203
0.3556915849781641,28.06968985609575,21.27483237809355
0.35131653100659477,28.071306721455358,21.277543063955363
0.35053230228682225,28.07171017758361,21.27947802700021
0.3532007145496311,28.07171017758361,21.28141300123093
0.35964469828503304,28.07171017758361,21.283350914024368
0.37060862953933676,28.07171017758361,21.286448084990354
0.3843974946417464,28.07292361184807,21.287610263359
0.398617899688737,28.071306721455358,21.28954528468421
0.4132383446835979,28.07211363527051,21.29109389531385
0.42600747464184036,28.074540527278657,21.293028936854
0.4354173396866816,28.073730538157918,21.29496691710449
0.4401101411840043,28.073327074223528,21.2969019811477
0.43960818076797403,28.07171017758361,21.299612846224704
0.43376410697021905,28.072520151031654,21.30077507052755
0.4235396511563128,28.073730538157918,21.302323733410105
0.40849425123947936,28.073730538157918,21.30309660378805
0.38797892164372605,28.074137060214127,21.303485967197787
0.36585711304917,28.074137060214127,21.304258840281477
0.34472988085303863,28.072520151031654,21.304645277498253
0.32228589432722626,28.073327074223528,21.303485967197787
0.2989899663653704,28.074943995902345,21.304258840281477
0.2769255907933508,28.074943995902345,21.304258840281477
0.25881117535280795,28.074943995902345,21.303872403514674
0.24240705245361296,28.074540527278657,21.303872403514674
0.23012942464229313,28.076967475703043,21.304645277498253
0.21835605900214317,28.074943995902345,21.303485967197787
0.2081955198449534,28.074540527278657,21.304645277498253
0.1994521341237146,28.076967475703043,21.30542108084512
0.1898368413496979,28.0761574677515,21.30503464272482
0.17944291466133716,28.077370953707316,21.30542108084512
0.17107676018753676,28.077370953707316,21.305807519415623
0.16238239233245677,28.077370953707316,21.305807519415623
0.15640591923443486,28.075753994437832,21.306583325480688
0.15407082177887754,28.076560942624667,21.306583325480688
0.1575550285722811,28.076967475703043,21.306583325480688
0.16596332857738894,28.076560942624667,21.306969765405427
0.18500080156052304,28.07777443327126,21.307356205780536
0.2072105574605877,28.075350522683607,21.30813201546931
0.2387060427787591,28.076967475703043,21.306969765405427
0.2738196709186841,28.076560942624667,21.307745574189823
0.31179262565225,28.075350522683607,21.307356205780536
0.3482197224060066,28.076560942624667,21.30813201546931
0.3868397965154216,28.075350522683607,21.309294269608984
0.413253221046698,28.074943995902345,21.309294269608984
0.43267660213356535,28.073327074223528,21.309294269608984
0.441450900670022,28.07292361184807,21.308518457199398
0.4378975371719259,28.07171017758361,21.310067156231014
0.4202380905598643,28.070903266885807,21.311229417160405
0.3974926986892155,28.070093305977935,21.310067156231014
0.36866267542358633,28.06968985609575,21.31084297226772
0.3296209971716186,28.068073015764753,21.31161586250414
0.2940131839665083,28.066859637851337,21.312002308299043
0.2602385305512473,28.066456200457765,21.31161586250414
0.23445906103572253,28.064029496273747,21.31084297226772
0.21860909194279565,28.06241274353033,21.311229417160405
0.21336204493037475,28.062009323304096,21.311229417160405
0.22159917527746367,28.061199431338366,21.309680712694615
0.24150909917846886,28.059179313062714,21.310067156231014
0.27175091375513866,28.058369443020695,21.309680712694615
0.30369097507476156,28.0579660383969,21.310453600218352
0.3363186131199123,28.05675277780864,21.31084297226772
0.36681080605412725,28.05432935484066,21.31084297226772
0.39733045011434165,28.053519522355657,21.31161586250414
0.4180771592919673,28.053116136438177,21.31084297226772
0.4327824551169425,28.05230631334507,21.31084297226772
0.4407023921987913,28.050286366833518,21.309680712694615
0.43831762732763085,28.04826645931371,21.310453600218352
0.427136295394083,28.046646894454852,21.310453600218352
0.40802840118013983,28.048669826535104,21.309680712694615
0.38239481699401184,28.04422370552487,21.309680712694615
0.3556923654769703,28.04462705716827,21.309680712694615
0.32259709707933826,28.04341395123498,21.308518457199398
0.29327838091376096,28.043010604264794,21.307745574189823
0.2634841097571481,28.0417975170584,21.308518457199398
0.2353775143550063,28.04139417631427,21.306583325480688
0.2137394808265669,28.038161395253724,21.307356205780536
0.19992867663729003,28.038161395253724,21.306583325480688
0.19404423135370646,28.034928713949967,21.30503464272482
0.1964425652795067,28.034522344245204,21.30542108084512
0.2044518671137008,28.032906047257825,21.305807519415623
0.21868234082809693,28.032099435778377,21.303872403514674
0.23373526183347226,28.033715720326654,21.303872403514674
0.24948010867573195,28.03169307704337,21.302323733410105
0.26675598125666455,28.029270233971715,21.30116150368991
0.28175379240764564,28.026844391704287,21.30116150368991
0.2932329279881804,28.028057305823097,21.30077507052755
0.30314651615738336,28.024421660659527,21.299999278035614
0.31052048319372055,28.024824936093694,21.29883705644545
0.31594158933703725,28.024421660659527,21.29806419597469
0.32121593198229975,28.021186347943456,21.297288409808345
0.3275062186961938,28.0207830864955,21.297288409808345
0.3345766233219291,28.018360495415152,21.296515552935887
0.34479369661649983,28.01957025647988,21.29612619769148
0.35811765519669636,28.015934905387212,21.296515552935887
0.3731131631966967,28.0139156597113,21.29496691710449
0.3907624135672929,28.014318894776352,21.295353343518173
0.41384560946701276,28.013509371401312,21.29341828847646
0.4353679433551481,28.010277449702926,21.29341828847646
0.4575967255612692,28.00906474103897,21.293028936854
0.47749254202314956,28.00906474103897,21.293028936854
0.49848630584786,28.005832956085783,21.291480317235028
0.5153231399788423,28.005832956085783,21.29186673960413
0.5304698892204418,28.003813904591937,21.292256089868545
0.5445957195635455,28.00300446216221,21.291480317235028
0.5555174790629699,28.00219808043039,21.291480317235028
0.5643601907643893,28.000176044351065,21.29109389531385
0.5720867068738213,27.998157101506308,21.289931704810726
0.5786489668534244,27.99654136427887,21.28915886500539
0.5842586257851052,27.994116277861394,21.290318125384886
0.5893943601678979,27.99492565187279,21.28954528468421
0.5940660953557171,27.992500602702194,21.28915886500539
0.5973779264662722,27.99129115322529,21.28876951835747
0.5991880461823605,27.989269326808824,21.287610263359
0.5987253552681535,27.986038150118418,21.28799668124435
0.5956497745815815,27.986441278279017,21.28683450153045
0.589524256381135,27.983613305718052,21.28683450153045
0.578877406103593,27.983613305718052,21.286448084990354
0.5665742699377503,27.982807072594426,21.286448084990354
0.5517026641105076,27.981191571008424,21.28683450153045
0.5329107349559208,27.980788462944417,21.285672325862095
0.5124467315368518,27.979979197624743,21.285672325862095
0.4928114200047892,27.980382302591693,21.284899495918296
0.47309649450767205,27.978363739408678,21.28412374038635
0.45458406285708,27.9779606421655,21.283350914024368
0.43925507739000713,27.978363739408678,21.282961574147635
0.42751357012865554,27.976748305962587,21.283350914024368
0.41836666115398596,27.9779606421655,21.282575162086744
0.413091089278784,27.976345214899425,21.282188750472358
0.41121088074525397,27.976748305962587,21.281799411948896
0.4113571095294457,27.976345214899425,21.2810265909593
0.4129523954305553,27.977554492715,21.280640181134004
0.4147507055806627,27.974729812397527,21.2810265909593
0.41572688184225315,27.97715139856774,21.280250844412933
0.4152466516320662,27.97715139856774,21.27947802700021
0.41274639522178247,27.976748305962587,21.27986443548349
0.40876303206332204,27.976345214899425,21.27947802700021
0.4030484955147099,27.97513289728181,21.278702284043277
0.3955631766242542,27.9779606421655,21.278315876901445
0.3891637105492293,27.9779606421655,21.278315876901445
0.3840686831730454,27.978363739408678,21.27676732548082
0.38111192381918685,27.97876683819419,21.277153730836062
0.3814976900694563,27.978363739408678,21.276380920571228
0.38513465265306746,27.97957609420024,21.275991588802412
0.39213044565234795,27.97876683819419,21.275605184787366
0.40227789345698506,27.97957609420024,21.275605184787366
0.41692192891274926,27.98159468061516,21.27483237809355
0.4304074724527793,27.983210188384703,21.275218781217745
0.44497815344853836,27.98240395834722,21.27444304812343
0.45673944943550077,27.981997791764798,21.27483237809355
0.4657941281169643,27.983210188384703,21.27483237809355
0.4701385632787771,27.983210188384703,21.27367024410836
0.47050429536940436,27.982807072594426,21.274056645893324
0.4662139266476261,27.98482572093775,21.27328384276865
0.4578174020055615,27.98482572093775,21.27367024410836
0.4445324962159075,27.98523189842797,21.27328384276865
0.4266070428969629,27.986038150118418,21.274056645893324
0.4079488402137073,27.986441278279017,21.272894514596203
0.3856601457570209,27.987653726065503,21.272894514596203
0.36539891808585145,27.986847462002117,21.27328384276865
0.3452530940940231,27.988056860412996,21.27328384276865
0.3305756902329677,27.986847462002117,21.27173238732479
0.3183544164065789,27.990481807172557,21.271345988216694
0.3124000730203052,27.988056860412996,21.271345988216694
0.30997812000820957,27.988866187817393,21.27057319133496
0.310814118793521,27.989269326808824,21.270959589553456
0.3130486386439798,27.98967246734435,21.27057319133496
0.31524212361569115,27.9916943015063,21.269411072099842
0.3144366522544875,27.9916943015063,21.269797468981096
0.30985612233037874,27.9916943015063,21.269411072099842
0.301467070443586,27.99290680981187,21.268635352430067
0.29048626825767726,27.99209745133186,21.268248956885486
0.27547772179922764,27.99330996428347,21.268635352430067
0.25943229250325417,27.99290680981187,21.267086845690244
0.2413354643079338,27.994522491209466,21.266700451926
0.22724519345396102,27.993713120299958,21.266700451926
0.2176931811698144,27.99290680981187,21.265538346083588
0.213375500425491,27.99330996428347,21.2647655625575
0.2161743602302273,27.99492565187279,21.2647655625575
0.22503227389970573,27.996944532680573,21.26437624425654
0.2380271285042293,27.99532881408129,21.262827757126843
0.25753458709377225,27.99613819742268,21.263217073636497
0.27861128559193465,27.99613819742268,21.262441368254088
0.30079796816375753,27.99573503211184,21.262827757126843
0.3246652070267404,27.99532881408129,21.261665664658835
0.3490031810475943,27.99573503211184,21.26127927711957
0.367661532397491,27.99532881408129,21.262441368254088
0.3823652444194345,27.99613819742268,21.26011718999422
0.39132409310228006,27.994116277861394,21.26011718999422
0.3940175781399801,27.99492565187279,21.2597308042308
0.39088447618666583,27.993713120299958,21.2597308042308
0.38266795881304894,27.993713120299958,21.26011718999422
0.369745119022707,27.99330996428347,21.26011718999422
0.3546352196752294,27.994116277861394,21.25934441891036
0.3392086046186572,27.99209745133186,21.2597308042308
0.32446948588609725,27.99129115322529,21.25934441891036
0.3121738923387379,27.9916943015063,21.25856872244509
0.3050180344400635,27.99209745133186,21.25856872244509
0.3031372794951451,27.99129115322529,21.25740957180784
0.30552528339548807,27.99129115322529,21.25740957180784
0.3124143686122618,27.98967246734435,21.256633879793185
0.3228361928275902,27.990481807172557,21.256633879793185
0.3364603393811001,27.9916943015063,21.255471808678067
0.3505272858216681,27.98846305037017,21.25469904823717
0.363631081637791,27.98967246734435,21.25469904823717
0.372802154708793,27.989269326808824,21.25430974156393
0.37692785246836186,27.989269326808824,21.253923362452326
0.3754313090880857,27.986038150118418,21.253150605555163
0.3673933605845724,27.986038150118418,21.25276130066686
0.35339014453000656,27.985635023501402,21.25276130066686
0.33333297171888493,27.986038150118418,21.25276130066686
0.30604508531683905,27.986038150118418,21.253536983782737
0.27481491221096377,27.98523189842797,21.252374923326443
0.24461003166111478,27.985635023501402,21.253150605555163
0.2143081640872667,27.981997791764798,21.253150605555163
0.18610463901900362,27.98240395834722,21.252374923326443
0.16478684011490224,27.98159468061516,21.250826491296664
0.149501728705627,27.979979197624743,21.250826491296664
0.14271342616431232,27.981997791764798,21.250826491296664
0.14534374352829077,27.977554492715,21.250440116168193
0.15709694173391736,27.977554492715,21.25005081440196
0.17885072110365122,27.9779606421655,21.249278066359068
0.20994247748952927,27.975939071675555,21.249278066359068
0.24449402984920382,27.97715139856774,21.249278066359068
0.2831533363860276,27.977554492715,21.24966444015979
0.3240661208087827,27.975939071675555,21.250440116168193
0.36073130001674447,27.97351751336174,21.251599242878456
0.39372845974240755,27.973111381034585,21.253536983782737
0.422671870267233,27.973111381034585,21.25469904823717
0.4458900870670536,27.970286819785713,21.257795954910875
0.46252586665007567,27.970286819785713,21.26050650337055
0.47148471374566364,27.969477635102294,21.262827757126843
0.4735872171711091,27.970286819785713,21.265924738512467
0.4692924712389499,27.96745928074489,21.267476167129246
0.4584051477828151,27.967053171752525,21.270959589553456
0.4412073233624222,27.9658440143877,21.27483237809355
0.42169140877425143,27.963822676209816,21.27676732548082
0.39742003249812125,27.96341963455768,21.27909161896298
0.37178850891382254,27.96341963455768,21.282961574147635
0.3479467336668952,27.960189250268513,21.286448084990354
0.32415397601410684,27.959380143035105,21.28915886500539
0.304257767583767,27.95736198183306,21.292256089868545
0.28510317715551015,27.956552896270523,21.29573977038052
0.27085400805736637,27.954534789114405,21.298450625985538
0.2609352189995392,27.953322722114933,21.30154793730179
0.2554775526123899,27.95372877827549,21.304645277498253
0.2543478781764219,27.952516720526717,21.307356205780536
0.25723383910393527,27.951707672088048,21.307356205780536
0.2637324601603061,27.94807466303405,21.309294269608984
0.2735462329854558,27.950901682824338,21.310453600218352
0.2872665902129765,27.946862670156293,21.310067156231014
0.3055278871885369,27.947265648613325,21.310453600218352
0.32595331686092,27.946053665014404,21.310067156231014
0.35171986288482343,27.94322982767443,21.309680712694615
0.37733920799137666,27.944035758422103,21.30890489938014
0.3988056488802964,27.94242085033801,21.307356205780536
0.41906790760127777,27.94120892228932,21.30813201546931
0.4392591626806781,27.93959405738343,21.306969765405427
0.45308352383612005,27.936364401547905,21.306969765405427
0.46142217997742857,27.9351525429023,21.306583325480688
0.46287646873050003,27.93555547673003,21.306583325480688
0.4570480630987708,27.93596146463898,21.30813201546931
0.4464200694979759,27.933940698138485,21.30890489938014
0.43077697439699186,27.931520102667037,21.309294269608984
0.40973130702392113,27.93232594419129,21.31161586250414
0.38751370915507904,27.929499420980335,21.313553951261213
0.3621622176875046,27.929096510211593,21.31471329679067
0.33611537648117773,27.928290693274846,21.319362430315948
0.31140528879168083,27.92788473479311,21.321297636798192
0.29289866596086034,27.924252543960392,21.322070551484614
0.2770426392916699,27.92263793778335,21.32517101156003
0.26522388540161024,27.921829117855225,21.327492716061556
0.25901354239473307,27.92263793778335,21.329430898057012
0.25621088553268856,27.92142623627086,21.330590299390394
0.2556788578331034,27.920214548618333,21.332139101992766
0.25595960952630836,27.91900287482389,21.334463783490207
0.25564908208045084,27.919811673174138,21.336399078746695
0.25341559514603773,27.918197134681805,21.338723790403435
0.24814777887392148,27.917388348655322,21.34065911078585
0.23900749486301542,27.91537098852268,21.34259737048842
0.22791266650834305,27.91496813149223,21.34337033526009
0.21523791306082593,27.91537098852268,21.345308611007567
0.20144120398485826,27.913353666785838,21.345695096365944
0.18906978776532424,27.91214207142599,21.347243970299814
0.18009250782167452,27.912947765538547,21.34763045794466
0.17483385048566014,27.911739226665645,21.348019873988164
0.17464146116716847,27.909316086685124,21.34917934104476
0.17961403041335494,27.90810453745695,21.349568758933344
0.1903424186071854,27.90689300206759,21.349568758933344
0.2053132875176169,27.905681480515113,21.349568758933344
0.221153473887795,27.90689300206759,21.348406362550122
0.2367820827091826,27.903261530517625,21.348019873988164
0.25325160617665876,27.905278660292993,21.347243970299814
0.2663442490219018,27.902452858395066,21.348406362550122
0.27692313964748394,27.90164724399267,21.34608158218083
0.2829170733011932,27.900435782331385,21.346468068452225
0.28395022876232145,27.90003298202089,21.34608158218083
0.2798242272984284,27.899627131738725,21.344146229763453
0.27283231181484763,27.897610109369282,21.345308611007567
0.26292414100294176,27.89599590878362,21.344146229763453
0.25203581265778274,27.893978955390878,21.343759746233843
0.2419715234753272,27.89236480999591,21.342983852646228
0.2341924594866912,27.890750689127913,21.34337033526009
0.23096843677456483,27.888730784136726,21.341821479654186
0.23206915631099298,27.88832802821628,21.341821479654186
0.23937394769635817,27.887925273822248,21.341048518536923
0.2516754662118289,27.885099933632546,21.34065911078585
0.26753497343737165,27.882274668534478,21.34027263137
0.28713106133389954,27.88187193707472,21.34065911078585
0.3108974242016355,27.878640987608833,21.339886152409747
0.33093056949569966,27.87702707510556,21.34027263137
0.34986669836719275,27.87662436351542,21.339499673905095
0.3658562001626861,27.87339662417162,21.339110267993703
0.37569450369781104,27.87339662417162,21.339499673905095
0.37964416971318843,27.870571669884043,21.339499673905095
0.37823338689787334,27.866941439129164,21.339499673905095
0.3715385780668863,27.86411665611047,21.339886152409747
0.36200435922099417,27.864921986182708,21.339499673905095
0.35286016618704863,27.864519320385455,21.339499673905095
0.3432365138733371,27.862097256720062,21.34143499886767
0.33423563094534914,27.85886995770437,21.339886152409747
0.32954543887733106,27.857256344847542,21.341821479654186
0.32980901335564,27.85524012568459,21.341821479654186
0.3349587772915689,27.852818272894922,21.342207960896644
0.3457682636113992,27.852013034278684,21.34337033526009
0.3625184453390785,27.85362656777278,21.34259737048842
0.3797496614497381,27.847575180534875,21.342983852646228
0.3976540098523266,27.845153501779578,21.34337033526009
0.41568176502265647,27.842329295974196,21.342983852646228
0.42960457665407725,27.844348321017947,21.342983852646228
0.4380604404902757,27.842734927849165,21.34259737048842
0.4417636771971279,27.839102595053305,21.34143499886767
0.4394203098445585,27.839102595053305,21.34065911078585
0.431855603571476,27.835473435482754,21.339886152409747
0.417127558927361,27.834665278081104,21.337950836589016
0.396881477704236,27.832649485697175,21.337950836589016
0.37406425691828843,27.83103626926612,21.336399078746695
0.3503095109003471,27.83022814542744,21.335626130407775
0.3303040237016839,27.827809909461735,21.334463783490207
0.31361193660911807,27.82619371668204,21.333301440685716
0.30209474534650554,27.825791196997784,21.332528499636055
0.29933867199834124,27.823373061397547,21.330590299390394
0.30605586502491683,27.82256499548663,21.32904150408126
0.3195768425488583,27.819741386695966,21.32788210820496
0.336090041531046,27.816917852432596,21.327106252133945
0.355394787092754,27.816917852432596,21.325557473216975
0.37093897419561994,27.814094392672132,21.32517101156003
0.3855665529254729,27.814499917408796,21.322846395699514
0.3945816787741696,27.813289445866815,21.322070551484614
0.3962924277073452,27.81248145610806,21.320911180133976
0.3908367396238664,27.810466081814184,21.31858659429173
0.37784046224178125,27.810063621295285,21.317813687762907
0.3603840627896542,27.808045243629635,21.315875574040206
0.34059412529608546,27.808853199911425,21.31471329679067
0.3198205234630203,27.807240342300304,21.313164576022757
0.29764973081798274,27.80643239818562,21.311229417160405
0.2791214768816631,27.80481957702648,21.310067156231014
0.26579596517825055,27.80562750897633,21.30890489938014
0.2576537239730553,27.802401915171686,21.306583325480688
0.2549482985874492,27.801594007544622,21.30542108084512
0.2593317260064205,27.799981259212757,21.303485967197787
0.26945461740360876,27.796353426321275,21.302323733410105
0.28563350193334613,27.799173369833284,21.30077507052755
0.30256243099443914,27.798770951735094,21.299226414863085
0.31973347306005495,27.797560657922816,21.2969019811477
0.3358585780984404,27.796755835344754,21.29612619769148
0.3497491083048965,27.795143159799466,21.294191138158112
0.3628523749731867,27.794335306876917,21.293028936854
0.3706941710387119,27.793530508507217,21.292256089868545
0.37340156242498856,27.79151244218349,21.289931704810726
0.37141307480429686,27.79232027384319,21.28876951835747
0.36458180034959253,27.790305278663936,21.287610263359
0.35530952690922496,27.78949746217785,21.285672325862095
0.34477825095833603,27.788287273011917,21.284899495918296
0.3327258467569313,27.785869983873738,21.283350914024368
0.32059512603860324,27.78707709749466,21.281799411948896
0.31112092426555443,27.787482520014237,21.281799411948896
0.30493206140464746,27.787482520014237,21.280250844412933
0.3024451797755297,27.78304734187907,21.27986443548349
0.30395552190207237,27.78385206162261,21.278315876901445
0.3096865365792151,27.781837225438267,21.277543063955363
0.31913569994018004,27.781837225438267,21.275218781217745
0.33161142919309794,27.779014689463224,21.275218781217745
0.3490994638291633,27.779417033470168,21.272894514596203
0.3663727934348164,27.777804618465154,21.272508114149957
0.38625316067464854,27.776999944038437,21.269797468981096
0.407293651401433,27.77740228049828,21.269411072099842
0.43025481392794257,27.77578989573658,21.268635352430067
0.45271135233571685,27.77498218846023,21.267086845690244
0.4751897601394457,27.7721598325968,21.266700451926
0.4922018087759956,27.77014521570368,21.267476167129246
0.5063413768072809,27.77095288662531,21.267476167129246
0.5184116437381531,27.767725287082612,21.268635352430067
0.5277167871586131,27.76853293982316,21.268635352430067
0.5330776671692444,27.765710753289056,21.269797468981096
0.5358142356016962,27.766920688120877,21.270183866306922
0.5343515370536984,27.76409854389931,21.269411072099842
0.5288595152324976,27.765308460592394,21.269411072099842
0.5206384642582541,27.763290924462353,21.269411072099842
0.5069929380472669,27.762888640816698,21.269024675663104
0.4922163324992271,27.761678751342515,21.268635352430067
0.4758099260483061,27.760471923004104,21.26786256178525
0.45627283548781983,27.761678751342515,21.266314058605758
0.43978828932316594,27.759262060706874,21.267086845690244
0.42485153687638755,27.75764994795327,21.267086845690244
0.413846038912878,27.756440117381374,21.266314058605758
0.4089540259500657,27.756842376918826,21.265538346083588
0.4102708837660193,27.7556325554242,21.2647655625575
0.4198227644728583,27.756037859347316,21.262827757126843
0.4338524785999076,27.7556325554242,21.262441368254088
0.453500936580466,27.755230300407845,21.261665664658835
0.47854960777676847,27.753216000547695,21.2597308042308
0.5057313591226056,27.755230300407845,21.26050650337055
0.5326355330464102,27.75482804689466,21.25856872244509
0.5595295813414118,27.75281070724799,21.25856872244509
0.5851191044450916,27.752408462774724,21.258182338456606
0.603441991430539,27.753216000547695,21.258182338456606
0.615406107176823,27.75281070724799,21.2589580340329
0.62053308567528,27.753216000547695,21.257795954910875
0.6181349505018547,27.757244637959673,21.25856872244509
0.6096138005895004,27.754020497030695,21.2589580340329
0.5952690506296526,27.754425794884526,21.25856872244509
0.5770528816136147,27.753216000547695,21.25856872244509
0.5565894474081483,27.755230300407845,21.25856872244509
0.5355499797069199,27.756037859347316,21.2597308042308
0.5136827012223092,27.754425794884526,21.2597308042308
0.4966917255769811,27.754425794884526,21.26050650337055
0.4843925101559512,27.755230300407845,21.26011718999422
0.4769318511301608,27.75482804689466,21.26050650337055
0.47590842756550245,27.756842376918826,21.26050650337055
0.4838349693312317,27.756440117381374,21.26050650337055
0.498295190368003,27.756842376918826,21.260892890023456
0.5178487013147498,27.757244637959673,21.260892890023456
0.5439758030417894,27.756842376918826,21.25856872244509
0.5700673656948777,27.76006660238164,21.2597308042308
0.5914506524661544,27.759262060706874,21.25856872244509
0.6108534536242712,27.76127647372556,21.258182338456606
0.6224684176190465,27.761678751342515,21.25740957180784
0.6280904578741743,27.761678751342515,21.257795954910875
0.6267621550366942,27.763696257233107,21.2570202620077
0.616769625502138,27.765308460592394,21.257795954910875
0.6007646121091159,27.766920688120877,21.257795954910875
0.5807332157321023,27.766920688120877,21.25856872244509
0.5584469174936357,27.76934059863106,21.26011718999422
0.5347649806093018,27.77014521570368,21.26050650337055
0.5110948656767335,27.77014521570368,21.261665664658835
0.48484620600096906,27.77095288662531,21.262054979824825
0.45684067688444985,27.772565198804614,21.263217073636497
0.43322790929509747,27.775387565315327,21.263989853606176
0.40962838617196434,27.775387565315327,21.2651519540986
0.3882229301746648,27.77578989573658,21.265924738512467
0.3679688407488027,27.779417033470168,21.265924738512467
0.34726794887847323,27.782239580020814,21.267086845690244
0.3235864090542127,27.7850622007756,21.267086845690244
0.2997068090233094,27.786272353572144,21.267086845690244
0.2713214354982325,27.798770951735094,21.267086845690244
0.24203653550697035,27.790305278663936,21.267476167129246
0.21183567927475527,27.790305278663936,21.269411072099842
0.18253610641854146,27.795143159799466,21.269411072099842
0.15386088314973184,27.794737708326636,21.269797468981096
0.12964285686727978,27.796353426321275,21.27057319133496
0.1136300033078052,27.799981259212757,21.271345988216694
0.10593670184120402,27.80280434690394,21.27367024410836
0.10885077601879428,27.80280434690394,21.27444304812343
0.12202169871085072,27.806029952824986,21.276380920571228
0.14506768843091444,27.806837893904003,21.277929470205493
0.1738275192453662,27.810063621295285,21.27947802700021
0.21206045730892656,27.810466081814184,21.281799411948896
0.2540194381909981,27.814094392672132,21.282575162086744
0.2996492151380678,27.81611288439109,21.28412374038635
0.3407273433236545,27.81611288439109,21.286448084990354
0.381504482098052,27.81812836501655,21.286448084990354
0.4205257482608375,27.818530855861752,21.28915886500539
0.45822995632975105,27.823775571978615,21.290318125384886
0.48424400118963157,27.82135443269766,21.292642513137196
0.5045851180568888,27.82458059768618,21.295353343518173
0.516403039023809,27.82458059768618,21.29573977038052
0.5223238699394636,27.825388678828972,21.29806419597469
0.521150406496519,27.82821243674732,21.299999278035614
0.5144675372432511,27.82740433426011,21.30116150368991
0.5053485497188976,27.83022814542744,21.303485967197787
0.4958436381673147,27.83103626926612,21.304258840281477
0.48845251515258237,27.82901749586631,21.307745574189823
0.4845614337433498,27.83103626926612,21.310453600218352
0.4851870809717672,27.830630681820935,21.31277812887066
0.490048112756015,27.830630681820935,21.314326847829307
0.49754258902364784,27.83103626926612,21.318200140801196
0.5072716571746696,27.830630681820935,21.320911180133976
0.5164619599446314,27.83345457824464,21.322459937220913
0.5231542334833104,27.83506783119236,21.325943935327246
0.5263976860002724,27.834262726486884,21.32904150408126
0.5249838342260613,27.83506783119236,21.33175263260739
0.5183799616292228,27.833860176409587,21.33407731137089
0.5071504675615044,27.835875991639796,21.337174956750687
0.49220460530943194,27.835875991639796,21.338723790403435
0.4766155597437808,27.837086718922535,21.339886152409747
0.4603565814345478,27.83829745993137,21.341821479654186
0.44541015613622936,27.8374892811604,21.34337033526009
0.43307266315846515,27.839102595053305,21.342983852646228
0.42497602265628515,27.840715933323054,21.344919198191462
0.4223583416256295,27.841524136518103,21.344532713749288
0.42504294033054035,27.841118509244097,21.344146229763453
0.4331785472982272,27.84313751138467,21.344532713749288
0.44583048745712817,27.84555609443862,21.343759746233843
0.462758255956544,27.844348321017947,21.34337033526009
0.4800134322817458,27.84475091063939,21.343759746233843
0.49717226200341025,27.847169530261112,21.342983852646228
0.5139900903591451,27.84838038564766,21.342983852646228
0.5260645290198465,27.84797778233161,21.34143499886767
0.5332457255709,27.85080213765451,21.34143499886767
0.5359405360960442,27.84999386418383,21.341048518536923
0.5337559558225695,27.851607367127542,21.339886152409747
0.5252594164477753,27.851607367127542,21.339499673905095
0.5124910648271939,27.85362656777278,21.33833731326854
0.4957790236099413,27.856451072710797,21.33756143251628
0.4792901384268223,27.85604538867352,21.33756143251628
0.46208926297670105,27.85846731477966,21.33523965692075
0.445729027766375,27.860889295925688,21.335626130407775
0.4336262392898354,27.860889295925688,21.334463783490207
0.4247142920152822,27.863713993357692,21.33407731137089
0.4193377162864623,27.863713993357692,21.332914969933654
0.4175342048041925,27.868555198695503,21.332528499636055
0.4189152576489126,27.866133043247487,21.332139101992766
0.42272315469865346,27.868555198695503,21.330590299390394
0.42803301277328865,27.869766297082492,21.330590299390394
0.4341688059676877,27.870571669884043,21.330590299390394
0.4405831740386602,27.87339662417162,21.32981736471413
0.44885989270589466,27.876221653449647,21.32826857304326
0.45777988116114254,27.876221653449647,21.3286550383354
0.46723474029099427,27.877835553733632,21.327492716061556
0.47640775561550663,27.88025797554411,21.327492716061556
0.48628135366645353,27.879449478503545,21.3263303978909
0.4961286637114554,27.878640987608833,21.325943935327246
0.5057154136102595,27.883485923102683,21.32517101156003
0.514706124713508,27.885099933632546,21.32439516187452
0.522693143388069,27.88429139977478,21.323622241739713
0.5290399095033229,27.887519469802328,21.323622241739713
0.5340245698409714,27.888730784136726,21.322459937220913
0.5356885805474036,27.889942112279186,21.32323285463093
0.534677838073372,27.890750689127913,21.322070551484614
0.5310103720500277,27.89357312824791,21.321297636798192
0.5248955947652191,27.893170353969992,21.320911180133976
0.5169750266748603,27.896398693777712,21.320521796225535
0.5067628300436879,27.896804531718487,21.320521796225535
0.49683690566311983,27.89922433449675,21.319748885166746
0.4880440241987105,27.90003298202089,21.319362430315948
0.4819769790974445,27.89922433449675,21.31858659429173
0.4786965556389987,27.904067157175064,21.317813687762907
0.4786695911057156,27.9036643430818,21.31742430750728
0.48237394475178574,27.905278660292993,21.31742430750728
0.48981880601971656,27.905681480515113,21.31626202481175
0.5008415261181985,27.90810453745695,21.316651403697733
0.5146158205535007,27.909718922240017,21.315875574040206
0.5306912428888579,27.908507368410085,21.31471329679067
0.5465231649946315,27.911739226665645,21.314326847829307
0.5615789747877492,27.914159370106404,21.313940399319563
0.5732237065031561,27.913756517680667,21.313553951261213
0.5816668694255411,27.917794266908345,21.313553951261213
0.5845619303143894,27.917388348655322,21.312391682169903
0.5821834066806013,27.920214548618333,21.312391682169903
0.5736463546519492,27.92142623627086,21.312002308299043
0.5591898987283371,27.92223505312262,21.31161586250414
0.5389198429122458,27.923443711702248,21.310453600218352
0.5137649583087117,27.92627007323307,21.310453600218352
0.4860366072869892,27.92748183016994,21.309680712694615
0.45580572551285226,27.92990538565448,21.308518457199398
0.4298209731206291,27.929096510211593,21.308518457199398
0.40764491342018855,27.931520102667037,21.30890489938014
0.3909573701647503,27.93474961060923,21.306969765405427
0.3795755475748567,27.936364401547905,21.306969765405427
0.3760441058321595,27.936364401547905,21.306583325480688
0.38001246457671467,27.938382161733443,21.306193958436268
0.3911276837948197,27.939997008132025,21.306193958436268
0.4082884663831406,27.940403013090872,21.30503464272482
0.43178234480908956,27.943632792280198,21.304258840281477
0.45811651205205195,27.94565069117897,21.303872403514674
0.4895964313217911,27.947265648613325,21.303485967197787
0.5177752031464762,27.94807466303405,21.30193437136319
0.5436702212882326,27.951304676687414,21.30154793730179
0.5635974986104516,27.95291972055196,21.299999278035614
0.5783800792691474,27.95493779684091,21.298450625985538
0.5847696841084027,27.956552896270523,21.2969019811477
0.5834267531273376,27.95816802040838,21.29612619769148
0.5728747374360075,27.95816802040838,21.293804713093152
0.5526981939883693,27.960189250268513,21.292642513137196
0.5319508710630494,27.963016594445207,21.290707473840655
0.5065411168047449,27.96341963455768,21.290318125384886
0.48038352532387885,27.96826539646014,21.28954528468421
0.45626411939222794,27.96988069990425,21.28915886500539
0.43529595841186947,27.969477635102294,21.28954528468421
0.4189010229780823,27.97190215419795,21.28954528468421
0.407802603377091,27.972305228268908,21.290707473840655
0.40251121550361946,27.97513289728181,21.29341828847646
0.4037167486397133,27.9755359837078,21.29341828847646
0.4112217726722612,27.978363739408678,21.29496691710449
0.4244955696993619,27.980382302591693,21.297288409808345
0.4417865207711871,27.981997791764798,21.298450625985538
0.45805636054134147,27.984422598962908,21.299999278035614
0.4738737367310829,27.98482572093775,21.300385710295757
0.4901854873641312,27.986038150118418,21.30193437136319
0.5032158967439386,27.98846305037017,21.302323733410105
0.5122866383225911,27.99007866353668,21.304645277498253
0.5182552644258129,27.99330996428347,21.306193958436268
0.5221528224280831,27.993713120299958,21.306969765405427
0.5231864024470405,27.997753928456063,21.306969765405427
0.5227531646761759,27.998157101506308,21.307745574189823
0.5216315704899787,27.99896650661475,21.306969765405427
0.5213175132634362,28.00219808043039,21.306193958436268
0.522963250025237,28.003410709847742,21.307356205780536
0.5273813640255047,28.005429753595365,21.306193958436268
0.5343131688374148,28.00664242030166,21.306193958436268
0.5439575587193797,28.008661526146284,21.306583325480688
0.5550361930931484,28.01068067079848,21.306969765405427
0.5652419676680953,28.012299680177478,21.309294269608984
0.5740028914984308,28.015125369552266,21.310067156231014
0.5796811364664363,28.018360495415152,21.312002308299043
0.5807706514422337,28.018360495415152,21.313940399319563
0.5767314610803178,28.0207830864955,21.315102673852323
0.5675270099971262,28.024824936093694,21.31742430750728
0.5534030011277709,28.02563149161341,21.320521796225535
0.5373774287503189,28.026441108505367,21.321684093915053
0.5220684239935464,28.03088647489767,21.32323285463093
0.508961132279917,28.03048317615213,21.32439516187452
0.49966061268793927,28.034928713949967,21.32478162262163
0.49616203849803076,28.035332029801452,21.32517101156003
0.49985387329444597,28.034928713949967,21.32517101156003
0.5110157601209504,28.038161395253724,21.32517101156003
0.5288471010006515,28.038968053397753,21.32478162262163
0.5529175387486909,28.04341395123498,21.324008701580624
0.5827051308719194,28.04462705716827,21.32517101156003
0.610889271098161,28.046646894454852,21.32517101156003
0.639602047117511,28.050286366833518,21.325943935327246
0.6633550718438357,28.05109311840306,21.326719788659886
0.6814785670147465,28.053116136438177,21.32788210820496
0.6904813734385156,28.055136137588534,21.32981736471413
0.6928178830874043,28.05715617775195,21.33175263260739
0.6890461969727744,28.05756263532936,21.333690839706264
0.6792477654000783,28.062009323304096,21.33523965692075
0.6645450446429998,28.06241274353033,21.336012604349776
0.6444395554998836,28.064432924297932,21.33833731326854
0.6221706452279361,28.068073015764753,21.341048518536923
0.6008709905646354,28.068476459402063,21.341821479654186
0.5800518450712575,28.070903266885807,21.342207960896644
0.5616897577843482,28.074137060214127,21.342207960896644
0.5450603347594956,28.075753994437832,21.342983852646228
0.5330871813838582,28.07777443327126,21.341821479654186
0.5251160363966678,28.081414989874304,21.341048518536923
0.5213761020617675,28.081818485075075,21.34143499886767
0.5219194861923901,28.084242545911536,21.34027263137
0.5255652545386549,28.085862693641047,21.338723790403435
0.5309377626615774,28.088286848474468,21.339110267993703
0.5380312464058349,28.09152118064395,21.338723790403435
0.5454596922722563,28.09394852420337,21.338723790403435
0.5535340794988346,28.09596931555774,21.338723790403435
0.5604529807682649,28.0983967627389,21.34027263137
0.565994583324956,28.10244161462623,21.341048518536923
0.5704346496412389,28.102845191234508,21.34143499886767
0.5735373339928218,28.106483566130578,21.343759746233843
0.5753396019673036,28.108507658309975,21.34608158218083
0.5763460276436596,28.110125125827324,21.34685748311165
0.5765896964153233,28.11376375524759,21.34917934104476
0.5764440059863601,28.116191617437266,21.349568758933344
0.5760090230397308,28.11780920443846,21.35034174017727
0.5752918025022394,28.121851753067574,21.35111765121968
0.5743611114276228,28.125090186458465,21.35150414344548
0.5730189516142363,28.12832566262972,21.3518906361287
0.5706127075313716,28.130750806780668,21.35111765121968
0.567676097192964,28.133582761792695,21.3518906361287
0.5637568214312906,28.136011087107534,21.35150414344548
0.5592891669995849,28.1396506231153,21.35150414344548
0.5536235447793009,28.140461125402226,21.3518906361287
0.5470334603835794,28.143697080655215,21.35266655085104
0.5385216687617069,28.147336886310995,21.350728231484993
0.530493773325039,28.151383643765882,21.35227712926934
0.5236000766580545,28.150576114923012,21.35266655085104
0.5181562052539079,28.155026778244007,21.3518906361287
0.5142821626208579,28.157856337140572,21.35150414344548
0.512206430171959,28.162307313227927,21.3518906361287
0.5130490310146643,28.16352180521659,21.35111765121968
0.5162562809434913,28.16554700994135,21.35150414344548
0.5224077261495578,28.167973024860714,21.349568758933344
0.5306578029740681,28.172020588704243,21.35034174017727
0.5393569739422158,28.174446755409406,21.34879285156893
0.5489878732060793,28.17606831091331,21.34917934104476
0.5583474824695664,28.179305378888728,21.348406362550122
0.5671867129432249,28.182138661448676,21.34763045794466
0.5733498081484407,28.185779818957258,21.347243970299814
0.576888005262996,28.186994586602623,21.34763045794466
0.5777303010659551,28.19063591525685,21.347243970299814
0.5757688414652453,28.192661651143624,21.346468068452225
0.5713412839724086,28.1946843666596,21.346468068452225
0.5649350595757912,28.196707121807947,21.346468068452225
0.5569778850280709,28.199944836610825,21.345308611007567
0.5485265898730142,28.20318571337515,21.344532713749288
0.5414299516425828,28.206016590839,21.345308611007567
0.5354582766532742,28.209661651297438,21.344532713749288
0.5314165710150529,28.21046964184535,21.342983852646228
0.5296385992680307,28.212091763202068,21.343759746233843
0.5301637720363017,28.214114859763754,21.34337033526009
0.5327277824851475,28.220187448667957,21.34337033526009
0.5364313368221669,28.222617808853613,21.341821479654186
0.5396705010111439,28.22504516538885,21.34259737048842
0.5409006855902502,28.22949903904197,21.34337033526009
0.5389220168079599,28.229903111342992,21.342983852646228
0.5315766561266106,28.233953105476928,21.34337033526009
0.5178934630660379,28.238407364789907,21.344919198191462
0.498337114712988,28.238811472088173,21.34608158218083
0.4714028505771049,28.242457693856068,21.346468068452225
0.43805364959033094,28.244077257855963,21.34763045794466
0.3978209337019595,28.246912321693685,21.34879285156893
0.35420140747292667,28.250959924223764,21.34879285156893
0.3137948667940944,28.25379517803424,21.349568758933344
0.278739806747599,28.25663051014112,21.349568758933344
0.2519383792187047,28.25987011072459,21.34917934104476
0.23503528504913163,28.262705610668718,21.348406362550122
0.22861346567795982,28.26432549408287,21.34763045794466
0.23441722744646099,28.268781070974626,21.347243970299814
0.2511699102122937,28.272021055342634,21.347243970299814
0.2749290141702688,28.273641085930876,21.34763045794466
0.3065759205318708,28.27526420464045,21.348019873988164
0.3406867809135755,28.278908659194883,21.34608158218083
0.37638570145256683,28.28093307189721,21.346468068452225
0.41224744731300117,28.282960587358332,21.346468068452225
0.44500751869061683,28.28538937096465,21.346468068452225
0.4763091858104593,28.28620102019738,21.345695096365944
0.4989386913224807,28.29106186180411,21.34608158218083
0.5101695702734412,28.293493900726787,21.344532713749288
0.5097637733295057,28.29754334319057,21.345695096365944
0.5000071395521508,28.297950746808567,21.345308611007567
0.48160646353006253,28.29916377771883,21.344532713749288
0.45786173675446695,28.30159600931637,21.344146229763453
0.432417020622525,28.304432664864237,21.344146229763453
0.40397583245108987,28.304837032541798,21.34337033526009
0.3766428249985719,28.307673778055346,21.345695096365944
0.349895987287657,28.30888998788936,21.347243970299814
0.32820680630120885,28.30848560417155,21.34917934104476
0.3121115427026135,28.31131938740714,21.349568758933344
0.30144596706655297,28.312131242498594,21.35227712926934
0.2967017381127527,28.31294310404411,21.353828962395596
0.2976242834551689,28.31456378281041,21.35615086989344
0.3040108460743479,28.316184487302564,21.35769979341967
0.3151197584123555,28.316184487302564,21.358086293443307
0.3279170057382858,28.317805217525347,21.359248724307577
0.3412773821333039,28.321046755181044,21.359248724307577
0.35173162285702186,28.320642323311176,21.3600246565382
0.35967026402046925,28.321855623729732,21.3600246565382
0.3636146984750989,28.32266756262328,21.359248724307577
0.3645711941894641,28.323072002520803,21.35769979341967
0.36221877504827665,28.32428839581462,21.356537368080524
0.3580403230480335,28.327934598641548,21.355377874893634
0.3538671219590885,28.325909254759665,21.354215457831344
0.35079651215739116,28.325909254759665,21.35305304491027
0.350227000303965,28.33077198616354,21.35266655085104
0.35413833949405843,28.329151049929465,21.35034174017727
0.36362506248353976,28.328746585926126,21.35034174017727
0.3779511068495651,28.329558579676757,21.34917934104476
0.39800358735880736,28.329558579676757,21.34917934104476
0.42540157328404715,28.33077198616354,21.34917934104476
0.45392416999564444,28.329558579676757,21.348019873988164
0.4851150392527648,28.329558579676757,21.34763045794466
0.516671386789233,28.329963046901128,21.34763045794466
0.5481926358334199,28.331988471305067,21.346468068452225
0.5740126253384785,28.331988471305067,21.34608158218083
0.5966616315042623,28.331583996045083,21.346468068452225
0.6156431734588628,28.33280049087665,21.345695096365944
0.6324483613134868,28.331583996045083,21.34608158218083
0.6433237443513938,28.331583996045083,21.345695096365944
0.6517505149448088,28.331988471305067,21.345695096365944
0.6591707605851373,28.329963046901128,21.345308611007567
0.6645272213880419,28.33239294816991,21.345308611007567
0.6687528835659469,28.329963046901128,21.345695096365944
0.6730404795886992,28.330367515730018,21.345695096365944
0.6774623237514912,28.33117952238996,21.345308611007567
0.6808940874830683,28.33239294816991,21.343759746233843
0.6828731484644488,28.330367515730018,21.342983852646228
0.6822912341501683,28.331583996045083,21.34259737048842
0.6779688723350088,28.33077198616354,21.341048518536923
0.6688435947809691,28.33077198616354,21.34027263137
0.6552944254773471,28.331988471305067,21.339110267993703
0.6357002742425719,28.33077198616354,21.33756143251628
0.6138215525871549,28.33280049087665,21.336399078746695
0.5885116243577904,28.33280049087665,21.334463783490207
0.5570631156579798,28.33239294816991,21.333690839706264
0.5274766187664319,28.333204970963664,21.333301440685716
0.5005050447880977,28.33280049087665,21.332139101992766
0.4756703596783333,28.33563801384014,21.330979695199403
0.4545275317698856,28.334017000226652,21.32904150408126
0.4411959321447823,28.335230459786942,21.32904150408126
0.4345356030435719,28.33766355102364,21.32826857304326
0.4349311474210586,28.337259053239848,21.3263303978909
0.4419049672424202,28.33888011843044,21.326719788659886
0.45453859172022076,28.33928462265044,21.32517101156003
0.47265226456585363,28.339689128476607,21.32478162262163
0.49468636605767446,28.34050120941646,21.324008701580624
0.5193799045308212,28.342526843298515,21.324008701580624
0.5419558189366314,28.344147992329056,21.322070551484614
0.5652812608245321,28.34496010882441,21.322459937220913
0.5830209707088841,28.345769167170204,21.322846395699514
0.5986727251211896,28.345769167170204,21.32323285463093
0.612640938956734,28.35022829729712,21.32517101156003
0.622001200873177,28.35022829729712,21.325943935327246
0.6283434145232766,28.351849568981322,21.327492716061556
0.6315871763452282,28.35266174692765,21.32981736471413
0.6325755430814076,28.355499823418256,21.332528499636055
0.6317532164704616,28.356308965562164,21.33523965692075
0.6299714693822771,28.35712117911197,21.33678848144018
0.6276175922480426,28.36036396804701,21.337950836589016
0.6253967130155181,28.361176213985516,21.339886152409747
0.6231751157725287,28.360768557665665,21.34143499886767
0.6213516649104884,28.3648237380188,21.34143499886767
0.6197454040877582,28.36604063019786,21.342207960896644
0.6184852077915777,28.365636019594376,21.341821479654186
0.6174988929965304,28.36887908018008,21.341821479654186
0.61686430848737,28.369283703697704,21.34143499886767
0.6165741638595299,28.371309910857406,21.34065911078585
0.6166975996108027,28.37293151877617,21.339499673905095
0.6174770872607749,28.374148508077894,21.339499673905095
0.6192995742786053,28.37536551196473,21.339499673905095
0.6224345532942561,28.376987184649124,21.338723790403435
0.6274440741434736,28.377799563501583,21.339110267993703
0.6344587619181289,28.38104301254799,21.33833731326854
0.6443443028902809,28.38144768454123,21.337950836589016
0.6562069470281588,28.384286565259174,21.337174956750687
0.67090648115344,28.38631307189985,21.33833731326854
0.6835352745028358,28.386720830776028,21.337950836589016
0.6973580681229354,28.38915208877853,21.33756143251628
0.7089184284335986,28.39199118513966,21.33756143251628
0.717463424017752,28.394425635613914,21.337174956750687
0.7226051517888749,28.397264879675845,21.33678848144018
0.722072986302546,28.397669616408734,21.33756143251628
0.7158857400049722,28.40172320529507,21.336012604349776
0.703973318577322,28.40172320529507,21.336012604349776
0.6867042491271986,28.403753126945276,21.336399078746695
0.6642534152469906,28.406997406448966,21.334850256064215
0.6365496973886066,28.406592632442255,21.334463783490207
0.6059379861596198,28.41105443532939,21.332528499636055
0.5764821258047369,28.41429894884982,21.332528499636055
0.5458121807009554,28.416326055943955,21.332914969933654
0.5192934865129721,28.418356270479535,21.332139101992766
0.4980339579324409,28.41997863132849,21.33020383182526
0.4826449950742572,28.42160101820525,21.330590299390394
0.4726692646061271,28.424033113836458,21.330979695199403
0.46959440899323046,28.426468335048753,21.329430898057012
0.47289699238708455,28.427685967658363,21.329430898057012
0.481919304952014,28.430931014882276,21.33020383182526
0.49708211363287313,28.432958455511937,21.32981736471413
0.5142084669090745,28.436203672115255,21.329430898057012
0.5322101539353883,28.43701652625424,21.32904150408126
0.5507083098068162,28.44188458592629,21.32904150408126
0.5667114074028038,28.444320237614704,21.33020383182526
0.5796974478270488,28.447565819520833,21.330979695199403
0.5883942818757283,28.447565819520833,21.330979695199403
0.5910013286289684,28.451624477674898,21.33175263260739
0.5885788377624409,28.452839345893153,21.33175263260739
0.5815973700193626,28.456493242320732,21.332914969933654
0.5692044699148202,28.4593342306527,21.333690839706264
0.5543689832525467,28.461362242160078,21.332528499636055
0.5372903434280986,28.465421455904107,21.332528499636055
0.5208540082956153,28.469072740307354,21.332528499636055
0.5095672736319108,28.471104016346885,21.332139101992766
0.5048049342559866,28.473942348349965,21.33175263260739
0.5050868538200599,28.47759701048318,21.332528499636055
0.5109138000550338,28.478815260696194,21.333301440685716
0.5222306756046154,28.481248736653754,21.333301440685716
0.5386958497139827,28.485308752587116,21.33523965692075
0.5592024487492862,28.486932191086737,21.334850256064215
0.5800316894122857,28.490992436574174,21.335626130407775
0.6012999057726135,28.491397549432804,21.336012604349776
0.6201067867831983,28.493021086294277,21.335626130407775
0.6335166460557107,28.496268238734558,21.336399078746695
0.6418992611032722,28.49870520659408,21.337174956750687
0.6431319026352653,28.50235769990877,21.33678848144018
0.6368440033885172,28.503981413976987,21.336012604349776
0.6232014033847244,28.506418569086463,21.335626130407775
0.6035713190080279,28.510479602614225,21.334463783490207
0.5793159683124129,28.510479602614225,21.334850256064215
0.5545769887556167,28.515351218027092,21.333690839706264
0.5303510152193573,28.517380360180027,21.33175263260739
0.5068651140684133,28.516569926315583,21.33136616367625
0.4892953872785491,28.51941261330751,21.330590299390394
0.4775622096875943,28.52225231094127,21.32904150408126
0.4718524558437529,28.52712756873393,21.329430898057012
0.4743512224281374,28.52753282754435,21.32904150408126
0.48286723169949436,28.529970555292948,21.32788210820496
0.49760284628984125,28.534843118478477,21.32826857304326
0.5181041327673712,28.534029472969962,21.32826857304326
0.5392627645308313,28.537277953797627,21.32788210820496
0.5598249736989164,28.539310610748828,21.3263303978909
0.5785841284985664,28.542153943385188,21.32478162262163
0.5926046780231485,28.543369907284728,21.32517101156003
0.6015162657061207,28.546213355324426,21.322846395699514
0.6034884276440922,28.54905688422923,21.322459937220913
0.5959621925451708,28.551495136495646,21.321297636798192
0.5799637627842047,28.554744184734716,21.319748885166746
0.5594716316872177,28.557182575781553,21.31858659429173
0.5306301973470539,28.55758795638559,21.317037855376498
0.5014101984457632,28.56043180900207,21.31626202481175
0.4719294461019006,28.562867267681554,21.315102673852323
0.4433963025800077,28.56652517412283,21.313940399319563
0.41819536796267975,28.564900445143735,21.313164576022757
0.39761636127529343,28.56896078147463,21.31161586250414
0.38132188681016566,28.572618911279562,21.31084297226772
0.3695282318909352,28.57383831769124,21.309680712694615
0.36227592092595967,28.574243765946676,21.309294269608984
0.3605428819883648,28.57708809323185,21.30813201546931
0.3635839232395728,28.58074344937677,21.306583325480688
0.37078209194777145,28.582776991240735,21.30542108084512
0.3806764544640062,28.581557475505463,21.304645277498253
0.391548953229018,28.58521299555963,21.30309660378805
0.40364618746212283,28.586838055515727,21.300385710295757
0.4162703892283596,28.590496841406946,21.300385710295757
0.4283772369131938,28.592121987568135,21.299612846224704
0.440840398643845,28.594558220437023,21.297288409808345
0.4520084894238783,28.5965920443532,21.297288409808345
0.4623601780328108,28.598217290012485,21.29573977038052
0.47194491828391094,28.599842562212473,21.29496691710449
0.4807680616439181,28.60024811631348,21.29457756367151
0.4892295398763703,28.60309318625292,21.294191138158112
0.4972005707484318,28.605938337560076,21.293804713093152
0.5061253479436023,28.605938337560076,21.29341828847646
0.5132326460383226,28.610003419580607,21.29341828847646
0.5197275696693718,28.61122021114346,21.293804713093152
0.5243369094587356,28.611628884378035,21.293804713093152
0.5270436807059405,28.61244009036244,21.29341828847646
0.5276238002412768,28.6136599845525,21.292642513137196
0.525696023215336,28.617725382360277,21.293804713093152
0.5211412629511027,28.618131009407932,21.292256089868545
0.5135106820731279,28.617316684055368,21.292642513137196
0.5025140859339747,28.620570952502135,21.29109389531385
0.489638155436117,28.62138223149276,21.29109389531385
0.4743586003470325,28.62422790640329,21.28954528468421
0.45814073874485345,28.625042288421355,21.28915886500539
0.4427498237674693,28.627073662868497,21.287610263359
0.42813536665289564,28.627884994989927,21.28722091851779
0.4158337894518629,28.627073662868497,21.285672325862095
0.4062504611166436,28.62747932810032,21.284899495918296
0.39939331481046403,28.631545291668942,21.284899495918296
0.39730676111584984,28.631139609818376,21.283350914024368
0.3990172704805353,28.63317110906121,21.282575162086744
0.40426435776274894,28.631950975178086,21.283737326981964
0.4123029728378883,28.635611421843805,21.282188750472358
0.42255772190175617,28.63601712197982,21.281799411948896
0.4334077885157823,28.638048721106145,21.282188750472358
0.44408562318359923,28.638454431211755,21.2810265909593
0.45432141015626365,28.638048721106145,21.280640181134004
0.462440044542999,28.641300595739835,21.280250844412933
0.4677446407857768,28.63967464509284,21.27986443548349
0.46870798806022645,28.64048915389884,21.27947802700021
0.4659223738531892,28.64252084464721,21.27909161896298
0.4599876133061531,28.64414684197368,21.278702284043277
0.4500871580121438,28.644552577033608,21.278702284043277
0.4377121511033176,28.64496138752378,21.278702284043277
0.4216905020861494,28.645772865973413,21.27947802700021
0.40554895262217666,28.644552577033608,21.278315876901445
0.3891668536035606,28.645367125918085,21.278315876901445
0.3746711458564751,28.64821348893082,21.278315876901445
0.36198172510750415,28.64699316993847,21.277929470205493
0.3498934140399061,28.64821348893082,21.277543063955363
0.3397176154814949,28.64821348893082,21.277153730836062
0.33071814789935167,28.650245338028412,21.277153730836062
0.32398675035143165,28.651059933710542,21.275991588802412
0.3177503997473545,28.651059933710542,21.275991588802412
0.31277429555035985,28.650245338028412,21.27483237809355
0.3075858758093513,28.65187146210735,21.27367024410836
0.3027156372632066,28.653091841190644,21.272894514596203
0.29767138697662826,28.653497612881893,21.272508114149957
0.2924278846524226,28.65431223531118,21.27057319133496
0.28686550133523947,28.652686071161895,21.27173238732479
0.2831109239753719,28.655123790356697,21.269411072099842
0.2800950668492578,28.653497612881893,21.268635352430067
0.2790522144933661,28.651465697077867,21.269411072099842
0.28043830893211874,28.653091841190644,21.268635352430067
0.2856796282968158,28.65228030279542,21.267086845690244
0.29521853850091506,28.653497612881893,21.266314058605758
0.3070489625422979,28.655123790356697,21.267476167129246
0.3239981119380737,28.65228030279542,21.265924738512467
0.342510366491849,28.654718012002604,21.266700451926
0.3614452477218778,28.655938426163175,21.265924738512467
0.38208575995859456,28.653091841190644,21.266314058605758
0.4027882041489848,28.65431223531118,21.265538346083588
0.4199962508359141,28.654718012002604,21.265538346083588
0.4345402314605944,28.652686071161895,21.265924738512467
0.4462339563596595,28.65228030279542,21.265924738512467
0.45520018798572204,28.65187146210735,21.265924738512467
0.4616524370331336,28.65228030279542,21.265538346083588
0.46493388167920846,28.6498395796595,21.265924738512467
0.4670757781866283,28.651059933710542,21.2651519540986
0.4690240473908515,28.649024994011484,21.265538346083588
0.47182766043624497,28.64739891665107,21.2651519540986
0.47708342547447863,28.646181681497012,21.2651519540986
0.48554194862739597,28.64739891665107,21.26437624425654
0.4990528460952022,28.64496138752378,21.26437624425654
0.5160731786233003,28.643335376836035,21.2651519540986
0.5384425741192334,28.64374110857449,21.2651519540986
0.5621630111064769,28.64252084464721,21.265538346083588
0.5898207716893866,28.642115117903018,21.265924738512467
0.6177452688368928,28.64048915389884,21.265538346083588
0.6451237045789742,28.639268929995183,21.265538346083588
0.669299693689585,28.63886321655741,21.265538346083588
0.6879945137910719,28.63682852722991,21.2647655625575
0.699307705645414,28.63682852722991,21.2647655625575
0.7030115775495109,28.634796953095076,21.263989853606176
0.6989580995352868,28.634796953095076,21.263989853606176
0.6857639550465229,28.63317110906121,21.263217073636497
0.6640991414114374,28.633576799217735,21.263603463399534
0.637009340080061,28.630730856297703,21.263217073636497
0.6069540000310025,28.631139609818376,21.262827757126843
0.5722621280803498,28.628293736790226,21.262054979824825
0.5398465309798754,28.629510752418128,21.261665664658835
0.5115556803931968,28.62747932810032,21.26127927711957
0.48661080996372225,28.628293736790226,21.26050650337055
0.46886762940236515,28.626667999294398,21.26050650337055
0.4589424063794846,28.62747932810032,21.25934441891036
0.4598137145906017,28.625853603941607,21.25934441891036
0.46956750224048815,28.62422790640329,21.257795954910875
0.48963704204085085,28.625447945352732,21.2570202620077
0.5143207006053918,28.62422790640329,21.25624749802114
0.5463039375448279,28.62300788244403,21.255085428236498
0.582064299287555,28.623413531064386,21.25430974156393
0.6175069038446845,28.62422790640329,21.253150605555163
0.6500671151242525,28.62382225445623,21.25276130066686
0.6773391548418235,28.622602235480713,21.250826491296664
0.6982070689612245,28.62300788244403,21.25121286686675
0.7118120680223912,28.62219659017427,21.25005081440196
0.716755521103176,28.62300788244403,21.248891692999678
0.7111160218500746,28.62422790640329,21.247729648509676
0.6956517853655966,28.622602235480713,21.246953978715624
0.6744456412921177,28.62382225445623,21.245791940878064
0.648008742644371,28.623413531064386,21.24463283406004
0.6139663865455582,28.62382225445623,21.243470804185222
0.5839716245037436,28.623413531064386,21.243470804185222
0.5545565584005699,28.62382225445623,21.242695144143454
0.5256977144628677,28.62422790640329,21.242308778294273
0.5020360220776007,28.625042288421355,21.243857171358854
0.4844229968558652,28.624633560007567,21.243470804185222
0.470339270888108,28.62747932810032,21.245019202558694
0.4589710151927453,28.625853603941607,21.246567608009684
0.44798445907334333,28.627073662868497,21.248502393015656
0.43678789471608576,28.629105078884095,21.250826491296664
0.4253655188977551,28.627884994989927,21.253536983782737
0.41167797217970914,28.628293736790226,21.255471808678067
0.3955572710280397,28.630730856297703,21.257795954910875
0.37703153168354875,28.631545291668942,21.25934441891036
0.3565333124721126,28.631545291668942,21.26127927711957
0.33352501056269124,28.632356660345806,21.26127927711957
0.3095058535392932,28.63317110906121,21.263603463399534
0.28332977409824844,28.635202649900123,21.2647655625575
0.25594394942392595,28.635611421843805,21.266700451926
0.2323645742746979,28.638048721106145,21.267476167129246
0.212756010314485,28.638048721106145,21.269411072099842
0.19904823760508034,28.640080361850437,21.270959589553456
0.19054011525974282,28.640894873989282,21.27212171414874
0.18775589679165094,28.64048915389884,21.27367024410836
0.1911479617098396,28.641709392819223,21.275605184787366
0.19973924215226768,28.642115117903018,21.277929470205493
0.21429504928980764,28.643335376836035,21.277929470205493
0.23042402878242463,28.646587424887116,21.27947802700021
0.24983360197597335,28.645772865973413,21.27909161896298
0.27045305404404824,28.646587424887116,21.28141300123093
0.29019656576554204,28.64821348893082,21.2810265909593
0.30838561831067884,28.6498395796595,21.282961574147635
0.3265005547001987,28.6498395796595,21.282188750472358
0.33921292829919963,28.648619240640357,21.28412374038635
0.3503945355608928,28.651059933710542,21.283737326981964
0.3575919333102407,28.651059933710542,21.285672325862095
0.36133977958919483,28.651059933710542,21.285285910666687
0.3622685349021504,28.65187146210735,21.286448084990354
0.3609745110483841,28.65228030279542,21.28722091851779
0.3577179110867634,28.651465697077867,21.28915886500539
0.35406433612588517,28.650245338028412,21.28954528468421
0.3487516868786419,28.652686071161895,21.290707473840655
0.34271060428539646,28.651465697077867,21.291480317235028
0.3364934570670113,28.651465697077867,21.292642513137196
0.33027012001154843,28.651465697077867,21.293028936854
0.32345188201688424,28.648619240640357,21.292256089868545
0.3168306525677609,28.649024994011484,21.293028936854
0.3088748382807649,28.649024994011484,21.292642513137196
0.3013744169685613,28.648619240640357,21.29341828847646
0.29396037665549585,28.646587424887116,21.293028936854
0.28660136639454425,28.64821348893082,21.293028936854
0.27929145172567404,28.64699316993847,21.29341828847646
0.27200685544995196,28.645772865973413,21.293804713093152
0.2665828934695614,28.644552577033608,21.294191138158112
0.26277007661863727,28.641709392819223,21.29496691710449
0.2613773163949543,28.64252084464721,21.294191138158112
0.2620452915327746,28.642115117903018,21.296515552935887
0.2650650953907756,28.641300595739835,21.297288409808345
0.26992943582797224,28.640894873989282,21.29883705644545
0.2769689746667076,28.63886321655741,21.299226414863085
0.28600206280684615,28.635611421843805,21.30077507052755
0.2955346360942084,28.634796953095076,21.30116150368991
0.3040564317024841,28.635611421843805,21.299999278035614
0.311098369285939,28.633576799217735,21.30193437136319
0.315646501317747,28.632356660345806,21.30193437136319
0.3171142236098079,28.628293736790226,21.30193437136319
0.3151413145371387,28.629105078884095,21.299999278035614
0.30901623008226775,28.629105078884095,21.299612846224704
0.29886796613473826,28.626667999294398,21.299612846224704
0.28564733925169994,28.622602235480713,21.299612846224704
0.2697250917871922,28.623413531064386,21.299612846224704
0.2535857589350349,28.623413531064386,21.298450625985538
0.23639034191548106,28.61975660714893,21.29806419597469
0.2201817949138095,28.620570952502135,21.297677766412846
0.20675996061742538,28.616911060332257,21.296515552935887
0.1959995119417812,28.613254375754764,21.2969019811477
0.19028595694820852,28.61203448654271,21.2969019811477
0.1902183786080654,28.610814612301056,21.297288409808345
0.19556184668875892,28.610814612301056,21.2969019811477
0.2051145918629877,28.60715815197773,21.297288409808345
0.21983789375735596,28.605532760261838,21.298450625985538
0.23746642123763498,28.60309318625292,21.29883705644545
0.2588299335260884,28.599842562212473,21.29883705644545
0.2787117994547845,28.598217290012485,21.29883705644545
0.29849702314819315,28.59780867187675,21.299226414863085
0.3153888767892947,28.596183432889518,21.29883705644545
0.32896916667986137,28.593341632637703,21.298450625985538
0.337836697352401,28.58968274224111,21.29883705644545
0.34302786762545584,28.588871721764065,21.297677766412846
0.34363559673608784,28.586432556031696,21.2969019811477
0.34006341455106265,28.584807502689273,21.297288409808345
0.3337990135577976,28.581962955151994,21.29612619769148
0.3241631030938463,28.57993250165481,21.2969019811477
0.31388149734041476,28.576679561753394,21.29496691710449
0.3025306764159001,28.574243765946676,21.29573977038052
0.2908789891977448,28.5718049581169,21.295353343518173
0.2801833711685102,28.569369281340983,21.29457756367151
0.27022283614741077,28.56652517412283,21.293804713093152
0.2608495430952316,28.563681147949183,21.29186673960413
0.2526278333478055,28.560837202794914,21.292642513137196
0.24505647392411684,28.55758795638559,21.290707473840655
0.2371097665069115,28.554744184734716,21.290707473840655
0.22767109493366763,28.554338815670178,21.28954528468421
0.2174706862526318,28.551495136495646,21.28876951835747
0.20612803569052374,28.547027099936088,21.28722091851779
0.19293586659307602,28.544588956640382,21.285672325862095
0.1771197476372417,28.542153943385188,21.285672325862095
0.16152232816735906,28.538902233756573,21.283737326981964
0.14593495538404644,28.5368726555364,21.282575162086744
0.13025154213739198,28.533218904398268,21.281799411948896
0.11661399411671564,28.532405272091808,21.28141300123093
0.10663323027094046,28.528343350084867,21.27909161896298
0.10109541903402058,28.52347110314753,21.278315876901445
0.10279941783350521,28.521847073491756,21.276380920571228
0.1101351155983814,28.520223070156476,21.275991588802412
0.1228946528776903,28.51819387045913,21.27444304812343
0.14154277047079034,28.512913845888477,21.272894514596203
0.166894093710871,28.509666154916545,21.272508114149957
0.19673587743470478,28.506418569086463,21.270959589553456
0.22415038459871417,28.503981413976987,21.269797468981096
0.2511266366010264,28.50154738740065,21.269411072099842
0.27453356655939953,28.499923712702582,21.26786256178525
0.2928250143265312,28.495863106233628,21.267086845690244
0.3054266450600011,28.491802663924773,21.266314058605758
0.3122190216749049,28.489368932490777,21.267086845690244
0.31049141781536505,28.48733728757861,21.2651519540986
0.30146922249451225,28.483280258526293,21.26437624425654
0.2859113573698265,28.479625389912428,21.266314058605758
0.26528382978070864,28.475160554312026,21.2647655625575
0.24199975087575393,28.472319119492568,21.265538346083588
0.21849176561447303,28.468667717357278,21.263989853606176
0.19540325306133519,28.465421455904107,21.263989853606176
0.17512965118038656,28.46055225989977,21.2651519540986
0.16057549433609825,28.45730319195593,21.263603463399534
0.1528362276963593,28.454057296654184,21.263989853606176
0.15401812009080074,28.450001608369803,21.263217073636497
0.16244249543503003,28.44837569744692,21.262827757126843
0.17783411043051597,28.442289501276548,21.262441368254088
0.20009467073817316,28.43904408906036,21.26127927711957
0.22647334692930776,28.436203672115255,21.262054979824825
0.25547423949861725,28.431740759360764,21.260892890023456
0.2839864747751447,28.42890361493943,21.26050650337055
0.30862261976358163,28.424033113836458,21.26011718999422
0.32799831238657473,28.422005852259076,21.25934441891036
0.34112663345891997,28.417543566416327,21.26050650337055
0.34767348210102283,28.41267667908619,21.2589580340329
0.3460951768392647,28.410241789915005,21.26011718999422
0.3348965713320499,28.404157889601606,21.25856872244509
0.3156978987270953,28.40050895136659,21.26011718999422
0.29231458439054675,28.397669616408734,21.257795954910875
0.26477615091092604,28.39563981664469,21.258182338456606
0.23635427190781325,28.38915208877853,21.256633879793185
0.20687445609985433,28.38388188194392,21.25624749802114
0.18031701613990767,28.38144768454123,21.25469904823717
0.15870606005854293,28.377391840472455,21.255085428236498
0.14439397655849684,28.373743865180302,21.25469904823717
0.13577981105959658,28.369688328826896,21.253536983782737
0.13301238966171797,28.363202259495154,21.253150605555163
0.13601547587881962,28.361176213985516,21.25121286686675
0.14376087367879875,28.357930334154673,21.250826491296664
0.1547473006107039,28.354687622814993,21.250826491296664
0.16674820982589014,28.35022829729712,21.25005081440196
0.17875268043824905,28.348607051440865,21.24966444015979
0.190124306884763,28.344555582062355,21.248891692999678
0.20011717638653928,28.34009670036545,21.248891692999678
0.20646382222436843,28.336446998143117,21.246953978715624
0.20899782261528513,28.33239294816991,21.246953978715624
0.20767665166013918,28.326313707509996,21.246567608009684
0.20256168750275622,28.324692842137893,21.245405571497997
0.19357434352537975,28.319830400532624,21.245019202558694
0.18274529451805194,28.31820963815227,21.243857171358854
0.1710512938673064,28.31294310404411,21.243084437452012
0.1595547577234942,28.309294373207933,21.242308778294273
0.1494112312792586,28.303216508082357,21.2415331209109
0.140757038394904,28.29997553623923,21.241146756385604
0.1345377496159078,28.295114271094747,21.239984738457565
0.13247450232133928,28.29106186180411,21.24037402865514
0.13481300075223906,28.28538937096465,21.239598375695493
0.14120428614473557,28.28376915456994,21.23921201337322
0.14990096106105028,28.277692805743527,21.238825651490743
0.16027439556862044,28.271212580846054,21.238436363069013
0.1732437625125668,28.26716111718565,21.238825651490743
0.1866916569418035,28.263109813586823,21.238436363069013
0.1990597822123238,28.258250297650306,21.2380500020692
0.21186647253255175,28.256226332743836,21.2380500020692
0.22352109211221988,28.250959924223764,21.238436363069013
0.23495173980896175,28.244077257855963,21.23766364150896
0.24664810731365183,28.241242272229613,21.2380500020692
0.256952247385662,28.236383790768343,21.238825651490743
0.26647089970504445,28.233549017269127,21.2380500020692
0.27476852694781,28.227475640247746,21.23727728138823
0.28141490828713556,28.223425901017663,21.2380500020692
0.28598061065504854,28.21897229008215,21.238436363069013
0.2885726706254076,28.21573397775785,21.238825651490743
0.28856396479304025,28.209257658398258,21.238825651490743
0.28493948012443904,28.204397625458967,21.238436363069013
0.2783437230190571,28.202778685490557,21.23921201337322
0.2687659536846587,28.19711412574304,21.23766364150896
0.2534571659198574,28.19346950856351,21.238825651490743
0.2349981569493069,28.186994586602623,21.23921201337322
0.2128044737790107,28.184161170913967,21.239984738457565
0.1912966913169416,28.17970925459423,21.24076039230033
0.16464317143359397,28.174446755409406,21.2415331209109
0.1381593913176603,28.170805996985393,21.242308778294273
0.11297090147340783,28.16554700994135,21.243084437452012
0.09007904657319649,28.161499699237197,21.24463283406004
0.07096391665211854,28.157856337140572,21.245405571497997
0.051169555451018145,28.150979878558076,21.245791940878064
0.038010713438508426,28.14895801734707,21.247729648509676
0.02886055686903516,28.145315096137494,21.247729648509676
0.02149546324760976,28.138032695972356,21.2473432769184
0.01594971672567963,28.136414794052087,21.247729648509676
0.011941246791075999,28.13196492922293,21.246953978715624
0.008243860198551334,28.12711158272782,21.246567608009684
0.0028890743038028632,28.121851753067574,21.246567608009684
0.0,28.116191617437266,21.245791940878064
0.0,28.11214623116308,21.245405571497997
0.0,28.108911258436706,21.245019202558694
0.0,28.104462570762564,21.24463283406004
0.0,28.10041764037942,21.243084437452012
0.0,28.09556576558981,21.243084437452012
0.0,28.09071411671829,21.242695144143454
0.0,28.08707323554262,21.241146756385604
0.0,28.079391423842594,21.24037402865514
0.0,28.075350522683607,21.23921201337322
0.0,28.070093305977935,21.238436363069013
0.0,28.06564627402969,21.23727728138823
0.0,28.061199431338366,21.23688799474138
0.0,28.055945982590174,21.235725991388165
0.008099025720024411,28.050286366833518,21.235725991388165
0.021049848047334896,28.04503041036554,21.235339633470744
0.03125529800240778,28.04058444390381,21.23340492353435
0.033958935361064146,28.032099435778377,21.233018568254295
0.029459772732422007,28.028057305823097,21.232242932084887
0.01844509843871972,28.02239919663873,21.232629286484098
0.0018986060756182588,28.017550940874287,21.232242932084887
0.0,28.01149017236827,21.231856578124393
0.0,28.005429753595365,21.232242932084887
0.0,27.99896650661475,21.232242932084887
0.0,27.994116277861394,21.232242932084887
0.0,27.986441278279017,21.232629286484098
0.0,27.981997791764798,21.234177635411072
0.0,27.97715139856774,21.23340492353435
0.0,27.97149602809418,21.234177635411072
0.0,27.96665011775741,21.235725991388165
0.0,27.961401396108613,21.23688799474138
0.0,27.958574095203858,21.23766364150896
0.02833540027503917,27.952516720526717,21.238436363069013
0.06239162098628598,27.948477646113247,21.238436363069013
0.09121490429470386,27.943632792280198,21.238825651490743
0.11971258226164394,27.93878816049238,21.23921201337322
0.1436685061634676,27.934346679850762,21.2380500020692
0.16007188518840526,27.929499420980335,21.23727728138823
0.1723961395067984,27.924252543960392,21.23727728138823
0.180034395693191,27.919811673174138,21.23688799474138
0.18299455261184988,27.914159370106404,21.236115276703686
0.182998306910497,27.908913252660284,21.23650163550286
0.18131266187735273,27.9048758416003,21.235725991388165
0.17881296960815388,27.900838584170458,21.235339633470744
0.17627975879664112,27.89599590878362,21.235339633470744
0.1740079233498851,27.892767581219346,21.23456691895342
0.17262036610461867,27.888730784136726,21.23456691895342
0.17156383221400298,27.884697191470593,21.234953275992552
0.17015023000927965,27.882274668534478,21.235725991388165
0.1665863032101239,27.875818944908133,21.23650163550286
0.16153002010278605,27.872993926321442,21.23727728138823
0.1526924097423099,27.868555198695503,21.238436363069013
0.13726650798479434,27.862905621971834,21.238436363069013
0.11836408420987865,27.85967829847175,21.238825651490743
0.0942831455093242,27.85604538867352,21.239984738457565
0.06689259430206879,27.85362656777278,21.24076039230033
0.031313797871286464,27.848786040525567,21.239984738457565
0.0,27.843942683011164,21.2415331209109
0.0,27.841926715486977,21.241146756385604
0.0,27.836278549313988,21.2415331209109
0.0,27.83305203121256,21.242695144143454
0.0,27.829825610550188,21.243470804185222
0.0,27.822967503026234,21.244243538972967
0.0,27.82135443269766,21.24618123774468
0.0,27.8173233878685,21.248116020542113
0.0,27.81207898801307,21.25005081440196
0.0,27.806029952824986,21.252374923326443
0.02597350074415533,27.80562750897633,21.253923362452326
0.07210124040413807,27.801191580357624,21.25469904823717
0.11352159530501144,27.794737708326636,21.25624749802114
0.14464220393220906,27.790707664994443,21.25740957180784
0.16805499715520555,27.785869983873738,21.2597308042308
0.1798841749538859,27.781029472683997,21.26127927711957
0.18113018497550565,27.77417753517352,21.26437624425654
0.1716793400480692,27.772565198804614,21.2651519540986
0.1545256062487363,27.767725287082612,21.268248956885486
0.1306687544983311,27.762084078038527,21.270959589553456
0.10425838197838211,27.758052212012444,21.27367024410836
0.07996940323034601,27.753618248037753,21.275218781217745
0.05713073213804659,27.75039421570216,21.277543063955363
0.03799067379280352,27.74354118209726,21.27986443548349
0.028483812565624045,27.739513057133536,21.280640181134004
0.02630483246807991,27.738705622053885,21.282188750472358
0.032140077385523824,27.73427245415047,21.283350914024368
0.044272061600686974,27.729437309663865,21.284510154237523
0.0610550233013909,27.726616147112736,21.284510154237523
0.08158855508857477,27.722183475827705,21.286058741504462
0.10102382849636915,27.718153101713767,21.286058741504462
0.12006600101427001,27.714930129170284,21.28876951835747
0.13536579439485225,27.71090307170732,21.290707473840655
0.14276079537053715,27.7064710449298,21.29341828847646
0.14429286916410622,27.703245374680648,21.29457756367151
0.1392838105746031,27.69800957641496,21.29573977038052
0.12891653609070441,27.697202451452767,21.29806419597469
0.11393178545131322,27.692770985748837,21.29883705644545
0.0933240793284622,27.689146760264805,21.29883705644545
0.06994082380550376,27.686326648505315,21.29806419597469
0.04732663002697607,27.680284669015634,21.29806419597469
0.02282715481395825,27.678271765736497,21.296515552935887
0.0028634153649341187,27.672632181189044,21.295353343518173
0.0,27.667799789789,21.29457756367151
0.0,27.665382152319467,21.293804713093152
0.0,27.66095198654085,21.292256089868545
0.0,27.655313301399815,21.291480317235028
0.0,27.65048168023816,21.289931704810726
0.0,27.646453971064375,21.28954528468421
0.0,27.642024576424035,21.29109389531385
0.0,27.634779632079926,21.291480317235028
0.0,27.631556091169728,21.29341828847646
0.0,27.627933906852093,21.294191138158112
0.0015016121769227397,27.621895171332426,21.2969019811477
0.01932100765045558,27.616258508212695,21.29612619769148
0.03697844633489106,27.611428618678246,21.2969019811477
0.0547026336192043,27.607000646813674,21.296515552935887
0.06980034599010204,27.604182663344034,21.29612619769148
0.08304069649040757,27.595732191787476,21.29496691710449
0.09321295335678853,27.593717807755695,21.293804713093152
0.09960322107838293,27.588082598100243,21.293804713093152
0.10159232478505681,27.58204606472873,21.292256089868545
0.09865808904909229,27.57761928225193,21.291480317235028
0.09168116824480771,27.57279109870359,21.29109389531385
0.08136295322059428,27.566353851435053,21.28954528468421
0.0669913808267183,27.56514614912578,21.28799668124435
0.05229194455264624,27.559512408726107,21.286448084990354
0.03767979691513512,27.55629412742826,21.286058741504462
0.02446399641220609,27.552269887611203,21.284510154237523
0.014595824061263474,27.54704133365783,21.283737326981964
0.008254196279170345,27.543823417729357,21.283737326981964
0.006181406943082057,27.541408521902156,21.282575162086744
0.008420864684154261,27.535775998693452,21.282188750472358
0.014168532672517664,27.534167193776227,21.282961574147635
0.023306089437633015,27.529340920138168,21.281799411948896
0.03268056143538317,27.52531766658933,21.281799411948896
0.04140143950472297,27.522100385916588,21.2810265909593
0.04806108208815196,27.51848181765206,21.281799411948896
0.05061533701934229,27.515264736564347,21.280250844412933
0.04900388599251415,27.512850467052942,21.280250844412933
0.041585523826038195,27.508025127061444,21.27909161896298
0.03070767044977607,27.50520968276794,21.278702284043277
0.016861037333364248,27.4991776983274,21.277153730836062
0.0005366928011608652,27.498372039870674,21.277153730836062
0.0,27.49314604337451,21.276380920571228
0.0,27.487114717672682,21.275605184787366
0.0,27.484299806312663,21.274056645893324
0.0,27.480278194407788,21.27444304812343
0.0,27.474651830781966,21.274056645893324
0.0,27.470630569466778,21.27367024410836
0.0,27.466208262462544,21.272508114149957
0.010141343875309405,27.462588484811818,21.27173238732479
0.035385554199469926,27.46057957442747,21.27173238732479
0.061570465455050016,27.45294240015113,21.270959589553456
0.08641883337762984,27.44972722500944,21.270959589553456
0.10794452596149479,27.443297154128913,21.269411072099842
0.12354551335920871,27.438070716769403,21.27057319133496
0.1318789989208402,27.4336497073445,21.270183866306922
0.1337768291206628,27.429228873746183,21.27212171414874
0.12870176535433536,27.42520925800892,21.269797468981096
0.1178874917389437,27.420788759854133,21.270959589553456
0.10316305290005051,27.4163684372553,21.27057319133496
0.0845974357018412,27.411146302840393,21.27057319133496
0.06848483730730115,27.404718461808557,21.27057319133496
0.05221073699898687,27.400699730600138,21.27057319133496
0.04378986099425353,27.395879266719533,21.271345988216694
0.04045188416807949,27.391860853908895,21.271345988216694
0.042585583372786395,27.385030187762936,21.270959589553456
0.04963495009453528,27.379809520030165,21.270183866306922
0.059827954218727,27.37418519915292,21.270183866306922
0.07204840500691961,27.368965037793828,21.270183866306922
0.08354729078770279,27.36414290617347,21.27057319133496
0.09265361374565628,27.35972786201819,21.271345988216694
0.09818602065086052,27.356111542172414,21.27212171414874
0.09809912596389564,27.34968686547171,21.27173238732479
0.09147834218305562,27.346070869585276,21.27328384276865
0.08011336659852064,27.338441531054286,21.275218781217745
0.066528179317426,27.33402446306968,21.275605184787366
0.04996831100875643,27.32760105085623,21.277153730836062
0.03665099390891258,27.324790164613603,21.2810265909593
0.026493662552061537,27.321578676515344,21.283350914024368
0.02175594406217579,27.312746039503224,21.285285910666687
0.024691201683021746,27.308730605941776,21.286448084990354
0.03443350219012148,27.30431470489583,21.28954528468421
0.05359561498455517,27.29789298864381,21.290318125384886
0.07732279725579366,27.292676372230687,21.28954528468421
0.10640569252845972,27.28866165376195,21.28954528468421
0.14498861159065835,27.284246538754132,21.288383099577175
0.1795433440023725,27.275817334786154,21.288383099577175
0.21532687128397454,27.270201248889748,21.28722091851779
0.24050759146205056,27.264982877830732,21.28683450153045
0.2601696164893674,27.26137263411823,21.285672325862095
0.27472333392557247,27.25454989141582,21.284510154237523
0.2808584404728019,27.249335275475005,21.28412374038635
0.2825100536111908,27.24572249734291,21.283350914024368
0.28068433804958015,27.240104871274525,21.281799411948896
0.2776849100739571,27.23408716158849,21.28141300123093
0.2750438017616803,27.230878251320803,21.282188750472358
0.2748494283467172,27.22486103085322,21.282575162086744
0.2781603370120125,27.220048090539763,21.284510154237523
0.286592777141966,27.213227832979157,21.28683450153045
0.29847388437368905,27.210419788916,21.290318125384886
0.3140164620255115,27.205207199737913,21.292256089868545
0.331887729992699,27.199591576740033,21.295353343518173
0.34936068518282276,27.193976230652424,21.297288409808345
0.3645257554660053,27.188764394088935,21.299612846224704
0.37776943818231634,27.18475335228493,21.30077507052755
0.3841201223041676,27.17994210726414,21.30193437136319
0.3844768192806486,27.17713488347124,21.303872403514674
0.37805982086831225,27.170720363349915,21.30503464272482
0.36574957861069596,27.164706320084747,21.306193958436268
0.3463472956225597,27.163102830742616,21.30890489938014
0.3260684263477071,27.156686067269447,21.312002308299043
0.3081350119806538,27.151075861885147,21.313164576022757
0.2912177969996962,27.146666087962558,21.31742430750728
0.2802482496132258,27.14145337835032,21.319362430315948
0.2750758006889693,27.139050156648807,21.322846395699514
0.2770231786778783,27.13504085858301,21.32439516187452
0.2854499381535779,27.13263474097363,21.3263303978909
0.29749300920795524,27.127022682971358,21.325557473216975
0.311201517900155,27.12541972112507,21.327492716061556
0.3240318812441854,27.120610969896006,21.326719788659886
0.33262815729395645,27.116202367361268,21.3263303978909
0.3345571048387749,27.114199614815163,21.325557473216975
0.32794957530232394,27.110994071434334,21.324008701580624
0.3112111509832879,27.108188536882608,21.32323285463093
0.28654498085533886,27.105383070785365,21.321684093915053
0.2540432185624487,27.100172235427237,21.322459937220913
0.217439486036761,27.098569648048397,21.321297636798192
0.18346134547742976,27.094964665361715,21.320521796225535
0.15076838138745274,27.092559386752953,21.320521796225535
0.12194598081066332,27.09055704577395,21.319748885166746
0.0979758607206978,27.09055704577395,21.318200140801196
0.08347423774784002,27.085346881356998,21.318973048234454
0.07346342682330709,27.083744500244677,21.318200140801196
0.07034586813784938,27.08574975194631,21.317813687762907
0.07418508424364395,27.080939629644718,21.317813687762907
0.08477501329526821,27.078537672659422,21.315875574040206
0.10082495978578415,27.074930287727454,21.315102673852323
0.1245523728783065,27.07373087993915,21.315489123720397
0.150625372686074,27.072928252901704,21.314326847829307
0.18002041721452633,27.07132604430052,21.315102673852323
0.2131150467941844,27.070523433985898,21.313940399319563
0.24930804231263023,27.06892125876226,21.313553951261213
0.2815784215742082,27.065317202931737,21.313940399319563
0.31289291412070225,27.064114866467094,21.31277812887066
0.3424225968982522,27.059708425428823,21.31277812887066
0.36714142628621077,27.05890892423912,21.313164576022757
0.3882070170423703,27.058506147325545,21.312391682169903
0.4025417771921129,27.054099920106637,21.31277812887066
0.4102217086753209,27.05370018821276,21.313553951261213
0.41183615930589673,27.052497972585513,21.313164576022757
0.4062952022288111,27.047292553372642,21.313164576022757
0.39323776112730524,27.046090404326833,21.314326847829307
0.3741213663892622,27.046490109928698,21.314326847829307
0.35193931118390426,27.045690700105297,21.315489123720397
0.3215039009876144,27.043686143691275,21.315875574040206
0.2907051701848666,27.039683190777907,21.317037855376498
0.25548545840479836,27.036879389361047,21.31858659429173
0.22331545848267711,27.035277680129468,21.320521796225535
0.19819871287893118,27.033675993037548,21.321297636798192
0.17898696980967413,27.032473985317154,21.32439516187452
0.16846056615203125,27.029270710749074,21.324008701580624
0.16786898926468147,27.027669106651842,21.327492716061556
0.17599527058725578,27.028068748703276,21.3286550383354
0.19230401000774267,27.024865595823883,21.33020383182526
0.2156355617524816,27.021662531388415,21.332528499636055
0.2421605555701299,27.022062152747367,21.333690839706264
0.2722132758660266,27.022062152747367,21.335626130407775
0.3046397150123402,27.02086026539058,21.336399078746695
0.33455960632674786,27.017657311502035,21.339886152409747
0.3565240170397753,27.01805691907117,21.34065911078585
0.3733321569686635,27.017257705308452,21.341821479654186
0.3832156720261192,27.014454445978117,21.343759746233843
0.3842384082895065,27.014054850806758,21.344532713749288
0.3781499050350297,27.01084905748246,21.345695096365944
0.36544309659130647,27.010449474713653,21.34685748311165
0.35032895328625946,27.01084905748246,21.34763045794466
0.3375167688987023,27.008045952808516,21.34879285156893
0.3276148931871315,27.008448554396864,21.34917934104476
0.32207610976759965,27.007246807922797,21.349568758933344
0.32102226875405526,27.008045952808516,21.349568758933344
0.3257345056564467,27.005245942745603,21.34995524932674
0.33626892187865365,27.003644670007702,21.34995524932674
0.3516105238084408,27.00284252843926,21.34995524932674
0.3730410488543025,27.004044229382032,21.350728231484993
0.39200000245731226,27.001241288799463,21.349568758933344
0.4092954504615376,27.002040392404353,21.350728231484993
0.423040018885599,26.999640071205647,21.34995524932674
0.4324584613254828,27.000039616821027,21.34995524932674
0.4345779875791638,26.999640071205647,21.350728231484993
0.43089938326611205,26.997636310106316,21.3518906361287
0.42067828579358,26.99883795725725,21.35227712926934
0.405787168665037,26.995236079776134,21.354215457831344
0.3850047201278838,26.997236772744998,21.355377874893634
0.36532662153991574,26.994836550656146,21.35769979341967
0.3440693914295644,26.995236079776134,21.358475721961042
0.32814371666376624,26.997236772744998,21.359248724307577
0.3167531984150496,26.995236079776134,21.361573598482835
0.3126406952803808,26.99683723675571,21.36350905425985
0.3175120697610348,26.993634944826056,21.365447449652095
0.33331117908782615,26.994034469821088,21.36622046856081
0.35413248559069477,26.994034469821088,21.3673829284877
0.37761527146601964,26.995236079776134,21.3673829284877
0.3989016206965882,26.99603514213112,21.3673829284877
0.41796163707645123,26.995236079776134,21.36776944001457
0.4338372175665854,26.996437702138394,21.36776944001457
0.44450518897757196,26.994836550656146,21.36699641742075
0.4506837974290821,26.997636310106316,21.366606978704738
0.4525132149163871,26.996437702138394,21.3673829284877
0.4506254166127442,26.997236772744998,21.365833958876635
0.44533986433493616,26.996437702138394,21.365833958876635
0.4377520878126379,26.997236772744998,21.364671504490218
0.43030114393956914,26.99883795725725,21.364671504490218
0.42406250894340436,26.997636310106316,21.36428499664771
0.42047463652619205,26.997236772744998,21.363122547798866
0.4200809482671957,27.000039616821027,21.36234660818394
0.42389610520889187,26.997636310106316,21.361573598482835
0.43250001357688844,26.999240526962637,21.36118709432077
0.44521029323019284,26.999640071205647,21.360797662561026
0.4615410291421701,27.000039616821027,21.359638154214906
0.4801943897619776,27.002442973194377,21.35886222290503
0.49883898823414186,27.002040392404353,21.35769979341967
0.5161899501124856,27.00324208505714,21.357313293854418
0.5330312053243748,27.003644670007702,21.357313293854418
0.5457614007080196,27.00444379012953,21.356926794747494
0.5549947001248277,27.005645507623342,21.35615086989344
0.559270375969825,27.00484335225019,21.355764372164515
0.5593385660134006,27.006847237540512,21.355764372164515
0.5554394326974188,27.006847237540512,21.355377874893634
0.5478097534448308,27.01084905748246,21.355377874893634
0.5374478418705488,27.009650313298607,21.354988450076405
0.5271295584014889,27.01084905748246,21.355377874893634
0.5179459783361645,27.01285304634183,21.356537368080524
0.5108940272874402,27.0132526373784,21.35769979341967
0.5066632185852478,27.016055867696764,21.358475721961042
0.5064992478564107,27.01805691907117,21.35886222290503
0.5116175937867596,27.01805691907117,21.359248724307577
0.5205323078323195,27.017657311502035,21.3600246565382
0.5345892028075807,27.02086026539058,21.3600246565382
0.552382795700865,27.022461775482498,21.359638154214906
0.5701289660941935,27.024865595823883,21.3600246565382
0.5889661087558812,27.024865595823883,21.359638154214906
0.6090452864691598,27.028068748703276,21.358475721961042
0.6255952454190725,27.029670358320402,21.356537368080524
0.6384368160735157,27.032074328080796,21.356926794747494
0.6480049094423144,27.034075655796812,21.354988450076405
0.652964715628225,27.035277680129468,21.354988450076405
0.6545405972657288,27.03607701807465,21.35305304491027
0.6513556365162805,27.038081442780936,21.35266655085104
0.6452751042861743,27.039683190777907,21.35305304491027
0.6375909612638924,27.041684649937338,21.35227712926934
0.6294893548772271,27.04408886900626,21.35150414344548
0.6211263874298767,27.047692263126464,21.350728231484993
0.6144388599440012,27.048494714906326,21.349568758933344
0.6089082044280907,27.051698521252433,21.34995524932674
0.6061937312252279,27.05450268166993,21.349568758933344
0.605564473700541,27.058106400197516,21.348406362550122
0.6067582151461837,27.060510960594286,21.34763045794466
0.6091642256738311,27.06091071603919,21.34608158218083
0.611612865129343,27.065317202931737,21.346468068452225
0.6136153527542908,27.067319105770878,21.34608158218083
0.6137987770452524,27.070523433985898,21.344146229763453
0.611086878367172,27.072528455856343,21.342983852646228
0.6050408870121526,27.076132736838304,21.342207960896644
0.5955884839725155,27.07893749052829,21.34143499886767
0.5822349069085202,27.081742312425774,21.341048518536923
0.5641916103634212,27.08574975194631,21.339499673905095
0.542606752519815,27.0885547395996,21.33756143251628
0.5196802343428014,27.09296228256369,21.336399078746695
0.4949818553042777,27.094964665361715,21.33407731137089
0.47133665715929285,27.098569648048397,21.33407731137089
0.44905316958909286,27.1025776731189,21.332139101992766
0.4265307577363544,27.10498316110494,21.330979695199403
0.40621977238057283,27.10979125827987,21.329430898057012
0.38688110376824275,27.112193867371843,21.32826857304326
0.3737011745276534,27.115802420038847,21.3263303978909
0.36211261392757155,27.11981104594105,21.32517101156003
0.3539458289052486,27.124219787023208,21.323622241739713
0.3493341500693787,27.126622697956748,21.322070551484614
0.3472055738592992,27.131834733203846,21.321684093915053
0.34729917506580277,27.133034746951296,21.319362430315948
0.3493134925233866,27.13704397485725,21.318200140801196
0.3531044900669852,27.142256483850247,21.31626202481175
0.3581744263481085,27.146263003697925,21.315102673852323
0.36493232380331225,27.150672762094473,21.31277812887066
0.37270521992878897,27.15347933597053,21.31161586250414
0.381223036778234,27.15828946662799,21.31084297226772
0.3919173098153659,27.160696123357468,21.309294269608984
0.40423251734596855,27.165909709660355,21.307356205780536
0.4175813046347105,27.170720363349915,21.306583325480688
0.43152612081511177,27.173124250460717,21.30542108084512
0.4469601093033233,27.178338404006695,21.303872403514674
0.4626758059915042,27.18234922024152,21.30154793730179
0.47841028870141256,27.185956953187826,21.30193437136319
0.4957086143662745,27.188764394088935,21.300385710295757
0.5127153793196518,27.19277557701713,21.299226414863085
0.5270965457664072,27.19798759704952,21.2969019811477
0.5404591460081125,27.20039509112752,21.2969019811477
0.5508776762782522,27.204806940981655,21.29573977038052
0.5594847798030952,27.20641101675386,21.294191138158112
0.5667295830423245,27.21001951182251,21.29341828847646
0.5731658119134677,27.212427260435504,21.292642513137196
0.5790255806879057,27.219244437320754,21.290707473840655
0.5849018817773339,27.222052699378082,21.290318125384886
0.5917688879390782,27.225664723805835,21.289931704810726
0.6000038466029697,27.22847314459966,21.28915886500539
0.6100220453522955,27.231681986869148,21.289931704810726
0.6234055316656736,27.23408716158849,21.28954528468421
0.6395221931903095,27.239304109231284,21.28876951835747
0.6577334909648209,27.242913649511365,21.288383099577175
0.6768997243355585,27.2453220957737,21.287610263359
0.6971241335403915,27.25013610839244,21.288383099577175
0.7152557267326933,27.25134040188533,21.28722091851779
0.7308374940149942,27.256154670295928,21.286448084990354
0.7431874018297581,27.256958585092377,21.285672325862095
0.7502824674684996,27.262173552190404,21.285672325862095
0.7502449170729453,27.265383348938826,21.283737326981964
0.7412008813965484,27.271002229490875,21.283737326981964
0.7251621700454312,27.273811774504395,21.284510154237523
0.7030664530948472,27.27662138937478,21.28412374038635
0.6754056845391484,27.27983159643469,21.283737326981964
0.6437654682692417,27.28264136105696,21.282961574147635
0.6079778249874788,27.285851739278257,21.283737326981964
0.5697782201085868,27.290667477857028,21.283350914024368
0.5305860175176486,27.293076941550737,21.283350914024368
0.49856124664823087,27.29829357649828,21.28412374038635
0.4722139432257116,27.301908035841336,21.284510154237523
0.4553425498870258,27.305920191154257,21.284899495918296
0.44949232794143384,27.309534895221645,21.284899495918296
0.456153711959902,27.314351646000773,21.286448084990354
0.47415664247864237,27.31716227132,21.28683450153045
0.5014023050175238,27.323585086964897,21.28722091851779
0.5368302598329479,27.32800174446936,21.28799668124435
0.5762911835092435,27.33281928637632,21.28799668124435
0.6159764902349547,27.33482893329989,21.289931704810726
0.6537276136482841,27.3400475046966,21.28954528468421
0.6900174053159727,27.342458026229053,21.290318125384886
0.7225191084613859,27.34848152055349,21.290707473840655
0.7452494219070259,27.352094557970815,21.290707473840655
0.7597688158665397,27.357316969149906,21.290707473840655
0.7645171363365802,27.360529480210573,21.29186673960413
0.7608646955755325,27.364947592537817,21.29109389531385
0.7466804707392996,27.370170603166002,21.290707473840655
0.7276837549261762,27.376596455421236,21.29109389531385
0.7029488475601495,27.37820297618191,21.28954528468421
0.6688832951785573,27.38462929014554,21.28954528468421
0.6375377008914681,27.39145993176942,21.288383099577175
0.6108329552086924,27.39346759420431,21.28722091851779
0.5883787324473004,27.39949383572622,21.28722091851779
0.572513301119251,27.405921375507546,21.285285910666687
0.5650459925832704,27.4099402949592,21.284510154237523
0.5649203679591264,27.41677248694731,21.283737326981964
0.5701949864086711,27.42320102367802,21.283350914024368
0.5782973386495714,27.427220566849314,21.28141300123093
0.5869260134783874,27.4336497073445,21.280640181134004
0.5944275700083519,27.439277029610707,21.27986443548349
0.5986747163810583,27.44289300804826,21.278315876901445
0.5995570771513101,27.44972722500944,21.278702284043277
0.596944014805146,27.454148874599582,21.277929470205493
0.5914417303353621,27.462187307665204,21.276380920571228
0.584802676285191,27.467010647323775,21.277543063955363
0.578331769650479,27.472238448568874,21.276380920571228
0.5729363331869535,27.478268963106814,21.278702284043277
0.5702957266544486,27.483898550485378,21.27909161896298
0.5706518736283185,27.48872283635012,21.28141300123093
0.5744368529142236,27.494352956037233,21.283350914024368
0.5804326769604817,27.500785992600186,21.284510154237523
0.5879368179613074,27.5064167273016,21.28683450153045
0.5950716840744767,27.51204774935337,21.287610263359
0.6001578332576197,27.518883199196807,21.28876951835747
0.6010541125034545,27.524514858076202,21.28954528468421
0.5969351610099711,27.529340920138168,21.28954528468421
0.586191354095128,27.534167193776227,21.28915886500539
0.5692882829441631,27.539799634600627,21.28876951835747
0.5485213129365916,27.545432363916916,21.287610263359
0.5204881511602092,27.552269887611203,21.28799668124435
0.49320090162395064,27.556695646975754,21.288383099577175
0.46292730300449414,27.562329242768044,21.28799668124435
0.43702041000371666,27.568364690074247,21.28722091851779
0.41283435152633036,27.573597302334292,21.286448084990354
0.39292742208490583,27.578827121991196,21.286448084990354
0.3771444456081063,27.58245072112453,21.285285910666687
0.3665139202991332,27.587279330507272,21.285285910666687
0.36165466071896313,27.594925825146277,21.284510154237523
0.3623267829014529,27.59935330774914,21.28412374038635
0.36771578757196277,27.60458435848949,21.283350914024368
0.37562465487049257,27.60861052096874,21.283350914024368
0.3851400061716228,27.613038558112578,21.282188750472358
0.3956379191274791,27.619076803371627,21.281799411948896
0.40605533848501524,27.622296931658525,21.27986443548349
0.4154257937124618,27.628740517310973,21.27947802700021
0.4224168827041736,27.633972976918074,21.278315876901445
0.42642904422420214,27.638000224299617,21.277929470205493
0.42736888537612044,27.64444169452088,21.27676732548082
0.42548745808053945,27.646858866303205,21.275605184787366
0.4206407825201009,27.65330086095298,21.27444304812343
0.4148747341329519,27.65652200138976,21.274056645893324
0.4078560538243689,27.66014818200989,21.27328384276865
0.40025431974172887,27.664980232920016,21.27212171414874
0.39291893875144274,27.669812498819454,21.271345988216694
0.38700668889060885,27.67504998013527,21.269024675663104
0.38230918298089867,27.678673734359165,21.27057319133496
0.37945085132582074,27.681091667962733,21.269024675663104
0.3779595243103527,27.686728646992435,21.269024675663104
0.3774993244552742,27.691159865500822,21.26786256178525
0.37766967249767724,27.69478720401736,21.266700451926
0.377869699794026,27.697607536059024,21.267086845690244
0.3776899761509492,27.70365048190513,21.265924738512467
0.3764282458285547,27.70566385685504,21.2651519540986
0.3735963563875821,27.70848447238029,21.26437624425654
0.36869478570951175,27.71130516147491,21.2651519540986
0.3630161591467374,27.716946760469057,21.263989853606176
0.3557892446996068,27.719362502795377,21.2647655625575
0.3474932784712363,27.72460238179349,21.2647655625575
0.33904462186928996,27.72903515239625,21.265538346083588
0.33067442382020545,27.742331509996063,21.265538346083588
0.32386048970722825,27.73306288602589,21.2651519540986
0.3193446348581841,27.737496004210925,21.263989853606176
0.3177320302641236,27.740719650635697,21.265538346083588
0.3191943774964274,27.742331509996063,21.265538346083588
0.3236884127301009,27.748380006300067,21.265924738512467
0.3313508319533229,27.74918446665714,21.266314058605758
0.3421549699153004,27.75281070724799,21.266314058605758
0.354657988131676,27.756842376918826,21.266314058605758
0.3693912707519019,27.7584544775753,21.266700451926
0.38361072579012373,27.763696257233107,21.26786256178525
0.3998734100295155,27.765308460592394,21.267476167129246
0.41523704682497403,27.767322986849138,21.269024675663104
0.4301735609105453,27.76934059863106,21.268248956885486
0.4437634791122715,27.77175751576698,21.269797468981096
0.45560103609172997,27.77578989573658,21.269411072099842
0.467080619962661,27.77861234696354,21.269797468981096
0.4787102514999105,27.782641936111304,21.269797468981096
0.4890655883984669,27.781837225438267,21.268635352430067
0.4982890987393732,27.78465983561381,21.269024675663104
0.5075186617446792,27.78788489575868,21.268635352430067
0.5164648133416716,27.78909508038629,21.267086845690244
0.52544097625768,27.791110052834313,21.266700451926
0.5330346406265287,27.793530508507217,21.266314058605758
0.5395146821969199,27.793932906937073,21.265538346083588
0.543929349593524,27.797560657922816,21.263217073636497
0.5455112058565073,27.798368535147688,21.263217073636497
0.5433917538230011,27.801996436242746,21.262827757126843
0.536923214423442,27.802401915171686,21.26011718999422
0.5264986035449981,27.80401469993501,21.26050650337055
0.5118940779005758,27.80562750897633,21.26011718999422
0.49377826720334417,27.807642792208867,21.2589580340329
0.4702805642059045,27.809658113363014,21.257795954910875
0.4445730267161045,27.811676521431252,21.2570202620077
0.4155986017900345,27.814094392672132,21.255471808678067
0.3899779187402555,27.814094392672132,21.25469904823717
0.35317580894478634,27.820143883609774,21.25276130066686
0.33736958695642827,27.8205494312744,21.251988546427924
0.32160898085899187,27.82135443269766,21.250826491296664
0.31048530182323436,27.822967503026234,21.24966444015979
0.30463480285157796,27.825388678828972,21.248116020542113
0.30322912333689866,27.827809909461735,21.2473432769184
0.30585509185684484,27.82821243674732,21.246567608009684
0.311770301918278,27.829825610550188,21.24618123774468
0.3187343752526476,27.83345457824464,21.245019202558694
0.3247409522627582,27.832649485697175,21.24463283406004
0.3287967957587675,27.83506783119236,21.245019202558694
0.3296856879368047,27.838700026733477,21.245019202558694
0.32624996697814457,27.841524136518103,21.245791940878064
0.31832889915058293,27.841524136518103,21.248116020542113
0.30662465312599596,27.842734927849165,21.248116020542113
0.28922613399732866,27.846766931514424,21.250826491296664
0.26721308532853794,27.84918864689206,21.251988546427924
0.24424421692538378,27.849591254778147,21.253150605555163
0.22675948632649012,27.852818272894922,21.253923362452326
0.211680162097221,27.85524012568459,21.253923362452326
0.20174148827122737,27.855642756418717,21.253923362452326
0.19735171887700897,27.854837496471134,21.253536983782737
0.2005069654343335,27.857256344847542,21.253536983782737
0.21314994815001007,27.86169460160022,21.25469904823717
0.23157233573957012,27.86169460160022,21.252374923326443
0.2552725299859931,27.862502963796658,21.25276130066686
0.28334233926592833,27.863308281668935,21.25121286686675
0.3158171278986641,27.866133043247487,21.251599242878456
0.34977337384836643,27.866133043247487,21.250826491296664
0.38083359352298307,27.868149468563388,21.250826491296664
0.4062368282564784,27.86936056233509,21.249278066359068
0.4264509764271729,27.869766297082492,21.248502393015656
0.4371782463519706,27.870168982721623,21.246953978715624
0.4395041720323804,27.872185484479814,21.246567608009684
0.4334109321382789,27.87258817927102,21.245791940878064
0.4186991229374759,27.872993926321442,21.245405571497997
0.3955541852374586,27.87339662417162,21.243470804185222
0.36412290567610084,27.875010481604534,21.243857171358854
0.33202916428150553,27.874205075213695,21.241922412885287
0.29840049771980537,27.8746077776471,21.241922412885287
0.2640361793562613,27.875818944908133,21.2415331209109
0.23289929026506778,27.87702707510556,21.239598375695493
0.20929996560026726,27.875818944908133,21.239984738457565
0.19151260714768206,27.87662436351542,21.2380500020692
0.18169093843542897,27.877835553733632,21.238436363069013
0.18060248223579622,27.877835553733632,21.23650163550286
0.18752362704775694,27.877835553733632,21.23650163550286
0.202001651560331,27.879046757742515,21.235339633470744
0.22139850960985605,27.879449478503545,21.23456691895342
0.24462134673371422,27.879449478503545,21.23456691895342
0.26749166060886187,27.879449478503545,21.234953275992552
0.29238097791447315,27.88025797554411,21.234177635411072
0.3152645557365514,27.881466156161707,21.234177635411072
0.33314139272541715,27.881063427764047,21.23456691895342
0.34559050831770965,27.88025797554411,21.235339633470744
0.3535510750441031,27.88025797554411,21.236115276703686
0.3549225486663644,27.881063427764047,21.234953275992552
0.35158565723175156,27.881466156161707,21.235339633470744
0.3439268328349142,27.882274668534478,21.236115276703686
0.33273551979273674,27.880660700891497,21.23456691895342
0.3209847810356435,27.881466156161707,21.235339633470744
0.3084294776322899,27.881063427764047,21.234177635411072
0.2972963007365492,27.881466156161707,21.23456691895342
0.28957539936896437,27.881466156161707,21.234177635411072
0.2848259064651578,27.88025797554411,21.233018568254295
0.28316275202365404,27.879449478503545,21.232629286484098
0.2849706475160755,27.879449478503545,21.231856578124393
0.2899421377612218,27.88025797554411,21.231467297683537
0.297677000217647,27.877835553733632,21.232242932084887
0.3067780492463597,27.878640987608833,21.23108094460349
0.3191906504686392,27.878640987608833,21.231467297683537
0.32966651062504826,27.878238269908877,21.23069459196188
0.3409685882547427,27.875413187086053,21.231467297683537
0.3504956161677549,27.878238269908877,21.230308239758756
0.36067430579427007,27.87662436351542,21.230308239758756
0.37072269674684477,27.875413187086053,21.228759908433517
0.3803846537022699,27.875010481604534,21.229146258880235
0.3888591344149706,27.875010481604534,21.229532609765158
0.39803710935511416,27.873799323545597,21.230308239758756
0.4083292918527096,27.871782791212183,21.229532609765158
0.42146463414425855,27.873799323545597,21.22759793283609
0.4354265619557753,27.87138009946807,21.228370631532584
0.450074147003485,27.87138009946807,21.228370631532584
0.46424544855122035,27.86936056233509,21.227984281965348
0.47723591687897815,27.867746790562535,21.22721158414481
0.490480103943121,27.869766297082492,21.227984281965348
0.49971866815065896,27.868555198695503,21.226822309012334
0.5069496950954997,27.86734411408446,21.228759908433517
0.5098506409038227,27.866133043247487,21.22759793283609
0.5086949155126197,27.862905621971834,21.22721158414481
0.5036668411490757,27.86411665611047,21.228370631532584
0.4953947111352389,27.863308281668935,21.228370631532584
0.48331372847563003,27.862097256720062,21.227984281965348
0.46869813816744205,27.86169460160022,21.22759793283609
0.45590324718446246,27.85846731477966,21.226435961200025
0.44354579970135455,27.85886995770437,21.226049613825523
0.4326372019734608,27.860889295925688,21.226049613825523
0.4254146556542356,27.857658983197382,21.22450130184461
0.42302953644116204,27.857658983197382,21.223339340757548
0.42567825312429364,27.857256344847542,21.223339340757548
0.4336367280818302,27.85685370801872,21.221791041072493
0.4466035443494958,27.85524012568459,21.221791041072493
0.46114015719033224,27.85362656777278,21.219853481221662
0.48001542308564427,27.8544318185742,21.219467141296263
0.49955323382494776,27.8544318185742,21.21908080180748
0.5175468528777031,27.853223944652655,21.217918859157862
0.531889666197101,27.854837496471134,21.217918859157862
0.5432520136281747,27.854029192413293,21.216756920455907
0.5502118145469914,27.852818272894922,21.215984248037614
0.5524488806483044,27.852818272894922,21.216370584028653
0.5508708798353826,27.85524012568459,21.21482231590477
0.5442597911202931,27.851204751631087,21.213274054782175
0.5343078475435344,27.85362656777278,21.213274054782175
0.5235541837691423,27.852013034278684,21.213274054782175
0.5110363316706523,27.849591254778147,21.211336543158836
0.4965018548887279,27.85241565282672,21.211336543158836
0.4818730350918723,27.851204751631087,21.21017755352557
0.46490381061207886,27.852013034278684,21.210563882968017
0.4499629927690677,27.85241565282672,21.209788297785053
0.43275382727125306,27.852013034278684,21.209788297785053
0.41755255439218036,27.85080213765451,21.210563882968017
0.40118435276087283,27.85241565282672,21.211336543158836
0.3857682798276352,27.8544318185742,21.213660387715095
0.37047262743210485,27.854029192413293,21.215208650584316
0.35765315193696884,27.854837496471134,21.216370584028653
0.3453353405229192,27.854029192413293,21.216756920455907
0.3351061844899228,27.854029192413293,21.216756920455907
0.32654267082956245,27.85524012568459,21.21753252141849
0.3220280213815029,27.85604538867352,21.216756920455907
0.3223609554532539,27.857256344847542,21.216756920455907
0.3275065153928702,27.856451072710797,21.216756920455907
0.3382755613355923,27.856451072710797,21.216756920455907
0.3539120925448904,27.85927565249284,21.215984248037614
0.37520502448592563,27.857658983197382,21.215208650584316
0.4015346279181735,27.858064673376134,21.215594985699852
0.43179910402417354,27.858064673376134,21.215208650584316
0.4659402228190247,27.86008094597196,21.213660387715095
0.5010575764148392,27.85967829847175,21.213660387715095
0.5351420850566267,27.85967829847175,21.21288772228496
0.5643814237128282,27.86008094597196,21.213274054782175
0.590560743165901,27.862905621971834,21.212498463467
0.6118103239890157,27.864921986182708,21.21211213184432
0.6296264648909153,27.863713993357692,21.211336543158836
0.6420536704718054,27.863308281668935,21.210563882968017
0.6486133896533993,27.86653571514597,21.211336543158836
0.650677049329216,27.863713993357692,21.209401969216174
0.648362950147689,27.86653571514597,21.209401969216174
0.6434257915855712,27.867746790562535,21.20901564108243
0.6374088571378106,27.866133043247487,21.20901564108243
0.6322379738307425,27.868149468563388,21.20862931338371
0.6289426106489295,27.867746790562535,21.207467406183525
0.629194165942368,27.86734411408446,21.207467406183525
0.6325489289272335,27.868555198695503,21.207467406183525
0.6395988606902802,27.868957879753737,21.207081080227567
0.6498189003952606,27.86936056233509,21.206305502916223
0.6604511707873348,27.87138009946807,21.207081080227567
0.6692648890763175,27.87138009946807,21.205919178267493
0.6785597008688404,27.872185484479814,21.205919178267493
0.680349324450825,27.8746077776471,21.205529927356395
0.6776249973043678,27.875010481604534,21.205919178267493
0.6704852671891797,27.8746077776471,21.205529927356395
0.6578248287337501,27.875818944908133,21.205529927356395
0.6424767096556421,27.875413187086053,21.203981708173274
0.622630931597701,27.87743283908293,21.20475728023797
0.6019447976267289,27.879852200789458,21.20475728023797
0.5824802266175669,27.882274668534478,21.20359538613741
0.5659543669372656,27.883080136030173,21.204370957330354
0.5572187539240585,27.883485923102683,21.20320906453577
0.5550824311211082,27.885099933632546,21.202822743368245
0.5619175618809515,27.887925273822248,21.20359538613741
0.5768423135357632,27.89034487431769,21.20204717566793
0.6008589310420965,27.889942112279186,21.20204717566793
0.633723072052796,27.89115345423164,21.201271609716514
0.6693418755242465,27.893978955390878,21.20088529072524
0.704807327610472,27.895190343378772,21.20011265404372
0.7397256520385967,27.896804531718487,21.198564459246086
0.7729052678684133,27.902858719482538,21.197402586058843
0.7958770703302951,27.902858719482538,21.19662703057071
0.808902879980381,27.904067157175064,21.19662703057071
0.812025672865608,27.907701708033642,21.19546516391665
0.8036481739007348,27.911333331599053,21.193916990001583
0.7851717749879203,27.9125449177169,21.193530679257435
0.7583060155707265,27.91456222406316,21.192368823035167
0.7273405512177473,27.918197134681805,21.192368823035167
0.6992002578104033,27.921829117855225,21.191596205445705
0.6728677270227358,27.92142623627086,21.1900480488884
0.6510403062354808,27.925867174754387,21.189658815911855
0.6335193864613674,27.92788473479311,21.1900480488884
0.6255998802133622,27.93232594419129,21.18772436378879
0.6252622541123917,27.9351525429023,21.18733805997192
0.6329717087014898,27.937170279970474,21.18772436378879
0.6466584999276035,27.939191108170235,21.18617622457805
0.6700156186822299,27.944035758422103,21.18462809229635
0.692514233414163,27.94928666981417,21.18462809229635
0.7144902479789961,27.94968965751633,21.18462809229635
0.7363616573024275,27.953322722114933,21.182304443607507
0.7534785280628097,27.95816802040838,21.181918145840825
0.7654941229096552,27.959786222493904,21.181918145840825
0.7697298775886736,27.963016594445207,21.180756328638154
0.7668329556467256,27.9658440143877,21.179594515330393
0.7568252609374768,27.970286819785713,21.179983736987197
0.7413304071256857,27.973920593609705,21.17843563238307
0.722417004521631,27.977554492715,21.17766011944201
0.7000609585905848,27.98240395834722,21.176887534688547
0.6756058923505858,27.987250593261876,21.17533651745873
0.6535232988862174,27.99007866353668,21.17533651745873
0.6354290463942807,27.994116277861394,21.175725734338755
0.6206749952157679,27.997350756951505,21.174950227452825
0.6096250084863717,28.00260127052303,21.1745639378766
0.6039008306992676,28.00744883613629,21.17378843358489
0.6028384615071121,28.010277449702926,21.174177648729938
0.6053395845593024,28.014722131389988,21.173402145300486
0.610605383471341,28.018763747553976,21.17301585744559
0.6171995711941688,28.023208788583418,21.172629570020092
0.6241214840215559,28.028057305823097,21.17224035660888
0.631156918217024,28.032906047257825,21.172629570020092
0.63693771535954,28.03775806851104,21.17224035660888
0.6412971157713593,28.04058444390381,21.172629570020092
0.6446542432290785,28.04503041036554,21.172629570020092
0.6472542975688187,28.04988299338129,21.17185407004513
0.6496772865989543,28.055945982590174,21.17185407004513
0.6516344940925479,28.05715617775195,21.17185407004513
0.6539114776915355,28.062009323304096,21.17301585744559
0.656683217041869,28.06483941017018,21.17185407004513
0.6599636514415771,28.071306721455358,21.172629570020092
0.6640614152582243,28.074540527278657,21.17301585744559
0.669388298277232,28.080604947401923,21.173402145300486
0.6747711656377466,28.08383904133484,21.17301585744559
0.6801863121206371,28.08909695061044,21.17378843358489
0.685020639310794,28.088690370261077,21.17378843358489
0.6894686659581706,28.096779477409086,21.1745639378766
0.6937252624327479,28.100014073178727,21.174950227452825
0.6975137367081721,28.104462570762564,21.174950227452825
0.7010308014583575,28.1076974052051,21.174950227452825
0.7044392666632252,28.11336013629682,21.176498316505956
0.7080316002900164,28.116998878882328,21.176498316505956
0.7125828399018044,28.12144810272048,21.17766011944201
0.7180860117438701,28.125493850952125,21.17882192626854
0.7253101797974617,28.1291330183293,21.180756328638154
0.7346502439912361,28.132368620434022,21.181531848504846
0.7463558126329475,28.136818502566825,21.182693668308218
0.7606633249586147,28.143293345377003,21.185014393086647
0.7761501090543057,28.147336886310995,21.185400694308214
0.7916283915355276,28.150576114923012,21.186562527096953
0.8065797854753187,28.152598007695644,21.18811066803744
0.8207186800371572,28.157452546711284,21.189272509932664
0.832693713229147,28.161903505445196,21.1900480488884
0.8411663729593083,28.166758480649435,21.190434355734908
0.8448857049038453,28.170805996985393,21.190820663013483
0.8423470731857248,28.174853671665232,21.190820663013483
0.8338999541282268,28.178898445114612,21.19198251402429
0.8194466091546959,28.184161170913967,21.192368823035167
0.7999734657507793,28.18942110478946,21.192368823035167
0.7725920518597922,28.194280432406572,21.19198251402429
0.7419393224363511,28.198325966512243,21.192368823035167
0.7087781646814113,28.20197075519917,21.192368823035167
0.6745278427049601,28.206423631501707,21.19275805906676
0.6385282450275875,28.210876700088534,21.193530679257435
0.6058044755134575,28.21694909814437,21.194692539392634
0.5758997466470592,28.21978341449943,21.194692539392634
0.5493570551643909,28.223829949478045,21.194692539392634
0.5248745472919505,28.228283770546852,21.19662703057071
0.5067128966101748,28.23273778437141,21.19585440344258
0.4925720232228466,28.2392186424118,21.197016271408756
0.48352668042277963,28.244885518624415,21.19662703057071
0.47845310594008833,28.249747463767676,21.197016271408756
0.4760749726050798,28.252986847155682,21.197016271408756
0.47573932602675106,28.25906173200576,21.197402586058843
0.47666618184019977,28.262301409343195,21.197788901142133
0.478084621665018,28.26918529783825,21.197788901142133
0.47943183122190125,28.273641085930876,21.197788901142133
0.48066607488106927,28.279717194416207,21.197402586058843
0.4817571441465053,28.28376915456994,21.197402586058843
0.4828499033375757,28.28741697467524,21.197402586058843
0.48455980039856383,28.293493900726787,21.1962407167901
0.48710772866012064,28.29673466713308,21.19662703057071
0.4906872647762884,28.30362087094801,21.19585440344258
0.49564696224525634,28.306053208609,21.19585440344258
0.5035953544196149,28.314968190596062,21.19546516391665
0.5126542693501296,28.31902154803663,21.19585440344258
0.5213403403065648,28.323883951094842,21.19585440344258
0.5305517861279516,28.329963046901128,21.197016271408756
0.5386845144394488,28.334017000226652,21.19546516391665
0.5435936212709677,28.33888011843044,21.19546516391665
0.5450886435663738,28.34333894686472,21.19585440344258
0.5422801258428908,28.349823749599125,21.19662703057071
0.5355007224078367,28.35347086649807,21.19817521665857
0.5242362405075903,28.35712117911197,21.20011265404372
0.5089470590605728,28.360768557665665,21.201271609716514
0.49015001453374085,28.36604063019786,21.202822743368245
0.4674800786170056,28.370092955567713,21.205529927356395
0.4464786681972377,28.374960864217485,21.206691827999464
0.4259729220661663,28.379013545525993,21.209788297785053
0.4087807330774494,28.38023060773611,21.21172580065712
0.39544161447016124,28.384286565259174,21.21404672108372
0.387023619629501,28.387934919542488,21.216370584028653
0.3852306960443098,28.3915864710807,21.21753252141849
0.3904524532445647,28.39563981664469,21.219467141296263
0.40322416541693423,28.39807435475825,21.220629089208614
0.42282013090727727,28.402940540132533,21.221791041072493
0.4475463025934135,28.405375253704165,21.22295299688949
0.4718480920119588,28.410646578513365,21.223339340757548
0.4964757582681097,28.413081477423702,21.22450130184461
0.5179032921148742,28.41713875022498,21.22450130184461
0.5377178863503987,28.418761091543843,21.2256603400196
0.5511916250926147,28.422005852259076,21.226822309012334
0.5586010558594878,28.42525071710878,21.22721158414481
0.5577408566639575,28.427685967658363,21.228370631532584
0.5497774528878796,28.431740759360764,21.229532609765158
0.5358101739509291,28.436203672115255,21.228759908433517
0.5168846360730401,28.43863918672872,21.229918961088345
0.49364881893852486,28.4402618732845,21.230308239758756
0.4708535577603471,28.44310240442229,21.229146258880235
0.44838764346127225,28.44513008948661,21.229146258880235
0.43024683069098385,28.449593594297426,21.229532609765158
0.4162692952464293,28.448783706592508,21.228759908433517
0.40833772747743785,28.450811505854915,21.228370631532584
0.4075447180605088,28.454870294645673,21.226822309012334
0.4135973276944519,28.456898216324703,21.22721158414481
0.42697355432799333,28.46055225989977,21.226435961200025
0.4437774132637964,28.4601442031215,21.22527399352373
0.46510594951954415,28.464608372778287,21.22450130184461
0.48737594005181345,28.46420336778357,21.223339340757548
0.5114016075119759,28.469072740307354,21.223339340757548
0.5311824612772393,28.468667717357278,21.22140177212367
0.5464339845016103,28.472319119492568,21.221791041072493
0.5564978014099611,28.47353730580562,21.220629089208614
0.5592871510870993,28.475565603390123,21.220242748406406
0.556217786654322,28.478002069370234,21.218305197333734
0.547168731721021,28.480030456967427,21.216756920455907
0.5311894147337591,28.481248736653754,21.217918859157862
0.511501324234258,28.483280258526293,21.217146184115393
0.4891087471245464,28.486527096227462,21.215594985699852
0.4665727717662993,28.488150554404058,21.215984248037614
0.44434648319307324,28.487745454634535,21.215594985699852
0.4240539199046136,28.48977403880434,21.215208650584316
0.407605229721194,28.49342620733279,21.215208650584316
0.3951658897450457,28.49342620733279,21.21482231590477
0.38670893128258205,28.495457975366833,21.213660387715095
0.3847481022443225,28.497081577855795,21.212498463467
0.386950488930544,28.499515496162587,21.21288772228496
0.39170454084267864,28.50113916425869,21.210563882968017
0.39790316396970166,28.50154738740065,21.209788297785053
0.4038752638683102,28.506013395621096,21.209401969216174
0.4078320494530501,28.506418569086463,21.20785373257428
0.4089719852569942,28.507228920925513,21.20785373257428
0.40708657718872243,28.508855783391823,21.207467406183525
0.4017708819070715,28.51250864618794,21.207081080227567
0.39272126623590226,28.51169518203443,21.206691827999464
0.38035065317086814,28.513319047226332,21.205529927356395
0.36433142929583506,28.515756429214548,21.206305502916223
0.3477962823475448,28.515351218027092,21.205529927356395
0.3308460630629702,28.516569926315583,21.20475728023797
0.3157019552151919,28.51819387045913,21.205529927356395
0.3041464197034852,28.519817840912765,21.205919178267493
0.2973167664095892,28.52225231094127,21.205529927356395
0.29564776120100683,28.52225231094127,21.205529927356395
0.30060796485555846,28.524689910180484,21.206305502916223
0.3112870625416304,28.52509515912857,21.206691827999464
0.3283222685945264,28.5259087320419,21.205143603579984
0.35174146626616853,28.5259087320419,21.205529927356395
0.3780400566080115,28.528343350084867,21.205143603579984
0.40944081516708963,28.5259087320419,21.205143603579984
0.4455173258600675,28.528751684001065,21.20475728023797
0.4814199472178402,28.528343350084867,21.20475728023797
0.5148513464452471,28.530375825608644,21.20475728023797
0.5466986275612663,28.531594716671293,21.203981708173274
0.5758542644868603,28.53078109756467,21.20359538613741
0.6029362373197262,28.533624187863666,21.202822743368245
0.6272485559064176,28.53199999356127,21.202433495964215
0.6445933500141545,28.53281055226313,21.2016608558057
0.6584559861897887,28.53078109756467,21.20088529072524
0.6687840133260405,28.533218904398268,21.200498972167622
0.6746166566504775,28.53281055226313,21.19933709245248
0.6769197020818235,28.533624187863666,21.198950775632568
0.6760535126855093,28.533218904398268,21.19817521665857
0.6720745809540545,28.533218904398268,21.197402586058843
0.6654662466806157,28.53281055226313,21.197016271408756
0.6564266950898865,28.53281055226313,21.197016271408756
0.6469052897621758,28.532405272091808,21.197016271408756
0.6354900119113447,28.53281055226313,21.197402586058843
0.6225348031179013,28.532405272091808,21.197016271408756
0.6074986714260341,28.534029472969962,21.19662703057071
0.5940592733031768,28.533624187863666,21.19662703057071
0.5815492878247102,28.53443475971727,21.19662703057071
0.5706626833852528,28.53524840852043,21.19662703057071
0.5622230598706933,28.534843118478477,21.19585440344258
0.5565753589991917,28.533624187863666,21.19546516391665
0.554521098090123,28.534029472969962,21.19585440344258
0.5571358154589158,28.533624187863666,21.195078851438268
0.563892339519854,28.534843118478477,21.195078851438268
0.5753632085422618,28.53646735891664,21.19546516391665
0.5908484279679659,28.5368726555364,21.195078851438268
0.6097405673281296,28.53646735891664,21.19585440344258
0.6305540326470871,28.537686324160518,21.19585440344258
0.6535873248799589,28.53809162571747,21.19585440344258
0.6769099410038395,28.535653700203625,21.197788901142133
0.6984484847033126,28.53809162571747,21.198564459246086
0.7167505634532193,28.54052961063246,21.198564459246086
0.7302766912741785,28.54052961063246,21.198564459246086
0.7392097555156713,28.54052961063246,21.19972340970594
0.743044266943217,28.540121228664248,21.19933709245248
0.7412323825749574,28.540934923707937,21.198950775632568
0.7336267409261503,28.542153943385188,21.19972340970594
0.7221295901869025,28.544183628757253,21.19933709245248
0.7080294425812641,28.543369907284728,21.19933709245248
0.6918013365347202,28.54540268803231,21.198950775632568
0.6755629732125725,28.54580802085684,21.198950775632568
0.6600666030349346,28.547027099936088,21.198950775632568
0.6468396987609988,28.546621762169593,21.19933709245248
0.6365205359713724,28.54905688422923,21.197402586058843
0.6304434027314436,28.54905688422923,21.197402586058843
0.6287268578603413,28.549462231869313,21.197788901142133
0.6313810297477445,28.552305853197197,21.197788901142133
0.6373904649985365,28.553119647409915,21.197016271408756
0.6464397242285882,28.554338815670178,21.197788901142133
0.6578032192529701,28.555149555444018,21.19662703057071
0.6692389469946012,28.555963372818496,21.19585440344258
0.6795486234527686,28.56043180900207,21.19546516391665
0.6881663502795002,28.5600233457086,21.195078851438268
0.6942555201367644,28.560837202794914,21.19430622777986
0.6971338959690715,28.563681147949183,21.19430622777986
0.6964064076429515,28.564086554935557,21.193530679257435
0.6922059942826355,28.566930592660412,21.19275805906676
0.6860906812461338,28.566930592660412,21.193530679257435
0.6784880413819654,28.56896078147463,21.19314436894581
0.6720092769671,28.572618911279562,21.19275805906676
0.6672038583548912,28.572213469628764,21.19198251402429
0.6645521844279085,28.574649215850343,21.192368823035167
0.6649295617774685,28.57789901781706,21.19275805906676
0.6691780181580202,28.579523958521065,21.191206970724238
0.6775733809599522,28.58114892571183,21.191206970724238
0.6902764130047871,28.58318247584873,21.190434355734908
0.7070494200937727,28.58521299555963,21.190820663013483
0.7248951219219884,28.587652131432492,21.191206970724238
0.7419023814935984,28.590496841406946,21.189658815911855
0.7584892016387246,28.591713394449698,21.1900480488884
0.7737944809260349,28.593341632637703,21.190434355734908
0.7858414643154824,28.59862283749021,21.188886204385426
0.7933793148058731,28.59902838662049,21.1900480488884
0.7965883536381333,28.60187342168325,21.18811066803744
0.7955578826441487,28.603498753604185,21.18811066803744
0.7908027452785893,28.60715815197773,21.18811066803744
0.7832075201701061,28.60715815197773,21.188886204385426
0.7734175698171125,28.609189160816697,21.18811066803744
0.763054887678349,28.61122021114346,21.186562527096953
0.753651632302959,28.61650543826505,21.18617622457805
0.7455182485919185,28.617316684055368,21.18617622457805
0.7398946218441017,28.62016224249038,21.18617622457805
0.7368199919313083,28.623413531064386,21.185014393086647
0.7357875318644894,28.625853603941607,21.185400694308214
0.7366117589518363,28.628699407008128,21.18424179193721
0.7380122983117255,28.62991950091356,21.185014393086647
0.7390716353700071,28.633982491033123,21.183852565496238
0.7381139880220545,28.63682852722991,21.18424179193721
0.7344279200414339,28.63967464509284,21.18346626600254
0.726833779558872,28.643335376836035,21.18346626600254
0.7137715316215176,28.645772865973413,21.18346626600254
0.6948442185287187,28.64821348893082,21.182304443607507
0.6710764308071528,28.65187146210735,21.181142625109487
0.6406253054053126,28.654718012002604,21.180756328638154
0.6072865656443714,28.657158855365537,21.18037003259741
0.5727232671740361,28.660005557266174,21.18037003259741
0.538437802764463,28.66569613229376,21.179208220584314
0.5056908926346331,28.668137246418723,21.179208220584314
0.47706833902185375,28.672610729048074,21.17843563238307
0.4563992761774807,28.673016580784065,21.177273826850296
0.443059819232095,28.679116856103178,21.17611202520743
0.43859099889151654,28.68155830163016,21.176498316505956
0.44251452292662097,28.683590835677535,21.174950227452825
0.4546756850199101,28.688879925145784,21.17378843358489
0.4747529688349942,28.691727540640215,21.17301585744559
0.5025931479113275,28.69335434705266,21.17185407004513
0.5335616284149504,28.702709773349966,21.169530506889203
0.5671707833900388,28.701082812670904,21.169144223335024
0.5975497127476304,28.70474274303956,21.168371657512864
0.626128057556685,28.70881188394128,21.167209885621617
0.6498733277089724,28.714508348280333,21.165661837914968
0.6626015639517513,28.71898393333811,21.164113797085747
0.6664832072126892,28.721017238829063,21.16140401059073
0.6590868248536385,28.725087052062406,21.15985598865757
0.6437156547023242,28.72834179327458,21.159466789515875
0.6221398936863589,28.73281800737658,21.157532505478514
0.5933036362420409,28.735666893016855,21.156759965375613
0.5640796521042458,28.738921984337935,21.155209037747
0.5347693787541672,28.742177183449485,21.1544365027774
0.5086904064516643,28.74665402753334,21.152113055609163
0.48765044924134204,28.747875579867355,21.15250224656586
0.4763028727797875,28.755202135761238,21.15250224656586
0.4710943388095842,28.755608327891935,21.150565074807105
0.47284418523610217,28.760898210733444,21.150565074807105
0.4806311297867101,28.76374791096066,21.150178812232866
0.49330876194811973,28.76619145635067,21.150565074807105
0.5084731059683926,28.769853810936866,21.150178812232866
0.5248283530664045,28.771481909968884,21.151340527472826
0.5405808113025805,28.778403941051124,21.151340527472826
0.5536050559369559,28.78003218214502,21.152113055609163
0.5640597738257048,28.781254150233906,21.152113055609163
0.5712911792923894,28.78491706784672,21.15250224656586
0.5740893952943233,28.788173793711962,21.152113055609163
0.5733995328273318,28.79061794838077,21.153661043254488
0.5694998254971183,28.792246392617017,21.1544365027774
0.5624905056054684,28.793874863955637,21.153661043254488
0.5533028458969149,28.795912800112774,21.15405023593229
0.5428098434107799,28.800798478594402,21.15559823214693
0.5313079337460094,28.80405573321019,21.155984500701436
0.520329996904881,28.806906689747677,21.155209037747
0.5097308712931258,28.807719504687554,21.155209037747
0.49970950582131196,28.81057056811926,21.15559823214693
0.49046559112336857,28.814644100094995,21.1544365027774
0.482150926570868,28.816679390230206,21.1544365027774
0.47528607477409707,28.81993717439383,21.15405023593229
0.4686762732376973,28.820346714500147,21.154822770048952
0.46190128204055214,28.822788594562383,21.155209037747
0.4547296357314915,28.82441757501016,21.155209037747
0.4468923166892771,28.82808519008438,21.1544365027774
0.43777664444804265,28.830120760557634,21.15405023593229
0.42429836663583786,28.8341951086677,21.155209037747
0.41206482374731895,28.835824279637222,21.155984500701436
0.40596434377763574,28.838269627058025,21.155984500701436
0.3976472004996368,28.841118503385246,21.15637076968261
0.39087854662212945,28.842341235852757,21.155984500701436
0.3860224373584934,28.843970543014734,21.157146235213645
0.38306042472485863,28.84559987742938,21.156759965375613
0.38240828794246196,28.848861708191862,21.15559823214693
0.38401563158587165,28.850081457678755,21.156759965375613
0.3879789386225268,28.851304302680774,21.156759965375613
0.3946130883431997,28.853750038769817,21.156759965375613
0.4028149776697692,28.854563244232054,21.15637076968261
0.4126342755430674,28.858638614878203,21.15637076968261
0.4227922707889241,28.85823199426801,21.157146235213645
0.433598273801623,28.861084535317843,21.157146235213645
0.44465751920722313,28.86271415624958,21.15637076968261
0.45699519727219046,28.8643438044885,21.156759965375613
0.46992030315094496,28.86597348003943,21.156759965375613
0.4847536006421652,28.865566828762212,21.157532505478514
0.4986416377444541,28.86882624818446,21.1590805171125
0.5143105301717891,28.8704559988808,21.158694245136246
0.529873201345754,28.871679100057634,21.160628535607316
0.5474139661843733,28.873308898597145,21.160628535607316
0.5675924277794869,28.872492455458087,21.16256576313009
0.5908424119058248,28.875345414967512,21.16372459319507
0.6121177685935439,28.875345414967512,21.16643439772531
0.6314950171835847,28.876161882081647,21.16682360464239
0.6496888748240661,28.87738197403064,21.169530506889203
0.6662869402719215,28.88675809112317,21.169919717267646
0.68058439266712,28.879011868248426,21.1714677839106
0.6900423627693157,28.8794216569201,21.17224035660888
0.6941364692794281,28.880235077150587,21.173402145300486
0.6922201998308077,28.8794216569201,21.174177648729938
0.6849041494751333,28.8794216569201,21.17611202520743
0.6705144934458531,28.881458301461123,21.17766011944201
0.6531903188971342,28.882274819967733,21.17882192626854
0.633957454680692,28.882274819967733,21.179594515330393
0.6125842416502869,28.882681541182194,21.179983736987197
0.590481159055187,28.88308826410048,21.180756328638154
0.5670190324312666,28.88390479631562,21.182304443607507
0.5513473962972542,28.885534800032474,21.182693668308218
0.5406759763611408,28.88390479631562,21.183079966939943
0.537705712442675,28.884718254106417,21.182693668308218
0.5432645320240559,28.884718254106417,21.183079966939943
0.5546781591716687,28.88594153490584,21.181142625109487
0.5734926930071735,28.88594153490584,21.18037003259741
0.5977541481342665,28.887978316237025,21.180756328638154
0.6253518939599031,28.890018221779087,21.18037003259741
0.652816636041892,28.889201638129123,21.17882192626854
0.6817098754440113,28.89083173081508,21.17843563238307
0.7005548880227581,28.89083173081508,21.177273826850296
0.7139199124924558,28.893278461982163,21.17611202520743
0.7174310585313077,28.89083173081508,21.17533651745873
0.7143763235068112,28.892055088684685,21.17533651745873
0.7040066529502818,28.894501850709446,21.1745639378766
0.689454636395568,28.89368522931761,21.17378843358489
0.6721866435465073,28.892871696352415,21.174177648729938
0.6531357230168042,28.89653881177037,21.17301585744559
0.6385554472053475,28.898169027770734,21.17301585744559
0.6274482855995138,28.89653881177037,21.17185407004513
0.6214025276776352,28.898169027770734,21.1714677839106
0.6206697043382021,28.90020606587177,21.1714677839106
0.6262412937756261,28.901429542007918,21.1706922865269
0.6381209712162692,28.90387654061186,21.1706922865269
0.6551439949189624,28.90387654061186,21.169919717267646
0.6786367668075186,28.905100063083694,21.1706922865269
0.7038638669347956,28.904283352414666,21.17030600168283
0.7287033818433568,28.90713724686617,21.169530506889203
0.7519888930734775,28.909584389617464,21.169144223335024
0.7710524155942433,28.910398062867216,21.168371657512864
0.7852513399771343,28.9132521374745,21.168757940209616
0.794874193188362,28.91202851203468,21.167982448865644
0.8001510695118275,28.914475778376982,21.167596167029387
0.7994946187311172,28.916106296206635,21.167982448865644
0.7944249957010412,28.918143711525147,21.167982448865644
0.7862417999955164,28.91936741425934,21.168757940209616
0.7777685068631686,28.921404898228275,21.168757940209616
0.7679397905375782,28.92344550762357,21.168757940209616
0.7586701275621759,28.923038615305927,21.168371657512864
0.7515934583257264,28.925483077471483,21.167982448865644
0.7452442844242924,28.92833759697578,21.169530506889203
0.7399006590754595,28.92874451158474,21.169919717267646
0.7340097246552051,28.930785275830374,21.169144223335024
0.7254943709202001,28.935270792746962,21.169530506889203
0.7144522197615846,28.935270792746962,21.1706922865269
0.697742926524235,28.939756517845638,21.171078571800024
0.6781225581965864,28.939756517845638,21.1714677839106
0.6503867555936915,28.942608375768657,21.17185407004513
0.615830289737093,28.943832388182216,21.173402145300486
0.5819749647571417,28.947094441612478,21.172629570020092
0.5411328499199264,28.950359688638514,21.174177648729938
0.5076036651257183,28.951173705096323,21.17378843358489
0.4738069039518037,28.956884346925392,21.1745639378766
0.45298310768323746,28.957291381816958,21.17533651745873
0.4402352367382641,28.959329665707116,21.1745639378766
0.43873298718149106,28.96300238580926,21.174950227452825
0.4475770508093044,28.96667216190707,21.175725734338755
0.46706766411842154,28.968713728081013,21.174950227452825
0.49151573233625767,28.97075225346879,21.17533651745873
0.5258891426509155,28.973608111943406,21.17533651745873
0.5573850102772107,28.97809562000367,21.17533651745873
0.5885208156922386,28.980951696226327,21.1745639378766
0.6103206727960621,28.98421500581526,21.1745639378766
0.6290819501461993,28.986664102889108,21.173402145300486
0.6344612048689451,28.989927606187507,21.173402145300486
0.6263687723627398,28.99604774452149,21.172629570020092
0.607578838666045,28.997679641535683,21.1714677839106
0.5811829951730212,28.999311566250924,21.1714677839106
0.5509525875361208,29.003393041803406,21.1706922865269
0.5234319768487391,29.00502506353638,21.1706922865269
0.49782025020326787,29.006246784149198,21.169530506889203
0.47797608424906474,29.011146163310798,21.169530506889203
0.46509609880095515,29.013592861217035,21.168371657512864
0.4586132671852568,29.014410497997915,21.167982448865644
0.4593680707662736,29.018899910837945,21.16643439772531
0.46600262379197277,29.020939500411146,21.165661837914968
0.47548995537203365,29.02297913334081,21.164886353464397
0.4857755893390588,29.027061615148853,21.164500075061028
0.49478788794088674,29.027879366711375,21.164113797085747
0.5018036289672714,29.0307369231615,21.162952039390575
0.5039084583846618,29.032776764476807,21.163338316078864
0.5012186847078715,29.032776764476807,21.16140401059073
0.49294769805678074,29.03726703712522,21.162176560966884
0.48072613396762826,29.040939650226107,21.160628535607316
0.46530585897299226,29.04216491465951,21.16024226191871
0.45108025527067763,29.044204999286535,21.16024226191871
0.43626339746095294,29.04298279510806,21.15985598865757
0.4248951532686176,29.046248213836122,21.15985598865757
0.4167838477220144,29.04992117138835,21.16024226191871
0.41355109563489656,29.04992117138835,21.16024226191871
0.41551316962183543,29.04992117138835,21.158694245136246
0.4232193116042772,29.053186826803767,21.159466789515875
0.4352893204631389,29.05686313747259,21.159466789515875
0.4527617247035363,29.0560451384124,21.16024226191871
0.4744864258817788,29.05808860575769,21.160628535607316
0.49524696602021606,29.060129029853613,21.158694245136246
0.5195410070549766,29.061762017867693,21.159466789515875
0.5439164449551791,29.062169497485286,21.15985598865757
0.5670588537348789,29.062580065826012,21.16024226191871
0.5912879490484315,29.06339503377052,21.159466789515875
0.6130819549717904,29.065435571105183,21.159466789515875
0.6340232102045485,29.064620585765624,21.15985598865757
0.6544564689320642,29.068704843507533,21.160628535607316
0.6713424648603212,29.069112352722243,21.160628535607316
0.6843578690276091,29.068704843507533,21.16140401059073
0.6948072060068929,29.069112352722243,21.160628535607316
0.7006177636309958,29.06951986367477,21.160628535607316
0.7012369714940339,29.07237866361305,21.162176560966884
0.6962198918925273,29.07237866361305,21.16101773604396
0.6871105044271515,29.071153012127752,21.162176560966884
0.6734680192210529,29.07278618849699,21.163338316078864
0.6560124444636652,29.07319680244899,21.162176560966884
0.6379791204283524,29.074830013759936,21.162952039390575
0.6188564129011054,29.074011860935855,21.162176560966884
0.5991859145849967,29.07564508618333,21.162952039390575
0.5833179852520994,29.074830013759936,21.162176560966884
0.5727099169193675,29.074830013759936,21.16372459319507
0.567722785568904,29.07605262500357,21.16372459319507
0.5700372896415743,29.07605262500357,21.164113797085747
0.5790899561815555,29.078096520167833,21.164113797085747
0.5948229319363584,29.077278339360305,21.165272632295796
0.6155883151487549,29.079729815274334,21.16604811760601
0.6408901142463257,29.07932226076025,21.16682360464239
0.6680659428480269,29.08054492952175,21.167982448865644
0.6932194755745884,29.08013737152811,21.169919717267646
0.7145205329412165,29.08136313832233,21.169919717267646
0.7328690750769082,29.08136313832233,21.17224035660888
0.744748030994095,29.08544811208037,21.17301585744559
0.7500576258006431,29.083814719131396,21.17301585744559
0.7488988193396057,29.085037445437877,21.174177648729938
0.7416791137883192,29.08748912063544,21.174950227452825
0.7303398606340146,29.087081532987554,21.175725734338755
0.7144155951985167,29.08871498185772,21.176498316505956
0.6985290431929299,29.090756060301374,21.17766011944201
0.6839421914769672,29.089122576483874,21.178046412463857
0.6714012384931121,29.091981963506328,21.17766011944201
0.6631238357016067,29.092389572092657,21.178046412463857
0.6592034994909446,29.093615496294262,21.178046412463857
0.6590879465297759,29.096067391979147,21.17843563238307
0.6612593169272439,29.097700994757986,21.179208220584314
0.6644923786345658,29.09974226555181,21.17882192626854
0.6668961145343717,29.100149907315995,21.17882192626854
0.6654629828801619,29.102601971078855,21.17843563238307
0.65790717145137,29.103417280815847,21.179208220584314
0.6449081031697375,29.10546176242849,21.179594515330393
0.625959738306592,29.107910874445793,21.179983736987197
0.5968073817084427,29.107503199476753,21.179594515330393
0.567979068692025,29.10913699831559,21.179208220584314
0.5328212357842663,29.111996985874555,21.179594515330393
0.49456556170247534,29.114857059340693,21.179983736987197
0.461001924697287,29.116083272661797,21.17882192626854
0.43065390889708266,29.116083272661797,21.179983736987197
0.4082343890100485,29.118943468910174,21.179594515330393
0.39551338654436224,29.121803751128198,21.179983736987197
0.39243622597448885,29.124253283628093,21.18037003259741
0.39917069823576407,29.124661030344555,21.179594515330393
0.4134026648227278,29.127113725505808,21.179983736987197
0.4359222139873297,29.12752148448601,21.18037003259741
0.4593564164815844,29.1283400968083,21.181142625109487
0.485367555609586,29.132427085647123,21.18037003259741
0.5095722959892247,29.134469101304262,21.18037003259741
0.5281572098237871,29.13487689183478,21.18037003259741
0.5403101979552115,29.136511160837813,21.18037003259741
0.5449797233927353,29.13855635370561,21.181142625109487
0.5408897937146566,29.139371971600042,21.179594515330393
0.5272326447673208,29.14386726406991,21.179983736987197
0.5074987359246537,29.145501687753892,21.17843563238307
0.48096658052524255,29.146728296408526,21.18037003259741
0.45689655312148886,29.147136139572467,21.178046412463857
0.4321097356636839,29.149997270423455,21.17843563238307
0.4110808876503991,29.15122393716956,21.179594515330393
0.39888267462550264,29.152858487523645,21.17843563238307
0.39445820004596865,29.154493066033922,21.178046412463857
0.3970842013737638,29.154900942566428,21.177273826850296
0.4061707236423273,29.155719790898843,21.178046412463857
0.4199344459893838,29.157762307542498,21.178046412463857
0.43758846397396456,29.161031661733603,21.177273826850296
0.45558392525936375,29.161850562995937,21.176887534688547
0.4718209326870969,29.161442656577492,21.17766011944201
0.4886713726207871,29.16307738302686,21.176887534688547
0.5014564225295481,29.163893211684353,21.176887534688547
0.5133642849907608,29.16307738302686,21.176498316505956
0.5222586116680256,29.165120058147693,21.17611202520743
0.5323046480935768,29.165120058147693,21.175725734338755
0.5422560321268263,29.165938994724286,21.176498316505956
0.5572730703714075,29.167573798710805,21.17611202520743
0.5748459721316803,29.168389666068606,21.176498316505956
0.5965788166301806,29.16798173151176,21.176498316505956
0.6196518976444706,29.167162777285682,21.176887534688547
0.643988815014962,29.16880069281467,21.176498316505956
0.6695093505066502,29.167162777285682,21.176498316505956
0.6901776812922866,29.16880069281467,21.176498316505956
0.7081666343687734,29.16798173151176,21.17611202520743
0.7175436335550031,29.16880069281467,21.17611202520743
0.7207329170952098,29.16880069281467,21.176498316505956
0.7159816207989042,29.169208630896833,21.176887534688547
0.7049381992347675,29.167573798710805,21.17766011944201
0.6839081438509551,29.168389666068606,21.17766011944201
0.6601167895900527,29.169208630896833,21.178046412463857
0.6332339436704435,29.17002451232952,21.179208220584314
0.609944230139036,29.16880069281467,21.179594515330393
0.5870265482496198,29.17002451232952,21.18037003259741
0.5732482755844752,29.169208630896833,21.181531848504846
0.5693018051150819,29.16798173151176,21.181918145840825
0.5738870822285227,29.168389666068606,21.181918145840825
0.5850670080633874,29.1704355461668,21.182693668308218
0.6027360832469443,29.167573798710805,21.183079966939943
0.6206368623210751,29.17002451232952,21.182693668308218
0.6368168962708932,29.1704355461668,21.182693668308218
0.6532164089871424,29.170843491287144,21.182693668308218
0.663381590951733,29.172070427726908,21.183079966939943
0.6686798020716256,29.170843491287144,21.181918145840825
0.6668671925348215,29.17329738005634,21.182304443607507
0.6581588543467414,29.172478379886627,21.182304443607507
0.6418935603192267,29.172478379886627,21.181918145840825
0.6197878378580943,29.172886333803092,21.181918145840825
0.5939898417422345,29.175748241732208,21.181531848504846
0.5648495586779118,29.174932311005193,21.181531848504846
0.5364774097669975,29.176567270175155,21.180756328638154
0.5072998914150901,29.17697524170279,21.180756328638154
0.48127078734342377,29.17738321498797,21.180756328638154
0.45620679427707983,29.179429289339453,21.18037003259741
0.43846093716356266,29.17901821647206,21.179983736987197
0.4240561484528988,29.180245258814637,21.179983736987197
0.41206471318624355,29.182288304144663,21.179208220584314
0.4051480951813131,29.182699391211372,21.179594515330393
0.4020288848924863,29.18188030972334,21.179594515330393
0.4025350014005208,29.185150496270353,21.17882192626854
0.4070417256875005,29.183515388873616,21.17843563238307
0.4142476465025581,29.186785631918383,21.179208220584314
0.42579476421666207,29.186785631918383,21.179208220584314
0.4387903628649285,29.188420795822424,21.178046412463857
0.45490574992121374,29.189647960074865,21.178046412463857
0.47078806713900456,29.190059079114633,21.179208220584314
0.4879480067087472,29.190467108800362,21.179208220584314
0.5106254475561665,29.194964825383067,21.179208220584314
0.5277374975088224,29.193737592147784,21.179208220584314
0.5432526149210479,29.193737592147784,21.179594515330393
0.5544635414944301,29.195780928845636,21.179594515330393
0.562330005222716,29.19700818860133,21.179594515330393
0.5661657797636156,29.19782740108269,21.179208220584314
0.5654447368425033,29.199051595983292,21.179983736987197
0.5605853632052424,29.199870826172855,21.179594515330393
0.5542505773077006,29.198643529254923,21.179983736987197
0.5470880712332802,29.200690063462844,21.18037003259741
0.540064809395485,29.199051595983292,21.179594515330393
0.5359054182934916,29.20232546781807,21.180756328638154
0.5357001256721565,29.201506216352243,21.179208220584314
0.5417907407497394,29.20232546781807,21.17882192626854
0.5534268591600565,29.201098139026556,21.179208220584314
0.5713956390970623,29.202733550443384,21.178046412463857
0.5960666221925606,29.20232546781807,21.17611202520743
0.6203598163736969,29.202733550443384,21.176498316505956
0.6482478024193649,29.201914295439906,21.175725734338755
0.6777001957333282,29.203960900475067,21.1745639378766
0.7027758300231581,29.20232546781807,21.17301585744559
0.7209117226510378,29.202733550443384,21.17224035660888
0.7330616175411795,29.202733550443384,21.17185407004513
0.7376478468339764,29.203141634831013,21.17185407004513
0.7325822473546085,29.20436899016329,21.17185407004513
0.7189355966008774,29.203960900475067,21.171078571800024
0.6975575541549193,29.203960900475067,21.171078571800024
0.6699502769274843,29.203549720980902,21.17030600168283
0.6391596049093176,29.204777081613997,21.17030600168283
0.6065491344741137,29.201098139026556,21.169144223335024
0.5767959737191675,29.20518826644934,21.169144223335024
0.5489241296356598,29.203960900475067,21.168371657512864
0.5214155335875557,29.203960900475067,21.168757940209616
0.5026023973514899,29.202733550443384,21.167596167029387
0.4906888622077437,29.206004458190932,21.167596167029387
0.4860793964071882,29.206004458190932,21.167209885621617
0.4883665304605277,29.20518826644934,21.167209885621617
0.49534100491044264,29.204777081613997,21.165661837914968
0.5061653624468853,29.20682374865953,21.164886353464397
0.5168039812799412,29.207231850713924,21.164886353464397
0.52602586604301,29.207231850713924,21.164886353464397
0.5319246544072699,29.208867368305334,21.163338316078864
0.5310735509979669,29.208459259184792,21.163338316078864
0.5225359369504232,29.209275479189216,21.162952039390575
0.5077150212345929,29.21050291421784,21.16256576313009
0.49104480844947446,29.21050291421784,21.162176560966884
0.46883753493637875,29.21050291421784,21.162176560966884
0.44689437354523404,29.211730365199855,21.162176560966884
0.424342254976829,29.212957832137363,21.160628535607316
0.40599126814200936,29.213365960699264,21.160628535607316
0.3949089622349219,29.21418222311587,21.16024226191871
0.3914524220825385,29.21459344890053,21.158694245136246
0.39652696724797687,29.21582095306195,21.16024226191871
0.4102464837740741,29.21582095306195,21.16101773604396
0.430371289467623,29.21582095306195,21.16140401059073
0.458898529758954,29.217045381175296,21.163338316078864
0.49123292042158506,29.21868106876559,21.16372459319507
0.5218374879894424,29.21745661943305,21.165661837914968
0.552281431257229,29.219908626088795,21.16682360464239
0.5798713257331881,29.220728037219374,21.168757940209616
0.603827237875742,29.21868106876559,21.169144223335024
0.622766717860636,29.220316784705915,21.169919717267646
0.6368534303170277,29.21868106876559,21.169530506889203
0.644316550163807,29.219908626088795,21.1706922865269
0.6469787018970663,29.221136199380965,21.169530506889203
0.6451923261234396,29.221136199380965,21.17030600168283
0.6400611086723964,29.22154436330817,21.169919717267646
0.6325293864315666,29.220728037219374,21.169919717267646
0.6247457241800728,29.220316784705915,21.169919717267646
0.6164418515687294,29.22154436330817,21.169919717267646
0.6107571796715139,29.220316784705915,21.169919717267646
0.6064101015646923,29.220728037219374,21.168757940209616
0.6055329062291857,29.220728037219374,21.168371657512864
0.6072103341643889,29.220316784705915,21.168757940209616
0.6108036820676621,29.219908626088795,21.167982448865644
0.6139100256944576,29.221136199380965,21.168371657512864
0.6156779962625221,29.22154436330817,21.167596167029387
0.6147820303820384,29.221136199380965,21.167982448865644
0.6097134020075713,29.219908626088795,21.168371657512864
0.5997646824879648,29.219500469237005,21.168371657512864
0.5865031255959481,29.220728037219374,21.168757940209616
0.5682638923495721,29.218272917222976,21.167982448865644
0.5458605684092047,29.220728037219374,21.169144223335024
0.5185654296513422,29.222771957882173,21.167982448865644
0.49220001619793335,29.221136199380965,21.168757940209616
0.46733459714167747,29.221136199380965,21.168371657512864
0.4451655839183645,29.220728037219374,21.168371657512864
0.42682127644547074,29.221955621172185,21.167596167029387
0.4127536209932432,29.219908626088795,21.167982448865644
0.4028687656581436,29.221136199380965,21.167982448865644
0.4002188616858125,29.22154436330817,21.168371657512864
0.40511845577959565,29.219908626088795,21.167596167029387
0.4148386290777995,29.22359139388061,21.16682360464239
0.4285505200997358,29.220316784705915,21.16682360464239
0.446498174761882,29.223999568429974,21.16643439772531
0.4651984402748199,29.221955621172185,21.167596167029387
0.48347931219908485,29.222771957882173,21.167982448865644
0.5028879824681102,29.223180128886042,21.167209885621617
0.5203402100999035,29.223180128886042,21.167982448865644
0.5355880212956652,29.224407744745463,21.167596167029387
0.5490348912179985,29.22154436330817,21.167982448865644
0.5600291650926653,29.223999568429974,21.168757940209616
0.5696275616033374,29.223999568429974,21.169144223335024
0.5784626244999094,29.22481592282719,21.17030600168283
0.5857329477721612,29.223999568429974,21.1714677839106
0.5924407483117881,29.223999568429974,21.17301585744559
0.5995286107728534,29.224407744745463,21.174177648729938
0.6065820750743499,29.223999568429974,21.1745639378766
0.6132116201061352,29.22481592282719,21.17533651745873
0.6196058408348618,29.223999568429974,21.17533651745873
0.6256523941518489,29.22522719495356,21.176498316505956
0.6301334272710306,29.22522719495356,21.177273826850296
0.6322668163312761,29.22481592282719,21.176887534688547
0.6314672415562022,29.221955621172185,21.17611202520743
0.6272806228041252,29.22481592282719,21.17611202520743
0.6196762468557985,29.22236378864426,21.176498316505956
0.6079500938818307,29.224407744745463,21.176498316505956
0.5918908005265276,29.222771957882173,21.176887534688547
0.5715192846675222,29.223180128886042,21.17611202520743
0.5500673427219948,29.22236378864426,21.17611202520743
0.5276345082593012,29.222771957882173,21.17611202520743
0.502393240958584,29.22359139388061,21.174950227452825
0.47982221439156736,29.223999568429974,21.175725734338755
0.45658543874691737,29.223180128886042,21.175725734338755
0.43966101399318464,29.22236378864426,21.17533651745873
0.42597224436118647,29.219908626088795,21.17533651745873
0.41795101240712773,29.22154436330817,21.1745639378766
0.41522984004124436,29.22359139388061,21.175725734338755
0.41772385274078155,29.222771957882173,21.173402145300486
0.4258067726832391,29.22236378864426,21.1745639378766
0.4387647260392211,29.222771957882173,21.1745639378766
0.4556118403452403,29.22359139388061,21.17378843358489
0.4739599499178986,29.222771957882173,21.1745639378766
0.4934428330071168,29.22481592282719,21.174177648729938
0.511527679810684,29.23095117591589,21.173402145300486
0.5324131139435729,29.22481592282719,21.173402145300486
0.551473537990725,29.223999568429974,21.17378843358489
0.5679391543699904,29.22481592282719,21.173402145300486
0.5808996945884901,29.224407744745463,21.173402145300486
0.5912971369752523,29.22359139388061,21.17378843358489
0.5998243077737007,29.22522719495356,21.17301585744559
0.6047731535943488,29.22522719495356,21.172629570020092
0.6077941789061078,29.22522719495356,21.172629570020092
0.6080392771731971,29.227271213103336,21.1714677839106
0.6058642668374243,29.22522719495356,21.17185407004513
0.6011973365873848,29.226043559975665,21.17030600168283
0.5933067323474416,29.227271213103336,21.1714677839106
0.5818590599954221,29.228090688190832,21.17030600168283
0.5669492429088724,29.227271213103336,21.169919717267646
0.5494298482098134,29.226454837455037,21.168371657512864
0.5296969755573544,29.227271213103336,21.167209885621617
0.5092941180358401,29.228090688190832,21.167209885621617
0.48856842124526695,29.22686302439581,21.16643439772531
0.4679264516010647,29.228090688190832,21.16604811760601
0.44724898235535143,29.22686302439581,21.16643439772531
0.43181906820436544,29.228090688190832,21.164886353464397
0.4228962492153954,29.22767940357761,21.164113797085747
0.4197867459885185,29.227271213103336,21.16372459319507
0.42256389938514455,29.227271213103336,21.164113797085747
0.43280407073219523,29.228090688190832,21.163338316078864
0.45194660927340174,29.22972656730451,21.163338316078864
0.4766460289415209,29.22686302439581,21.16256576313009
0.5054939058294822,29.230134768407652,21.162176560966884
0.5393985029760309,29.22890707800059,21.162176560966884
0.5694676524601778,29.22972656730451,21.16179028556502
0.5987412283240336,29.22972656730451,21.162176560966884
0.6231314616780484,29.23136247480062,21.162952039390575
0.6399752814373698,29.230542971278055,21.163338316078864
0.6451327016310447,29.230542971278055,21.164113797085747
0.6408338735079081,29.230134768407652,21.164500075061028
0.6286925741949042,29.229315275556075,21.164886353464397
0.6066996493489695,29.22849888221225,21.165272632295796
0.5775318110877781,29.232590197181707,21.16604811760601
0.5437274274721218,29.23136247480062,21.16682360464239
0.5082317936344354,29.230542971278055,21.16682360464239
0.47564633607275936,29.232590197181707,21.168371657512864
0.44558436267564316,29.23217889294051,21.169530506889203
0.4264363290135023,29.23136247480062,21.171078571800024
0.4222455357713976,29.23136247480062,21.171078571800024
0.4303393067407283,29.23177068298679,21.172629570020092
0.45169257934636287,29.232998410684218,21.17224035660888
0.48000004496782933,29.230542971278055,21.1714677839106
0.5179353801235351,29.232998410684218,21.1714677839106
0.5506191199259526,29.233814842992786,21.17301585744559
0.5806131901387624,29.233406625954558,21.17224035660888
0.5993959025279975,29.23177068298679,21.172629570020092
0.6083896077244191,29.232590197181707,21.1714677839106
0.6060671698528729,29.232998410684218,21.1714677839106
0.5930371673367966,29.232998410684218,21.17185407004513
0.5704410080913904,29.233406625954558,21.17030600168283
0.5422473508947648,29.233814842992786,21.1706922865269
0.5114630918263674,29.23217889294051,21.17030600168283
0.48872333613646907,29.232998410684218,21.169530506889203
0.47216609097241524,29.233814842992786,21.169919717267646
0.4634543738948903,29.234226154372436,21.169530506889203
0.46445360392778845,29.23217889294051,21.169530506889203
0.4746654002161564,29.232590197181707,21.168371657512864
0.4911338770698878,29.232590197181707,21.167982448865644
0.5110509559419053,29.233814842992786,21.168371657512864
0.5309089210816677,29.233814842992786,21.168371657512864
0.5478996819678064,29.232998410684218,21.168757940209616
0.5609323452194213,29.23463437496008,21.168757940209616
0.5654087599881888,29.23217889294051,21.168757940209616
0.5636266797769589,29.232590197181707,21.168757940209616
0.5560453941114449,29.233814842992786,21.169144223335024
0.545128007548854,29.232590197181707,21.169144223335024
0.5321897769797107,29.232590197181707,21.169530506889203
0.5169134517298064,29.232590197181707,21.169144223335024
0.5042410855331483,29.233406625954558,21.169144223335024
0.4946408492380167,29.23177068298679,21.169530506889203
0.48806727655847104,29.23177068298679,21.17030600168283
0.4865735739178181,29.23177068298679,21.17185407004513
0.4898256303047451,29.23217889294051,21.1714677839106
0.4965934597165469,29.230542971278055,21.171078571800024
0.5073406133246012,29.23136247480062,21.1714677839106
0.5182708660047124,29.23136247480062,21.17185407004513
0.5285220704370421,29.23217889294051,21.17301585744559
0.5372845135820807,29.23136247480062,21.173402145300486
0.5437511671522465,29.23136247480062,21.17378843358489
0.5460981364708,29.230542971278055,21.1745639378766
0.5451170540221488,29.230542971278055,21.17378843358489
0.5404438519354282,29.23177068298679,21.175725734338755
0.53265633006948,29.23177068298679,21.177273826850296
0.5238727237875587,29.230134768407652,21.17766011944201
0.5143969955306852,29.228090688190832,21.17766011944201
0.505201056989358,29.230542971278055,21.178046412463857
0.49861681838621813,29.228090688190832,21.17843563238307
0.4949203697635477,29.230542971278055,21.17882192626854
0.4939950069340909,29.228090688190832,21.179208220584314
0.4961793817827246,29.230542971278055,21.179208220584314
0.5010236137475262,29.230134768407652,21.179983736987197
0.5072291462722931,29.227271213103336,21.18037003259741
0.5152467030901777,29.22890707800059,21.181142625109487
0.5222541989027631,29.230134768407652,21.181531848504846
0.5283228048892743,29.22686302439581,21.182304443607507
0.5321868468529256,29.228090688190832,21.182304443607507
0.5333975544126481,29.22890707800059,21.18424179193721
0.5320813684208441,29.22522719495356,21.185014393086647
0.5284816840113407,29.22686302439581,21.18462809229635
0.5230012014783226,29.228090688190832,21.18578992249047
0.5159428067551682,29.226043559975665,21.186562527096953
0.5081811162421322,29.22686302439581,21.18733805997192
0.5017702735222038,29.226454837455037,21.18733805997192
0.49733066731531367,29.223999568429974,21.189272509932664
0.49648290770198394,29.224407744745463,21.190434355734908
0.4983953676474136,29.226043559975665,21.191206970724238
0.5027765113211264,29.22522719495356,21.191596205445705
0.5082474917874831,29.226043559975665,21.19314436894581
0.5142443351875274,29.223180128886042,21.19314436894581
0.5204996403902467,29.224407744745463,21.193916990001583
0.5254449867924146,29.223180128886042,21.19662703057071
0.528615593942019,29.223999568429974,21.197016271408756
0.5292659081090064,29.22359139388061,21.198950775632568
0.5276563693699501,29.22359139388061,21.198950775632568
0.523192009897123,29.223999568429974,21.20088529072524
0.5178147871093943,29.22359139388061,21.20204717566793
0.5117850602292249,29.224407744745463,21.20320906453577
0.5044995816488032,29.22359139388061,21.203981708173274
0.49936876427056864,29.223180128886042,21.205529927356395
0.4964185255709445,29.22236378864426,21.205529927356395
0.4957417412430143,29.221955621172185,21.207081080227567
0.4972945926889688,29.223999568429974,21.209401969216174
0.5009255991030395,29.220728037219374,21.210563882968017
0.5065466798640154,29.22154436330817,21.21211213184432
0.5129725378649794,29.221136199380965,21.214435981661097
0.5181014696660394,29.219908626088795,21.215984248037614
0.522426749756889,29.2190923141506,21.218305197333734
0.5250172577070162,29.219908626088795,21.219853481221662
0.5250728026136435,29.22154436330817,21.221791041072493
0.5229984075573202,29.2190923141506,21.22450130184461
0.5188514003104491,29.218272917222976,21.226435961200025
0.5125358584490798,29.21868106876559,21.228370631532584
0.5053946332554342,29.219500469237005,21.23069459196188
0.4986173251353326,29.217045381175296,21.232629286484098
0.4919719126074406,29.217045381175296,21.234953275992552
0.48887155818851785,29.218272917222976,21.23650163550286
0.4886619269135474,29.218272917222976,21.2380500020692
0.49174348630323433,29.21663723670605,21.23921201337322
0.49776892689741736,29.21622909400162,21.24076039230033
0.5061758094036458,29.21418222311587,21.24076039230033
0.5135111624157727,29.21622909400162,21.243084437452012
0.5206772939301572,29.21582095306195,21.244243538972967
0.5256004061692984,29.21418222311587,21.245019202558694
0.5263293027423149,29.213365960699264,21.24618123774468
0.5225195015449676,29.212138488456276,21.2473432769184
0.5158634155708791,29.213365960699264,21.24618123774468
0.5063697553457981,29.212138488456276,21.246953978715624
0.49655067008167736,29.213774091025414,21.2473432769184
0.4856183671474146,29.213365960699264,21.248116020542113
0.4763661574867936,29.210094798030013,21.247729648509676
0.47263329444045343,29.21091103216935,21.248116020542113
0.4746122060482638,29.207231850713924,21.247729648509676
0.48248924278385963,29.208459259184792,21.247729648509676
0.49471588628688057,29.209275479189216,21.248116020542113
0.5094653633193575,29.20559636143878,21.246953978715624
0.5245822613171782,29.20518826644934,21.246953978715624
0.5353891410519505,29.207231850713924,21.246567608009684
0.5427166896038589,29.206004458190932,21.246953978715624
0.5448921366199735,29.206412556706027,21.24618123774468
0.5409714121129378,29.20682374865953,21.246953978715624
0.5306995834350663,29.206412556706027,21.245791940878064
0.5140813505347087,29.20518826644934,21.246953978715624
0.496400581342937,29.20559636143878,21.246567608009684
0.47618948045919884,29.20559636143878,21.245405571497997
0.4546788924867644,29.204777081613997,21.245405571497997
0.43763824799254836,29.202733550443384,21.245791940878064
0.4264897588060038,29.203141634831013,21.245405571497997
0.4219443552599642,29.20232546781807,21.245405571497997
0.4263629967762564,29.201914295439906,21.24463283406004
0.4392577142049949,29.20232546781807,21.243857171358854
0.46114005211352954,29.202733550443384,21.244243538972967
