u_duty,y_temp,d_amb
0.4969673833542778,30.1146114612381,21.847619286115446
0.4531619027399232,30.115438967017838,21.844906462965866
0.5032201930069171,30.112959595631594,21.843352100459185
0.5307741193050614,30.110068124859424,21.84180067930714
0.48181842204829844,30.112959595631594,21.841026438313634
0.44910512271446335,30.08529155347162,21.838697862748916
0.4603581231486633,30.112135235744915,21.838697862748916
0.48406910338578846,30.111719936153406,21.837533582212018
0.5102120177249958,30.110895587886887,21.837533582212018
0.5237466364737431,30.118330614414788,21.838697862748916
0.5048327665350465,30.110068124859424,21.838697862748916
0.4795364386701505,30.10965595750116,21.841026438313634
0.4622451571818182,30.10965595750116,21.84180067930714
0.4487501936028721,30.109243792074324,21.841413558543195
0.45969196976245674,30.10965595750116,21.846067841335298
0.48395002100083523,30.109243792074324,21.847232157312476
0.4958631939559533,30.10717674913849,21.851112267937367
0.5140888406633746,30.107592027279736,21.85382808411555
0.5196214435590087,30.109243792074324,21.854215222047912
0.5024222081340793,30.10635244344735,21.8580954295997
0.4934556542261243,30.10717674913849,21.86042123367531
0.4824250203822513,30.10676459532749,21.862362840328217
0.45393421983154736,30.122459027497996,21.865465919523785
0.4513379161501543,30.10552502315312,21.86701747208417
0.462526911372892,30.107592027279736,21.87012060314953
0.44938409529265505,30.095200096567567,21.871672181662404
0.4651770017025967,30.105937171157223,21.87244944069414
0.4991801183038522,30.10470073293658,21.87516546479486
0.4941640787107929,30.105937171157223,21.87555263237971
0.4865770129235479,30.104285468441844,21.8763269691687
0.5249634461512003,30.10470073293658,21.877491411511528
0.5255089074522549,30.10470073293658,21.87671707147507
0.4877537061661318,30.105937171157223,21.87710424122332
0.48446021163028646,30.110068124859424,21.8763269691687
0.4993031287220039,30.10552502315312,21.87826868682663
0.4807251247076677,30.118330614414788,21.877878582339804
0.4512581515784531,30.110895587886887,21.87865585873925
0.4404792867144207,30.104285468441844,21.877878582339804
0.4522204641046651,30.104285468441844,21.87865585873925
0.4700985361628439,30.104285468441844,21.877878582339804
0.45967754368984703,30.10470073293658,21.87710424122332
0.44103236033262627,30.10552502315312,21.87710424122332
0.45936731538529363,30.104285468441844,21.87593980050434
0.49114426267286543,30.103873328174245,21.87555263237971
0.5015903366773401,30.103873328174245,21.87400103220466
0.5028641998360684,30.103461189836935,21.873223768833952
0.49239697925590487,30.103873328174245,21.872059344380148
0.48689537720870196,30.104285468441844,21.871285019483764
0.5164426036166351,30.103461189836935,21.871672181662404
0.5275429007497594,30.104285468441844,21.87012060314953
0.4897544867670546,30.103873328174245,21.869346283650998
0.4837050637917798,30.1030490534298,21.866240228227582
0.4712022996124448,30.104285468441844,21.86701747208417
0.45395284063367664,30.119567244283132,21.866630316382498
0.4778805517485267,30.094375903032414,21.863524291254862
0.48998760598096963,30.103461189836935,21.86042123367531
0.4500145814886116,30.112547414722314,21.858869717832874
0.42934486276457257,30.111307761054263,21.854602360516594
0.4467490708052155,30.118330614414788,21.85266374068732
0.4443583850926757,30.09561531820259,21.848396478131576
0.45145675546657577,30.104285468441844,21.845680714677144
0.48528002637792783,30.10635244344735,21.842964977553095
0.49041929661566946,30.105937171157223,21.83986214811557
0.4707307759475249,30.112959595631594,21.837923630317505
0.4588964309817707,30.10511287707959,21.83365659214917
0.4755418170623862,30.10470073293658,21.832105224574036
0.5066638830156569,30.118330614414788,21.830163827680167
0.5104361236036393,30.10635244344735,21.82822537677538
0.5043267053563392,30.10552502315312,21.82667403914678
0.5275254013762597,30.10635244344735,21.824735612266238
0.5180958305218779,30.112547414722314,21.824345582448018
0.47781609139656755,30.105937171157223,21.82357138952068
0.471862466484685,30.10717674913849,21.82202007751539
0.4864189182442923,30.10676459532749,21.82085586598248
0.49298373582813415,30.10552502315312,21.819691659253863
0.5025423762175336,30.095200096567567,21.817753280367697
0.4944283550039198,30.107592027279736,21.81620200034598
0.4655182227015861,30.10676459532749,21.814650728842935
0.45965742291029005,30.10635244344735,21.812322371337984
0.4749328592796266,30.10717674913849,21.809606955942
0.447585634820601,30.10717674913849,21.807668646201478
0.41473240760257674,30.107592027279736,21.8049532754398
0.4395515130672509,30.10800418496717,21.803402065591342
0.46301090404931927,30.107592027279736,21.80068673569724
0.4636860846802975,30.10841634458575,21.799909675229458
0.47556817593284706,30.107592027279736,21.795643211308857
0.47557780926335214,30.107592027279736,21.794092052335145
0.4488095904630847,30.10717674913849,21.791376811439477
0.4446803293091495,30.10841634458575,21.789051577143255
0.46721670035626633,30.105937171157223,21.78633638432973
0.4751813750403876,30.12080701441937,21.785172319309595
0.4681779524505045,30.107592027279736,21.783234176257167
0.4641250441538628,30.107592027279736,21.781683084875908
0.48741543083499844,30.109243792074324,21.78051903884824
0.525061950274266,30.12287437782686,21.78090607629531
0.526503492042042,30.104285468441844,21.778190961032294
0.5035065620454158,30.108828506135467,21.778190961032294
0.508127996919252,30.107592027279736,21.776252865384947
0.48555099178530564,30.10717674913849,21.776639897050757
0.46501983030992133,30.10676459532749,21.775865834243234
0.5000272648525842,30.107592027279736,21.775088841487843
0.5110415270741756,30.10717674913849,21.775088841487843
0.4908026278117467,30.095200096567567,21.77353779433969
0.4888066277089944,30.10676459532749,21.772760807909776
0.482656207882242,30.10552502315312,21.77159973023396
0.49567267257186753,30.1030490534298,21.77120977338444
0.510193239752787,30.107592027279736,21.766556720222525
0.4649163147420535,30.103461189836935,21.76927172504287
0.4330721665627348,30.107592027279736,21.76888470334478
0.44806541313075016,30.10717674913849,21.76461870335652
0.4405435894320218,30.10676459532749,21.76810772954468
0.42213930678594863,30.0989184292269,21.76888470334478
0.44422049508383527,30.10635244344735,21.770048702000736
0.47074905022666896,30.10717674913849,21.76927172504287
0.47168569590503207,30.110895587886887,21.76888470334478
0.4586614469931879,30.10511287707959,21.767720709419223
0.44554118533765896,30.10552502315312,21.767333689816553
0.4452588310568356,30.10552502315312,21.766556720222525
0.45789970682168424,30.10470073293658,21.765005719293526
0.46196447818232933,30.119567244283132,21.76461870335652
0.4666028905963333,30.1030490534298,21.763454726753935
0.4605240173858039,30.103461189836935,21.761516730847177
0.42770242341360565,30.10470073293658,21.760352766826884
0.4355285216339913,30.101809533594633,21.7607397770102
0.4888609541112454,30.10263379672932,21.75996575716522
0.48808172693028634,30.101809533594633,21.758801799431694
0.4763252637093477,30.100570031216193,21.758801799431694
0.512847133384652,30.100570031216193,21.757637846414298
0.5267734551232252,30.087770145612183,21.75647389811138
0.5058727440457471,30.099330546292435,21.75569988975832
0.49600124424369774,30.100570031216193,21.755309954521238
0.4779319808153081,30.098506314090628,21.75104415618364
0.47554324407176407,30.096854750818977,21.754148947472288
0.4997155856138551,30.097678967558124,21.75298501329098
0.49528287054784886,30.09726685822403,21.751821083817504
0.4870163595484147,30.097678967558124,21.751434085639687
0.4950770266803794,30.09643952333903,21.751821083817504
0.47417182660882323,30.10098215601454,21.750657159050206
0.455734477809397,30.095200096567567,21.74716834472781
0.48202928375027837,30.095200096567567,21.750270162436777
0.5130155805491984,30.094375903032414,21.749106243937888
0.5122894617148656,30.094787998835727,21.749106243937888
0.49148392156385745,30.094375903032414,21.74833225539834
0.47178351004734354,30.092724417230954,21.747555337174788
0.48353836617987833,30.09396380915757,21.747555337174788
0.4805182646122071,30.099330546292435,21.74639142964145
0.44221120829377236,30.09231233108386,21.74522752680656
0.4210220109592718,30.09066088397651,21.744453548680383
0.4313882492941232,30.091485042745603,21.743676640907154
0.42597305338838387,30.091072962397163,21.74328965366476
0.431815879824903,30.08611878365099,21.742125763343154
0.4647296589326489,30.101809533594633,21.740961877714028
0.46458843964411567,30.08942153852587,21.740187911026
0.43732947594294,30.090245685699415,21.739411014731616
0.45139285587735756,30.093548595309812,21.7370862016939
0.4576274485630145,30.08942153852587,21.735922336363615
0.43179477451522674,30.087770145612183,21.735145451533242
0.4469164711866859,30.093548595309812,21.733594619752182
0.4784148166479302,30.08611878365099,21.732430768467736
0.4827299684695718,30.08611878365099,21.730879951230577
0.4736667863989053,30.08529155347162,21.72894217425346
0.4501803576840371,30.08529155347162,21.727004410232666
0.42497571964111436,30.08405228354519,21.724289803439206
0.4409473951303008,30.083640237959003,21.722739029746037
0.4670609638177883,30.083228194299352,21.720411418990977
0.4532844742450301,30.081576917446284,21.718086758346544
0.4389793872688794,30.082813031045077,21.71575918484706
0.45245864779335915,30.079925671526894,21.71382150876906
0.4736376383998572,30.08735496095892,21.712657736749293
0.49305771528475634,30.079925671526894,21.710330206659478
0.503817720170114,30.080337699748668,21.708779507384463
0.5129289711818799,30.079510523826855,21.707615755501024
0.5242679638366613,30.09231233108386,21.70567813357269
0.4956494267826042,30.077035285257864,21.705291196998132
0.46999490778082553,30.077447299971936,21.70412745902803
0.5005475368565181,30.076620151167333,21.702963725696293
0.493225014267357,30.07620814031816,21.70024934304621
0.4680556784669131,30.075796131393986,21.700636272941438
0.4919396364808444,30.0729058804788,21.69908562515991
0.517088662483155,30.07414499373209,21.697148059809592
0.4939730822506276,30.074968998077225,21.6952105072902
0.47961110502003496,30.0729058804788,21.694046809445013
0.4657298366169653,30.074556994942327,21.691719427625173
0.44178859224970474,30.073729873247146,21.68823132071168
0.47673070360587627,30.073317875900727,21.687067650574363
0.5002299293243514,30.0729058804788,21.684740324140535
0.4860303608320319,30.073317875900727,21.682802853608564
0.4757594799760493,30.074968998077225,21.680865395851015
0.47399741087248837,30.07414499373209,21.67931485262227
0.48467937796674826,30.077859316611296,21.67931485262227
0.503477415420574,30.074556994942327,21.677374486786732
0.49424443481856406,30.073317875900727,21.677374486786732
0.4753639476803829,30.04442355641828,21.67815121779836
0.4689302498585963,30.073317875900727,21.678925019788267
0.4549856037112483,30.073317875900727,21.68202904141424
0.4331837265392146,30.079098499471,21.684353415237013
0.41443593575136933,30.06960374426859,21.687067650574363
0.4101632923054215,30.073317875900727,21.690945591921206
0.43029626658151665,30.073729873247146,21.692109277447003
0.45399273237217425,30.073729873247146,21.695984354261782
0.4323843613836353,30.0729058804788,21.69753498560135
0.422916708205938,30.074968998077225,21.70179999700133
0.46006649434545965,30.07414499373209,21.70374052450893
0.4608872414271588,30.07414499373209,21.70567813357269
0.4196134553720824,30.08116176196978,21.70722881635686
0.42938426670659857,30.08735496095892,21.70955632168011
0.4341195143735243,30.073729873247146,21.709943263912976
0.4249176193771571,30.073317875900727,21.710330206659478
0.45808159404201926,30.073729873247146,21.71188091418577
0.48950555911313876,30.073729873247146,21.71188091418577
0.48340553675713993,30.07414499373209,21.71343162996726
0.46795254211026416,30.074968998077225,21.712270790911475
0.45122302503186795,30.073729873247146,21.716146135321935
0.4455427757357715,30.074556994942327,21.716922969268524
0.46582132875675153,30.07414499373209,21.716922969268524
0.47557181674094334,30.074968998077225,21.716922969268524
0.4632914214852589,30.07414499373209,21.716146135321935
0.4524928263897527,30.073317875900727,21.714982354007873
0.440154341153525,30.074968998077225,21.71382150876906
0.43729078147661277,30.078271335175998,21.71071714991973
0.4546753125033609,30.073317875900727,21.71382150876906
0.45056557023027655,30.078271335175998,21.71188091418577
0.5086090502485892,30.060110010774622,21.70955632168011
0.49540240283523074,30.073729873247146,21.708779507384463
0.47688616866811995,30.07207877426714,21.708005626521526
0.4818501105907454,30.072493886981306,21.707615755501024
0.5100010493781726,30.072493886981306,21.70839256669626
0.5301517712166868,30.06960374426859,21.706841877725935
0.5039550361237932,30.071254796922574,21.70722881635686
0.4622063868303219,30.0613458235959,21.70645200826084
0.45556710530165545,30.070842811136515,21.706065070660202
0.48204382818463337,30.071254796922574,21.706065070660202
0.494289835713325,30.071666784632725,21.70645200826084
0.48591587771118616,30.06960374426859,21.706841877725935
0.48017313915899235,30.074968998077225,21.70567813357269
0.49103833510969697,30.08446433105786,21.706065070660202
0.5102633280418247,30.06836469480237,21.705291196998132
0.5080521924331245,30.069191766192716,21.705291196998132
0.49122861247215033,30.06960374426859,21.704901329604752
0.4738295720782876,30.06836469480237,21.70567813357269
0.45809906581966525,30.068776669016415,21.70374052450893
0.43894414567222917,30.069191766192716,21.702963725696293
0.43857892112214586,30.06795272251196,21.702189860254293
0.4494173990411492,30.06299672175544,21.70141306556536
0.45557067953570474,30.066713696229897,21.700636272941438
0.46028091377341773,30.066713696229897,21.699862413663197
0.46539031967743966,30.066301731647457,21.699475484792288
0.4557124310999109,30.077859316611296,21.69908562515991
0.4430433214397895,30.065886648066282,21.698311769985878
0.4354600816219093,30.06547468734459,21.698311769985878
0.44570979164569535,30.064650771670244,21.695984354261782
0.45174875006691767,30.06547468734459,21.69559743052025
0.45384930514904165,30.06341179174541,21.694046809445013
0.4634350360150388,30.06382374283828,21.69249619658001
0.4779725055690667,30.079098499471,21.693270036378863
0.4673849869438887,30.06299672175544,21.691332509517792
0.45647714318397814,30.062584774522293,21.689781911015018
0.47121262328896907,30.062172829211647,21.68939499546474
0.49010085049320634,30.060933884066742,21.68823132071168
0.47613116838452085,30.060933884066742,21.686680738603854
0.459157739962238,30.060933884066742,21.687067650574363
0.4536798764827054,30.057220273559494,21.68513016468762
0.4394461389830518,30.051852978030638,21.683579598959
0.39397142238305016,30.058871094577228,21.682802853608564
0.4221716298039998,30.058459166594275,21.68163920498199
0.4542069972951592,30.057632195763176,21.68125230016193
0.4271019752148651,30.05680523267648,21.680865395851015
0.39633609154525046,30.058044119888336,21.68047556096178
0.3918359523008509,30.056393314330137,21.68047556096178
0.417938108375907,30.05680523267648,21.67931485262227
0.44466428686171766,30.05144108277824,21.678925019788267
0.4522228575623219,30.056393314330137,21.67853811853894
0.44864360759398464,30.055154450276177,21.677374486786732
0.4422119825602936,30.06836469480237,21.677374486786732
0.44275058497310016,30.05556948340137,21.676600688873634
0.45190916281070165,30.055154450276177,21.676600688873634
0.4482358542121608,30.055981397905157,21.676987587575923
0.4138844900291416,30.05474253962916,21.675050168115035
0.40661428583256043,30.054330630903053,21.677374486786732
0.414594218894457,30.048963510940723,21.676987587575923
0.42310437749319774,30.054330630903053,21.677374486786732
0.432537174869609,30.053918724097855,21.67815121779836
0.45566201238154497,30.053918724097855,21.67931485262227
0.47782353312474113,30.05144108277824,21.67815121779836
0.47919178987857053,30.052679894751748,21.67970175489313
0.47174987327826595,30.053918724097855,21.67815121779836
0.47789809357408464,30.053918724097855,21.67815121779836
0.47407360009659333,30.05350369872923,21.678925019788267
0.457706511991255,30.058044119888336,21.67853811853894
0.45293905080158947,30.05350369872923,21.677374486786732
0.49118553838187995,30.053918724097855,21.674660340928767
0.4843123290854695,30.05144108277824,21.674660340928767
0.4764129475273573,30.052264875203434,21.67117243642241
0.49382826269649377,30.05350369872923,21.67078554535601
0.4829797021303203,30.052264875203434,21.67078554535601
0.45446825149874054,30.05144108277824,21.670008833762438
0.4579265564087193,30.05144108277824,21.668071460170665
0.4806362636045375,30.051029189446183,21.66845834767787
0.47388766247850245,30.051029189446183,21.668845235692288
0.44637491484550473,30.0613458235959,21.669235055189517
0.44577215535966774,30.046489128804637,21.670008833762438
0.44776703462753914,30.038233368709882,21.670395723809975
0.44220766920994653,30.050614177652278,21.67078554535601
0.44221613811995447,30.05144108277824,21.67117243642241
0.45308664585465047,30.049790400618406,21.671949151080753
0.47302442518460347,30.051029189446183,21.672722936775017
0.5026816519597216,30.051852978030638,21.672336043674022
0.5147561217091683,30.052264875203434,21.67117243642241
0.4916738061793539,30.060110010774622,21.671949151080753
0.4593723388537038,30.052264875203434,21.67117243642241
0.45687414742609095,30.04937851498147,21.67078554535601
0.49209379049956864,30.04937851498147,21.67078554535601
0.5208349996990533,30.064650771670244,21.670008833762438
0.5222751238200402,30.051029189446183,21.668845235692288
0.5073298753666889,30.049790400618406,21.66845834767787
0.49950344308111605,30.050614177652278,21.667294755721173
0.48927152667118523,30.04937851498147,21.666520984263684
0.4733252539999262,30.050202288175285,21.663030245045945
0.47190608149774543,30.051029189446183,21.664193820203025
0.48285249692701676,30.050614177652278,21.66380693828222
0.4784212556289685,30.050614177652278,21.663030245045945
0.4547121299942668,30.04772787135255,21.662643364648147
0.44239800500333404,30.051852978030638,21.660706039361003
0.46941428976761934,30.05969495630859,21.66109291722421
0.485017672670234,30.050614177652278,21.65954247792729
0.47785902436183525,30.050202288175285,21.658765795889337
0.493711551258551,30.051852978030638,21.658765795889337
0.5056228439075124,30.050202288175285,21.657605172943818
0.4752182303011721,30.050614177652278,21.65605182106964
0.4522261772864147,30.044838539140812,21.655664949794414
0.44627980368485776,30.048963510940723,21.653340801931392
0.4439814865955269,30.051029189446183,21.653727670172714
0.42878901934245484,30.05144108277824,21.651790403210896
0.4194511700640215,30.052264875203434,21.651400606697848
0.42867775378236167,30.05144108277824,21.65023708180638
0.440979341889095,30.050614177652278,21.649076492252675
0.4445959746172089,30.052264875203434,21.648299837635932
0.44273598964747685,30.06341179174541,21.648686699304278
0.4303409678927661,30.05309179578012,21.648686699304278
0.41974325385987676,30.053918724097855,21.647526115811218
0.42484675663279897,30.053918724097855,21.645972816717176
0.4095399027469415,30.054330630903053,21.644422456472682
0.43539299769147993,30.05680523267648,21.643261889634232
0.4166030497772051,30.04772787135255,21.641711543524366
0.4473577798692476,30.05309179578012,21.639384574164524
0.4615256475485085,30.066301731647457,21.637057622990085
0.47145431283726946,30.058044119888336,21.633957003441083
0.48256714638350506,30.058871094577228,21.632793546768312
0.47236590912052007,30.060933884066742,21.632406705756352
0.4292693202213074,30.060110010774622,21.630469577624922
0.4150784017068907,30.05969495630859,21.63007980903592
0.398417410825656,30.060110010774622,21.628919298053802
0.42566550479643817,30.0613458235959,21.628142696000623
0.4573654214376709,30.061760885823276,21.6269792619849
0.4593164109058202,30.062584774522293,21.626205595524425
0.44161647249806,30.062172829211647,21.625042169048015
0.4233203177725219,30.06341179174541,21.624655338073637
0.4056956277056333,30.070842811136515,21.624265577067604
0.39792612973757807,30.04607413833253,21.623491917627632
0.40817329006510567,30.065062728545968,21.62310508865795
0.4219304049120407,30.065886648066282,21.623491917627632
0.42717236780123036,30.065886648066282,21.624265577067604
0.4305990637365899,30.066713696229897,21.624655338073637
0.4253905358196916,30.06547468734459,21.624265577067604
0.421888383772025,30.06960374426859,21.62542900052273
0.4374070969485364,30.06753763116467,21.62542900052273
0.466149286055971,30.068776669016415,21.625815832497835
0.4794196340945246,30.066301731647457,21.626205595524425
0.4691530044737779,30.077447299971936,21.626205595524425
0.4486447230481665,30.067125662735634,21.625042169048015
0.45132857071442695,30.06836469480237,21.625042169048015
0.46182137107928856,30.06795272251196,21.623878747097535
0.41898415490078267,30.06960374426859,21.621165090305396
0.43983588560968584,30.067125662735634,21.619228035004994
0.4475041686202363,30.065886648066282,21.616127600389916
0.47162462379848696,30.067125662735634,21.614577395104675
0.4824303331059267,30.066301731647457,21.614187647209974
0.49089191058751036,30.065886648066282,21.61302719782907
0.4964960863795906,30.067125662735634,21.612250636986346
0.4714154820347175,30.066713696229897,21.61147700855912
0.4643540351268177,30.066713696229897,21.61186382252356
0.491198552918076,30.06753763116467,21.61186382252356
0.4891097067498112,30.067125662735634,21.609537085432805
0.4686411360478149,30.066713696229897,21.612250636986346
0.48299871452272225,30.066713696229897,21.612637451947478
0.5030323996667572,30.066713696229897,21.61186382252356
0.510544697238552,30.067125662735634,21.613414013790816
0.49776479446301475,30.067125662735634,21.61147700855912
0.47365070574430973,30.065886648066282,21.61108726468973
0.47005308731242207,30.067125662735634,21.61108726468973
0.49627624667562287,30.066713696229897,21.610700451725393
0.4966215062883439,30.06795272251196,21.610313639259175
0.4725063137845573,30.061760885823276,21.610700451725393
0.4805448628539247,30.06836469480237,21.609923896899204
0.47805974002571355,30.068776669016415,21.60915027446424
0.44820701308691624,30.06960374426859,21.607986914172727
0.4499582548177306,30.055981397905157,21.607600105199083
0.4330227618282258,30.069191766192716,21.60411005581591
0.3925630779847451,30.07001572426833,21.60488659562776
0.4313692577378548,30.07042770619188,21.6052734011119
0.48133151924433176,30.06052194645963,21.602949645340004
0.471091966928686,30.08611878365099,21.60255991252177
0.456912818621393,30.07207877426714,21.60100977720697
0.44211436835555135,30.087770145612183,21.601786309023453
0.4362463632619921,30.073729873247146,21.60139950801937
0.46099929057592137,30.074968998077225,21.60100977720697
0.48018273222566965,30.083228194299352,21.60100977720697
0.48483570799922704,30.07414499373209,21.60139950801937
0.4940423790925663,30.075796131393986,21.602949645340004
0.4756593187506583,30.076620151167333,21.60411005581591
0.46151092155179396,30.075384124394816,21.60449979064083
0.47354605279133916,30.075796131393986,21.606436750905686
0.48604601823924626,30.074968998077225,21.608763463993625
0.47785851161116133,30.048551629158226,21.609923896899204
0.4494517682742667,30.076620151167333,21.613414013790816
0.4254845349675561,30.065886648066282,21.614577395104675
0.4335946310782294,30.077859316611296,21.616901240807408
0.44053244276964765,30.079098499471,21.618451458106904
0.40769455652657294,30.077859316611296,21.619614858965576
0.4206928981019995,30.078686477040833,21.620001683425755
0.47215648781040026,30.077859316611296,21.619228035004994
0.4602935826511241,30.08074972989624,21.616901240807408
0.44691858329186107,30.079925671526894,21.61884121154378
0.4660069584446944,30.092724417230954,21.619228035004994
0.46131653538235695,30.079098499471,21.620001683425755
0.44126077604753877,30.096854750818977,21.619614858965576
0.44202421006324427,30.086942899929227,21.616127600389916
0.42970623051553974,30.098506314090628,21.621165090305396
0.3991810183193907,30.08735496095892,21.622715329671394
0.39886107087240286,30.08198895338637,21.623491917627632
0.41718813383569003,30.082813031045077,21.623878747097535
0.424604575585534,30.08198895338637,21.624265577067604
0.41877735273177635,30.083228194299352,21.624265577067604
0.4146049903474301,30.07207877426714,21.624265577067604
0.41048766921119517,30.08405228354519,21.623878747097535
0.41825839126017617,30.076620151167333,21.62310508865795
0.432858459692476,30.086530840826583,21.623878747097535
0.4268536495248877,30.100157908347512,21.622715329671394
0.4018600940799981,30.08529155347162,21.622328501705454
0.38854579368444053,30.085703606778907,21.62155484727333
0.39979235992890205,30.069191766192716,21.62155484727333
0.4131379222590762,30.085703606778907,21.620001683425755
0.4220111271574103,30.08611878365099,21.621165090305396
0.42890518619779994,30.08611878365099,21.620391438879494
0.4223831129180457,30.086942899929227,21.620391438879494
0.4063877923028559,30.08116176196978,21.62077826434262
0.4144638457563032,30.100570031216193,21.621165090305396
0.4303616596057104,30.086942899929227,21.621165090305396
0.4193717114417057,30.087770145612183,21.620001683425755
0.40160047360645496,30.088594277336824,21.62194167423945
0.4123622465756524,30.086530840826583,21.622328501705454
0.43697769687614585,30.08818221051081,21.622715329671394
0.4356472453140796,30.089006346090173,21.62542900052273
0.4167864295682425,30.08735496095892,21.62736902652847
0.4171147615931606,30.089833611148833,21.628919298053802
0.4557864903402312,30.08405228354519,21.63007980903592
0.5077135963927645,30.08942153852587,21.632793546768312
0.5114448587061531,30.089006346090173,21.635507309184334
0.4938117121128246,30.090245685699415,21.636283930404147
0.4708755434235158,30.08818221051081,21.638997724598426
0.4535582223541255,30.08942153852587,21.640548056570424
0.4399232648450318,30.089833611148833,21.642098396617598
0.4313974670801095,30.089006346090173,21.643261889634232
0.43485745978476986,30.089833611148833,21.644035600356574
0.4550314391334535,30.093136505306234,21.644422456472682
0.4679856947317046,30.089006346090173,21.644812243826152
0.4713252767244409,30.089006346090173,21.645585958583297
0.4696064304605744,30.089833611148833,21.64636260610399
0.46855135156143035,30.08818221051081,21.64674946524906
0.46315695433849674,30.074968998077225,21.647136324897872
0.45279232811569387,30.08818221051081,21.649076492252675
0.44250303342803543,30.09231233108386,21.64946335493306
0.43724377367985506,30.09643952333903,21.65023708180638
0.43042601442440237,30.09066088397651,21.65062687679074
0.4246842754593548,30.08735496095892,21.6521772694295
0.42406236422304905,30.089006346090173,21.651400606697848
0.43727238927733403,30.089006346090173,21.651790403210896
0.4504892684219136,30.09066088397651,21.6521772694295
0.4342103864933005,30.091897125022058,21.65411453891886
0.4170255733376506,30.090245685699415,21.655664949794414
0.4136088554374759,30.088594277336824,21.65605182106964
0.4184605844316997,30.089833611148833,21.658378921068618
0.4233874879750614,30.100157908347512,21.661479795593436
0.44047217556196905,30.089833611148833,21.663030245045945
0.46490393662274015,30.08611878365099,21.66535739994174
0.46897556502928783,30.08942153852587,21.667294755721173
0.445161402442207,30.091072962397163,21.670395723809975
0.45881463414733686,30.088594277336824,21.67117243642241
0.5067233663913513,30.08818221051081,21.671949151080753
0.506346706111582,30.075384124394816,21.673499655518754
0.4706145607944463,30.087770145612183,21.67388655014736
0.4504854949158791,30.08818221051081,21.67427344528403
0.4610966243061536,30.077859316611296,21.675823961953256
0.4702029985236801,30.08818221051081,21.67543706478
0.4517268231752944,30.08529155347162,21.675823961953256
0.4367260273671668,30.088594277336824,21.676600688873634
0.43822911803015874,30.08818221051081,21.677374486786732
0.4463264012896709,30.08529155347162,21.677374486786732
0.4460366639994865,30.087770145612183,21.676987587575923
0.4417613851054563,30.08818221051081,21.67815121779836
0.4419956589640271,30.093136505306234,21.67931485262227
0.447375245476255,30.086942899929227,21.67970175489313
0.4593048007691178,30.086530840826583,21.68047556096178
0.48118920081663535,30.08818221051081,21.680865395851015
0.4963215506388891,30.086942899929227,21.682415947256686
0.4842582236780673,30.086942899929227,21.68202904141424
0.47056513081141715,30.08735496095892,21.684353415237013
0.4695878867123084,30.08446433105786,21.685517074614495
0.4775115662499898,30.08529155347162,21.685903985051198
0.4808548431816442,30.085703606778907,21.687844407206796
0.4791308282404608,30.086530840826583,21.689781911015018
0.4806740639103064,30.08611878365099,21.690555743647224
0.4769692556323943,30.101397404922125,21.691719427625173
0.4589014717021115,30.08529155347162,21.692109277447003
0.43858584080665064,30.08529155347162,21.693270036378863
0.441603064213451,30.08446433105786,21.69443373113728
0.46730034108467733,30.0848795020911,21.6952105072902
0.4887794086049959,30.08529155347162,21.69559743052025
0.48631950405255836,30.08446433105786,21.697148059809592
0.4799804328914823,30.08074972989624,21.696761134529538
0.48073130753060406,30.08529155347162,21.698311769985878
0.4755812773887834,30.082400991252598,21.698698697316956
0.4549005505015756,30.0848795020911,21.69908562515991
0.4516270379673367,30.083640237959003,21.699475484792288
0.474412138818798,30.08405228354519,21.70024934304621
0.48855258366347315,30.081576917446284,21.699475484792288
0.462163043937456,30.081576917446284,21.700636272941438
0.44093611288585577,30.086530840826583,21.700636272941438
0.4682738000420289,30.07207877426714,21.70024934304621
0.4803852869403988,30.08198895338637,21.70102613464178
0.4674303548008752,30.081576917446284,21.700636272941438
0.4445476720594048,30.074968998077225,21.700636272941438
0.4497696924808681,30.079510523826855,21.70102613464178
0.4716062150017979,30.083640237959003,21.70102613464178
0.47937593660914257,30.08074972989624,21.702189860254293
0.4657290272364176,30.077859316611296,21.70102613464178
0.43111390686573614,30.079510523826855,21.70102613464178
0.39763589104232144,30.079925671526894,21.700636272941438
0.3745803019747677,30.079510523826855,21.70102613464178
0.3837289510754125,30.078271335175998,21.70024934304621
0.39505887322575717,30.078271335175998,21.70024934304621
0.4012090260400936,30.077447299971936,21.69908562515991
0.4195242464066711,30.076620151167333,21.69908562515991
0.44192693567946445,30.055981397905157,21.698311769985878
0.43033050323186595,30.076620151167333,21.698698697316956
0.4097996944585243,30.073317875900727,21.698311769985878
0.4047611652256713,30.091485042745603,21.696761134529538
0.40494044800007056,30.074556994942327,21.695984354261782
0.3925683664995011,30.074968998077225,21.69482065334074
0.3972704604264616,30.07414499373209,21.69482065334074
0.4157588277745905,30.073729873247146,21.693270036378863
0.4130289798442617,30.07414499373209,21.690945591921206
0.4171043519031645,30.07042770619188,21.693659888263994
0.44831025085357706,30.071666784632725,21.693659888263994
0.45358519493444416,30.07207877426714,21.69443373113728
0.4249498036400262,30.071254796922574,21.6952105072902
0.42641553411879257,30.071254796922574,21.695984354261782
0.44466947840903,30.068776669016415,21.69792484316673
0.44424252481951665,30.06960374426859,21.698311769985878
0.45278029393777336,30.07042770619188,21.696761134529538
0.47381901949540217,30.069191766192716,21.70024934304621
0.461384571677861,30.07207877426714,21.70141306556536
0.4275506030318143,30.069191766192716,21.702189860254293
0.4267292758495792,30.06836469480237,21.699862413663197
0.44675693600033856,30.069191766192716,21.702963725696293
0.4470921535064747,30.06836469480237,21.70257679271907
0.4198520500143125,30.062172829211647,21.70257679271907
0.3823347046244478,30.06753763116467,21.702189860254293
0.3863856487573773,30.066301731647457,21.70179999700133
0.41846221327210054,30.076620151167333,21.69908562515991
0.4173390605151371,30.064650771670244,21.70141306556536
0.39819736704481756,30.06382374283828,21.70024934304621
0.4118676968185573,30.06299672175544,21.69908562515991
0.43509539458471425,30.06341179174541,21.69908562515991
0.4336195150755676,30.062584774522293,21.699475484792288
0.4300996185704163,30.061760885823276,21.69753498560135
0.45008123490607654,30.058871094577228,21.69753498560135
0.4584026738837464,30.06052194645963,21.69637127851479
0.4539287492536219,30.058871094577228,21.695984354261782
0.4614933382779629,30.058044119888336,21.69482065334074
0.4535345999545536,30.057632195763176,21.69482065334074
0.41501622810738636,30.05680523267648,21.69443373113728
0.4063700371086627,30.05969495630859,21.693270036378863
0.42560491720092447,30.0613458235959,21.693270036378863
0.4279912767839377,30.054330630903053,21.69249619658001
0.4109788363090042,30.051852978030638,21.690555743647224
0.4204248321971871,30.052264875203434,21.68939499546474
0.42299537581929453,30.051852978030638,21.688618234726846
0.4009199658208503,30.06547468734459,21.68745456305504
0.39925500126163116,30.048963510940723,21.686290895997843
0.42642324859456227,30.0481397492955,21.68513016468762
0.4476953699894957,30.049790400618406,21.684740324140535
0.44845283038772976,30.047312875063653,21.683579598959
0.44300304537880025,30.04607413833253,21.683966506843205
0.4317357894309672,30.04607413833253,21.683966506843205
0.41882368682160137,30.046489128804637,21.683189760469872
0.414018034862045,30.020492019945948,21.682802853608564
0.4144097239687601,30.043187980298967,21.682415947256686
0.417662418240641,30.04194930137237,21.682802853608564
0.4289118064114068,30.04525040361881,21.683189760469872
0.45141730703248045,30.04566227001601,21.683579598959
0.4525146016912248,30.050202288175285,21.683579598959
0.4250750419241722,30.044838539140812,21.683579598959
0.4080104547672156,30.039471995580016,21.683966506843205
0.43381436795625783,30.035759286869165,21.683966506843205
0.4689235606420558,30.0481397492955,21.68513016468762
0.4557514923494672,30.035344346754584,21.686290895997843
0.42981451973056356,30.036171109057875,21.687844407206796
0.4343060911685231,30.01347694784363,21.68745456305504
0.45748601472402084,30.034932528415084,21.689781911015018
0.4603604266589796,30.03410889748767,21.690945591921206
0.4550598233763558,30.03287034571838,21.692109277447003
0.4508055025916508,30.032458538895526,21.694046809445013
0.4352552854602403,30.032043614262648,21.69559743052025
0.41100019371098084,30.032043614262648,21.697148059809592
0.41910515790451647,30.029981498899474,21.69908562515991
0.4627320535318364,30.03122001022956,21.70102613464178
0.4939621440551953,30.028331217287985,21.70257679271907
0.4999786408750285,30.028331217287985,21.70374052450893
0.5052889934341577,30.028331217287985,21.70645200826084
0.5216689297306375,30.034520711992798,21.708005626521526
0.5307669894254998,30.02626918842668,21.71110702508804
0.5103896735774396,30.02626918842668,21.711493969379944
0.4906519238389547,30.025854292812028,21.71343162996726
0.4805736378356946,30.025442518636055,21.712270790911475
0.4794649887877167,30.024615856565276,21.718473711918136
0.47819040414182973,30.034520711992798,21.720411418990977
0.47916291710255654,30.023792321649637,21.722352070493912
0.4801086945890308,30.023792321649637,21.721188264335467
0.4799349231498415,30.023380557064513,21.727391375688967
0.4885662602757601,30.023792321649637,21.730492981116186
0.4985346892521475,30.02255391424694,21.732430768467736
0.4997601690954849,29.993676167276874,21.735145451533242
0.482984901575651,30.02173039851033,21.738637052198612
0.48596435213493727,30.020903771098347,21.742125763343154
0.49599444757098066,30.02173039851033,21.742512749025025
0.4815767897548251,30.02008027070798,21.74328965366476
0.44785183983742866,30.020492019945948,21.744453548680383
0.43647234274283003,30.019253658699085,21.744840537483867
0.4638439759341744,30.019253658699085,21.74522752680656
0.4734475991606362,30.019665404093757,21.74522752680656
0.4555309136805774,30.019253658699085,21.744840537483867
0.446069623235265,30.018015314767695,21.744453548680383
0.457678865917442,30.014715228332193,21.744066560395993
0.46409966442663037,30.018015314767695,21.743676640907154
0.4431948417053792,30.033282154457993,21.74290266694129
0.4218837837980495,30.018841915218616,21.74328965366476
0.40932605777203823,30.018015314767695,21.742125763343154
0.4200205328722522,30.01842705440538,21.742125763343154
0.4325287426139861,30.018015314767695,21.740187911026
0.4411023130109204,30.018015314767695,21.739024033205965
0.45280545131254746,30.019665404093757,21.739411014731616
0.44767415837226304,30.0176035770441,21.736696291628164
0.42136402119909655,30.02626918842668,21.736309313736967
0.41290087063593084,30.01719184123442,21.734758475716944
0.44532898422451855,30.0176035770441,21.733594619752182
0.48461461399219347,30.03163181128781,21.732430768467736
0.49583968113933496,30.018015314767695,21.731269853459537
0.48337900354500063,30.01719184123442,21.730492981116186
0.47450693767337565,30.01719184123442,21.730106011518842
0.4739490849454424,30.018841915218616,21.72816823971732
0.47886288680802785,30.03287034571838,21.726227549322402
0.48749459521613514,30.0176035770441,21.725063727625525
0.4825664384192962,30.019665404093757,21.722739029746037
0.46486702715269346,30.018015314767695,21.720411418990977
0.4620475480787937,30.023380557064513,21.718473711918136
0.4733657396335346,30.018015314767695,21.718860666004844
0.4583004811518838,30.01347694784363,21.71769687382931
0.4385215501186169,30.016776988149672,21.716146135321935
0.44171907544744593,30.0176035770441,21.716533086311472
0.44807851080750044,30.015953526128385,21.716146135321935
0.41476098077401174,30.01719184123442,21.716146135321935
0.4163645151687336,30.015953526128385,21.716922969268524
0.45644069387228653,30.0176035770441,21.715372234886843
0.4628218617805332,30.02750452823858,21.71769687382931
0.4429501574840009,30.018015314767695,21.716922969268524
0.44169412990389817,30.016776988149672,21.717309921291474
0.4582759555311231,30.01719184123442,21.71963750720363
0.4522865944612375,30.01719184123442,21.718086758346544
0.43701258422642636,30.0176035770441,21.71924762060661
0.4419641048197641,30.01554179798819,21.718473711918136
0.4614583829753232,30.01719184123442,21.718086758346544
0.4719955297942933,30.02750452823858,21.71769687382931
0.4738225099252669,30.015126952630794,21.717309921291474
0.46958899602901905,30.015953526128385,21.716922969268524
0.4475339531859516,30.015126952630794,21.716146135321935
0.42747307964985304,30.024615856565276,21.714982354007873
0.42886946783836893,30.0138886663878,21.71575918484706
0.43934233908407183,30.015126952630794,21.71382150876906
0.4400184397761858,30.019665404093757,21.71382150876906
0.4406687198591384,30.0138886663878,21.713044683101145
0.4546528265121433,30.011826973783286,21.713044683101145
0.4705267534830141,30.011826973783286,21.712270790911475
0.4682694199003015,30.01223868466076,21.712657736749293
0.4512588523253744,30.00811542418711,21.711493969379944
0.4336773716980455,30.011415264818652,21.711493969379944
0.42788597274582074,30.011415264818652,21.709943263912976
0.4557305081771323,30.01058873365662,21.712657736749293
0.4785714469524687,30.01058873365662,21.710330206659478
0.46142870112332107,30.01058873365662,21.710330206659478
0.41530580360905345,30.0110035577668,21.70955632168011
0.4205138772699157,29.999039936451425,21.70955632168011
0.4510302769356447,30.009765329145125,21.70955632168011
0.4552763547637876,30.009353629758095,21.708779507384463
0.4336233951558584,30.01430350594694,21.708779507384463
0.4291928348763857,30.009353629758095,21.708779507384463
0.42743081265284083,30.010177030444595,21.708005626521526
0.40383214994458577,30.009353629758095,21.70645200826084
0.41284039094464925,30.008527117822723,21.705291196998132
0.4647978223840957,30.00893881337049,21.70412745902803
0.47967560579619223,30.008527117822723,21.70257679271907
0.4613558507728261,30.004400911244204,21.700636272941438
0.44547476422912163,30.00770061359424,21.69908562515991
0.424209123099959,30.00811542418711,21.69792484316673
0.40147630880785473,30.007288923797375,21.695984354261782
0.38782805396990894,30.008527117822723,21.69559743052025
0.3745249021917234,30.00811542418711,21.694046809445013
0.3724043696643795,30.00770061359424,21.69482065334074
0.391770239180189,30.008527117822723,21.692883116223925
0.40298027668411934,30.007288923797375,21.693659888263994
0.40231782554267387,29.999863241360515,21.694046809445013
0.4144154317420875,30.00811542418711,21.69482065334074
0.4269985369286476,30.00770061359424,21.69559743052025
0.42441201378670007,30.008527117822723,21.693270036378863
0.4239194163996607,30.009353629758095,21.69753498560135
0.4185367616702056,30.00893881337049,21.69792484316673
0.40669746914026567,30.01058873365662,21.698698697316956
0.4167909517778762,30.00605074706715,21.699475484792288
0.41920272963409955,30.02255391424694,21.69908562515991
0.3879480979480713,30.009353629758095,21.698698697316956
0.3883384029246928,30.012653516494765,21.69908562515991
0.441931209186937,30.011826973783286,21.69753498560135
0.4601791337635258,30.011826973783286,21.696761134529538
0.43051702359017235,30.011826973783286,21.697148059809592
0.4333410061098363,30.011826973783286,21.694046809445013
0.4571378809879563,30.01347694784363,21.69249619658001
0.4470646902654929,30.01347694784363,21.691332509517792
0.43404252546329886,30.0138886663878,21.689781911015018
0.4459789469948378,30.01430350594694,21.68900514925241
0.46174610829131096,30.0138886663878,21.68745456305504
0.4798908293559998,29.986666334435768,21.687067650574363
0.49613590760515974,30.015953526128385,21.68513016468762
0.477833648606925,30.015953526128385,21.683966506843205
0.4640025612023017,30.002339439305956,21.683966506843205
0.47523055586451246,30.01842705440538,21.683579598959
0.5027058498787897,30.019665404093757,21.683189760469872
0.5133913763936745,30.01842705440538,21.682802853608564
0.45512593819235864,30.021315524165402,21.682415947256686
0.4446977343117831,30.021315524165402,21.68163920498199
0.4500863298909852,30.023792321649637,21.68047556096178
0.4450750424392633,30.032043614262648,21.68163920498199
0.4469923675767117,30.025442518636055,21.682802853608564
0.43372645260596426,30.026680966448282,21.68202904141424
0.4180549027319769,30.028331217287985,21.680865395851015
0.43602741749972707,30.028331217287985,21.68047556096178
0.44809238000779716,29.999863241360515,21.67931485262227
0.4243889103695729,30.02915479443442,21.678925019788267
0.43337782046259543,30.030393294193857,21.678925019788267
0.46392403922585923,30.03163181128781,21.677764317566528
0.4521539570139509,30.032458538895526,21.676987587575923
0.44114352894873926,30.02750452823858,21.676987587575923
0.48747106571631277,30.03163181128781,21.67543706478
0.5186441191802968,30.033693965114537,21.675823961953256
0.4964067383222267,30.033282154457993,21.67543706478
0.47569577253326634,30.028743004903163,21.67543706478
0.47392665876425344,30.03410889748767,21.67543706478
0.4735541443957548,30.034520711992798,21.676600688873634
0.47015040286143256,30.033693965114537,21.676210859634807
0.46102065467542397,30.03410889748767,21.67543706478
0.4579212426654216,30.034932528415084,21.675050168115035
0.4752591510336359,30.034932528415084,21.675050168115035
0.4788142506348647,30.051029189446183,21.674660340928767
0.4558292100504889,30.034932528415084,21.67388655014736
0.4419798245406358,30.04566227001601,21.67388655014736
0.4365622261263554,30.035344346754584,21.673109830383964
0.4306780116113179,30.05144108277824,21.673499655518754
0.45400266654381066,30.033282154457993,21.671559327996476
0.48027070339814126,30.025030746375478,21.67388655014736
0.4669682634916992,30.032458538895526,21.672722936775017
0.46897041484783447,30.03410889748767,21.67388655014736
0.4850431691081069,30.038233368709882,21.675050168115035
0.4689022604259161,30.03287034571838,21.676600688873634
0.4519039908926737,30.033282154457993,21.67815121779836
0.45631499847435447,30.00811542418711,21.67853811853894
0.44407954827848656,30.041534332212393,21.68047556096178
0.45381672242278415,30.033693965114537,21.68202904141424
0.493007756266317,30.033282154457993,21.683579598959
0.48553827490689916,30.03410889748767,21.68513016468762
0.44042513692982976,30.033693965114537,21.686680738603854
0.44544999112931616,30.032458538895526,21.68513016468762
0.4785727031341675,30.034932528415084,21.690555743647224
0.4848240488320129,30.033282154457993,21.69249619658001
0.47292391593437877,30.032458538895526,21.69443373113728
0.465542669683783,30.029981498899474,21.69559743052025
0.462595581114928,30.034932528415084,21.697148059809592
0.46189096578169936,30.03287034571838,21.69908562515991
0.4661972193115439,30.032458538895526,21.700636272941438
0.48549376244753795,30.037821536918614,21.70412745902803
0.5166448599097546,30.032043614262648,21.70451439405997
0.5059882559219115,30.03163181128781,21.706841877725935
0.4583647908847997,30.032458538895526,21.708779507384463
0.43590026262771037,30.030393294193857,21.709943263912976
0.44387550727232605,30.030808211087788,21.712270790911475
0.44224322978825475,30.032043614262648,21.71420845666762
0.44049000343617245,30.032458538895526,21.716146135321935
0.45563892197645484,30.03163181128781,21.717309921291474
0.46294503787031144,30.030808211087788,21.720798375657637
0.4684713760324802,30.0369978790892,21.721962180253854
0.5104783884649927,30.03740970704507,21.723125989513846
0.5219666245655642,30.03163181128781,21.727391375688967
0.49782024819331483,30.030808211087788,21.72971904243832
0.4981020826778079,30.030808211087788,21.730492981116186
0.5081371495732351,30.030393294193857,21.73282067278484
0.48750581398264187,30.038233368709882,21.735145451533242
0.471528696288269,30.030808211087788,21.738250071709444
0.47587510886013623,30.030808211087788,21.741351793535728
0.46141511859280604,30.041534332212393,21.74328965366476
0.44589588072294706,30.029569705521283,21.746778421045406
0.4616050821994653,30.029981498899474,21.749106243937888
0.47198685239440746,30.030393294193857,21.751821083817504
0.45221277030581386,30.03122001022956,21.75453594930127
0.4480300543182427,30.03163181128781,21.75841479185982
0.47300557672159693,30.03122001022956,21.75996575716522
0.4966442277272898,30.029981498899474,21.763067712909617
0.48938382832882665,30.03163181128781,21.766556720222525
0.45006911912285974,30.03122001022956,21.77043572527208
0.42768420188565964,30.027919431588714,21.77159973023396
0.44390464233733457,30.03287034571838,21.774701811922114
0.44284909383872395,30.032043614262648,21.77702692924072
0.4166889730313399,30.032458538895526,21.779354997567623
0.4262778153629713,30.032043614262648,21.782844203528384
0.445887691357732,30.03287034571838,21.785559363070774
0.4338786075987288,30.04194930137237,21.78594933951331
0.4284514780819831,30.03410889748767,21.790602708631297
0.43052380815678776,30.033282154457993,21.794482040467756
0.3995901714515283,30.034932528415084,21.797971431785413
0.3841749325846524,30.034932528415084,21.799522611941086
0.39434489143631973,30.046489128804637,21.802624997685825
0.40024619597259414,30.035759286869165,21.804566205268827
0.40784563020777814,30.036171109057875,21.806504493778448
0.43034237703093026,30.052679894751748,21.805727417367734
0.4100649873889603,30.02750452823858,21.809606955942
0.35750468951208075,30.042361152389276,21.811545278956714
0.35957717782846593,30.037821536918614,21.815037812806224
0.3914977963759164,30.03740970704507,21.816976173053604
0.4039755688547928,30.03740970704507,21.820468774043377
0.41650501979484955,30.03864832237872,21.82357138952068
0.4177307128091645,30.038233368709882,21.82628693921822
0.411196615887589,30.038233368709882,21.829389618758228
0.4238093243825268,30.03906015802039,21.832492332505808
0.4430956242124455,30.038233368709882,21.835595080492226
0.45563133813112905,30.03906015802039,21.837146467334833
0.4476748580469448,30.039883835057708,21.839087912472223
0.4273268672993429,30.04772787135255,21.841026438313634
0.4488785029062386,30.039471995580016,21.839087912472223
0.4632462469525753,30.041122485047083,21.83986214811557
0.42946911399173554,30.03906015802039,21.839475030026904
0.4266078083890523,30.042773005324875,21.838697862748916
0.46840229192413707,30.039883835057708,21.83675935299135
0.4452670565180038,30.041534332212393,21.83637223918157
0.40520537512543187,30.041122485047083,21.83675935299135
0.408940701996664,30.041122485047083,21.834043702217173
0.40664445783032366,30.04194930137237,21.832879440970544
0.41932443197885844,30.038233368709882,21.831715184545374
0.4269706492546325,30.041534332212393,21.830940971354096
0.412835894127807,30.041122485047083,21.829389618758228
0.42549643690096645,30.04194930137237,21.82822537677538
0.445608413298141,30.04194930137237,21.827838274714225
0.43200372969914974,30.04194930137237,21.82667403914678
0.41808518268328965,30.042773005324875,21.82512271006317
0.4276784294239584,30.04194930137237,21.821630051454008
0.4293015598537341,30.04194930137237,21.824345582448018
0.42671454484106097,30.041122485047083,21.82279426618271
0.44594062403578244,30.042361152389276,21.823181361313516
0.46730592723289716,30.041122485047083,21.822407171583393
0.4788984165450043,30.040710639800125,21.821630051454008
0.4730657739076237,30.04194930137237,21.821242958452615
0.4485991924164804,30.04194930137237,21.821630051454008
0.43973757529123675,30.041534332212393,21.82085586598248
0.4487171575463098,30.040710639800125,21.82085586598248
0.4402331674748958,30.040710639800125,21.82085586598248
0.4177477629963185,30.040710639800125,21.82202007751539
0.43163694900573585,30.055981397905157,21.821242958452615
0.44268931597769556,30.040298796471518,21.82085586598248
0.4328160106748646,30.049790400618406,21.821242958452615
0.4547631561212392,30.039883835057708,21.82085586598248
0.4831548780066103,30.03906015802039,21.821630051454008
0.4422205967176738,30.046489128804637,21.820468774043377
0.41026211102247295,30.042773005324875,21.820468774043377
0.43304011488892863,30.040298796471518,21.820468774043377
0.47025421435511944,30.03906015802039,21.820078750126754
0.46905223139589475,30.035344346754584,21.819691659253863
0.4561716859388454,30.030393294193857,21.819304568911832
0.4396850344486012,30.039471995580016,21.818140368582476
0.418557278362007,30.039471995580016,21.81542489729975
0.4209258834814937,30.03864832237872,21.813873630062517
0.4395664138802477,30.03906015802039,21.81193529109254
0.4472170091069995,30.03906015802039,21.809219879411387
0.44244274459338767,30.039471995580016,21.80611742148858
0.45047265858186175,30.03906015802039,21.8049532754398
0.4672775322131565,30.047312875063653,21.802624997685825
0.4639805495799919,30.03906015802039,21.79758437113935
0.44304459389730716,30.042773005324875,21.796420260102252
0.41504355028823864,30.040298796471518,21.793317942137946
0.407055061910972,30.04194930137237,21.788274548478398
0.41639035813326014,30.040710639800125,21.785559363070774
0.4441079612374611,30.039883835057708,21.784398233363618
0.46320878121575393,30.040710639800125,21.78090607629531
0.46726238257758546,30.043187980298967,21.77974203343649
0.473652984006163,30.033282154457993,21.77780392726544
0.49617389615388174,30.041534332212393,21.777416894022963
0.5042604687315668,30.04194930137237,21.776639897050757
0.4850220598630606,30.052264875203434,21.77702692924072
0.485523305051164,30.040298796471518,21.77702692924072
0.501618022137543,30.039883835057708,21.77780392726544
0.49814598941970367,30.040298796471518,21.778190961032294
0.4553742576630675,30.042773005324875,21.778967962223305
0.4249500854209565,30.0481397492955,21.779354997567623
0.43466347101588887,30.057632195763176,21.781293114267214
0.4365427422192879,30.041534332212393,21.782070123901633
0.41347750531826977,30.042773005324875,21.78594933951331
0.4178217947700436,30.044838539140812,21.785172319309595
0.43618292731065894,30.05474253962916,21.787500454105214
0.42720453819091836,30.042361152389276,21.78866452863764
0.4190492216469677,30.040710639800125,21.79021565801679
0.43641111945459055,30.022142155421193,21.79254090182428
0.4531735907818555,30.043187980298967,21.793704996973133
0.4598095549488167,30.043599837086504,21.794482040467756
0.4618253197877311,30.043187980298967,21.796033201569742
0.4570634106146125,30.042773005324875,21.796033201569742
0.44817099378239733,30.043187980298967,21.794869096887737
0.45765932596432185,30.04442355641828,21.793704996973133
0.48434589069521417,30.04442355641828,21.79254090182428
0.49320049286050327,30.042773005324875,21.790602708631297
0.46886811884982627,30.043187980298967,21.790602708631297
0.4420002595931763,30.032043614262648,21.78866452863764
0.4335708848995422,30.043599837086504,21.787887501028877
0.44246362547498624,30.046489128804637,21.787110475539862
0.4666792404123564,30.04401169579296,21.78633638432973
0.485835937523096,30.04525040361881,21.78594933951331
0.4833053178554023,30.055981397905157,21.78594933951331
0.469931407631762,30.044838539140812,21.784785276073876
0.4722003702381062,30.0469010009744,21.78594933951331
0.5053323208103699,30.044838539140812,21.783621217387463
0.5208485990115026,30.04607413833253,21.783234176257167
0.49801439595254055,30.047312875063653,21.781683084875908
0.49044625714920365,30.047312875063653,21.781293114267214
0.5049197690274454,30.04607413833253,21.781683084875908
0.5007103028494733,30.047312875063653,21.781293114267214
0.4726644974933483,30.0469010009744,21.781293114267214
0.4651456708663018,30.04772787135255,21.778967962223305
0.4937774545544026,30.047312875063653,21.782457163452477
0.5192915728113655,30.0469010009744,21.783234176257167
0.5139825393512031,30.047312875063653,21.78594933951331
0.5192406549674555,30.046489128804637,21.786723429671895
0.5292099232734121,30.0481397492955,21.78866452863764
0.5199360727856949,30.04566227001601,21.78982567573297
0.49307341156287504,30.0481397492955,21.792153848573264
0.48406339947311733,30.046489128804637,21.793704996973133
0.4941460504935356,30.06341179174541,21.79525615383477
0.5172778163777424,30.049790400618406,21.797194378749225
0.5339056634664343,30.04772787135255,21.799135549180562
0.54534088738625,30.048551629158226,21.801073800573306
0.5382683687628709,30.049790400618406,21.803402065591342
0.5183526840183967,30.062172829211647,21.80611742148858
0.510042975918896,30.0481397492955,21.809219879411387
0.5007350904183092,30.064235695853824,21.808442795550093
0.4841742552991345,30.04772787135255,21.813873630062517
0.47827534913562675,30.048551629158226,21.816976173053604
0.4911311442165285,30.0481397492955,21.820078750126754
0.49560357552485657,30.048963510940723,21.82279426618271
0.48246850143172115,30.04937851498147,21.82202007751539
0.4613732575404382,30.050202288175285,21.82628693921822
0.4489407749457932,30.05144108277824,21.828612479368815
0.4370446700874053,30.050614177652278,21.830163827680167
0.43268841559551413,30.051029189446183,21.831715184545374
0.45790643469186243,30.049790400618406,21.83365659214917
0.4712899272902353,30.050614177652278,21.83365659214917
0.4471266362014812,30.051029189446183,21.834043702217173
0.41124124504894005,30.049790400618406,21.83365659214917
0.42543795686299424,30.051029189446183,21.83365659214917
0.4685207649117686,30.05309179578012,21.834043702217173
0.45667502854813746,30.05474253962916,21.834430812818425
0.41929510427440153,30.05144108277824,21.834430812818425
0.40822682611728633,30.036582933164027,21.835207968286966
0.42682202689214543,30.052264875203434,21.83598219323096
0.4335073116449819,30.058044119888336,21.838310746266302
0.44360661367002485,30.05309179578012,21.838310746266302
0.4649197767546397,30.052264875203434,21.839475030026904
0.4785654366484925,30.052264875203434,21.840639318618287
0.47726316548087055,30.023792321649637,21.841026438313634
0.4700858715836502,30.069191766192716,21.842577855181617
0.4747196711987672,30.052679894751748,21.843352100459185
0.4767886380222687,30.05309179578012,21.845293588554
0.4777991703285316,30.059283024482,21.845680714677144
0.4733694689150656,30.042361152389276,21.847232157312476
0.4531879986920893,30.053918724097855,21.84800934825381
0.4427212808072557,30.02626918842668,21.84956080379419
0.45604607186091145,30.05350369872923,21.85188653681587
0.46348983623175966,30.05474253962916,21.85149940210863
0.4590423621128743,30.05680523267648,21.853050877006808
0.4696037511938408,30.05474253962916,21.85266374068732
0.48248641209743964,30.05556948340137,21.85382808411555
0.46911663174039264,30.059283024482,21.85266374068732
0.4481953679726663,30.042361152389276,21.854215222047912
0.44005947497865777,30.055981397905157,21.854602360516594
0.42663771892419994,30.056393314330137,21.85499243239508
0.41619937383068945,30.055154450276177,21.856931068383574
0.4311119377329784,30.05680523267648,21.856931068383574
0.4398497045427983,30.055981397905157,21.85731821061671
0.4204213874388264,30.060933884066742,21.85848257344776
0.4176829898165728,30.064650771670244,21.860034087137308
0.4500193619553764,30.053918724097855,21.861198461301854
0.4691511962080887,30.05680523267648,21.862362840328217
0.44660667510541646,30.060110010774622,21.864688679997357
0.444429815368326,30.056393314330137,21.86701747208417
0.4694690717367779,30.056393314330137,21.867791785102725
0.46540373280961544,30.055981397905157,21.868956191689733
0.42331584401954386,30.05350369872923,21.870507763707053
0.4078843992392459,30.06052194645963,21.870897857844227
0.42522348177064195,30.05680523267648,21.871672181662404
0.4607529144212773,30.056393314330137,21.871672181662404
0.4794436937303447,30.055154450276177,21.871672181662404
0.46588340078620344,30.054330630903053,21.872059344380148
0.4304476492718779,30.055154450276177,21.871285019483764
0.4197066754275478,30.055981397905157,21.870507763707053
0.4232324908055986,30.054330630903053,21.868956191689733
0.42896803650864973,30.05474253962916,21.868181875431787
0.443556649400545,30.05474253962916,21.868181875431787
0.46488316003429947,30.052679894751748,21.86740462832421
0.46812320497768656,30.050202288175285,21.868181875431787
0.4510007845097244,30.05474253962916,21.866240228227582
0.4417489849940547,30.053918724097855,21.866240228227582
0.4563385260844584,30.05309179578012,21.866630316382498
0.45235407461245974,30.052264875203434,21.863137140408185
0.4279915772602303,30.05350369872923,21.867791785102725
0.4185070254571917,30.05350369872923,21.866630316382498
0.4279668567374634,30.052264875203434,21.869733443130883
0.43782092091914465,30.05144108277824,21.870507763707053
0.44198544606242907,30.051852978030638,21.872836604494353
0.46883717082981946,30.051852978030638,21.873610933712882
0.49014422270537034,30.05144108277824,21.87555263237971
0.4682097118821303,30.05144108277824,21.8763269691687
0.4466131941731725,30.049790400618406,21.879820310853574
0.4581473158334573,30.025854292812028,21.882146296589042
0.4530558752433937,30.049790400618406,21.88408805498682
0.42325851787241264,30.04937851498147,21.88563971158527
0.4104761799767993,30.049790400618406,21.88680419304154
0.42274178020200365,30.046489128804637,21.888743050868015
0.424082872205155,30.04772787135255,21.889907545381448
0.39976968302994254,30.061760885823276,21.890294733560097
0.38068002873187856,30.0469010009744,21.889520357744857
0.3916335110032889,30.0469010009744,21.889520357744857
0.4127467262184187,30.057632195763176,21.889520357744857
0.4364951330326407,30.04607413833253,21.88913023741668
0.440040698939253,30.04442355641828,21.888743050868015
0.4308135134624502,30.04442355641828,21.887578561255452
0.444221724343824,30.043599837086504,21.88680419304154
0.47974000358379465,30.04442355641828,21.88602689379303
0.4747604842663012,30.018841915218616,21.884862415605426
0.45535792894108806,30.040710639800125,21.883310763360726
0.4756135996554505,30.039883835057708,21.882146296589042
0.46418596114787786,30.040710639800125,21.880207484931532
0.44997569387391945,30.039471995580016,21.879820310853574
0.44004627186951084,30.03864832237872,21.877491411511528
0.42397275321719613,30.03864832237872,21.87516546479486
0.44434445799486283,30.037821536918614,21.87516546479486
0.4588519551207262,30.037821536918614,21.87438819816657
0.42469592870220296,30.03740970704507,21.873223768833952
0.3988431984716709,30.038233368709882,21.870897857844227
0.4099628747209394,30.036171109057875,21.869733443130883
0.42245399715791176,30.035759286869165,21.868181875431787
0.4410378374509674,30.02915479443442,21.86701747208417
0.4714709782702394,30.035759286869165,21.86585307360656
0.46367774912933474,30.034520711992798,21.864301527532916
0.4274663255613525,30.033693965114537,21.865078765979206
0.42587473751257626,30.033282154457993,21.862362840328217
0.4475743669009065,30.033282154457993,21.861972758148
0.44669696769585815,30.03122001022956,21.86042123367531
0.42458698999023414,30.03163181128781,21.860034087137308
0.4060171880327522,30.018015314767695,21.858869717832874
0.40143964356608497,30.02915479443442,21.857705353386848
0.4073798483663787,30.01842705440538,21.857705353386848
0.403088059700369,30.016776988149672,21.856153852641967
0.3996508114676718,30.027092746385563,21.85576671202307
0.4299879484401537,30.024615856565276,21.855379571940773
0.46140930723571555,30.037821536918614,21.855379571940773
0.4408547674667957,30.025442518636055,21.85576671202307
0.4126631321296971,30.021315524165402,21.85499243239508
0.4240561063841722,30.023792321649637,21.854602360516594
0.4172846824213316,30.023380557064513,21.85499243239508
0.3865405002754091,30.02173039851033,21.856543926687152
0.3882758621456407,30.035759286869165,21.856931068383574
0.4134921120785483,30.019665404093757,21.856931068383574
0.4282982406503217,30.020492019945948,21.85731821061671
0.447271761875417,29.998213520648335,21.856931068383574
0.45785831832828644,30.016365256182155,21.856543926687152
0.42627952366605437,30.014715228332193,21.85848257344776
0.4020077615513295,30.028743004903163,21.856153852641967
0.4128101179187428,30.012653516494765,21.85731821061671
0.42008188896132626,30.009765329145125,21.85731821061671
0.407545932909399,30.018841915218616,21.857705353386848
0.4220665963289904,30.00893881337049,21.856931068383574
0.43809376146501566,30.006877235912498,21.85731821061671
0.435026339468525,30.006465549939605,21.857705353386848
0.4331582956866589,30.004400911244204,21.856931068383574
0.4340527450283768,30.004400911244204,21.856153852641967
0.43127523809503304,30.01058873365662,21.856153852641967
0.4373437574940643,30.003162774846203,21.856153852641967
0.4594611936135522,30.001101331691018,21.85576671202307
0.47704515216221577,30.00481570639755,21.85499243239508
0.48998187830676365,29.997801874894606,21.85382808411555
0.47829504049764077,29.996975470625557,21.853050877006808
0.4596716477230975,29.994090912279376,21.8534380138625
0.4833619902359782,29.994502540815063,21.853050877006808
0.5263170078318646,29.993264542574593,21.85149940210863
0.5138039775743665,29.992026561605144,21.850335068377944
0.4753573894241403,29.98955376970224,21.850335068377944
0.4843875881546773,29.993264542574593,21.849947935818193
0.5165323656179075,29.990376986595038,21.84956080379419
0.5172298655837656,29.988315840489804,21.84800934825381
0.5211960955045839,29.96604541674259,21.846457901312363
0.5365382323567959,29.98584003385065,21.844906462965866
0.5158648802025255,29.98377899307161,21.84374215665531
0.4926685719966903,29.984190573791807,21.843352100459185
0.4876309010615913,29.974294456660687,21.840639318618287
0.48170194122814236,29.992026561605144,21.839475030026904
0.47771867160607645,29.980891745582994,21.835207968286966
0.48922465260207004,29.975117532125182,21.83675935299135
0.48206039341102574,29.97924237742302,21.835595080492226
0.44548899310382695,29.97924237742302,21.833266549968357
0.442253618537394,29.97759303988596,21.833266549968357
0.4681240455547188,29.99243818056516,21.832105224574036
0.48212891231979704,29.947903961503187,21.83055386555759
0.4796856265076776,29.97594373296687,21.82822537677538
0.47814980110987176,29.973879804105934,21.82822537677538
0.47741112918108763,29.981303312923046,21.825896907252513
0.4825732363236991,29.97305674010471,21.82357138952068
0.4785206835643115,29.970992878287234,21.82202007751539
0.4606844756600972,29.97058135870037,21.820078750126754
0.46050659745065997,29.971819040785306,21.818140368582476
0.4807143974788876,29.954502409975362,21.81581198232351
0.48097961325644084,29.970992878287234,21.813873630062517
0.488290543525219,29.95120468304873,21.81193529109254
0.5148338206701719,29.968520671847216,21.809994033001942
0.5088452434652448,29.96769454000122,21.808055720611264
0.4803249951607649,29.968109163704014,21.80611742148858
0.5013742555056204,29.968109163704014,21.805340346139417
0.5370258139198145,29.96769454000122,21.80417620328268
0.5163820670791299,29.96646003275555,21.803789134172803
0.4761116779957737,29.97676682370826,21.801850864229095
0.48250634522993047,29.960686756644407,21.801460865977276
0.4843960462208833,29.96728303568159,21.80068673569724
0.4682877729049698,29.97759303988596,21.799909675229458
0.45545310626368213,29.968109163704014,21.799135549180562
0.45345388268521214,29.964807815028223,21.797971431785413
0.4579393551896498,29.968520671847216,21.797194378749225
0.4739765401738055,29.96769454000122,21.796807319162042
0.5049366394785763,29.966871533266385,21.796807319162042
0.5135973956572151,29.968520671847216,21.797194378749225
0.48744660185153926,29.977181489735187,21.796420260102252
0.4614802404888962,29.985016859027155,21.797971431785413
0.4533527337711983,29.968520671847216,21.79758437113935
0.45273569809800557,29.96769454000122,21.799135549180562
0.4556814105174801,29.968932181895127,21.799522611941086
0.46833383379736676,29.968520671847216,21.801073800573306
0.48688661456281007,29.969343693847804,21.80301206520653
0.4964627227878386,29.962747261969298,21.804566205268827
0.49804738627849504,29.97058135870037,21.807668646201478
0.49074735828046134,29.968109163704014,21.80883280341004
0.4678520611578242,29.970992878287234,21.81077112112223
0.4524498276489747,29.970992878287234,21.81270945211321
0.46712750556112703,29.968520671847216,21.814650728842935
0.48704167593667147,29.966871533266385,21.817363260203138
0.4636934693922625,29.97305674010471,21.820078750126754
0.4409739737218076,29.97346827115257,21.821242958452615
0.4569078953260671,29.972645210962412,21.82279426618271
0.48455233533295566,29.97058135870037,21.825896907252513
0.4936808863909929,29.97346827115257,21.827061139607338
0.49053352917919324,29.97470599344001,21.829389618758228
0.5073867377987168,29.975117532125182,21.832105224574036
0.5100363108891143,29.97676682370826,21.834043702217173
0.47252777636124427,29.97305674010471,21.83598219323096
0.4360022282358185,29.97676682370826,21.838310746266302
0.4383500126420482,29.97676682370826,21.841413558543195
0.4535764042252499,29.977181489735187,21.842577855181617
0.4506861807186927,29.978416145906806,21.844906462965866
0.4342188384095846,29.980065498725764,21.8468450290448
0.43148676187798646,29.97924237742302,21.849173672305767
0.4373569498316357,29.981303312923046,21.85149940210863
0.44536789830100065,29.98212957129499,21.8534380138625
0.45758300791355055,29.983367414258964,21.854602360516594
0.46427800589737284,29.9973902310511,21.85731821061671
0.4576200031132666,29.983367414258964,21.8580954295997
0.46210294211119357,29.984190573791807,21.859646941136646
0.48971282950741324,29.99615219251774,21.860034087137308
0.518112118923431,29.96604541674259,21.861198461301854
0.5136392885353772,29.985016859027155,21.8615856094562
0.49774352676957334,29.98584003385065,21.861972758148
0.4827632745068188,29.987077928539975,21.862362840328217
0.47219024840532847,29.986251624124236,21.861972758148
0.47139244010834547,29.986666334435768,21.86274999009936
0.47788806126068106,29.994914171260405,21.861198461301854
0.4628259986984186,29.98955376970224,21.86391437560644
0.4338558833162727,29.98955376970224,21.86391437560644
0.43307314945935693,29.98955376970224,21.865465919523785
0.4523597689848827,30.00068967253469,21.86585307360656
0.44994470668730174,29.98955376970224,21.866240228227582
0.41861945280677343,29.992026561605144,21.868569033291408
0.42560622213321303,29.992026561605144,21.869733443130883
0.45227808764643146,29.984190573791807,21.871672181662404
0.4419529570581272,29.98254114437094,21.87400103220466
0.4319750476941354,30.00605074706715,21.8763269691687
0.4538024252371122,29.994914171260405,21.87710424122332
0.4759054714446378,29.99574055632877,21.879820310853574
0.4570904347049202,29.994502540815063,21.88175911980403
0.44127988226760756,29.996975470625557,21.879820310853574
0.450688558502319,29.998213520648335,21.883310763360726
0.46171845651382165,30.0138886663878,21.88408805498682
0.477961523885429,29.998628286862584,21.884862415605426
0.49543748283831346,29.998628286862584,21.88563971158527
0.4976484968423468,29.999039936451425,21.885252529918887
0.483557661558393,29.999863241360515,21.88602689379303
0.4621807924440887,30.0110035577668,21.887191376877695
0.44245302215838306,30.00068967253469,21.887191376877695
0.43628092427737236,30.000278015289155,21.887578561255452
0.453119940537704,30.014715228332193,21.888743050868015
0.48254604159398623,30.01347694784363,21.889907545381448
0.4737641131308222,30.001512992758137,21.8914592346066
0.44127363588022606,30.001927774402418,21.892623740557895
0.4299670284223211,30.001101331691018,21.893785318132757
0.43874301020547163,30.003577564207433,21.896501551424706
0.44972248787879243,30.015953526128385,21.896114354549525
0.46273272854278863,30.004400911244204,21.89805327768454
0.47473012339235265,30.00398923677011,21.899995147791458
0.46757305549514594,30.002339439305956,21.901159689745327
0.46294104771162115,30.005227384709087,21.90271144220941
0.4908994714617323,30.005227384709087,21.904650411726834
0.5025439062150955,30.005227384709087,21.906202183850723
0.4603055798612168,30.005227384709087,21.90658939489333
0.43143163349613084,30.005639064932268,21.908141177945993
0.457159439175904,30.00605074706715,21.90891853947562
0.4580867450087649,30.00605074706715,21.90969296974953
0.43082775946541707,30.006877235912498,21.912022140609622
0.434479782841757,30.006465549939605,21.913573954315552
0.4593109305569118,30.007288923797375,21.912022140609622
0.4771295537678418,30.00770061359424,21.913186733439943
0.4799333148597622,30.006877235912498,21.915125776786
0.48616362468807806,30.000278015289155,21.915515933909262
0.48246147837057013,29.991614944554215,21.915903158068375
0.4599614366269787,30.000278015289155,21.91667760802494
0.4420142471380588,30.006877235912498,21.917454993701256
0.42786830139580057,30.011826973783286,21.918229448036186
0.43283443821231415,30.008527117822723,21.919394067192798
0.45738236749967526,30.008527117822723,21.9217233203413
0.4718024757356491,30.00398923677011,21.920945922569274
0.4661637597440616,30.02255391424694,21.92249778672891
0.47005208049482394,30.00811542418711,21.923275188902267
0.48106929995531994,29.99078859790461,21.92404965967563
0.47327075281960806,30.00811542418711,21.926378952395225
0.4513777392456258,30.009353629758095,21.92676619189666
0.4570525899869786,30.016365256182155,21.927543606185907
0.4607704105765455,30.008527117822723,21.929095507730153
0.43950642712464283,30.00811542418711,21.932199337233726
0.4406991749873938,30.00770061359424,21.93336401580916
0.45414129606414244,30.009765329145125,21.93491595039177
0.44223203474859674,30.011415264818652,21.936080640549278
0.43012358302301656,30.009353629758095,21.934138515141512
0.4257437449336378,30.009353629758095,21.936467893792837
0.397435562904636,30.008527117822723,21.935303201983572
0.3768746529479244,30.024204088149816,21.938019846016232
0.41688570780636075,30.020492019945948,21.935693387854997
0.43028905676160806,30.010177030444595,21.935693387854997
0.37687458408912605,30.008527117822723,21.934528699349016
0.34519135667011563,30.00893881337049,21.934528699349016
0.36365675388440877,30.00770061359424,21.932199337233726
0.3932391807849142,30.01058873365662,21.931034663621006
0.40320404104926016,30.00893881337049,21.929482751075682
0.4010205950665763,30.008527117822723,21.928318089032132
0.3913836774318753,30.00893881337049,21.927930847335062
0.3841071721082348,30.008527117822723,21.92676619189666
0.378956714078893,30.00770061359424,21.926378952395225
0.36555586306951127,30.008527117822723,21.92288795433649
0.36504875856574304,30.00811542418711,21.92404965967563
0.3882076760544004,30.007288923797375,21.923275188902267
0.3986000163292744,29.9973902310511,21.92288795433649
0.39230272289382884,30.00811542418711,21.92288795433649
0.4050955895168611,30.008527117822723,21.923275188902267
0.41589537712252184,30.006877235912498,21.923662424015276
0.4061469628715886,30.01430350594694,21.923275188902267
0.4090007233787748,30.006877235912498,21.92404965967563
0.43985753069436634,29.97759303988596,21.924439829492997
0.45954806212901383,30.00605074706715,21.92482706625225
0.455175617413726,30.00481570639755,21.92560447503547
0.44524286015684206,30.006465549939605,21.92560447503547
0.44998676500907864,30.004400911244204,21.92715636558472
0.4445093122552401,30.00481570639755,21.929482751075682
0.42690664435965736,30.003162774846203,21.92986999496941
0.42617385741849145,30.01842705440538,21.931034663621006
0.44137692933836564,30.002751106120513,21.92986999496941
0.44350178139012436,30.002339439305956,21.933751265200897
0.42758199332914487,30.002751106120513,21.934528699349016
0.43912083200440777,29.999039936451425,21.936855147585675
0.4652849173322843,30.001101331691018,21.938407102011126
0.46512864017388483,30.006465549939605,21.941123776945858
0.4559334543578321,30.012653516494765,21.94151397114075
0.46738665519708145,29.999863241360515,21.943065952076438
0.48370962704883996,30.00068967253469,21.94422774321191
0.4676636634783964,29.996975470625557,21.94694447616928
0.4325276117442097,29.9973902310511,21.948109217716365
0.41945353759055964,29.9973902310511,21.950438715768314
0.43808915869955095,30.00068967253469,21.95315551074441
0.4530348928546459,29.997801874894606,21.954317344964124
0.42863777495726924,29.996975470625557,21.956259614277656
0.38893595024362404,29.996975470625557,21.9581989635127
0.38828232293094367,29.99574055632877,21.95936375330041
0.42052611553694874,29.997801874894606,21.960528548089542
0.41560458244260345,29.99574055632877,21.960915836130198
0.4123756415788645,29.998213520648335,21.96208063758621
0.4410441404665083,29.98955376970224,21.96246792784399
0.4527763261761427,29.994502540815063,21.960528548089542
0.47771354571353886,29.994914171260405,21.96440732147562
0.48977660082763974,30.002339439305956,21.965962367245936
0.4531902411365832,29.986666334435768,21.96673695941439
0.41866838343370916,30.006465549939605,21.96867638361931
0.43138213604500864,29.994502540815063,21.969066617400756
0.435228633080792,29.99574055632877,21.969841218454178
0.46211461867159387,29.992852919781626,21.97178359903387
0.48624269800457615,30.003577564207433,21.97333575306334
0.46597034392754166,29.994914171260405,21.97527522459859
0.4589270725729577,29.99078859790461,21.977214710061446
0.4576905385337284,29.99243818056516,21.9795444583757
0.43668765755393446,29.993264542574593,21.983036184334765
0.4532013845718211,29.993264542574593,21.982648864603448
0.46555073186426993,29.993676167276874,21.983813759718316
0.4521301616459416,29.993264542574593,21.984588403086434
0.442094887151316,30.00398923677011,21.984978659869398
0.45572890392112814,29.993264542574593,21.984201081123956
0.4837217242425686,29.978830819631753,21.984201081123956
0.4809576943900186,29.994090912279376,21.983813759718316
0.4537214215882343,29.994090912279376,21.982648864603448
0.4568860032762773,29.993264542574593,21.983036184334765
0.4567764344592983,29.993264542574593,21.9814839745232
0.4140287645901791,29.993676167276874,21.981874226810532
0.4076635644801673,29.993676167276874,21.980319089475756
0.45294276313773196,29.992026561605144,21.980319089475756
0.4801754743860369,29.99243818056516,21.979157143659847
0.4698811981656209,29.991614944554215,21.977992268660614
0.47227175396852433,29.992026561605144,21.97837958170436
0.4786969507741576,29.993264542574593,21.97837958170436
0.4787930381168905,29.993676167276874,21.977214710061446
0.5011566042659069,29.993264542574593,21.976052777611926
0.5114909225756776,29.998213520648335,21.97566253374424
0.4857569972543376,29.993264542574593,21.97527522459859
0.46475218681545777,29.99243818056516,21.97527522459859
0.48080235024725615,29.993264542574593,21.973723059428266
0.48656242929145616,29.994090912279376,21.972945513120692
0.4707143356068728,29.993264542574593,21.972170903174515
0.45443938270326306,29.993264542574593,21.97178359903387
0.4378094299039929,29.994502540815063,21.970228519812622
0.4180978859960514,29.993264542574593,21.969066617400756
0.4246980685827227,29.994090912279376,21.969066617400756
0.44001467277268713,29.992026561605144,21.969841218454178
0.4388878538329619,29.994090912279376,21.969841218454178
0.43143863292679824,29.993676167276874,21.9706187558333
0.42645805880492765,29.994914171260405,21.969841218454178
0.4312641877024447,29.99574055632877,21.972170903174515
0.46192339357100665,29.992026561605144,21.972945513120692
0.4727373822684642,29.99574055632877,21.974497673823862
0.45666881026249884,29.994914171260405,21.976827398689295
0.46115684376478605,29.987904240646344,21.97760495617274
0.4989485111959315,29.994090912279376,21.97760495617274
0.4989539539211896,29.9953258036154,21.9814839745232
0.4758237039877856,29.99656383061665,21.984201081123956
0.49349144264643263,29.994090912279376,21.98536598294993
0.5123658332878238,29.99615219251774,21.987695801718758
0.4781808772269597,29.994502540815063,21.98924804733099
0.4509357509679809,29.99615219251774,21.9908003018989
0.4703361516949637,29.996975470625557,21.993904837917682
0.48464561229764835,29.9973902310511,21.995844457547093
0.49635039483021665,29.996975470625557,21.995844457547093
0.49597701090321605,29.996975470625557,21.99739675021641
0.46759423872229633,29.997801874894606,21.999339329491818
0.45189847447029835,29.997801874894606,22.000501362488023
0.44424215678501167,29.997801874894606,22.002831312502735
0.4248769989780159,29.999451587950716,22.004770996665627
0.42788821132474475,29.988727442241668,22.005935987701093
0.45429968272305715,29.997801874894606,22.007100983804264
0.4777703136871012,29.999039936451425,22.009040698891113
0.4727652402482799,29.998213520648335,22.00981834958361
0.4502093994186324,29.9973902310511,22.010983362586785
0.4348423410189314,29.998213520648335,22.011370723198127
0.44003461954193035,29.998213520648335,22.012923105824314
0.46723433208982323,29.99615219251774,22.01331046924605
0.4819219078722708,29.997801874894606,22.012923105824314
0.47534533628981973,29.989965377194267,22.012923105824314
0.47451541999603086,30.001101331691018,22.012923105824314
0.4670367636408961,29.9973902310511,22.01175808437057
0.447047801356321,29.997801874894606,22.010983362586785
0.44456177443840866,30.009765329145125,22.01059306799283
0.4714323245183112,29.999863241360515,22.0086533416536
0.4619534530764946,29.998628286862584,22.007488338795213
0.41751954823161896,29.999039936451425,22.006713629373735
0.4012398147231828,30.007288923797375,22.005935987701093
0.43461832250724175,29.998213520648335,22.005161282770587
0.456664857882144,29.998628286862584,22.003996295104173
0.45329145056044684,29.999451587950716,22.003996295104173
0.4450763709052847,29.998628286862584,22.00438364560489
0.4660703737831804,29.999863241360515,22.00321866131958
0.48008749891205726,29.999039936451425,22.002056616548202
0.48232393791519723,30.000278015289155,22.00166633496457
0.48055461397350585,29.999039936451425,22.001278988390595
0.4789896372847936,30.00068967253469,22.000891642376132
0.4650429006372301,29.999451587950716,21.999726673264604
0.45146093518077696,29.99078859790461,21.9989490518621
0.4452252948907727,29.999039936451425,21.997787025588764
0.4366347605170803,30.011826973783286,21.995844457547093
0.42037757712582413,29.999451587950716,21.994679510341143
0.4228944708440434,30.000278015289155,21.99351750254351
0.4553297878595821,30.00068967253469,21.991574965374696
0.4775587807732697,30.00068967253469,21.99002270633588
0.47996495133271794,30.00068967253469,21.988470456254788
0.4749771385768792,30.001927774402418,21.985753306587412
0.469534784848419,30.001101331691018,21.983813759718316
0.46568598207023293,29.990376986595038,21.981874226810532
0.4722173163368326,30.003162774846203,21.98109665702202
0.4791150381438399,30.002339439305956,21.978766895303977
0.455580602322154,29.986666334435768,21.976827398689295
0.43113513702131184,30.00068967253469,21.973723059428266
0.45013962096274396,30.00068967253469,21.974497673823862
0.46743631207268127,30.001101331691018,21.972558207870122
0.45440290927378774,30.001512992758137,21.972170903174515
0.45015976113120953,30.001101331691018,21.970228519812622
0.4760344328188265,30.001101331691018,21.969453917650185
0.48239037333600976,30.002751106120513,21.96867638361931
0.46098664050119925,30.001927774402418,21.96867638361931
0.46180064276712374,30.001927774402418,21.968289084482876
0.4843366011739794,30.006877235912498,21.964797549103366
0.4853332448565626,30.001101331691018,21.96751448787296
0.46676857877301575,30.002339439305956,21.96751448787296
0.48510398126838866,30.001101331691018,21.96712425632967
0.5251703059206647,30.001927774402418,21.96790178590078
0.5238637599526215,29.999451587950716,21.96790178590078
0.4953382983921154,30.002751106120513,21.969066617400756
0.4726058401177207,30.002339439305956,21.96790178590078
0.46924638102824756,29.998628286862584,21.96790178590078
0.4880133881488409,30.001927774402418,21.96867638361931
0.522060969470699,30.00398923677011,21.96557213793983
0.5376477237949896,30.01223868466076,21.969453917650185
0.5168482982612772,30.001927774402418,21.969453917650185
0.4934898305967051,29.99078859790461,21.9706187558333
0.48660721448479805,30.003577564207433,21.96867638361931
0.47997570860217054,30.002339439305956,21.971006058305363
0.4749102441893179,30.004400911244204,21.971393361332105
0.48134276834667455,30.003577564207433,21.9706187558333
0.497095282452432,30.015953526128385,21.970228519812622
0.5091268613897374,29.984190573791807,21.969066617400756
0.5150040034121688,30.00068967253469,21.969453917650185
0.5276768430981624,30.00398923677011,21.96712425632967
0.5151314783449351,30.020492019945948,21.96673695941439
0.4921242353358044,30.019253658699085,21.96130312472394
0.5041449107833393,30.00481570639755,21.963245444047573
0.5102235874055077,30.00398923677011,21.96130312472394
0.47388467845817767,30.007288923797375,21.96013832660799
0.4516484802067804,30.005227384709087,21.957424395741725
0.48417402683447847,30.005639064932268,21.95781167935087
0.4844767716736956,30.00481570639755,21.955094837810577
0.4506542923991996,30.006465549939605,21.953542788265622
0.44018996571547714,30.006465549939605,21.95160347227653
0.4391300746479355,30.00398923677011,21.950438715768314
0.4241204285411636,30.02008027070798,21.95004850878422
0.4176256717105751,30.008527117822723,21.948109217716365
0.42942076110491895,30.003577564207433,21.9450052072188
0.43443117535916764,30.00770061359424,21.94616994046885
0.4256463555207081,30.009765329145125,21.9450052072188
0.42107554576293715,30.008527117822723,21.94422774321191
0.42838670848803945,30.009353629758095,21.9450052072188
0.44198026843819677,30.011415264818652,21.9450052072188
0.45363306279616783,30.0110035577668,21.945782673444967
0.45424241344422484,30.011826973783286,21.9465572080436
0.43669878277906043,30.012653516494765,21.94694447616928
0.4200830738479991,30.006877235912498,21.94888669280806
0.43016736141595646,30.013065231212636,21.950438715768314
0.4367967962714333,30.01430350594694,21.95237802344758
0.4190168855345228,30.01430350594694,21.953542788265622
0.3980015777962266,30.012653516494765,21.95587233288279
0.40318741156917304,30.020903771098347,21.95781167935087
0.4217518389398702,30.016776988149672,21.95936375330041
0.42970514699122053,30.016365256182155,21.96130312472394
0.43731461048689263,30.005639064932268,21.96285521865525
0.43308322974742036,30.018015314767695,21.964797549103366
0.40764910851982206,30.02008027070798,21.96790178590078
0.3988785349046009,30.025854292812028,21.9706187558333
0.43621629009358565,30.020903771098347,21.972170903174515
0.4668891843215978,30.016365256182155,21.97411036634844
0.4467324078653977,30.022142155421193,21.974497673823862
0.43024222575636223,30.022965674987574,21.977214710061446
0.4448471678653872,30.023380557064513,21.9795444583757
0.4613237501074724,30.02255391424694,21.981874226810532
0.4498745305522676,30.02915479443442,21.9795444583757
0.4384458967702886,30.024204088149816,21.984588403086434
0.4523423644224768,30.027919431588714,21.985753306587412
0.4526308135452749,30.02626918842668,21.98614356505834
0.42140183008141086,30.02750452823858,21.986918215127446
0.39432195795562763,30.027092746385563,21.986918215127446
0.3817805924551703,30.02750452823858,21.988083128708013
0.39435403567440586,30.028743004903163,21.98924804733099
0.4234890370461588,30.027092746385563,21.989635376554588
0.45197256482545617,30.029569705521283,21.990410036674973
0.46307456895689963,30.029569705521283,21.99235256542653
0.45886706333996186,30.030393294193857,21.993904837917682
0.45409611533711053,30.029569705521283,21.995069781764187
0.44100171823470413,30.029981498899474,21.996622069955322
0.4241050150965102,30.025030746375478,21.9989490518621
0.41992677897447717,30.03122001022956,21.9989490518621
0.4352285672175594,30.030393294193857,22.000891642376132
0.4322022003204466,30.03163181128781,22.001278988390595
0.4116171938368493,30.04937851498147,22.003996295104173
0.4247917689064729,30.03287034571838,22.00438364560489
0.44885447971837644,30.03287034571838,22.006713629373735
0.4453239345663111,30.02915479443442,22.006326275503625
0.43102163429905627,30.033282154457993,22.0086533416536
0.4321913650670497,30.033282154457993,22.010205708507726
0.43472304076883583,30.03410889748767,22.011370723198127
0.4357915761084383,30.034932528415084,22.012535742963962
0.46177559094948856,30.03410889748767,22.01331046924605
0.46477744672303806,30.034520711992798,22.01370076780688
0.4208293191947135,30.033282154457993,22.016027898127334
0.39465236418772076,30.034520711992798,22.014475497466094
0.4148024537634699,30.035344346754584,22.018357983353837
0.42668518207264944,30.035344346754584,22.017970612612032
0.40231297014945433,30.036171109057875,22.019132726523992
0.3949768591563711,30.035344346754584,22.019523033594282
0.4242842954573595,30.037821536918614,22.020685154267312
0.45786836836998024,30.036171109057875,22.021462838858383
0.4662434896705971,30.0369978790892,22.021075463608838
0.4567411120475122,30.03740970704507,22.022240525717393
0.44075997090197966,30.03740970704507,22.023015280164486
0.4357497880995857,30.03740970704507,22.023402658232385
0.43561601446276615,30.0369978790892,22.022240525717393
0.4242411439377818,30.036582933164027,22.024955110836117
0.4139123305446567,30.037821536918614,22.02728527406788
0.41886894380451156,30.0369978790892,22.02806297792131
0.40369143406661834,30.0369978790892,22.030002845360343
0.38072732498790296,30.055154450276177,22.03116794652027
0.393076028068841,30.038233368709882,22.03427295136595
0.4138417220192853,30.038233368709882,22.033885557476935
0.40934102552600926,30.037821536918614,22.034660345819645
0.39341161267010916,30.048963510940723,22.035438071238673
0.402442148145308,30.030808211087788,22.035047740838138
0.3975092474757156,30.03864832237872,22.035438071238673
0.3935766609610735,30.05309179578012,22.034660345819645
0.42176998148618233,30.03864832237872,22.03427295136595
0.46664457045768354,30.04607413833253,22.03116794652027
0.4741094794067401,30.055154450276177,22.033495229356788
0.46564154073630704,30.038233368709882,22.033885557476935
0.4664647008939273,30.026680966448282,22.03310783660129
0.46606637927818334,30.039471995580016,22.033495229356788
0.45603040424402247,30.03906015802039,22.033885557476935
0.4638016690326499,30.039471995580016,22.033885557476935
0.4878783047997802,30.036171109057875,22.035047740838138
0.4952333898102391,30.05144108277824,22.035047740838138
0.4621467125902363,30.03864832237872,22.035438071238673
0.4335829262911252,30.03906015802039,22.036603196220995
0.4442246233414892,30.040298796471518,22.03776539147185
0.4626115408844268,30.03906015802039,22.038543125983438
0.4643387967585805,30.022142155421193,22.039317927913544
0.4422429647487464,30.050202288175285,22.040870473437565
0.427483190087477,30.03864832237872,22.04242596294216
0.43025993792754774,30.046489128804637,22.042035622265644
0.43719178414404414,30.03906015802039,22.04320077621287
0.40873065370879164,30.03864832237872,22.044753344468347
0.3773846838652464,30.039471995580016,22.04630592181985
0.39146752063424994,30.035759286869165,22.047083681380855
0.42518015593665603,30.03864832237872,22.04980145537047
0.4240781000386689,30.039471995580016,22.050188872509693
0.41680368280807883,30.03864832237872,22.05174148173677
0.42706043943545335,30.03864832237872,22.05329410007755
0.4148932766008713,30.027919431588714,22.054846727536017
0.38744465713309706,30.038233368709882,22.056789725976955
0.39884347068000586,30.03906015802039,22.059895031108056
0.4208213559623017,30.03864832237872,22.060282463044643
0.42186314828058435,30.038233368709882,22.061057328624372
0.4396598146102542,30.03740970704507,22.06261293684821
0.4720118824868309,30.03906015802039,22.0637752463403
0.47470637517063485,30.022965674987574,22.064165619112032
0.4636671778989381,30.039471995580016,22.064940496100917
0.4655014691509742,30.03906015802039,22.064940496100917
0.45393549771762326,30.039471995580016,22.06571831052105
0.4307767765223148,30.040710639800125,22.06261293684821
0.4514912100891695,30.015126952630794,22.066493192075257
0.46918706993450976,30.039883835057708,22.066883568873095
0.46296925540047346,30.03906015802039,22.067658453854847
0.4576830423916174,30.040298796471518,22.06804589720059
0.45212931928034333,30.04772787135255,22.07076388700358
0.43925092531785603,30.039471995580016,22.070376439657707
0.4317191650547237,30.039883835057708,22.071929167686335
0.4370513214169058,30.03864832237872,22.073481904879714
0.44940178258533175,30.041122485047083,22.074647197604577
0.46770472163903204,30.039471995580016,22.076587406776298
0.45204930123045134,30.042773005324875,22.077752713270968
0.41079989292027064,30.041534332212393,22.080858265655138
0.4424921260630908,30.040710639800125,22.081245728454803
0.49522795018219073,30.040298796471518,22.08396385478852
0.4837918498704736,30.042361152389276,22.085907068206495
0.4482157603516388,30.039883835057708,22.087072416094202
0.4548780640451073,30.034932528415084,22.087459888076523
0.46393109531727605,30.040298796471518,22.090953032583343
0.4512318535817776,30.040298796471518,22.08978766742922
0.44878189016412795,30.041122485047083,22.088625242871217
0.4453762620442162,30.041122485047083,22.093283778459522
0.4224916863597282,30.043187980298967,22.094449159184876
0.4003625726759815,30.041534332212393,22.096002029734223
0.4086829511041169,30.042773005324875,22.09716448707161
0.414796982651658,30.042361152389276,22.098329885098394
0.4126865792623989,30.03906015802039,22.10104818886697
0.43488758167116437,30.040298796471518,22.102601098647824
0.47079691110348076,30.056393314330137,22.104154017670965
0.47515481702509516,30.040298796471518,22.109590774914068
0.4710389239877138,30.039883835057708,22.110368721918405
0.46544467130448414,30.041122485047083,22.113087151214245
0.4457500951322546,30.042361152389276,22.114640132747468
0.4292681201350828,30.040710639800125,22.116580638773314
0.4290414133957941,30.040298796471518,22.117746123635982
0.42893182953355463,30.039471995580016,22.118133641171312
0.4253003048299629,30.042361152389276,22.119299132999174
0.4206862512730736,30.040710639800125,22.12007417328067
0.41061486269595016,30.030393294193857,22.120464630056176
0.4153739704880129,30.039883835057708,22.120464630056176
0.44148555195198386,30.039883835057708,22.118133641171312
0.4528411011335835,30.039883835057708,22.120852151646886
0.43365954651830635,30.039883835057708,22.118521159284512
0.4375166114608102,30.03906015802039,22.118133641171312
0.46196476331959396,30.040298796471518,22.116580638773314
0.44318364889338635,30.03906015802039,22.115415159135864
0.40935303245655436,30.04566227001601,22.11424968472204
0.41837871435225893,30.03906015802039,22.113087151214245
0.4479170293478625,30.034932528415084,22.111921687229426
0.4577115105810372,30.038233368709882,22.10997828030122
0.43738140704634587,30.03906015802039,22.109590774914068
0.43534716501144144,30.03740970704507,22.106484881348422
0.4546118817106562,30.03740970704507,22.10454445056223
0.45832447939702675,30.03864832237872,22.102601098647824
0.4496088161523401,30.03740970704507,22.102991529214762
0.43572968714868826,30.03906015802039,22.101826110380955
0.4159721112791425,30.039471995580016,22.102213604226677
0.39748364966679217,30.03906015802039,22.09716448707161
0.410498204507431,30.05556948340137,22.09522412556504
0.44958351315518585,30.038233368709882,22.09716448707161
0.4662223328158663,30.036171109057875,22.09522412556504
0.44180107325596235,30.038233368709882,22.093671259635755
0.41691965909824996,30.039471995580016,22.092505882376372
0.3962164811558752,30.039471995580016,22.090565555432477
0.3863826065937178,30.038233368709882,22.090565555432477
0.3904644711132215,30.03906015802039,22.090953032583343
0.402962968956046,30.039471995580016,22.090178078855104
0.4085669132233943,30.05474253962916,22.089012717150524
0.4132568991862966,30.039471995580016,22.088625242871217
0.4241393457346095,30.035344346754584,22.088234833760453
0.42646791635063985,30.02915479443442,22.08629453846561
0.41861735893916757,30.03287034571838,22.084354257536575
0.4204541389985139,30.03906015802039,22.084741725500407
0.43594267886789295,30.042773005324875,22.082801456062782
0.4291894787180469,30.039883835057708,22.080858265655138
0.4029206729833274,30.041534332212393,22.079305484871384
0.41363630089400594,30.040298796471518,22.077752713270968
0.433312110910473,30.05309179578012,22.076199950850025
0.41977268145938523,30.040298796471518,22.075034651241708
0.39948842704582027,30.041122485047083,22.073094453530814
0.42340717047380766,30.035344346754584,22.072316617318677
0.45658385586768196,30.04401169579296,22.072316617318677
0.4446883411491552,30.040710639800125,22.06998899288226
0.4243339288630583,30.05556948340137,22.069598611480842
0.4347626837607315,30.040298796471518,22.06804589720059
0.44849463528778827,30.039883835057708,22.067271011079015
0.4547260353172317,30.03864832237872,22.066883568873095
0.46364700889870414,30.039883835057708,22.06610575101331
0.4788583910725708,30.040298796471518,22.067658453854847
0.4882207054343345,30.041122485047083,22.06571831052105
0.5035880986387602,30.040710639800125,22.0637752463403
0.5049567137252533,30.040710639800125,22.0637752463403
0.47949525584803204,30.024204088149816,22.061057328624372
0.4942632026989334,30.03864832237872,22.059117233861286
0.5141264068911701,30.03864832237872,22.05756458130486
0.4893588956518175,30.040298796471518,22.054846727536017
0.4641434383596192,30.03906015802039,22.05329410007755
0.47047275197663957,30.03906015802039,22.052128901716912
0.49877000593487414,30.038233368709882,22.05174148173677
0.4992310861708473,30.03740970704507,22.04980145537047
0.4790887917428266,30.0369978790892,22.04941110382657
0.48993155293914825,30.03740970704507,22.048636272392343
0.522317679829649,30.03740970704507,22.046696268785695
0.5234367887877666,30.036582933164027,22.04514075422219
0.5084899973062317,30.036582933164027,22.043978526659714
0.5135423778381965,30.036171109057875,22.043978526659714
0.5034053332288658,30.035759286869165,22.04242596294216
0.4669411575430627,30.047312875063653,22.04242596294216
0.4618014774646191,30.0369978790892,22.040095666974366
0.4999784926502789,30.036171109057875,22.03815572586643
0.5047184458935234,30.036171109057875,22.035825467391135
0.4662193661919121,30.034520711992798,22.03233305278377
0.4522768172251172,30.048551629158226,22.029615457691932
0.4605211521329401,30.034932528415084,22.028450363329966
0.46349129800198585,30.03287034571838,22.025345426429737
0.4619316459284685,30.035344346754584,22.02418035075027
0.45274102061912064,30.033282154457993,22.02418035075027
0.44682355904198723,30.034932528415084,22.02379297155204
0.4262224397048892,30.034932528415084,22.02418035075027
0.4135404519283431,30.0369978790892,22.021075463608838
0.43834693159421356,30.034932528415084,22.021850214670735
0.4793980321342215,30.03410889748767,22.021850214670735
0.4979844847876257,30.034520711992798,22.019910406589474
0.5020158154905987,30.035344346754584,22.017970612612032
0.4997535238530977,30.03410889748767,22.017970612612032
0.4792915200203372,30.040710639800125,22.016027898127334
0.46497967112054744,30.04772787135255,22.01641820065811
0.463764269303546,30.030808211087788,22.016027898127334
0.4407848898700435,30.03410889748767,22.015253163966463
0.42686526186769713,30.039883835057708,22.014862863138035
0.453515689412176,30.033282154457993,22.014862863138035
0.4824524191483634,30.033693965114537,22.014862863138035
0.45011693446575657,30.03122001022956,22.015640530766007
0.44911287215925144,30.0469010009744,22.01719293819872
0.4833677298441124,30.03287034571838,22.018745354657767
0.48396426556406036,30.032458538895526,22.020685154267312
0.4607142022568808,30.04772787135255,22.022240525717393
0.4532703963962658,30.034520711992798,22.023015280164486
0.450868035353537,30.028331217287985,22.024955110836117
0.43904412670742426,30.033693965114537,22.02728527406788
0.4637997999757183,30.032458538895526,22.03116794652027
0.47123439047658694,30.033693965114537,22.031942726943043
0.4532854513295124,30.033282154457993,22.033495229356788
0.4305524786513654,30.033693965114537,22.035438071238673
0.42061923977417465,30.033693965114537,22.036212864108506
0.43602888409298496,30.033693965114537,22.036990594072847
0.46579598350669915,30.033282154457993,22.03776539147185
0.48254835393744533,30.03287034571838,22.038543125983438
0.4693017375529367,30.035344346754584,22.039317927913544
0.4686559866512938,30.033282154457993,22.03893052666575
0.4915713558539029,30.032458538895526,22.03893052666575
0.5001437815884708,30.033693965114537,22.03970826459124
0.4795925494521911,30.03410889748767,22.039317927913544
0.4655354902045976,30.033693965114537,22.038543125983438
0.4551384617966531,30.034932528415084,22.03815572586643
0.43813886845556926,30.035759286869165,22.038543125983438
0.4251926371370865,30.04566227001601,22.038543125983438
0.4354190886754376,30.034932528415084,22.039317927913544
0.44102837551505003,30.03410889748767,22.036212864108506
0.4244646059717248,30.035344346754584,22.040095666974366
0.41873819530501494,30.035344346754584,22.03815572586643
0.4385802157470453,30.035344346754584,22.042035622265644
0.43120455610156583,30.036582933164027,22.043978526659714
0.40908153945127357,30.042773005324875,22.041648217049556
0.43705963065999853,30.034932528415084,22.047083681380855
0.48695641939093637,30.036171109057875,22.04941110382657
0.47668927350882806,30.036582933164027,22.051354062324094
0.4473007533744851,30.0369978790892,22.052519257270887
0.4490255937662531,30.03740970704507,22.05329410007755
0.456703039302139,30.03740970704507,22.055234152066532
0.4586009112585057,30.0369978790892,22.055234152066532
0.4638296654043183,30.0369978790892,22.055624512205895
0.4672063293131124,30.036171109057875,22.05601193787686
0.46692102413643993,30.0369978790892,22.05601193787686
0.46340952657639084,30.037821536918614,22.056399364115975
0.4429783914057731,30.041122485047083,22.05795200982135
0.423449842949849,30.0369978790892,22.05834237397727
0.4205861670941401,30.041122485047083,22.059895031108056
0.41832016947181755,30.03740970704507,22.06144769737307
0.41031494396541823,30.0369978790892,22.06261293684821
0.428469015616503,30.0369978790892,22.064940496100917
0.41725630072441483,30.050614177652278,22.066883568873095
0.37024638001337956,30.046489128804637,22.068436276299735
0.38205947987051253,30.0369978790892,22.07076388700358
0.4144373125251359,30.03740970704507,22.07270700275268
0.42204966418024054,30.035759286869165,22.075422105449945
0.42141447977013197,30.039471995580016,22.073481904879714
0.40961825747008795,30.038233368709882,22.079305484871384
0.39348843630716657,30.039883835057708,22.07736525562609
0.42225625642986964,30.038233368709882,22.0831889217323
0.4458095884152543,30.038233368709882,22.085516663145995
0.42054729646374794,30.0369978790892,22.08784736063194
0.4170203689069659,30.033693965114537,22.089400192003154
0.4551425920458283,30.037821536918614,22.091730924049955
0.4666461734073124,30.036582933164027,22.093671259635755
0.45602751392977087,30.04401169579296,22.096002029734223
0.45799895748173325,30.035759286869165,22.097942397016368
0.4336516318007912,30.035759286869165,22.101435681557746
0.4091117856836527,30.034520711992798,22.10376652094328
0.42023939910119257,30.03410889748767,22.104154017670965
0.45909678748042687,30.034520711992798,22.109590774914068
0.4506383573164545,30.033693965114537,22.111143735584847
0.4543901777657984,30.037821536918614,22.115415159135864
0.4660977045272705,30.032043614262648,22.117355670946154
0.42627589176996367,30.0481397492955,22.117355670946154
0.4061590809720279,30.036582933164027,22.122792704070378
0.3848512780537579,30.03287034571838,22.12434574361822
0.37458423521812634,30.002339439305956,22.12784231848815
0.41581180656793876,30.041534332212393,22.129395388279704
0.4215304692555867,30.03122001022956,22.129782923213895
0.3951576423122781,30.03163181128781,22.13056093070327
0.39649816470869154,30.03122001022956,22.129782923213895
0.39584464936575187,30.021315524165402,22.13056093070327
0.395063294455267,30.005227384709087,22.129007853925145
0.41538167343020393,30.029981498899474,22.12822985109966
0.42275755410811194,30.029981498899474,22.12784231848815
0.4145944122552891,30.040710639800125,22.123183164934574
0.43221476790477514,30.029569705521283,22.125898792463317
0.44608314279905215,30.03122001022956,22.125123734788417
0.4221939288996367,30.029569705521283,22.12434574361822
0.40557732857751744,30.02915479443442,22.124736206819534
0.4272027534554559,30.030393294193857,22.123958216811502
0.4641039579758828,30.020492019945948,22.122792704070378
0.47391728951993495,30.02750452823858,22.120464630056176
0.45096630107117675,30.027919431588714,22.12123967381592
0.4134715423977819,30.028331217287985,22.12123967381592
0.40344936046445945,30.027919431588714,22.120852151646886
0.42748644424300675,30.027919431588714,22.120852151646886
0.4180844852413998,30.027092746385563,22.119686652850874
0.41323675552439537,30.0176035770441,22.12007417328067
0.42578235251955887,30.026680966448282,22.120464630056176
0.4018889242837739,30.030393294193857,22.119299132999174
0.3871111459781932,30.025442518636055,22.118911613725572
0.41014155278192566,30.033282154457993,22.118521159284512
0.43583276063338616,30.025442518636055,22.118133641171312
0.4423142126491507,30.02626918842668,22.116968154570884
0.4336921844816604,30.03287034571838,22.116968154570884
0.4421662797645815,30.025854292812028,22.1158026731963
0.4455499102147143,30.026680966448282,22.115415159135864
0.4299028876205877,30.02750452823858,22.11424968472204
0.41993739589478657,30.025854292812028,22.11269670551951
0.42934153969513794,30.025854292812028,22.111143735584847
0.42266111114914984,30.03163181128781,22.111143735584847
0.3986607993180436,30.02626918842668,22.109590774914068
0.3881972266583115,30.025442518636055,22.10997828030122
0.40545117610233994,30.005639064932268,22.10765032100261
0.4154034856658578,30.01554179798819,22.10687238211608
0.42271805794084694,30.025854292812028,22.106484881348422
0.43807380122644196,30.025030746375478,22.106484881348422
0.44142274224785666,30.025030746375478,22.10609738115687
0.43359904464092297,30.025442518636055,22.10454445056223
0.4381154146533414,30.025442518636055,22.106484881348422
0.4600978390485214,30.024615856565276,22.10454445056223
0.4781031600471743,30.028743004903163,22.104154017670965
0.4793984879619511,30.025442518636055,22.102601098647824
0.4642934891710379,30.024615856565276,22.102213604226677
0.4405088309677414,30.023792321649637,22.101826110380955
0.4395872510796273,30.024204088149816,22.100273205211067
0.45686480700051757,30.024615856565276,22.099882778710366
0.4412743418756829,30.024204088149816,22.099882778710366
0.40279429873745415,30.024204088149816,22.099107798513558
0.40126959246374827,30.022142155421193,22.097942397016368
0.43687111719025384,30.023380557064513,22.096389514938835
0.4567277745721665,30.035759286869165,22.096389514938835
0.43470625490608134,30.022965674987574,22.095611609616526
0.42678394533774977,30.02255391424694,22.09522412556504
0.4424975707123528,30.023380557064513,22.094449159184876
0.44882766936748486,30.022142155421193,22.094058741386107
0.43067014362609124,30.02173039851033,22.093283778459522
0.42125017538356274,30.02173039851033,22.092118402926246
0.41657045213842225,30.022965674987574,22.090953032583343
0.40133655802888923,30.021315524165402,22.091340510307873
0.40246483213025264,30.020903771098347,22.090565555432477
0.43663229382286356,30.020903771098347,22.090953032583343
0.4574983942798293,30.018841915218616,22.089400192003154
0.4550033807207333,30.020492019945948,22.089400192003154
0.44652367971311135,30.020492019945948,22.089400192003154
0.43317274039509857,30.035759286869165,22.08978766742922
0.4099822060180461,30.020492019945948,22.089012717150524
0.3882312624487466,29.9973902310511,22.089400192003154
0.4046683413144494,30.019253658699085,22.08978766742922
0.4401536397984302,30.02008027070798,22.090953032583343
0.4571205986521391,30.0176035770441,22.091730924049955
0.4613283043204765,30.019253658699085,22.091340510307873
0.4456390177686732,30.01842705440538,22.093283778459522
0.439768370884476,30.016776988149672,22.090565555432477
0.44097498383870004,30.016365256182155,22.093283778459522
0.4310766036470943,30.03287034571838,22.092896297857294
0.4286908267483524,30.01719184123442,22.093283778459522
0.426222621591636,30.01842705440538,22.09522412556504
0.3849530444955134,30.016365256182155,22.093671259635755
0.39265773755510364,30.016776988149672,22.094058741386107
0.45007837795993144,30.016365256182155,22.096389514938835
0.43466722318682655,30.015953526128385,22.094058741386107
0.40978786396075095,30.015953526128385,22.096002029734223
0.4240402019400542,30.015126952630794,22.095611609616526
0.460984436527836,30.015953526128385,22.095611609616526
0.4648846868645302,30.016776988149672,22.094449159184876
0.43388478477245174,30.016365256182155,22.092896297857294
0.42067205846907896,30.019665404093757,22.090565555432477
0.4156098246565635,30.01554179798819,22.088625242871217
0.4139522678033537,30.015126952630794,22.08668200929759
0.423204567524604,30.015953526128385,22.085129194036824
0.4242008061759936,30.01430350594694,22.08241105562621
0.40901668514481204,30.015126952630794,22.080858265655138
0.4007149613835864,29.988727442241668,22.080470803427488
0.4044512254355903,30.014715228332193,22.080083341771797
0.40091208503922793,30.016365256182155,22.07969294537895
0.384861935966105,30.015126952630794,22.080470803427488
0.3758562088044368,30.014715228332193,22.081636127157367
0.371889847167294,30.023792321649637,22.08241105562621
0.3653324304051959,30.015126952630794,22.08396385478852
0.36604090979011467,30.01554179798819,22.084741725500407
0.3683245822512021,30.015126952630794,22.087072416094202
0.35807474432261976,30.01430350594694,22.088234833760453
0.34459053114333527,30.015126952630794,22.08978766742922
0.35071097709604043,30.01554179798819,22.090953032583343
0.3545289623672689,30.015126952630794,22.092118402926246
0.3513321150469083,30.018015314767695,22.093671259635755
0.3634774113858685,30.018015314767695,22.096777000717964
0.39923540407873526,30.02255391424694,22.096777000717964
0.3973056723701307,30.0138886663878,22.098720309277553
0.37487886433746886,30.01554179798819,22.100273205211067
0.3802499094589122,30.015126952630794,22.101435681557746
0.41090876859238673,30.023380557064513,22.102991529214762
0.408579442961001,30.00893881337049,22.10454445056223
0.38172977538604813,30.013065231212636,22.10493194844571
0.38408790588571595,29.98460215641967,22.10609738115687
0.39473195966471125,30.01223868466076,22.10493194844571
0.3807202992579614,30.027919431588714,22.108425326580118
0.35421283080960525,30.011826973783286,22.108037823503253
0.3668235608531481,30.0110035577668,22.109203270103478
0.4027371623368277,30.011826973783286,22.110368721918405
0.41949810265206866,30.01058873365662,22.111143735584847
0.41167416432837084,30.01223868466076,22.111921687229426
0.3858611260462357,30.009765329145125,22.11230919608596
0.36538760429865647,30.006877235912498,22.113087151214245
0.37336958745193854,30.009765329145125,22.114640132747468
0.42008740432015507,30.007288923797375,22.1158026731963
0.4500868177486918,30.007288923797375,22.1158026731963
0.45137210852665255,30.00605074706715,22.117355670946154
0.4464633809253461,29.99243818056516,22.118133641171312
0.4465356599463413,30.00770061359424,22.118521159284512
0.4466489251896812,30.007288923797375,22.120852151646886
0.44658959441712864,30.00481570639755,22.1220176556742
0.4556270770300929,29.993676167276874,22.123570690583676
0.4579124086076959,30.006465549939605,22.125511263336364
0.4584141400259988,30.005639064932268,22.127064319161377
0.4860081666849785,30.005227384709087,22.12784231848815
0.5140881511324957,30.00605074706715,22.129395388279704
0.5024604235089856,30.005227384709087,22.13056093070327
0.4743919048354027,30.004400911244204,22.132501555796807
0.4673135364339175,30.00398923677011,22.134442195438623
0.4574150163908932,30.001927774402418,22.134832673857602
0.4255292718637464,30.00398923677011,22.13677333098491
0.4147434507909655,30.001927774402418,22.13677333098491
0.4355372158523667,30.002751106120513,22.13677333098491
0.4415523377027241,30.004400911244204,22.13677333098491
0.42442602009420427,30.001101331691018,22.135995304820597
0.429873904833927,30.002751106120513,22.131336004639195
0.4643605399619479,30.002339439305956,22.133279571454864
0.4780268669816605,30.002751106120513,22.13211401679439
0.46332947493446985,30.00398923677011,22.13172354247712
0.45423507220687,30.003162774846203,22.129782923213895
0.4600603341554032,30.001927774402418,22.129007853925145
0.4638816416061282,30.002339439305956,22.12822985109966
0.4567642865438457,30.00068967253469,22.127064319161377
0.44510737030268066,30.001512992758137,22.12628925800277
0.43143801126293807,30.00068967253469,22.125511263336364
0.4341479804257297,30.00068967253469,22.124736206819534
0.44664954607325436,30.002339439305956,22.12434574361822
0.4476764326307826,30.01842705440538,22.123958216811502
0.44015784392532675,30.001927774402418,22.123183164934574
0.4516322024458883,30.002339439305956,22.12240517958304
0.47430922572744993,30.00068967253469,22.12123967381592
0.46098530976459934,30.001927774402418,22.120464630056176
0.4384981969636053,30.001927774402418,22.119299132999174
0.4436697718551168,30.002339439305956,22.118911613725572
0.4597359365943329,30.002339439305956,22.118521159284512
0.4817639529646994,30.00893881337049,22.116968154570884
0.5065361528082162,30.015953526128385,22.115415159135864
0.48454181934326845,30.002339439305956,22.114640132747468
0.44360871687448833,30.011826973783286,22.113862172975587
0.46366092850284946,30.002339439305956,22.111143735584847
0.4914287794567087,30.004400911244204,22.11075622846323
0.4642801864294844,29.991203329412315,22.109590774914068
0.4336311926742217,30.001101331691018,22.108425326580118
0.43270109083893754,30.002751106120513,22.107259883459847
0.4221449777554421,30.002339439305956,22.106484881348422
0.4238385415898563,30.002751106120513,22.10493194844571
0.453295724235088,30.002751106120513,22.10493194844571
0.4804335834231267,30.002751106120513,22.104154017670965
0.4728576506664891,30.003162774846203,22.104154017670965
0.46586313215137237,29.993676167276874,22.103379024791252
0.4699922795413836,30.003162774846203,22.10376652094328
0.4758426139425751,30.002751106120513,22.10493194844571
0.4783131307597474,30.002339439305956,22.10376652094328
0.4745723693387461,30.003162774846203,22.10454445056223
0.4733590570075473,30.003577564207433,22.105319446905128
0.4842203514365986,30.002751106120513,22.105319446905128
0.47254591100857296,30.002339439305956,22.10609738115687
0.4401119399895846,30.003162774846203,22.107259883459847
0.4205177291138549,30.001927774402418,22.108037823503253
0.4452582618629784,30.003162774846203,22.108815765869394
0.45437465743721844,29.991614944554215,22.109590774914068
0.45275165512564247,30.003162774846203,22.109590774914068
0.4683466760678327,30.00398923677011,22.11075622846323
0.47726816356760215,30.00398923677011,22.111531243283252
0.4586862232219024,30.003162774846203,22.11230919608596
0.44975103323937793,30.00398923677011,22.11424968472204
0.44601865093038157,30.003577564207433,22.11424968472204
0.4242807173097305,30.00398923677011,22.1158026731963
0.4192578487836277,30.004400911244204,22.1158026731963
0.4492342381898565,30.003577564207433,22.117746123635982
0.4686383346930773,30.004400911244204,22.117355670946154
0.4471079839766428,29.989965377194267,22.118911613725572
0.4486539701349064,29.99656383061665,22.119686652850874
0.48619855695080927,30.004400911244204,22.120852151646886
0.4635104173400734,30.01347694784363,22.119299132999174
0.4476607979610682,29.99656383061665,22.120852151646886
0.46431020328797956,30.00398923677011,22.12123967381592
0.4903552959267454,30.005227384709087,22.12007417328067
0.5112887921063072,30.00398923677011,22.118133641171312
0.5074483356774794,30.005227384709087,22.116193123553387
0.48668664493760005,30.02173039851033,22.113474661806322
0.4758713001695312,30.00481570639755,22.11230919608596
0.4741845918088582,30.005227384709087,22.109590774914068
0.4764793129561562,30.005639064932268,22.10765032100261
0.4908062700397783,30.00893881337049,22.10609738115687
0.49412101498217564,30.005639064932268,22.102991529214762
0.4652129875097053,30.006465549939605,22.10104818886697
0.45339214031219194,30.002751106120513,22.098720309277553
0.4865826325819316,29.994090912279376,22.096777000717964
0.4995493917220691,30.00605074706715,22.095611609616526
0.46940881703395565,30.0138886663878,22.091730924049955
0.4558954991502865,30.006465549939605,22.092896297857294
0.44726462418782703,30.006877235912498,22.089400192003154
0.4144213806032487,30.006877235912498,22.085907068206495
0.4223430682666655,30.00811542418711,22.082801456062782
0.42429692270166014,30.00893881337049,22.080858265655138
0.42693286134604885,29.98048018015004,22.078918024935547
0.4502521236024312,30.00893881337049,22.076199950850025
0.4509516628673624,30.009353629758095,22.07386935679949
0.42234502089128206,30.009765329145125,22.075034651241708
0.4215284326227696,30.00893881337049,22.07386935679949
0.4460741234842195,30.010177030444595,22.07270700275268
0.4394036067254389,30.00811542418711,22.071541718624644
0.40762662652823,30.027092746385563,22.06998899288226
0.40162247362035663,30.01058873365662,22.068823720789965
0.4137526208506084,30.011826973783286,22.067271011079015
0.4281352259636943,30.009353629758095,22.06571831052105
0.4346504804178393,29.994502540815063,22.064553057321802
0.4446115221707643,30.013065231212636,22.0637752463403
0.4671715236089085,30.01347694784363,22.063387809273706
0.49570629986528697,30.01347694784363,22.063000372776344
0.485767863214874,30.027919431588714,22.06261293684821
0.4472778246672657,30.0138886663878,22.062222566375112
0.4432404733222024,30.015126952630794,22.06144769737307
0.46125799271929646,30.016365256182155,22.060669895550063
0.461026815653779,30.016365256182155,22.059117233861286
0.469718387717964,30.016776988149672,22.05834237397727
0.4894504676584158,30.01719184123442,22.05601193787686
0.4720127602383651,30.016776988149672,22.055234152066532
0.44485814400057355,30.025854292812028,22.050188872509693
0.4560620658910889,30.018015314767695,22.051354062324094
0.468300860658744,30.019253658699085,22.050576290216043
0.4478733721304399,30.0176035770441,22.048636272392343
0.4267017203410632,30.02008027070798,22.047858508271304
0.43357104599685903,30.02255391424694,22.04630592181985
0.4389336679989695,30.023792321649637,22.044753344468347
0.441448918108288,30.021315524165402,22.04358818369741
0.44959913805948054,30.02173039851033,22.04320077621287
0.44029016414814953,30.02255391424694,22.041260812399287
0.396379688948589,30.023380557064513,22.039317927913544
0.3963010136314493,30.024615856565276,22.03776539147185
0.43379421496742476,30.02173039851033,22.036990594072847
0.46388181711371274,30.025442518636055,22.035438071238673
0.46522343128210836,30.025854292812028,22.03427295136595
0.4615570867589417,30.02750452823858,22.0327204444103
0.46141370149105726,30.043599837086504,22.031555336449514
0.46134837102516274,30.027919431588714,22.030002845360343
0.457251328403735,30.029981498899474,22.02922513583877
0.4527619819045761,30.042361152389276,22.028837749302454
0.4870127052658615,30.04772787135255,22.026510507204534
0.48558187434376326,30.033693965114537,22.024955110836117
0.4370467380701562,30.03906015802039,22.023015280164486
0.4576117891970632,30.03287034571838,22.019910406589474
0.44917326389193707,30.042361152389276,22.018357983353837
0.40715588495055355,30.035759286869165,22.015253163966463
0.39966787658901215,30.034520711992798,22.01370076780688
0.40226508081376466,30.052679894751748,22.01175808437057
0.38946135159637163,30.041534332212393,22.00981834958361
0.39993430733684787,30.0369978790892,22.007878628860567
0.43092713066860566,30.039471995580016,22.006326275503625
0.4358803464500689,30.056393314330137,22.003996295104173
0.4381614700511603,30.040710639800125,22.002056616548202
0.45926833551646207,30.055154450276177,21.999726673264604
0.44596445922177574,30.042361152389276,21.99700940980648
0.42372015604166613,30.04401169579296,21.995069781764187
0.42556487763265755,30.04401169579296,21.992739899121773
0.42480111675542037,30.04401169579296,21.9908003018989
0.4255904342653121,30.018015314767695,21.98924804733099
0.4226941535505772,30.04607413833253,21.988470456254788
0.3849449785797133,30.048551629158226,21.986918215127446
0.36523213769675056,30.04772787135255,21.98536598294993
0.38238936772198756,30.051029189446183,21.985753306587412
0.40951758263731153,30.048963510940723,21.983813759718316
0.41382894189714886,30.05144108277824,21.983813759718316
0.3940292124850922,30.06795272251196,21.983813759718316
0.39451754116282856,30.05309179578012,21.983036184334765
0.4385586999835508,30.052679894751748,21.983426438869458
0.4543739468603706,30.05350369872923,21.983036184334765
0.41714296778899285,30.055154450276177,21.983036184334765
0.4347445999344244,30.05556948340137,21.983036184334765
0.4429683354842,30.055154450276177,21.984201081123956
0.4071972728137059,30.056393314330137,21.98226154542874
0.40776024539639844,30.056393314330137,21.984588403086434
0.4280970729064393,30.055981397905157,21.984978659869398
0.4183974998005998,30.058871094577228,21.986530889814276
0.4299451262915987,30.05680523267648,21.987305540997795
0.4604531467163371,30.055154450276177,21.988083128708013
0.468082327309384,30.057632195763176,21.988470456254788
0.4611305885023932,30.07207877426714,21.989635376554588
0.45088174015065824,30.048963510940723,21.9908003018989
0.4112481502353255,30.060110010774622,21.99235256542653
0.384924457148626,30.05969495630859,21.992739899121773
0.38747326252611297,30.058871094577228,21.993127233375105
0.4132128635162884,30.0613458235959,21.995069781764187
0.4269424571382426,30.059283024482,21.99700940980648
0.4311792810129382,30.0613458235959,21.997787025588764
0.42708269158168016,30.060933884066742,21.999726673264604
0.41429360419691347,30.06052194645963,22.000501362488023
0.40293545812095455,30.0613458235959,22.001278988390595
0.4035238893802834,30.0613458235959,22.002831312502735
0.40364617738963043,30.06341179174541,22.00321866131958
0.39979164088545616,30.062584774522293,22.00321866131958
0.4022719691433064,30.062584774522293,22.003996295104173
0.406620339730498,30.06341179174541,22.00244396424563
0.39815755381012785,30.0613458235959,22.000501362488023
0.39576991119718785,30.06299672175544,22.000114017596616
0.4168296230436427,30.06382374283828,21.99700940980648
0.40450693358301304,30.064235695853824,21.995069781764187
0.39154595780308354,30.06382374283828,21.993127233375105
0.4170511717898286,30.064235695853824,21.991574965374696
0.4643429617364135,30.066713696229897,21.989635376554588
0.4618417558515334,30.064650771670244,21.988083128708013
0.41329129591119484,30.06341179174541,21.98536598294993
0.41068623313293656,30.061760885823276,21.984588403086434
0.4421088396165861,30.065062728545968,21.98226154542874
0.45182362071987614,30.06382374283828,21.980319089475756
0.4355290971038814,30.06547468734459,21.9795444583757
0.42328464467802845,30.072493886981306,21.979157143659847
0.41059889890749335,30.066713696229897,21.978766895303977
0.4060128236144939,30.070842811136515,21.978766895303977
0.4219065357707456,30.065062728545968,21.979157143659847
0.4436500737522372,30.065886648066282,21.97993177364765
0.4488436689964811,30.065886648066282,21.980709340077226
0.44716397792353135,30.077035285257864,21.981874226810532
0.44620986187933676,30.066301731647457,21.983036184334765
0.43420519604471,30.03864832237872,21.984588403086434
0.41759170198313716,30.075384124394816,21.986918215127446
0.4208147237107584,30.065886648066282,21.988470456254788
0.42980236934316124,30.066713696229897,21.99002270633588
0.4356392246628905,30.064650771670244,21.991187633357868
0.4416346188183335,30.06795272251196,21.993904837917682
0.44952761135057,30.067125662735634,21.995844457547093
0.44474870384284676,30.067125662735634,21.99700940980648
0.44675082870515403,30.075384124394816,22.00166633496457
0.46215787616329285,30.068776669016415,22.00244396424563
0.4692128506829779,30.06795272251196,22.005161282770587
0.44837359016190603,30.06753763116467,22.007100983804264
0.4353709217701461,30.066713696229897,22.00981834958361
0.45461475218592023,30.06753763116467,22.012923105824314
0.4534901662574737,30.06960374426859,22.016027898127334
0.45711374256834564,30.067125662735634,22.017970612612032
0.4816348296553962,30.06753763116467,22.020685154267312
0.4560547208295751,30.066713696229897,22.021075463608838
0.42157525281358055,30.060110010774622,22.020685154267312
0.4560739116432529,30.081576917446284,22.019910406589474
0.46792513398310076,30.066713696229897,22.018745354657767
0.4215547379700349,30.06795272251196,22.01641820065811
0.40604016128690795,30.073729873247146,22.015253163966463
0.40855873816451416,30.067125662735634,22.01331046924605
0.4157325239148896,30.06795272251196,22.012148380664883
0.4218813488090461,30.067125662735634,22.011370723198127
0.4200958689825583,30.06753763116467,22.008265984976788
0.42845828404601544,30.06795272251196,22.006713629373735
0.44779805218852153,30.06795272251196,22.003996295104173
0.44995853289160576,30.066713696229897,22.00321866131958
0.424708622521851,30.06753763116467,22.00321866131958
0.3940570150723224,30.065886648066282,22.000501362488023
0.39186304619701107,30.066713696229897,21.99856170921197
0.402559690825233,30.066301731647457,21.993904837917682
0.42072489535651236,30.06836469480237,21.995457119376397
0.4413192718623619,30.06795272251196,21.993904837917682
0.43958311226744257,30.06795272251196,21.993127233375105
0.41447619614571307,30.06753763116467,21.991965232289374
0.39247920728765473,30.067125662735634,21.991574965374696
0.3952594272038263,30.067125662735634,21.989635376554588
0.38698392796762204,30.065886648066282,21.989635376554588
0.3739704341695025,30.066301731647457,21.98924804733099
0.39102826942144275,30.066713696229897,21.98885778435897
0.40910857412524954,30.06753763116467,21.987695801718758
0.3975781077688556,30.075384124394816,21.98885778435897
0.3690118775833713,30.066301731647457,21.98924804733099
0.3783778491059971,30.064650771670244,21.988470456254788
0.3982578125577956,30.073729873247146,21.988470456254788
0.3838871822888081,30.064235695853824,21.987305540997795
0.3466448408290677,30.06341179174541,21.986530889814276
0.34105055875951573,30.06341179174541,21.986530889814276
0.3355209040987335,30.064235695853824,21.985753306587412
0.3185552785051199,30.062584774522293,21.984201081123956
0.3150363912684389,30.077859316611296,21.984978659869398
0.336050839881624,30.06299672175544,21.984588403086434
0.3725715066355754,30.061760885823276,21.984201081123956
0.38813244923055384,30.0613458235959,21.984588403086434
0.3871890684831133,30.06052194645963,21.984978659869398
0.3782498117602801,30.05969495630859,21.984978659869398
0.378554085158283,30.058044119888336,21.984588403086434
0.40644419602548776,30.067125662735634,21.983036184334765
0.4195615726600074,30.060933884066742,21.984588403086434
0.3968766146175421,30.058871094577228,21.983813759718316
0.3678955770204631,30.05969495630859,21.983426438869458
0.36451477715211217,30.058044119888336,21.9814839745232
0.37771917207560524,30.058459166594275,21.98109665702202
0.3789264533409314,30.044838539140812,21.9795444583757
0.36857032157654285,30.057220273559494,21.977992268660614
0.3658281104840925,30.058459166594275,21.97527522459859
0.36033701307331145,30.05350369872923,21.97644008787279
0.3838190402939562,30.05969495630859,21.9706187558333
0.42500109915730017,30.066301731647457,21.97333575306334
0.43598406276379925,30.054330630903053,21.97333575306334
0.4215117250012918,30.053918724097855,21.971006058305363
0.4394996428927988,30.054330630903053,21.9706187558333
0.4501651310687469,30.027919431588714,21.969453917650185
0.415840802669632,30.050614177652278,21.969066617400756
0.3985907817329919,30.050614177652278,21.96867638361931
0.4181975845518058,30.04937851498147,21.968289084482876
0.4213615914839516,30.048963510940723,21.96712425632967
0.41285994039140733,30.048963510940723,21.96634966305311
0.42187376096203877,30.0481397492955,21.96557213793983
0.4162290165020349,30.047312875063653,21.96440732147562
0.3915486677856884,30.0469010009744,21.964020028445987
0.3720183967005962,30.046489128804637,21.96246792784399
0.37968385764970625,30.049790400618406,21.96246792784399
0.39917147847315093,30.04442355641828,21.96169334788175
0.4040989868044485,30.043599837086504,21.96169334788175
0.38401481610150995,30.04442355641828,21.959751039677712
0.37330688896222386,30.043599837086504,21.95936375330041
0.39396577054719717,30.043187980298967,21.957424395741725
0.4103900969045609,30.043187980298967,21.95703417872477
0.41439863963798057,30.041534332212393,21.954317344964124
0.44199003708266865,30.04194930137237,21.95160347227653
0.46993521501444113,30.040710639800125,21.95004850878422
0.44509720780891276,30.039471995580016,21.94694447616928
0.4033740490330083,30.040298796471518,21.94422774321191
0.40256205416670754,30.029569705521283,21.94151397114075
0.4127984457729244,30.03864832237872,21.938407102011126
0.4228832904365696,30.037821536918614,21.93491595039177
0.4287361052100363,30.04442355641828,21.932586584975013
0.40283151968474257,30.036582933164027,21.92986999496941
0.390564884873824,30.035344346754584,21.927930847335062
0.42399443811177284,30.035759286869165,21.92482706625225
0.4124599384895742,30.034520711992798,21.9217233203413
0.3628447552237143,30.03287034571838,21.915903158068375
0.3807912677638985,30.032458538895526,21.915903158068375
0.40755535455017616,30.032043614262648,21.91435133120592
0.4138714369874346,30.019665404093757,21.910470335664286
0.4243247659311377,30.030808211087788,21.908141177945993
0.4328368279642208,30.027919431588714,21.905814973352676
0.432097341307598,30.03740970704507,21.90309864834495
0.43045425188436404,30.03163181128781,21.901546893701152
0.4267585419648315,30.028331217287985,21.89883061075443
0.4333479587764989,30.033693965114537,21.89689168215881
0.4410394645862626,30.028331217287985,21.894562639186688
0.43814275015329585,30.034520711992798,21.8914592346066
0.4530424673993001,30.026680966448282,21.888743050868015
0.47878191010627325,30.025854292812028,21.88602689379303
0.4809905688549909,30.024615856565276,21.883697942313233
0.4515839550888264,30.024615856565276,21.882146296589042
0.4451465537532011,30.022965674987574,21.879433137316028
0.46213884511062725,30.023792321649637,21.87710424122332
0.45055965587437385,30.007288923797375,21.87555263237971
0.4222208667649042,30.02173039851033,21.871285019483764
0.4390633615647448,30.021315524165402,21.870897857844227
0.43829968091461885,30.019665404093757,21.869733443130883
0.43363787398053594,30.019665404093757,21.867791785102725
0.43163035513906606,30.01719184123442,21.866630316382498
0.40650483195750414,30.0176035770441,21.865465919523785
0.3840709199026148,30.01719184123442,21.864688679997357
0.3975709295101147,30.016776988149672,21.864301527532916
0.3987981298386067,30.016776988149672,21.863524291254862
0.3920052255864764,30.009765329145125,21.863524291254862
0.4149502347140982,29.988315840489804,21.862362840328217
0.4368851584032213,30.01554179798819,21.861972758148
0.4179826023160557,30.01430350594694,21.861972758148
0.3899127621863445,30.01058873365662,21.862362840328217
0.38820133078994573,30.02255391424694,21.862362840328217
0.41127243344948244,30.020903771098347,21.863524291254862
0.4499630323272023,30.01430350594694,21.863524291254862
0.46269722205362335,30.0138886663878,21.864301527532916
0.44143753336767444,30.011826973783286,21.86585307360656
0.4125841650963784,30.01347694784363,21.86701747208417
0.40092190860880894,30.013065231212636,21.86585307360656
0.4171002139046005,30.0138886663878,21.871285019483764
0.4309332853738276,30.018841915218616,21.872836604494353
0.4321603437396401,30.012653516494765,21.87477536466804
0.44923388723642055,30.012653516494765,21.87671707147507
0.47320042215246616,30.007288923797375,21.87904303119211
0.46836225280467475,30.0110035577668,21.88175911980403
0.45931458680428716,30.009765329145125,21.883310763360726
0.4724036074442929,30.0110035577668,21.885252529918887
0.4972251611406837,30.006465549939605,21.88680419304154
0.4907450108387151,30.024615856565276,21.88563971158527
0.4588377884496959,30.013065231212636,21.8914592346066
0.4717962913118472,30.01223868466076,21.894562639186688
0.4677718534726148,30.00893881337049,21.896114354549525
0.45145215773582487,30.009765329145125,21.89805327768454
0.45249504866345885,30.00893881337049,21.89883061075443
0.4570691333758535,29.987904240646344,21.90038235011201
0.45593305907705,30.008527117822723,21.902321303244264
0.47328538169448875,30.008527117822723,21.90309864834495
0.49759513005700473,30.003577564207433,21.90426320341055
0.5003840724179658,30.006877235912498,21.905427763399132
0.4874824183203303,30.006877235912498,21.905814973352676
0.4899956633505768,30.006465549939605,21.906979539903716
0.482804723999715,30.008527117822723,21.90658939489333
0.4425209820347157,30.007288923797375,21.906202183850723
0.41658502304503386,30.006465549939605,21.905427763399132
0.41429529722486874,30.007288923797375,21.90426320341055
0.4263065688740708,29.99615219251774,21.90387306224835
0.43067141752377536,30.005639064932268,21.900769552976215
0.4238946210772493,30.006465549939605,21.901546893701152
0.44674839948105793,30.005227384709087,21.89960794601444
0.46381849885297743,30.011826973783286,21.89727888012419
0.42297239958445165,30.00481570639755,21.896114354549525
0.41216141358862957,30.004400911244204,21.894949833886244
0.4508924528266468,30.00398923677011,21.894175445029873
0.44673028120400854,30.005227384709087,21.894175445029873
0.4250786490659425,30.00605074706715,21.894175445029873
0.4400904496296183,30.006465549939605,21.893785318132757
0.4486102049805642,30.005227384709087,21.894175445029873
0.4488438586360724,30.005227384709087,21.894175445029873
0.4612766677958817,30.00398923677011,21.894175445029873
0.4249433939615035,30.005227384709087,21.895727158217312
0.40606509834558363,30.005639064932268,21.894175445029873
0.44565145844536436,30.004400911244204,21.894175445029873
0.47471200029633653,30.00481570639755,21.892623740557895
0.4941964412660064,30.001101331691018,21.893010932540392
0.4889837188550752,30.004400911244204,21.892623740557895
0.45415008237181187,30.00481570639755,21.89223361585141
0.440284791410509,30.00481570639755,21.89223361585141
0.45529268064215817,30.00770061359424,21.893010932540392
0.4517930712556268,30.00398923677011,21.89107204479751
0.4444290638052082,30.00605074706715,21.89339812506529
0.43771280677405205,30.00398923677011,21.894175445029873
0.4321476591265854,30.00605074706715,21.896501551424706
0.42331637544194384,30.00893881337049,21.898443410611947
0.4019747350162268,29.988727442241668,21.898443410611947
0.41054002822756763,30.006877235912498,21.90038235011201
0.4476363471749862,30.009353629758095,21.901546893701152
0.442714139860568,30.008527117822723,21.90309864834495
0.4171309820498274,30.00398923677011,21.904650411726834
0.44295715886173953,30.00770061359424,21.906202183850723
0.47658466337109945,30.00811542418711,21.904650411726834
0.45948046929623376,30.018015314767695,21.90853132515622
0.4577929034131919,30.007288923797375,21.910470335664286
0.49128391411692823,30.002751106120513,21.912022140609622
0.49677330221864946,30.00811542418711,21.912799513109917
0.48021734025434587,30.00770061359424,21.914738553723055
0.4729442084467117,30.015953526128385,21.91667760802494
0.46831116188696065,30.009765329145125,21.917454993701256
0.4552221655231667,30.00893881337049,21.918229448036186
0.4501172598356133,30.00893881337049,21.920171460565427
0.45717582127391815,30.02008027070798,21.923662424015276
0.45229278767558484,30.00811542418711,21.92404965967563
0.4384060210647287,30.009353629758095,21.925991713441533
0.4370646190749482,30.020903771098347,21.92715636558472
0.44562964809850547,30.008527117822723,21.928708264932766
0.45165130531338116,30.00811542418711,21.931812090041092
0.4496187583534425,30.009765329145125,21.93297676696625
0.44647523581141835,30.00893881337049,21.936467893792837
0.43824364694422346,30.00811542418711,21.938019846016232
0.4323384361947974,30.008527117822723,21.938797292319407
0.44493517902826485,30.008527117822723,21.940736517093967
0.4632161191245217,30.009353629758095,21.94190123209694
0.47389199977250507,30.009353629758095,21.94422774321191
0.46522037994738824,30.008527117822723,21.9450052072188
0.45327228877791365,30.00811542418711,21.948109217716365
0.4434647161845659,30.00770061359424,21.95004850878422
0.4340338975965541,30.008527117822723,21.95237802344758
0.4558288968747594,30.007288923797375,21.95393006633884
0.4835232670113748,30.005639064932268,21.955094837810577
0.4731589292753092,30.00481570639755,21.95781167935087
0.42405934799814204,29.999039936451425,21.9581989635127
0.40270091155021615,30.008527117822723,21.96013832660799
0.43182940723842284,30.008527117822723,21.96169334788175
0.4352543685987166,30.019253658699085,21.964020028445987
0.41005235853320837,30.012653516494765,21.96557213793983
0.418108512323432,30.00770061359424,21.96712425632967
0.4366576654299582,30.00811542418711,21.96867638361931
0.43563248057565873,30.00811542418711,21.971006058305363
0.4351783965542443,30.00811542418711,21.974497673823862
0.450707072109753,30.006877235912498,21.97566253374424
0.47330050012421276,29.9953258036154,21.97760495617274
0.48511184236458227,30.00770061359424,21.980319089475756
0.4800032673249066,30.00770061359424,21.983036184334765
0.46092751839582136,30.006465549939605,21.984978659869398
0.416974627607558,30.006465549939605,21.98536598294993
0.4007985484431652,30.00605074706715,21.986530889814276
0.4093149475584459,30.008527117822723,21.98614356505834
0.42123815330634595,30.006877235912498,21.986530889814276
0.4310942833583161,30.008527117822723,21.985753306587412
0.44942019419899665,30.006877235912498,21.984201081123956
0.4650689012572227,30.006465549939605,21.983426438869458
0.4627912472600279,30.006877235912498,21.98226154542874
0.4553476424314572,30.00811542418711,21.980709340077226
0.4490547492933651,30.007288923797375,21.980319089475756
0.42838034778132006,29.99574055632877,21.979157143659847
0.40362348191810843,30.007288923797375,21.977992268660614
0.4116770406858326,30.00605074706715,21.977214710061446
0.4330196126684346,30.007288923797375,21.976052777611926
0.42421603551242726,30.006465549939605,21.97566253374424
0.41455383055559747,30.007288923797375,21.97333575306334
0.4275025210991398,30.00811542418711,21.973723059428266
0.4318912760863628,30.00811542418711,21.972945513120692
0.4193192182995061,30.006465549939605,21.97178359903387
0.4246319379012499,30.00605074706715,21.970228519812622
0.46642381828112056,30.006877235912498,21.969841218454178
0.47063221728337273,30.00811542418711,21.96867638361931
0.4344468553289114,30.006877235912498,21.96790178590078
0.43502939131099927,30.019665404093757,21.968289084482876
0.473502275051311,29.994090912279376,21.96673695941439
0.4754360140653635,30.006877235912498,21.96634966305311
0.4460026916422048,30.006877235912498,21.965962367245936
0.42070561042990334,30.006465549939605,21.96634966305311
0.41488290667994965,30.007288923797375,21.96634966305311
0.42480753995748355,30.00893881337049,21.96634966305311
0.437459975685953,30.006877235912498,21.96673695941439
0.43540772782651854,30.019665404093757,21.96712425632967
0.421747547076228,30.00770061359424,21.96673695941439
0.4042522208918379,30.00605074706715,21.968289084482876
0.4125052824516342,30.00811542418711,21.969453917650185
0.41908133190843266,30.006465549939605,21.971393361332105
0.440695074530479,30.007288923797375,21.97333575306334
0.45492366579140586,30.00770061359424,21.97566253374424
0.44110483970784875,30.00811542418711,21.97760495617274
0.4317189778574699,30.007288923797375,21.9795444583757
0.4312520080199813,30.008527117822723,21.981874226810532
0.4264208023481651,30.00811542418711,21.983426438869458
0.4245663922509643,30.007288923797375,21.986918215127446
0.4468453641116673,30.00811542418711,21.988470456254788
0.4617316859910088,30.00811542418711,21.990410036674973
0.4398364987392477,30.009353629758095,21.991187633357868
0.41991409480580816,30.01430350594694,21.99429217385017
0.43132917786471936,30.018015314767695,21.99739675021641
0.45779091751535245,30.008527117822723,21.999726673264604
0.45495628581666026,30.009353629758095,22.002056616548202
0.4427161718024678,30.008527117822723,22.004770996665627
0.45228763792379484,30.00893881337049,22.006326275503625
0.45488893037372385,30.00811542418711,22.008265984976788
0.42518454127668587,30.010177030444595,22.011370723198127
0.4110681760364374,30.00893881337049,22.012535742963962
0.428665731659207,30.00893881337049,22.014475497466094
0.43316574239613526,30.01058873365662,22.01641820065811
0.4159868145139576,30.009353629758095,22.01719293819872
0.3953717848995073,30.01058873365662,22.018745354657767
0.3933288062124558,29.985428445484956,22.019523033594282
0.39231085078178524,30.01058873365662,22.021462838858383
0.38524392690106946,30.025030746375478,22.02418035075027
0.3692979598607291,30.024615856565276,22.022627902659508
0.3586002155464405,30.009765329145125,22.026120189903793
0.3743830518187934,30.011415264818652,22.026510507204534
0.42158322045228047,30.011415264818652,22.02767265834484
0.432964409831825,30.011826973783286,22.028837749302454
0.404454415914313,30.01058873365662,22.03039023359287
0.3845381016622824,30.011826973783286,22.03116794652027
0.40088888365027386,30.0110035577668,22.03310783660129
0.41659812000247515,30.0110035577668,22.03427295136595
0.43745914626884636,29.987904240646344,22.035825467391135
0.46029869058283923,30.027092746385563,22.03815572586643
0.4650468968824627,30.01223868466076,22.03737799248978
0.4488560390408729,30.00770061359424,22.03815572586643
0.44190512708081914,30.0110035577668,22.034660345819645
0.45187486333287646,30.011415264818652,22.03893052666575
0.44842784293597215,30.012653516494765,22.04048306992314
0.41255803563191834,30.01058873365662,22.03815572586643
0.40573413902225275,30.011415264818652,22.038543125983438
0.43193529874327724,30.0110035577668,22.03737799248978
0.4473748207663476,30.01058873365662,22.03776539147185
0.44547534599083016,30.010177030444595,22.036212864108506
0.4694148155077632,30.018015314767695,22.035047740838138
0.4994313884892185,30.01058873365662,22.033885557476935
0.4915403199808116,30.00398923677011,22.03310783660129
0.45691753507744876,30.010177030444595,22.02922513583877
0.44543730616290955,30.010177030444595,22.028837749302454
0.4485631590265698,30.010177030444595,22.028837749302454
0.4546970639488981,30.006877235912498,22.02806297792131
0.4631813792224856,30.01058873365662,22.026120189903793
0.4702855743341732,30.008527117822723,22.02418035075027
0.47220184290641515,30.010177030444595,22.023402658232385
0.47301940838322754,30.02008027070798,22.021462838858383
0.4737341988087107,30.009765329145125,22.021075463608838
0.4666090296309205,30.008527117822723,22.018357983353837
0.4715129488276643,30.009765329145125,22.017970612612032
0.4951917172081938,30.00811542418711,22.016027898127334
0.5053291707033314,30.009353629758095,22.01408813235571
0.47345436649745715,30.008527117822723,22.012923105824314
0.4386795523290881,30.009353629758095,22.01175808437057
0.4543331638916361,30.008527117822723,22.010983362586785
0.48012574660939306,30.008527117822723,22.009430991220313
0.48448261723572417,30.00893881337049,22.006326275503625
0.4792905342549892,30.005639064932268,22.0086533416536
0.48993493635562696,30.008527117822723,22.008265984976788
0.5042556001122863,30.00770061359424,22.009040698891113
0.5032980755499334,30.00770061359424,22.009040698891113
0.5072623362138597,30.023380557064513,22.0086533416536
0.5018220715683749,29.980891745582994,22.009430991220313
0.4730869552758179,30.00770061359424,22.009430991220313
0.45238755116556534,30.00811542418711,22.011370723198127
0.47170613495578745,30.006877235912498,22.011370723198127
0.47259118754036555,30.00893881337049,22.012535742963962
0.4322078400087364,30.00605074706715,22.01331046924605
0.40028919568870647,30.007288923797375,22.01408813235571
0.4080001707316059,30.007288923797375,22.014862863138035
0.4247096069226095,30.007288923797375,22.016027898127334
0.43140512752035637,30.005639064932268,22.01719293819872
0.43653565183366844,30.007288923797375,22.01641820065811
0.44165858999750657,30.006877235912498,22.019523033594282
0.44029917690326603,29.991203329412315,22.020297780147132
0.4350034351235992,30.00770061359424,22.020685154267312
0.43458473003748693,30.007288923797375,22.021075463608838
0.4398639061474306,30.007288923797375,22.021462838858383
0.4533307137379324,30.006877235912498,22.020297780147132
0.4703192811329671,30.007288923797375,22.01758030781201
0.45313896862952735,30.007288923797375,22.015640530766007
0.4182285322587047,30.00770061359424,22.01331046924605
0.4063201602480993,30.01223868466076,22.009040698891113
0.4142217735325475,30.00811542418711,22.006713629373735
0.40211337613992787,30.01430350594694,22.00244396424563
0.3878470421376675,30.01347694784363,21.999339329491818
0.40665500363975554,30.00770061359424,21.995844457547093
0.4287924253277527,29.993676167276874,21.993127233375105
0.40865309173124215,30.00893881337049,21.98924804733099
0.3978743820270988,30.00811542418711,21.986918215127446
0.41732777630241435,30.008527117822723,21.983036184334765
0.41767549472009685,30.009765329145125,21.98109665702202
0.3991103732882727,30.00811542418711,21.97760495617274
0.3970754288078287,30.007288923797375,21.97527522459859
0.4011148949868827,30.009353629758095,21.973723059428266
0.40538863513277457,30.01058873365662,21.972170903174515
0.42218065559380114,29.98254114437094,21.969841218454178
0.44608500385950145,30.01058873365662,21.968289084482876
0.43923168966280857,30.011826973783286,21.96790178590078
0.39877924767014594,30.0110035577668,21.965184843244685
0.3786816994027917,30.01223868466076,21.963632735969952
0.4044016799829946,30.011415264818652,21.96169334788175
0.4336076860424229,30.011415264818652,21.959751039677712
0.4410658557427431,29.98748952455236,21.9581989635127
0.4354906832771213,30.011826973783286,21.956259614277656
0.4307448533273279,30.01842705440538,21.95470755807679
0.42840689844236823,30.02255391424694,21.95315551074441
0.4266500480804499,30.01430350594694,21.951213263620957
0.40569606609306513,30.01347694784363,21.94849648805041
0.37445670458647246,30.025442518636055,21.94849648805041
0.36763249112951557,29.994502540815063,21.94616994046885
0.3890406723046408,30.01430350594694,21.9450052072188
0.4011206983670482,30.01430350594694,21.94422774321191
0.3933076271055657,30.0138886663878,21.943065952076438
0.3944304402023606,30.011826973783286,21.942288493603257
0.41740055418885763,30.025030746375478,21.940736517093967
0.41542352344607714,30.015953526128385,21.93957180706593
0.40217016385367316,29.98748952455236,21.936855147585675
0.42245175098319315,30.014715228332193,21.936080640549278
0.4492088027804816,30.015126952630794,21.933751265200897
0.43858170157196763,30.026680966448282,21.932199337233726
0.413750575954694,30.015126952630794,21.93026017308358
0.4180024306273644,30.015953526128385,21.927930847335062
0.4415947746111531,30.014715228332193,21.925991713441533
0.4485139445704399,30.01554179798819,21.92404965967563
0.4620102385362448,30.015126952630794,21.922110553261575
0.4664037203263876,30.015953526128385,21.92133608796803
0.4468446440120413,30.015953526128385,21.919006838108487
0.4214542335786951,30.014715228332193,21.91784222059556
0.41312304727946636,30.015953526128385,21.91784222059556
0.40837766006508774,30.0138886663878,21.91784222059556
0.3973283116695268,30.01554179798819,21.915515933909262
0.39859764634889056,30.015953526128385,21.915903158068375
0.41742099858420967,30.01058873365662,21.912799513109917
0.4187240576526965,30.01430350594694,21.91240935984439
0.39821854229269227,30.014715228332193,21.908141177945993
0.4019626939480867,30.015126952630794,21.910470335664286
0.4230560380600507,30.015126952630794,21.910857552713367
0.4358590928320436,30.01554179798819,21.90969296974953
0.3911957143602853,30.027092746385563,21.910470335664286
0.35213963139465665,30.01554179798819,21.91163492192038
0.38151418302824774,30.015126952630794,21.91163492192038
0.38779887627981957,30.00481570639755,21.910470335664286
0.3617471223138629,30.01554179798819,21.910083119160447
0.344389391843958,30.029981498899474,21.910857552713367
0.3775892233100772,30.016365256182155,21.90658939489333
0.39917957373964164,30.01223868466076,21.907366752039707
0.3956012649911526,30.016365256182155,21.90658939489333
0.3978482428295494,30.01058873365662,21.905037620587507
0.4096478886668441,30.016776988149672,21.905037620587507
0.40412013289535464,30.01554179798819,21.90309864834495
0.3775781893417202,30.015953526128385,21.90193409820074
0.37362212085147284,30.015126952630794,21.90038235011201
0.3948670513845546,30.016365256182155,21.89960794601444
0.4135904407693987,30.01719184123442,21.89883061075443
0.41438720987112776,30.01554179798819,21.894175445029873
0.41979127976253894,30.0138886663878,21.896501551424706
0.42727596398207013,30.015126952630794,21.893785318132757
0.4223086724734305,30.016776988149672,21.894562639186688
0.4200307978016468,30.015953526128385,21.89223361585141
0.424632698101028,30.016365256182155,21.8914592346066
0.42892005015643686,30.015953526128385,21.89068192228075
0.4307408587570553,30.01719184123442,21.889520357744857
0.4497880035569347,30.006465549939605,21.88913023741668
0.4721549519470386,30.0176035770441,21.887965746174814
0.46848147155589587,30.016365256182155,21.887191376877695
0.44700346841167077,30.011415264818652,21.88602689379303
0.4244623306974663,30.0176035770441,21.88137194355977
0.41103244017427937,30.016365256182155,21.88408805498682
0.4222065404780011,30.0176035770441,21.88253640707842
0.4423973083058528,30.016365256182155,21.880207484931532
0.43958670297261776,30.01719184123442,21.87904303119211
0.426347048702623,30.015953526128385,21.87865585873925
0.4314414190762823,30.018015314767695,21.877878582339804
0.4287438538789425,30.016776988149672,21.87555263237971
0.3904435538895841,30.018015314767695,21.87400103220466
0.3594882139031137,30.016365256182155,21.873223768833952
0.37170504690711564,30.0176035770441,21.873223768833952
0.40613877956706834,30.01719184123442,21.872836604494353
0.39368018160294277,30.030393294193857,21.872836604494353
0.35536650583753776,30.030393294193857,21.872836604494353
0.3426460023832402,30.016776988149672,21.873610933712882
0.36433980822886314,30.015953526128385,21.873610933712882
0.38892922609368535,30.0176035770441,21.87438819816657
0.3982692234137091,30.016365256182155,21.87555263237971
0.40778783699959564,30.016365256182155,21.87593980050434
0.406107745497736,30.015953526128385,21.87671707147507
0.39299001515873055,30.016776988149672,21.877491411511528
0.3988628012672358,30.015953526128385,21.87865585873925
0.4255634768511772,30.020492019945948,21.879820310853574
0.44052542456642224,30.016776988149672,21.880594659549956
0.44145909188171845,30.0138886663878,21.88175911980403
0.43693381446626745,30.016776988149672,21.88098476785609
0.4268754089433288,30.01719184123442,21.882146296589042
0.4106806645023702,30.01719184123442,21.883310763360726
0.4030605932454825,30.016365256182155,21.88292358494914
0.4021623832540804,30.0176035770441,21.88253640707842
0.39101210823556815,30.005639064932268,21.88137194355977
0.3772701385290391,30.01719184123442,21.88175911980403
0.3803286044957609,30.01719184123442,21.880594659549956
0.3980837148573019,30.0176035770441,21.879433137316028
0.41428299042491723,30.016365256182155,21.87865585873925
0.4323497541902966,30.018015314767695,21.877491411511528
0.4547021615862523,30.016776988149672,21.87516546479486
0.4403899479914432,30.01719184123442,21.873223768833952
0.4415994500299164,30.016365256182155,21.870897857844227
0.4670254595142089,30.015953526128385,21.869733443130883
0.4414100290081925,30.01430350594694,21.86740462832421
0.41923558792122056,30.015126952630794,21.865078765979206
0.44527288397766807,30.0176035770441,21.8615856094562
0.4595431877873355,30.015953526128385,21.860811313685076
0.4302382107490424,30.014715228332193,21.8580954295997
0.44795278014414763,30.01554179798819,21.85576671202307
0.4781010591329436,30.015126952630794,21.85227660490392
0.4748957805113827,30.015126952630794,21.85227660490392
0.4679701135545732,30.01554179798819,21.849947935818193
0.46375986573597355,30.015953526128385,21.848396478131576
0.4573666657545103,30.015953526128385,21.8468450290448
0.4542610232515998,30.00770061359424,21.844516405149136
0.447587054847009,30.015126952630794,21.842964977553095
0.4419069161142912,30.032458538895526,21.841413558543195
0.46603553195720915,30.016365256182155,21.839475030026904
0.49420513066541283,30.01842705440538,21.838310746266302
0.4899184079695939,30.016776988149672,21.837146467334833
0.45811981049477274,29.993264542574593,21.83637223918157
0.4300423500521753,29.994090912279376,21.834820856615124
0.4029711241164737,30.0176035770441,21.831715184545374
0.4033158731915417,30.0176035770441,21.831328077683338
0.43482001420249317,30.018015314767695,21.829389618758228
0.4557351168436039,30.01842705440538,21.827838274714225
0.4332312906722518,30.016365256182155,21.82512271006317
0.43206939377618686,30.01842705440538,21.822407171583393
0.4399170424318609,30.02173039851033,21.82085586598248
0.4356623349664253,30.02008027070798,21.81581198232351
0.454237340836894,30.020903771098347,21.815037812806224
0.4680919447435049,30.019665404093757,21.813486547693515
0.43790866217995056,30.019253658699085,21.811158199774695
0.42478351964488736,30.0176035770441,21.80883280341004
0.4513429382205117,30.022142155421193,21.80727863994491
0.47646345938839507,30.02008027070798,21.80417620328268
0.4534672375128923,30.021315524165402,21.802237930693366
0.43713960755970993,30.020903771098347,21.799909675229458
0.45953124695182607,30.015126952630794,21.797971431785413
0.4718173529251884,30.019253658699085,21.796807319162042
0.46269999368897424,30.02255391424694,21.794482040467756
0.4597427728663887,30.020492019945948,21.793317942137946
0.4630447234964643,30.02173039851033,21.7917667958489
0.4679556447799252,30.020903771098347,21.791376811439477
0.4581753247857614,30.019665404093757,21.787887501028877
0.425022495150099,30.020903771098347,21.790602708631297
0.4031977200226596,30.020903771098347,21.78982567573297
0.4076363812246915,30.022142155421193,21.78982567573297
0.41006103723680143,30.014715228332193,21.789051577143255
0.39968546278614403,30.019665404093757,21.788274548478398
0.4068833569275273,30.020903771098347,21.787887501028877
0.4298368622936412,30.004400911244204,21.786723429671895
0.44946153597906974,30.02008027070798,21.785172319309595
0.4589570269894581,30.01842705440538,21.784398233363618
0.4725352364567363,30.02008027070798,21.783234176257167
0.46601211372718376,30.032043614262648,21.781683084875908
0.4498509690484556,30.020903771098347,21.78051903884824
0.4669562243186787,30.019253658699085,21.778967962223305
0.48612883794345985,30.019665404093757,21.77780392726544
0.46766329555784086,30.016365256182155,21.776639897050757
0.4582124194978037,30.02008027070798,21.775088841487843
0.4865745716741662,30.019253658699085,21.773924822330002
0.4842605778492007,30.020492019945948,21.772760807909776
0.4578933527807496,30.019253658699085,21.771986755602427
0.45305491509473794,30.01842705440538,21.770048702000736
0.4510631179184492,30.02626918842668,21.76810772954468
0.4330129192040005,30.019253658699085,21.766169702191803
0.443988313198641,30.019253658699085,21.765005719293526
0.4811836363714039,30.019665404093757,21.763454726753935
0.4733158736976258,30.0176035770441,21.76112678771517
0.431703970446589,30.019253658699085,21.760352766826884
0.430167614471204,30.020492019945948,21.75841479185982
0.474515199135247,30.020903771098347,21.757637846414298
0.47819137788799115,30.020492019945948,21.75725084041011
0.44483637942194265,30.020492019945948,21.758024852939627
0.4357317693850397,30.02255391424694,21.758801799431694
0.45152680669365614,30.020903771098347,21.758801799431694
0.4520635869495196,30.022142155421193,21.758801799431694
0.44713481775905556,30.021315524165402,21.759575816139602
0.46255710700592,30.03163181128781,21.760352766826884
0.48487394831025543,30.022142155421193,21.75996575716522
0.47460060515507085,30.021315524165402,21.76112678771517
0.4521721935511237,30.022965674987574,21.761903742599657
0.44427020026658715,30.021315524165402,21.762290754874016
0.4322912763675179,30.022965674987574,21.762290754874016
0.41793429438613505,30.02173039851033,21.76112678771517
0.4217601694042997,30.029569705521283,21.76267776767031
0.4526349221603967,30.030808211087788,21.759575816139602
0.46546088908152944,30.023380557064513,21.763454726753935
0.4590387527310308,30.023792321649637,21.762290754874016
0.4835416041485161,30.023380557064513,21.761516730847177
0.5125465214716733,30.023792321649637,21.762290754874016
0.49836899706535653,30.025030746375478,21.7607397770102
0.46816629508616847,30.036582933164027,21.7607397770102
0.46478767350553596,30.024204088149816,21.760352766826884
0.47105632973167966,30.023792321649637,21.759188807524936
0.4616460742325672,30.024615856565276,21.758024852939627
0.45580362391869045,30.025854292812028,21.758024852939627
0.4644509859803273,30.025442518636055,21.757637846414298
0.4741997568454127,30.02626918842668,21.75725084041011
0.4797136157816775,30.02626918842668,21.75841479185982
0.4870068437127891,30.025854292812028,21.75725084041011
0.4901172785659043,30.025442518636055,21.75725084041011
0.4925663381663399,30.026680966448282,21.758024852939627
0.48970626345482876,30.033282154457993,21.758024852939627
0.47119164191944735,30.026680966448282,21.75841479185982
0.4638818623199199,30.038233368709882,21.75841479185982
0.4897871766075761,30.02750452823858,21.75841479185982
0.4979342267188578,30.02750452823858,21.758024852939627
0.4610660064777221,30.027092746385563,21.757637846414298
0.42664629814702326,30.01719184123442,21.757637846414298
0.4463371454831983,30.02626918842668,21.756860903069366
0.4599755067707178,30.02626918842668,21.756086893674365
0.4427646766578351,30.027092746385563,21.756860903069366
0.4326278688083781,30.027092746385563,21.754922951650883
0.4327228311584756,30.025854292812028,21.75453594930127
0.43797589909258355,30.023792321649637,21.75375901433796
0.464188989071853,30.026680966448282,21.753372013554213
0.48870853988809215,30.02255391424694,21.75220808251555
0.4666401632517446,30.026680966448282,21.75220808251555
0.4432864168611292,30.025854292812028,21.751434085639687
0.45710025170616325,30.025854292812028,21.750657159050206
0.47565511674852784,30.027092746385563,21.74988316634341
0.47515005948383937,30.025442518636055,21.74949323898744
0.49027525846882825,30.025442518636055,21.74833225539834
0.508013925376121,30.025030746375478,21.747942330141314
0.48349327193096264,30.025442518636055,21.747555337174788
0.44564394691375403,30.01842705440538,21.74716834472781
0.4238823546765869,30.025854292812028,21.745617448391727
0.4318300528827873,30.007288923797375,21.74600443875687
0.4499290178566255,30.02626918842668,21.74522752680656
0.4586497193238195,30.025442518636055,21.74522752680656
0.4538156341840491,30.025442518636055,21.744840537483867
0.46338514238168554,30.025442518636055,21.744840537483867
0.47722966608937817,30.024615856565276,21.744066560395993
0.47592353016815725,30.025442518636055,21.74328965366476
0.4715599951538221,30.025442518636055,21.74290266694129
0.4980081765583143,30.023792321649637,21.742125763343154
0.5019681425819091,30.024615856565276,21.740961877714028
0.4683723405812974,30.026680966448282,21.74057489411075
0.4626924215345248,30.025442518636055,21.739411014731616
0.48002272877189717,30.015126952630794,21.73786016007392
0.45451298448362165,30.025854292812028,21.73747318062493
0.4382140995816935,30.02626918842668,21.7370862016939
0.4807149822522215,30.026680966448282,21.735922336363615
0.47913546606006546,30.026680966448282,21.733594619752182
0.46026872042861855,30.026680966448282,21.733207646009873
0.43820587801104033,30.02750452823858,21.732043796281175
0.47259200457486966,30.028743004903163,21.730879951230577
0.4503444087573841,30.035344346754584,21.730492981116186
0.44056500155777706,30.029569705521283,21.729329142296535
0.4659919231400838,30.02915479443442,21.727778341661804
0.48127432672699594,30.029569705521283,21.727778341661804
0.4718235417741045,30.02750452823858,21.727004410232666
0.44465225681512455,30.03122001022956,21.726614513742106
0.4403782850967357,30.03122001022956,21.723125989513846
0.468452268949049,30.03163181128781,21.724676765274353
0.463414523158752,30.033282154457993,21.72816823971732
0.47661249008091117,30.03410889748767,21.729329142296535
0.4589900586336397,30.032458538895526,21.730106011518842
0.41615769325445423,30.023380557064513,21.72971904243832
0.412105732455189,30.033693965114537,21.729329142296535
0.4236199096429318,30.034932528415084,21.729329142296535
0.3785160920146929,30.0369978790892,21.730492981116186
0.4009943274501362,30.02626918842668,21.729329142296535
0.41095173819749026,30.035759286869165,21.730106011518842
0.42612398410403673,30.02750452823858,21.727778341661804
0.45079441409746257,30.03740970704507,21.73282067278484
0.4126350714184298,30.038233368709882,21.734371500418263
0.392472149056186,30.039883835057708,21.738637052198612
0.4062016988273852,30.040298796471518,21.740961877714028
0.4402508042269742,30.044838539140812,21.739800928459715
0.41092816119450715,30.041122485047083,21.746778421045406
0.41498273273912667,30.042361152389276,21.748719249408225
0.43154724591947,30.042361152389276,21.749106243937888
0.42774466648157433,30.04401169579296,21.755309954521238
0.4264341774914786,30.05474253962916,21.756860903069366
0.4388160855467903,30.04442355641828,21.761903742599657
0.44043967082613356,30.04566227001601,21.76578268468353
0.3932557631506567,30.0176035770441,21.767333689816553
0.38179910574658793,30.04566227001601,21.770048702000736
0.4383019038348992,30.04525040361881,21.77120977338444
0.421494013370949,30.04442355641828,21.774701811922114
0.41177723540499733,30.04566227001601,21.776639897050757
0.42151702775433525,30.044838539140812,21.778967962223305
0.3879284401582818,30.05350369872923,21.781683084875908
0.39017390559142906,30.046489128804637,21.783234176257167
0.3859625245104661,30.0469010009744,21.784398233363618
0.36491658979891395,30.046489128804637,21.784785276073876
0.39659085088508417,30.0469010009744,21.782844203528384
0.40887074360149983,30.0469010009744,21.782457163452477
0.4260629035577955,30.04607413833253,21.78013200192595
0.44142872890979,30.0469010009744,21.78013200192595
0.4621600640829544,30.034520711992798,21.778967962223305
0.4874019343091519,30.0481397492955,21.778580927403596
0.4882946710709276,30.0481397492955,21.778967962223305
0.49032318498871297,30.049790400618406,21.778190961032294
0.48688121086063973,30.048551629158226,21.778190961032294
0.48116839649741683,30.0481397492955,21.779354997567623
0.49954219235948716,30.048963510940723,21.77974203343649
0.5135929182867505,30.048551629158226,21.78090607629531
0.5098173643050744,30.049790400618406,21.782457163452477
0.4934614388375129,30.048551629158226,21.782844203528384
0.45180211243124746,30.04937851498147,21.78400825904299
0.4411076693008083,30.039471995580016,21.78594933951331
0.49126222480350545,30.04772787135255,21.78633638432973
0.49433556503637444,30.036171109057875,21.787110475539862
0.45850841884441096,30.048963510940723,21.789051577143255
0.49186420286336874,30.04607413833253,21.789051577143255
0.5276615138138062,30.04607413833253,21.789438626175013
0.5107473880751373,30.0481397492955,21.789438626175013
0.4993038406786705,30.048551629158226,21.791376811439477
0.49959717610768034,30.046489128804637,21.789051577143255
0.4783334479778713,30.04566227001601,21.79254090182428
0.4724729360842378,30.04772787135255,21.794092052335145
0.4759219394805959,30.04566227001601,21.794869096887737
0.4816425420994991,30.04442355641828,21.797194378749225
0.5024068487522068,30.04401169579296,21.794092052335145
0.5141255345757457,30.040710639800125,21.79758437113935
0.5035560482278552,30.04566227001601,21.798748486947773
0.4912285206669162,30.04401169579296,21.799135549180562
0.4702576439317235,30.04442355641828,21.800299671349194
0.4692889710300712,30.043599837086504,21.801850864229095
0.5090408527901217,30.04401169579296,21.802237930693366
0.504178891686735,30.043187980298967,21.80417620328268
0.4830728773895226,30.043187980298967,21.804566205268827
0.46218474724200037,30.042361152389276,21.805727417367734
0.4351405406199821,30.042773005324875,21.805727417367734
0.4535168570289933,30.059283024482,21.804566205268827
0.4597632704323535,30.042773005324875,21.803402065591342
0.4562260223096524,30.041122485047083,21.801850864229095
0.4911668475245668,30.04401169579296,21.800299671349194
0.4998928038056748,30.04194930137237,21.798748486947773
0.4781130195465556,30.050202288175285,21.797194378749225
0.5025715286590464,30.041534332212393,21.795643211308857
0.5250588653528204,30.04194930137237,21.794869096887737
0.4952514724086453,30.041534332212393,21.792927955601897
0.46051567752479505,30.04194930137237,21.792153848573264
0.4740266411725444,30.040710639800125,21.790989759772174
0.4878736801457308,30.041122485047083,21.79021565801679
0.4627609325572666,30.041534332212393,21.78866452863764
0.435369612852656,30.040298796471518,21.78866452863764
0.42369627777694474,30.041122485047083,21.787500454105214
0.44268803152106345,30.04194930137237,21.78633638432973
0.47245304356357676,30.040298796471518,21.786723429671895
0.46935733837168453,30.043187980298967,21.785559363070774
0.44852328955306986,30.040710639800125,21.78594933951331
0.44075140538757074,30.056393314330137,21.78633638432973
0.43081807549687623,30.039883835057708,21.787887501028877
0.42971995383093026,30.040710639800125,21.787887501028877
0.44595176340276443,30.040710639800125,21.788274548478398
0.44357922111647535,30.050614177652278,21.789438626175013
0.43011353086303256,30.041534332212393,21.78982567573297
0.4435682974264269,30.036582933164027,21.790989759772174
0.4557489623440791,30.039471995580016,21.790602708631297
0.44772862371218736,30.040710639800125,21.79021565801679
0.45418133441453473,30.036582933164027,21.790602708631297
0.4741805199501633,30.039471995580016,21.79021565801679
0.4729552786742057,30.04194930137237,21.79021565801679
0.4582819815151922,30.037821536918614,21.78982567573297
0.46520512166530653,30.03740970704507,21.787110475539862
0.46662827685014724,30.03740970704507,21.790602708631297
0.4385359965850535,30.035344346754584,21.79021565801679
0.414819281204453,30.0369978790892,21.787500454105214
0.4411403271619378,30.036171109057875,21.79021565801679
0.47706139902372957,30.035344346754584,21.79254090182428
0.4660971083648081,30.035344346754584,21.7917667958489
0.45203157694609736,30.034932528415084,21.7917667958489
0.4650050160452029,30.034520711992798,21.7917667958489
0.4819369037256217,30.034520711992798,21.79254090182428
0.4914297207167972,30.041534332212393,21.794482040467756
0.4893563023735578,30.035759286869165,21.796807319162042
0.485881080371498,30.033282154457993,21.796420260102252
0.48214767315181584,30.03287034571838,21.799135549180562
0.47920867289437064,30.03163181128781,21.799135549180562
0.4612283591778648,30.03163181128781,21.802624997685825
0.4352966173016967,30.0481397492955,21.803402065591342
0.4430032006283545,30.030393294193857,21.80611742148858
0.48179459042058426,30.03122001022956,21.80727863994491
0.5025643231095498,30.026680966448282,21.809219879411387
0.4717927856402113,30.029569705521283,21.81193529109254
0.44362944620895134,30.02915479443442,21.813873630062517
0.422858760225883,30.029569705521283,21.81542489729975
0.4048314192535841,30.028331217287985,21.817363260203138
0.40303302299429006,30.027919431588714,21.818527457327946
0.4178542790477963,30.029569705521283,21.819304568911832
0.4100827951175106,30.027919431588714,21.820078750126754
0.39463429122241617,30.028743004903163,21.821242958452615
0.4068214989041464,30.02750452823858,21.82202007751539
0.43664000501815864,30.027919431588714,21.819304568911832
0.4361302569730325,30.02626918842668,21.821630051454008
0.4115933862525626,30.027919431588714,21.821630051454008
0.4029913698356957,30.04525040361881,21.822407171583393
0.40579041472466576,30.026680966448282,21.82202007751539
0.3978119435608658,30.027092746385563,21.821630051454008
0.42211349750047605,30.028743004903163,21.821630051454008
0.45520147432948843,30.02750452823858,21.820078750126754
0.43752852882030213,30.027092746385563,21.819304568911832
0.4137595394882438,30.02626918842668,21.818140368582476
0.4254395084976237,30.025854292812028,21.818140368582476
0.4270233720753241,30.025854292812028,21.817753280367697
0.4177388592056687,30.035759286869165,21.81620200034598
0.4147621497815587,30.026680966448282,21.81542489729975
0.4322105500739538,30.024615856565276,21.813873630062517
0.4359234926421559,30.024615856565276,21.812322371337984
0.4094731417716484,30.024204088149816,21.810384042999374
0.4380227207748872,30.02255391424694,21.80883280341004
0.46894279103322456,30.022965674987574,21.806891566597244
0.45029311448669357,30.040298796471518,21.80611742148858
0.4564297282350796,30.040298796471518,21.80417620328268
0.4646225917985533,30.024204088149816,21.803789134172803
0.4510736675777041,30.023792321649637,21.80301206520653
0.4552924526358785,30.024615856565276,21.802237930693366
0.4648825401177058,30.024204088149816,21.802237930693366
0.45488638074921584,30.024204088149816,21.802237930693366
0.45332848344162097,30.023792321649637,21.801850864229095
0.4541651206469892,30.022142155421193,21.801073800573306
0.4192065017795659,30.03740970704507,21.801850864229095
0.4021854877740563,30.022965674987574,21.802237930693366
0.43855866599679233,30.02255391424694,21.80068673569724
0.46146048089219655,30.022142155421193,21.800299671349194
0.4428262744641,29.993264542574593,21.800299671349194
0.4347610803068786,30.022142155421193,21.799909675229458
0.44787370480136435,30.030393294193857,21.79758437113935
0.46134924819338957,30.022965674987574,21.798358492958982
0.48287736879619725,30.02173039851033,21.795643211308857
0.4606021980848057,30.02173039851033,21.796033201569742
0.42442744356914996,29.99243818056516,21.794869096887737
0.40129688003490543,30.033693965114537,21.793317942137946
0.41295024337137615,30.020492019945948,21.793317942137946
0.4236163797365535,30.020903771098347,21.791376811439477
0.3958395977193193,30.019665404093757,21.789051577143255
0.37797931400403195,30.020492019945948,21.788274548478398
0.41456272096865787,30.022142155421193,21.786723429671895
0.43051233066776967,30.02008027070798,21.785172319309595
0.40700853809067844,30.019253658699085,21.783234176257167
0.4116880226413173,30.019665404093757,21.782070123901633
0.43970966043455395,30.019253658699085,21.779354997567623
0.4335630880414909,30.019665404093757,21.778967962223305
0.41722689148508774,30.001927774402418,21.777416894022963
0.40589698727972356,30.018841915218616,21.776252865384947
0.3710309615405772,30.01842705440538,21.774314782880253
0.35740861268029783,30.01842705440538,21.773924822330002
0.3676903668240342,30.018841915218616,21.772373781494366
0.3633284227865314,30.019665404093757,21.771986755602427
0.3834069126843653,30.0176035770441,21.77043572527208
0.4234750677509361,30.022965674987574,21.770048702000736
0.42394835126532826,30.019665404093757,21.76810772954468
0.38830587096638863,30.018015314767695,21.767720709419223
0.37537583285772,29.9973902310511,21.766943738775865
0.37533115938526557,30.027919431588714,21.766556720222525
0.3745133155015471,30.0176035770441,21.766169702191803
0.3849580609833368,30.01719184123442,21.76578268468353
0.40600569220912724,30.028743004903163,21.766169702191803
0.43152699127936434,30.0176035770441,21.765392735752926
0.4423786250217353,30.018015314767695,21.765005719293526
0.4242054567064419,30.01430350594694,21.765005719293526
0.41758113669329877,30.018841915218616,21.763841741120302
0.43636381353345116,30.018841915218616,21.764231687941788
0.4414208935845441,30.019665404093757,21.763067712909617
0.4413747530895107,30.012653516494765,21.763841741120302
0.46619921589602237,30.014715228332193,21.762290754874016
0.45294294703902066,30.03410889748767,21.76267776767031
0.41771256186756106,30.019253658699085,21.761903742599657
0.4445858352348375,30.01554179798819,21.76267776767031
0.4858676986403997,30.015126952630794,21.761516730847177
0.465654538046296,29.987077928539975,21.761903742599657
0.4263287176235706,30.01554179798819,21.76267776767031
0.4157406526121739,30.016776988149672,21.763454726753935
0.4128176292393572,30.015953526128385,21.76461870335652
0.42124348844340165,30.015126952630794,21.76461870335652
0.43201283843528054,30.0138886663878,21.76578268468353
0.40211136782018414,30.013065231212636,21.76461870335652
0.39487606306988055,30.01347694784363,21.76810772954468
0.411778745376606,30.011415264818652,21.770048702000736
0.406775342156231,30.01223868466076,21.77082274906661
0.3997852814696456,30.01347694784363,21.773150766873073
0.41958678999095295,30.014715228332193,21.776252865384947
0.4282020866918624,30.011415264818652,21.779354997567623
0.4249977890527213,30.01223868466076,21.783234176257167
0.4277581268098632,30.011826973783286,21.786723429671895
0.4504543888179093,30.011415264818652,21.790602708631297
0.46601297156689675,30.012653516494765,21.790989759772174
0.4479926013403149,30.0110035577668,21.797971431785413
0.43646217151436806,30.013065231212636,21.80068673569724
0.45742439283628583,30.01223868466076,21.80417620328268
0.4499931816113828,30.012653516494765,21.80727863994491
0.41128858718210864,30.013065231212636,21.811158199774695
0.4168383066794678,30.01347694784363,21.81542489729975
0.4298816030769502,30.01347694784363,21.818917479100776
0.4103204591150743,30.01430350594694,21.82279426618271
0.4053671073280039,30.014715228332193,21.825509808391928
0.4197163341889852,30.01347694784363,21.829389618758228
0.38709030218213936,30.015126952630794,21.832879440970544
0.37176734017289587,30.01554179798819,21.83598219323096
0.39451321060089983,30.022142155421193,21.83986214811557
0.4045270228590836,30.01554179798819,21.841413558543195
0.405888024605081,30.001512992758137,21.843352100459185
0.41536604114436754,30.01058873365662,21.844516405149136
0.4235673201274389,30.01842705440538,21.846067841335298
0.4317438101744916,30.024615856565276,21.846457901312363
0.43239716647069243,30.019665404093757,21.845293588554
0.40262139720386547,30.019253658699085,21.844906462965866
0.4284766832230321,30.020903771098347,21.844516405149136
0.4716199864702588,30.02008027070798,21.842964977553095
0.4583117973128314,30.020492019945948,21.84180067930714
0.410046528512526,30.02255391424694,21.840639318618287
0.3930952394262693,30.022142155421193,21.839087912472223
0.4253583623226112,30.02173039851033,21.837923630317505
0.4337131182989393,30.022142155421193,21.837146467334833
0.42254801459122526,30.03410889748767,21.837146467334833
0.44308905943544186,30.023380557064513,21.834043702217173
0.4154975027209999,30.02008027070798,21.834820856615124
0.38192122155239033,30.022142155421193,21.833266549968357
0.41350572760736287,30.022965674987574,21.831328077683338
0.4007438080573957,30.02173039851033,21.83055386555759
0.38832735833021326,30.022965674987574,21.829002515096022
0.4148804455810437,30.022142155421193,21.828612479368815
0.4332624975487655,30.022965674987574,21.82512271006317
0.4348934677921686,30.03906015802039,21.82395848571855
0.4456413447440838,30.02255391424694,21.824735612266238
0.4425229197144472,30.01719184123442,21.823181361313516
0.4128082349308394,30.022965674987574,21.822407171583393
0.3876498926655705,30.024204088149816,21.821630051454008
0.3725092593710384,30.02255391424694,21.82085586598248
0.36668106049071136,30.021315524165402,21.819304568911832
0.37581115240345553,30.022965674987574,21.819691659253863
0.38666565694241034,30.022965674987574,21.819691659253863
0.40782346259399305,29.993264542574593,21.819304568911832
0.44623120055361926,30.02173039851033,21.820078750126754
0.4512052855274794,30.029569705521283,21.82085586598248
0.44621401732617677,30.020492019945948,21.82202007751539
0.4541951050488274,30.020903771098347,21.82279426618271
0.4589444514154979,30.020903771098347,21.82395848571855
0.46680783603368103,30.02008027070798,21.827061139607338
0.46498348626093977,30.02008027070798,21.829002515096022
0.43134791701583153,30.019253658699085,21.830940971354096
0.4189376843722014,30.02008027070798,21.833266549968357
0.4629815265120164,30.019665404093757,21.837146467334833
0.46238909349977775,30.018841915218616,21.83986214811557
0.42244150824070603,30.018015314767695,21.842190733344694
0.4202635555559648,30.01842705440538,21.844516405149136
0.4569792724612773,30.018015314767695,21.8468450290448
0.4639492641320351,30.015953526128385,21.84956080379419
0.4464763878513008,30.015126952630794,21.85188653681587
0.44741485176433227,30.015953526128385,21.85499243239508
0.4494510063288852,30.015953526128385,21.857705353386848
0.4460067036866444,30.006877235912498,21.86042123367531
0.46454189590859574,30.019665404093757,21.862362840328217
0.4744177151515067,30.014715228332193,21.867791785102725
0.4616639144383978,30.014715228332193,21.869346283650998
0.44153750801487296,30.016776988149672,21.871672181662404
0.4178054383792904,30.005639064932268,21.87400103220466
0.41023888999362745,30.013065231212636,21.87555263237971
0.4266754245686236,30.012653516494765,21.87710424122332
0.45215820418049535,30.011415264818652,21.87865585873925
0.453385456688249,30.023792321649637,21.880207484931532
0.44881558526034976,30.011415264818652,21.88137194355977
0.4454400055887326,30.01058873365662,21.88253640707842
0.43240900233423696,30.01223868466076,21.88408805498682
0.40995566006954665,30.011415264818652,21.88563971158527
0.41304088041216575,30.010177030444595,21.887191376877695
0.4489727714531872,30.00893881337049,21.889907545381448
0.45202980842417845,30.009353629758095,21.8914592346066
0.45027153791590696,30.00893881337049,21.892623740557895
0.455336918824103,30.009353629758095,21.894949833886244
0.45091839564201835,29.980065498725764,21.89689168215881
0.427678119983352,30.007288923797375,21.89883061075443
0.43380826101262787,30.006877235912498,21.899995147791458
0.4545764794064081,30.006877235912498,21.900769552976215
0.44981433749765254,30.00605074706715,21.90193409820074
0.4186442837164009,30.005227384709087,21.90193409820074
0.4309314118674895,29.996975470625557,21.901546893701152
0.47396830312030314,30.00481570639755,21.901159689745327
0.47662589541802214,30.004400911244204,21.901159689745327
0.4465045601933902,30.003577564207433,21.90038235011201
0.4327103727747416,30.00398923677011,21.89960794601444
0.4428686279337676,30.003162774846203,21.899217811440394
0.4591135635398542,30.003162774846203,21.897666078632824
0.4647794836314345,30.003162774846203,21.89727888012419
0.45991915266660305,30.002339439305956,21.895727158217312
0.4524873702678645,30.002751106120513,21.894949833886244
0.4513331950509241,30.001927774402418,21.894562639186688
0.4650829718521003,30.001927774402418,21.894175445029873
0.48320352371456676,30.009353629758095,21.893010932540392
0.4852011734082793,30.000278015289155,21.888743050868015
0.4682697636735093,30.000278015289155,21.890294733560097
0.4576067530215471,29.999451587950716,21.888355864861126
0.45028132180279173,29.999863241360515,21.88913023741668
0.4348298918133446,29.999451587950716,21.88680419304154
0.4341017689353179,29.999039936451425,21.886414076542167
0.45373411697437144,29.999863241360515,21.88602689379303
0.465333748410999,29.998628286862584,21.885252529918887
0.4517203823627345,29.996975470625557,21.88408805498682
0.4491069792085831,29.99615219251774,21.884475235025604
0.4600102929007954,29.996975470625557,21.883310763360726
0.4466295985501286,29.996975470625557,21.882146296589042
0.4347065110092075,29.99615219251774,21.88098476785609
0.43848658200527246,29.99656383061665,21.88098476785609
0.42578198728080646,29.9953258036154,21.88137194355977
0.40658680832259636,29.996975470625557,21.879433137316028
0.4293855096529818,29.994502540815063,21.88175911980403
0.4690668076904044,29.994502540815063,21.880594659549956
0.46974031692705337,30.005227384709087,21.880594659549956
0.4604511156774152,29.993264542574593,21.880207484931532
0.47164570932109295,29.993264542574593,21.880594659549956
0.4702652620674352,29.987904240646344,21.880207484931532
0.4450198334952751,29.96604541674259,21.880207484931532
0.43837708390194224,29.992026561605144,21.880594659549956
0.465576027326249,29.991614944554215,21.880594659549956
0.4909870222141556,29.993676167276874,21.88098476785609
0.48200186486366586,29.99243818056516,21.88175911980403
0.4587098988358042,29.993264542574593,21.88175911980403
0.45828900313429843,29.992852919781626,21.88137194355977
0.49112258602272124,29.991203329412315,21.88098476785609
0.5318537308935064,29.986666334435768,21.880594659549956
0.5364476383838549,29.992026561605144,21.880207484931532
0.5099764683296382,29.99243818056516,21.87904303119211
0.5057397380805594,29.991614944554215,21.87826868682663
0.4875021984626201,29.992026561605144,21.87671707147507
0.4549439805480681,29.999039936451425,21.87555263237971
0.46261860993444404,29.999039936451425,21.87555263237971
0.47080649240808536,29.992852919781626,21.87477536466804
0.4797545557234002,29.994502540815063,21.87438819816657
0.5012397751308312,29.993264542574593,21.87400103220466
0.5029015140152842,29.994502540815063,21.87400103220466
0.4747519422668611,29.991614944554215,21.872836604494353
0.4715055060471579,29.992852919781626,21.87244944069414
0.4907376313903256,29.994090912279376,21.871285019483764
0.4914024288442258,29.993264542574593,21.871672181662404
0.48204363975652853,29.99574055632877,21.869346283650998
0.49091384847334135,29.99615219251774,21.867791785102725
0.46214882644204813,29.99574055632877,21.866630316382498
0.45440779170921003,29.998628286862584,21.865078765979206
0.4772818928229698,29.996975470625557,21.865465919523785
0.45527623680074936,29.98748952455236,21.865078765979206
0.45463797132607964,29.9973902310511,21.864688679997357
0.4754392890154423,29.999451587950716,21.865078765979206
0.4879227021383011,29.99078859790461,21.863524291254862
0.47428080290214814,29.998628286862584,21.86274999009936
0.45202377299338964,29.999039936451425,21.863137140408185
0.4519168431677901,29.999451587950716,21.862362840328217
0.4382795045788506,29.999451587950716,21.861972758148
0.41352871185770423,30.005227384709087,21.862362840328217
0.4336837433136796,30.001101331691018,21.86274999009936
0.4659372393190169,30.001512992758137,21.8615856094562
0.4622706415507951,30.001512992758137,21.861972758148
0.43678890360338657,30.002339439305956,21.861198461301854
0.4408065973890377,30.002339439305956,21.86042123367531
0.4717275822996007,30.002751106120513,21.860811313685076
0.48697575154127287,30.002751106120513,21.860034087137308
0.4870843634229813,30.002751106120513,21.86042123367531
0.4891905537035018,30.004400911244204,21.860034087137308
0.4787353680646163,30.00481570639755,21.860811313685076
0.46380047479939,30.005227384709087,21.860811313685076
0.4731959608404153,30.006465549939605,21.85731821061671
0.5009944482692408,30.00605074706715,21.861198461301854
0.49903634274975217,30.00605074706715,21.8615856094562
0.4523843490099914,29.989965377194267,21.8615856094562
0.4168299060454491,30.00770061359424,21.862362840328217
0.405303093626792,30.008527117822723,21.86274999009936
0.39276631304636633,30.00770061359424,21.863524291254862
0.37737483847256326,30.005227384709087,21.865078765979206
0.37829229754898286,30.02255391424694,21.864688679997357
0.3964316341270775,30.009353629758095,21.865465919523785
0.40038706478083885,30.010177030444595,21.865465919523785
0.39644232957926057,30.000278015289155,21.86740462832421
0.39312447754038227,30.01058873365662,21.868181875431787
0.3930011078742302,30.0110035577668,21.868181875431787
0.39122484720565476,30.01223868466076,21.868181875431787
0.39299040392282425,30.01347694784363,21.868569033291408
0.3977918820805482,30.012653516494765,21.867791785102725
0.40603150814473193,30.02915479443442,21.867791785102725
0.44434252852624434,30.01347694784363,21.867791785102725
0.45036213789385404,30.011415264818652,21.86701747208417
0.3999324454743741,30.01347694784363,21.865078765979206
0.4205063177317208,30.013065231212636,21.864688679997357
0.44933421936546036,30.014715228332193,21.863137140408185
0.42553104356184884,30.0138886663878,21.86274999009936
0.4161546660175904,30.01223868466076,21.862362840328217
0.423410421967667,30.0138886663878,21.861198461301854
0.4206083706555415,30.014715228332193,21.8580954295997
0.3982245848819794,30.015126952630794,21.85925979567321
0.39482704884587344,30.01430350594694,21.858869717832874
0.41310394043063037,30.01430350594694,21.85848257344776
0.43058521680337675,30.01430350594694,21.85731821061671
0.4395863334859724,30.016365256182155,21.856931068383574
0.45511464064258467,29.98584003385065,21.856543926687152
0.4459959216408156,30.015126952630794,21.856543926687152
0.4182962284106737,30.01554179798819,21.85576671202307
0.41132524609702126,30.02255391424694,21.85731821061671
0.4258401872028729,30.015953526128385,21.85576671202307
0.41879323208407454,30.016365256182155,21.856153852641967
0.39256012006230945,30.025442518636055,21.8534380138625
0.3918307800676821,30.016365256182155,21.856153852641967
0.41322915320977016,30.02255391424694,21.85499243239508
0.4448306469991025,30.016776988149672,21.854215222047912
0.4579575506064205,30.018015314767695,21.854215222047912
0.44238658303941764,30.016365256182155,21.8534380138625
0.41778568949907646,30.016776988149672,21.85227660490392
0.4199867107711034,30.018841915218616,21.851112267937367
0.4290492577641248,30.016776988149672,21.850335068377944
0.4280133844282996,30.025854292812028,21.849947935818193
0.439527879791813,30.020492019945948,21.84878360854475
0.4543063887722639,30.01719184123442,21.84800934825381
0.44423375395041603,30.01719184123442,21.847232157312476
0.43123462679573116,30.025442518636055,21.847232157312476
0.46372900980017584,30.01719184123442,21.846067841335298
0.4940971389758672,30.01719184123442,21.844906462965866
0.48844468923843204,30.0176035770441,21.845680714677144
0.45576997823865467,30.020492019945948,21.844906462965866
0.44936720729708385,30.018015314767695,21.84412928063483
0.46847164865189617,30.0176035770441,21.843352100459185
0.4681214323008535,30.0176035770441,21.843352100459185
0.4524930524734396,30.0176035770441,21.842964977553095
0.4419543964307634,30.018015314767695,21.842964977553095
0.44828906474461266,30.01719184123442,21.84180067930714
0.44554391815172584,30.01719184123442,21.84180067930714
0.440450696584704,30.02750452823858,21.841026438313634
0.4413237117530474,30.015953526128385,21.840639318618287
0.4357144502764241,30.018015314767695,21.83986214811557
0.4242577005787458,30.018015314767695,21.838310746266302
0.44036795280002156,30.018841915218616,21.837923630317505
0.47076571833093733,30.018015314767695,21.83598219323096
0.48277489238174875,30.01719184123442,21.835595080492226
0.47191565923695705,30.019665404093757,21.83598219323096
0.4566683003621174,30.018015314767695,21.835595080492226
0.44436958479987726,30.018841915218616,21.835595080492226
0.43117485992005805,30.0176035770441,21.83637223918157
0.41805284044488694,30.018015314767695,21.83598219323096
0.4174999059062808,30.018015314767695,21.83598219323096
0.4261636066520852,30.0176035770441,21.83675935299135
0.45027861462885327,30.01842705440538,21.837923630317505
0.4829492669838679,30.0176035770441,21.83675935299135
0.4793817401180135,30.016776988149672,21.83598219323096
0.4402234673639991,30.01842705440538,21.83675935299135
0.4418940649650374,30.0176035770441,21.835595080492226
0.47805300705308257,30.016776988149672,21.835595080492226
0.48825657787492327,30.018015314767695,21.834820856615124
0.47380126523048793,30.01719184123442,21.834430812818425
0.47594452220672995,29.989139045901993,21.832879440970544
0.4800331121239068,30.01719184123442,21.832879440970544
0.4564879070740375,30.029569705521283,21.831328077683338
0.4457304564014097,30.0176035770441,21.830940971354096
0.47087364569412155,30.019665404093757,21.829389618758228
0.4671906944186232,30.016776988149672,21.827448240600063
0.43692625933094975,30.015953526128385,21.827838274714225
0.4291170757871069,30.024615856565276,21.82628693921822
0.45045539552930175,30.015953526128385,21.825509808391928
0.4610648112977155,30.02173039851033,21.82357138952068
0.463580259385953,30.015953526128385,21.82202007751539
0.4558804272298223,30.015953526128385,21.82085586598248
0.4397780158713504,30.015953526128385,21.820078750126754
0.4322416394547164,30.015953526128385,21.817753280367697
0.4497848154428129,30.009765329145125,21.81581198232351
0.4629377812491445,30.015953526128385,21.813486547693515
0.44028601148222546,30.015953526128385,21.81193529109254
0.42009164971535845,30.016365256182155,21.809994033001942
0.4137379240077958,30.016776988149672,21.809219879411387
0.4078005945793135,30.016365256182155,21.807668646201478
0.41586994132600474,30.016365256182155,21.8049532754398
0.426557436459626,29.988727442241668,21.803789134172803
0.44448408278052065,30.016365256182155,21.801460865977276
0.482494112366075,30.01719184123442,21.801073800573306
0.46496761738273407,30.016776988149672,21.799522611941086
0.43120784854149224,30.016365256182155,21.798748486947773
0.44900498690780066,30.016365256182155,21.796807319162042
0.4569260497583597,30.015953526128385,21.795643211308857
0.4245072835853167,30.015953526128385,21.795643211308857
0.4302580771131242,30.0176035770441,21.795643211308857
0.45944073183000933,30.01554179798819,21.794482040467756
0.463248626444252,30.00770061359424,21.794092052335145
0.4482686974798709,30.015953526128385,21.793317942137946
0.456212159701176,30.015126952630794,21.793317942137946
0.4700177916432177,30.01430350594694,21.79254090182428
0.4576889378161333,30.01554179798819,21.79254090182428
0.4536658916606968,30.01430350594694,21.792153848573264
0.4513867215301175,30.014715228332193,21.792153848573264
0.44202203275205354,30.030393294193857,21.793317942137946
0.44551804122903155,30.01430350594694,21.790989759772174
0.4652326876391193,30.015126952630794,21.790989759772174
0.4869540986809397,30.01430350594694,21.790602708631297
0.4988556383843108,30.015953526128385,21.790989759772174
0.4882244471662558,30.014715228332193,21.789051577143255
0.4501770044160608,30.014715228332193,21.787887501028877
0.4195077044176063,30.0138886663878,21.788274548478398
0.43321572225907556,30.0138886663878,21.787887501028877
0.4612128671507184,30.002339439305956,21.786723429671895
0.46722461506267826,30.01430350594694,21.784398233363618
0.4611786376937738,30.01347694784363,21.787500454105214
0.4556200466235819,30.014715228332193,21.788274548478398
0.44522490426220096,30.01347694784363,21.78866452863764
0.4533206530995108,30.013065231212636,21.789051577143255
0.4881263189442275,30.01347694784363,21.789051577143255
0.48882002004208114,30.01347694784363,21.79021565801679
0.46332416821036226,30.02255391424694,21.78633638432973
0.4718427825884157,30.01430350594694,21.788274548478398
0.5013732257834306,30.012653516494765,21.78866452863764
0.4835364508088703,30.011826973783286,21.789051577143255
0.4424348310263895,30.0138886663878,21.789438626175013
0.4211156933918162,30.016776988149672,21.79021565801679
0.4266811656725666,30.01347694784363,21.78982567573297
0.4123183491305311,30.012653516494765,21.78982567573297
0.38379063175714057,30.015126952630794,21.79021565801679
0.39710611924747297,30.011415264818652,21.79021565801679
0.4190627080342593,30.01430350594694,21.79021565801679
0.4241653344455602,30.01554179798819,21.78982567573297
0.4221929342525183,30.014715228332193,21.78982567573297
0.41687135523868085,30.01554179798819,21.78982567573297
0.41007961098642715,30.014715228332193,21.78982567573297
0.4121973700244712,30.015126952630794,21.78982567573297
0.4226097845753537,30.01554179798819,21.78982567573297
0.42189065994893254,30.016365256182155,21.789438626175013
0.4216653552417276,30.0138886663878,21.79021565801679
0.42645621396370476,30.015953526128385,21.78982567573297
0.4192297521060131,30.027092746385563,21.78982567573297
0.4087627401638974,30.01719184123442,21.79021565801679
0.41437173581440256,30.015953526128385,21.78982567573297
0.42986215392941224,30.015953526128385,21.78866452863764
0.4226443016752907,30.015953526128385,21.789051577143255
0.4077758756028619,30.016365256182155,21.788274548478398
0.4129297209916144,30.016365256182155,21.787110475539862
0.39687093307598853,30.015953526128385,21.78633638432973
0.37213754360481804,30.0176035770441,21.78594933951331
0.3685010247912426,30.030808211087788,21.786723429671895
0.3742734231275722,30.015953526128385,21.78633638432973
0.3735002908165059,30.016776988149672,21.78594933951331
0.3908032083936367,30.01719184123442,21.78594933951331
0.43214862488067357,30.0176035770441,21.787110475539862
0.4463862951505737,30.020903771098347,21.78594933951331
0.4151607824971124,30.0176035770441,21.786723429671895
0.4039278193638399,30.01719184123442,21.78633638432973
0.44726937810057604,30.0176035770441,21.78633638432973
0.4869033987409769,30.01842705440538,21.786723429671895
0.485065476303745,30.029569705521283,21.787110475539862
0.465294297072092,30.025442518636055,21.787887501028877
0.4624836438234254,30.0176035770441,21.788274548478398
0.46845381256657004,30.018015314767695,21.789051577143255
0.47657252664307637,30.015953526128385,21.78982567573297
0.48439272331686273,30.0176035770441,21.79021565801679
0.48572221074960786,30.018015314767695,21.791376811439477
0.4764420839073102,30.01430350594694,21.792153848573264
0.4700330308795116,30.015953526128385,21.79254090182428
0.4585488541102503,30.02255391424694,21.794092052335145
0.4387708584382233,30.015953526128385,21.794092052335145
0.4296524163425347,30.01719184123442,21.794482040467756
0.44714286627128214,30.01719184123442,21.794869096887737
0.4753497236174078,30.01554179798819,21.794482040467756
0.4807663212355605,30.0176035770441,21.794869096887737
0.4777722230449686,30.0176035770441,21.792927955601897
0.48124112282939546,30.018015314767695,21.794092052335145
0.46868268770105137,30.016776988149672,21.794482040467756
0.44374749655584583,30.016365256182155,21.794482040467756
0.42114991549703873,30.015953526128385,21.794092052335145
0.4221201063368006,30.018841915218616,21.793317942137946
0.4183717327334672,30.0176035770441,21.794092052335145
0.40337534213584275,30.02008027070798,21.794092052335145
0.41336955363524747,30.0176035770441,21.794092052335145
0.44285128375376637,30.01719184123442,21.793704996973133
0.4506996736021338,30.01719184123442,21.794869096887737
0.44034661304694145,30.015953526128385,21.794482040467756
0.4359343250740564,30.016365256182155,21.794869096887737
0.4426043327412157,30.016776988149672,21.795643211308857
0.4302217201371967,30.01719184123442,21.796807319162042
0.40323903313472603,30.015953526128385,21.798358492958982
0.40172538239618016,30.019253658699085,21.799522611941086
0.43381995277742347,30.016365256182155,21.801073800573306
0.4105013045481446,30.006465549939605,21.802624997685825
0.3808354795200265,30.016776988149672,21.803789134172803
0.39168772541848995,30.015953526128385,21.80611742148858
0.39789371339369817,30.0176035770441,21.80727863994491
0.3943484290811977,30.020903771098347,21.808442795550093
0.3819267275540484,30.016365256182155,21.809219879411387
0.3730513721204533,30.015126952630794,21.810384042999374
0.3899842241865205,30.015953526128385,21.811158199774695
0.4228785360306859,30.015953526128385,21.81193529109254
0.42949035434899313,30.014715228332193,21.81270945211321
0.3934070780841243,30.016776988149672,21.813486547693515
0.3776602643441198,30.015126952630794,21.81309653341833
0.39898798220243253,30.01554179798819,21.813486547693515
0.4152411098140598,30.01554179798819,21.81309653341833
0.42842721116201726,30.014715228332193,21.81309653341833
0.4453591349813188,30.015953526128385,21.812322371337984
0.41916499691238396,30.014715228332193,21.81077112112223
0.41101134825973956,30.01430350594694,21.809994033001942
0.4376985826461244,30.022965674987574,21.809606955942
0.44328733861639996,30.02915479443442,21.808442795550093
0.43596007465292835,30.0138886663878,21.806891566597244
0.44317448785071467,30.01430350594694,21.806504493778448
0.4414601660028544,30.01347694784363,21.80417620328268
0.42053325389556206,30.01223868466076,21.80417620328268
0.41815734674554417,30.015126952630794,21.80301206520653
0.44420600609952865,30.01347694784363,21.801850864229095
0.463969215072323,30.012653516494765,21.801850864229095
0.45653159122666076,30.0138886663878,21.80068673569724
0.4447311904791182,30.01347694784363,21.799522611941086
0.4415353290870565,30.027092746385563,21.797971431785413
0.4387237728195913,30.01430350594694,21.797971431785413
0.41542735622808163,30.01430350594694,21.796420260102252
0.40040895417759537,30.008527117822723,21.796033201569742
0.4010963181906553,30.0138886663878,21.794482040467756
0.40461809903720014,30.01347694784363,21.794092052335145
0.4025008494307606,30.01554179798819,21.793704996973133
0.39435566020607365,30.0138886663878,21.792153848573264
0.38409975378390926,30.0138886663878,21.791376811439477
0.38468210586116863,30.029981498899474,21.791376811439477
0.416515865470288,30.01430350594694,21.7917667958489
0.4499239133289065,30.014715228332193,21.790602708631297
0.4485919870355574,30.0138886663878,21.790989759772174
0.42618681147820725,30.021315524165402,21.79021565801679
0.4332618484517726,30.003577564207433,21.79021565801679
0.45606575376502645,30.003162774846203,21.789438626175013
0.45885624426591215,30.0138886663878,21.789438626175013
0.4254786593884945,30.01430350594694,21.78982567573297
0.40236563167987194,30.02173039851033,21.78982567573297
0.41798989652084645,30.02750452823858,21.78982567573297
0.4331356920658159,30.01347694784363,21.79021565801679
0.442638126871379,30.01223868466076,21.790602708631297
0.46742353659011726,30.015126952630794,21.791376811439477
0.47951928088735113,30.007288923797375,21.79254090182428
0.4679619842853845,30.01223868466076,21.792927955601897
0.45283877469623807,30.012653516494765,21.794869096887737
0.4563941255825931,30.002339439305956,21.794092052335145
0.4741072314012485,30.011415264818652,21.795643211308857
0.4714267573650717,30.00398923677011,21.797194378749225
0.45339404016605983,30.013065231212636,21.797971431785413
0.4531514155185449,30.011826973783286,21.799135549180562
0.4748340850169313,30.012653516494765,21.80068673569724
0.4829321686770999,30.01223868466076,21.802237930693366
0.4786765659408678,30.012653516494765,21.803402065591342
0.4721320094674382,30.00770061359424,21.8049532754398
0.46300407317349684,30.011826973783286,21.805727417367734
0.433965324687581,30.0138886663878,21.806504493778448
0.4039496937627457,30.011415264818652,21.80727863994491
0.3919360443833939,30.011826973783286,21.80727863994491
0.3973198086885097,30.011415264818652,21.807668646201478
0.41438974040347987,30.011826973783286,21.806891566597244
0.4360822746672926,30.00068967253469,21.80611742148858
0.4437409197763566,30.01058873365662,21.805340346139417
0.41957163470069037,30.011415264818652,21.80417620328268
0.4042848052457111,30.01058873365662,21.803789134172803
0.41395888307504025,30.011415264818652,21.80301206520653
0.4242843892890593,30.011415264818652,21.804566205268827
0.41687105141702435,30.011415264818652,21.80301206520653
0.4071342463825521,30.01058873365662,21.803789134172803
0.4300777819355426,30.010177030444595,21.80301206520653
0.4503286785071968,30.01058873365662,21.80301206520653
0.431810216988742,30.01058873365662,21.802237930693366
0.4003427524965826,30.009353629758095,21.802237930693366
0.42826536578088276,30.009765329145125,21.801850864229095
0.4671087408920738,30.009765329145125,21.80301206520653
0.4594739791613649,30.009765329145125,21.801850864229095
0.4449428179029415,30.009353629758095,21.801460865977276
0.43071660111130666,30.011415264818652,21.801073800573306
0.4199221472748296,30.00893881337049,21.800299671349194
0.43166798516635685,30.010177030444595,21.801073800573306
0.4400041611598527,30.00893881337049,21.800299671349194
0.420816190246216,30.00811542418711,21.799909675229458
0.4098344326668354,30.001927774402418,21.799522611941086
0.4437195872085934,30.008527117822723,21.799135549180562
0.45455149329814953,30.00811542418711,21.799135549180562
0.4482522446054989,30.00770061359424,21.798358492958982
0.4529591621538184,30.006877235912498,21.796420260102252
0.4619108572484975,30.006877235912498,21.794482040467756
0.46838012245287786,30.00770061359424,21.79525615383477
0.460118063955593,30.006465549939605,21.794092052335145
0.42914263762028687,30.02255391424694,21.794482040467756
0.4097126370410943,30.007288923797375,21.792927955601897
0.4076555857294264,30.013065231212636,21.792153848573264
0.39884168810161563,30.00481570639755,21.7917667958489
0.3920629282129124,30.00770061359424,21.79021565801679
0.41110167930446234,30.006465549939605,21.791376811439477
0.41694483202779054,30.007288923797375,21.790602708631297
0.3900924179818397,30.02008027070798,21.789051577143255
0.4056984841169258,30.006877235912498,21.78982567573297
0.4522403463895691,30.006877235912498,21.78982567573297
0.4445644788430738,30.006877235912498,21.78982567573297
0.4237275171894335,30.006465549939605,21.789438626175013
0.4371535229991658,30.007288923797375,21.78982567573297
0.45865522962010924,30.00605074706715,21.78982567573297
0.4449978586424718,30.005639064932268,21.78982567573297
0.4410393233674451,29.99574055632877,21.78982567573297
0.44582499118876484,30.00605074706715,21.791376811439477
0.4410598766626967,30.006465549939605,21.78982567573297
0.44178958147830755,30.010177030444595,21.789438626175013
0.44463908848300726,30.00605074706715,21.78982567573297
0.4345545892451959,30.020903771098347,21.79021565801679
0.43559884120362874,30.00398923677011,21.78594933951331
0.4158338226779286,30.005227384709087,21.788274548478398
0.3763860387828836,29.985428445484956,21.78866452863764
0.3677355608174097,30.00481570639755,21.789438626175013
0.40911501420803886,30.004400911244204,21.787887501028877
0.45089416501421054,30.001927774402418,21.787500454105214
0.4647401874950265,30.00398923677011,21.786723429671895
0.4386126632043265,30.003577564207433,21.787887501028877
0.405792681677305,30.00893881337049,21.78633638432973
0.41065282249624685,30.001101331691018,21.785559363070774
0.4273598552811828,30.002339439305956,21.782844203528384
0.41172033892736665,30.002339439305956,21.784785276073876
0.4186966265825337,30.001927774402418,21.78400825904299
0.4559324135437147,30.001101331691018,21.782457163452477
0.45157074093022936,29.9973902310511,21.782070123901633
0.44621611913719467,29.999863241360515,21.78051903884824
0.46993062402045693,30.001512992758137,21.78013200192595
0.47128626466079954,30.00068967253469,21.78013200192595
0.440458540791053,29.998628286862584,21.779354997567623
0.4412577727291639,29.999863241360515,21.778580927403596
0.457353027860316,29.999863241360515,21.774701811922114
0.4411624171217632,30.001101331691018,21.778580927403596
0.4161887390418526,30.005227384709087,21.779354997567623
0.41209516797291046,30.000278015289155,21.778967962223305
0.42335886893571767,29.998213520648335,21.779354997567623
0.4303702361820826,30.000278015289155,21.78013200192595
0.43423998037295386,29.999039936451425,21.77974203343649
0.4286990168633462,30.000278015289155,21.78090607629531
0.41580357457101474,29.975117532125182,21.781293114267214
0.41753778473680697,30.00068967253469,21.781683084875908
0.44269558059408,30.00068967253469,21.782457163452477
0.4562849784783231,30.00811542418711,21.783621217387463
0.45723594196800676,30.00068967253469,21.784398233363618
0.45966535152866267,30.000278015289155,21.784785276073876
0.4650218541008439,29.99615219251774,21.785559363070774
0.4617083549929502,29.998213520648335,21.78633638432973
0.45291239227821817,30.00811542418711,21.78866452863764
0.4497313180482059,30.001927774402418,21.789438626175013
0.44194444308016356,30.001512992758137,21.789051577143255
0.4295937274379033,30.001512992758137,21.79021565801679
0.4368157769001352,30.001512992758137,21.792153848573264
0.44424642250148016,30.001101331691018,21.792927955601897
0.41880114551863806,30.001927774402418,21.794092052335145
0.4057502108225549,30.001512992758137,21.79525615383477
0.4370885478009774,30.002751106120513,21.794482040467756
0.47188211662030505,30.002339439305956,21.796420260102252
0.459182565950304,30.002751106120513,21.798748486947773
0.430152273984575,30.001101331691018,21.798358492958982
0.4286953907087788,30.01842705440538,21.799135549180562
0.45102269466111744,30.002339439305956,21.799135549180562
0.44894818459417424,30.001927774402418,21.799135549180562
0.4377610500852378,30.002339439305956,21.799135549180562
0.4338780232253167,30.01842705440538,21.798748486947773
0.40641996314161816,30.0110035577668,21.797971431785413
0.4067517210798337,30.001927774402418,21.797194378749225
0.43801470160891753,30.002339439305956,21.796033201569742
0.47091957663110323,30.002339439305956,21.795643211308857
0.4693323802683828,30.002339439305956,21.794869096887737
0.4493733857712815,30.001512992758137,21.794482040467756
0.43731326774812795,30.001512992758137,21.792927955601897
0.452674725855747,30.000278015289155,21.79254090182428
0.46787727722912176,30.001101331691018,21.790602708631297
0.4591032801652472,29.999863241360515,21.790602708631297
0.4511729170177897,29.998628286862584,21.79021565801679
0.4571529837498095,29.998628286862584,21.78982567573297
0.448172840338494,29.999451587950716,21.789438626175013
0.427860702668865,29.998628286862584,21.78866452863764
0.4175852294324472,29.998628286862584,21.788274548478398
0.41717224729719393,29.999039936451425,21.788274548478398
0.4172253724136895,29.997801874894606,21.787500454105214
0.43742941383194894,29.9973902310511,21.78633638432973
0.46227444969681275,29.998213520648335,21.786723429671895
0.45001912536633965,29.997801874894606,21.786723429671895
0.4111460773412896,29.996975470625557,21.785559363070774
0.3914214019348786,29.99574055632877,21.784398233363618
0.4080116480545289,29.9973902310511,21.783234176257167
0.40052550243566715,29.996975470625557,21.782844203528384
0.380128921308703,29.99656383061665,21.782070123901633
0.3910913577819738,29.99615219251774,21.782457163452477
0.43642843515902097,29.99615219251774,21.782070123901633
0.453094915041115,30.00770061359424,21.781683084875908
0.44139249704803085,29.994502540815063,21.78013200192595
0.4426310210702925,29.99574055632877,21.77974203343649
0.45491035875669816,29.99078859790461,21.779354997567623
0.45478433285812175,29.994914171260405,21.778967962223305
0.4419821562239709,29.996975470625557,21.77974203343649
0.4202136225328154,29.994914171260405,21.778967962223305
0.40410434770631065,29.9953258036154,21.778580927403596
0.41256738006208504,29.99574055632877,21.778580927403596
0.43327947914057924,29.9953258036154,21.77780392726544
0.4417192082234168,29.99574055632877,21.778580927403596
0.4468383449577826,29.99574055632877,21.77702692924072
0.44830441879266464,29.9953258036154,21.77780392726544
0.4247526291460519,29.994502540815063,21.776639897050757
0.4345221516329287,29.994090912279376,21.77702692924072
0.4643765801697249,29.994914171260405,21.776639897050757
0.44158645774389244,29.994090912279376,21.778580927403596
0.4383687754029871,29.9973902310511,21.777416894022963
0.4582668304856917,29.993676167276874,21.778580927403596
0.4654427307390112,29.987077928539975,21.778580927403596
0.47484989112676085,29.993264542574593,21.779354997567623
0.47937046405449224,29.994914171260405,21.778967962223305
0.4477439630664667,29.99243818056516,21.78051903884824
0.41653947888999615,29.994090912279376,21.78090607629531
0.4335001574909296,29.99078859790461,21.781293114267214
0.4683072589041144,29.993264542574593,21.781683084875908
0.45537859060143526,29.991614944554215,21.782457163452477
0.44045372372502456,29.992026561605144,21.783234176257167
0.4683371310590757,29.99078859790461,21.785172319309595
0.48279262563910363,29.991614944554215,21.785559363070774
0.4725091522292855,30.003162774846203,21.787500454105214
0.4995510115307421,29.98955376970224,21.79021565801679
0.5236007948128744,29.978830819631753,21.792153848573264
0.529957973970627,29.989139045901993,21.796033201569742
0.5042928864489927,29.98955376970224,21.800299671349194
0.48408830761403315,29.994502540815063,21.804566205268827
0.4912524978603794,29.988727442241668,21.80611742148858
0.48804711761044545,29.987904240646344,21.808055720611264
0.4795656340298482,29.989139045901993,21.809606955942
0.492857774394499,29.998213520648335,21.811158199774695
0.49970239240059017,29.988727442241668,21.81193529109254
0.4753301253935722,29.989139045901993,21.81309653341833
0.46374194365106897,29.990376986595038,21.81270945211321
0.4740723742719826,29.990376986595038,21.813486547693515
0.4834470072250253,29.994914171260405,21.81270945211321
0.5021131186577372,29.989965377194267,21.812322371337984
0.5391116228132862,30.002339439305956,21.81193529109254
0.5519926279773071,29.987077928539975,21.811545278956714
0.5141429921396574,29.9953258036154,21.81077112112223
0.5040185468572972,29.991203329412315,21.810384042999374
0.5113807108154171,29.98955376970224,21.810384042999374
0.5061962779610787,29.991203329412315,21.809994033001942
0.5144104299311445,29.989965377194267,21.81077112112223
0.5301107198908853,29.9953258036154,21.81077112112223
0.497325307760533,29.993264542574593,21.811158199774695
0.5262255093273674,29.992026561605144,21.81193529109254
0.5376172498665328,30.003577564207433,21.81270945211321
0.49585517029576587,29.993264542574593,21.81309653341833
0.49648764976335175,29.988727442241668,21.813873630062517
0.5227345936982744,29.993676167276874,21.814650728842935
0.5241040965944737,29.994914171260405,21.81193529109254
0.47982659351862195,29.994502540815063,21.814260712961527
0.4849677661160636,29.994502540815063,21.813873630062517
0.4835379074465254,29.99574055632877,21.812322371337984
0.4705789570478654,29.994502540815063,21.81193529109254
0.4895217604152102,29.99615219251774,21.81193529109254
0.5197906466218065,29.99574055632877,21.81077112112223
0.5203843792910829,29.971407517373677,21.809606955942
0.5094934317338695,29.99656383061665,21.809994033001942
0.5188923175990797,30.003577564207433,21.810384042999374
0.5178768810057343,29.996975470625557,21.809606955942
0.4936036331519016,29.997801874894606,21.810384042999374
0.4787990666951032,29.998628286862584,21.811158199774695
0.4727953469384488,29.998213520648335,21.81077112112223
0.4438336150905436,29.999039936451425,21.811545278956714
0.4302178764517191,29.999039936451425,21.809994033001942
0.4564011788132092,29.99615219251774,21.81077112112223
0.48023137508824504,29.999863241360515,21.809606955942
0.48267242831040313,29.999863241360515,21.809994033001942
0.48163485971754244,29.998213520648335,21.806891566597244
0.49169896619042885,29.999039936451425,21.809219879411387
0.4809285168854903,29.998628286862584,21.809219879411387
0.4518019381235835,29.999039936451425,21.809219879411387
0.4560916391924487,29.999863241360515,21.80883280341004
0.4631548363530743,29.994914171260405,21.808442795550093
0.46021413348133783,30.000278015289155,21.807668646201478
0.4657826820871958,29.993676167276874,21.808442795550093
0.4624354842868936,30.001512992758137,21.808055720611264
0.44681357264273514,29.999863241360515,21.80727863994491
0.42368065448139586,30.001101331691018,21.806504493778448
0.40756172183785006,29.999863241360515,21.806504493778448
0.42765039860015935,30.00068967253469,21.806504493778448
0.4523542543119348,30.000278015289155,21.805727417367734
0.4203628539003397,29.997801874894606,21.804566205268827
0.36449696518294417,30.001101331691018,21.804566205268827
0.3583557849583265,30.001101331691018,21.80301206520653
0.3954554316864966,29.99656383061665,21.802237930693366
0.4096527406176828,30.00398923677011,21.801850864229095
0.41044738582124546,30.001927774402418,21.799909675229458
0.4222506122001677,30.001512992758137,21.799135549180562
0.4339550572198337,30.00068967253469,21.798748486947773
0.4237905330986778,30.002751106120513,21.798358492958982
0.4331019168262127,30.002339439305956,21.79758437113935
0.4518099970398454,30.00398923677011,21.796420260102252
0.45117352512469444,30.003577564207433,21.795643211308857
0.4470094231731594,30.001927774402418,21.795643211308857
0.4638304821462684,30.005639064932268,21.795643211308857
0.4855815411585888,30.004400911244204,21.792927955601897
0.48681014137287826,29.984190573791807,21.79525615383477
0.48200861672164863,29.999039936451425,21.79525615383477
0.49514312381567427,30.001101331691018,21.795643211308857
0.4932042570535094,30.005639064932268,21.796420260102252
0.46905036952534174,30.005639064932268,21.795643211308857
0.4625267120882126,30.007288923797375,21.795643211308857
0.4705937396455172,30.006465549939605,21.796033201569742
0.48057497893239903,29.979653937120986,21.797194378749225
0.4839598597851301,30.006877235912498,21.796807319162042
0.48023392970291506,30.01223868466076,21.79758437113935
0.46370414005351385,30.006877235912498,21.79758437113935
0.4515309634257309,30.00770061359424,21.79525615383477
0.44527458994155217,29.999863241360515,21.797194378749225
0.4308622709283038,30.007288923797375,21.796807319162042
0.4193659613848099,30.007288923797375,21.79525615383477
0.43377548699006774,30.00811542418711,21.796420260102252
0.4477513683947781,30.00893881337049,21.795643211308857
0.43292177098237744,29.981714882170138,21.794869096887737
0.39707304986689124,30.00893881337049,21.79525615383477
0.4068901085341961,30.00893881337049,21.795643211308857
0.4371435344428518,30.009765329145125,21.796033201569742
0.4221266081310015,30.00811542418711,21.797194378749225
0.3899459765618249,30.006465549939605,21.800299671349194
0.4026316289713104,30.009353629758095,21.802624997685825
0.4345059652860448,30.00893881337049,21.805340346139417
0.4409426683571042,30.010177030444595,21.807668646201478
0.43868381623957653,30.010177030444595,21.81077112112223
0.4434808398670671,30.01058873365662,21.812322371337984
0.4446668646183174,30.0110035577668,21.813873630062517
0.4554491652989443,30.01058873365662,21.81542489729975
0.4716593657100784,30.0110035577668,21.817363260203138
0.45327764057032766,30.01058873365662,21.817753280367697
0.41502705490178027,30.0110035577668,21.818917479100776
0.4049796324266012,30.010177030444595,21.819304568911832
0.42804851935579075,30.0110035577668,21.818917479100776
0.44937534575182786,30.011415264818652,21.819304568911832
0.4567445637035948,30.011826973783286,21.820468774043377
0.4545373424853598,30.011415264818652,21.820468774043377
0.4369580778878415,30.01223868466076,21.82085586598248
0.42332643164161726,30.012653516494765,21.819691659253863
0.42859830645229613,30.013065231212636,21.82279426618271
0.4409623194674868,30.011826973783286,21.82357138952068
0.46157245224803123,30.01842705440538,21.82512271006317
0.5115448452796793,30.012653516494765,21.82667403914678
0.515907027980318,30.01430350594694,21.828612479368815
0.4876805446846356,30.012653516494765,21.830940971354096
0.4934064574936303,30.015126952630794,21.832492332505808
0.47080414352265804,30.019665404093757,21.83675935299135
0.43663981031374205,30.023380557064513,21.839475030026904
0.4549381852277454,30.014715228332193,21.842190733344694
0.41831436414353895,30.014715228332193,21.845293588554
0.4500103874172059,30.0110035577668,21.846457901312363
0.464254788853257,30.025030746375478,21.85149940210863
0.4558140301428721,30.015126952630794,21.855379571940773
0.4627522404917075,30.016365256182155,21.856543926687152
0.4636693983341284,30.0138886663878,21.857705353386848
0.45698448189896024,30.033693965114537,21.85925979567321
0.43716836025724937,30.015953526128385,21.861972758148
0.40205355796685066,30.01554179798819,21.86274999009936
0.39979528077620996,30.013065231212636,21.86391437560644
0.42738724724700583,30.0176035770441,21.863137140408185
0.4418226458259454,30.01554179798819,21.86585307360656
0.439866171548563,30.01430350594694,21.86740462832421
0.4368609321253205,30.015953526128385,21.868569033291408
0.4379809102497596,30.016365256182155,21.868956191689733
0.4382537393140822,30.015953526128385,21.869733443130883
0.42895330897579725,30.020492019945948,21.867791785102725
0.3963536945781146,30.016365256182155,21.872059344380148
0.40712112725128186,30.018841915218616,21.870897857844227
0.4403638874144248,30.016365256182155,21.872059344380148
0.4494058081278864,30.009765329145125,21.872836604494353
0.4257736931332707,30.011415264818652,21.872836604494353
0.4215186235070859,29.99574055632877,21.873610933712882
0.43140763755921396,30.028331217287985,21.87400103220466
0.4193486430559597,30.016776988149672,21.87516546479486
0.41250548879405224,30.01554179798819,21.8763269691687
0.4430188827330313,30.016776988149672,21.87710424122332
0.45691028211535545,30.015126952630794,21.879820310853574
0.4288143798705215,30.030393294193857,21.880594659549956
0.4074954940436354,30.016365256182155,21.88175911980403
0.4125066786825369,30.027092746385563,21.883310763360726
0.4374559051351796,30.015953526128385,21.884862415605426
0.4402654809883516,30.016365256182155,21.88680419304154
0.43054049794457405,30.016365256182155,21.888743050868015
0.42498942294040415,30.01554179798819,21.89068192228075
0.4158708107682791,30.016365256182155,21.891846424957862
0.41239235358682647,30.016365256182155,21.893010932540392
0.419550489513489,30.015953526128385,21.893010932540392
0.4281419323415915,30.01842705440538,21.893785318132757
0.44004086066035447,30.01223868466076,21.893785318132757
0.45881050266070383,30.005227384709087,21.894175445029873
0.4739418837656247,30.01719184123442,21.894949833886244
0.45092067161589083,30.01719184123442,21.894562639186688
0.42789643579637926,30.01719184123442,21.894949833886244
0.44050419888375336,30.0176035770441,21.89339812506529
0.4633913940657379,30.0176035770441,21.893785318132757
0.47783670541348044,30.0176035770441,21.89339812506529
0.48804549105434525,30.01842705440538,21.893010932540392
0.47931374178154473,30.01842705440538,21.892623740557895
0.4566728780848613,30.014715228332193,21.891846424957862
0.45910319693485996,30.019253658699085,21.89068192228075
0.4669383227961986,30.02173039851033,21.889520357744857
0.43468703533788994,30.02008027070798,21.887965746174814
0.39854060707849975,30.019665404093757,21.887191376877695
0.42357566732294194,30.020492019945948,21.886414076542167
0.45333782108050646,30.019665404093757,21.884862415605426
0.4410521896112805,30.03122001022956,21.88408805498682
0.42040329205739513,30.02008027070798,21.883310763360726
0.4234954928050102,30.019253658699085,21.88292358494914
0.42201885957980184,30.020903771098347,21.88137194355977
0.4028420221848667,30.022965674987574,21.880207484931532
0.4105813936786271,30.016776988149672,21.879433137316028
0.42896240821360293,30.020903771098347,21.87904303119211
0.43157455941383305,30.021315524165402,21.877878582339804
0.42671498681477854,30.02255391424694,21.87710424122332
0.430839348908968,30.01058873365662,21.87710424122332
0.4395123774733208,30.02173039851033,21.87671707147507
0.4436559333834308,30.018841915218616,21.8763269691687
0.4367721032997413,30.02255391424694,21.877878582339804
0.42216944480783875,30.003162774846203,21.879433137316028
0.4019433370553609,30.02173039851033,21.879820310853574
0.40353469335377706,30.029981498899474,21.88137194355977
0.42360758515689184,30.021315524165402,21.883310763360726
0.41799724495449225,30.020903771098347,21.884475235025604
0.3862564769288822,30.022965674987574,21.884862415605426
0.3781462196321013,30.019665404093757,21.88680419304154
0.38502501172345593,30.020492019945948,21.889520357744857
0.3868093757126615,30.021315524165402,21.890294733560097
0.4073224078153652,30.019665404093757,21.8914592346066
0.4039902860737559,30.02008027070798,21.892623740557895
0.3768111643460076,30.02008027070798,21.894562639186688
0.37605805954657895,30.019665404093757,21.895727158217312
0.37121969050699655,30.02008027070798,21.89689168215881
0.3637263870709136,30.02008027070798,21.899217811440394
0.4007634684658999,30.019253658699085,21.900769552976215
0.44041893149677513,30.01842705440538,21.90271144220941
0.4113403669884333,30.018841915218616,21.905427763399132
0.37176435572732647,30.019253658699085,21.905814973352676
0.38536555452410115,29.98955376970224,21.90658939489333
0.4004512227160655,30.021315524165402,21.908141177945993
0.3820200123141503,30.019253658699085,21.907366752039707
0.35883278762724474,30.018015314767695,21.907753964720484
0.3508253861227342,30.019253658699085,21.905814973352676
0.3536673865347051,30.018015314767695,21.905427763399132
0.3691050714539025,30.018015314767695,21.90426320341055
0.4029569345106448,30.01554179798819,21.90271144220941
0.4245057339332379,30.01719184123442,21.901159689745327
0.4372942176564876,30.015126952630794,21.90038235011201
0.445647134544775,30.0176035770441,21.90038235011201
0.43685847640509184,30.01719184123442,21.89883061075443
0.4224075042141433,30.018015314767695,21.897666078632824
0.4262719829712767,30.003162774846203,21.896501551424706
0.42352380011057833,30.015953526128385,21.897666078632824
0.40378485463056607,30.01554179798819,21.895339962427954
0.40477974522055293,30.01554179798819,21.894562639186688
0.435884038094502,30.0138886663878,21.893785318132757
0.43887237356806447,30.0138886663878,21.89339812506529
0.42214539202156354,30.0138886663878,21.892623740557895
0.43042219987684227,30.013065231212636,21.891846424957862
0.4349063785273098,30.0110035577668,21.8914592346066
0.4604258215379964,30.01223868466076,21.88913023741668
0.4807573129236148,30.0110035577668,21.88680419304154
0.4580677013208292,30.009765329145125,21.886414076542167
0.4441700114818782,29.98212957129499,21.883697942313233
0.45709638825900206,30.008527117822723,21.88253640707842
0.43847606643695297,30.006877235912498,21.879820310853574
0.39633637856686443,30.00398923677011,21.87865585873925
0.3999461921858905,29.980891745582994,21.877491411511528
0.42553423760788356,30.006465549939605,21.87516546479486
0.43380678738660466,30.006465549939605,21.87400103220466
0.4307055493060452,30.008527117822723,21.87244944069414
0.43909036564316023,30.005639064932268,21.870897857844227
0.45142666636908096,30.00481570639755,21.869346283650998
0.45297227430259485,30.004400911244204,21.869733443130883
0.4393800511195289,30.003577564207433,21.867791785102725
0.42473949554966955,29.998628286862584,21.866630316382498
0.4261789041218578,30.002751106120513,21.86585307360656
0.4616867445139447,30.002339439305956,21.865465919523785
0.4887729377247422,30.00893881337049,21.865078765979206
0.4681110252398596,30.010177030444595,21.863137140408185
0.4439463414230156,30.000278015289155,21.863137140408185
0.4343152679067253,29.999039936451425,21.864301527532916
0.4195523670559513,29.971407517373677,21.862362840328217
0.42621840784581394,29.998628286862584,21.861972758148
0.4346026821058378,30.001512992758137,21.8615856094562
0.390789244771259,29.991203329412315,21.861198461301854
0.3725528239333406,29.996975470625557,21.861198461301854
0.3986902676430997,29.997801874894606,21.861198461301854
0.400340052728548,29.997801874894606,21.861198461301854
0.4064124677332514,29.983367414258964,21.8615856094562
0.38646563178362187,29.991203329412315,21.861972758148
0.41863653419099534,30.001512992758137,21.86391437560644
0.41038657346419327,30.001512992758137,21.863137140408185
0.40249876016715314,29.9953258036154,21.864688679997357
0.4453338788839948,29.994914171260405,21.866240228227582
0.4528888617807706,29.9656339200547,21.86585307360656
0.4269773371680249,29.984190573791807,21.868181875431787
0.4222235388627582,29.994914171260405,21.867791785102725
0.43313104469742075,29.993676167276874,21.869346283650998
0.4334734884650428,29.994914171260405,21.87012060314953
0.4056959428007263,29.994914171260405,21.871285019483764
0.3894379569060535,29.99243818056516,21.872059344380148
0.4086419618012951,29.999451587950716,21.871285019483764
0.41256837781373235,29.9973902310511,21.873223768833952
0.3947387899420894,29.993676167276874,21.87400103220466
0.41254022866140894,29.994914171260405,21.87438819816657
0.42374188796211815,29.9973902310511,21.87477536466804
0.39173280920052944,29.994090912279376,21.87400103220466
0.36894329539525056,29.994090912279376,21.87438819816657
0.37729224999927385,29.994914171260405,21.873610933712882
0.3811869714182879,29.994090912279376,21.87400103220466
0.39133915325936053,29.994914171260405,21.873223768833952
0.42500977079210145,29.994914171260405,21.872836604494353
0.43260404939212027,29.99574055632877,21.872836604494353
0.4182577803817178,29.99574055632877,21.87400103220466
0.43497998848109676,29.99574055632877,21.87400103220466
0.42352127106517146,29.99656383061665,21.8763269691687
0.39467319129178663,29.99615219251774,21.8763269691687
0.39458784619731246,29.9953258036154,21.87904303119211
0.40482172177160597,29.99615219251774,21.880207484931532
0.4241269046560251,29.99078859790461,21.88253640707842
0.4586437801252499,29.9973902310511,21.883310763360726
0.4685346449724024,29.997801874894606,21.886414076542167
0.44852239761266305,29.978004591943147,21.886414076542167
0.41887500048339354,30.005227384709087,21.887965746174814
0.4117739150161211,29.998213520648335,21.88913023741668
0.43234853552971003,29.996975470625557,21.88913023741668
0.45410401017140856,29.998213520648335,21.889907545381448
0.45806435512142796,29.999451587950716,21.89068192228075
0.4291850762536866,29.999451587950716,21.889907545381448
0.4015204097191377,29.998628286862584,21.889907545381448
0.40982800012722065,29.999451587950716,21.889520357744857
0.423729188767941,29.998628286862584,21.890294733560097
0.41023234341687553,29.981714882170138,21.89107204479751
0.3859949635237573,29.992852919781626,21.889907545381448
0.40618747336395594,29.999863241360515,21.88913023741668
0.43449166005785195,29.999863241360515,21.88913023741668
0.42999717427893375,29.999863241360515,21.88913023741668
0.4034278612415385,29.994090912279376,21.888743050868015
0.3927095959335739,30.015953526128385,21.888355864861126
0.3966563623335607,30.00068967253469,21.888355864861126
0.3830801355215423,30.000278015289155,21.888355864861126
0.3788385642335056,29.999451587950716,21.888355864861126
0.3928263704912583,30.001101331691018,21.887578561255452
0.3889883316496667,30.00068967253469,21.887965746174814
0.3858714860582636,30.003162774846203,21.887191376877695
0.40600566250161657,30.001927774402418,21.887191376877695
0.4286311069514626,30.001927774402418,21.88602689379303
0.4301456154846756,30.001927774402418,21.886414076542167
0.4359532754137497,30.002751106120513,21.88602689379303
0.4551416074701534,30.001101331691018,21.884475235025604
0.45481590432895347,30.003162774846203,21.886414076542167
0.4309441657022438,30.00770061359424,21.883310763360726
0.41255188724908265,30.001927774402418,21.888743050868015
0.4026833612455143,30.002339439305956,21.888355864861126
0.3962683838458324,30.002339439305956,21.88913023741668
0.3995351996869815,30.001512992758137,21.89068192228075
0.40549141689473034,30.002339439305956,21.891846424957862
0.4017985569538002,30.002751106120513,21.89339812506529
0.39476798960500914,30.002751106120513,21.895339962427954
0.4028387497602978,30.002339439305956,21.897666078632824
0.408773522651106,30.00398923677011,21.89960794601444
0.41043135746806336,30.01719184123442,21.90271144220941
0.43892375021111424,30.005227384709087,21.90426320341055
0.4582548705977947,30.004400911244204,21.905037620587507
0.41519626037670576,30.00398923677011,21.910083119160447
0.39545751804715057,30.00398923677011,21.910470335664286
0.4362000085479255,30.00398923677011,21.91163492192038
0.455557952866352,30.006465549939605,21.911247703776496
0.4261046662587158,30.00481570639755,21.91163492192038
0.3922018331231093,30.00398923677011,21.90891853947562
0.39797301132127855,30.005639064932268,21.90969296974953
0.39492368925370414,30.005227384709087,21.907366752039707
0.39320893007919944,29.994914171260405,21.905814973352676
0.38103040727181,30.003577564207433,21.905037620587507
0.36281893377826635,30.00481570639755,21.90426320341055
0.37866938061578137,30.00605074706715,21.90271144220941
0.4067228960675778,30.006465549939605,21.90193409820074
0.4177136458129002,30.006465549939605,21.900769552976215
0.43115158752199045,30.006465549939605,21.899995147791458
0.43448204483092545,30.00811542418711,21.89883061075443
0.4056193091917866,30.006877235912498,21.89727888012419
0.3858393075504797,30.006465549939605,21.89727888012419
0.3887715168156703,30.006877235912498,21.895339962427954
0.4183403445843624,30.024204088149816,21.893785318132757
0.455353541890712,30.00770061359424,21.891846424957862
0.45577325178198946,30.003577564207433,21.89068192228075
0.4471287624222531,30.008527117822723,21.889907545381448
0.450332799550832,30.009353629758095,21.888743050868015
0.4530193395251477,30.009353629758095,21.887965746174814
0.4304466273666532,30.00893881337049,21.886414076542167
0.4216886065438293,30.00605074706715,21.884862415605426
0.44634836243905235,30.010177030444595,21.88292358494914
0.46658553482976944,30.00893881337049,21.88292358494914
0.4570115926351326,30.009353629758095,21.88253640707842
0.43832910177534307,30.012653516494765,21.88098476785609
0.4488638317070368,30.00893881337049,21.879820310853574
0.45812760580254275,30.00811542418711,21.87826868682663
0.4251632928180052,30.008527117822723,21.877878582339804
0.40453571323480336,30.009353629758095,21.87555263237971
0.42407877715388176,30.01058873365662,21.87593980050434
0.4306109995740237,30.009765329145125,21.87516546479486
0.4037846657257062,30.009353629758095,21.87477536466804
0.3746443306257464,30.009765329145125,21.87400103220466
0.36705809446309695,30.009353629758095,21.873610933712882
0.3794006259982513,30.001101331691018,21.87400103220466
0.40188784003730665,30.010177030444595,21.873223768833952
0.4146622439799297,30.007288923797375,21.872836604494353
0.399622375358255,30.009353629758095,21.87516546479486
0.37815396162223613,30.009765329145125,21.87438819816657
0.38229754954797357,30.01058873365662,21.87477536466804
0.3994338072362253,30.010177030444595,21.87477536466804
0.41210570537027624,30.025854292812028,21.87555263237971
0.40784201952150945,30.010177030444595,21.87593980050434
0.39949789133439706,30.010177030444595,21.87593980050434
0.38254752834660044,30.02173039851033,21.877878582339804
0.3715314835381409,30.009765329145125,21.87710424122332
0.3817389548349578,30.025030746375478,21.880207484931532
0.3933936107346429,30.009765329145125,21.88098476785609
0.3855963935209726,30.026680966448282,21.88175911980403
0.38008093694084083,30.010177030444595,21.88292358494914
0.40031154158821464,30.009765329145125,21.883310763360726
0.4092662993507563,30.009353629758095,21.88408805498682
0.3939038403361469,30.00893881337049,21.884475235025604
0.39468228389235227,30.009353629758095,21.88602689379303
0.4165015670033158,30.00893881337049,21.886414076542167
0.4241780138382373,30.00811542418711,21.88680419304154
0.38698348740466015,30.025442518636055,21.888355864861126
0.3777733908400197,30.009353629758095,21.888355864861126
0.3958580066788311,30.00893881337049,21.889907545381448
0.41326625759497004,30.00893881337049,21.889907545381448
0.4095156035891531,30.008527117822723,21.89107204479751
0.418031635554659,30.00893881337049,21.8914592346066
0.4410617211442948,30.00811542418711,21.8914592346066
0.444596673332053,30.008527117822723,21.89223361585141
0.4284307238149311,30.00770061359424,21.893010932540392
0.41667481726707545,30.00770061359424,21.8914592346066
0.4189395563242248,30.007288923797375,21.894562639186688
0.42396181469615946,30.018841915218616,21.894949833886244
0.4229170747822117,30.00605074706715,21.895727158217312
0.4022964583929379,29.997801874894606,21.896501551424706
0.37560988467373185,30.006465549939605,21.89689168215881
0.35889464176782565,30.00605074706715,21.896114354549525
0.36926000231262734,30.00605074706715,21.89883061075443
0.3794830948764806,30.005639064932268,21.899217811440394
0.3760755387825026,30.005227384709087,21.90038235011201
0.38874588221694795,30.002751106120513,21.901159689745327
0.41449926710129864,30.005227384709087,21.90193409820074
0.4257084356486526,30.004400911244204,21.90193409820074
0.4190779960715134,30.001927774402418,21.90193409820074
0.4047255854832708,29.97635527738447,21.90271144220941
0.37659802350530364,30.00398923677011,21.90271144220941
0.35121170968655185,30.00398923677011,21.9034858550246
0.36138679586105676,30.003577564207433,21.90309864834495
0.416445261207503,30.002751106120513,21.901159689745327
0.4368149307215859,30.003162774846203,21.901159689745327
0.40662078084093733,30.001927774402418,21.900769552976215
0.3872579911283807,30.002751106120513,21.901159689745327
0.40132458562549395,30.001101331691018,21.899995147791458
0.39625015139357345,30.00893881337049,21.899995147791458
0.37618681897266804,30.001512992758137,21.896501551424706
0.37884945874661985,30.001101331691018,21.89883061075443
0.3916536773463307,29.999863241360515,21.89805327768454
0.38670693900728564,29.998213520648335,21.89805327768454
0.36672259422000636,29.998628286862584,21.89805327768454
0.37115271153917767,29.998213520648335,21.897666078632824
0.38870512026620835,29.998213520648335,21.899217811440394
0.3761351317494412,29.99574055632877,21.89960794601444
0.3642164010101283,29.998628286862584,21.899217811440394
0.35358952287903284,29.99574055632877,21.900769552976215
0.35414402471828543,29.998213520648335,21.902321303244264
0.3740649822354515,29.99574055632877,21.902321303244264
0.39262207108680125,29.9953258036154,21.905037620587507
0.4024180708630554,29.994090912279376,21.906202183850723
0.4268919030180599,29.999451587950716,21.90930575434004
0.44999833536571104,29.993264542574593,21.910470335664286
0.43470852206729677,30.000278015289155,21.913186733439943
0.4306079735433705,29.99078859790461,21.914738553723055
0.4467768379214686,29.991614944554215,21.91629038277358
0.44036698709570277,29.991203329412315,21.918619609570726
0.4098565748794303,29.983367414258964,21.920171460565427
0.3977377755279231,30.000278015289155,21.92249778672891
0.38608092616093026,29.98955376970224,21.925214303559017
0.40626953943841676,29.993264542574593,21.92986999496941
0.41426038870788856,29.998213520648335,21.931812090041092
0.37358185967040825,29.988315840489804,21.934528699349016
0.3746968890416248,30.001927774402418,21.93491595039177
0.4178884214791911,29.98748952455236,21.936467893792837
0.4090455325538717,29.986666334435768,21.938797292319407
0.38232592463557596,29.986251624124236,21.93918454941786
0.38724169990041185,29.986666334435768,21.9376325905709
0.3992404004404125,29.985428445484956,21.940736517093967
0.38562647669964634,29.98584003385065,21.94151397114075
0.3666953945227493,29.982952719354273,21.942288493603257
0.3555604032276821,29.98748952455236,21.943453215237867
0.36105350113344314,29.98377899307161,21.945392473136963
0.3750270785132839,29.983367414258964,21.947334678701623
0.3786108176060782,29.98254114437094,21.948109217716365
0.3671701893228405,29.98254114437094,21.95004850878422
0.3580790106323573,29.998213520648335,21.95237802344758
0.34415416704976715,29.98048018015004,21.95393006633884
0.34305723218744094,29.980065498725764,21.955482118096597
0.3839280514134348,29.979653937120986,21.958586248227277
0.4185952398759767,29.980065498725764,21.96169334788175
0.3862131345118639,29.992026561605144,21.96557213793983
0.38418033667145496,29.97594373296687,21.96634966305311
0.3884110470386775,29.97676682370826,21.969453917650185
0.3805116293134154,29.977181489735187,21.972558207870122
0.39698196388637697,29.974294456660687,21.97527522459859
0.3818596484532843,29.97346827115257,21.9795444583757
0.3555183042586949,29.97346827115257,21.980709340077226
0.3534254663888593,29.972645210962412,21.98536598294993
0.3367260242750246,29.97058135870037,21.988470456254788
0.35757795614016913,29.97016984101856,21.989635376554588
0.40057841368589114,29.97016984101856,21.9908003018989
0.38636404467441865,29.968109163704014,21.990410036674973
0.40012257381963334,29.96604541674259,21.990410036674973
0.4308625251546676,29.96522242527095,21.99002270633588
0.403069034896663,29.96398483500957,21.990410036674973
0.3688544636468213,29.963573347856027,21.989635376554588
0.39859380429474744,29.96233578054114,21.98924804733099
0.4351987186968494,29.961509706147922,21.990410036674973
0.4282618881150393,29.96027216754345,21.989635376554588
0.4449481019120788,29.960686756644407,21.986530889814276
0.44434677115632376,29.958211719544465,21.984978659869398
0.41706612595513926,29.958211719544465,21.983813759718316
0.42012781442218106,29.957800259093972,21.983036184334765
0.41153114258468354,29.956562772084055,21.97993177364765
0.392932236437399,29.956974226812406,21.97993177364765
0.40677925120502656,29.955739868334604,21.977992268660614
0.4281301151755752,29.94831849299578,21.976827398689295
0.4085302523455402,29.940897736134445,21.97644008787279
0.39633846373503717,29.953676408303295,21.977214710061446
0.4121160842046777,29.9516161130083,21.976827398689295
0.4158216480087681,29.954502409975362,21.977214710061446
0.40055350941626444,29.952438978632074,21.97837958170436
0.4013949274271869,29.9516161130083,21.979157143659847
0.40108070640426796,29.952027544869452,21.980709340077226
0.39115668676295695,29.94996728773492,21.983036184334765
0.4041634699091286,29.952027544869452,21.984201081123956
0.43416140777768136,29.9503787119761,21.98536598294993
0.44454634845115165,29.949141328141764,21.98885778435897
0.4093039484972814,29.947903961503187,21.991574965374696
0.40377424059897116,29.94831849299578,21.995069781764187
0.4287195492824989,29.946669728785935,21.99856170921197
0.4407332390326583,29.947903961503187,22.002056616548202
0.4521070758917559,29.947492548696744,22.00321866131958
0.4613733981964541,29.961509706147922,22.005935987701093
0.4627368984484832,29.94213500544231,22.007100983804264
0.43897674466616926,29.946669728785935,22.011370723198127
0.4208332091715571,29.943369175321777,22.012148380664883
0.45584040866933206,29.945432396489252,22.015253163966463
0.4811029510380299,29.944606478956132,22.01758030781201
0.44419440635499713,29.949552748566248,22.019132726523992
0.4119589667210088,29.944606478956132,22.021075463608838
0.438689194839961,29.943369175321777,22.023015280164486
0.44335053402883745,29.942957783462077,22.025345426429737
0.4612347395595054,29.943369175321777,22.026510507204534
0.4865528211097716,29.941720502727435,22.028837749302454
0.482046036503006,29.941720502727435,22.03116794652027
0.4809382045897754,29.9516161130083,22.033885557476935
0.5025685094991037,29.941720502727435,22.035047740838138
0.49640853196111895,29.941309118481172,22.036603196220995
0.4665642148875202,29.935537473096986,22.03815572586643
0.4699469250963723,29.909572805890946,22.04048306992314
0.47847617301371304,29.92070182081369,22.041648217049556
0.4807541017793412,29.937600512914173,22.042813369294493
0.49323440665470736,29.935951947051763,22.042813369294493
0.4832026569543817,29.93636330656676,22.042035622265644
0.4711205059969238,29.935951947051763,22.042035622265644
0.4845778957444609,29.937600512914173,22.041648217049556
0.5026404241799377,29.935126117393395,22.04048306992314
0.5026258398325725,29.921524401063323,22.040095666974366
0.4972916838130249,29.93636330656676,22.040870473437565
0.4971295265386733,29.921113109990642,22.038543125983438
0.503963433785638,29.934303411681242,22.038543125983438
0.5144230336557376,29.934303411681242,22.03737799248978
0.49566272295365393,29.934714763588147,22.036603196220995
0.46644741411215107,29.93636330656676,22.035438071238673
0.48295927510502973,29.933066251097614,22.035825467391135
0.5264233821477149,29.9404863556872,22.035047740838138
0.5344160874799855,29.941720502727435,22.033885557476935
0.5182983671251229,29.933066251097614,22.03233305278377
0.5370199531377934,29.933066251097614,22.029615457691932
0.535263189235044,29.93224044817231,22.030777622389508
0.5068694901702481,29.93224044817231,22.03116794652027
0.48226364699105423,29.94213500544231,22.029615457691932
0.4917984370797272,29.933477597295678,22.02728527406788
0.49256456340250404,29.928117780425794,22.026897890354405
0.47740036582931245,29.931829107682404,22.026897890354405
0.4709769984674341,29.93224044817231,22.026120189903793
0.4631440331110019,29.933888945391857,22.025345426429737
0.4534680076291469,29.934303411681242,22.025345426429737
0.4702571612292821,29.935537473096986,22.024955110836117
0.4789181601495297,29.933888945391857,22.02418035075027
0.4474653195231296,29.933888945391857,22.02418035075027
0.4153962389334021,29.935126117393395,22.023015280164486
0.4148165192110292,29.928532219888893,22.022240525717393
0.4361311015755364,29.937600512914173,22.022240525717393
0.4794481449855199,29.934714763588147,22.021075463608838
0.5051531413073278,29.935951947051763,22.020685154267312
0.5057120680025405,29.946255204968168,22.019523033594282
0.49280119219611207,29.935126117393395,22.019132726523992
0.48360578808589494,29.946255204968168,22.018357983353837
0.4725833347353242,29.937186031292697,22.01758030781201
0.4665088337237058,29.937600512914173,22.01758030781201
0.46987041771116594,29.938011880038516,22.01758030781201
0.4589407153184585,29.9404863556872,22.01758030781201
0.4335860477476602,29.9396604840083,22.01758030781201
0.4480379910000521,29.938011880038516,22.017970612612032
0.4722860628388348,29.93842324906177,22.01719293819872
0.46680214533542724,29.943369175321777,22.017970612612032
0.4347041234844669,29.9396604840083,22.01758030781201
0.4524248985224188,29.95738880054614,22.01641820065811
0.5064543460913421,29.93842324906177,22.015640530766007
0.5085911127789451,29.940897736134445,22.016027898127334
0.4887303009218008,29.94254639350231,22.015253163966463
0.4971105854534538,29.944606478956132,22.014862863138035
0.491904778548684,29.94831849299578,22.01370076780688
0.48599298414192066,29.94419508138202,22.014475497466094
0.4856054137512569,29.94502099510032,22.01370076780688
0.4734669800602558,29.945843799778515,22.01331046924605
0.47630302642455524,29.945843799778515,22.012535742963962
0.46556021245640583,29.954502409975362,22.011370723198127
0.4445021524119571,29.947903961503187,22.009430991220313
0.44633530061070725,29.959860697564068,22.008265984976788
0.450542846388443,29.95285353124052,22.006713629373735
0.45006801180379735,29.946669728785935,22.002831312502735
0.4592883791674565,29.947492548696744,22.00360894516342
0.46344241328034724,29.952027544869452,22.002056616548202
0.4690841016968898,29.95326496882103,22.000501362488023
0.4531508490032776,29.95326496882103,21.999726673264604
0.4215942000012233,29.954502409975362,21.99739675021641
0.4411389543412326,29.96233578054114,21.99623473066299
0.4778164387831954,29.954502409975362,21.995069781764187
0.48232612451984885,29.96398483500957,21.99429217385017
0.4814660897109208,29.955739868334604,21.99235256542653
0.4933567218934525,29.956974226812406,21.991187633357868
0.47608304027634785,29.958211719544465,21.990410036674973
0.45246374057070854,29.968932181895127,21.990410036674973
0.49594384831587546,29.94831849299578,21.987305540997795
0.5122329187192103,29.96646003275555,21.986918215127446
0.4600766855000177,29.959037763314427,21.984978659869398
0.4512173400887997,29.958211719544465,21.983426438869458
0.4786646134503885,29.958211719544465,21.98226154542874
0.4904756048137605,29.955325302282574,21.980709340077226
0.48871330866921703,29.960686756644407,21.97993177364765
0.4798782815792363,29.959860697564068,21.979157143659847
0.4672109066810908,29.96027216754345,21.97837958170436
0.4660057973065287,29.962747261969298,21.976827398689295
0.47275044301975,29.96027216754345,21.97644008787279
0.4646372096375882,29.961924301016552,21.97527522459859
0.45032563169506523,29.97759303988596,21.97527522459859
0.4561789982575406,29.96233578054114,21.974497673823862
0.4525989286563619,29.96233578054114,21.97333575306334
0.4330213751276686,29.963573347856027,21.97333575306334
0.4120841837317911,29.96398483500957,21.97178359903387
0.40332823806764523,29.959449229487745,21.971006058305363
0.4044950505867152,29.972230566102326,21.969841218454178
0.4276580734229909,29.97305674010471,21.969841218454178
0.4736679338425662,29.96604541674259,21.96751448787296
0.47318308822986443,29.96769454000122,21.968289084482876
0.4849834334622508,29.97470599344001,21.96751448787296
0.4941644835665817,29.975117532125182,21.965184843244685
0.4576226801728842,29.968520671847216,21.96440732147562
0.43680014728334726,29.969343693847804,21.963245444047573
0.462014760602801,29.968520671847216,21.96246792784399
0.48064937020519916,29.96975832524174,21.96169334788175
0.4686541839252423,29.974294456660687,21.960915836130198
0.47998066931777855,29.97016984101856,21.960528548089542
0.5018659733313038,29.971819040785306,21.95897646747602
0.4939042418317578,29.971407517373677,21.960528548089542
0.48201666208512417,29.972230566102326,21.95897646747602
0.4902406230672939,29.972645210962412,21.958586248227277
0.4948442122166541,29.97305674010471,21.95936375330041
0.4784539873934595,29.96522242527095,21.959751039677712
0.46198261990733114,29.97470599344001,21.96013832660799
0.4625052694330809,29.974294456660687,21.960915836130198
0.4764982330043742,29.975529072716313,21.96246792784399
0.48471650402467115,29.975529072716313,21.964020028445987
0.46729662624492085,29.97635527738447,21.963632735969952
0.4332855482979508,29.97676682370826,21.964797549103366
0.4531915991891181,29.97759303988596,21.965184843244685
0.4817877031584509,29.978004591943147,21.96634966305311
0.4776270633230882,29.979653937120986,21.96751448787296
0.4488489012541836,29.980065498725764,21.96790178590078
0.4299934201603951,29.980065498725764,21.969841218454178
0.4234214813499094,29.979653937120986,21.9706187558333
0.43893302573900067,29.981303312923046,21.972170903174515
0.46860231730566904,29.981303312923046,21.972945513120692
0.4840792609927372,29.98212957129499,21.974497673823862
0.4720560787307632,29.98254114437094,21.974887916008356
0.4612967429377144,29.98254114437094,21.976052777611926
0.470026942825964,29.983367414258964,21.977214710061446
0.474873807959588,29.986251624124236,21.977992268660614
0.43860170238916524,29.992852919781626,21.978766895303977
0.41875063587594646,29.985016859027155,21.97993177364765
0.4374485117149494,29.98748952455236,21.981874226810532
0.4488487654803842,29.98460215641967,21.982648864603448
0.4319167893544404,29.986666334435768,21.984978659869398
0.4080196717955902,29.989965377194267,21.984978659869398
0.4109849879223119,29.981714882170138,21.98614356505834
0.4246097489290717,29.98748952455236,21.986918215127446
0.42299368494556516,29.987904240646344,21.987695801718758
0.41542790527522583,29.985016859027155,21.98885778435897
0.42140060001589325,29.988727442241668,21.98924804733099
0.42826084821308075,29.991614944554215,21.990410036674973
0.4297220122964944,29.98955376970224,21.9908003018989
0.42620479114284054,29.989139045901993,21.99235256542653
0.42457828253655944,29.990376986595038,21.99235256542653
0.4247412652236629,29.99078859790461,21.992739899121773
0.4349849059496025,29.991614944554215,21.994679510341143
0.4502649892450266,29.992026561605144,21.99429217385017
0.45038654878735074,29.999863241360515,21.995844457547093
0.43940492313864143,29.99243818056516,21.995457119376397
0.44456468967246,29.992852919781626,21.99623473066299
0.45863840532447564,29.993676167276874,21.995844457547093
0.4547155784912321,29.993676167276874,21.99700940980648
0.4470674372276647,29.994502540815063,21.995457119376397
0.466711193536814,29.993676167276874,21.993904837917682
0.5131717129777643,29.998628286862584,21.995069781764187
0.5321244114801056,29.99656383061665,21.993127233375105
0.5212425691240435,29.996975470625557,21.991965232289374
0.5084066874586539,29.998213520648335,21.992739899121773
0.4844750721740647,29.998628286862584,21.991187633357868
0.4702679445029305,29.997801874894606,21.991187633357868
0.49491899975861237,29.999863241360515,21.987305540997795
0.4977953692905932,29.999451587950716,21.987695801718758
0.44759975071972274,30.00770061359424,21.987305540997795
0.43800408852429096,30.001101331691018,21.98536598294993
0.4747137380305934,30.001101331691018,21.985753306587412
0.48060590578332185,29.9973902310511,21.983813759718316
0.45224549971446887,30.001927774402418,21.98226154542874
0.4490009824170272,30.003162774846203,21.98109665702202
0.4695696711458015,29.98212957129499,21.980319089475756
0.48635947298526716,30.003577564207433,21.97993177364765
0.5097158018453525,30.00398923677011,21.977992268660614
0.5270897324721269,30.005639064932268,21.97760495617274
0.5277252933590916,30.00605074706715,21.977214710061446
0.511505561726743,30.005639064932268,21.976052777611926
0.47809603129291384,30.00605074706715,21.976052777611926
0.4593934201985347,29.989965377194267,21.97527522459859
0.4766336422502876,30.00811542418711,21.974497673823862
0.4842491596933992,30.004400911244204,21.97411036634844
0.47294917050601903,30.00893881337049,21.97411036634844
0.48883686473120963,30.00893881337049,21.973723059428266
0.4786265548317082,30.005227384709087,21.972558207870122
0.4626748982006645,30.0110035577668,21.972558207870122
0.48113786634861017,30.012653516494765,21.9706187558333
0.49932429404362755,30.01430350594694,21.971006058305363
0.47916047556613867,30.01223868466076,21.96867638361931
0.46583453333005787,30.013065231212636,21.96790178590078
0.4726217481401968,30.01430350594694,21.96712425632967
0.47083502937617355,30.015953526128385,21.968289084482876
0.4993713052956457,30.016365256182155,21.96790178590078
0.5107278172381976,30.015953526128385,21.968289084482876
0.4954106782270826,30.01842705440538,21.968289084482876
0.5048755477576565,30.018015314767695,21.970228519812622
0.49297358747068043,30.022142155421193,21.969841218454178
0.4335537870648632,30.01842705440538,21.971006058305363
0.4183505841053408,30.018841915218616,21.97178359903387
0.4391794817637566,30.019253658699085,21.972170903174515
0.4424727325520537,30.020492019945948,21.972945513120692
0.4187667509253499,30.011415264818652,21.97411036634844
0.40520276718402043,30.021315524165402,21.974887916008356
0.4312337604510524,30.02255391424694,21.976052777611926
0.45784330715758303,30.022142155421193,21.976052777611926
0.44807087255964784,30.023792321649637,21.976827398689295
0.424968574846325,30.022142155421193,21.97644008787279
0.41471195896824126,30.023792321649637,21.977214710061446
0.41765156994187635,30.023380557064513,21.976827398689295
0.41074971174223074,30.03410889748767,21.976052777611926
0.4060206430207153,30.025030746375478,21.974887916008356
0.42831324469512516,30.023380557064513,21.974887916008356
0.44108164157159946,30.024615856565276,21.973723059428266
0.4143372384232136,30.01842705440538,21.972170903174515
0.39509966082238057,30.032043614262648,21.971393361332105
0.4083534431828526,30.027919431588714,21.969841218454178
0.39892644731008486,30.026680966448282,21.96790178590078
0.38269708260611823,30.026680966448282,21.96634966305311
0.3910488512765463,30.02626918842668,21.965184843244685
0.3956192873633917,30.02626918842668,21.965184843244685
0.3903696073019897,30.026680966448282,21.964020028445987
0.3999587264065474,30.02750452823858,21.963632735969952
0.4177289117598136,30.027092746385563,21.96285521865525
0.40875298729335746,30.027919431588714,21.963245444047573
0.38901224812517105,30.025854292812028,21.96130312472394
0.3906463511258969,30.026680966448282,21.96169334788175
0.39510255666304767,30.02915479443442,21.960528548089542
0.3899080022207001,30.027092746385563,21.96013832660799
0.3918143538301384,30.024615856565276,21.959751039677712
0.4245656439135111,30.025854292812028,21.95897646747602
0.4396370457904042,30.024615856565276,21.95781167935087
0.42831144695215745,30.025854292812028,21.95703417872477
0.4006579635961295,30.024615856565276,21.95587233288279
0.3848659109456202,30.023380557064513,21.957424395741725
0.3980133596846854,30.0369978790892,21.954317344964124
0.44222377361463533,30.028743004903163,21.953542788265622
0.4610774225434279,29.994914171260405,21.951990747586194
0.4465004247775038,30.02173039851033,21.950438715768314
0.4501806353635715,30.021315524165402,21.95004850878422
0.48471948091326666,30.02008027070798,21.947721947933417
0.48471965215410356,30.019665404093757,21.94694447616928
0.4454821851684633,30.012653516494765,21.944617941851163
0.4309543331683025,30.018841915218616,21.94422774321191
0.45043161866844755,30.018841915218616,21.943840478949653
0.4631421994059202,30.014715228332193,21.940736517093967
0.4565668574164121,30.016365256182155,21.938797292319407
0.4611360181147653,30.015126952630794,21.936080640549278
0.46386077785190816,30.014715228332193,21.936080640549278
0.44148994630585087,30.014715228332193,21.934528699349016
0.43168091886305904,30.014715228332193,21.93336401580916
0.4677622328939683,30.025854292812028,21.931424843396996
0.4763891275257316,30.013065231212636,21.93064741807808
0.45915372960585377,30.01223868466076,21.929482751075682
0.45209724827193665,30.021315524165402,21.927543606185907
0.4459799718939051,30.011826973783286,21.92715636558472
0.4411864767276876,30.02750452823858,21.925991713441533
0.4559623084109687,30.009765329145125,21.925214303559017
0.46553662184852473,30.009353629758095,21.92404965967563
0.4436847380955427,30.026680966448282,21.923662424015276
0.419333773006119,30.009765329145125,21.923275188902267
0.41346741351347527,30.0110035577668,21.92133608796803
0.41580953541532634,30.010177030444595,21.91784222059556
0.42051935500772775,30.009353629758095,21.920171460565427
0.42043473841836215,30.009353629758095,21.919394067192798
0.42040575821141296,30.00893881337049,21.918229448036186
0.43881759865473385,30.003162774846203,21.917454993701256
0.4481716437814549,30.016776988149672,21.91629038277358
0.4289698102990266,29.997801874894606,21.915515933909262
0.4306455970904471,30.00893881337049,21.914738553723055
0.4544684136763219,29.99615219251774,21.913186733439943
0.3879293381162191,30.00770061359424,21.911247703776496
0.38526375730388707,29.992852919781626,21.910083119160447
0.4243041200036377,29.991614944554215,21.90853132515622
0.4144337595345238,30.008527117822723,21.907753964720484
0.4240577563049251,30.00770061359424,21.906202183850723
0.4450619609521729,30.0110035577668,21.904650411726834
0.4617357364355656,30.00770061359424,21.9034858550246
0.47784379616627515,30.00481570639755,21.902321303244264
0.48487483636397616,30.00605074706715,21.898443410611947
0.45401338299481386,30.005227384709087,21.901159689745327
0.4227795790449447,30.005227384709087,21.90038235011201
0.4275407404794952,30.00770061359424,21.898443410611947
0.4294049044835669,30.006877235912498,21.89727888012419
0.4323272607020963,30.00605074706715,21.89727888012419
0.44477325695486253,29.98584003385065,21.896114354549525
0.4489687258408714,30.004400911244204,21.895339962427954
0.4447025863358355,30.00811542418711,21.894949833886244
0.44085997940967525,30.006877235912498,21.894562639186688
0.42580590004005875,30.006877235912498,21.892623740557895
0.40462277141828135,30.009353629758095,21.89068192228075
0.4032384361258598,30.00811542418711,21.888355864861126
0.41594575859347155,30.004400911244204,21.88680419304154
0.42962130433960916,30.014715228332193,21.88408805498682
0.44076234442640644,30.00770061359424,21.88175911980403
0.42006381841961193,30.009765329145125,21.880594659549956
0.37605602761384754,30.01058873365662,21.879433137316028
0.37479849330271875,30.01058873365662,21.87826868682663
0.4153828449662768,30.009765329145125,21.87710424122332
0.4304650540197976,30.01058873365662,21.87477536466804
0.40482856198236733,30.01058873365662,21.87477536466804
0.41232493247740987,29.9973902310511,21.87400103220466
0.42934255423367534,30.010177030444595,21.873610933712882
0.4079182086594232,30.011415264818652,21.872836604494353
0.3959047906802177,30.010177030444595,21.872836604494353
0.41713753620997635,30.006465549939605,21.873223768833952
0.43911786857815094,30.011415264818652,21.873223768833952
0.43775482180870035,30.011415264818652,21.873610933712882
0.4371668189436743,30.011415264818652,21.872059344380148
0.4387136708773143,30.011415264818652,21.87400103220466
0.4505271999095081,30.011826973783286,21.873223768833952
0.4678290873812592,30.019253658699085,21.872836604494353
0.4558606543120814,30.011415264818652,21.872059344380148
0.4194556668023494,30.009765329145125,21.870897857844227
0.4029640361059256,30.0110035577668,21.870507763707053
0.40190714178823406,30.015126952630794,21.868181875431787
0.39741695614945216,30.01058873365662,21.86701747208417
0.3823772645342666,30.0110035577668,21.865078765979206
0.3601087950553721,30.011415264818652,21.86391437560644
0.36663675905028453,30.011826973783286,21.86391437560644
0.3822488962915621,30.016365256182155,21.862362840328217
0.37479959894687154,30.011826973783286,21.861198461301854
0.36311991908496777,30.01223868466076,21.8615856094562
0.38390579146651516,30.010177030444595,21.85925979567321
0.38832124254438827,30.007288923797375,21.859646941136646
0.39254055034916835,30.011826973783286,21.856931068383574
0.4328525475476477,30.028743004903163,21.85848257344776
0.4484602273175676,30.00893881337049,21.8615856094562
0.4189794640796327,30.0110035577668,21.863524291254862
0.44674939088647814,30.01223868466076,21.86585307360656
0.4342529212613855,30.010177030444595,21.869346283650998
0.4049585396572449,30.011415264818652,21.872059344380148
0.4188598190942089,30.011415264818652,21.87516546479486
0.4192578186034713,30.011415264818652,21.87904303119211
0.39895668525436084,30.0110035577668,21.88175911980403
0.3864499606721266,30.01058873365662,21.884475235025604
0.4071582063112173,30.010177030444595,21.88680419304154
0.42182196561676766,29.999039936451425,21.8914592346066
0.40627912092015295,30.009353629758095,21.893785318132757
0.4023846028981996,30.00770061359424,21.89727888012419
0.38985499965563153,30.009353629758095,21.901159689745327
0.3883200670056316,30.0110035577668,21.902321303244264
0.41445237124544354,30.00811542418711,21.904650411726834
0.4275639607260541,30.00811542418711,21.907753964720484
0.42588758628305934,30.00811542418711,21.910470335664286
0.41326584339162914,30.007288923797375,21.912799513109917
0.3579469121186622,30.006465549939605,21.915903158068375
0.3245193662277432,30.00770061359424,21.917454993701256
0.35097503654872575,30.006465549939605,21.920945922569274
0.3960382996137223,30.005227384709087,21.923662424015276
0.390465547067565,30.005639064932268,21.925991713441533
0.3935257688571034,30.005227384709087,21.92986999496941
0.412737422387074,30.009353629758095,21.932199337233726
0.4020215299959099,30.00481570639755,21.93491595039177
0.3881087464542968,30.005227384709087,21.938407102011126
0.39952311650341654,30.003577564207433,21.940349257792093
0.38951666533852747,29.991203329412315,21.941123776945858
0.3564057827639727,30.003162774846203,21.94422774321191
0.36463882169277384,30.01430350594694,21.945782673444967
0.4000216096029596,30.003162774846203,21.94616994046885
0.40828071817007183,30.003162774846203,21.9465572080436
0.4020364261307102,29.98048018015004,21.94694447616928
0.4101003929059223,30.001512992758137,21.94694447616928
0.4416994639453663,30.001927774402418,21.947334678701623
0.4527413586543412,30.00068967253469,21.944617941851163
0.42752278033178825,30.00068967253469,21.9465572080436
0.42660311220426916,30.001101331691018,21.947334678701623
0.4403523917312851,30.001101331691018,21.947721947933417
0.42253953806673217,30.000278015289155,21.947721947933417
0.41132198944779486,30.00068967253469,21.947334678701623
0.41524908186948617,29.999863241360515,21.947334678701623
0.415754759711957,29.999039936451425,21.9465572080436
0.43998308268099506,29.980891745582994,21.947721947933417
0.45269990454163395,29.99656383061665,21.947334678701623
0.43583547074956636,29.999451587950716,21.94849648805041
0.45461525052308804,29.998628286862584,21.94616994046885
0.4738686804199577,29.997801874894606,21.94616994046885
0.44113707671580193,29.9973902310511,21.945392473136963
0.43122681705813776,29.9973902310511,21.94616994046885
0.4485314273194329,30.005227384709087,21.9450052072188
0.44017657092985096,29.9973902310511,21.944617941851163
0.41362864731653304,30.001512992758137,21.94694447616928
0.43068028300024885,29.99574055632877,21.942288493603257
0.4523586502858932,29.994914171260405,21.943840478949653
0.4437436304390187,29.9953258036154,21.942675755659877
0.4276287846161665,29.994914171260405,21.943840478949653
0.4098696914116416,29.994914171260405,21.94190123209694
0.4069761924254209,29.993676167276874,21.940736517093967
0.42242803456910594,29.993264542574593,21.93957180706593
0.4335644177574371,30.00811542418711,21.936855147585675
0.43864972925819323,29.994502540815063,21.9376325905709
0.4119372073510457,29.992852919781626,21.937245335675073
0.38403929007417287,29.99243818056516,21.9376325905709
0.413725302816926,29.99243818056516,21.93491595039177
0.45536095189070813,29.991614944554215,21.934138515141512
0.4375405708194786,29.991614944554215,21.932586584975013
0.40655770017342385,29.991614944554215,21.931034663621006
0.4079170124251916,29.990376986595038,21.932199337233726
0.4059576685370502,30.007288923797375,21.928708264932766
0.4129560773495055,29.989139045901993,21.92715636558472
0.43376458228579995,29.99078859790461,21.92676619189666
0.4387327412185123,29.987904240646344,21.924439829492997
0.43747030225131417,29.989965377194267,21.92249778672891
0.46197064305545976,29.988315840489804,21.920558691293934
0.46897315554156677,29.988315840489804,21.919006838108487
0.4274422518124164,29.98377899307161,21.917454993701256
0.40411760284633447,29.987077928539975,21.915903158068375
0.42646560455041904,29.987077928539975,21.913186733439943
0.43266574372834155,29.985428445484956,21.911247703776496
0.4196985272135989,29.98584003385065,21.90930575434004
0.42808979990861795,29.986251624124236,21.908141177945993
0.43789428749349507,29.98460215641967,21.906202183850723
0.428855389052614,29.985428445484956,21.90426320341055
0.4052236593415764,29.97924237742302,21.90271144220941
0.3902613702732152,29.981303312923046,21.90193409820074
0.38933555613797627,29.982952719354273,21.89883061075443
0.400475810270515,29.981714882170138,21.89727888012419
0.4014056765887273,29.981303312923046,21.896114354549525
0.41538286603410535,29.980065498725764,21.894562639186688
0.44463226124131683,29.99243818056516,21.89339812506529
0.43965173059360496,29.97924237742302,21.89107204479751
0.4221844729945105,29.980065498725764,21.89068192228075
0.4277153910750534,29.978830819631753,21.887965746174814
0.43443210113127817,29.978416145906806,21.888355864861126
0.42480097665817534,29.979653937120986,21.88680419304154
0.4084407324719627,29.977181489735187,21.884862415605426
0.4192840084864632,29.97676682370826,21.884475235025604
0.4430169478634993,29.97635527738447,21.88292358494914
0.44720227269445617,29.982952719354273,21.88292358494914
0.4305567413260939,29.97594373296687,21.88098476785609
0.42115444091401977,29.973879804105934,21.880594659549956
0.43195518238889924,29.974294456660687,21.880207484931532
0.44483422469945405,29.972645210962412,21.879820310853574
0.4484660722192762,29.963573347856027,21.87904303119211
0.4509604423750242,29.97346827115257,21.87826868682663
0.44794281907339506,29.972645210962412,21.879433137316028
0.42477847562548116,29.971819040785306,21.87710424122332
0.4018180579468429,29.96233578054114,21.87710424122332
0.43123995576233004,29.971407517373677,21.873610933712882
0.4762262097240982,29.97058135870037,21.87516546479486
0.4760790451776903,29.97058135870037,21.87438819816657
0.4518393095845915,29.97016984101856,21.873610933712882
0.4363080913970014,29.968520671847216,21.87244944069414
0.44106925847635775,29.968109163704014,21.873223768833952
0.4511110581384315,29.968109163704014,21.871285019483764
0.451745516171723,29.96769454000122,21.870897857844227
0.43879867598257966,29.958211719544465,21.868956191689733
0.4260332983516204,29.968932181895127,21.868569033291408
0.4215227597830072,29.971819040785306,21.86740462832421
0.3928885949001576,29.96604541674259,21.865078765979206
0.3687289057346151,29.9656339200547,21.865465919523785
0.3798194518479993,29.964807815028223,21.865078765979206
0.41120910285637224,29.9656339200547,21.863524291254862
0.42457622323897926,29.964396324066968,21.86274999009936
0.4224446143891968,29.979653937120986,21.862362840328217
0.4458999296651724,29.964807815028223,21.86042123367531
0.45745928454629287,29.964396324066968,21.86042123367531
0.43422102312376853,29.96646003275555,21.859646941136646
0.424317298559546,29.96398483500957,21.85848257344776
0.4366813584769255,29.962747261969298,21.85731821061671
0.41829536581193105,29.963573347856027,21.856931068383574
0.40083235582889704,29.963573347856027,21.856543926687152
0.4004426953330383,29.963573347856027,21.854602360516594
0.39237359739705757,29.96398483500957,21.855379571940773
0.3731938686285585,29.963158745300973,21.85576671202307
0.38367911530418686,29.963158745300973,21.85382808411555
0.4023445572297964,29.96233578054114,21.85266374068732
0.41490081968284664,29.961509706147922,21.85188653681587
0.4355036083886684,29.963158745300973,21.850725134301968
0.4545823766067431,29.962747261969298,21.849173672305767
0.44040408075796766,29.961924301016552,21.84800934825381
0.4263196718376654,29.96109823044452,21.847619286115446
0.43821957104821835,29.961924301016552,21.846067841335298
0.452116421518528,29.96646003275555,21.845680714677144
0.45002541834172083,29.961924301016552,21.844906462965866
0.44369353111789667,29.961509706147922,21.84374215665531
0.4540393429336825,29.96233578054114,21.844516405149136
0.4957980309464914,29.961509706147922,21.84412928063483
0.5064003548056368,29.964396324066968,21.84412928063483
0.4601749726898373,29.960686756644407,21.84412928063483
0.4190922744106302,29.96109823044452,21.844516405149136
0.4357361137214906,29.959860697564068,21.84374215665531
0.4611190571200134,29.949141328141764,21.84374215665531
0.456250098370776,29.960686756644407,21.843352100459185
0.4479593585239204,29.961509706147922,21.84374215665531
0.45968740839889843,29.960686756644407,21.843352100459185
0.452919570498728,29.96027216754345,21.842577855181617
0.4245071098664725,29.959037763314427,21.842577855181617
0.426884932390628,29.959037763314427,21.841026438313634
0.4459085588511833,29.9656339200547,21.838697862748916
0.43420567783247255,29.959449229487745,21.839475030026904
0.42274134484113857,29.959037763314427,21.83986214811557
0.43142948691725624,29.959449229487745,21.837533582212018
0.4404489338677822,29.959449229487745,21.83675935299135
0.4486430011997378,29.9656339200547,21.835595080492226
0.4797403813314724,29.959449229487745,21.834430812818425
0.48960444563509464,29.96522242527095,21.834043702217173
0.4701264280825897,29.93636330656676,21.831715184545374
0.45619891334066875,29.959037763314427,21.830163827680167
0.4340740496751911,29.95862318189768,21.829389618758228
0.4269625016043267,29.959449229487745,21.828612479368815
0.43749421488643175,29.96109823044452,21.827448240600063
0.4428244124994779,29.96027216754345,21.827061139607338
0.43706239821092024,29.959037763314427,21.82628693921822
0.424440493149913,29.959037763314427,21.82512271006317
0.4058036860064764,29.96109823044452,21.82512271006317
0.38789423003407925,29.95285353124052,21.82395848571855
0.38966919757148216,29.960686756644407,21.82395848571855
0.3978856967039602,29.96027216754345,21.823181361313516
0.3831631220762024,29.960686756644407,21.823181361313516
0.3661299096118448,29.958211719544465,21.823181361313516
0.3846265820965251,29.961509706147922,21.82357138952068
0.4226340874504618,29.961509706147922,21.82357138952068
0.4111830669159952,29.961924301016552,21.822407171583393
0.3708857582750385,29.962747261969298,21.822407171583393
0.3682845055431729,29.961924301016552,21.82279426618271
0.4038906642056411,29.961924301016552,21.82202007751539
0.4332300803333153,29.96233578054114,21.821242958452615
0.42712820969600857,29.959037763314427,21.820468774043377
0.41982838073862644,29.962747261969298,21.819691659253863
0.41674511275973014,29.96398483500957,21.818140368582476
0.4054387742965364,29.963573347856027,21.817363260203138
0.4067468183855806,29.96398483500957,21.81620200034598
0.4238281708226268,29.96233578054114,21.81542489729975
0.42855367828176183,29.964807815028223,21.813486547693515
0.42049943930461725,29.964807815028223,21.812322371337984
0.4257504571295781,29.95285353124052,21.811158199774695
0.4440547971941602,29.96604541674259,21.809994033001942
0.45183607781440693,29.956974226812406,21.808442795550093
0.4521118065400061,29.9656339200547,21.80727863994491
0.4386793616845323,29.963158745300973,21.80611742148858
0.4102969672274918,29.96769454000122,21.8049532754398
0.40151394922642636,29.96728303568159,21.803402065591342
0.41311189511971896,29.968109163704014,21.802237930693366
0.4144159646466174,29.968932181895127,21.801073800573306
0.4126369918987855,29.968932181895127,21.801073800573306
0.39111531669122285,29.969343693847804,21.799135549180562
0.36733986641125776,29.96769454000122,21.798358492958982
0.3903574645047354,29.97016984101856,21.798358492958982
0.39539483578044166,29.97759303988596,21.796420260102252
0.38634931944056944,29.971407517373677,21.794869096887737
0.40784183412696146,29.970992878287234,21.795643211308857
0.3733852676290744,29.969343693847804,21.794869096887737
0.3319114666496609,29.971819040785306,21.792927955601897
0.37003434096712073,29.97305674010471,21.79525615383477
0.3950127853960154,29.943783685708013,21.795643211308857
0.3785266700235454,29.972230566102326,21.796420260102252
0.37943653377252873,29.971819040785306,21.798358492958982
0.4019106504967862,29.973879804105934,21.798358492958982
0.4141089793205353,29.972230566102326,21.798748486947773
0.4134736833390981,29.97346827115257,21.799135549180562
0.40210836133364414,29.990376986595038,21.800299671349194
0.37757882713603513,29.97594373296687,21.799522611941086
0.3734179747906108,29.974294456660687,21.80068673569724
0.3829229630066254,29.95285353124052,21.801073800573306
0.37637551264145963,29.975529072716313,21.801460865977276
0.3734732622142224,29.974294456660687,21.801850864229095
0.39891570821235023,29.968109163704014,21.802237930693366
0.4231892070671798,29.98955376970224,21.802237930693366
0.4454759978038303,29.964396324066968,21.802237930693366
0.455960251665455,29.97470599344001,21.803789134172803
0.42347218602381964,29.97470599344001,21.803402065591342
0.387194676754893,29.973879804105934,21.803402065591342
0.40483071080511024,29.974294456660687,21.803789134172803
0.39944601063619634,29.97346827115257,21.804566205268827
0.3996804180270786,29.972645210962412,21.80611742148858
0.38573321917396586,29.971407517373677,21.80611742148858
0.34977490746067114,29.97305674010471,21.80417620328268
0.3599417960333857,29.972645210962412,21.808442795550093
0.3916001007962418,29.980065498725764,21.809994033001942
0.38577298321387626,29.971407517373677,21.81193529109254
0.36739015176998835,29.971819040785306,21.811158199774695
0.38283864830880754,29.970992878287234,21.81270945211321
0.42577483407629585,29.978416145906806,21.814260712961527
0.4368765789392162,29.969343693847804,21.814650728842935
0.42407887439795794,29.975117532125182,21.81542489729975
0.42417170941018206,29.968520671847216,21.816976173053604
0.42880598641627743,29.96769454000122,21.81581198232351
0.4224690381937527,29.96728303568159,21.81581198232351
0.4120593420767362,29.96728303568159,21.81620200034598
0.4065314252403893,29.966871533266385,21.81581198232351
0.4102170423571749,29.954087849687426,21.81542489729975
0.42352811466235385,29.96522242527095,21.815037812806224
0.4201988797745967,29.964807815028223,21.814650728842935
0.3954906136108733,29.96646003275555,21.815037812806224
0.39402486383226265,29.964807815028223,21.814650728842935
0.42255423893120336,29.97016984101856,21.814650728842935
0.45493267274346094,29.96604541674259,21.815037812806224
0.45992159500367513,29.963158745300973,21.814260712961527
0.4570909320205262,29.9656339200547,21.814260712961527
0.446595769496369,29.97924237742302,21.814260712961527
0.42397303100307826,29.963573347856027,21.813873630062517
0.42985905454346546,29.964396324066968,21.814260712961527
0.4557493790511554,29.963573347856027,21.814260712961527
0.45912434415235087,29.964807815028223,21.81542489729975
0.4448347115747479,29.964396324066968,21.81581198232351
0.4572983184147286,29.964396324066968,21.81620200034598
0.4797711289989982,29.975529072716313,21.817363260203138
0.4672873060808492,29.96398483500957,21.816589086434533
0.4414523089174697,29.962747261969298,21.818140368582476
0.44365224583875296,29.956151319258197,21.818527457327946
0.4609942687299952,29.963573347856027,21.819304568911832
0.45472468213991013,29.963573347856027,21.82202007751539
0.45341101273782547,29.963573347856027,21.82357138952068
0.4718098624774838,29.964396324066968,21.82279426618271
0.487616059990289,29.947492548696744,21.824345582448018
0.46629689682345005,29.96522242527095,21.825509808391928
0.45265224887494565,29.963158745300973,21.82667403914678
0.47041029373279375,29.963158745300973,21.828612479368815
0.4924004622199417,29.96233578054114,21.829002515096022
0.5042854382350787,29.963158745300973,21.831328077683338
0.4928778930932796,29.950790138118577,21.833266549968357
0.46793434904783293,29.97676682370826,21.834820856615124
0.46515540518731757,29.963158745300973,21.83598219323096
0.4918326053840403,29.961509706147922,21.838310746266302
0.49691200973967103,29.963158745300973,21.841413558543195
0.4754762494745587,29.963158745300973,21.842964977553095
0.47694641566263324,29.961924301016552,21.845680714677144
0.47806183704942373,29.963573347856027,21.8468450290448
0.4605828908257614,29.963573347856027,21.851112267937367
0.46093433073481715,29.97305674010471,21.85188653681587
0.486052215845415,29.961509706147922,21.8534380138625
0.4926446867158347,29.96398483500957,21.858869717832874
0.4889634500717219,29.964396324066968,21.859646941136646
0.4807500286747204,29.95285353124052,21.8615856094562
0.44391744689478246,29.968932181895127,21.864688679997357
0.43623250572477934,29.980065498725764,21.86585307360656
0.4685438582789816,29.9656339200547,21.86701747208417
0.48317838541646424,29.96646003275555,21.868569033291408
0.4650758953531022,29.96604541674259,21.869346283650998
0.47732815800580997,29.96646003275555,21.868956191689733
0.5231482317140738,29.969343693847804,21.869346283650998
0.535891028075548,29.968109163704014,21.868956191689733
0.5108644789327883,29.968109163704014,21.869346283650998
0.48925702391678716,29.968932181895127,21.868181875431787
0.4629157510387428,29.977181489735187,21.867791785102725
0.44518173960705726,29.970992878287234,21.867791785102725
0.4424554001247959,29.9656339200547,21.86701747208417
0.45713193497152027,29.97346827115257,21.866240228227582
0.46457395515532707,29.98377899307161,21.86585307360656
0.4625600767530557,29.973879804105934,21.865465919523785
0.4492104728980733,29.974294456660687,21.86391437560644
0.4389941138740626,29.97346827115257,21.863524291254862
0.4557531170124733,29.970992878287234,21.86274999009936
0.4694071338297449,29.977181489735187,21.862362840328217
0.4564476790436252,29.993264542574593,21.860811313685076
0.4425958419951232,29.978416145906806,21.86391437560644
0.4656035309530021,29.98048018015004,21.862362840328217
0.4909571954440165,29.980065498725764,21.863524291254862
0.47152422721717013,29.981303312923046,21.863524291254862
0.45681544713147904,29.98254114437094,21.86391437560644
0.47807656186373465,29.982952719354273,21.864301527532916
0.5018768248175189,29.98377899307161,21.865465919523785
0.5162165738680861,29.98377899307161,21.864301527532916
0.5332934100138846,29.99615219251774,21.86391437560644
0.52534485139812,29.98748952455236,21.864301527532916
0.49712467520276143,29.985428445484956,21.863524291254862
0.485433683744353,29.99078859790461,21.86391437560644
0.5063690899581201,29.991614944554215,21.86274999009936
0.5064460840591652,29.99243818056516,21.864688679997357
0.4869663620790423,30.001101331691018,21.86391437560644
0.49196831622879056,29.98584003385065,21.86391437560644
0.5013783805493706,29.9953258036154,21.864301527532916
0.48096037122735225,29.997801874894606,21.864301527532916
0.4547530873470682,29.998213520648335,21.864688679997357
0.45922576265821585,30.002751106120513,21.866240228227582
0.4817055426734794,29.999451587950716,21.866630316382498
0.4930703620629532,30.012653516494765,21.86585307360656
0.4901324393831091,29.981303312923046,21.868569033291408
0.47764211518478705,30.000278015289155,21.869346283650998
0.4735008959304729,29.977181489735187,21.871672181662404
0.49032063741106074,30.005639064932268,21.872836604494353
0.5054222030662742,30.005227384709087,21.87477536466804
0.49098206595987126,30.00605074706715,21.87593980050434
0.46674078167333755,30.008527117822723,21.87826868682663
0.45327175606413517,30.010177030444595,21.879820310853574
0.4225813072308315,30.009765329145125,21.88098476785609
0.4251896029238265,30.01058873365662,21.88292358494914
0.4571887835303688,30.016365256182155,21.88408805498682
0.45339847691935514,30.01223868466076,21.88602689379303
0.4245263883101064,30.01058873365662,21.887191376877695
0.4489887678161938,30.014715228332193,21.889520357744857
0.46232189011849883,30.01430350594694,21.89107204479751
0.44378342128435394,30.015953526128385,21.892623740557895
0.4288018597219723,30.03287034571838,21.894949833886244
0.4211031909834344,30.01719184123442,21.896114354549525
0.4128474518146413,30.019253658699085,21.896501551424706
0.428723057864046,30.019665404093757,21.89689168215881
0.4415035425376163,30.020492019945948,21.897666078632824
0.4245915763105633,30.020903771098347,21.895727158217312
0.39849798847115736,30.028331217287985,21.894175445029873
0.40956428741940804,30.021315524165402,21.893010932540392
0.4320066349012067,30.03122001022956,21.891846424957862
0.43566836324074965,30.02750452823858,21.88602689379303
0.43966590570829345,30.024615856565276,21.887965746174814
0.47127316958846377,30.024615856565276,21.88602689379303
0.506155026683672,30.025854292812028,21.88408805498682
0.5215268952857854,30.024615856565276,21.882146296589042
0.5154834006167086,30.026680966448282,21.88098476785609
0.4969526798102035,30.026680966448282,21.879820310853574
0.4751170110758453,30.02750452823858,21.87865585873925
0.48191403050268683,30.029569705521283,21.877491411511528
0.48702013483694306,30.028743004903163,21.8763269691687
0.4792013283472716,30.02915479443442,21.87593980050434
0.504574107874632,30.030808211087788,21.87516546479486
0.5204993687106511,30.030393294193857,21.87477536466804
0.49508710041727116,30.030393294193857,21.873610933712882
0.45978199781553847,30.030808211087788,21.872059344380148
0.4412774306928145,30.03122001022956,21.871672181662404
0.45380957003027195,30.03122001022956,21.870507763707053
0.4527688663530791,30.03287034571838,21.869346283650998
0.4473913308450215,30.032458538895526,21.869733443130883
0.4606998083227309,30.032043614262648,21.868569033291408
0.48104930501321663,30.033282154457993,21.868181875431787
0.47198019887512715,30.033282154457993,21.868956191689733
0.45585672122896087,30.042773005324875,21.869733443130883
0.47189070404351346,30.030808211087788,21.87012060314953
0.5003681028868162,30.029569705521283,21.870507763707053
0.5076532501807679,30.034932528415084,21.871285019483764
0.5015410935323585,30.036582933164027,21.870507763707053
0.49027457340288616,30.036171109057875,21.87244944069414
0.47129011966306245,30.036582933164027,21.871672181662404
0.44304987268969726,30.036582933164027,21.873223768833952
0.43951993473517015,30.03740970704507,21.873223768833952
0.4595310728572857,30.03740970704507,21.873223768833952
0.4752740523689424,30.037821536918614,21.87400103220466
0.4681076044977914,30.037821536918614,21.872059344380148
0.4574764894810466,30.03864832237872,21.87244944069414
0.46256471345795186,30.03906015802039,21.872836604494353
0.4832589246613584,30.03906015802039,21.871672181662404
0.5027285414902329,30.028331217287985,21.871285019483764
0.505208827690944,30.024615856565276,21.871672181662404
0.48023700356558974,30.039883835057708,21.870507763707053
0.459648738119871,30.04194930137237,21.870897857844227
0.4700975301959314,30.041122485047083,21.871285019483764
0.48573335367134174,30.041122485047083,21.870507763707053
0.47359164922882047,30.041534332212393,21.869733443130883
0.4468009161475255,30.042773005324875,21.868569033291408
0.4487696779152821,30.042361152389276,21.867791785102725
0.4808376319101478,30.058871094577228,21.86701747208417
0.4798412086911703,30.043187980298967,21.866240228227582
0.4567129647702686,30.04401169579296,21.865078765979206
0.45303318002178394,30.04401169579296,21.865078765979206
0.46710001106801563,30.042361152389276,21.86391437560644
0.4633170099475022,30.04442355641828,21.862362840328217
0.4388714184838596,30.04442355641828,21.861972758148
0.4283623779762762,30.044838539140812,21.861198461301854
0.4362468798350279,30.04525040361881,21.860034087137308
0.43101736872115753,30.04607413833253,21.860811313685076
0.421223573123549,30.04566227001601,21.85848257344776
0.43260483642516745,30.0481397492955,21.857705353386848
0.4322427856068298,30.0469010009744,21.85576671202307
0.42459837587008464,30.04937851498147,21.856153852641967
0.4316442090515934,30.04772787135255,21.854215222047912
0.4294319639912942,30.065886648066282,21.853050877006808
0.43941662508561313,30.048963510940723,21.851112267937367
0.45984927965921735,30.049790400618406,21.84956080379419
0.46913282338129286,30.050202288175285,21.849173672305767
0.4748849936558388,30.050202288175285,21.847232157312476
0.4740700031088269,30.05309179578012,21.8468450290448
0.4445150467332114,30.051029189446183,21.845680714677144
0.4156080060560785,30.051852978030638,21.843352100459185
0.42797073435736493,30.05556948340137,21.841413558543195
0.4851463243319811,30.042773005324875,21.841026438313634
0.4573361538034958,30.05556948340137,21.840639318618287
0.39452222569416656,30.054330630903053,21.838697862748916
0.44202743122379873,30.048963510940723,21.837533582212018
0.4551189482796089,30.053918724097855,21.83598219323096
0.43013260790435964,30.055154450276177,21.834820856615124
0.4446388558192366,30.02626918842668,21.833266549968357
0.4542155117695434,30.055981397905157,21.832492332505808
0.43861648435548783,30.05556948340137,21.829002515096022
0.43467922848030494,30.062172829211647,21.829776722952943
0.44257009696426924,30.055981397905157,21.829776722952943
0.43916721610262216,30.052264875203434,21.830163827680167
0.443240198658585,30.05556948340137,21.830163827680167
0.46029888762554766,30.058044119888336,21.829002515096022
0.4688881899938565,30.05680523267648,21.827448240600063
0.4796395710650066,30.058459166594275,21.82628693921822
0.480206159165949,30.06382374283828,21.827061139607338
0.46738964411202893,30.06341179174541,21.82628693921822
0.4660939546402522,30.055981397905157,21.825509808391928
0.45628498870746415,30.057632195763176,21.82667403914678
0.45453489689903753,30.065886648066282,21.825896907252513
0.4698123920302493,30.057632195763176,21.825896907252513
0.47895558558062995,30.058459166594275,21.827061139607338
0.4864869165723524,30.058044119888336,21.827061139607338
0.5095195853687808,30.057632195763176,21.827448240600063
0.5200439733401183,30.057632195763176,21.82822537677538
0.5091491792430615,30.057632195763176,21.829002515096022
0.5101101822004069,30.057220273559494,21.830163827680167
0.506779560275277,30.057220273559494,21.831328077683338
0.4734952110508859,30.056393314330137,21.831328077683338
0.45053190131634757,30.067125662735634,21.833266549968357
0.47099466384478994,30.057220273559494,21.834430812818425
0.4540533985699876,30.057632195763176,21.833266549968357
0.419700963632498,30.058044119888336,21.833266549968357
0.430858821475806,30.055981397905157,21.83365659214917
0.46625579374964676,30.05680523267648,21.834043702217173
0.4760599781456736,30.058044119888336,21.83365659214917
0.4564498426781555,30.067125662735634,21.834820856615124
0.4306091855379433,30.05680523267648,21.833266549968357
0.43579978268602787,30.058871094577228,21.832492332505808
0.45230005037583976,30.057220273559494,21.832879440970544
0.4712754019267221,30.05680523267648,21.832105224574036
0.48042298922314763,30.057220273559494,21.831715184545374
0.4671474018374793,30.057632195763176,21.830940971354096
0.4561393931581004,30.05680523267648,21.830163827680167
0.4703290905626129,30.05474253962916,21.829776722952943
0.4992675799740858,30.055981397905157,21.829389618758228
0.5131649020072526,30.056393314330137,21.829776722952943
0.5140779624711277,30.056393314330137,21.82822537677538
0.5038222583153045,30.057220273559494,21.827448240600063
0.4750609627219448,30.055154450276177,21.82667403914678
0.43610607509770716,30.057632195763176,21.82512271006317
0.4315057312089817,30.055154450276177,21.824735612266238
0.447493873859468,30.057220273559494,21.82357138952068
0.45501266656900147,30.048551629158226,21.82279426618271
0.46326622105971976,30.05556948340137,21.822407171583393
0.4794362416754959,30.060933884066742,21.821630051454008
0.47288379551992216,30.055154450276177,21.820468774043377
0.4455057028192963,30.059283024482,21.819691659253863
0.43926923988534733,30.053918724097855,21.819304568911832
0.45143231345134505,30.054330630903053,21.818917479100776
0.4434354335429432,30.05144108277824,21.817753280367697
0.42129437738417164,30.053918724097855,21.818140368582476
0.4323793866520535,30.05350369872923,21.818140368582476
0.44642150143167386,30.054330630903053,21.817363260203138
0.42062654084974094,30.05474253962916,21.817363260203138
0.3855379671386105,30.051852978030638,21.818527457327946
0.38707431454384333,30.053918724097855,21.818527457327946
0.4037681770354444,30.05309179578012,21.818527457327946
0.400226771327682,30.049790400618406,21.819691659253863
0.38610057613894194,30.053918724097855,21.821630051454008
0.3964601235051434,30.058871094577228,21.82395848571855
0.42121484604973597,30.05309179578012,21.825509808391928
0.4342662327373298,30.051029189446183,21.827061139607338
0.42763915882886266,30.052264875203434,21.829002515096022
0.4086926238403032,30.05350369872923,21.831328077683338
0.39050565434002554,30.051029189446183,21.834043702217173
0.3970985783966209,30.05144108277824,21.83637223918157
0.4034853643653452,30.057632195763176,21.83986214811557
0.37652138978134436,30.065886648066282,21.84180067930714
0.3541245259306008,30.049790400618406,21.844906462965866
0.3619929989991437,30.050202288175285,21.847232157312476
0.3818574370902579,30.051029189446183,21.850725134301968
0.3844372384020287,30.04442355641828,21.8534380138625
0.3845971398037742,30.050202288175285,21.85576671202307
0.38446199549688503,30.049790400618406,21.8580954295997
0.37088953799853197,30.050202288175285,21.8615856094562
0.3723046442065645,30.065062728545968,21.864688679997357
0.408509705887827,30.048551629158226,21.866240228227582
0.43571312716047716,30.049790400618406,21.869346283650998
0.42132351434626686,30.06547468734459,21.872059344380148
0.4108560179663645,30.04937851498147,21.873610933712882
0.43583302235350546,30.048963510940723,21.87555263237971
0.4489105310067749,30.05309179578012,21.87865585873925
0.45676633368871705,30.0469010009744,21.880207484931532
0.4738038397376414,30.04607413833253,21.88175911980403
0.4615683911122982,30.040710639800125,21.883697942313233
0.43153842741413906,30.0469010009744,21.88563971158527
0.4309937501557312,30.04607413833253,21.88680419304154
0.4656257770899175,30.044838539140812,21.88913023741668
0.4816242956224603,30.04566227001601,21.89107204479751
0.4711543758321578,30.04442355641828,21.893010932540392
0.45588894197570917,30.03287034571838,21.895727158217312
0.44305079004340664,30.04401169579296,21.89727888012419
0.43231284250089164,30.043187980298967,21.89883061075443
0.4228326878156042,30.042361152389276,21.90271144220941
0.4127445642108275,30.0481397492955,21.90387306224835
0.43096895643942734,30.04194930137237,21.905814973352676
0.4511629851399407,30.039883835057708,21.905037620587507
0.42685799076770914,30.040710639800125,21.90969296974953
0.4159675448338697,30.041122485047083,21.910857552713367
0.44247922506560844,30.039471995580016,21.912799513109917
0.47717180245679164,30.04937851498147,21.915903158068375
0.4792608040810089,30.039471995580016,21.91667760802494
0.4659968568713403,30.035344346754584,21.918229448036186
0.4602388911921726,30.054330630903053,21.920945922569274
0.44493044697304307,30.035759286869165,21.92133608796803
0.42413615173714014,30.038233368709882,21.923275188902267
0.41512232741842653,30.036582933164027,21.92482706625225
0.41969212152675517,30.033282154457993,21.92676619189666
0.4128389329788447,30.034932528415084,21.929482751075682
0.4052642730611265,30.034520711992798,21.931034663621006
0.4313677204649278,30.03410889748767,21.933751265200897
0.4751998306000388,30.033693965114537,21.936855147585675
0.4650132424009512,30.03287034571838,21.93995906526385
0.41428863688708917,30.03287034571838,21.943453215237867
0.4155224480931645,30.032043614262648,21.94849648805041
0.4118366400819237,30.03122001022956,21.950825989418888
0.4083363219141223,30.029569705521283,21.955094837810577
0.4213640446519702,30.028743004903163,21.958586248227277
0.421133309138845,30.030808211087788,21.96130312472394
0.42679799077821906,30.02915479443442,21.96440732147562
0.43876652233786684,30.024204088149816,21.968289084482876
0.43915478627454957,30.028331217287985,21.9706187558333
0.42906646791526953,30.027092746385563,21.972558207870122
0.4108297198328498,30.028331217287985,21.97566253374424
0.40596491855195843,30.027919431588714,21.97760495617274
0.43391440839021744,30.027919431588714,21.980709340077226
0.4568936437224071,30.02750452823858,21.980319089475756
0.44918956650840014,30.026680966448282,21.98536598294993
0.41581530811065914,30.024204088149816,21.987305540997795
0.406076525716004,30.026680966448282,21.99002270633588
0.42346919994428994,30.022965674987574,21.992739899121773
0.42367888570823065,30.025442518636055,21.994679510341143
0.4136982517142316,30.025854292812028,21.995844457547093
0.4162420450060932,30.040710639800125,21.99429217385017
0.4383073156204897,30.025030746375478,22.000891642376132
0.42654803278218867,30.024204088149816,22.00244396424563
0.42015449050340997,30.014715228332193,22.005161282770587
0.42953616913804554,30.022965674987574,22.007878628860567
0.4264482702500534,30.02173039851033,22.009040698891113
0.43248096412072695,30.02255391424694,22.010983362586785
0.4533917789298371,30.022965674987574,22.01331046924605
0.42816522534295326,30.022142155421193,22.015640530766007
0.4046737216087487,30.019253658699085,22.018745354657767
0.43618647094448765,30.020903771098347,22.021462838858383
0.4590909178161995,30.020903771098347,22.021462838858383
0.44322054781792414,30.020492019945948,22.02379297155204
0.4152611059932141,30.02008027070798,22.025345426429737
0.4032535850877461,30.022142155421193,22.026510507204534
0.39913544877861024,30.02008027070798,22.02922513583877
0.40398602399393074,29.998213520648335,22.030777622389508
0.4064389701306822,30.019253658699085,22.03310783660129
0.41260158974064803,30.018841915218616,22.034660345819645
0.4434051455288215,30.0176035770441,22.036990594072847
0.46323127560093746,30.019665404093757,22.039317927913544
0.45062296372941835,30.01719184123442,22.04242596294216
0.4626209894248623,30.015953526128385,22.044365935280894
0.45150906443303873,30.015953526128385,22.045531099471305
0.43139519747191535,30.016365256182155,22.047083681380855
0.4523172318286394,30.016776988149672,22.04630592181985
0.4637346100449669,30.002339439305956,22.047083681380855
0.42769007181404417,30.01554179798819,22.047083681380855
0.3881355227842178,30.030808211087788,22.047083681380855
0.3752453118910364,30.006465549939605,22.047083681380855
0.3928184958992544,30.014715228332193,22.047471094542686
0.40425796298737166,30.00811542418711,22.04630592181985
0.4071020343550367,30.0138886663878,22.046696268785695
0.40944552251490784,30.01347694784363,22.044365935280894
0.39338579185594535,30.02173039851033,22.04358818369741
0.4068824059842434,29.996975470625557,22.04242596294216
0.4269293682917459,30.01347694784363,22.041648217049556
0.4215417312176469,30.01554179798819,22.041648217049556
0.4127318320980531,30.0110035577668,22.041648217049556
0.4244402305131592,29.997801874894606,22.040870473437565
0.4402177339003513,30.012653516494765,22.040095666974366
0.4374361993151617,30.011826973783286,22.040095666974366
0.423702572817556,30.011826973783286,22.040095666974366
0.4119649685753866,30.010177030444595,22.03970826459124
0.4089338602812322,30.025854292812028,22.04048306992314
0.40885282527271705,30.009765329145125,22.040870473437565
0.40802670315934336,30.00893881337049,22.040870473437565
0.40414611154755503,30.021315524165402,22.04242596294216
0.4158208123275596,30.010177030444595,22.042813369294493
0.4684870283248345,30.01058873365662,22.04358818369741
0.5050291706120158,30.010177030444595,22.044753344468347
0.47787684404443953,30.01430350594694,22.045531099471305
0.4406644061351649,30.008527117822723,22.0459185103623
0.44059807284575314,30.00811542418711,22.047083681380855
0.4468345257346464,30.009353629758095,22.048248857525664
0.4301784578505539,30.007288923797375,22.04902368782598
0.4482357564753993,30.008527117822723,22.050963708489746
0.46168395937893925,30.007288923797375,22.051354062324094
0.4392371132056788,30.006465549939605,22.052519257270887
0.44117760212913487,30.005227384709087,22.052519257270887
0.4660757405030212,30.005639064932268,22.0529066783904
0.4685797814602472,30.00605074706715,22.05407188017864
0.4463518445631866,30.006877235912498,22.054459303573367
0.4272274846572595,30.005227384709087,22.053681522332397
0.4207471202687468,30.005227384709087,22.0529066783904
0.41134328369868167,30.01223868466076,22.052519257270887
0.4104307683860424,30.003577564207433,22.051354062324094
0.41417725052031396,30.005227384709087,22.051354062324094
0.41006788069915046,30.003577564207433,22.04980145537047
0.40572501460884447,30.003162774846203,22.048636272392343
0.42018306614851897,30.003577564207433,22.047083681380855
0.4420710534713581,30.001512992758137,22.045531099471305
0.43743893486000407,30.001927774402418,22.044365935280894
0.4174483921806206,30.001512992758137,22.042813369294493
0.4066332598157252,30.002751106120513,22.042035622265644
0.41827717415028104,30.000278015289155,22.040095666974366
0.44040082779493933,30.00068967253469,22.038543125983438
0.46108140254278884,30.00770061359424,22.03737799248978
0.455515266575081,30.000278015289155,22.035438071238673
0.43117687628267387,30.001512992758137,22.034660345819645
0.4183127906517185,29.999451587950716,22.0327204444103
0.4385363709134003,29.970992878287234,22.030777622389508
0.45550747577710965,29.999863241360515,22.028837749302454
0.450008466076326,29.998213520648335,22.02806297792131
0.4546434179676036,29.998628286862584,22.02728527406788
0.49251656964720325,29.998213520648335,22.024955110836117
0.5155642060643566,29.997801874894606,22.02379297155204
0.488501448995997,29.997801874894606,22.023015280164486
0.46036818574313554,29.99615219251774,22.021462838858383
0.46692589054153344,29.996975470625557,22.01758030781201
0.480793089343417,29.99615219251774,22.018357983353837
0.4712734024008223,29.99656383061665,22.016805569147436
0.4582959254165018,30.013065231212636,22.01641820065811
0.45582924574516287,29.99243818056516,22.015253163966463
0.4520155256251186,30.009353629758095,22.014475497466094
0.4332620296023054,29.978416145906806,22.012148380664883
0.42921548344847243,29.994914171260405,22.010205708507726
0.43877660359366233,29.988315840489804,22.0086533416536
0.42927993368154915,29.993676167276874,22.007488338795213
0.4100712270765451,30.010177030444595,22.005935987701093
0.40618124365440134,29.994914171260405,22.003996295104173
0.40987681085262584,29.994502540815063,22.001278988390595
0.4191576372444987,29.993264542574593,22.000114017596616
0.4392315311552542,29.993264542574593,21.9989490518621
0.4387665448272229,29.99243818056516,21.996622069955322
0.4186006149698557,29.992026561605144,21.995069781764187
0.41473728144514277,29.99243818056516,21.991965232289374
0.44434964164586777,29.99243818056516,21.989635376554588
0.4673184578506798,29.99243818056516,21.988083128708013
0.4753631545053161,29.99243818056516,21.98614356505834
0.455079933307395,29.992852919781626,21.984588403086434
0.42327118289140225,29.977181489735187,21.983813759718316
0.42521082735474813,29.989965377194267,21.983813759718316
0.43651038320318497,29.98377899307161,21.983036184334765
0.4067471126555299,29.987904240646344,21.980709340077226
0.3959121207157634,29.986666334435768,21.97993177364765
0.44007483934560176,29.985428445484956,21.97837958170436
0.4601420076316446,29.987904240646344,21.976827398689295
0.4236657629188172,29.986666334435768,21.977214710061446
0.4001767679590774,29.986251624124236,21.974887916008356
0.41010241182459906,29.986251624124236,21.973723059428266
0.4089072458688614,29.986666334435768,21.97333575306334
0.4029873799703932,29.984190573791807,21.971393361332105
0.41707813345759753,29.986666334435768,21.971006058305363
0.4275329363848841,29.985016859027155,21.9706187558333
0.42781709869031487,29.97924237742302,21.969841218454178
0.43335974677058264,29.98460215641967,21.969066617400756
0.4440967811301723,29.984190573791807,21.96867638361931
0.44871487515022546,29.982952719354273,21.968289084482876
0.46219009773236314,29.982952719354273,21.96751448787296
0.46625556444039135,29.981714882170138,21.96712425632967
0.4538970905855445,29.962747261969298,21.96712425632967
0.4489302005900174,29.98748952455236,21.96208063758621
0.46184625338709834,29.98048018015004,21.96440732147562
0.4739824210416317,29.98048018015004,21.964797549103366
0.49438246251026174,29.975529072716313,21.963245444047573
0.4959966024263049,29.97924237742302,21.96285521865525
0.4605101394385819,29.984190573791807,21.96130312472394
0.41984478655403423,29.978004591943147,21.96169334788175
0.41725791493498277,29.977181489735187,21.960528548089542
0.4197398150202083,29.978004591943147,21.957424395741725
0.4282687891256199,29.991614944554215,21.95897646747602
0.4576652085772063,29.97594373296687,21.95781167935087
0.464117451433165,29.975529072716313,21.957424395741725
0.4449175545920346,29.97594373296687,21.956259614277656
0.4633054978544623,29.97470599344001,21.95703417872477
0.5060328402846154,29.975529072716313,21.955482118096597
0.5024167627774488,29.973879804105934,21.95470755807679
0.464374652062741,29.973879804105934,21.95393006633884
0.4372797143894196,29.972645210962412,21.95315551074441
0.44970306543155386,29.972645210962412,21.95393006633884
0.4630293587895665,29.972230566102326,21.951990747586194
0.45045146036766354,29.971407517373677,21.95160347227653
0.42618250534099,29.96728303568159,21.951213263620957
0.40714995440511853,29.970992878287234,21.949661236240786
0.39955418127717035,29.97924237742302,21.94927396424879
0.4021890646959777,29.969343693847804,21.948109217716365
0.41541844114983184,29.968520671847216,21.945782673444967
0.423333660792043,29.968109163704014,21.945392473136963
0.4317884239368018,29.968109163704014,21.942288493603257
0.448142837012217,29.96646003275555,21.940349257792093
0.4490149733569173,29.96728303568159,21.93957180706593
0.4302493662504272,29.966871533266385,21.936855147585675
0.4214205986663239,29.9656339200547,21.935303201983572
0.42301271711640076,29.96522242527095,21.93491595039177
0.4207460133450437,29.96604541674259,21.932586584975013
0.41707946569114746,29.964807815028223,21.93064741807808
0.42920890652091453,29.964807815028223,21.93064741807808
0.4438223310408541,29.98048018015004,21.924439829492997
0.43442026043644616,29.964807815028223,21.92560447503547
0.42058654578759935,29.96398483500957,21.925991713441533
0.42676372169643934,29.96233578054114,21.925214303559017
0.4343290371106662,29.96398483500957,21.92482706625225
0.42426910724840816,29.962747261969298,21.923662424015276
0.4348867967949487,29.962747261969298,21.92288795433649
0.4686793522086765,29.960686756644407,21.92133608796803
0.4617411195324277,29.962747261969298,21.919781296823714
0.434529098748646,29.96233578054114,21.919006838108487
0.43415799328441124,29.962747261969298,21.918619609570726
0.4522483862070117,29.962747261969298,21.917454993701256
0.44860317686799533,29.96233578054114,21.915515933909262
0.44893665433057517,29.963158745300973,21.91435133120592
0.47248134076368153,29.963158745300973,21.913186733439943
0.5080663897290799,29.961924301016552,21.910857552713367
0.5018178304947966,29.961924301016552,21.910470335664286
0.4682708718966147,29.962747261969298,21.907753964720484
0.4458223646587276,29.963573347856027,21.906979539903716
0.45322706981240823,29.963573347856027,21.905037620587507
0.4687590602186179,29.935951947051763,21.9034858550246
0.46952073986387827,29.962747261969298,21.90271144220941
0.43430722625199414,29.961509706147922,21.90038235011201
0.40785418447429456,29.961924301016552,21.899217811440394
0.42117912367334137,29.963573347856027,21.897666078632824
0.4528513958570826,29.96233578054114,21.896114354549525
0.4547309641001707,29.963158745300973,21.895727158217312
0.4418415832462522,29.963573347856027,21.893010932540392
0.4398782492196698,29.963158745300973,21.89107204479751
0.42939038292806075,29.963158745300973,21.889520357744857
0.41458463068175866,29.963573347856027,21.88913023741668
0.4220847698499588,29.963573347856027,21.88680419304154
0.4340393250980853,29.96398483500957,21.88602689379303
0.42762673082120706,29.96398483500957,21.884475235025604
0.43725775110141135,29.96398483500957,21.884862415605426
0.4642588004670798,29.97470599344001,21.882146296589042
0.4630819742852989,29.959037763314427,21.88175911980403
0.436851270379692,29.96522242527095,21.880207484931532
0.43524409546175596,29.96522242527095,21.87671707147507
0.44053815030215876,29.93842324906177,21.877878582339804
0.4163912801791748,29.960686756644407,21.87710424122332
0.40764130045155017,29.964807815028223,21.87593980050434
0.4443784165642138,29.964396324066968,21.87438819816657
0.45378755947041993,29.96728303568159,21.873223768833952
0.4428788206767419,29.961924301016552,21.87244944069414
0.4465610708205334,29.9656339200547,21.872059344380148
0.44832340063818865,29.96522242527095,21.870897857844227
0.424385817971221,29.96646003275555,21.870507763707053
0.4100358538621699,29.96769454000122,21.869733443130883
0.4134317997211933,29.96604541674259,21.869346283650998
0.4284911059707265,29.966871533266385,21.869346283650998
0.43764319245259126,29.96728303568159,21.868956191689733
0.4293887309121076,29.968520671847216,21.869346283650998
0.4136711342620393,29.968109163704014,21.869346283650998
0.40926200954660524,29.968520671847216,21.869346283650998
0.42208470905385603,29.968932181895127,21.869733443130883
0.4200496753346274,29.96728303568159,21.868956191689733
0.38871241834600023,29.97016984101856,21.868956191689733
0.38793562669803106,29.970992878287234,21.869346283650998
0.42343104346670113,29.955739868334604,21.868956191689733
0.4425602345144972,29.972230566102326,21.869733443130883
0.4214150793910818,29.972645210962412,21.868181875431787
0.40385487080408766,29.96027216754345,21.868181875431787
0.40127335414586573,29.97346827115257,21.86740462832421
0.40464796835903294,29.97346827115257,21.86740462832421
0.42156025568702704,29.978830819631753,21.866240228227582
0.4546846739788838,29.975117532125182,21.865078765979206
0.46778743954414875,29.97594373296687,21.864301527532916
0.4435360757267796,29.978416145906806,21.865078765979206
0.40143728186188243,29.975529072716313,21.863524291254862
0.3920187414282522,29.97635527738447,21.86274999009936
0.4103094306703514,29.97676682370826,21.861972758148
0.40936253262744143,29.97676682370826,21.860811313685076
0.40136068042801387,29.979653937120986,21.861198461301854
0.40973609159552693,29.97676682370826,21.859646941136646
0.42774865133547735,29.97759303988596,21.858869717832874
0.43272577723414796,29.974294456660687,21.8580954295997
0.43272646987155733,29.98048018015004,21.856931068383574
0.4573608617908542,29.978830819631753,21.856153852641967
0.4710291950336143,29.979653937120986,21.855379571940773
0.4673920824617337,29.979653937120986,21.854215222047912
0.4596302132602484,29.98048018015004,21.85382808411555
0.45222893037113215,29.980065498725764,21.854602360516594
0.45474450151568857,29.981714882170138,21.853050877006808
0.45945932786140203,29.98048018015004,21.85149940210863
0.4471839113778825,29.981303312923046,21.851112267937367
0.43462039856602525,29.98212957129499,21.849947935818193
0.44967337051053446,29.98212957129499,21.84956080379419
0.47212549323638026,29.978416145906806,21.849173672305767
0.46154608823096327,29.98254114437094,21.848396478131576
0.44743947667391964,29.982952719354273,21.847232157312476
0.4711707051503198,29.98460215641967,21.846457901312363
0.4993861385568894,29.984190573791807,21.845680714677144
0.48616237330833767,29.98377899307161,21.844906462965866
0.46793313149162163,29.984190573791807,21.84412928063483
0.4647535845416584,29.986666334435768,21.843352100459185
0.47012745404283435,29.986251624124236,21.84374215665531
0.4568771387006507,29.985016859027155,21.841413558543195
0.441408855570132,29.985428445484956,21.84180067930714
0.4339865546978996,29.985428445484956,21.840249266738397
0.42914829212633926,29.98748952455236,21.840639318618287
0.42272839685174096,29.993676167276874,21.840249266738397
0.43781651584176146,29.98748952455236,21.83986214811557
0.4755979515804917,29.987077928539975,21.840249266738397
0.49596929440642085,29.959037763314427,21.83986214811557
0.47705739623464166,29.993676167276874,21.83986214811557
0.4596329830454842,29.989139045901993,21.841026438313634
0.466692625967077,29.990376986595038,21.839475030026904
0.47444007237418,29.990376986595038,21.839087912472223
0.4598970215096505,29.97676682370826,21.839087912472223
0.43239389562945935,29.97470599344001,21.838697862748916
0.41494359135749853,29.989965377194267,21.839087912472223
0.4168592131921592,29.999863241360515,21.839087912472223
0.43796250901646133,29.990376986595038,21.839087912472223
0.4576524311825329,29.991203329412315,21.839087912472223
0.4543423817629425,29.99243818056516,21.839475030026904
0.4298757910843189,29.99243818056516,21.839475030026904
0.41071600220541443,29.992026561605144,21.83986214811557
0.402009608252216,29.994502540815063,21.839475030026904
0.3954602806383271,30.00770061359424,21.840249266738397
0.4117030609569217,29.994090912279376,21.840249266738397
0.4594678244430356,29.993676167276874,21.839087912472223
0.4951426923454157,29.994914171260405,21.83675935299135
0.480123962988638,29.9953258036154,21.837533582212018
0.4674012694907669,29.991203329412315,21.839087912472223
0.494519100190792,29.99574055632877,21.839087912472223
0.5163284800876524,29.994502540815063,21.838310746266302
0.5116975679370879,29.996975470625557,21.839087912472223
0.5037140962167987,29.99656383061665,21.838310746266302
0.5149818778416326,29.9973902310511,21.838697862748916
0.5224840535736136,30.01347694784363,21.838310746266302
0.5044736692600269,29.997801874894606,21.838310746266302
0.4869221393665182,29.999039936451425,21.837533582212018
0.48383544060497385,29.999451587950716,21.837533582212018
0.47816161870658985,29.999863241360515,21.837533582212018
0.47184036221935644,29.998628286862584,21.837146467334833
0.4756487230072662,29.998628286862584,21.837146467334833
0.47829834527947357,30.000278015289155,21.837533582212018
0.4587881850190182,30.00398923677011,21.837146467334833
0.43654083573256514,30.00068967253469,21.83675935299135
0.43932764581278616,29.9973902310511,21.83675935299135
0.45288739578340714,30.001512992758137,21.83637223918157
0.45128843066624047,30.001512992758137,21.83598219323096
0.4382401635322894,30.001927774402418,21.83637223918157
0.4399662466017018,29.978004591943147,21.835595080492226
0.4478483592635629,30.002751106120513,21.835595080492226
0.4673944719374199,29.997801874894606,21.835207968286966
0.48418560194171856,30.002751106120513,21.835207968286966
0.4817634693789531,30.002751106120513,21.83598219323096
0.45891694459039256,30.003577564207433,21.835207968286966
0.45496078957064356,30.012653516494765,21.83598219323096
0.4839164808413807,30.003162774846203,21.837146467334833
0.4634702063265616,30.00481570639755,21.837923630317505
0.4406209809651825,30.005227384709087,21.839087912472223
0.4566530978289991,30.00398923677011,21.83986214811557
0.470612516663715,30.014715228332193,21.84180067930714
0.46181612405897754,30.005639064932268,21.84180067930714
0.4650612864529441,30.005639064932268,21.843352100459185
0.48149837100370657,30.004400911244204,21.844906462965866
0.48050673799470695,30.00398923677011,21.844516405149136
0.450049052562119,30.003162774846203,21.8468450290448
0.43432774270039515,30.004400911244204,21.8468450290448
0.45344298888377704,30.003577564207433,21.848396478131576
0.4659515836875815,30.004400911244204,21.847619286115446
0.4566687010299155,30.00605074706715,21.84800934825381
0.4394302626171258,30.001101331691018,21.847619286115446
0.43180287712291404,30.004400911244204,21.849173672305767
0.4295990205832359,30.003162774846203,21.847619286115446
0.4333797630872202,30.002751106120513,21.848396478131576
0.4447255263292368,30.003162774846203,21.8468450290448
0.4455955804959018,30.00811542418711,21.84800934825381
0.42469629598854725,30.001927774402418,21.84800934825381
0.39737185647246115,30.001927774402418,21.84800934825381
0.388614264155067,30.001512992758137,21.84800934825381
0.39795279649360793,29.992852919781626,21.847232157312476
0.403511317905681,30.002339439305956,21.847619286115446
0.40928704621690193,30.001927774402418,21.8468450290448
0.4138316902742707,30.001927774402418,21.845680714677144
0.40415119510233327,30.001927774402418,21.845680714677144
0.3977405485233924,30.003162774846203,21.845293588554
0.39584125255613384,30.005227384709087,21.844906462965866
0.3923266627753598,30.001512992758137,21.84412928063483
0.39679262281525485,30.001101331691018,21.84412928063483
0.43038059178177884,30.015126952630794,21.843352100459185
0.47115375434472895,30.0110035577668,21.842577855181617
0.48117049603669815,30.003162774846203,21.842577855181617
0.41924219217455194,30.002339439305956,21.84180067930714
0.3960089402678295,30.01719184123442,21.84180067930714
0.4081481961728515,29.999451587950716,21.841026438313634
0.4035816716054712,30.001101331691018,21.841026438313634
0.37611666221639006,30.001101331691018,21.84180067930714
0.376832907880704,30.00068967253469,21.84180067930714
0.3983801303407727,30.001512992758137,21.842190733344694
0.41853474191361467,30.006877235912498,21.84412928063483
0.42287422527339313,30.00068967253469,21.842190733344694
0.43462716987085126,30.000278015289155,21.843352100459185
0.4440292060854263,30.000278015289155,21.84412928063483
0.4361230618660638,30.00811542418711,21.844906462965866
0.4176107905780941,30.00398923677011,21.844516405149136
0.4128536120003649,30.001101331691018,21.846067841335298
0.4146638739093024,29.999863241360515,21.846067841335298
0.40753477457861864,29.99078859790461,21.847232157312476
0.3970960057420058,29.999863241360515,21.847232157312476
0.387135950051641,29.999039936451425,21.848396478131576
0.37689404696791884,30.000278015289155,21.849173672305767
0.3753125676517855,30.000278015289155,21.84878360854475
0.3947624076543748,30.00068967253469,21.849947935818193
0.4121848813913472,30.000278015289155,21.850725134301968
0.41091679007241294,29.999039936451425,21.851112267937367
0.3946456537280601,30.007288923797375,21.850335068377944
0.38681165830855624,30.001512992758137,21.85227660490392
0.3924041013107546,29.999863241360515,21.8534380138625
0.39669574913534217,30.00068967253469,21.8534380138625
0.4015983170092532,30.000278015289155,21.85382808411555
0.40548325709593447,30.002339439305956,21.854602360516594
0.3945223571737979,30.002751106120513,21.855379571940773
0.3658311436116884,30.001927774402418,21.85576671202307
0.36419311254873005,29.988315840489804,21.855379571940773
0.3993077348526942,30.003162774846203,21.85576671202307
0.40370553296296896,30.002339439305956,21.85576671202307
0.37417729050076415,30.002339439305956,21.856153852641967
0.36014129557878427,30.002339439305956,21.856153852641967
0.37757490617903755,30.002751106120513,21.856931068383574
0.3960523674666657,29.9953258036154,21.856543926687152
0.3802152921292281,29.991203329412315,21.856153852641967
0.37320506200737896,30.002751106120513,21.856153852641967
0.40304867703934777,30.003162774846203,21.856153852641967
0.42961634512495556,29.9973902310511,21.85576671202307
0.43412033548729523,30.003162774846203,21.856153852641967
0.420863438655981,30.003162774846203,21.855379571940773
0.415013490852419,30.004400911244204,21.855379571940773
0.42026342925124194,30.002751106120513,21.85382808411555
0.42856405045151325,30.003577564207433,21.856543926687152
0.43930101504731695,30.003162774846203,21.85576671202307
0.44598202294531997,30.00398923677011,21.85576671202307
0.43021706683877436,30.003162774846203,21.856931068383574
0.4130572913178608,30.002339439305956,21.855379571940773
0.41371010199491093,30.002751106120513,21.85499243239508
0.4272114064749514,30.0110035577668,21.85499243239508
0.44309233334031145,30.001927774402418,21.854602360516594
0.45947278862648405,30.002339439305956,21.854215222047912
0.474029821907868,30.001927774402418,21.854602360516594
0.4643689857368773,30.001512992758137,21.853050877006808
0.434386694994191,30.00068967253469,21.85227660490392
0.42629525018138426,30.011826973783286,21.85227660490392
0.4347508237257426,30.00068967253469,21.851112267937367
0.43347273207789977,30.002339439305956,21.850725134301968
0.42902781422448066,30.001101331691018,21.849947935818193
0.44162910912128545,30.000278015289155,21.849173672305767
0.4504463509938009,29.999451587950716,21.848396478131576
0.4424209234097118,29.996975470625557,21.847232157312476
0.42914759776563377,29.999451587950716,21.8468450290448
0.4336388741933731,30.004400911244204,21.846067841335298
0.4258842339114755,29.992852919781626,21.844516405149136
0.38947177558066637,29.998628286862584,21.84374215665531
0.3876016143973673,30.00068967253469,21.84412928063483
0.4370763606970839,29.999039936451425,21.842190733344694
0.4681681885317374,29.998628286862584,21.842190733344694
0.4580898520643449,29.998628286862584,21.841413558543195
0.42578579714912196,29.998213520648335,21.842964977553095
0.42173394934070213,29.997801874894606,21.841026438313634
0.4378669077929638,29.998213520648335,21.840639318618287
0.42816968884684237,29.999039936451425,21.840249266738397
0.4281763865652855,29.99656383061665,21.83986214811557
0.4303807950487123,29.9953258036154,21.840249266738397
0.4315592249650839,29.997801874894606,21.840249266738397
0.4255633784605394,29.996975470625557,21.838697862748916
0.4058949947565007,29.99656383061665,21.840249266738397
0.39428405206909034,29.99615219251774,21.841413558543195
0.39395333274737115,29.99615219251774,21.841026438313634
0.38206091711407303,30.005639064932268,21.842190733344694
0.3639936726779471,29.994090912279376,21.841413558543195
0.36508231335021224,29.994914171260405,21.842190733344694
0.3978930057557351,29.994090912279376,21.842577855181617
0.4145526321463845,29.99574055632877,21.843352100459185
0.4263926098092287,29.993676167276874,21.84374215665531
0.44265208042780463,29.994914171260405,21.844516405149136
0.4157470219690227,29.993676167276874,21.845293588554
0.43746578569133643,29.993676167276874,21.845680714677144
0.44028729491701124,29.99243818056516,21.8468450290448
0.4137509569788676,29.99243818056516,21.847619286115446
0.4201369895020435,29.991203329412315,21.84800934825381
0.42431333801347815,29.990376986595038,21.849173672305767
0.42676057113294436,29.992026561605144,21.84878360854475
0.45997536851561727,30.00068967253469,21.84878360854475
0.4739324291686649,29.96522242527095,21.84800934825381
0.4412541636060939,29.997801874894606,21.847619286115446
0.40702862237635407,29.980065498725764,21.8468450290448
0.40461309734400924,29.989139045901993,21.847232157312476
0.4285145400359543,29.989139045901993,21.8468450290448
0.4392826768404525,29.988727442241668,21.846067841335298
0.4323833398144814,29.990376986595038,21.844516405149136
0.4303561235568036,29.988727442241668,21.84412928063483
0.4451840839485902,29.988727442241668,21.842577855181617
0.47160503344005644,29.988315840489804,21.843352100459185
0.485924388725402,29.987904240646344,21.842190733344694
0.4811018997391785,29.98748952455236,21.841026438313634
0.4668130815791123,29.98748952455236,21.84180067930714
0.47596961056452974,29.979653937120986,21.84180067930714
0.49381953619114693,29.987904240646344,21.842190733344694
0.4773081693058583,29.987904240646344,21.842577855181617
0.4408906049313607,29.98748952455236,21.842964977553095
0.41990741793982084,29.987904240646344,21.84374215665531
0.41022564203237355,29.986666334435768,21.84374215665531
0.398671398100295,29.987077928539975,21.84374215665531
0.39105882991775054,29.986666334435768,21.844906462965866
0.4088087391393149,29.988315840489804,21.846067841335298
0.4274466306631503,29.987077928539975,21.844516405149136
0.4194454504779739,29.987904240646344,21.84800934825381
0.40315727778100957,29.975117532125182,21.847619286115446
0.4043836865383027,29.986666334435768,21.847232157312476
0.40885023478825133,29.986251624124236,21.845293588554
0.3992805694006358,29.98377899307161,21.850335068377944
0.39547421872426763,29.98748952455236,21.85149940210863
0.4226496657058088,29.987904240646344,21.85227660490392
0.45585923045836857,29.98748952455236,21.854215222047912
0.4486052704371252,29.988315840489804,21.856153852641967
0.428431321489915,29.988727442241668,21.856543926687152
0.421821743004632,29.988727442241668,21.85731821061671
0.4260005131401614,29.988315840489804,21.859646941136646
0.41296535738715234,29.989139045901993,21.8615856094562
0.40692669433391615,29.989139045901993,21.86274999009936
0.4172586395224153,29.988315840489804,21.864301527532916
0.4284272332221001,29.97924237742302,21.86585307360656
0.4269378384035742,29.991614944554215,21.86740462832421
0.42663779175211924,29.98955376970224,21.868956191689733
0.43435241250748,29.98955376970224,21.870507763707053
0.44442145741285405,29.989965377194267,21.871672181662404
0.448298160626131,29.990376986595038,21.87438819816657
0.4314033196025943,29.99243818056516,21.87671707147507
0.39312071823764316,29.991614944554215,21.877491411511528
0.37183822979737496,29.991203329412315,21.879433137316028
0.38476385725401746,29.991614944554215,21.880207484931532
0.4204271367367679,29.991203329412315,21.88175911980403
0.42720004376722953,29.992026561605144,21.884475235025604
0.3870014486677884,29.981303312923046,21.886414076542167
0.36437605193191747,29.993264542574593,21.888355864861126
0.3685708912249077,29.992852919781626,21.889907545381448
0.37735997780356445,29.99574055632877,21.89107204479751
0.3729412471430188,29.992852919781626,21.89339812506529
0.3756448081042781,29.99656383061665,21.894949833886244
0.3898144437951271,29.9953258036154,21.895727158217312
0.39415774210881277,29.99656383061665,21.89805327768454
0.386448065093125,29.99615219251774,21.901159689745327
0.39123503887391575,29.9953258036154,21.90193409820074
0.4117660281480756,29.99656383061665,21.90426320341055
0.40732253993255485,29.996975470625557,21.905427763399132
0.38888013371904295,29.99574055632877,21.907366752039707
0.382322723154754,29.997801874894606,21.908141177945993
0.39734306264839975,30.01058873365662,21.91163492192038
0.3992687027793334,29.999039936451425,21.91163492192038
0.3747797317413596,29.999451587950716,21.913573954315552
0.36546399139999075,29.986251624124236,21.914738553723055
0.37329995295328794,29.999863241360515,21.91629038277358
0.386892956249153,29.999863241360515,21.91784222059556
0.3881660349504952,30.000278015289155,21.919006838108487
0.3906598110331141,30.00068967253469,21.920171460565427
0.3986226189357379,30.001101331691018,21.92249778672891
0.4015680928502278,30.00068967253469,21.92288795433649
0.3921594741512865,29.999863241360515,21.924439829492997
0.37839206056854235,30.002751106120513,21.92676619189666
0.3635590450821728,30.015953526128385,21.92676619189666
0.35959640872704024,30.001927774402418,21.92676619189666
0.37499535104123716,30.002339439305956,21.928708264932766
0.40264932687889865,30.002751106120513,21.92986999496941
0.41200492638182995,30.018015314767695,21.927930847335062
0.40371030061627344,30.003162774846203,21.931034663621006
0.4123342927924366,30.000278015289155,21.932199337233726
0.4244450793598486,30.001927774402418,21.93064741807808
0.41560104616979726,30.002751106120513,21.933751265200897
0.39272483345655684,30.01058873365662,21.934138515141512
0.4092970833819447,30.002751106120513,21.935303201983572
0.45074348649803864,30.001927774402418,21.935303201983572
0.463446988271221,30.003162774846203,21.935693387854997
0.4442135338218955,30.002751106120513,21.9376325905709
0.4234095324228675,30.002339439305956,21.937245335675073
0.4356762487624481,30.003577564207433,21.9376325905709
0.46365338213748075,30.001101331691018,21.938019846016232
0.4851459580131413,30.001927774402418,21.938797292319407
0.5082816939583562,30.002339439305956,21.93957180706593
0.5164164787633848,30.002751106120513,21.93995906526385
0.4997329949959016,30.003162774846203,21.93957180706593
0.474398203495256,30.001927774402418,21.940349257792093
0.4726959418714734,29.994502540815063,21.94190123209694
0.48078744676543866,30.002751106120513,21.942288493603257
0.4632856605632098,30.003162774846203,21.943453215237867
0.4351174788320989,30.003162774846203,21.943840478949653
0.41737626006994494,29.996975470625557,21.94422774321191
0.42697962401265566,30.002339439305956,21.9450052072188
0.4485355383859899,30.003162774846203,21.9465572080436
0.461457127553551,30.003162774846203,21.94616994046885
0.4673421031611421,30.018841915218616,21.947334678701623
0.46572410015630206,30.002751106120513,21.94888669280806
0.45561570745563235,29.999039936451425,21.94888669280806
0.4468644623440056,30.001512992758137,21.95004850878422
0.435882805954442,30.001512992758137,21.951213263620957
0.4159089381925155,30.002339439305956,21.95237802344758
0.4052183127855963,30.003577564207433,21.95393006633884
0.41993865069690256,30.001927774402418,21.95587233288279
0.4394820937494476,30.002751106120513,21.9581989635127
0.43452955764780915,29.999863241360515,21.95897646747602
0.4157856152770427,30.001927774402418,21.958586248227277
0.42226498818739816,30.002339439305956,21.960528548089542
0.4380677284989032,30.002339439305956,21.960528548089542
0.4198148562112933,30.003577564207433,21.96751448787296
0.40215691249270963,30.01719184123442,21.96790178590078
0.4355340996024992,30.002339439305956,21.969453917650185
0.46120953498626316,30.004400911244204,21.971393361332105
0.44179644696743514,30.002751106120513,21.97333575306334
0.43639836284561706,30.003162774846203,21.974887916008356
0.4481052118569233,30.005227384709087,21.976052777611926
0.44376051229356633,30.003162774846203,21.97837958170436
0.4322952416826556,30.003577564207433,21.97993177364765
0.43707953709202296,30.003577564207433,21.982648864603448
0.43608414868581286,30.01223868466076,21.984588403086434
0.43751345007761383,29.975117532125182,21.986530889814276
0.44299746566324866,30.005639064932268,21.987695801718758
0.4377386803602382,30.005227384709087,21.988470456254788
0.4197801067119952,30.00398923677011,21.9908003018989
0.4129047390995052,30.005639064932268,21.99235256542653
0.4329012867399111,30.00605074706715,21.993904837917682
0.43764109314585553,30.005639064932268,21.99623473066299
0.40571133078700966,30.006465549939605,21.99739675021641
0.36716426884669395,30.00605074706715,21.999339329491818
0.357809544721571,30.00605074706715,22.00166633496457
0.38392723442034893,30.00605074706715,22.002831312502735
0.42134582262218634,30.005639064932268,22.005935987701093
0.42972482336551393,30.005227384709087,22.007100983804264
0.40808488432129303,29.991614944554215,22.009430991220313
0.40616442480749815,30.016776988149672,22.01175808437057
0.42422458192871143,30.00770061359424,22.01408813235571
0.4127366143812227,30.005227384709087,22.016805569147436
0.431903127545348,30.002339439305956,22.019910406589474
0.4537144012889739,30.006465549939605,22.021462838858383
0.428268102247068,30.012653516494765,22.02379297155204
0.40745402365566236,30.00811542418711,22.02573280788505
0.4220739265133124,30.006465549939605,22.028837749302454
0.41804733567125973,30.007288923797375,22.030777622389508
0.38353354708374754,30.005639064932268,22.033885557476935
0.38286193571442395,30.00481570639755,22.033885557476935
0.40611286494252724,30.005639064932268,22.03893052666575
0.41423077501517536,30.005227384709087,22.040870473437565
0.423532523202246,30.002339439305956,22.04320077621287
0.4369431315591942,30.00398923677011,22.0459185103623
0.449320214811555,30.00811542418711,22.048636272392343
0.4569168758598947,30.00398923677011,22.04941110382657
0.4700398780617202,30.002339439305956,22.052128901716912
0.47918730084146666,30.004400911244204,22.054846727536017
0.4741962067227668,30.00893881337049,22.05756458130486
0.4701240994258021,29.9973902310511,22.05950466465623
0.47601164840870913,30.003162774846203,22.06144769737307
0.4716360767062642,30.003577564207433,22.064553057321802
0.44531512995081823,30.00398923677011,22.066493192075257
0.4260019749453412,30.002339439305956,22.068823720789965
0.42124991298575876,30.003162774846203,22.071151334919875
0.4272156641183088,30.002751106120513,22.071541718624644
0.4438929759062257,30.002339439305956,22.073094453530814
0.45972937868289504,30.002751106120513,22.075034651241708
0.4388157385478246,30.002339439305956,22.07581249549503
0.4249519120745767,30.001927774402418,22.07736525562609
0.44191210015418386,30.001512992758137,22.079305484871384
0.43619056239585285,30.001927774402418,22.080470803427488
0.392480606358244,29.992852919781626,22.081245728454803
0.3824481090196944,30.001512992758137,22.082023591105724
0.42085787184952156,30.001512992758137,22.0831889217323
0.4685048322491605,30.00068967253469,22.08396385478852
0.47191903132044494,30.001927774402418,22.084354257536575
0.4610083377449686,30.001927774402418,22.08396385478852
0.46153537965228564,30.00068967253469,22.084354257536575
0.44901844027184407,30.000278015289155,22.085516663145995
0.43636927192389074,29.99243818056516,22.08629453846561
0.4479394460706813,30.001927774402418,22.087459888076523
0.46686669057757857,29.998628286862584,22.088625242871217
0.46014589597995825,30.002339439305956,22.090953032583343
0.44776708693730205,29.9973902310511,22.092118402926246
0.447667491594128,30.00605074706715,22.096389514938835
0.4630776030095617,30.00068967253469,22.096002029734223
0.48380156447275624,30.00068967253469,22.097554909509142
0.502249870535051,29.999863241360515,22.097942397016368
0.4924902445792809,29.999451587950716,22.098329885098394
0.46951585175137717,30.001927774402418,22.099107798513558
0.4573720422547422,29.999863241360515,22.099495288324476
0.46190601096047684,30.001101331691018,22.099882778710366
0.460583587299637,29.999863241360515,22.099495288324476
0.4602239823709084,29.998628286862584,22.101435681557746
0.47296475826133527,29.999451587950716,22.100273205211067
0.4810403913318761,30.00068967253469,22.100273205211067
0.4773500504564735,29.9973902310511,22.100660696751447
0.47972230322079046,29.998213520648335,22.100660696751447
0.4887865650970261,29.996975470625557,22.100660696751447
0.48308219779744493,29.997801874894606,22.10104818886697
0.4761805151264592,29.992026561605144,22.101826110380955
0.4942599666435432,29.997801874894606,22.101435681557746
0.5241094218789359,29.999863241360515,22.101435681557746
0.5120229344832786,29.996975470625557,22.101826110380955
0.4810953730243607,29.9973902310511,22.102213604226677
0.4744475902187515,29.99656383061665,22.102991529214762
0.496069896227898,29.99656383061665,22.102991529214762
0.4804974974944834,29.998213520648335,22.104154017670965
0.43405197100089576,29.996975470625557,22.10454445056223
0.4291448141154827,29.99615219251774,22.105706945940312
0.45578705413219056,29.991614944554215,22.10609738115687
0.47377196958235107,29.9973902310511,22.10609738115687
0.4773218004684934,29.993264542574593,22.10765032100261
0.4773294910143063,29.9953258036154,22.108425326580118
0.47271597125324255,29.99615219251774,22.108425326580118
0.4690899050650553,29.991614944554215,22.109590774914068
0.4737531438812108,29.99574055632877,22.11075622846323
0.47355469198837014,29.996975470625557,22.111531243283252
0.46449531546711215,29.997801874894606,22.113474661806322
0.4663355435185055,29.996975470625557,22.115027645652958
0.46988233526649886,29.9973902310511,22.116193123553387
0.46816217771127655,29.973879804105934,22.116968154570884
0.47495292367278036,29.998628286862584,22.118521159284512
0.4737484728882833,29.998628286862584,22.117355670946154
0.44475709474666736,29.998213520648335,22.116580638773314
0.4386328115591213,29.999039936451425,22.116580638773314
0.4611010595512986,29.999451587950716,22.116193123553387
0.4788134801477648,30.000278015289155,22.113862172975587
0.47685341595527564,29.999039936451425,22.11269670551951
0.46133906717709433,30.000278015289155,22.11075622846323
0.44602808436637637,30.000278015289155,22.110368721918405
0.42043815708172616,29.99078859790461,22.108037823503253
0.39929010045326596,30.001512992758137,22.10609738115687
0.4084335234267966,30.001512992758137,22.104154017670965
0.44460724720426664,30.000278015289155,22.101826110380955
0.45293789852924676,30.003162774846203,22.100273205211067
0.4208395620373894,30.001927774402418,22.098329885098394
0.3956037682489016,30.003162774846203,22.096777000717964
0.4042535316858057,30.008527117822723,22.09483664208784
0.4083642933029185,30.003162774846203,22.094058741386107
0.3840761534484765,30.00481570639755,22.092896297857294
0.3877829376111519,30.00398923677011,22.092505882376372
0.4221407299451572,30.005227384709087,22.092505882376372
0.43945699897811497,30.00481570639755,22.093671259635755
0.4350690594335957,30.014715228332193,22.093283778459522
0.42258681821936844,30.005639064932268,22.093671259635755
0.4146354768670962,30.00605074706715,22.092505882376372
0.4199436804413298,30.006877235912498,22.093283778459522
0.43337877999887864,30.005639064932268,22.092896297857294
0.43354248918250515,30.02255391424694,22.093671259635755
0.4094771643645876,30.00770061359424,22.094058741386107
0.4206865763177021,30.00811542418711,22.094449159184876
0.4548359994444833,30.025030746375478,22.09522412556504
0.46333553915911124,30.008527117822723,22.095611609616526
0.47166825327917794,30.009765329145125,22.096389514938835
0.4702814372557314,30.008527117822723,22.094449159184876
0.4427727011219465,30.009353629758095,22.093283778459522
0.430547110358743,30.00770061359424,22.092505882376372
0.4277678879536511,30.009353629758095,22.091730924049955
0.40734439391502825,30.009765329145125,22.090565555432477
0.3829140933982944,30.01058873365662,22.090953032583343
0.39493278565636464,30.01058873365662,22.089012717150524
0.42759636694287356,30.010177030444595,22.08784736063194
0.43879720628234814,30.00770061359424,22.087072416094202
0.4368254163928456,30.02750452823858,22.08629453846561
0.44818516833364336,30.006877235912498,22.085129194036824
0.45513062573729157,30.011826973783286,22.080858265655138
0.43660942726354607,29.99078859790461,22.08241105562621
0.42851031538013457,30.011826973783286,22.080858265655138
0.45636692779850785,30.00811542418711,22.079305484871384
0.4668919864254399,29.987077928539975,22.078140171487405
0.4374015195816859,30.01223868466076,22.076587406776298
0.42929253335593504,30.006465549939605,22.075422105449945
0.45030498823217097,30.025442518636055,22.07425974453855
0.4609402641386775,30.01347694784363,22.073094453530814
0.4468237865543634,30.013065231212636,22.07270700275268
0.4250912536476707,30.014715228332193,22.072316617318677
0.4053691654625537,30.01347694784363,22.070376439657707
0.4069338301668181,30.025030746375478,22.07076388700358
0.4349046416831731,29.987904240646344,22.069598611480842
0.44754642371415504,30.018841915218616,22.06998899288226
0.4375153824313309,30.01430350594694,22.068436276299735
0.42545906558825525,30.011826973783286,22.06804589720059
0.4297960901541485,30.01347694784363,22.068436276299735
0.4272266705223344,30.025854292812028,22.068436276299735
0.41048202133340084,29.999451587950716,22.066883568873095
0.39295096035451,30.015953526128385,22.067658453854847
0.4129024060379505,30.01430350594694,22.066883568873095
0.43908716701444017,30.0138886663878,22.067271011079015
0.43739615842569424,30.015126952630794,22.066883568873095
0.4136852591015735,30.014715228332193,22.066493192075257
0.39744358944891944,30.0138886663878,22.066883568873095
0.370564508138453,30.01430350594694,22.066493192075257
0.3488115335496664,30.01430350594694,22.067271011079015
0.36346005782931423,30.01554179798819,22.067271011079015
0.3891804764560092,30.0138886663878,22.066493192075257
0.38397640548431383,30.015126952630794,22.06804589720059
0.3632038660580013,30.001512992758137,22.068436276299735
0.36620957590192893,30.024615856565276,22.069211165850277
0.393931200512168,30.01430350594694,22.066493192075257
0.4031532798566178,30.012653516494765,22.071541718624644
0.40897304753656233,30.01058873365662,22.072316617318677
0.4250974457310421,30.01223868466076,22.07270700275268
0.45013547263573284,30.012653516494765,22.074647197604577
0.44861853759098197,30.011826973783286,22.07581249549503
0.43980853444736323,29.98460215641967,22.076199950850025
0.43977691776563127,30.001927774402418,22.076587406776298
0.4439425073948251,30.011826973783286,22.077752713270968
0.4354702468826612,29.986666334435768,22.079305484871384
0.4167914996585857,30.011415264818652,22.080083341771797
0.4042521420010054,30.011415264818652,22.080858265655138
0.40051113018632856,30.01058873365662,22.081636127157367
0.42578795937200786,30.011415264818652,22.083576387974176
0.4405264044982017,30.010177030444595,22.084741725500407
0.4258460060924368,30.010177030444595,22.085516663145995
0.3952244821705899,30.011826973783286,22.087072416094202
0.41246648331450997,30.008527117822723,22.087459888076523
0.4408541471087161,30.008527117822723,22.08784736063194
0.4381369112251861,29.99243818056516,22.088234833760453
0.4031236311197963,30.00811542418711,22.089012717150524
0.38561767549521003,30.00770061359424,22.090953032583343
0.400718306772764,30.006877235912498,22.08978766742922
0.40748509907910135,30.02255391424694,22.090953032583343
0.40891104702348857,30.006877235912498,22.091340510307873
0.4190521956918751,30.006465549939605,22.090565555432477
0.43511887946734107,30.005639064932268,22.090565555432477
0.4299168709083246,30.005227384709087,22.090565555432477
0.4132968319690851,30.005227384709087,22.091340510307873
0.4189697389439121,30.005227384709087,22.08978766742922
0.42661163879547254,30.00398923677011,22.090953032583343
0.4147324172573481,30.005227384709087,22.090953032583343
0.40771296009560515,29.999863241360515,22.091340510307873
0.42452517277297336,30.00068967253469,22.090565555432477
0.4366577909992482,30.001101331691018,22.090953032583343
0.4273533822953568,29.9973902310511,22.090565555432477
0.4107126245183984,30.001927774402418,22.090178078855104
0.4139982005655934,29.999863241360515,22.091730924049955
0.41805245093231286,29.999863241360515,22.090178078855104
0.40342523709716416,29.994502540815063,22.08978766742922
0.3818988862681897,30.009765329145125,22.090565555432477
0.35796467981945385,29.99656383061665,22.08978766742922
0.3457644253165734,29.996975470625557,22.089400192003154
0.35736946268339903,29.996975470625557,22.088625242871217
0.3869009787179108,30.00811542418711,22.089012717150524
0.4163472830729376,29.99574055632877,22.090178078855104
0.4259049010762174,29.994502540815063,22.088625242871217
0.4298663211795959,29.994502540815063,22.088234833760453
0.42629531297313916,29.993676167276874,22.08784736063194
0.40258363625664145,29.992852919781626,22.088625242871217
0.37433922712125345,30.007288923797375,22.088234833760453
0.3926033105552821,29.991614944554215,22.088625242871217
0.43063484304327826,29.992852919781626,22.088234833760453
0.43913220257182195,29.961509706147922,22.089400192003154
0.40908026001846165,29.99078859790461,22.088234833760453
0.39130136442668284,29.98955376970224,22.087459888076523
0.4147757058630965,29.996975470625557,22.088234833760453
0.43512454520105515,29.99078859790461,22.087072416094202
0.42481869257421173,29.987077928539975,22.08668200929759
0.4200104719025677,29.986251624124236,22.087072416094202
0.4384595311219489,29.989965377194267,22.08629453846561
0.4441198299856959,29.985016859027155,22.085129194036824
0.4497065177659629,29.985016859027155,22.085129194036824
0.4452709837367313,29.984190573791807,22.084354257536575
0.4225642435823751,29.98377899307161,22.084354257536575
0.4075402800127569,29.990376986595038,22.085129194036824
0.4311023922234231,29.985428445484956,22.084741725500407
0.45870437426214217,29.980065498725764,22.084741725500407
0.46234821870049503,29.981714882170138,22.084354257536575
0.4569856826376418,29.98212957129499,22.084354257536575
0.4587595307497444,29.98254114437094,22.084741725500407
0.46678415994500416,29.981303312923046,22.084354257536575
0.4682608218081505,29.98212957129499,22.085516663145995
0.4659015532794259,29.980891745582994,22.085907068206495
0.46166038886174005,29.97594373296687,22.085907068206495
0.4517601461815469,29.98048018015004,22.085129194036824
0.4469764003072218,29.980065498725764,22.08668200929759
0.4395467147130696,29.979653937120986,22.08668200929759
0.4171558824575475,29.989139045901993,22.08784736063194
0.4041093299050319,29.979653937120986,22.088234833760453
0.4183135460621897,29.979653937120986,22.089012717150524
0.4319833896647457,29.979653937120986,22.089012717150524
0.4154154547357221,29.96769454000122,22.089400192003154
0.39239721582444065,29.994914171260405,22.090178078855104
0.4088857686282813,29.98048018015004,22.088234833760453
0.42488537491598416,29.993676167276874,22.091730924049955
0.4172480164419372,29.97924237742302,22.092118402926246
0.40491677907651524,29.98254114437094,22.092896297857294
0.42208849757982964,29.979653937120986,22.093283778459522
0.4324404504044025,29.979653937120986,22.094449159184876
0.39568307245485346,29.980065498725764,22.096002029734223
0.3931493830450654,29.98048018015004,22.097554909509142
0.42840545838060384,29.97924237742302,22.099495288324476
0.4444544488481872,29.985428445484956,22.100660696751447
0.4412499860137046,29.979653937120986,22.102213604226677
0.4333293516147125,29.981714882170138,22.10454445056223
0.42703469548074174,29.983367414258964,22.10454445056223
0.4386511366061873,29.981714882170138,22.105706945940312
0.4681209332709555,29.98955376970224,22.10687238211608
0.4750342198544858,29.981714882170138,22.108037823503253
0.4516281196956744,29.981714882170138,22.108815765869394
0.43275898021765513,29.98212957129499,22.10997828030122
0.43295487893581347,29.983367414258964,22.111143735584847
0.451976427595428,29.953676408303295,22.111921687229426
0.47395177626954116,29.98212957129499,22.11269670551951
0.48826105741982406,29.984190573791807,22.11424968472204
0.48778003709794154,29.984190573791807,22.115415159135864
0.47764050965830007,29.983367414258964,22.113087151214245
0.46695367389946746,29.98377899307161,22.116193123553387
0.4602219652667278,29.987904240646344,22.117746123635982
0.42577691275504886,29.98460215641967,22.116580638773314
0.39247623803053716,29.984190573791807,22.116193123553387
0.3834417140510227,29.986666334435768,22.115415159135864
0.41179677993304176,29.985428445484956,22.115027645652958
0.4362300760283645,29.986251624124236,22.113087151214245
0.43273242617518787,29.969343693847804,22.11269670551951
0.43008775365599033,29.986666334435768,22.11230919608596
0.4475698410166659,29.985428445484956,22.111921687229426
0.44896019808837784,29.987077928539975,22.111531243283252
0.42560340695925875,29.987077928539975,22.11075622846323
0.40472042473620673,29.98748952455236,22.111531243283252
0.4223312160177591,29.98748952455236,22.111143735584847
0.4503097294335107,29.988727442241668,22.111531243283252
0.44539773526644133,29.989139045901993,22.111143735584847
0.4314043464681171,29.989965377194267,22.110368721918405
0.42896003798563714,29.988315840489804,22.108425326580118
0.4257147791402386,29.990376986595038,22.110368721918405
0.4104661384252409,29.991203329412315,22.110368721918405
0.3924920652200048,29.99078859790461,22.111531243283252
0.388072229494046,29.989965377194267,22.108815765869394
0.3848190689732,29.990376986595038,22.111143735584847
0.3829544603337885,29.98955376970224,22.111531243283252
0.38579716559934724,29.991203329412315,22.111921687229426
0.3843275116097021,29.99243818056516,22.11230919608596
0.3792626399577324,29.993676167276874,22.11075622846323
0.3865433120103898,29.99243818056516,22.11269670551951
0.41489960427660916,29.99243818056516,22.11269670551951
0.4438645653893643,29.992852919781626,22.11424968472204
0.44203097940547553,29.993264542574593,22.11424968472204
0.42711063161839685,29.99243818056516,22.113862172975587
0.4279746584407703,29.994090912279376,22.115027645652958
0.4449963459495358,29.994502540815063,22.115027645652958
0.41797871759051475,29.9953258036154,22.1158026731963
0.37933018297321364,29.992852919781626,22.115027645652958
0.374092889049024,29.99615219251774,22.11424968472204
0.40779275347087124,29.994090912279376,22.114640132747468
0.4432014183405347,29.98212957129499,22.113474661806322
0.42384205270565667,29.988315840489804,22.11269670551951
0.40858092136123164,29.999451587950716,22.11230919608596
0.4194491839903043,29.99656383061665,22.11075622846323
0.4265287260840618,29.997801874894606,22.109590774914068
0.41306288063317015,29.99615219251774,22.108815765869394
0.392363367410684,29.996975470625557,22.10765032100261
0.3990132534559899,29.9973902310511,22.10609738115687
0.40872000430086897,29.99615219251774,22.10493194844571
0.398266788510356,29.9973902310511,22.10376652094328
0.38103684492424644,29.998628286862584,22.101435681557746
0.3779555782619155,29.994914171260405,22.10104818886697
0.38682825357656764,30.004400911244204,22.099495288324476
0.39471791947321766,29.997801874894606,22.09716448707161
0.4010497778951967,30.010177030444595,22.09716448707161
0.4118686212153578,29.998628286862584,22.09483664208784
0.41526430470774395,29.999451587950716,22.093283778459522
0.41611877003850173,29.9973902310511,22.091730924049955
0.41964864408462044,29.999039936451425,22.091340510307873
0.4145783060348165,29.999039936451425,22.08978766742922
0.3980866073734589,30.001101331691018,22.088234833760453
0.4034210349529259,29.999039936451425,22.08629453846561
0.4236903574505922,30.000278015289155,22.085129194036824
0.43283199338380346,29.985016859027155,22.085516663145995
0.4259466687120738,30.000278015289155,22.0831889217323
0.4217157606688491,30.000278015289155,22.082801456062782
0.4273405372049555,30.00068967253469,22.0831889217323
0.42608896696695214,30.001101331691018,22.080858265655138
0.4268591519144658,30.001512992758137,22.080858265655138
0.4433814059703926,30.00068967253469,22.081636127157367
0.4697322643448863,29.999863241360515,22.080858265655138
0.4752382205250435,30.00068967253469,22.080470803427488
0.4694969330793705,30.001512992758137,22.080083341771797
0.4790284986538391,29.998213520648335,22.07969294537895
0.4746859246567544,30.001512992758137,22.078530565571498
0.4396733727968343,30.00068967253469,22.078140171487405
0.39112139847643496,30.001512992758137,22.07697779855266
0.39438727733638795,29.998213520648335,22.075422105449945
0.4409660064991992,30.001512992758137,22.074647197604577
0.4655536733726074,29.99574055632877,22.07270700275268
0.45135870041681475,30.001512992758137,22.071151334919875
0.42953484183397456,30.000278015289155,22.070376439657707
0.42528990206888695,30.003162774846203,22.068823720789965
0.4264160150759048,30.001927774402418,22.066883568873095
0.42112027971128363,30.001927774402418,22.06610575101331
0.41553177979457956,30.002751106120513,22.064553057321802
0.40962474012224576,30.001512992758137,22.063000372776344
0.3998404823597478,30.001927774402418,22.06261293684821
0.3982400622322585,30.001927774402418,22.061057328624372
0.41423598426305885,30.001927774402418,22.059895031108056
0.43163537116952005,30.001512992758137,22.059895031108056
0.44415869722005613,29.999451587950716,22.05795200982135
0.4616092749723249,30.000278015289155,22.059117233861286
0.4671476767292007,30.00068967253469,22.057177153356747
0.45113856806896,29.999039936451425,22.05601193787686
0.4375086391164672,30.00068967253469,22.056399364115975
0.444917708568242,29.998628286862584,22.055234152066532
0.46476036755945277,29.999039936451425,22.054846727536017
0.4656327474273731,29.999451587950716,22.054459303573367
0.4534841495320698,30.011826973783286,22.053681522332397
0.4564997900983932,30.00068967253469,22.053681522332397
0.46188280099490453,29.996975470625557,22.053681522332397
0.4534901954804064,29.997801874894606,22.05407188017864
0.4395234965069626,30.013065231212636,22.054846727536017
0.4466813851316203,29.97058135870037,22.054846727536017
0.4491055816464905,29.999039936451425,22.055234152066532
0.4341643387071508,29.998213520648335,22.055624512205895
0.4134942734895344,29.998213520648335,22.05601193787686
0.41444757248112785,29.998213520648335,22.05756458130486
0.41952668293526446,29.999039936451425,22.057177153356747
0.3972565595649888,29.997801874894606,22.05756458130486
0.3768777372457064,29.999451587950716,22.058729803635003
0.38884060661126035,29.999039936451425,22.058729803635003
0.4246894432202157,30.003577564207433,22.05950466465623
0.43815118882292325,30.002339439305956,22.060282463044643
0.4203515665702764,29.99243818056516,22.06144769737307
0.4089693409563464,29.998628286862584,22.062222566375112
0.4233215451849368,29.996975470625557,22.06261293684821
0.4392267791685312,29.999451587950716,22.0637752463403
0.44137124424390245,29.998628286862584,22.0637752463403
0.4336244034752497,29.999039936451425,22.064940496100917
0.4272043611670571,29.998628286862584,22.066493192075257
0.4302909223132254,29.999863241360515,22.067271011079015
0.4476230121089426,29.999039936451425,22.068436276299735
0.45221948354169544,29.999451587950716,22.069598611480842
0.4285945770748794,30.001101331691018,22.07076388700358
0.40495983485476333,29.999039936451425,22.071541718624644
0.39969895661172283,29.997801874894606,22.071541718624644
0.41784730790280006,30.00068967253469,22.073481904879714
0.4265349322979698,29.999863241360515,22.074647197604577
0.4184472737918612,29.998628286862584,22.07581249549503
0.41398701276639766,29.999451587950716,22.076587406776298
0.4087640683464695,29.998213520648335,22.078140171487405
0.3886786799122436,30.001101331691018,22.078918024935547
0.3775107656491124,30.00068967253469,22.07969294537895
0.4095900630772395,30.00068967253469,22.08241105562621
0.44940322686848133,30.00068967253469,22.0831889217323
0.46150871413253797,30.001512992758137,22.084741725500407
0.44879309349126045,30.000278015289155,22.087072416094202
0.436486677758569,30.001512992758137,22.087072416094202
0.4305457932556091,30.002339439305956,22.088625242871217
0.4126925726714412,30.001101331691018,22.088234833760453
0.392170170615631,30.002751106120513,22.091730924049955
0.4008897618311848,30.002339439305956,22.092505882376372
0.4177415957093247,30.001927774402418,22.092505882376372
0.41104113201723463,30.003162774846203,22.09483664208784
0.3928760642751367,30.00481570639755,22.092505882376372
0.40049703140405096,30.003162774846203,22.098329885098394
0.4315096585870068,30.003577564207433,22.098720309277553
0.43737990427785844,30.00481570639755,22.098720309277553
0.4253423743381809,30.00398923677011,22.099882778710366
0.42072875373043067,30.00398923677011,22.10104818886697
0.4369346922411175,30.00481570639755,22.10104818886697
0.45401269049760473,30.00605074706715,22.102601098647824
0.4567886285763298,30.005227384709087,22.102213604226677
0.45041392456069124,30.008527117822723,22.102601098647824
0.4400401537664689,30.00605074706715,22.102601098647824
0.43688023280376403,29.999039936451425,22.102213604226677
0.43694536206515205,30.009353629758095,22.101826110380955
0.42170278679351864,30.00605074706715,22.101435681557746
0.3781835899395402,30.006465549939605,22.101435681557746
0.3596972343278531,30.00605074706715,22.100660696751447
0.38490091811012717,30.006465549939605,22.100273205211067
0.41602779609477153,30.022142155421193,22.100273205211067
0.4307175659779301,30.019665404093757,22.100273205211067
0.42406013083681354,30.008527117822723,22.099495288324476
0.4266226226833415,30.006877235912498,22.09716448707161
0.4395420219024794,30.007288923797375,22.096389514938835
0.4339721218223358,30.00811542418711,22.096002029734223
0.416996160685124,30.018841915218616,22.09522412556504
0.4132944526250946,30.008527117822723,22.093283778459522
0.4133513052437436,30.00811542418711,22.092118402926246
0.3989165962549182,30.00770061359424,22.090565555432477
0.3811381680881436,30.007288923797375,22.089400192003154
0.3884887256652284,30.007288923797375,22.088234833760453
0.408695544050467,30.023380557064513,22.087072416094202
0.4055442879245522,30.00893881337049,22.085516663145995
0.3826658392979592,30.00811542418711,22.084354257536575
0.3780186921886378,30.00811542418711,22.084741725500407
0.3918097451859685,30.008527117822723,22.0831889217323
0.3913645213468099,30.00068967253469,22.081636127157367
0.3792739453061167,30.015126952630794,22.081636127157367
0.3756649758677843,30.00811542418711,22.078530565571498
0.3720980358723145,30.006877235912498,22.07969294537895
0.3573103736734983,30.009353629758095,22.078918024935547
0.34297347811675516,30.008527117822723,22.07581249549503
0.34995024499273825,30.016776988149672,22.07697779855266
0.3852433505711169,30.009353629758095,22.076199950850025
0.41542729036782056,30.014715228332193,22.07425974453855
0.42008166580475315,30.00893881337049,22.07425974453855
0.40589746281997857,30.008527117822723,22.07386935679949
0.3826662940126092,30.009765329145125,22.07386935679949
0.38064887860097013,30.010177030444595,22.074647197604577
0.40641985132319286,30.0110035577668,22.07425974453855
0.4267659205054075,30.009765329145125,22.073481904879714
0.41584080611864,30.009765329145125,22.073094453530814
0.3913837962563748,30.009353629758095,22.075034651241708
0.39897428541013075,30.01058873365662,22.073094453530814
0.4104690418208212,30.015126952630794,22.073481904879714
0.3955232990423584,30.009765329145125,22.07386935679949
0.3695217928329629,30.009353629758095,22.07386935679949
0.3743974118183752,30.009765329145125,22.07386935679949
0.40590384928605455,30.011826973783286,22.07425974453855
0.40875864467959033,30.025030746375478,22.07386935679949
0.39390863274649146,30.0110035577668,22.07386935679949
0.3820033488046808,30.01058873365662,22.07386935679949
0.3822242380682858,30.01058873365662,22.07425974453855
0.3770881085432722,30.009765329145125,22.07425974453855
0.37990065507934545,29.981303312923046,22.074647197604577
0.400120680754857,30.02173039851033,22.075422105449945
0.4186327809313345,30.01058873365662,22.075034651241708
0.41922441053080683,30.011415264818652,22.07697779855266
0.4131755202759685,30.011415264818652,22.07736525562609
0.43216848928991075,30.01058873365662,22.078140171487405
0.4549419660828685,30.011826973783286,22.080083341771797
0.44599082366031056,30.011826973783286,22.078530565571498
0.42938009651775616,30.00893881337049,22.081636127157367
0.42119995373148483,30.01058873365662,22.083576387974176
0.4260849209739308,30.01430350594694,22.084354257536575
0.436666308869932,30.011415264818652,22.08668200929759
0.4506537033434673,30.011826973783286,22.08668200929759
0.46280780993628073,30.01347694784363,22.088234833760453
0.46440592587320534,30.0110035577668,22.08978766742922
0.4586667532165652,30.012653516494765,22.090565555432477
0.4553556334336047,30.01058873365662,22.089400192003154
0.449550114540732,30.01058873365662,22.093283778459522
0.4367198965626425,30.01058873365662,22.094449159184876
0.4314666388840712,30.0110035577668,22.096002029734223
0.4456764786377237,30.010177030444595,22.09716448707161
0.4554206638975062,30.010177030444595,22.09716448707161
0.4442490102481223,30.009765329145125,22.096777000717964
0.43956903827985494,30.00893881337049,22.09716448707161
0.46614860223398985,30.009765329145125,22.096002029734223
0.49351321165005707,30.009765329145125,22.095611609616526
0.47518558509710673,30.01223868466076,22.094449159184876
0.42843702370792414,30.00893881337049,22.094058741386107
0.41271692236969193,30.008527117822723,22.093671259635755
0.43460835189763153,30.009353629758095,22.092505882376372
0.4623823077782634,29.994914171260405,22.091340510307873
0.46413683413960266,30.00811542418711,22.08978766742922
0.45757681680506335,30.020492019945948,22.08978766742922
0.45691562365311345,29.998213520648335,22.088625242871217
0.4447569985147344,30.00811542418711,22.08784736063194
0.43118987891327093,30.007288923797375,22.08668200929759
0.4339806077298939,30.00811542418711,22.085129194036824
0.4456949962391685,30.006877235912498,22.084354257536575
0.4510096057858285,30.00605074706715,22.082801456062782
0.44359569973437446,30.006877235912498,22.0831889217323
0.443034635692866,30.019253658699085,22.080470803427488
0.4503339975325359,30.006465549939605,22.079305484871384
0.4446328180074435,30.004400911244204,22.077752713270968
0.43255140759662325,30.005639064932268,22.07736525562609
0.42979168957629127,30.00481570639755,22.07697779855266
0.44406021626492453,30.009765329145125,22.07581249549503
0.4507403344909508,30.00398923677011,22.075422105449945
0.44233468944462306,30.00398923677011,22.074647197604577
0.420170450999761,30.003162774846203,22.07425974453855
0.3987964719675586,29.983367414258964,22.073481904879714
0.39967077748677066,30.00481570639755,22.07270700275268
0.4365043254639246,30.002339439305956,22.071929167686335
0.46083436644534514,30.002751106120513,22.07076388700358
0.45694887473860546,30.001101331691018,22.070376439657707
0.4474508199384428,29.993676167276874,22.071151334919875
0.44928711505553326,30.001512992758137,22.06998899288226
0.44669334729977317,30.006465549939605,22.069211165850277
0.41101223585823643,30.00068967253469,22.068436276299735
0.3860096648624005,30.001101331691018,22.067271011079015
0.3955463152709609,30.000278015289155,22.066883568873095
0.40008119646229695,30.00068967253469,22.066883568873095
0.3771902676444591,30.00068967253469,22.06571831052105
0.36819932639214453,29.999451587950716,22.06571831052105
0.39205769525163586,29.999039936451425,22.061835131589532
0.4336573168586974,29.985428445484956,22.06532793544966
0.4461829184024963,29.999039936451425,22.06532793544966
0.4330869357410991,29.9953258036154,22.064940496100917
0.4375683497004342,30.001512992758137,22.061057328624372
0.4554347224966575,30.001927774402418,22.064553057321802
0.4763907844481339,29.996975470625557,22.064165619112032
0.4839941167482874,29.99656383061665,22.064553057321802
0.4787513287849241,29.996975470625557,22.062222566375112
0.46056349700887256,29.99615219251774,22.063000372776344
0.4370685800029994,29.99656383061665,22.061835131589532
0.4389527177530291,29.99615219251774,22.061835131589532
0.45724796631740733,29.9656339200547,22.061057328624372
0.45382961890989504,29.9953258036154,22.060282463044643
0.44505218086825843,29.980891745582994,22.05950466465623
0.4532075309508575,29.994502540815063,22.058729803635003
0.4728121957825307,29.994502540815063,22.059117233861286
0.48428703744619717,29.994502540815063,22.058729803635003
0.48747523088101974,29.993676167276874,22.05756458130486
0.4747461915528245,29.993676167276874,22.05756458130486
0.4636350744258411,29.994502540815063,22.05795200982135
0.4826367726408396,30.00068967253469,22.053681522332397
0.5089102996080732,29.993264542574593,22.05756458130486
0.5165573543226973,30.010177030444595,22.05756458130486
0.5191644524470631,29.992852919781626,22.05834237397727
0.5424509059153617,29.993264542574593,22.058729803635003
0.5402123166680382,29.99243818056516,22.056399364115975
0.4987715368010114,30.006877235912498,22.060282463044643
0.46674352763073806,29.99243818056516,22.060669895550063
0.4932672750631323,29.993264542574593,22.061835131589532
0.509699135173698,29.992852919781626,22.062222566375112
0.49799540797163505,29.991614944554215,22.063387809273706
0.49671114103982544,29.992852919781626,22.064940496100917
0.49850992054309773,29.994914171260405,22.06610575101331
0.4710897261069109,30.00770061359424,22.067271011079015
0.44570646360360455,29.989139045901993,22.068823720789965
0.45170822772308955,29.991614944554215,22.07076388700358
0.46431387701812993,29.991614944554215,22.072316617318677
0.4581578584784337,29.998628286862584,22.07386935679949
0.4367297162876765,29.992026561605144,22.075422105449945
0.4208452212991482,29.98460215641967,22.07697779855266
0.417151973681005,29.992026561605144,22.078530565571498
0.43451586160008493,29.986666334435768,22.080083341771797
0.44818795208460016,30.00770061359424,22.08241105562621
0.4384723094380989,29.991614944554215,22.083576387974176
0.41358387899547533,29.992026561605144,22.084741725500407
0.4185504110310481,29.997801874894606,22.087072416094202
0.43516641801165656,29.99243818056516,22.088234833760453
0.4402014377663305,30.00811542418711,22.090565555432477
0.4481538337340206,29.980891745582994,22.091730924049955
0.456118145348002,29.991614944554215,22.094058741386107
0.46413650435272025,29.992026561605144,22.094058741386107
0.4831306645433313,29.993264542574593,22.094449159184876
0.5099392145109024,29.991614944554215,22.09522412556504
0.49916717885243495,29.998628286862584,22.09483664208784
0.4652408050838525,29.99243818056516,22.09483664208784
0.46966133856306114,29.99243818056516,22.094058741386107
0.503557058565713,29.99243818056516,22.094058741386107
0.5180704903501177,29.99243818056516,22.092505882376372
0.4951253381423801,29.99243818056516,22.091730924049955
0.4898344012971296,29.991614944554215,22.088234833760453
0.49979410414080333,29.992026561605144,22.089012717150524
0.4886219672306443,29.992026561605144,22.088234833760453
0.45461635744239864,30.002339439305956,22.08668200929759
0.4404974771309807,29.991614944554215,22.08396385478852
0.44838563898316164,29.99243818056516,22.082801456062782
0.4527297548736152,29.992852919781626,22.080083341771797
0.44273543385643277,29.99243818056516,22.080470803427488
0.4406202569672454,29.99243818056516,22.077752713270968
0.4473863986626268,29.991614944554215,22.076199950850025
0.4513883272674033,29.992852919781626,22.075422105449945
0.45279563908806786,29.993264542574593,22.075034651241708
0.45069767865069704,29.992026561605144,22.073481904879714
0.43800704112878774,30.00811542418711,22.073094453530814
0.4248332826058287,29.987904240646344,22.07270700275268
0.420649741838851,29.993264542574593,22.073481904879714
0.42664550624165914,29.9953258036154,22.073094453530814
0.4299103524998532,29.993264542574593,22.07270700275268
0.42843877931568985,29.992026561605144,22.071929167686335
0.435885808027543,29.994090912279376,22.071151334919875
0.4549060735953342,29.9973902310511,22.069211165850277
0.44945015198243266,29.992852919781626,22.068436276299735
0.4215642598253616,30.00398923677011,22.067658453854847
0.4039036173341378,30.00605074706715,22.06571831052105
0.41222624831983756,29.9953258036154,22.06571831052105
0.4237344517619517,29.993676167276874,22.064553057321802
0.4265320518077197,29.987904240646344,22.063000372776344
0.4240772199394,29.994502540815063,22.06261293684821
0.41776937596773234,29.994502540815063,22.060669895550063
0.39187214967834944,29.994502540815063,22.061835131589532
0.35132203278268437,29.994502540815063,22.061057328624372
0.36012205318068,29.994502540815063,22.062222566375112
0.4166946316733402,29.9953258036154,22.062222566375112
0.447264895103289,29.994914171260405,22.06144769737307
0.43311550170471197,29.994914171260405,22.062222566375112
0.4280923662766497,29.9953258036154,22.062222566375112
0.4496736961610113,29.99574055632877,22.062222566375112
0.45707732528163675,29.994502540815063,22.062222566375112
0.43514615255284567,29.992852919781626,22.060669895550063
0.40269622062021115,29.99656383061665,22.06144769737307
0.3914555279347028,29.996975470625557,22.063387809273706
0.39535587369928443,29.9953258036154,22.063387809273706
0.39815805286368455,29.99656383061665,22.0637752463403
0.40336336541380435,29.99656383061665,22.064553057321802
0.4072524833270484,29.98955376970224,22.064940496100917
0.4080047725300666,30.005227384709087,22.06571831052105
0.4125516286696857,29.996975470625557,22.066883568873095
0.41990579218436647,29.99615219251774,22.066883568873095
0.4170252569949497,29.996975470625557,22.068436276299735
0.4106148060392371,29.99656383061665,22.06804589720059
0.4145263121707972,29.9973902310511,22.069598611480842
0.4169593842193858,29.991203329412315,22.068823720789965
0.3984532461217386,29.997801874894606,22.06998899288226
0.3837547095431676,29.997801874894606,22.06998899288226
0.3894486193093598,29.998213520648335,22.069211165850277
0.41117790890778105,29.994502540815063,22.069598611480842
0.41790318717264374,29.99243818056516,22.070376439657707
0.40807430189139443,30.0138886663878,22.070376439657707
0.4117477597361257,29.997801874894606,22.071541718624644
0.4219439054216387,29.998213520648335,22.071929167686335
0.4172982430024485,29.999451587950716,22.072316617318677
0.4067019641459653,29.998213520648335,22.07270700275268
0.4180774717042047,29.998213520648335,22.073481904879714
0.43851018060487557,30.000278015289155,22.074647197604577
0.4479011599570118,29.999039936451425,22.076199950850025
0.43961709100134627,29.999863241360515,22.076199950850025
0.4431518065802122,29.998213520648335,22.078918024935547
0.44640164141093525,30.009353629758095,22.07969294537895
0.4223228358515405,29.9973902310511,22.08241105562621
0.3912885100367361,29.998213520648335,22.08396385478852
0.38042286355891486,29.998628286862584,22.087072416094202
0.4012898085928791,29.998628286862584,22.087459888076523
0.40172442421791416,29.998213520648335,22.089400192003154
0.370525697378388,29.999039936451425,22.091730924049955
0.35878321853773026,29.997801874894606,22.092505882376372
0.3814986548308929,29.999039936451425,22.093671259635755
0.4073727082495591,29.998213520648335,22.094449159184876
0.4239555891342291,29.998213520648335,22.09483664208784
0.4137307203496438,29.994090912279376,22.095611609616526
0.3881895125911155,30.00481570639755,22.096777000717964
0.37759711919177236,29.9973902310511,22.096389514938835
0.4033591291191984,29.997801874894606,22.096002029734223
0.42942161730810147,29.9973902310511,22.095611609616526
0.43452290263525234,29.99656383061665,22.095611609616526
0.42947724992261194,29.9973902310511,22.09483664208784
0.4291884599198132,29.996975470625557,22.094058741386107
0.41644863218732747,29.996975470625557,22.090953032583343
0.3837952162617283,30.00893881337049,22.092896297857294
0.3707342646164896,29.997801874894606,22.092118402926246
0.3883385439463189,29.9973902310511,22.092896297857294
0.3961388979152243,29.998213520648335,22.091730924049955
0.3842135224435221,29.996975470625557,22.091340510307873
0.3903797974769358,29.997801874894606,22.090953032583343
0.40588340665410666,29.9973902310511,22.090953032583343
0.39631626761303906,29.99656383061665,22.092896297857294
0.381192090234465,29.99615219251774,22.091730924049955
0.38803879396826996,29.996975470625557,22.091340510307873
0.40503228554889276,29.9973902310511,22.092118402926246
0.4017357171269775,30.012653516494765,22.092505882376372
0.4022794588429493,29.9973902310511,22.08978766742922
0.41606512604580925,29.968109163704014,22.093671259635755
0.3974553409142505,29.99656383061665,22.09483664208784
0.3714627608120096,29.99656383061665,22.09483664208784
0.3759703294230677,29.985016859027155,22.095611609616526
0.39933260875333315,29.99574055632877,22.096002029734223
0.39565858592335745,29.9953258036154,22.093283778459522
0.3874602053116509,29.99615219251774,22.09483664208784
0.39214372479588877,30.003162774846203,22.093671259635755
0.38634530025672964,29.994090912279376,22.093671259635755
0.37071021191350007,29.994914171260405,22.092118402926246
0.3694138899350582,29.9973902310511,22.090953032583343
0.4016194774979045,29.99574055632877,22.089400192003154
0.4377770049891201,29.994914171260405,22.08784736063194
0.41898586690113776,29.982952719354273,22.08629453846561
0.40960597534881565,29.994502540815063,22.084741725500407
0.45536603847243906,29.994914171260405,22.081636127157367
0.441459936519805,29.9953258036154,22.081636127157367
0.4027335745396658,29.994502540815063,22.081636127157367
0.3923701834110041,29.994914171260405,22.07736525562609
0.3847627534884645,29.973879804105934,22.077752713270968
0.414687266562921,29.993676167276874,22.07697779855266
0.4274613003579446,29.992852919781626,22.07425974453855
0.404663134007779,29.993676167276874,22.07270700275268
0.4220014444539259,29.993264542574593,22.071151334919875
0.40221633724078426,29.994090912279376,22.068823720789965
0.39432576143206666,29.978004591943147,22.06804589720059
0.3851725185341831,30.00811542418711,22.067271011079015
0.38766732829056727,29.992852919781626,22.06571831052105
0.42443713680037487,29.992852919781626,22.064940496100917
0.4511806004342522,29.993264542574593,22.06144769737307
0.4411004411604859,29.991203329412315,22.063387809273706
0.42922800541639095,29.991614944554215,22.06144769737307
0.43212964555044986,29.991203329412315,22.060669895550063
0.43188843407607297,29.991203329412315,22.061057328624372
0.4383314396158896,29.989965377194267,22.060282463044643
0.4605215855543873,29.990376986595038,22.060282463044643
0.4041884829340762,29.989965377194267,22.060282463044643
0.41586996506294066,29.999451587950716,22.059117233861286
0.4593504813486405,29.988315840489804,22.05834237397727
0.44924926206406746,29.98748952455236,22.05795200982135
0.4512952238151138,29.986251624124236,22.057177153356747
0.46645075538248604,29.986666334435768,22.057177153356747
0.4401152496368962,29.986251624124236,22.05601193787686
0.409698944772243,29.98212957129499,22.056399364115975
0.4058182801447483,29.985428445484956,22.05407188017864
0.40549373020959806,29.982952719354273,22.054846727536017
0.4245311350154867,29.984190573791807,22.054459303573367
0.4429968085140392,29.98460215641967,22.053681522332397
0.42454484285373817,29.983367414258964,22.05174148173677
0.4067963058992273,29.963573347856027,22.050963708489746
0.42723118158281903,29.98460215641967,22.050576290216043
0.4583275818962499,29.982952719354273,22.04941110382657
0.46155614475537393,29.98377899307161,22.04980145537047
0.45361397539277615,29.983367414258964,22.047858508271304
0.44057839635940577,29.954502409975362,22.047083681380855
0.42466313990198606,29.984190573791807,22.046696268785695
0.4228933956826864,29.984190573791807,22.045531099471305
0.4212119611037086,29.953676408303295,22.044365935280894
0.4053158757614385,29.98584003385065,22.04358818369741
0.3959487536001554,29.985428445484956,22.04358818369741
0.37445705596554174,29.981303312923046,22.042813369294493
0.38748222923454245,29.98254114437094,22.04242596294216
0.41503814604961986,29.98212957129499,22.042035622265644
0.3925338656761129,29.981714882170138,22.04242596294216
0.3633135200274015,29.981303312923046,22.04242596294216
0.401564413374686,29.981714882170138,22.04242596294216
0.41971365857264054,29.98748952455236,22.043978526659714
0.39681199226936975,29.99243818056516,22.044365935280894
0.4027330946351968,29.981303312923046,22.044753344468347
0.42427691231641745,29.98212957129499,22.0459185103623
0.40751695525319215,29.978416145906806,22.047083681380855
0.3857285138012965,29.980065498725764,22.048248857525664
0.39571954074018856,29.97924237742302,22.048636272392343
0.40559978960408694,29.979653937120986,22.050963708489746
0.4166743193197193,29.979653937120986,22.052519257270887
0.41213604055916625,29.978830819631753,22.054459303573367
0.4004201370601088,29.978004591943147,22.055234152066532
0.41401203499806083,29.968109163704014,22.05756458130486
0.41936741834693064,29.978416145906806,22.058729803635003
0.38489558520976386,29.978004591943147,22.059895031108056
0.35487395202557553,29.97676682370826,22.061835131589532
0.3460965796664382,29.978004591943147,22.064553057321802
0.3552424865490138,29.978004591943147,22.067271011079015
0.3701305858617608,29.97676682370826,22.067658453854847
0.3749737995694554,29.97594373296687,22.069211165850277
0.4019531080278445,29.97635527738447,22.07076388700358
0.42248157937196934,29.97759303988596,22.072316617318677
0.396259353357211,29.97470599344001,22.07386935679949
0.3717192713791197,29.973879804105934,22.07581249549503
0.3888246238040365,29.97470599344001,22.07736525562609
0.4055803468221608,29.97470599344001,22.078530565571498
0.4233335324441168,29.97470599344001,22.078918024935547
0.46660831176583994,29.974294456660687,22.080858265655138
0.4644264086152989,29.974294456660687,22.081245728454803
0.4014129816739531,29.972645210962412,22.08241105562621
0.40077690651562053,29.972230566102326,22.0831889217323
0.4260923538403953,29.972230566102326,22.083576387974176
0.41572882002269096,29.971819040785306,22.084354257536575
0.3899908538705481,29.975529072716313,22.085516663145995
0.38694648884379756,29.972230566102326,22.08668200929759
0.3902924229929817,29.96728303568159,22.087459888076523
0.40254341854760023,29.970992878287234,22.088234833760453
0.4138929174440893,29.971407517373677,22.089400192003154
0.414481611684806,29.971407517373677,22.08978766742922
0.4291035606412657,29.984190573791807,22.091340510307873
0.44525283840410895,29.97058135870037,22.092118402926246
0.4327727993264092,29.97346827115257,22.093671259635755
0.43268173210725847,29.97058135870037,22.094449159184876
0.4323285362877439,29.97016984101856,22.09522412556504
0.42276512704445934,29.96975832524174,22.092896297857294
0.4108445857620844,29.97016984101856,22.099107798513558
0.40553713557778787,29.96975832524174,22.100273205211067
0.40237686642349957,29.96975832524174,22.100660696751447
0.43059933246065407,29.96975832524174,22.101826110380955
0.4546716986387731,29.968932181895127,22.101435681557746
0.44549356013858693,29.968932181895127,22.10104818886697
0.42156777253892225,29.98460215641967,22.101435681557746
0.43949096150554245,29.96975832524174,22.099882778710366
0.47596063212472167,29.98584003385065,22.099882778710366
0.4726633800709066,29.968109163704014,22.097554909509142
0.4558726249645135,29.97016984101856,22.096777000717964
0.4614668462207285,29.966871533266385,22.095611609616526
0.47656053521203123,29.962747261969298,22.09522412556504
0.45927712908117135,29.968109163704014,22.093671259635755
0.45045439877843924,29.96728303568159,22.092896297857294
0.46907016356241005,29.96728303568159,22.092896297857294
0.4827121822765422,29.96604541674259,22.092505882376372
0.4711375910739361,29.966871533266385,22.092118402926246
0.45944948873498126,29.968932181895127,22.092505882376372
0.4642985056764188,29.96646003275555,22.092896297857294
0.46752216427456655,29.978004591943147,22.093283778459522
0.45576664030414593,29.96646003275555,22.093283778459522
0.4278572206878581,29.962747261969298,22.093283778459522
0.406292983768562,29.94708113779103,22.093283778459522
0.4149789682277629,29.96728303568159,22.092896297857294
0.4280153844094436,29.98377899307161,22.091340510307873
0.4064133428673712,29.96728303568159,22.090953032583343
0.3890399386831865,29.96769454000122,22.090565555432477
0.402068812024806,29.968109163704014,22.089012717150524
0.4266436554999384,29.968932181895127,22.08784736063194
0.44247385207748824,29.968109163704014,22.087459888076523
0.44895494054838775,29.968520671847216,22.087459888076523
0.4451168221759046,29.968520671847216,22.08668200929759
0.4147973393116475,29.96975832524174,22.08629453846561
0.390327438648267,29.968932181895127,22.08629453846561
0.39928453958948545,29.968520671847216,22.08629453846561
0.4202188836326222,29.969343693847804,22.087072416094202
0.42835719545915585,29.96975832524174,22.08668200929759
0.4223631895462533,29.966871533266385,22.088625242871217
0.440292297606721,29.968520671847216,22.089400192003154
0.46048333020533766,29.96975832524174,22.08978766742922
0.43578825826767814,29.969343693847804,22.090565555432477
0.3993032830457241,29.973879804105934,22.091730924049955
0.4038907726765923,29.97058135870037,22.092896297857294
0.4428195873986206,29.97016984101856,22.09522412556504
0.45487466763881423,29.969343693847804,22.095611609616526
0.45436758762972174,29.971819040785306,22.097942397016368
0.46792837509483975,29.97016984101856,22.098329885098394
0.4759901793816943,29.970992878287234,22.09716448707161
0.46537293911252026,29.971407517373677,22.10104818886697
0.45384084465307706,29.97058135870037,22.102991529214762
0.436079558361482,29.97016984101856,22.10493194844571
0.4124232706752788,29.97058135870037,22.10493194844571
0.39437442562970604,29.969343693847804,22.10609738115687
0.3879699695975505,29.973879804105934,22.10376652094328
0.3892162114857983,29.972230566102326,22.108037823503253
0.4094672279966551,29.971407517373677,22.109590774914068
0.42414729665053064,29.954087849687426,22.110368721918405
0.4055596686701297,29.974294456660687,22.111531243283252
0.3863241240340106,29.972230566102326,22.113087151214245
0.4009949211495685,29.972645210962412,22.114640132747468
0.4163774720102581,29.971819040785306,22.1158026731963
0.3999160619728714,29.972645210962412,22.117746123635982
0.38406520493156504,29.972645210962412,22.120464630056176
0.3844442245559728,29.97305674010471,22.1220176556742
0.38000994089577333,29.962747261969298,22.12434574361822
0.38360324351364805,29.973879804105934,22.126676788292457
0.4012085556595627,29.972645210962412,22.129007853925145
0.3891559881174003,29.97305674010471,22.131336004639195
0.3767952506448428,29.974294456660687,22.132889095379483
0.41919044090694246,29.966871533266385,22.13522021693126
0.44295388040739697,29.973879804105934,22.136385785584025
0.4047493576371357,29.97470599344001,22.137160876966675
0.38949613019651097,29.97305674010471,22.137548423529267
0.41743485101379796,29.97346827115257,22.13677333098491
0.4296958641783683,29.97305674010471,22.136385785584025
0.4260120805855933,29.95862318189768,22.13560776058557
0.4286795413971682,29.97470599344001,22.135995304820597
0.43039230588081134,29.97305674010471,22.132889095379483
0.4240742741240195,29.954087849687426,22.1309484673813
0.41543603654964767,29.97346827115257,22.130170458727832
0.415459085304533,29.96398483500957,22.12784231848815
0.4238688139906265,29.973879804105934,22.126676788292457
0.4355085195577315,29.97305674010471,22.125511263336364
0.42327023428073624,29.966871533266385,22.123570690583676
0.393525048580169,29.987904240646344,22.1220176556742
0.3882117689286836,29.973879804105934,22.120464630056176
0.41168486681806993,29.973879804105934,22.118133641171312
0.42291758148739317,29.975117532125182,22.1158026731963
0.43110502743937684,29.97346827115257,22.115027645652958
0.45179661589958675,29.975117532125182,22.111531243283252
0.45078229450079177,29.974294456660687,22.111143735584847
0.42443035308799487,29.973879804105934,22.109203270103478
0.41062746828893104,29.97346827115257,22.107259883459847
0.43576998802099637,29.974294456660687,22.10609738115687
0.4450603838909343,29.974294456660687,22.10493194844571
0.4334368378349248,29.974294456660687,22.102991529214762
0.42863357670756796,29.97470599344001,22.102601098647824
0.4174370033801529,29.973879804105934,22.101435681557746
0.39816305528696916,29.974294456660687,22.098720309277553
0.3971562216651191,29.964807815028223,22.100273205211067
0.4259524744045841,29.97759303988596,22.09522412556504
0.43308654400832053,29.968520671847216,22.097554909509142
0.4136601344446937,29.97305674010471,22.096777000717964
0.4245230194956085,29.971819040785306,22.09522412556504
0.45916820479161957,29.97305674010471,22.095611609616526
0.4530827340117421,29.972645210962412,22.093283778459522
0.4178236940974078,29.972645210962412,22.092118402926246
0.38585148850247214,29.97305674010471,22.090953032583343
0.3829630108580315,29.972645210962412,22.087072416094202
0.3989708930478522,29.971819040785306,22.088234833760453
0.417761601069645,29.96975832524174,22.08668200929759
0.42418406920226265,29.972645210962412,22.085129194036824
0.44706400761791104,29.968932181895127,22.08396385478852
0.48735019699446175,29.970992878287234,22.08241105562621
0.47959366742417625,29.970992878287234,22.080470803427488
0.47982669832454294,29.971407517373677,22.080470803427488
0.5014360375677375,29.969343693847804,22.078918024935547
0.4984732846551876,29.96975832524174,22.078140171487405
0.5090898370969933,29.96646003275555,22.07736525562609
0.535568734865625,29.97016984101856,22.076587406776298
0.5389650524630182,29.968932181895127,22.077752713270968
0.5078541164780476,29.9656339200547,22.076587406776298
0.49521646817627046,29.97058135870037,22.07581249549503
0.4902357198073499,29.960686756644407,22.076587406776298
0.47291061646885396,29.969343693847804,22.076587406776298
0.48241803658116156,29.96233578054114,22.076587406776298
0.4969713429937239,29.969343693847804,22.07697779855266
0.4818962946668425,29.97016984101856,22.078140171487405
0.4702964228030758,29.986251624124236,22.080470803427488
0.4880282461788657,29.97016984101856,22.080470803427488
0.49575976982052894,29.968932181895127,22.080083341771797
0.4946768830027264,29.97016984101856,22.081636127157367
0.5090502220002524,29.98212957129499,22.083576387974176
0.5042031542037521,29.971819040785306,22.08396385478852
0.47340600709464387,29.97305674010471,22.085129194036824
0.458661448565788,29.98460215641967,22.087072416094202
0.48127067759989184,29.95120468304873,22.087459888076523
0.5080127434264552,29.972645210962412,22.088234833760453
0.522379569040405,29.97470599344001,22.090178078855104
0.498660783116734,29.975117532125182,22.090953032583343
0.45994562996325705,29.975117532125182,22.092118402926246
0.4556626203150699,29.97635527738447,22.093671259635755
0.4772293012406993,29.97346827115257,22.094449159184876
0.4594344673502539,29.97635527738447,22.095611609616526
0.41964802501961923,29.978416145906806,22.09716448707161
0.4166334246596263,29.97759303988596,22.098720309277553
0.4277947396443252,29.97924237742302,22.100660696751447
0.40977428880652106,29.980891745582994,22.10104818886697
0.40599858739165107,29.980891745582994,22.103379024791252
0.43609401341891235,29.98254114437094,22.10609738115687
0.4423977883189707,29.98212957129499,22.10687238211608
0.44857935916938263,29.983367414258964,22.109590774914068
0.4753552852468237,29.98377899307161,22.111143735584847
0.47364469507724005,29.98584003385065,22.11269670551951
0.44363919175540556,29.985428445484956,22.113862172975587
0.43148227778291315,29.98748952455236,22.116580638773314
0.43715732952241754,29.987904240646344,22.117355670946154
0.4305519128898567,29.986251624124236,22.118521159284512
0.4316417614647367,29.98955376970224,22.12007417328067
0.4448137338338978,29.993676167276874,22.12240517958304
0.4473825253527279,29.986666334435768,22.123570690583676
0.4332834795466548,29.992026561605144,22.125898792463317
0.43653831634218776,29.994090912279376,22.126676788292457
0.44976770515320347,29.988315840489804,22.127451850609646
0.45331971601127485,29.988315840489804,22.129007853925145
0.45949185499554246,29.99656383061665,22.131336004639195
0.4692133779071961,29.968109163704014,22.13366711220243
0.47701096684895883,29.9973902310511,22.134442195438623
0.4755940528098929,29.998628286862584,22.136385785584025
0.45311515722615137,29.999039936451425,22.137938906638283
0.4458257373464981,29.999863241360515,22.139492037024183
0.4642350334971078,29.991614944554215,22.14065762493891
0.4545727223776928,30.00068967253469,22.14298588052594
0.44132880931081364,30.001927774402418,22.145317093160713
0.48775001636474924,30.0138886663878,22.14725782906595
0.5170092149484891,30.002751106120513,22.14958908031184
0.4577628867115347,29.999863241360515,22.1523079213776
0.4285783082875506,30.003162774846203,22.15386113828083
0.45600987491260736,30.004400911244204,22.157355176538545
0.49379575120163566,30.006465549939605,22.16201494681235
0.504222551662175,30.00481570639755,22.163958744899162
0.48340698018597666,30.00893881337049,22.165899621418646
0.4813952423723423,30.016365256182155,22.168231041669117
0.49500424336215554,30.014715228332193,22.165899621418646
0.47918751959734307,30.022142155421193,22.17289100940502
0.4546527820450089,30.006877235912498,22.174444350818533
0.44659941081718274,30.006465549939605,22.176775848814486
0.43858343524665216,30.00811542418711,22.17793866935591
0.4347563835873681,30.00811542418711,22.17832921380426
0.4445135080975916,30.00893881337049,22.182601750300137
0.45641029001724936,30.00811542418711,22.18221119932474
0.46005239692645694,30.00893881337049,22.183376981072684
0.4627803626005782,30.0110035577668,22.18376753383035
0.4610811747707669,30.010177030444595,22.184930386178905
0.443368209905112,30.009353629758095,22.18376753383035
0.428844660729741,30.010177030444595,22.18376753383035
0.42339555968985837,30.010177030444595,22.18376753383035
0.41655455599353924,30.0110035577668,22.18376753383035
0.4000899426018656,30.011415264818652,22.183376981072684
0.39503961273248694,30.01058873365662,22.18298936539236
0.4199675730501456,30.0110035577668,22.18221119932474
0.43222707419930756,29.981303312923046,22.181823585413042
0.4021693579810465,30.01058873365662,22.181048359353383
0.37911549232930464,30.011415264818652,22.18065781075194
0.38935879678246377,30.01223868466076,22.18065781075194
0.4179521103884314,30.011826973783286,22.17910443161884
0.41481168663952256,30.01223868466076,22.17832921380426
0.40047074195509724,30.01223868466076,22.176775848814486
0.42554243200452646,30.01223868466076,22.176385306737302
0.4427929316683619,30.013065231212636,22.173278609782926
0.4158738996308996,30.01347694784363,22.171337677411543
0.41489651207407985,30.01058873365662,22.170171950512724
0.42143814818999453,30.01430350594694,22.169396759741744
0.4284641968606727,30.0138886663878,22.168618634999348
0.4336816964501303,30.01347694784363,22.168231041669117
0.42657543814458,30.014715228332193,22.169396759741744
0.40574632034791086,30.01347694784363,22.167840512618227
0.3956930697065547,30.01430350594694,22.167452920463916
0.414401765042107,30.014715228332193,22.167452920463916
0.4317082251615367,30.01347694784363,22.167065328895262
0.425522146762224,30.023380557064513,22.168231041669117
0.4179694894898701,30.015126952630794,22.168231041669117
0.418698867177177,30.015953526128385,22.170559546777326
0.42773033474938327,30.015126952630794,22.171337677411543
0.447153169789787,30.01554179798819,22.173278609782926
0.4493848917263956,30.022142155421193,22.17522249325458
0.41931726736480535,30.016365256182155,22.17755106192152
0.38746079446936427,30.0138886663878,22.17871682241781
0.36830371485365143,30.01719184123442,22.181048359353383
0.37599713577883864,30.015126952630794,22.182601750300137
0.3795232691991153,30.01554179798819,22.18570856053151
0.39848026328200403,30.0138886663878,22.187261979823916
0.436364904850765,30.01554179798819,22.189981220482764
0.4275730847950164,30.0138886663878,22.19230992370632
0.38608276968233074,30.015126952630794,22.194253952024894
0.4032264297756739,30.014715228332193,22.195807423385247
0.4288212944296229,30.020903771098347,22.19891439454409
0.4138593600573657,30.001927774402418,22.20008025267856
0.41992879089752044,30.016365256182155,22.201633759606352
0.4397568487932766,30.011826973783286,22.20551903683537
0.4163040849481587,30.02750452823858,22.208235535808058
0.40288797378905367,30.01347694784363,22.20979202940174
0.4087112285359899,30.01347694784363,22.21134559573744
0.4215992863613648,29.98584003385065,22.21212091406585
0.4373370156950886,30.01347694784363,22.21250857411917
0.4318340571662414,30.012653516494765,22.21328683283383
0.4244422253066153,30.013065231212636,22.212899171590493
0.43367420428638914,30.01347694784363,22.21250857411917
0.43500511346999265,30.012653516494765,22.21212091406585
0.4177506998875088,30.012653516494765,22.211733254605292
0.4043997983054369,30.0176035770441,22.210955000659283
0.40357647060008284,30.01430350594694,22.210567342980994
0.4055062765552929,30.013065231212636,22.210955000659283
0.4026413223315291,30.01223868466076,22.210955000659283
0.40671885945872716,30.011826973783286,22.210567342980994
0.40879587791032995,30.009353629758095,22.210955000659283
0.40531916549480423,30.01223868466076,22.211733254605292
0.41418283658846805,30.01347694784363,22.212899171590493
0.4482348480131328,29.98748952455236,22.21328683283383
0.4458551784945958,30.027919431588714,22.214840420584665
0.38965986377257533,30.0110035577668,22.21522808479756
0.3572037823716655,30.01719184123442,22.21639401786166
0.3771118831458609,30.011415264818652,22.21872590009383
0.3857895400229789,30.011415264818652,22.21794762466874
0.3796100714914051,30.01223868466076,22.219501241009993
0.3934059402004575,30.011826973783286,22.221054866889176
0.4192697563775719,30.0110035577668,22.221833151871238
0.4170856418598718,30.011415264818652,22.224165084233334
0.4119317140777793,30.024204088149816,22.225718738768194
0.4409493474711766,30.011415264818652,22.226881783197996
0.46082912383154073,30.0110035577668,22.2292137621547
0.44321582873588433,30.010177030444595,22.23076744774903
0.42820201485188364,30.01058873365662,22.233487154827003
0.4407168463617624,30.015953526128385,22.234265478124996
0.45875398439097265,29.98212957129499,22.235428561946776
0.4695371587086251,30.025854292812028,22.237760619922938
0.4531671422195487,30.01058873365662,22.238926657007084
0.42023392344115285,30.0110035577668,22.238926657007084
0.40817288362072557,30.011415264818652,22.243200214405988
0.4098079726699561,30.011826973783286,22.245141696421797
0.39422829440177876,30.011415264818652,22.24630776771312
0.37765289372830385,30.011415264818652,22.248636989286354
0.3790503187869375,30.0110035577668,22.25019373201326
0.3696049757412987,30.010177030444595,22.25174754711452
0.35390503929482725,29.999039936451425,22.253689095193977
0.3513398347098023,30.018841915218616,22.255242931940302
0.3718736940603608,30.012653516494765,22.257962903754844
0.4025262800644601,30.012653516494765,22.260682905093518
0.4476191773177997,30.0176035770441,22.26301226017739
0.4265428260130016,30.01223868466076,22.264569092181432
0.3918977459056679,30.01347694784363,22.266898483444038
0.42842435288226666,29.986666334435768,22.27000633055121
0.4131463287928484,30.009353629758095,22.272338710012377
0.40320285132107075,30.015126952630794,22.275446624819267
0.4329090305558125,30.015953526128385,22.276612837244727
0.4369673180628243,30.030808211087788,22.278554578344597
0.40950387513577086,30.01554179798819,22.280887037726416
0.39914261904914033,30.015953526128385,22.282441043566052
0.40014703018878167,30.016776988149672,22.28399505910295
0.4091638944668234,30.018841915218616,22.28516131153941
0.4297374258185922,30.018841915218616,22.28749089511257
0.443983697353389,30.009353629758095,22.288269386289983
0.43588040548460977,30.019665404093757,22.290989717998173
0.4219276281723515,30.019253658699085,22.290989717998173
0.43768005848285346,30.018841915218616,22.294873439716014
0.4420445493496755,30.019253658699085,22.296430470776613
0.39920534792319345,30.019665404093757,22.29720605215732
0.39478892387297565,30.019253658699085,22.298372366601143
0.4274713941954053,30.02173039851033,22.29992648177597
0.44531440483409507,30.020492019945948,22.300705011943364
0.444143981896993,30.020492019945948,22.301868404977085
0.4436148860268457,29.999451587950716,22.30342254207136
0.42668738299381614,30.019665404093757,22.30420108322255
0.421621552461924,30.019253658699085,22.305367430583374
0.442250495089937,30.019253658699085,22.3076972038524
0.4266961877359679,30.019253658699085,22.308087949814364
0.3972189983716361,30.01842705440538,22.310808498958295
0.4145714729906167,30.02008027070798,22.313138323475982
0.40931622521086564,30.018841915218616,22.314304712979208
0.3757383667866594,30.018015314767695,22.3158589282055
0.380852972111713,30.018015314767695,22.31780097648027
0.4071277238915335,30.01719184123442,22.318967388007707
0.4005141857663632,30.016776988149672,22.32052163259158
0.3974551337387046,30.016365256182155,22.322075886969117
0.42135650222570914,30.01554179798819,22.32324231871229
0.4487707715478131,30.01554179798819,22.32402092231797
0.4509124224021306,30.015126952630794,22.325184425120995
0.41996165691907134,30.016776988149672,22.32635087157803
0.3889725285608193,30.01554179798819,22.327905162721663
0.3957851144413811,30.0138886663878,22.329071622066465
0.4020074689793692,30.014715228332193,22.328295940677435
0.4137465493182651,30.02750452823858,22.330238086939403
0.45046946501493906,29.999863241360515,22.329071622066465
0.4430821412544492,30.013065231212636,22.328295940677435
0.4282568961755878,30.01347694784363,22.328295940677435
0.4371141151428737,30.01842705440538,22.327905162721663
0.44482487147020155,30.01223868466076,22.32635087157803
0.4179405209187148,30.011826973783286,22.324796590242897
0.4078361148163203,30.011415264818652,22.32324231871229
0.42446974615072,30.011415264818652,22.321688056982225
0.42642050209371296,30.0110035577668,22.320133805048897
0.4110578498580022,30.009765329145125,22.31819173841825
0.3991691055172601,30.01842705440538,22.317413153213693
0.39682494423430453,30.009765329145125,22.314304712979208
0.38813972928713053,30.008527117822723,22.313138323475982
0.39820048476093095,30.01554179798819,22.310808498958295
0.43874710633014846,30.009353629758095,22.308863567687297
0.4374807594080325,30.024204088149816,22.306921589635465
0.36644083680490486,30.006877235912498,22.301092809014506
0.3658990775024758,30.01554179798819,22.30031427762924
0.38865715787394595,30.006465549939605,22.29720605215732
0.3894423165919751,30.00605074706715,22.29293157126608
0.40433370215824127,29.992026561605144,22.289823438231394
0.40905773092741965,30.00481570639755,22.286715344060667
0.38864582423424904,30.00398923677011,22.28321658129829
0.40363376655979993,30.00398923677011,22.280499272185125
0.4075179129682632,30.00398923677011,22.279720805306624
0.3812846561106225,30.002751106120513,22.27738835683857
0.3993631005200929,30.002339439305956,22.27389266257802
0.4288909757098324,30.002339439305956,22.27117251755908
0.4139797041679417,30.002339439305956,22.269230833892323
0.4187818472177258,30.002751106120513,22.266122996427782
0.4127851098805061,30.001512992758137,22.264178414560547
0.3993605289138468,30.00068967253469,22.262624522392343
0.41540892384466793,29.99078859790461,22.260682905093518
0.4375545202287997,30.001512992758137,22.259516766993443
0.44092206623958036,29.999451587950716,22.257184507078307
0.427324413785258,30.001101331691018,22.256021322587742
0.43552443404419644,30.000278015289155,22.254076819151862
0.4488677521543851,30.001927774402418,22.252135268072152
0.44476873262200955,30.0138886663878,22.250581450570962
0.44312235817844614,29.999451587950716,22.24941535944356
0.4461921436449919,29.998213520648335,22.245529407182858
0.43031434253047857,29.998213520648335,22.245141696421797
0.41411049795099125,29.997801874894606,22.243200214405988
0.4203042335083895,29.998628286862584,22.24048040247021
0.4531373331830805,29.990376986595038,22.23853601929693
0.4532498808532368,29.9973902310511,22.23698228583072
0.4373065815937761,29.996975470625557,22.23465317213595
0.42646847446320285,29.9973902310511,22.232321142909882
0.4327568460941286,29.988727442241668,22.230379759710843
0.4447689947667772,29.998213520648335,22.227272402856727
0.4208208678500167,30.001927774402418,22.224552762731435
0.43368653739210344,29.99615219251774,22.222999115363848
0.48808529131782735,29.99656383061665,22.220279521212547
0.47935677396573523,29.996975470625557,22.21872590009383
0.4281275315409037,29.996975470625557,22.215618686460573
0.41601197575354465,29.998213520648335,22.21406509393813
0.42132475694698673,29.99656383061665,22.21134559573744
0.41221305507173467,29.99656383061665,22.20940143671578
0.41084915539462685,29.996975470625557,22.206681988513253
0.4417639211681562,29.99656383061665,22.20396550615925
0.4434486719295385,30.001101331691018,22.201633759606352
0.4174316713168194,29.997801874894606,22.20008025267856
0.4082681057229406,29.997801874894606,22.196195058548085
0.41994737893454065,29.997801874894606,22.193866319816607
0.4264504626801063,29.9973902310511,22.191922294455537
0.4435973010775702,29.996975470625557,22.189203033100114
0.4729987981278445,30.015126952630794,22.18803722474695
0.48892909832198356,29.997801874894606,22.185320941312227
0.4825878239970041,30.004400911244204,22.184542768141057
0.4735472612246318,29.997801874894606,22.181823585413042
0.48424325188190703,29.999039936451425,22.18027019919606
0.4862507183417348,29.998628286862584,22.17871682241781
0.47831038171663176,29.997801874894606,22.176775848814486
0.46899564208139394,30.000278015289155,22.173278609782926
0.45549422761284086,29.998628286862584,22.174444350818533
0.43501801318960387,29.999451587950716,22.168618634999348
0.4184156279179232,29.999863241360515,22.16900622891552
0.42156343994481865,30.005639064932268,22.167840512618227
0.43105392264739845,29.971819040785306,22.165899621418646
0.4387811094753859,29.999451587950716,22.164733919237506
0.4499608478415966,30.00770061359424,22.163180636648235
0.4509532134103704,30.00068967253469,22.1616273634545
0.44519590397254083,30.001101331691018,22.161239780681342
0.46506888584824296,30.001512992758137,22.15852084523783
0.5002033107348838,30.000278015289155,22.156967600206997
0.4876537919087438,30.00068967253469,22.155026791148373
0.42737599709890634,29.999039936451425,22.15347356721213
0.40611113305435703,30.001512992758137,22.15191741652228
0.42943451386674597,30.001512992758137,22.149201515671223
0.4269677614945146,30.001101331691018,22.148423452053635
0.4033858987176217,30.001512992758137,22.14648270737655
0.4013157164112036,29.978830819631753,22.145704651962888
0.42086088907887875,30.00068967253469,22.143763927741702
0.4278165500199779,30.001927774402418,22.14182028210365
0.4251715691276281,30.001512992758137,22.140267137721764
0.42682075474148545,30.001927774402418,22.139104487547343
0.4151313962505614,30.001512992758137,22.137548423529267
0.3930129978479548,30.001927774402418,22.13677333098491
0.3906766375128729,30.007288923797375,22.134442195438623
0.4034166673616093,30.002751106120513,22.13560776058557
0.4042567142177392,30.002339439305956,22.13366711220243
0.40477993807576096,29.991203329412315,22.132889095379483
0.42295694932027134,30.002751106120513,22.132501555796807
0.43341202372411874,30.001927774402418,22.131336004639195
0.4494714198704992,30.004400911244204,22.13211401679439
0.46067874954607846,30.002339439305956,22.13172354247712
0.45469906514362585,30.001512992758137,22.132889095379483
0.4450330505845264,30.002751106120513,22.13366711220243
0.4422030092098801,30.002751106120513,22.134442195438623
0.44209751214134,30.001927774402418,22.13522021693126
0.4590458418992316,30.001512992758137,22.13522021693126
0.488799036984941,30.016776988149672,22.135995304820597
0.4761520636750181,30.005639064932268,22.135995304820597
0.43716939678172545,30.002751106120513,22.135995304820597
0.42891505406468944,30.001512992758137,22.136385785584025
0.4246601308476975,30.010177030444595,22.135995304820597
0.40359627958411765,30.001927774402418,22.132889095379483
0.41364247651871744,30.00068967253469,22.132501555796807
0.4564343705447181,30.002339439305956,22.13211401679439
0.4647117522024723,29.999039936451425,22.13056093070327
0.41892546169874867,29.999451587950716,22.129782923213895
0.402615195512705,29.998628286862584,22.12861738429052
0.4292953277647341,30.000278015289155,22.12822985109966
0.4504936576679479,29.998628286862584,22.127064319161377
0.4539729286996776,29.998213520648335,22.125123734788417
0.45672810299025035,29.99656383061665,22.124736206819534
0.46169812088118717,30.01223868466076,22.123958216811502
0.4696489410004334,30.0110035577668,22.12240517958304
0.48814501138394134,29.997801874894606,22.121627196563338
0.5032862704454267,29.99615219251774,22.121627196563338
0.4909101391579942,29.996975470625557,22.119686652850874
0.4748189270428657,29.99574055632877,22.118521159284512
0.4805800784333243,29.996975470625557,22.117746123635982
0.4920831954611263,29.997801874894606,22.117746123635982
0.4925310117854953,29.9973902310511,22.116193123553387
0.4895294401573777,29.994914171260405,22.1158026731963
0.4735706202482994,29.994914171260405,22.115027645652958
0.4682752796528059,29.994502540815063,22.115027645652958
0.47531813534359674,29.994090912279376,22.114640132747468
0.4668009643531484,29.993676167276874,22.113862172975587
0.44720075852547064,29.991614944554215,22.113087151214245
0.454380156476676,29.993676167276874,22.113862172975587
0.463066273225754,29.994090912279376,22.113087151214245
0.44648359355150385,29.99243818056516,22.11269670551951
0.4384337589773636,29.99243818056516,22.11269670551951
0.46559727511500687,29.991614944554215,22.111921687229426
0.4579820734194894,29.993264542574593,22.107259883459847
0.43601924401394637,29.992026561605144,22.111143735584847
0.452946061268756,29.993676167276874,22.111531243283252
0.4840524583407432,29.993264542574593,22.111143735584847
0.47178798895979907,29.991203329412315,22.11075622846323
0.4485423154101754,29.99078859790461,22.11075622846323
0.4579019084011992,29.992026561605144,22.111143735584847
0.47488345419644507,29.991203329412315,22.11075622846323
0.47379135682423634,29.992026561605144,22.111143735584847
0.4797038915679376,29.98048018015004,22.109590774914068
0.49301988324399976,29.991614944554215,22.109203270103478
0.5058697381529933,29.992026561605144,22.108815765869394
0.5048129014044681,29.992026561605144,22.107259883459847
0.4882345421786678,29.98748952455236,22.10609738115687
0.46685295561536627,29.99078859790461,22.10493194844571
0.4748123943131314,29.991203329412315,22.103379024791252
0.504413524647626,29.992026561605144,22.101826110380955
0.5100913009770691,29.991614944554215,22.100660696751447
0.4800372731895304,29.991614944554215,22.094449159184876
0.468807450479484,29.992026561605144,22.096389514938835
0.47585934010546516,30.003577564207433,22.094449159184876
0.4918768395047984,29.97924237742302,22.092118402926246
0.5100988028921076,29.99078859790461,22.089012717150524
0.5012422835823968,29.991203329412315,22.089012717150524
0.4440980717951596,29.990376986595038,22.084741725500407
0.41641690025923167,29.990376986595038,22.081636127157367
0.4325277816168151,29.99574055632877,22.078530565571498
0.4411932651974359,29.991614944554215,22.07581249549503
0.4374000947336117,29.991614944554215,22.07425974453855
0.46883289536098993,29.992026561605144,22.068436276299735
0.5017668762303078,29.992026561605144,22.069211165850277
0.4985056974810639,29.992026561605144,22.066883568873095
0.470719671516742,29.99243818056516,22.0637752463403
0.4687645678798349,29.96728303568159,22.06261293684821
0.4562028698285403,29.992026561605144,22.061057328624372
0.4179181617316275,29.9656339200547,22.059117233861286
0.40017449696750723,29.992026561605144,22.05756458130486
0.41663387281294617,29.992852919781626,22.056789725976955
0.423964241095697,29.990376986595038,22.05601193787686
0.4111551212242982,29.991614944554215,22.054846727536017
0.40271639635709633,29.992852919781626,22.0529066783904
0.40574423419378985,29.994090912279376,22.052128901716912
0.4210332129947325,29.993676167276874,22.050963708489746
0.43658429202789895,29.99243818056516,22.04941110382657
0.43324955112284336,29.993264542574593,22.047083681380855
0.43186695413141374,29.99243818056516,22.04630592181985
0.4510902463885595,29.98955376970224,22.04514075422219
0.4604975872597535,29.993676167276874,22.042813369294493
0.43621203491974087,29.992852919781626,22.041648217049556
0.41820821307244294,29.993264542574593,22.03970826459124
0.4222726350885994,29.994090912279376,22.03815572586643
0.41136153767148387,29.99574055632877,22.03737799248978
0.40182473791354734,29.994090912279376,22.03737799248978
0.4112273889685291,29.99615219251774,22.036603196220995
0.41135876710692526,29.99615219251774,22.036990594072847
0.4161868961291188,29.998213520648335,22.036990594072847
0.4363855755036395,29.9973902310511,22.036603196220995
0.4302739677347876,29.9973902310511,22.036990594072847
0.39876402440359116,29.997801874894606,22.036212864108506
0.4172302650181274,29.999451587950716,22.035825467391135
0.4632319401396574,29.999039936451425,22.036212864108506
0.460411079972033,29.999863241360515,22.036212864108506
0.43288303961267066,30.001101331691018,22.036603196220995
0.4277334438228832,29.971819040785306,22.036990594072847
0.4356112298143566,30.001101331691018,22.03776539147185
0.4382776342578992,30.001101331691018,22.038543125983438
0.446264036509263,30.002339439305956,22.040095666974366
0.453823036613736,30.003162774846203,22.040095666974366
0.4411999105806343,30.003162774846203,22.041648217049556
0.4203756425307119,30.002339439305956,22.042813369294493
0.4085904757923328,30.018015314767695,22.04048306992314
0.4145267812021519,29.997801874894606,22.045531099471305
0.4300991555457937,30.004400911244204,22.047471094542686
0.4503677489234229,30.005227384709087,22.04980145537047
0.4484044766580099,30.00605074706715,22.04941110382657
0.4250727420672142,30.00605074706715,22.050576290216043
0.43422243068172595,30.006465549939605,22.052128901716912
0.4549540673741911,30.007288923797375,22.05329410007755
0.4402329306092115,30.009765329145125,22.054459303573367
0.4354045244766808,30.007288923797375,22.055624512205895
0.45967192932823947,30.00811542418711,22.05834237397727
0.4523897895892179,30.005639064932268,22.05834237397727
0.43062741854767594,30.00811542418711,22.060282463044643
0.42758454879567465,30.016365256182155,22.063000372776344
0.4265034696733988,29.999451587950716,22.064940496100917
0.41666956500812197,30.009353629758095,22.068823720789965
0.4307236388096876,29.989139045901993,22.070376439657707
0.431731112965072,30.009353629758095,22.071151334919875
0.3970356226793669,30.009765329145125,22.072316617318677
0.37074805638507996,30.01058873365662,22.072316617318677
0.37451358471426777,30.0176035770441,22.073094453530814
0.3701028831660383,30.01058873365662,22.07386935679949
0.3484426927009846,30.009353629758095,22.073094453530814
0.3525543046601669,30.01058873365662,22.07270700275268
0.394781562783171,30.0110035577668,22.073094453530814
0.4068126573137467,30.001512992758137,22.074647197604577
0.38532450627438386,30.011826973783286,22.073094453530814
0.36064425520405624,30.011415264818652,22.073481904879714
0.350492685314059,30.01223868466076,22.073481904879714
0.3579045055812029,30.011415264818652,22.074647197604577
0.36837089749080754,30.01430350594694,22.075034651241708
0.3703038459001002,30.0138886663878,22.074647197604577
0.3690403372489895,30.012653516494765,22.07425974453855
0.3894061464185676,29.99243818056516,22.07425974453855
0.41400605073152164,30.014715228332193,22.074647197604577
0.4104142207509937,30.01347694784363,22.075034651241708
0.4037825193104473,30.01223868466076,22.075034651241708
0.40100039783289065,30.01430350594694,22.075034651241708
0.3787641499097157,30.01347694784363,22.075422105449945
0.3464284128003138,30.0138886663878,22.07697779855266
0.3569554323822171,30.012653516494765,22.076587406776298
0.4132279836761804,30.013065231212636,22.077752713270968
0.4193909488281421,30.01430350594694,22.07969294537895
0.4048973596129818,30.013065231212636,22.080470803427488
0.4131379777591592,30.01347694784363,22.081636127157367
0.4211038564254278,30.016776988149672,22.082801456062782
0.4297780048585882,30.02626918842668,22.080470803427488
0.4558418923625785,30.01430350594694,22.085907068206495
0.4547691151967876,30.010177030444595,22.087072416094202
0.42887384893814184,29.987904240646344,22.08784736063194
0.41853967148214166,30.013065231212636,22.08978766742922
0.43537321947355323,30.011826973783286,22.090953032583343
0.43926725290251506,30.0110035577668,22.092118402926246
0.4287517109894299,30.01223868466076,22.093671259635755
0.42767072479324886,30.011826973783286,22.09483664208784
0.4475350042881594,30.01223868466076,22.095611609616526
0.45836894899869784,30.011415264818652,22.097554909509142
0.44128958726847994,30.011826973783286,22.099882778710366
0.42341282808474184,30.0110035577668,22.10104818886697
0.41652518158884244,30.009765329145125,22.100273205211067
0.4208353177953129,30.01058873365662,22.102213604226677
0.43257480319472086,30.012653516494765,22.103379024791252
0.4271770861217079,30.009353629758095,22.10454445056223
0.4002405519665168,30.00893881337049,22.10687238211608
0.3819136198747217,30.009353629758095,22.107259883459847
0.39252766792687566,30.00770061359424,22.108425326580118
0.4121272849946379,30.009353629758095,22.109590774914068
0.40787182498475705,30.009765329145125,22.109203270103478
0.4002440049700781,30.011826973783286,22.113862172975587
0.4270692290894174,30.00770061359424,22.114640132747468
0.4600899323466674,30.00605074706715,22.116193123553387
0.46288565525512304,30.007288923797375,22.118133641171312
0.4507802963264366,30.013065231212636,22.120464630056176
0.45471976905096795,30.006877235912498,22.123570690583676
0.45737544704491273,29.997801874894606,22.123183164934574
0.43852500223911534,30.00605074706715,22.125898792463317
0.42091677905250263,30.001101331691018,22.12784231848815
0.4345242709526514,30.004400911244204,22.13056093070327
0.44937129741129905,30.005227384709087,22.131336004639195
0.43442316396313946,30.00481570639755,22.134832673857602
0.41110573549670926,30.004400911244204,22.137160876966675
0.4003862391491115,30.00398923677011,22.139492037024183
0.40386291614018194,30.003577564207433,22.14182028210365
0.4089665233879023,30.00398923677011,22.14453904126242
0.42908408422132416,30.003162774846203,22.14648270737655
0.4520490303778757,30.002751106120513,22.14648270737655
0.4562350075139997,30.002751106120513,22.14725782906595
0.433404695211741,30.002751106120513,22.147645390784362
0.4243230652088818,30.003162774846203,22.14725782906595
0.4344794434228013,30.0110035577668,22.148035889165612
0.44965952035212475,30.001101331691018,22.14687026793007
0.44313894340330284,30.001101331691018,22.14687026793007
0.42844909034094636,30.00068967253469,22.146092211347252
0.41236108787174053,30.001927774402418,22.146092211347252
0.4166530775591019,30.001101331691018,22.14415148421108
0.4453185922260397,30.001101331691018,22.142210771669113
0.46465590374044263,30.000278015289155,22.14065762493891
0.4427497152066697,30.000278015289155,22.138714002677432
0.4225953241935216,30.000278015289155,22.137548423529267
0.43886372078885655,30.01554179798819,22.135995304820597
0.43231378526327036,29.999039936451425,22.132501555796807
0.41888314361694506,29.999039936451425,22.13056093070327
0.4439359504449042,29.99656383061665,22.12861738429052
0.49252195340558746,29.999039936451425,22.123958216811502
0.49099145615247364,29.999039936451425,22.124736206819534
0.45786787724184796,29.998628286862584,22.123183164934574
0.43448760546414206,30.012653516494765,22.120852151646886
0.42243959322283725,29.998213520648335,22.119686652850874
0.401167214744953,29.989139045901993,22.118133641171312
0.3903159736641181,30.00068967253469,22.117355670946154
0.40253652538758705,29.998628286862584,22.1158026731963
0.4078834394141322,29.997801874894606,22.114640132747468
0.3971739464250302,29.998213520648335,22.113862172975587
0.3982483967474036,29.984190573791807,22.113862172975587
0.4157494039619703,29.999039936451425,22.113474661806322
0.4240106840772956,29.996975470625557,22.113474661806322
0.4219607950167225,30.006877235912498,22.113474661806322
0.43279801281467706,29.9973902310511,22.11424968472204
0.4381325016176617,29.99615219251774,22.113087151214245
0.44067358537055523,29.99656383061665,22.113474661806322
0.452975374315468,29.99574055632877,22.11230919608596
0.465685344591133,29.996975470625557,22.11269670551951
0.46980822068983585,29.9953258036154,22.10997828030122
0.47337861042600804,29.9953258036154,22.111143735584847
0.4849864569515615,29.994502540815063,22.110368721918405
0.49576416164012216,29.983367414258964,22.109590774914068
0.49436691692515866,29.99656383061665,22.10609738115687
0.4764558858721063,29.994090912279376,22.10765032100261
0.4275234198111269,29.993676167276874,22.106484881348422
0.4175230038267795,29.992852919781626,22.106484881348422
0.4697630865831617,29.993264542574593,22.105319446905128
0.45706858575143944,29.98212957129499,22.10454445056223
0.41429537051784737,29.99243818056516,22.10454445056223
0.41693636623448044,29.99243818056516,22.104154017670965
0.44471924192041623,29.992026561605144,22.102991529214762
0.43887720849270334,29.992852919781626,22.102213604226677
0.4252486037035853,29.993676167276874,22.102991529214762
0.4290439388726304,29.991614944554215,22.099882778710366
0.43086225102039105,29.986666334435768,22.101826110380955
0.41278822746515015,30.003162774846203,22.101826110380955
0.39704591659102806,29.97635527738447,22.10104818886697
0.39519295739641147,29.988727442241668,22.100273205211067
0.3936357035552986,29.991614944554215,22.100273205211067
0.3902994184229073,29.99078859790461,22.100273205211067
0.39685856518952656,29.990376986595038,22.099107798513558
0.40714970245713633,29.99078859790461,22.099107798513558
0.4018586840882466,29.991203329412315,22.098329885098394
0.40992567777057687,29.997801874894606,22.097554909509142
0.4226365258056652,29.978416145906806,22.096777000717964
0.41669774239882096,29.991203329412315,22.09716448707161
0.40336656345647454,29.989965377194267,22.096777000717964
0.394603641415605,30.006877235912498,22.09716448707161
0.3928508740326224,29.99243818056516,22.096002029734223
0.40864149590279775,29.9973902310511,22.09716448707161
0.44124961480157904,29.992026561605144,22.098329885098394
0.4388509973461476,29.991203329412315,22.098720309277553
0.42847038964243483,29.993264542574593,22.098720309277553
0.431882232336927,29.993264542574593,22.10104818886697
0.4283369471198236,29.98955376970224,22.10104818886697
0.42339456443757617,29.994090912279376,22.10104818886697
0.4482960492466713,29.993676167276874,22.102213604226677
0.471106801851767,29.993676167276874,22.102991529214762
0.4388503732212927,29.994914171260405,22.10376652094328
0.39322422549427993,30.005639064932268,22.10454445056223
0.40786783928533865,29.994090912279376,22.10376652094328
0.411996391957227,29.992026561605144,22.102991529214762
0.3807669043898561,29.99243818056516,22.102213604226677
0.3906962984404331,29.994502540815063,22.10104818886697
0.4485805221996204,29.994090912279376,22.100273205211067
0.4623714229319177,29.994502540815063,22.099495288324476
0.4508672539698124,30.00398923677011,22.099107798513558
0.42745879050092145,29.99574055632877,22.099495288324476
0.41889858984329237,29.99574055632877,22.099107798513558
0.4350074613441014,29.994914171260405,22.099495288324476
0.4475240016224245,29.996975470625557,22.10104818886697
0.4396742487455002,29.996975470625557,22.101826110380955
0.43538477007839343,29.994502540815063,22.102601098647824
0.4435514808655459,29.989965377194267,22.102991529214762
0.4476085917111052,29.993676167276874,22.10493194844571
0.4603743804277408,29.994090912279376,22.106484881348422
0.46745473224441375,29.993676167276874,22.10765032100261
0.4521043028568869,29.988315840489804,22.108037823503253
0.44077052565608305,29.994090912279376,22.108425326580118
0.4414682249920415,29.994090912279376,22.107259883459847
0.43101047811552484,29.992026561605144,22.10765032100261
0.4443810760089629,29.993264542574593,22.10765032100261
0.47580309456053366,29.992852919781626,22.107259883459847
0.4594912397314293,30.006877235912498,22.107259883459847
0.4245724101960387,29.993264542574593,22.10609738115687
0.442476517552419,29.992852919781626,22.105319446905128
0.4369583984024332,29.991203329412315,22.105319446905128
0.42801319898933815,29.987904240646344,22.102991529214762
0.46834784539381996,29.991614944554215,22.101435681557746
0.4747028500117975,29.991203329412315,22.099882778710366
0.45775975520400225,29.99078859790461,22.099495288324476
0.46317799064841886,29.991614944554215,22.099495288324476
0.49036847086058993,29.994090912279376,22.098329885098394
0.4828628516892397,29.98460215641967,22.097554909509142
0.4484120014766954,29.98955376970224,22.09716448707161
0.41694699485318903,29.989139045901993,22.096389514938835
0.41229516517615644,29.980891745582994,22.09716448707161
0.4280962394464894,29.98955376970224,22.097942397016368
0.4389428693050475,29.989139045901993,22.09716448707161
0.4221683426779438,29.98955376970224,22.096777000717964
0.40265698293759716,29.991614944554215,22.092505882376372
0.4181152929460367,29.989965377194267,22.096777000717964
0.4429017484169437,29.989139045901993,22.09522412556504
0.4485513106619512,29.988315840489804,22.094058741386107
0.45381888077497684,29.975529072716313,22.094058741386107
0.4606290509027244,29.987077928539975,22.093283778459522
0.4565409568927774,29.989965377194267,22.09483664208784
0.45261904461136904,29.98748952455236,22.092896297857294
0.4560052122690109,29.987077928539975,22.092896297857294
0.4411888189559715,29.98748952455236,22.091730924049955
0.41275857361868895,29.986251624124236,22.091730924049955
0.41898532473827327,29.98748952455236,22.090953032583343
0.4505539580985256,30.003162774846203,22.089400192003154
0.4577745511634044,29.987904240646344,22.08978766742922
0.43116251424126856,29.986251624124236,22.08784736063194
0.4170394082005627,29.98584003385065,22.08784736063194
0.41471148404889463,29.98254114437094,22.08784736063194
0.39378853671882164,29.985016859027155,22.08784736063194
0.3702924953682697,29.985428445484956,22.088625242871217
0.3922655897084606,29.98460215641967,22.089400192003154
0.42741094175813954,29.98254114437094,22.091730924049955
0.43085695818240927,29.985428445484956,22.092896297857294
0.4113856502362918,29.984190573791807,22.095611609616526
0.4029336936875347,29.98377899307161,22.097554909509142
0.4060116952521478,29.98377899307161,22.099882778710366
0.40490150421277044,29.99615219251774,22.102213604226677
0.4071641626755314,29.985428445484956,22.104154017670965
0.4114418867181787,29.98212957129499,22.105319446905128
0.4137623213887794,29.98254114437094,22.10687238211608
0.41606356899375563,29.991614944554215,22.108425326580118
0.4136165891179831,29.982952719354273,22.107259883459847
0.39353528739264987,29.985016859027155,22.11230919608596
0.3803437855678639,29.983367414258964,22.113862172975587
0.39713229473645506,29.99078859790461,22.1158026731963
0.4223008544462872,29.98212957129499,22.116193123553387
0.42818343064219955,29.984190573791807,22.118521159284512
0.40788012584873073,29.981303312923046,22.12007417328067
0.4073963254493567,29.98212957129499,22.1220176556742
0.44155845757136786,29.98254114437094,22.124736206819534
0.46160671710545315,29.98212957129499,22.12628925800277
0.4672898149476373,29.984190573791807,22.129007853925145
0.47069739833578655,29.981714882170138,22.129395388279704
0.45974605362428245,29.98212957129499,22.1309484673813
0.42411704711563863,29.983367414258964,22.134442195438623
0.41183221174383916,29.980891745582994,22.137548423529267
0.4330736108277445,29.98212957129499,22.139492037024183
0.44243515976265724,29.98212957129499,22.14182028210365
0.41700681375882914,29.978830819631753,22.14415148421108
0.4147364013527857,29.974294456660687,22.14687026793007
0.4515898675107668,29.981714882170138,22.149201515671223
0.48013528383374726,29.98254114437094,22.1523079213776
0.46909460376121737,29.983367414258964,22.154248709933086
0.47062996946844016,29.97635527738447,22.157355176538545
0.4726304246920135,29.98377899307161,22.157742753454215
0.4536367240725268,29.984190573791807,22.16007409965232
0.44322749657765015,29.983367414258964,22.16279305153131
0.44862212344569924,29.98377899307161,22.165124443559762
0.4573357317728085,29.984190573791807,22.167840512618227
0.46335245404868325,29.985016859027155,22.168231041669117
0.46542822476867746,29.99574055632877,22.171337677411543
0.46296867146814963,29.98460215641967,22.172503409613626
0.46169561987038354,29.98955376970224,22.174056748676207
0.4635141554582699,29.985428445484956,22.17599770165606
0.44346790629972904,29.9953258036154,22.17871682241781
0.4135534723533234,29.98460215641967,22.17871682241781
0.4114088534642163,29.986251624124236,22.181048359353383
0.4457502371135185,29.986666334435768,22.18298936539236
0.4471489919511868,29.989139045901993,22.184542768141057
0.42635076381902687,29.987904240646344,22.18609618033929
0.4226682027236245,29.987904240646344,22.184155150691538
0.43194380930767345,29.98748952455236,22.189981220482764
0.423253534809857,29.987904240646344,22.190756473670604
0.4177908245174775,29.987077928539975,22.191922294455537
0.44108758539136306,29.986251624124236,22.193866319816607
0.46817820810558597,29.989139045901993,22.194641584823046
0.4746780054002044,29.990376986595038,22.196973267285557
0.47616897194367913,29.98955376970224,22.198526755239584
0.47943819902101004,29.989139045901993,22.199692611597527
0.4621348534403151,30.006465549939605,22.201246116157222
0.44225487906653965,29.98955376970224,22.202409048277786
0.45809144319887596,29.99078859790461,22.202799630208744
0.4932909429693165,29.990376986595038,22.20551903683537
0.50874504723203,29.991203329412315,22.20474080194424
0.4768524993767736,29.991614944554215,22.20551903683537
0.4220857418277331,29.989965377194267,22.205906686802905
0.4128819106722673,29.989965377194267,22.20707257701406
0.4163552032875099,29.992026561605144,22.20707257701406
0.4143170110455865,29.993264542574593,22.209013781411443
0.4095991627741373,29.99243818056516,22.20940143671578
0.4058086694773226,29.993676167276874,22.20979202940174
0.4098391234827185,29.989965377194267,22.210567342980994
0.42517418544676766,29.992852919781626,22.211733254605292
0.4387017757943118,29.993264542574593,22.2136744946701
0.4326138755157986,29.991614944554215,22.214452756964818
0.42547473818521564,29.99243818056516,22.214452756964818
0.42762080045898815,29.993676167276874,22.215618686460573
0.41543971171175376,29.993264542574593,22.217559956293144
0.39208090196300516,29.994914171260405,22.219501241009993
0.39662621707810575,29.9953258036154,22.219501241009993
0.42414732343665323,29.994914171260405,22.221054866889176
0.42714735279021626,29.998213520648335,22.222999115363848
0.402687589299104,29.99615219251774,22.224552762731435
0.4113096781682855,29.99615219251774,22.226881783197996
0.4378877019713252,29.99656383061665,22.227660086122967
0.43279129050221815,30.002339439305956,22.2284354544409
0.41587397781416174,29.99615219251774,22.22960144840181
0.4135213627126932,30.011415264818652,22.23115513638288
0.42108054795661065,29.999863241360515,22.231933452484213
0.4159489058118582,29.9973902310511,22.231933452484213
0.4080456639123676,29.997801874894606,22.233099462608948
0.4132205361599833,29.998628286862584,22.23387484764112
0.4078470778851929,30.002339439305956,22.23465317213595
0.3805621057891739,29.998213520648335,22.23465317213595
0.37175178421473265,30.005639064932268,22.235819194838427
0.38458813116071244,29.999451587950716,22.236594588236755
0.3852857220453919,29.999863241360515,22.23737292113111
0.37004426498606846,30.011415264818652,22.237760619922938
0.3649313622514811,29.999863241360515,22.238148319311506
0.38249069717996664,29.998213520648335,22.239314358190768
0.39597486011065003,30.000278015289155,22.239702059971478
0.3919166998862181,30.001101331691018,22.240868106046776
0.38129924010207367,30.000278015289155,22.24164645215137
0.37406105920186367,30.001927774402418,22.242421863494826
0.3755119647498937,30.001101331691018,22.243587922173617
0.3835494890686062,30.001512992758137,22.243587922173617
0.37879085196491485,30.001927774402418,22.2439756305389
0.34751481780324106,30.001101331691018,22.2439756305389
0.3275889356775627,29.97346827115257,22.245141696421797
0.3516033641796319,30.001101331691018,22.244753986258615
0.3987618237993047,30.002339439305956,22.244753986258615
0.41369059684842957,30.010177030444595,22.245141696421797
0.39161942313578535,30.001512992758137,22.245141696421797
0.3767184160152372,30.003162774846203,22.24592005575147
0.35558651464663804,30.00068967253469,22.24630776771312
0.3377905332368649,30.002339439305956,22.24630776771312
0.3673411371531047,30.001101331691018,22.24592005575147
0.4111577008273707,30.002339439305956,22.245141696421797
0.4124707157298374,29.974294456660687,22.245141696421797
0.3967747601470241,30.002751106120513,22.244366276693256
0.4047599728078984,30.00398923677011,22.24048040247021
0.4137684117403675,30.003577564207433,22.242809570062718
0.4050172583014968,30.009765329145125,22.242809570062718
0.4004048038888011,30.00398923677011,22.24164645215137
0.3919859678331057,30.004400911244204,22.240868106046776
0.3648186761657426,30.004400911244204,22.24048040247021
0.3603040409949557,30.003577564207433,22.240092699490788
0.3656705691780076,30.00398923677011,22.242809570062718
0.3533659639353042,30.00481570639755,22.244753986258615
0.3516679728345189,30.00481570639755,22.2439756305389
0.3782083934655337,29.975529072716313,22.245141696421797
0.4065482049123072,30.002751106120513,22.245529407182858
0.421374821483962,30.005639064932268,22.245529407182858
0.423518780603572,30.00481570639755,22.24592005575147
0.4192561692113032,29.99574055632877,22.245141696421797
0.42758454992928857,30.005639064932268,22.244753986258615
0.43722718406805383,30.00481570639755,22.245529407182858
0.41696738153770974,30.006465549939605,22.2439756305389
0.39690070848023196,29.997801874894606,22.243200214405988
0.42149163797710604,30.005227384709087,22.242421863494826
0.4385490269237591,30.02008027070798,22.242034157524415
0.4001794760069287,30.005227384709087,22.241255810220594
0.38169033246394474,29.99574055632877,22.241255810220594
0.40190711178345806,30.01554179798819,22.240868106046776
0.3916663383970856,30.003162774846203,22.240092699490788
0.3663151763764825,30.00398923677011,22.239702059971478
0.3652013820464828,30.003162774846203,22.240092699490788
0.37635706366186983,30.002339439305956,22.238926657007084
0.37694165922586986,30.004400911244204,22.238926657007084
0.3841843149289704,30.001512992758137,22.237760619922938
0.39278059557290645,30.001512992758137,22.237760619922938
0.3834729365129085,30.000278015289155,22.23698228583072
0.3533757294629771,30.001101331691018,22.236594588236755
0.3449276672605901,29.999451587950716,22.235819194838427
0.35860778512819674,30.00811542418711,22.232321142909882
0.36957116674626167,29.999863241360515,22.236206891239306
0.3758549152223702,29.972230566102326,22.23504086674319
0.37589254316612997,29.999863241360515,22.23270883393144
0.37005338154640244,30.005227384709087,22.234265478124996
0.3908758541014707,30.004400911244204,22.233487154827003
0.42119365367555717,29.97346827115257,22.233487154827003
0.4280391890377233,30.011415264818652,22.233487154827003
0.41251411882079003,29.997801874894606,22.23387484764112
0.3957399257485334,29.99656383061665,22.23504086674319
0.382339801437554,30.011826973783286,22.235428561946776
0.39002431886916056,29.991614944554215,22.23504086674319
0.44197333106639597,29.98955376970224,22.236594588236755
0.46104430561433835,29.993264542574593,22.23698228583072
0.4474357795190085,29.99574055632877,22.23737292113111
0.43997699585557043,29.993264542574593,22.237760619922938
0.4624995289907834,29.994502540815063,22.235428561946776
0.46169897182030484,29.99243818056516,22.237760619922938
0.4312365277079785,29.990376986595038,22.23737292113111
0.43752318777385074,29.991203329412315,22.23737292113111
0.47171241472450304,29.991614944554215,22.23737292113111
0.49182719869415914,29.991203329412315,22.235819194838427
0.46710574660032833,29.990376986595038,22.235428561946776
0.4426516238700639,29.989139045901993,22.235428561946776
0.43875980498426537,29.990376986595038,22.233099462608948
0.4318856839359311,29.98748952455236,22.23270883393144
0.4230085196578777,29.987904240646344,22.23076744774903
0.4280871181870082,29.986251624124236,22.22960144840181
0.43823838000780835,29.985428445484956,22.227660086122967
0.4446945647966037,29.986251624124236,22.226106419649852
0.4615097019747186,29.985428445484956,22.222608502310322
0.467899596843116,29.98212957129499,22.219891849265252
0.4465961574090802,29.988315840489804,22.2167816844522
0.4232985295114789,29.982952719354273,22.215618686460573
0.41295415430571547,29.983367414258964,22.2136744946701
0.40352706787175147,29.98254114437094,22.21134559573744
0.39699453812377916,29.98212957129499,22.20979202940174
0.39541142025604964,29.98212957129499,22.207460229353387
0.3896838724501384,29.98254114437094,22.205906686802905
0.37758636776086657,29.98212957129499,22.204353153756017
0.3891321349063136,29.981303312923046,22.201633759606352
0.4097064306988594,29.98377899307161,22.20008025267856
0.419549047834641,29.980891745582994,22.198136179871028
0.4142069526861744,29.980891745582994,22.19736090422367
0.421493522558235,29.980891745582994,22.194253952024894
0.42721618120067717,29.980891745582994,22.192700490138634
0.4162144793241008,29.97924237742302,22.191147037722544
0.4209348351069993,29.979653937120986,22.189203033100114
0.446230271201751,29.978830819631753,22.18842778463454
0.4535782251415266,29.980065498725764,22.18609618033929
0.4167267718963421,29.979653937120986,22.18221119932474
0.3964823285617842,29.978830819631753,22.182601750300137
0.43861998463506735,29.97924237742302,22.181435972089275
0.4730846919705471,29.980065498725764,22.176775848814486
0.46312452204523863,29.98748952455236,22.17755106192152
0.4338721624812393,29.98048018015004,22.176775848814486
0.41406029490826096,29.978830819631753,22.174444350818533
0.4061938233157419,29.978830819631753,22.173278609782926
0.3973197791027757,29.97924237742302,22.171337677411543
0.3950608797229663,29.978830819631753,22.170171950512724
0.4004649401728378,29.979653937120986,22.167840512618227
0.4057956171361079,29.98048018015004,22.164733919237506
0.4156220910345682,29.97346827115257,22.16201494681235
0.425138619426704,29.958211719544465,22.16046168066714
0.416753682857105,29.98460215641967,22.158133267149424
0.42319956174746604,29.980891745582994,22.156189513122683
0.438710910527988,29.98048018015004,22.15308306058904
0.4277869338610947,29.981714882170138,22.151529848379198
0.41060485523847634,29.981714882170138,22.149201515671223
0.4022595329757478,29.980065498725764,22.14725782906595
0.39669047604138696,29.98212957129499,22.146092211347252
0.4128146702180483,29.981303312923046,22.14453904126242
0.44650975486354244,29.980891745582994,22.142598325806603
0.44346296088943205,29.980065498725764,22.14065762493891
0.42419494968146126,29.981303312923046,22.138326454367302
0.42622359546667166,29.98048018015004,22.137160876966675
0.4276032798736975,29.981714882170138,22.136385785584025
0.3964815697866414,29.980891745582994,22.134442195438623
0.39148405286477506,29.980065498725764,22.132889095379483
0.41779936429515196,29.981303312923046,22.1309484673813
0.42087920499336007,29.981714882170138,22.13056093070327
0.4021019068008864,29.981303312923046,22.129395388279704
0.4092633449253262,29.968932181895127,22.125898792463317
0.4065272566686833,29.98212957129499,22.124736206819534
0.36972937120712585,29.986666334435768,22.122792704070378
0.3655032444568935,29.98254114437094,22.12123967381592
0.4048602995470165,29.981714882170138,22.120464630056176
0.4429498835526843,29.97305674010471,22.118521159284512
0.4544552127835478,29.982952719354273,22.116580638773314
0.44577957214358505,29.981714882170138,22.115415159135864
0.43097093751811594,29.988727442241668,22.115027645652958
0.4341718240135336,29.983367414258964,22.113474661806322
0.44854397071807095,29.98377899307161,22.11269670551951
0.4411799504587897,29.983367414258964,22.11230919608596
0.3990320529112895,29.981303312923046,22.111143735584847
0.3931809168166306,29.983367414258964,22.110368721918405
0.40523667327099033,29.983367414258964,22.109203270103478
0.3994785087141637,29.983367414258964,22.109590774914068
0.3964990399686587,29.982952719354273,22.107259883459847
0.39555259340261656,29.98212957129499,22.105706945940312
0.3800298352368678,29.97058135870037,22.105319446905128
0.37728970080365265,29.983367414258964,22.10493194844571
0.4074130792905217,29.98460215641967,22.10454445056223
0.4249821436958636,29.984190573791807,22.104154017670965
0.42609790262881225,29.983367414258964,22.104154017670965
0.4485690336515961,29.984190573791807,22.105319446905128
0.4473974760224596,29.98460215641967,22.105706945940312
0.4097158780978809,29.98460215641967,22.106484881348422
0.4201927975336687,29.98460215641967,22.108425326580118
0.4450794584670992,29.985016859027155,22.10765032100261
0.43431681235668296,29.98460215641967,22.10765032100261
0.42102885824457076,29.985428445484956,22.107259883459847
0.43215725936942606,29.985016859027155,22.10687238211608
0.4353313603570959,29.985016859027155,22.107259883459847
0.4356809091692862,29.98460215641967,22.10609738115687
0.45361291243426327,29.987077928539975,22.105706945940312
0.47674180451281045,29.985016859027155,22.10454445056223
0.47413181460495735,29.98377899307161,22.104154017670965
0.45488154958511445,29.985016859027155,22.102601098647824
0.4358123834253575,29.986251624124236,22.101826110380955
0.43561510940730874,29.98048018015004,22.100660696751447
0.4525886064109684,29.985428445484956,22.099495288324476
0.4623796185203222,29.98748952455236,22.09522412556504
0.4461919504087592,29.986251624124236,22.096002029734223
0.44417167333931756,29.987077928539975,22.095611609616526
0.47912258944436037,29.987077928539975,22.092896297857294
0.4888492602851057,29.988315840489804,22.091340510307873
0.46076710976051305,29.98748952455236,22.08978766742922
0.4485193156349935,29.986251624124236,22.08784736063194
0.4588029055215243,29.98748952455236,22.08629453846561
0.4555766395015957,29.987904240646344,22.085516663145995
0.4483681564289843,29.987077928539975,22.083576387974176
0.444043014489257,29.987077928539975,22.082023591105724
0.423030078431123,29.99656383061665,22.081636127157367
0.42123542569730377,29.988315840489804,22.080083341771797
0.47211097548774894,29.985016859027155,22.078530565571498
0.5186580906769795,29.96027216754345,22.07697779855266
0.5088841444110896,29.988727442241668,22.076587406776298
0.4962309994479971,29.98748952455236,22.071541718624644
0.5001961478984641,29.988727442241668,22.07425974453855
0.4946362238898553,29.9973902310511,22.073094453530814
0.4708060192065755,29.98748952455236,22.069211165850277
0.465140788653385,29.988315840489804,22.071541718624644
0.4826432385936197,29.98955376970224,22.07270700275268
0.48767684477860407,29.989139045901993,22.071929167686335
0.4763579268471113,29.990376986595038,22.07076388700358
0.4680012532560074,29.968520671847216,22.070376439657707
0.4603654191470659,29.989965377194267,22.070376439657707
0.4536987036473979,29.989965377194267,22.07076388700358
0.4381415317034321,29.989965377194267,22.07076388700358
0.41221206476772965,29.990376986595038,22.073094453530814
0.40309852017954667,29.982952719354273,22.071541718624644
0.41687221171450095,29.99078859790461,22.07270700275268
0.4289133914143271,29.991203329412315,22.07386935679949
0.42015262668673875,29.991614944554215,22.074647197604577
0.4276772831121349,29.993676167276874,22.076587406776298
0.4405317768490129,29.991203329412315,22.07697779855266
0.41231073418429176,29.992852919781626,22.078530565571498
0.38155199131653933,29.993264542574593,22.07969294537895
0.3987352673430053,29.993264542574593,22.080083341771797
0.4351782822315772,29.993264542574593,22.081245728454803
0.43874061491613325,29.994090912279376,22.08241105562621
0.4266540683114056,29.999039936451425,22.0831889217323
0.42179113977254623,29.985428445484956,22.085907068206495
0.40806025355546394,29.99574055632877,22.087072416094202
0.40781962261016336,30.003577564207433,22.087459888076523
0.44184157361024534,29.994090912279376,22.088625242871217
0.4516173068031184,29.99574055632877,22.087459888076523
0.43028590689032103,29.9953258036154,22.090178078855104
0.4394722504955282,29.99574055632877,22.090178078855104
0.47315046021135293,29.99656383061665,22.090178078855104
0.4657160365393239,29.99656383061665,22.091340510307873
0.4411278797829808,30.003162774846203,22.08978766742922
0.4401064663200439,29.99615219251774,22.089400192003154
0.4513746027776133,29.997801874894606,22.088234833760453
0.45365841350226754,29.997801874894606,22.087459888076523
0.4429239484826778,30.006465549939605,22.08668200929759
0.422393669949067,29.998628286862584,22.085907068206495
0.4105335410199588,30.007288923797375,22.085516663145995
0.4246671476508425,29.997801874894606,22.0831889217323
0.4392658895030867,29.997801874894606,22.08241105562621
0.44364924065553824,29.9973902310511,22.080858265655138
0.461147214630371,29.997801874894606,22.07969294537895
0.472342762230768,30.003577564207433,22.078530565571498
0.446808525021093,29.997801874894606,22.076199950850025
0.43969898328228063,29.998213520648335,22.07425974453855
0.4805489338856087,29.998628286862584,22.073481904879714
0.49916240799320155,29.992852919781626,22.07076388700358
0.4773202645278166,29.998213520648335,22.068436276299735
0.467107558823868,29.999863241360515,22.067658453854847
0.4729608016921649,29.998628286862584,22.066493192075257
0.4579255497880824,29.99656383061665,22.064940496100917
0.439925162753548,29.998213520648335,22.063387809273706
0.4514653939010239,29.998213520648335,22.061835131589532
0.4637677541482611,30.00068967253469,22.060282463044643
0.4538533902486322,29.999039936451425,22.05950466465623
0.449572147348452,29.9973902310511,22.056399364115975
0.44853584506514177,29.999039936451425,22.053681522332397
0.43926464153234074,29.998628286862584,22.051354062324094
0.4500038077791358,29.999039936451425,22.04902368782598
0.47625841911310707,29.998213520648335,22.047858508271304
0.46284695960423944,30.00068967253469,22.0459185103623
0.43048263546565463,29.999863241360515,22.04514075422219
0.42114260657917096,30.000278015289155,22.042813369294493
0.43209286589948104,30.000278015289155,22.040095666974366
0.4347742781375549,30.00893881337049,22.040095666974366
0.4187760012372486,30.001101331691018,22.03737799248978
0.3965044742272573,30.001512992758137,22.035825467391135
0.40335150571830636,30.001927774402418,22.033495229356788
0.46060663538661756,30.001512992758137,22.028837749302454
0.490376030794999,30.002339439305956,22.024955110836117
0.46871417975523977,30.003162774846203,22.026897890354405
0.4529983741470731,30.002339439305956,22.024955110836117
0.44648013061266106,30.002339439305956,22.023402658232385
0.4124780762515917,30.002339439305956,22.022627902659508
0.378107026067524,30.003162774846203,22.021462838858383
0.3964338812449417,30.003577564207433,22.021462838858383
0.4086156035305839,30.003577564207433,22.021850214670735
0.3999083593533529,30.003162774846203,22.021462838858383
0.4202021170167587,30.00398923677011,22.021850214670735
0.42731574472212946,30.00398923677011,22.021462838858383
0.3977205276017215,30.004400911244204,22.021462838858383
0.3947763709646564,30.003577564207433,22.021850214670735
0.41764917788609834,30.006877235912498,22.021850214670735
0.4249490720461205,30.00068967253469,22.021462838858383
0.417240313032799,30.005639064932268,22.021850214670735
0.3995724638933079,30.006877235912498,22.021075463608838
0.40168714475098655,30.005639064932268,22.022240525717393
0.41422654199618447,30.00605074706715,22.021075463608838
0.4063001351209603,30.006465549939605,22.020685154267312
0.3948718986440459,30.006877235912498,22.020297780147132
0.38379617474747785,30.006877235912498,22.020297780147132
0.37056415753554595,30.005227384709087,22.019523033594282
0.36435403700155666,29.993676167276874,22.019523033594282
0.3638039886550178,30.007288923797375,22.018745354657767
0.3707508065208486,30.005639064932268,22.018357983353837
0.3899450273229893,30.009765329145125,22.017970612612032
0.38477887508348463,30.00605074706715,22.018357983353837
0.3510554910481521,30.00605074706715,22.01719293819872
0.372603903222093,30.006465549939605,22.01758030781201
0.43733901707292216,30.00481570639755,22.01719293819872
0.4458865713350189,30.021315524165402,22.01641820065811
0.41529512534997803,30.005227384709087,22.015253163966463
0.4214697560003954,30.01058873365662,22.014475497466094
0.43736938070392495,30.00398923677011,22.015640530766007
0.4264095696316752,30.012653516494765,22.01331046924605
0.42898972074015923,30.00398923677011,22.012923105824314
0.4310607542660652,30.001927774402418,22.012923105824314
0.414804193498806,30.00398923677011,22.01175808437057
0.40527067967389985,30.001927774402418,22.011370723198127
0.4191374478575066,30.01430350594694,22.007488338795213
0.410723387600927,30.001101331691018,22.01059306799283
0.39791858057043294,30.00398923677011,22.010205708507726
0.3924767531652997,30.002339439305956,22.01059306799283
0.3909161598205065,29.998213520648335,22.00981834958361
0.39848917738217204,30.01058873365662,22.010983362586785
0.4151968171451049,29.9973902310511,22.01175808437057
0.41573250863943084,29.99574055632877,22.012535742963962
0.4055369588560741,30.005227384709087,22.01059306799283
0.40940206053368616,29.994914171260405,22.01408813235571
0.41773085400017396,29.99656383061665,22.015253163966463
0.41826137935164615,29.9953258036154,22.016805569147436
0.424243683713552,29.994090912279376,22.019132726523992
0.4276170428444626,29.992852919781626,22.019132726523992
0.42006578149836804,29.992852919781626,22.021075463608838
0.42477048422802177,29.992026561605144,22.022627902659508
0.433108640482891,30.003162774846203,22.02456773051165
0.4130313300547004,29.991614944554215,22.025345426429737
0.38391376988909826,29.999451587950716,22.02728527406788
0.40634564874997436,29.989965377194267,22.028450363329966
0.4616090415461634,29.963158745300973,22.030777622389508
0.45729334669753013,29.989139045901993,22.03233305278377
0.44300662489823633,29.988727442241668,22.035047740838138
0.463562520999311,29.98748952455236,22.036990594072847
0.4678388388631607,29.99656383061665,22.033885557476935
0.43069496185197503,29.98584003385065,22.039317927913544
0.41389216782095506,29.988727442241668,22.040095666974366
0.4392353849619363,29.97635527738447,22.041260812399287
0.4652994878567532,29.989965377194267,22.043978526659714
0.4735921197834689,29.98584003385065,22.044365935280894
0.45494156386680384,29.983367414258964,22.04630592181985
0.4169160447080849,29.983367414258964,22.047083681380855
0.3986997541556981,29.971407517373677,22.048248857525664
0.4065121876697115,29.998213520648335,22.050188872509693
0.4121828223106107,29.982952719354273,22.051354062324094
0.40962716685242184,29.98254114437094,22.052519257270887
0.41094809265665017,29.982952719354273,22.054459303573367
0.412489179375236,29.98212957129499,22.055234152066532
0.4356502816588863,29.983367414258964,22.056789725976955
0.46384397952898043,29.98212957129499,22.060282463044643
0.45708507389960645,29.98212957129499,22.059895031108056
0.4285276160192633,29.981714882170138,22.061057328624372
0.41242949207846247,29.981714882170138,22.063000372776344
0.3968018760319653,29.981303312923046,22.064165619112032
0.3857271778225262,29.981714882170138,22.06571831052105
0.40666129574373505,29.980891745582994,22.066883568873095
0.4096148491830049,29.98254114437094,22.068436276299735
0.39972294707221545,29.981714882170138,22.069211165850277
0.4359044390706254,29.996975470625557,22.070376439657707
0.4658597625782417,29.980891745582994,22.071151334919875
0.43784805773182645,29.95285353124052,22.071541718624644
0.43415023431467914,29.97594373296687,22.07270700275268
0.4643973903966484,29.985428445484956,22.07425974453855
0.45440544803854716,29.981303312923046,22.075034651241708
0.43401673483751807,29.979653937120986,22.07581249549503
0.44053220618778255,29.98048018015004,22.076587406776298
0.4524563328840536,29.98048018015004,22.076587406776298
0.45266800443251715,29.99574055632877,22.078530565571498
0.45102283540035687,29.987077928539975,22.075422105449945
0.45268660932631305,29.991614944554215,22.077752713270968
0.47744786749278,29.980065498725764,22.079305484871384
0.4972693270387281,29.98048018015004,22.078918024935547
0.4826780541752704,29.979653937120986,22.080470803427488
0.4749481978721476,29.980065498725764,22.081245728454803
0.47625295091416026,29.994914171260405,22.081245728454803
0.4611425055275233,29.98048018015004,22.08241105562621
0.4481573808911736,29.98048018015004,22.081245728454803
0.4469046332594399,29.981303312923046,22.082023591105724
0.43814093969447,29.957800259093972,22.082801456062782
0.4392535095693487,29.981303312923046,22.0831889217323
0.4519298180527282,29.981714882170138,22.08396385478852
0.427707316568383,29.983367414258964,22.084354257536575
0.38305590611429524,29.98254114437094,22.084741725500407
0.39096685816252097,29.972230566102326,22.085516663145995
0.4142547756053494,29.984190573791807,22.087072416094202
0.41287152566632884,29.96233578054114,22.08784736063194
0.4133892785024975,29.983367414258964,22.087459888076523
0.40965000514936944,29.98460215641967,22.090953032583343
0.36380824133444695,29.986251624124236,22.094058741386107
0.3534118211683568,29.984190573791807,22.094449159184876
0.4029529017355726,29.98584003385065,22.097554909509142
0.43618989211063053,29.988315840489804,22.100273205211067
0.4237978980313663,29.988315840489804,22.102213604226677
0.4089200142524023,29.98748952455236,22.10454445056223
0.4144754486922625,29.989139045901993,22.106484881348422
0.4216896697455014,29.989965377194267,22.108037823503253
0.42201802683440515,29.99078859790461,22.111921687229426
0.41713448556966276,29.991203329412315,22.113474661806322
0.4184500882990896,29.99243818056516,22.113474661806322
0.44195015446575897,29.988315840489804,22.116193123553387
0.46475916054241206,29.994090912279376,22.117355670946154
0.4549077666446639,29.994090912279376,22.118133641171312
0.44275778599801635,29.989965377194267,22.118521159284512
0.45164109626032994,29.999451587950716,22.119686652850874
0.4472378381397619,29.9973902310511,22.119686652850874
0.42491945549010773,29.998213520648335,22.118911613725572
0.41392415316016823,29.999451587950716,22.119299132999174
0.41782898840968485,30.000278015289155,22.118133641171312
0.41348920578088566,30.001101331691018,22.118133641171312
0.42524609714196426,30.003162774846203,22.116968154570884
0.4415793431633408,30.00398923677011,22.116193123553387
0.42514063409015906,30.004400911244204,22.1158026731963
0.4121142650555276,30.005639064932268,22.115027645652958
0.4286704261506377,30.00605074706715,22.113862172975587
0.44143465380806207,30.005639064932268,22.113862172975587
0.4189517788651119,30.006465549939605,22.114640132747468
0.41479251390493393,30.00893881337049,22.113087151214245
0.4608964701121759,30.0110035577668,22.11424968472204
0.47638781041205197,30.0110035577668,22.114640132747468
0.47481095313353183,30.011826973783286,22.115415159135864
0.4850208707799986,30.011826973783286,22.1158026731963
0.48491025762717044,30.022965674987574,22.113474661806322
0.4584086002703834,30.001927774402418,22.118133641171312
0.4469812721427648,30.028331217287985,22.119686652850874
0.4469984639742306,30.024615856565276,22.120464630056176
0.4378033553044792,30.01842705440538,22.1220176556742
0.42500889232348465,30.018015314767695,22.123183164934574
0.41841391563470903,30.018841915218616,22.125123734788417
0.43587164240215576,30.033693965114537,22.127451850609646
0.46417681822871576,30.028331217287985,22.129782923213895
0.4341152749255272,30.02255391424694,22.13172354247712
0.385438966937109,30.024204088149816,22.134442195438623
0.3991616014454371,30.023792321649637,22.13560776058557
0.43696031671979013,30.024204088149816,22.138326454367302
0.4444598618647477,30.025030746375478,22.139879587082305
0.4419644242790717,30.025854292812028,22.14298588052594
0.44799502181199063,30.027092746385563,22.146092211347252
0.438765652733907,30.027919431588714,22.14687026793007
0.4380347769248124,30.02915479443442,22.149201515671223
0.4660527029968405,30.028743004903163,22.1523079213776
0.4743228711050221,30.025442518636055,22.15347356721213
0.45972446714767445,30.03163181128781,22.15308306058904
0.4614590838061944,30.034932528415084,22.156967600206997
0.43283162457437147,30.032043614262648,22.158908423910475
0.3869391895893124,30.02626918842668,22.159686519222078
0.4068589293470185,30.03410889748767,22.1616273634545
0.44179964161850704,30.034932528415084,22.163571158607738
0.4430243726853822,30.035344346754584,22.165124443559762
0.45368281416243816,30.036171109057875,22.167065328895262
0.4748530007580458,30.03740970704507,22.167452920463916
0.482376640130136,30.03864832237872,22.168231041669117
0.4819842476701004,30.038233368709882,22.167840512618227
0.4776462564528601,30.040298796471518,22.167840512618227
0.4801270434098539,30.040710639800125,22.166287211226177
0.4741084527235712,30.041122485047083,22.167065328895262
0.45137188358065594,30.039471995580016,22.16551203219649
0.44285604919561267,30.05144108277824,22.166287211226177
0.4411837948431313,30.032458538895526,22.165124443559762
0.4183312159154847,30.04401169579296,22.164346331775732
0.4047128420188045,30.035759286869165,22.163571158607738
0.43825912026443137,30.04566227001601,22.163958744899162
0.45901156508994845,30.0481397492955,22.16279305153131
0.43144664734041943,30.047312875063653,22.162405466999303
0.42170834083055037,30.048551629158226,22.16085219849299
0.4448249358178101,30.05350369872923,22.158908423910475
0.4368238882361968,30.048551629158226,22.156967600206997
0.4104386089765021,30.049790400618406,22.155026791148373
0.3963455798768234,30.040710639800125,22.15347356721213
0.38286616268991,30.051029189446183,22.151142280819215
0.39789244753752684,30.050614177652278,22.148811015524245
0.4368555201253985,30.051029189446183,22.14648270737655
0.4304674204160503,30.04525040361881,22.14453904126242
0.4006717504519984,30.053918724097855,22.141432729133896
0.40854131892874335,30.06341179174541,22.140267137721764
0.4288210748394248,30.05309179578012,22.138326454367302
0.4212044536204095,30.052264875203434,22.136385785584025
0.41191294072975987,30.02626918842668,22.134442195438623
0.4114549106172085,30.052264875203434,22.129782923213895
0.41461364945727575,30.05350369872923,22.13211401679439
0.4205468935469428,30.053918724097855,22.1309484673813
0.423554969639766,30.05144108277824,22.129782923213895
0.42885829623381755,30.051852978030638,22.129395388279704
0.425827871585738,30.05309179578012,22.129395388279704
0.3892842470437807,30.041534332212393,22.12861738429052
0.3585749699782362,30.034932528415084,22.12822985109966
0.39341003909235184,30.052679894751748,22.12822985109966
0.41560593673259477,30.05309179578012,22.12822985109966
0.4142222812212237,30.053918724097855,22.125511263336364
0.4338198481088363,30.052264875203434,22.127064319161377
0.4337985566084514,30.057632195763176,22.126676788292457
0.39040478954128627,30.051029189446183,22.125511263336364
0.386051354295637,30.05144108277824,22.125898792463317
0.42316064969482914,30.049790400618406,22.124736206819534
0.4275166104988185,30.040710639800125,22.12434574361822
0.41649946978039354,30.050202288175285,22.123183164934574
0.42890566598315344,30.050202288175285,22.12240517958304
0.42709655587505646,30.048551629158226,22.120852151646886
0.43493755554097824,30.04937851498147,22.119686652850874
0.42352063593188793,30.050614177652278,22.118911613725572
0.4288029410975446,30.048551629158226,22.115415159135864
0.4481395357812139,30.04772787135255,22.111921687229426
0.41764207819104227,30.04937851498147,22.110368721918405
0.3957691988404145,30.046489128804637,22.107259883459847
0.4154596951991986,30.0469010009744,22.104154017670965
0.4389116784844794,30.0469010009744,22.102991529214762
0.44246548956716303,30.04607413833253,22.101435681557746
0.4167539719416571,30.04607413833253,22.100660696751447
0.39616330208923256,30.0481397492955,22.099882778710366
0.4121640212631782,30.04442355641828,22.095611609616526
0.396413342333201,30.04566227001601,22.095611609616526
0.39132672192382906,30.042773005324875,22.093283778459522
0.4486170872670881,30.04194930137237,22.087459888076523
0.39369412634978357,30.05309179578012,22.083576387974176
0.4048806522291225,30.040298796471518,22.081245728454803
0.40723817636691934,30.039883835057708,22.07736525562609
0.40037695865840783,30.039883835057708,22.078918024935547
0.3849810356486729,30.039471995580016,22.077752713270968
0.39355099840187246,30.03864832237872,22.07736525562609
0.40220608261748936,30.037821536918614,22.07581249549503
0.3705507078694499,30.03864832237872,22.07425974453855
0.3622017926569107,30.03740970704507,22.072316617318677
0.3790053762433128,30.023380557064513,22.06998899288226
0.3626721940720618,30.036582933164027,22.068823720789965
0.33568003112115674,30.026680966448282,22.066883568873095
0.3724782128808797,30.036171109057875,22.064940496100917
0.4098541641409532,30.024615856565276,22.063387809273706
0.3787951009054409,30.03740970704507,22.061835131589532
0.4005585478268569,30.036582933164027,22.061057328624372
0.3707490342327515,30.03740970704507,22.060282463044643
0.33842672882066394,30.037821536918614,22.060669895550063
0.3694893672200694,30.04566227001601,22.060669895550063
0.4038109603436238,30.035759286869165,22.061057328624372
0.426627086734216,30.033693965114537,22.062222566375112
0.4575143534828127,30.033693965114537,22.0637752463403
0.455180172132829,30.015126952630794,22.06610575101331
0.42721996265664686,30.032043614262648,22.067271011079015
0.43047504136730064,30.032043614262648,22.067658453854847
0.43416733827407017,30.032043614262648,22.071541718624644
0.43105996744915903,30.03410889748767,22.073481904879714
0.42460227981057813,30.03163181128781,22.07581249549503
0.4081341287902065,30.03287034571838,22.07581249549503
0.40496586978510096,30.029981498899474,22.07736525562609
0.4180558034200682,30.03122001022956,22.07969294537895
0.4195395849065171,30.040710639800125,22.081245728454803
0.42246847497315954,30.030808211087788,22.082023591105724
0.43502615090387586,30.029569705521283,22.082801456062782
0.4450850758343499,30.02915479443442,22.084354257536575
0.4537455891832363,30.030393294193857,22.085129194036824
0.4786828504236857,30.030393294193857,22.08668200929759
0.47519873890257225,30.003577564207433,22.087459888076523
0.47070020417839487,30.02626918842668,22.087459888076523
0.4731052906319551,30.028743004903163,22.08978766742922
0.4354712112978523,30.025030746375478,22.089400192003154
0.4566612089851926,30.028743004903163,22.090953032583343
0.4260573081021473,30.028331217287985,22.092118402926246
0.36476368306785045,30.027919431588714,22.094058741386107
0.4201763710325324,30.026680966448282,22.095611609616526
0.44091902401601374,30.027919431588714,22.097942397016368
0.43737309456832296,30.027092746385563,22.098720309277553
0.437575217749515,30.02626918842668,22.10104818886697
0.4361474864206538,30.025854292812028,22.102213604226677
0.4381090801664591,30.024615856565276,22.10454445056223
0.44989693507064893,30.025854292812028,22.10609738115687
0.4512345881936852,30.024615856565276,22.10765032100261
0.45151810747467125,30.024615856565276,22.109590774914068
0.46350329159728093,30.025854292812028,22.111143735584847
0.4692317440112783,30.025030746375478,22.11230919608596
0.4708626474739943,30.022965674987574,22.11424968472204
0.47918187375129356,30.022142155421193,22.115415159135864
0.4797628669847453,30.023792321649637,22.116580638773314
0.466955397064601,30.023792321649637,22.118521159284512
0.4636188796893583,30.023380557064513,22.119686652850874
0.4700816592520734,30.022142155421193,22.120464630056176
0.4553588326917968,30.02255391424694,22.12123967381592
0.43224807739712096,30.022142155421193,22.12240517958304
0.43264623564376037,30.021315524165402,22.1220176556742
0.44208579426514766,30.022142155421193,22.122792704070378
0.44255342743865994,30.02173039851033,22.122792704070378
0.44987514348941116,30.021315524165402,22.121627196563338
0.46450548370140704,30.020492019945948,22.12240517958304
0.43898639760889746,30.02008027070798,22.1220176556742
0.39393962270476984,30.02008027070798,22.121627196563338
0.40904428917563423,30.01842705440538,22.12123967381592
0.4396097722724606,30.0176035770441,22.120464630056176
0.43070765848633735,30.018841915218616,22.120852151646886
0.42757079109441565,30.018015314767695,22.120852151646886
0.4512309177429497,30.018015314767695,22.121627196563338
0.4533683806686899,30.0176035770441,22.121627196563338
0.4222260586993549,30.01554179798819,22.12123967381592
0.41448918732463863,30.015953526128385,22.121627196563338
0.44359383323107193,30.016776988149672,22.12007417328067
0.47730944848745194,30.01554179798819,22.120464630056176
0.47570133371225176,30.015126952630794,22.117355670946154
0.4503498605784645,30.01223868466076,22.1158026731963
0.45984569959939986,30.01842705440538,22.115027645652958
0.458577130503436,30.012653516494765,22.113087151214245
0.42797426930880633,30.016776988149672,22.111921687229426
0.43047926315592827,30.0138886663878,22.11075622846323
0.4512312049612565,30.011826973783286,22.108425326580118
0.46837300417668126,30.011415264818652,22.10765032100261
0.49594084716039316,30.022965674987574,22.105319446905128
0.48899104481604705,30.01223868466076,22.105319446905128
0.4482626251553131,30.011415264818652,22.10454445056223
0.43394158920596426,30.02255391424694,22.10376652094328
0.44283476471291794,30.00893881337049,22.102991529214762
0.4380239798160001,30.006877235912498,22.102991529214762
0.4179624184813859,30.01554179798819,22.101826110380955
0.4189529046580403,30.00811542418711,22.101435681557746
0.426298470722256,30.015126952630794,22.10104818886697
0.41749018361492124,30.00605074706715,22.100660696751447
0.39846782366764766,30.007288923797375,22.10104818886697
0.4137534147938062,30.00770061359424,22.10104818886697
0.4381689116687763,30.007288923797375,22.10104818886697
0.42476379778979617,30.007288923797375,22.101826110380955
0.4053926233964084,30.00770061359424,22.102213604226677
0.41785409008737145,29.978004591943147,22.102991529214762
0.4251046244411573,30.023792321649637,22.104154017670965
0.4119409742313603,30.006465549939605,22.10609738115687
0.3816484269683449,30.006465549939605,22.10609738115687
0.38119880914998944,30.00068967253469,22.107259883459847
0.4030999795840866,30.006465549939605,22.108037823503253
0.4281763643080982,30.001512992758137,22.108425326580118
0.4424858318644913,30.005227384709087,22.109203270103478
0.4351640157703554,30.0176035770441,22.109590774914068
0.4341946557977489,30.005639064932268,22.109203270103478
0.4545251866991594,30.005639064932268,22.109590774914068
0.45955009847320016,30.00770061359424,22.10997828030122
0.44907658479090745,30.005227384709087,22.109203270103478
0.4421744471193329,30.016776988149672,22.109590774914068
0.4637395942096835,30.00398923677011,22.10997828030122
0.47917842370761043,30.002339439305956,22.110368721918405
0.45973480105133896,30.00481570639755,22.111921687229426
0.44744781377239184,29.998213520648335,22.11075622846323
0.4601786285565368,30.005639064932268,22.11075622846323
0.46729239190875005,30.005227384709087,22.11230919608596
0.4793160703386957,30.005639064932268,22.111921687229426
0.491963641354114,30.004400911244204,22.110368721918405
0.4693226000172691,30.003577564207433,22.111143735584847
0.4382488014376058,30.003162774846203,22.111921687229426
0.43502876723083445,30.001101331691018,22.111921687229426
0.472937486628969,30.018015314767695,22.113087151214245
0.4926485687048641,30.004400911244204,22.113862172975587
0.478748566857813,30.005227384709087,22.114640132747468
0.4708599213492325,30.003577564207433,22.115027645652958
0.46464390776803605,30.00398923677011,22.116193123553387
0.44164706304405466,30.002339439305956,22.117746123635982
0.42366112035799286,30.00398923677011,22.118911613725572
0.43449396765900866,30.003577564207433,22.121627196563338
0.4390394743306909,30.003577564207433,22.12434574361822
0.4364474732051293,30.016776988149672,22.127064319161377
0.4678390345140202,30.003577564207433,22.12822985109966
0.4965208349399435,30.00398923677011,22.129782923213895
0.48428748164605134,30.00398923677011,22.13056093070327
0.452698141181935,30.00398923677011,22.127451850609646
0.4411829105093479,30.00398923677011,22.129007853925145
0.4653022408723427,29.9953258036154,22.12822985109966
0.46802050851794913,29.999039936451425,22.129395388279704
0.4360465756347628,30.003577564207433,22.127064319161377
0.4322159283199169,29.999039936451425,22.12628925800277
0.4425870410760369,30.020492019945948,22.125511263336364
0.42749990167925356,30.002751106120513,22.124736206819534
0.3939571512648241,30.003577564207433,22.123958216811502
0.39511786042875835,30.002751106120513,22.12434574361822
0.4133563622104345,30.003577564207433,22.123570690583676
0.422313025130533,30.003577564207433,22.123570690583676
0.43865600845626546,30.00398923677011,22.122792704070378
0.4566529343943146,30.003577564207433,22.123183164934574
0.45144131052248326,30.003577564207433,22.1220176556742
0.4259407734759414,30.002751106120513,22.12240517958304
0.42656384643350365,30.002751106120513,22.1220176556742
0.4368029783858762,30.00398923677011,22.12123967381592
0.4273192547268017,30.003162774846203,22.1220176556742
0.4064064945814378,30.002339439305956,22.122792704070378
0.4205198948578501,30.002751106120513,22.12240517958304
0.4432024329391395,30.003162774846203,22.12123967381592
0.43008230124614344,30.003577564207433,22.122792704070378
0.4055808041147178,30.003577564207433,22.122792704070378
0.4080445873516836,30.004400911244204,22.123183164934574
0.4202358346732653,30.002751106120513,22.123570690583676
0.42998033120323104,30.003162774846203,22.125123734788417
0.4101671224518694,30.004400911244204,22.124736206819534
0.40679660980283083,30.004400911244204,22.125123734788417
0.41480106700463465,30.004400911244204,22.123958216811502
0.42099300302292436,30.006465549939605,22.123183164934574
0.4365647222966116,30.005227384709087,22.122792704070378
0.46542815530620774,30.00068967253469,22.12123967381592
0.46237162725990544,30.005227384709087,22.120464630056176
0.4137446068423587,30.00481570639755,22.119299132999174
0.37282765997280476,30.019253658699085,22.117746123635982
0.3933074402963741,30.004400911244204,22.116580638773314
0.38481851736066874,30.004400911244204,22.115027645652958
0.34662796729850326,30.004400911244204,22.113474661806322
0.3503435065054636,30.00481570639755,22.11230919608596
0.35986630863910174,30.00605074706715,22.110368721918405
0.3604017465665548,30.019253658699085,22.110368721918405
0.36994052512754794,30.004400911244204,22.109203270103478
0.3897511277406849,30.005227384709087,22.108037823503253
0.3947043068162598,30.005639064932268,22.107259883459847
0.3914198097835443,30.005227384709087,22.10493194844571
0.4049794508933972,30.00481570639755,22.105319446905128
0.4088858147647109,30.004400911244204,22.10493194844571
0.3857788751413727,30.00398923677011,22.10454445056223
0.3744729760714339,30.005227384709087,22.104154017670965
0.38787298292394373,30.004400911244204,22.104154017670965
0.4076125168371866,30.003162774846203,22.103379024791252
0.41198299810078237,30.005227384709087,22.10376652094328
0.4138591641752075,29.992852919781626,22.104154017670965
0.42681349798277973,30.002751106120513,22.10376652094328
0.43845220645627514,30.003162774846203,22.104154017670965
0.43868414197511285,30.00398923677011,22.10454445056223
0.41715313213392907,30.003162774846203,22.104154017670965
0.3882495410320432,30.004400911244204,22.10454445056223
0.3778385700848423,30.00605074706715,22.10493194844571
0.3921388701695309,30.001101331691018,22.10493194844571
0.40623479027504183,30.001512992758137,22.105319446905128
0.397963321148682,30.002339439305956,22.105319446905128
0.39422004203140126,30.00068967253469,22.106484881348422
0.41515725325476194,30.001101331691018,22.105706945940312
0.41801565459297957,30.001512992758137,22.10609738115687
0.3939481803521596,30.000278015289155,22.105706945940312
0.3831771987044332,29.999863241360515,22.10493194844571
0.4042214783120132,30.016365256182155,22.105319446905128
0.4179979414215777,29.999451587950716,22.10493194844571
0.41055076297798626,29.999039936451425,22.10454445056223
0.4370734387045433,29.998628286862584,22.104154017670965
0.46978167746805105,29.999039936451425,22.10376652094328
0.46427979503432115,29.998213520648335,22.102601098647824
0.4263658144490505,29.998213520648335,22.102213604226677
0.3998068996644329,29.997801874894606,22.101826110380955
0.3960961505341648,29.994914171260405,22.101826110380955
0.40480267583384966,29.9973902310511,22.10104818886697
0.4222656794390226,29.99656383061665,22.100660696751447
0.4297762635224245,29.994914171260405,22.100273205211067
0.3997227114290281,29.99574055632877,22.099882778710366
0.3721571465807242,29.9973902310511,22.099495288324476
0.3742869188709995,29.99574055632877,22.098329885098394
0.395112989941959,29.99615219251774,22.097942397016368
0.40150777060775955,29.9953258036154,22.097942397016368
0.38959548756640494,30.010177030444595,22.097554909509142
0.37780872167777896,29.994914171260405,22.096002029734223
0.368765881688887,29.994090912279376,22.09522412556504
0.37099747568063757,29.99243818056516,22.093283778459522
0.3763680810074477,29.994502540815063,22.092505882376372
0.37218009451212664,29.994090912279376,22.091340510307873
0.3680730378077599,29.993676167276874,22.089400192003154
0.38559709084167804,29.994090912279376,22.088625242871217
0.40298870099937995,29.992026561605144,22.087072416094202
0.38745230662305197,29.993264542574593,22.085907068206495
0.3684412188915701,29.991614944554215,22.084354257536575
0.3924312361664088,29.991614944554215,22.085516663145995
0.4274249875635755,29.991203329412315,22.085129194036824
0.42333665877708443,29.989965377194267,22.08241105562621
0.4092738379414721,29.989139045901993,22.082023591105724
0.4245257819656722,29.98955376970224,22.081245728454803
0.42988742577221495,29.989139045901993,22.081636127157367
0.4051547637524372,29.987904240646344,22.079305484871384
0.39099725072780744,29.987904240646344,22.078530565571498
0.40110131133819776,29.987904240646344,22.078918024935547
0.4029401099992426,29.99243818056516,22.078530565571498
0.39613525573230257,29.98584003385065,22.07697779855266
0.4048384421227619,29.98584003385065,22.07697779855266
0.4292649231407282,29.9953258036154,22.076587406776298
0.44568388855258256,29.987077928539975,22.075034651241708
0.452818110493249,29.985428445484956,22.074647197604577
0.4568481911475406,29.985016859027155,22.07386935679949
0.4544808791436951,29.984190573791807,22.073094453530814
0.45193195435764266,29.98460215641967,22.07386935679949
0.466281267039965,29.984190573791807,22.073481904879714
0.47277409800575826,29.982952719354273,22.073481904879714
0.4604998717262361,29.98254114437094,22.07270700275268
0.4404936037653608,29.981714882170138,22.07270700275268
0.4437839418018988,29.98212957129499,22.073094453530814
0.4590126510760755,29.98212957129499,22.073094453530814
0.47190140984285756,29.981714882170138,22.07425974453855
0.47700102174544357,29.98212957129499,22.074647197604577
0.4695268166332695,29.980891745582994,22.076199950850025
0.46016095274549285,29.975117532125182,22.076199950850025
0.48024977145931985,29.973879804105934,22.07736525562609
0.5130883475455377,29.97635527738447,22.078918024935547
0.48867826268155484,29.980065498725764,22.080470803427488
0.43061524419349806,29.979653937120986,22.082023591105724
0.42284444680144456,29.978416145906806,22.083576387974176
0.4542279088883549,29.95326496882103,22.085129194036824
0.46208053073193406,29.978416145906806,22.08668200929759
0.46194761672613416,29.978004591943147,22.08784736063194
0.4809664494654735,29.954502409975362,22.089012717150524
0.47756247682740216,29.97635527738447,22.08978766742922
0.41843640014153277,29.978004591943147,22.091730924049955
0.393940668541406,29.992852919781626,22.093283778459522
0.4044076314814188,29.978004591943147,22.094449159184876
0.4178007968713755,29.978004591943147,22.092896297857294
0.43792671184256715,29.97759303988596,22.097554909509142
0.4406592759492347,29.977181489735187,22.099495288324476
0.44740114437777223,29.980065498725764,22.10104818886697
0.4544958783321231,29.978004591943147,22.102601098647824
0.4532768473242944,29.978004591943147,22.10454445056223
0.45606598415961974,29.97759303988596,22.105706945940312
0.45186735693613594,29.978830819631753,22.10765032100261
0.4290492478878095,29.97759303988596,22.106484881348422
0.41766600989772346,29.978416145906806,22.111531243283252
0.4259642899763168,29.97346827115257,22.113474661806322
0.4286428240741651,29.978004591943147,22.115415159135864
0.41595351558077137,29.978416145906806,22.116580638773314
0.41118883593334365,29.978830819631753,22.118911613725572
0.4137731715043028,29.979653937120986,22.120464630056176
0.4110966649830485,29.97924237742302,22.117746123635982
0.4093050965174838,29.978416145906806,22.123183164934574
0.4292804713498873,29.978004591943147,22.12434574361822
0.4491769575866069,29.978416145906806,22.12628925800277
0.4367540873907376,29.97924237742302,22.12784231848815
0.41469473558399406,29.978830819631753,22.130170458727832
0.43730385860902804,29.980065498725764,22.131336004639195
0.4684979871397634,29.97924237742302,22.134832673857602
0.4337605258671391,29.97924237742302,22.136385785584025
0.38717174580164226,29.97924237742302,22.139492037024183
0.3868483361053732,29.980065498725764,22.140267137721764
0.4061370631810177,29.98048018015004,22.143376371854288
0.4006590039299127,29.980891745582994,22.145317093160713
0.38968901164734226,29.980891745582994,22.148811015524245
0.38591562771665594,29.979653937120986,22.14958908031184
0.3829332295987909,29.981303312923046,22.15191741652228
0.38974859017610497,29.981714882170138,22.152695490691656
0.39896577667995453,29.980891745582994,22.15308306058904
0.397027672636763,29.98254114437094,22.15386113828083
0.3965322876857628,29.983367414258964,22.155026791148373
0.40216180003580726,29.98377899307161,22.155414364555952
0.40332262070061425,29.982952719354273,22.156189513122683
0.4207910713377901,29.998628286862584,22.156189513122683
0.44138496578286535,29.983367414258964,22.156189513122683
0.43284291711512013,29.98460215641967,22.15658002445946
0.4169762974988891,29.985016859027155,22.157355176538545
0.4200094296126791,29.98584003385065,22.157355176538545
0.4310488337603883,29.98748952455236,22.157355176538545
0.4346318527799503,29.985428445484956,22.15658002445946
0.4519075295124836,29.987077928539975,22.155801938547427
0.46813306970726404,29.986666334435768,22.156967600206997
0.44719233685295984,29.987904240646344,22.158133267149424
0.41421369776135475,29.987904240646344,22.156967600206997
0.41830487346163797,29.988315840489804,22.157742753454215
0.41827549027119915,29.96975832524174,22.157355176538545
0.4090740595012246,29.98748952455236,22.157355176538545
0.4328889375872834,29.990376986595038,22.15386113828083
0.4407888041859667,30.001927774402418,22.157742753454215
0.3989192219401606,29.986251624124236,22.157742753454215
0.3684934863176266,29.988315840489804,22.15852084523783
0.4130111381330675,29.993264542574593,22.158133267149424
0.43672577328411505,29.990376986595038,22.158133267149424
0.4263152080797983,30.004400911244204,22.15852084523783
0.4222214901690142,29.991203329412315,22.157742753454215
0.4229884935204822,30.006465549939605,22.161239780681342
0.4147335981703088,29.991614944554215,22.16007409965232
0.3873742956291972,29.992852919781626,22.161239780681342
0.3536330330797694,29.994502540815063,22.162405466999303
0.3758522001720459,29.993264542574593,22.163571158607738
0.4111678881025061,29.991614944554215,22.164733919237506
0.42064083650857187,29.993264542574593,22.167065328895262
0.43357335616208903,30.00398923677011,22.167840512618227
0.4459037795821049,29.993264542574593,22.169784354834235
0.4392697200960137,29.993676167276874,22.171337677411543
0.44312043742594465,29.994090912279376,22.172503409613626
0.4551720635182264,29.994090912279376,22.174056748676207
0.43366088612182935,29.993264542574593,22.17716345507438
0.41925141569988844,29.993676167276874,22.17793866935591
0.44126051199980554,29.993676167276874,22.181048359353383
0.4606160782017952,29.993264542574593,22.18221119932474
0.45706831966388456,29.994090912279376,22.18376753383035
0.4672845264861765,29.992852919781626,22.187261979823916
0.46708290806780595,29.993676167276874,22.18842778463454
0.42214369208303126,29.998628286862584,22.18803722474695
0.4196610589050377,29.99243818056516,22.193866319816607
0.4353082380296643,29.99243818056516,22.195807423385247
0.4133955765504499,29.992026561605144,22.199692611597527
0.38822162241742914,29.993264542574593,22.200467894350368
0.39566533375519897,29.993676167276874,22.20202140364654
0.40178782053338163,29.992852919781626,22.200467894350368
0.38798900673494985,29.993676167276874,22.20551903683537
0.3821718136110589,29.994090912279376,22.20707257701406
0.3871937386611236,29.999451587950716,22.20940143671578
0.3902261777271157,29.994914171260405,22.210955000659283
0.38011786700601524,29.994914171260405,22.212899171590493
0.36989084526103944,29.99615219251774,22.21522808479756
0.4016905556435936,29.99574055632877,22.21794762466874
0.43989956170101585,29.99656383061665,22.220279521212547
0.4228773658575361,29.99615219251774,22.221833151871238
0.3789624840032793,29.99615219251774,22.22532812151178
0.41296557215260227,29.997801874894606,22.2284354544409
0.4229007194082838,29.994914171260405,22.23270883393144
0.422756658996686,29.996975470625557,22.235428561946776
0.3913632868254364,29.99656383061665,22.23698228583072
0.3608607625371464,29.9973902310511,22.23737292113111
0.3681127799858354,29.99656383061665,22.239702059971478
0.3634974339126737,30.00068967253469,22.237760619922938
0.3461021556119498,29.997801874894606,22.24048040247021
0.3670512890379192,29.9973902310511,22.242034157524415
0.3903597787672133,29.998213520648335,22.242809570062718
0.3760650625098361,29.9973902310511,22.243587922173617
0.37811947897283577,29.994914171260405,22.244366276693256
0.3944901533991197,29.9953258036154,22.245529407182858
0.39542761445445324,29.99615219251774,22.24669548027282
0.4109155101356633,29.99615219251774,22.24786155877348
0.4300077482209378,29.99574055632877,22.24941535944356
0.405464782287222,29.99574055632877,22.25019373201326
0.37798075697388306,29.99574055632877,22.252135268072152
0.36766606647498273,29.99656383061665,22.25291071178458
0.38713932876716944,30.00770061359424,22.254076819151862
0.40437048867028125,29.9953258036154,22.256796778315106
0.39148333537360086,29.994914171260405,22.25563065830039
0.38786309859201096,29.992852919781626,22.256021322587742
0.41348490092721313,29.992026561605144,22.256796778315106
0.4179329433209975,29.994914171260405,22.257962903754844
0.3908373849957746,29.994502540815063,22.258350634322255
0.38425054776399015,29.994090912279376,22.258350634322255
0.41029793463817715,29.98955376970224,22.258350634322255
0.4141059166557245,29.994914171260405,22.25912903462131
0.3948817414392579,29.993676167276874,22.25873836548965
0.3840972386649022,29.993264542574593,22.258350634322255
0.39904232771299475,29.994502540815063,22.258350634322255
0.4062248848952675,29.994090912279376,22.258350634322255
0.3986162182403837,29.994090912279376,22.258350634322255
0.38860862363879534,29.99243818056516,22.258350634322255
0.3817884471773759,29.994090912279376,22.25757517378736
0.3677352303871243,29.993264542574593,22.257184507078307
0.3619778742828424,29.993264542574593,22.256796778315106
0.3912835393909787,29.99243818056516,22.257184507078307
0.44597015724371825,29.98748952455236,22.256409050151603
0.45778430516788965,29.993264542574593,22.256021322587742
0.443935116282575,29.99243818056516,22.25563065830039
0.4357661710393091,29.996975470625557,22.256021322587742
0.44783705790625283,29.989965377194267,22.25563065830039
0.4545095724878009,29.990376986595038,22.256021322587742
0.44861146165803484,29.99078859790461,22.255242931940302
0.4370488419963054,29.989965377194267,22.255242931940302
0.41994297556467514,29.989965377194267,22.255242931940302
0.4039677778690175,29.989965377194267,22.255242931940302
0.3982365529932762,29.989139045901993,22.256796778315106
0.40570321205632437,29.988727442241668,22.25563065830039
0.42000716574898206,29.989139045901993,22.257184507078307
0.4352452826620312,29.99656383061665,22.256796778315106
0.4503638006797536,29.988315840489804,22.25757517378736
0.44453833180831054,29.986251624124236,22.257184507078307
0.407557094691107,29.987904240646344,22.257962903754844
0.39609730434026486,29.986666334435768,22.25912903462131
0.41112681794150907,29.987904240646344,22.25912903462131
0.40925173541757215,29.985428445484956,22.25912903462131
0.3917626543968815,29.987077928539975,22.26029517091615
0.38472909623791096,29.98460215641967,22.260682905093518
0.43168705357682674,29.987077928539975,22.261458375249447
0.4532683195058309,29.984190573791807,22.261849048624242
0.42841915256572444,29.985016859027155,22.26301226017739
0.414315295328467,29.985016859027155,22.26301226017739
0.4246324595366575,29.985016859027155,22.262624522392343
0.4314462787443205,29.978416145906806,22.261849048624242
0.4322625849371103,29.99078859790461,22.261070639871264
0.4413028611691915,29.983367414258964,22.259904499965728
0.4358165138367332,29.982952719354273,22.259516766993443
0.4145459900824721,29.983367414258964,22.259516766993443
0.3989024579423703,29.9973902310511,22.257962903754844
0.40071393587119475,29.98212957129499,22.258350634322255
0.39929337407345766,29.98212957129499,22.257184507078307
0.3910901704739743,29.981714882170138,22.25757517378736
0.4074915550826388,29.980065498725764,22.256409050151603
0.4336721228003794,29.979653937120986,22.255242931940302
0.4517095571919083,29.981303312923046,22.254467481018594
0.440391270592308,29.98048018015004,22.25330137183539
0.4283338387084522,29.989965377194267,22.25174754711452
0.4284694410995019,29.98254114437094,22.24980307679931
0.4462963347145575,29.97924237742302,22.248636989286354
0.47376734524518893,29.978416145906806,22.24592005575147
0.44998862142063495,29.994914171260405,22.243200214405988
0.4468267795183855,29.987904240646344,22.24164645215137
0.47381980335987806,29.968520671847216,22.239314358190768
0.47235508852934016,29.978416145906806,22.238926657007084
0.4536593550129813,29.978004591943147,22.233099462608948
0.4576026541194778,29.97676682370826,22.235428561946776
0.46010810402895813,29.984190573791807,22.235428561946776
0.4397994318925231,29.97635527738447,22.23387484764112
0.4399809897956652,29.977181489735187,22.23076744774903
0.48436432299816984,29.97594373296687,22.231933452484213
0.4871163244593639,29.98460215641967,22.23154576265432
0.43865722511999344,29.97759303988596,22.23115513638288
0.4288689667136041,29.97594373296687,22.231933452484213
0.4537707276423961,29.97676682370826,22.2284354544409
0.46174898076053855,29.97594373296687,22.233099462608948
0.46371391948919705,29.96398483500957,22.233487154827003
0.46501599326473286,29.972645210962412,22.23387484764112
0.45432179312552434,29.97594373296687,22.232321142909882
0.4437923615102111,29.975529072716313,22.235819194838427
0.4397919695977688,29.97594373296687,22.23698228583072
0.4178739625780155,29.97676682370826,22.23853601929693
0.3966403018411119,29.97635527738447,22.239314358190768
0.40229083124655796,29.973879804105934,22.240092699490788
0.4112847367079113,29.978004591943147,22.241255810220594
0.4029579908672789,29.97594373296687,22.242809570062718
0.3967055265522673,29.979653937120986,22.243200214405988
0.39757015794623346,29.97676682370826,22.243587922173617
0.4051416561178445,29.978004591943147,22.24592005575147
0.412745054503564,29.97635527738447,22.245529407182858
0.4061557469717747,29.97676682370826,22.24592005575147
0.37576192083915483,29.97676682370826,22.24592005575147
0.36136183609407213,29.972645210962412,22.24630776771312
0.380389392474099,29.97676682370826,22.245529407182858
0.38631167607330474,29.975529072716313,22.243587922173617
0.36960795212800235,29.96728303568159,22.242421863494826
0.38844256612536143,29.97635527738447,22.241255810220594
0.42990257131614334,29.97635527738447,22.240092699490788
0.4225475663342901,29.97594373296687,22.238926657007084
0.38226459130206203,29.975529072716313,22.238148319311506
0.3762071073943339,29.97470599344001,22.236594588236755
0.3849371339444791,29.97676682370826,22.235819194838427
0.3851652571368937,29.97470599344001,22.23465317213595
0.4074430525956277,29.97759303988596,22.233487154827003
0.43514073244980783,29.974294456660687,22.23270883393144
0.43841862008809196,29.97470599344001,22.230379759710843
0.40871208288755495,29.973879804105934,22.228826076503026
0.38027584529128644,29.973879804105934,22.227660086122967
0.3788153433299184,29.97305674010471,22.226106419649852
0.38546806405112555,29.97470599344001,22.224165084233334
0.3935203835864218,29.971819040785306,22.222608502310322
0.38763609384319503,29.97305674010471,22.220667193753854
0.38117823190968414,29.970992878287234,22.215618686460573
0.41718823969655533,29.97058135870037,22.2167816844522
0.45017482365522904,29.97058135870037,22.215618686460573
0.44775150030973593,29.96975832524174,22.21328683283383
0.44122855283836776,29.968932181895127,22.211733254605292
0.43912628263116843,29.96522242527095,22.210567342980994
0.437039408331429,29.971819040785306,22.208626126699357
0.43947882149104683,29.968932181895127,22.207460229353387
0.40254558276289554,29.970992878287234,22.20551903683537
0.37513980740549235,29.968932181895127,22.204353153756017
0.3933295804891954,29.968109163704014,22.202799630208744
0.4057526041391696,29.940897736134445,22.200855536613062
0.3874086452207563,29.968520671847216,22.199692611597527
0.41018919791966363,29.96728303568159,22.199692611597527
0.4580307417324748,29.943369175321777,22.197748541752162
0.4494239213494031,29.96646003275555,22.195807423385247
0.4154244268281408,29.97058135870037,22.190368846782007
0.42172738875658855,29.96769454000122,22.193475751597248
0.4319509011117532,29.961509706147922,22.19153466579428
0.4210799330795589,29.966871533266385,22.19153466579428
0.41947253915795696,29.97346827115257,22.189981220482764
0.4257991823273913,29.96522242527095,22.189981220482764
0.42048292674961973,29.98048018015004,22.188815408572793
0.4092580981349304,29.9656339200547,22.187649601990984
0.40696555497863157,29.937186031292697,22.187261979823916
0.39679544175228065,29.964807815028223,22.186874358245632
0.3958608134981419,29.964807815028223,22.186874358245632
0.40201074883031473,29.964396324066968,22.185320941312227
0.398828069129509,29.96398483500957,22.18609618033929
0.39686801402012833,29.963573347856027,22.184542768141057
0.4008024512535046,29.963573347856027,22.184930386178905
0.3889479363342827,29.96233578054114,22.183376981072684
0.37531395968071557,29.961509706147922,22.181823585413042
0.3951985746396171,29.96233578054114,22.18065781075194
0.42487139518769285,29.96233578054114,22.179882588227883
0.42547360309718263,29.961924301016552,22.17832921380426
0.4187149033411856,29.961509706147922,22.17910443161884
0.4202719306711758,29.969343693847804,22.174444350818533
0.4222651539633016,29.961509706147922,22.17599770165606
0.44546488922489824,29.959860697564068,22.175610097161837
0.48751909646784747,29.94996728773492,22.17522249325458
0.47187492822236976,29.959449229487745,22.17289100940502
0.4139611736888827,29.959860697564068,22.17599770165606
0.39814466546938143,29.97470599344001,22.17522249325458
0.43512538393802197,29.95862318189768,22.176385306737302
0.44525954582373367,29.971407517373677,22.17522249325458
0.43368231309586247,29.956974226812406,22.17871682241781
0.4453890459588385,29.957800259093972,22.17793866935591
0.45818351881574193,29.959037763314427,22.181435972089275
0.4347691690272563,29.958211719544465,22.182601750300137
0.40310235066184774,29.95738880054614,22.184542768141057
0.3912438143668784,29.956562772084055,22.18609618033929
0.38232569471124533,29.957800259093972,22.18842778463454
0.38199327063100613,29.959037763314427,22.18842778463454
0.38232890740478437,29.958211719544465,22.189593594772703
0.3786187025598922,29.957800259093972,22.19153466579428
0.384770477090264,29.957800259093972,22.19230992370632
0.39548854252847104,29.95862318189768,22.193475751597248
0.38147214369482346,29.95738880054614,22.195807423385247
0.36595234920971553,29.937186031292697,22.196195058548085
0.3690261058455392,29.959449229487745,22.199692611597527
0.3742733056747588,29.96233578054114,22.200855536613062
0.3814500800610574,29.96027216754345,22.201633759606352
0.41262962790343266,29.96027216754345,22.20396550615925
0.44351448247886427,29.96109823044452,22.20551903683537
0.4402779109900152,29.948729909618294,22.20707257701406
0.43808689090563446,29.960686756644407,22.20979202940174
0.4569460137393089,29.961509706147922,22.20940143671578
0.45711262982974665,29.961509706147922,22.210567342980994
0.45097972262405933,29.961509706147922,22.21134559573744
0.4704863865285672,29.963158745300973,22.211733254605292
0.45247381354578764,29.96398483500957,22.210955000659283
0.43654222592612646,29.964807815028223,22.209013781411443
0.4610066206153495,29.964807815028223,22.20940143671578
0.43837671897362834,29.964396324066968,22.20629433736218
0.4123722866919822,29.96522242527095,22.202799630208744
0.4426948974078819,29.96522242527095,22.203574922436417
0.46822068303226305,29.952438978632074,22.202799630208744
0.45204132171667305,29.9656339200547,22.201633759606352
0.42367500436912514,29.966871533266385,22.199692611597527
0.41341398347345254,29.966871533266385,22.198526755239584
0.4416953994690486,29.968520671847216,22.196973267285557
0.4852654996110865,29.966871533266385,22.195807423385247
0.4865956730462066,29.982952719354273,22.195807423385247
0.4702434282092882,29.95326496882103,22.193475751597248
0.469932090941449,29.96769454000122,22.192700490138634
0.4621111055654655,29.968109163704014,22.191922294455537
0.4461719762849995,29.969343693847804,22.19153466579428
0.45461202944288626,29.96728303568159,22.190756473670604
0.45337316585489534,29.968109163704014,22.190368846782007
0.4295558259842439,29.968932181895127,22.190368846782007
0.431661429749945,29.969343693847804,22.190756473670604
0.45409405385129364,29.97016984101856,22.191147037722544
0.46606721689022357,29.970992878287234,22.19153466579428
0.4897071084627887,29.971407517373677,22.191147037722544
0.48243899796633927,29.969343693847804,22.191922294455537
0.4447044843455612,29.966871533266385,22.191922294455537
0.44957405320733146,29.949552748566248,22.19153466579428
0.45197215730962076,29.972230566102326,22.19230992370632
0.43685450359758626,29.972645210962412,22.193088120573066
0.44947470315946897,29.97346827115257,22.193866319816607
0.46640238899143827,29.97470599344001,22.195419788812558
0.44842789842386555,29.990376986595038,22.196195058548085
0.4473255673071874,29.974294456660687,22.196582694301128
0.4693451860303514,29.973879804105934,22.198136179871028
0.475795272323815,29.97676682370826,22.199692611597527
0.46276766865000724,29.955739868334604,22.201246116157222
0.4604828881033528,29.97635527738447,22.20396550615925
0.4743341808575176,29.978004591943147,22.20474080194424
0.47613175263433816,29.977181489735187,22.20707257701406
0.43624280210583954,29.978830819631753,22.208626126699357
0.390229223660372,29.98212957129499,22.21134559573744
0.40955524058768306,29.980891745582994,22.212899171590493
0.4352192943500636,29.980891745582994,22.21406509393813
0.4251351559164605,29.98048018015004,22.2167816844522
0.430430916180943,29.97594373296687,22.217172288511108
0.47245462581849174,29.98254114437094,22.222220826793603
0.4751070130953259,29.982952719354273,22.221833151871238
0.45872074735634405,29.98377899307161,22.22377446937827
0.447371888552768,29.984190573791807,22.225718738768194
0.4193457955800758,29.98460215641967,22.226881783197996
0.4156571309868241,29.985016859027155,22.227660086122967
0.4544598145143745,29.985016859027155,22.228826076503026
0.45661965856674047,29.98955376970224,22.23115513638288
0.43308781955254094,29.98584003385065,22.231933452484213
0.42984843298551634,29.987904240646344,22.233099462608948
0.4223659265865317,29.988315840489804,22.233487154827003
0.40994284428929884,29.989139045901993,22.23387484764112
0.4306742868585534,29.989965377194267,22.23504086674319
0.44620157078017836,29.989965377194267,22.23465317213595
0.42656628981173517,29.99078859790461,22.234265478124996
0.4238750207883002,29.990376986595038,22.234265478124996
0.4392514270525557,29.991614944554215,22.233487154827003
0.45313874773645796,29.991203329412315,22.233099462608948
0.4601051556240515,29.99243818056516,22.23076744774903
0.4555590058670367,29.99243818056516,22.230379759710843
0.44784323837000883,29.99243818056516,22.229992072268203
0.4396567437120352,29.997801874894606,22.2284354544409
0.42840221828355246,29.993264542574593,22.227660086122967
0.4041021715388516,29.993676167276874,22.227272402856727
0.3865766643168781,30.00605074706715,22.227272402856727
0.4051053781315547,29.994090912279376,22.227272402856727
0.42722507557142475,29.994502540815063,22.227660086122967
0.41258509837668755,29.994502540815063,22.228826076503026
0.3721999185256297,29.99615219251774,22.229992072268203
0.36684472422746633,29.994914171260405,22.23076744774903
0.3950234529104967,29.99574055632877,22.231933452484213
0.4078629432636394,29.994090912279376,22.23270883393144
0.4002274166101002,29.994502540815063,22.23387484764112
0.382746080643774,29.99656383061665,22.235428561946776
0.37858882494719925,29.9973902310511,22.23737292113111
0.38365524590570677,29.993676167276874,22.238148319311506
0.3873001555265403,29.99656383061665,22.238926657007084
0.38696465626326015,29.99574055632877,22.240868106046776
0.39461297267469714,30.0110035577668,22.242809570062718
0.4054097179815499,29.9973902310511,22.243200214405988
0.4088453992688287,29.996975470625557,22.245529407182858
0.39149090559822336,29.99615219251774,22.24669548027282
0.3932017270530275,29.998213520648335,22.24786155877348
0.42269021914416915,29.9973902310511,22.24980307679931
0.4267566792017971,29.9973902310511,22.25135688948268
0.398908041917754,29.9973902310511,22.252522989628858
0.3791389729972691,29.996975470625557,22.254467481018594
0.3778165644923104,29.9973902310511,22.256021322587742
0.3820847525814464,29.99243818056516,22.258350634322255
0.38876526093365427,29.997801874894606,22.255242931940302
0.40183477547732765,29.996975470625557,22.25912903462131
0.4167306109927802,29.994502540815063,22.259904499965728
0.42274434089967555,29.997801874894606,22.260682905093518
0.4271923306368873,30.012653516494765,22.26223678520796
0.43120947513011765,29.9973902310511,22.262624522392343
0.426439605087496,29.9973902310511,22.262624522392343
0.426416939504652,29.993676167276874,22.264178414560547
0.4372319750003378,29.9973902310511,22.264569092181432
0.4332953959432097,30.010177030444595,22.2653445743793
0.4183163056476832,29.980891745582994,22.266510739635237
0.4456173399461961,29.99574055632877,22.266510739635237
0.48285905799596124,29.99615219251774,22.268452402166645
0.49154747957628236,29.9973902310511,22.26884014898735
0.4556193237520393,29.99574055632877,22.269618581920895
0.4434937376697871,29.99656383061665,22.270397017279834
0.4542300820432057,29.99615219251774,22.268064655947626
0.43628207948465564,29.994914171260405,22.272726462865933
0.4308791532465313,29.9953258036154,22.272338710012377
0.45966061919505874,29.99574055632877,22.27389266257802
0.47607160752033706,29.994090912279376,22.275058867739517
0.45481409827486824,29.998213520648335,22.27622507835207
0.43668812067873897,29.996975470625557,22.276612837244727
0.4218180517152388,29.994090912279376,22.279333041580173
0.42585846170671077,29.994502540815063,22.278166816432474
0.45870646950607025,29.996975470625557,22.279720805306624
0.485412746590544,29.99574055632877,22.279720805306624
0.467846827948325,30.001927774402418,22.280887037726416
0.4426190177101004,29.99615219251774,22.280887037726416
0.44121873534520545,29.990376986595038,22.28205327560562
0.44515812299537216,29.999039936451425,22.28205327560562
0.43958408067909727,29.99656383061665,22.282441043566052
0.42061634387773106,29.9973902310511,22.282441043566052
0.40233314455204616,29.996975470625557,22.281662570619687
0.399966977723514,29.997801874894606,22.28205327560562
0.4220525824696014,29.9973902310511,22.28127480387127
0.4394490318324819,29.9973902310511,22.280499272185125
0.4355098330301416,29.99656383061665,22.280108569636468
0.45376085419453943,30.005639064932268,22.279333041580173
0.4727441382626781,29.9973902310511,22.277779055123403
0.4399456472906801,29.999451587950716,22.278166816432474
0.43963937841196454,29.999863241360515,22.277779055123403
0.4009715816846724,29.999451587950716,22.276612837244727
0.38190019354476057,29.999451587950716,22.27622507835207
0.42163974424202144,30.00068967253469,22.275834382501785
0.4320393226420816,30.001101331691018,22.275446624819267
0.4080509403002669,30.00068967253469,22.275058867739517
0.43157575144180327,30.001927774402418,22.275446624819267
0.4491693572045261,30.001512992758137,22.272338710012377
0.4522396631874525,30.003162774846203,22.275446624819267
0.4548571490854854,30.002751106120513,22.275834382501785
0.44750679136004917,30.010177030444595,22.27622507835207
0.447878248966815,30.003162774846203,22.276612837244727
0.4582435091746771,30.003577564207433,22.27738835683857
0.45457208026459495,29.993264542574593,22.277779055123403
0.4480832731823744,30.003577564207433,22.279333041580173
0.4582591875686064,30.00068967253469,22.280108569636468
0.45636106716204666,30.004400911244204,22.280887037726416
0.4388793623435402,30.02008027070798,22.282441043566052
0.4320922314489304,30.005639064932268,22.283607288722408
0.4314338095416488,30.005639064932268,22.28516131153941
0.43536490837687203,30.00605074706715,22.28438283008751
0.4368283296050175,30.0110035577668,22.286715344060667
0.41106591183564417,30.006877235912498,22.285549084341085
0.4053354770562765,30.00770061359424,22.285936857746947
0.461835050459762,30.00770061359424,22.285549084341085
0.4761490907543646,30.00770061359424,22.28321658129829
0.4271150640002954,30.010177030444595,22.28516131153941
0.41077338855766005,30.007288923797375,22.285549084341085
0.4258170605398074,30.00893881337049,22.286327569441426
0.43257417860529107,30.008527117822723,22.286715344060667
0.4572932698585891,30.0176035770441,22.28749089511257
0.5148873411042969,30.0110035577668,22.28788160924796
0.5167650432612408,30.008527117822723,22.28865716393676
0.4904972554718996,30.00893881337049,22.28865716393676
0.5003810823303698,30.008527117822723,22.28943565876557
0.49625865866406604,30.008527117822723,22.28943565876557
0.48407535708852756,30.00893881337049,22.290989717998173
0.48681088625957186,30.008527117822723,22.291765282384574
0.4919641300039205,29.982952719354273,22.29293157126608
0.4767992917442824,29.99656383061665,22.294485652367257
0.43466405901760563,30.00893881337049,22.294873439716014
0.43355192000898235,30.008527117822723,22.296430470776613
0.4449734246675169,30.01058873365662,22.29759384375683
0.436517638914524,30.01058873365662,22.298372366601143
0.43142505557036137,30.009353629758095,22.299147954053183
0.43110168251393743,30.016365256182155,22.301092809014506
0.44050758657863603,30.00811542418711,22.301092809014506
0.4595159387594751,30.02255391424694,22.30264694124429
0.45465001393847704,30.00893881337049,22.304588885765668
0.44171559890052714,30.008527117822723,22.30420108322255
0.47153038529413505,30.00893881337049,22.303813281286637
0.45581874523686905,30.008527117822723,22.303813281286637
0.4325946148913227,30.00893881337049,22.30342254207136
0.47234489733817675,29.986251624124236,22.30264694124429
0.45072738951732877,30.00398923677011,22.301480606692394
0.4062936507216501,30.010177030444595,22.302259141741274
0.40529592670114883,30.009353629758095,22.302259141741274
0.42294175978779525,30.009353629758095,22.301480606692394
0.42849304024817125,30.009765329145125,22.301868404977085
0.4363911518234438,30.009353629758095,22.30264694124429
0.43592048014232676,30.025030746375478,22.30342254207136
0.43172924502955196,30.012653516494765,22.30420108322255
0.4398681831066317,30.012653516494765,22.305367430583374
0.43230205712721564,30.012653516494765,22.306921589635465
0.4128898673766185,30.01223868466076,22.30847575844689
0.3833199365694469,30.011826973783286,22.310029937021454
0.38375450732821764,30.026680966448282,22.311971939478155
0.425051116505861,30.011415264818652,22.312362692194313
0.43451223725544064,30.009765329145125,22.313916895203363
0.4056660808040238,30.011826973783286,22.316637508508336
0.40435019576653597,30.011826973783286,22.317413153213693
0.40445647134119916,30.01223868466076,22.316246749030597
0.41175517394208416,30.01223868466076,22.316246749030597
0.42134900339381837,30.011826973783286,22.314692531363846
0.4038328337689549,30.01223868466076,22.315471107989424
0.3945538672321415,30.01223868466076,22.314692531363846
0.4236188874944582,30.01223868466076,22.314692531363846
0.43775852159204487,30.012653516494765,22.313916895203363
0.42580971120412203,30.011826973783286,22.313916895203363
0.43782113061437405,30.025442518636055,22.312750507530836
0.4884567471068064,30.01430350594694,22.313138323475982
0.5034284728882104,30.01430350594694,22.313138323475982
0.4767569273919702,30.012653516494765,22.311971939478155
0.4331842210785469,30.013065231212636,22.311584125363197
0.41870303981689994,30.01347694784363,22.310808498958295
0.4134700151252792,30.012653516494765,22.310417748698683
0.40135034074269016,30.013065231212636,22.310417748698683
0.3921665469690209,30.0138886663878,22.309642125952394
0.4006163619076474,30.01347694784363,22.308087949814364
0.41623769703479724,30.013065231212636,22.307309396440075
0.4296389045433841,30.01430350594694,22.30264694124429
0.42814038283092093,30.014715228332193,22.305755234953153
0.40953968025680354,30.012653516494765,22.303813281286637
0.39478754300279195,30.013065231212636,22.30264694124429
0.4099504573872912,30.013065231212636,22.301868404977085
0.42272212022017397,30.01347694784363,22.301480606692394
0.4233066819282817,30.012653516494765,22.30031427762924
0.4218917811996229,30.01430350594694,22.298372366601143
0.4280190472608801,30.016776988149672,22.299538686529274
0.41700824378000534,30.015126952630794,22.29876016002396
0.40049488651380855,30.01347694784363,22.297984573784618
0.407990481544887,30.0138886663878,22.29720605215732
0.42386560321616634,30.009765329145125,22.29720605215732
0.41452307453938314,30.011826973783286,22.29720605215732
0.387135945374419,30.01554179798819,22.296818261163935
0.39152605581915334,30.01430350594694,22.29603974319616
0.42050407687896124,30.0138886663878,22.295264165460424
0.43539531030105477,30.012653516494765,22.295264165460424
0.4611922090240519,30.014715228332193,22.295264165460424
0.4735793777482143,30.015126952630794,22.294873439716014
0.44107443299888593,30.015126952630794,22.295651954025345
0.4424203346553261,30.01347694784363,22.295264165460424
0.48402159296313735,30.014715228332193,22.29603974319616
0.4838234175103971,30.014715228332193,22.295651954025345
0.4537928425408668,30.014715228332193,22.29603974319616
0.4437750678281024,30.01058873365662,22.296430470776613
0.46219408779405835,30.008527117822723,22.298372366601143
0.4784416433584726,30.014715228332193,22.29759384375683
0.47768268447806783,30.01347694784363,22.297984573784618
0.4713578380043316,30.0138886663878,22.299147954053183
0.4736336446830029,30.01223868466076,22.300705011943364
0.4850043572889686,30.012653516494765,22.301480606692394
0.48115108548592017,30.005227384709087,22.301480606692394
0.46508711827182064,30.013065231212636,22.302259141741274
0.47440355297638187,30.01223868466076,22.303813281286637
0.4950903930673452,30.01223868466076,22.304976688916042
0.4886116963072751,30.02173039851033,22.30614303993036
0.4579711087853704,30.01058873365662,22.306533783438567
0.44157893678810267,30.01058873365662,22.3076972038524
0.4379148256135879,30.01058873365662,22.308863567687297
0.42183720261033103,30.0110035577668,22.310029937021454
0.41729049800883494,30.0110035577668,22.311196311856577
0.43557334196771086,30.016365256182155,22.312362692194313
0.44266519881084276,30.01719184123442,22.313526140029808
0.42389679992488416,30.009765329145125,22.315471107989424
0.4246724326908014,30.009353629758095,22.31780097648027
0.42004463105097,30.009765329145125,22.318967388007707
0.39409612597904103,29.99574055632877,22.32052163259158
0.40773039252961196,30.0110035577668,22.32052163259158
0.434428669809653,30.00811542418711,22.322075886969117
0.4300622004071252,30.007288923797375,22.322466655678852
0.4282352177166739,30.006877235912498,22.32324231871229
0.4286747619827058,30.005639064932268,22.322854486890492
0.41250282417960143,30.00605074706715,22.32324231871229
0.41829435754715716,30.005227384709087,22.32402092231797
0.4521921347417498,30.006465549939605,22.32324231871229
0.46174068786890266,30.00605074706715,22.325575198759623
0.42793169637976924,30.003162774846203,22.32635087157803
0.3971683954550592,30.00481570639755,22.326741647067138
0.4125302278444368,30.00481570639755,22.327905162721663
0.45699740558634266,30.00398923677011,22.329071622066465
0.4523866353807865,30.005227384709087,22.327517323559277
0.434840279740287,30.005227384709087,22.33101671266502
0.4671497933962754,30.004400911244204,22.33295888040442
0.47704246784393245,30.00481570639755,22.333734576496056
0.4418824514653056,30.003162774846203,22.335679703975302
0.43030833823454273,30.003577564207433,22.336846200196305
0.4233990338284461,30.01430350594694,22.33840055767331
0.41025293201284796,30.00398923677011,22.33956412849983
0.43987885106182034,29.999863241360515,22.34112144151942
0.47134016309258175,30.003577564207433,22.342285025245133
0.47279859199603713,30.00481570639755,22.34423022046593
0.4832272770196276,30.00398923677011,22.34423022046593
0.47538778469910453,30.00068967253469,22.345784624717908
0.4446039734781238,30.020492019945948,22.346560361339755
0.4403352221080159,30.004400911244204,22.348114780370338
0.4468368397713842,30.00481570639755,22.346560361339755
0.42645766551490416,30.003577564207433,22.346951168977114
0.413310088675104,30.00481570639755,22.345393818940693
0.42117471599634315,30.005227384709087,22.345005952168776
0.4210147446396095,30.00398923677011,22.34383941716652
0.4199509649830885,30.00605074706715,22.345005952168776
0.4273287177429396,30.00605074706715,22.34383941716652
0.4256744821342705,30.00605074706715,22.343063689154008
0.4204644775597918,30.005227384709087,22.34267582606782
0.41785346206646795,30.007288923797375,22.343063689154008
0.42385376601792435,30.005639064932268,22.342285025245133
0.44876556051676075,30.00605074706715,22.34150930214821
0.45396628219323076,30.009353629758095,22.340730643172606
0.43064664381452306,30.006465549939605,22.34150930214821
0.4406645469107074,30.008527117822723,22.341897163390115
0.46002255625532407,30.005639064932268,22.34267582606782
0.4460268394793426,30.006465549939605,22.342285025245133
0.4068325652569929,30.00605074706715,22.34267582606782
0.4002677255062738,30.006877235912498,22.342285025245133
0.43639333312992895,30.007288923797375,22.342285025245133
0.45932281794392416,30.00811542418711,22.34267582606782
0.4400301140302106,30.008527117822723,22.34267582606782
0.4035472438167471,30.009765329145125,22.34267582606782
0.3789550987663989,30.007288923797375,22.343063689154008
0.3561201645844333,30.00770061359424,22.343063689154008
0.3498912190873651,30.00893881337049,22.343063689154008
0.3724310519461288,30.008527117822723,22.34267582606782
0.39415176469619495,30.00893881337049,22.343451552853594
0.3865556890590897,30.010177030444595,22.34383941716652
0.3714903209205587,30.00893881337049,22.343451552853594
0.37894216593864033,30.010177030444595,22.34423022046593
0.3920686874484808,30.00893881337049,22.34423022046593
0.3953037995880552,30.01842705440538,22.345005952168776
0.40470674615463875,30.0110035577668,22.345393818940693
0.42430351261719207,30.009765329145125,22.342285025245133
0.44025462306879337,30.01058873365662,22.34267582606782
0.4373718634977534,30.011826973783286,22.346560361339755
0.4305524296030091,30.01223868466076,22.3473390388275
0.42350975631611243,30.00811542418711,22.348114780370338
0.41694965651353766,30.011415264818652,22.348505590487207
0.41397890025984424,30.009765329145125,22.348505590487207
0.4096109263334268,30.01223868466076,22.34928133572447
0.3908320594374232,30.01347694784363,22.350060021861907
0.38357534690350936,30.0138886663878,22.3504478966355
0.40209093237788573,29.986666334435768,22.351226586483165
0.4084509898263809,30.01430350594694,22.352390218193193
0.39466308813450524,29.98584003385065,22.35316891422076
0.4045465979329201,30.014715228332193,22.353556793921484
0.4302022284815599,30.016365256182155,22.355111257378553
0.42056413348138505,30.00893881337049,22.355499140159566
0.4022162595190812,30.016776988149672,22.357444440358677
0.4372768486354132,30.016365256182155,22.35666573071694
0.4659605567023159,30.016776988149672,22.357832326841788
0.4486251251284995,30.025442518636055,22.35822021394057
0.41182845459949985,30.00893881337049,22.35822021394057
0.4028882574059394,30.01842705440538,22.358611040200742
0.4095459804695794,30.018015314767695,22.35938681748661
0.41355128357769566,30.018841915218616,22.35977470705336
0.42183664565531326,30.021315524165402,22.361720041294404
0.43432135496208996,30.018841915218616,22.3613321486377
0.4408387290455384,30.018841915218616,22.360553426603985
0.4595614646780589,30.019253658699085,22.360165535800547
0.479347551191469,30.0176035770441,22.35938681748661
0.47442851459895174,30.030393294193857,22.35938681748661
0.4453674592176089,30.02008027070798,22.358611040200742
0.42944309066781794,30.028331217287985,22.357832326841788
0.4400791072180844,30.019665404093757,22.35666573071694
0.4533380799157824,30.020903771098347,22.356277846085163
0.4622661928439924,30.02008027070798,22.355499140159566
0.45883134314411506,30.020492019945948,22.356277846085163
0.4453145591092572,30.021315524165402,22.355499140159566
0.4381588877654302,30.03163181128781,22.35666573071694
0.4517866269298895,30.02173039851033,22.356277846085163
0.4665037524063578,30.020903771098347,22.35705655449118
0.4501546789814499,30.02173039851033,22.357444440358677
0.4278594736093429,30.021315524165402,22.35822021394057
0.4202437246401363,30.02173039851033,22.35977470705336
0.4062225246074253,30.020903771098347,22.360553426603985
0.3846162814005478,30.020492019945948,22.36210793456729
0.41999179163289846,30.024204088149816,22.36521698019493
0.4781606364528259,30.022965674987574,22.364050348789647
0.47201378468925925,30.038233368709882,22.364829081980133
0.4491668100093275,30.022142155421193,22.364050348789647
0.4603619739404929,30.018841915218616,22.365604879026648
0.44524607097790475,30.020903771098347,22.365604879026648
0.4311399619406835,30.022965674987574,22.36599571710974
0.4538855306394275,30.037821536918614,22.366771517867164
0.47061489647454413,30.022142155421193,22.36755025974628
0.46491393056140207,30.020903771098347,22.36871690789559
0.45462923040850584,30.022142155421193,22.370271467886766
0.45334126634125405,30.000278015289155,22.371438129064813
0.4594401056133578,30.02255391424694,22.372992706422735
0.4775210970757564,30.020903771098347,22.376101890922428
0.4833700572549906,30.021315524165402,22.375711036623613
0.46642658536424453,30.02008027070798,22.377268580045723
0.45781157930944644,30.020903771098347,22.377656498072042
0.4684178452505464,30.018841915218616,22.377656498072042
0.4678162983625237,30.018841915218616,22.37882319465342
0.4462601111797872,30.03410889748767,22.37804441671716
0.4231190487106804,30.01842705440538,22.377268580045723
0.40264222634448016,30.019253658699085,22.377268580045723
0.39429257919544003,30.016776988149672,22.376101890922428
0.408961977644132,30.01842705440538,22.37532312169975
0.4294047693188581,30.03410889748767,22.3749352073944
0.4184063922923977,30.03287034571838,22.373768529459824
0.39188063172647636,30.018015314767695,22.372601857117104
0.40627961169244015,30.014715228332193,22.370271467886766
0.4261751847813517,30.015126952630794,22.365604879026648
0.41679419733453155,30.015126952630794,22.36793816228959
0.393273163206037,30.0110035577668,22.366771517867164
0.4022826368972365,30.013065231212636,22.364050348789647
0.4216773502645599,30.01554179798819,22.364441184382088
0.41209390613032354,30.013065231212636,22.362495828456588
0.4024582075220757,30.013065231212636,22.3613321486377
0.41773357031671976,30.01223868466076,22.360553426603985
0.42131167727561486,30.018841915218616,22.360165535800547
0.4010179850854747,30.018015314767695,22.35938681748661
0.3968777613852448,30.01058873365662,22.35822021394057
0.4225878005047378,30.020903771098347,22.358611040200742
0.4481275457261412,30.009765329145125,22.35822021394057
0.46295500489369057,30.00398923677011,22.35822021394057
0.45749822762543524,30.00893881337049,22.358611040200742
0.44174511322834253,30.009353629758095,22.35938681748661
0.42517767882095164,30.010177030444595,22.358998928535755
0.42409280843370345,30.00893881337049,22.360165535800547
0.43877233890450706,30.003577564207433,22.360941318023606
0.44494677933035187,30.00811542418711,22.362495828456588
0.4371078201246488,30.008527117822723,22.3628866615594
0.43887519925933655,30.005227384709087,22.363274556686292
0.4404990608671134,30.005639064932268,22.364441184382088
0.424344104075261,30.00605074706715,22.36521698019493
0.41541672357644255,30.005639064932268,22.36521698019493
0.42369672978407347,30.00481570639755,22.366383617179963
0.43662065051139975,30.00481570639755,22.36716235782012
0.4366865294943662,30.00398923677011,22.36793816228959
0.4359398828985663,29.99656383061665,22.36871690789559
0.4326783722663739,30.00398923677011,22.36599571710974
0.4169444102868868,29.992026561605144,22.36949271731305
0.40716289156081115,30.002751106120513,22.371438129064813
0.4412775268974088,30.001512992758137,22.372213947148452
0.47166752081340335,30.0138886663878,22.372992706422735
0.45385372712708094,30.001512992758137,22.373380617632222
0.40452213649616325,30.001927774402418,22.373380617632222
0.3886619839738547,29.999039936451425,22.372992706422735
0.41218602514354835,29.994914171260405,22.372213947148452
0.4149037366271501,30.001927774402418,22.371438129064813
0.4048885069749818,30.001101331691018,22.369104812295575
0.41408416320377833,30.001101331691018,22.36755025974628
0.44143279972290833,30.000278015289155,22.364829081980133
0.4472924402670891,29.999863241360515,22.363274556686292
0.44166397815025155,29.998213520648335,22.35977470705336
0.43454051206078437,29.999451587950716,22.357444440358677
0.41483982345797554,29.998213520648335,22.354335493662234
0.3901263644294328,29.99078859790461,22.352390218193193
0.37435040451080565,30.006877235912498,22.350060021861907
0.37506373850587044,29.998628286862584,22.34772690929185
0.38741206629580344,29.972230566102326,22.346560361339755
0.4174661411375284,29.998213520648335,22.343063689154008
0.43697092516866287,29.998628286862584,22.340730643172606
0.43179226171125706,29.99615219251774,22.33840055767331
0.4249894620033895,29.99656383061665,22.336455408653933
0.43716608836307164,29.996975470625557,22.3352889142883
0.4565200840989308,29.991614944554215,22.333346728144306
0.44825134438883757,29.99656383061665,22.331404557342125
0.4213403402996702,30.011826973783286,22.330238086939403
0.42301236238450785,29.994914171260405,22.327905162721663
0.42328437293875393,29.9973902310511,22.325184425120995
0.41739638756013286,29.994914171260405,22.32324231871229
0.4184011363420861,29.99574055632877,22.320912398838402
0.3883199444824854,29.9953258036154,22.318967388007707
0.38605405904137247,29.9953258036154,22.316637508508336
0.42616374483984515,29.9953258036154,22.313916895203363
0.41641879657570213,29.994914171260405,22.310417748698683
0.4261875644097567,29.993676167276874,22.3076972038524
0.4571697570709838,29.993264542574593,22.304976688916042
0.44721679109191426,29.994914171260405,22.30420108322255
0.43547020603492315,29.993264542574593,22.301092809014506
0.4691736897777149,29.994090912279376,22.30031427762924
0.5183803839822483,30.00398923677011,22.29876016002396
0.5238417385469146,29.992026561605144,22.293710079486686
0.4917701359758886,29.99243818056516,22.294873439716014
0.46845753888589114,29.992852919781626,22.29409786562411
0.4734872402193213,29.991203329412315,22.292543786949693
0.4831644543587683,29.991614944554215,22.29293157126608
0.46476875454474625,29.994502540815063,22.291377499888767
0.4521108415071124,29.993676167276874,22.292543786949693
0.44233339465850924,30.00398923677011,22.293319356187908
0.4321947294032558,29.99078859790461,22.29409786562411
0.4606980895855929,29.980891745582994,22.29409786562411
0.4793796341358601,29.98955376970224,22.292156003238745
0.45802783047610696,29.989965377194267,22.295264165460424
0.462576226025706,29.991203329412315,22.292156003238745
0.483479038423813,29.984190573791807,22.29720605215732
0.4686124470401531,29.98955376970224,22.29759384375683
0.46021540890264695,29.990376986595038,22.299147954053183
0.4611212571634599,29.988727442241668,22.29876016002396
0.44088101967826593,29.98955376970224,22.299538686529274
0.44846463090940775,29.989139045901993,22.30031427762924
0.4522307630623215,29.988315840489804,22.300705011943364
0.4248428267733028,29.987904240646344,22.301868404977085
0.4315566476248177,29.988315840489804,22.299538686529274
0.4769316439393455,29.981714882170138,22.299538686529274
0.4741452224830984,29.987904240646344,22.301092809014506
0.4369407126777674,29.98748952455236,22.29992648177597
0.4325608446938261,29.98584003385065,22.300705011943364
0.42721513205874906,29.987904240646344,22.29992648177597
0.41758211980910703,29.988315840489804,22.29992648177597
0.4154004125803543,29.999451587950716,22.300705011943364
0.4401887915367898,29.987904240646344,22.301092809014506
0.45884728515218587,29.964807815028223,22.300705011943364
0.43482098793813345,29.988315840489804,22.29992648177597
0.42318888746278616,29.988727442241668,22.30264694124429
0.4468379280274717,29.988727442241668,22.30303474135428
0.4424150196520058,29.98748952455236,22.30342254207136
0.42342780642645506,29.989139045901993,22.304588885765668
0.44286867415549747,29.988727442241668,22.305755234953153
0.46477428055669556,29.988727442241668,22.306921589635465
0.46077250918744983,29.987904240646344,22.3076972038524
0.4588769740830681,29.989139045901993,22.309642125952394
0.44351048804317084,30.001927774402418,22.310417748698683
0.38947452635322444,29.987904240646344,22.312362692194313
0.3732946667671836,29.991203329412315,22.313138323475982
0.4025880554751959,29.989139045901993,22.315080350357334
0.4268285044647363,29.98955376970224,22.31702533055642
0.4252883651375061,29.988727442241668,22.31819173841825
0.4245459707799066,29.988727442241668,22.32052163259158
0.40905835297191145,29.989139045901993,22.321688056982225
0.3936110280566233,29.98748952455236,22.322466655678852
0.40209783875171856,29.961509706147922,22.323630151144243
0.42506710974875084,29.98748952455236,22.32440875597524
0.40954881716291996,29.988315840489804,22.325184425120995
0.379573336061597,29.98748952455236,22.32635087157803
0.38257261710574186,29.987904240646344,22.326741647067138
0.3999321977616359,29.98748952455236,22.327517323559277
0.4152348374844977,29.99615219251774,22.328295940677435
0.422060240959461,29.985016859027155,22.328295940677435
0.42708906462181917,29.986666334435768,22.328683781066445
0.45155148239792225,29.98584003385065,22.327905162721663
0.48175069752274546,29.986251624124236,22.329459463677722
0.4742185118418974,29.986251624124236,22.328295940677435
0.44062203522076837,29.986666334435768,22.327905162721663
0.4330524655041733,29.986251624124236,22.328295940677435
0.45786181824520833,29.986251624124236,22.327129485007845
0.46885154499914006,29.986666334435768,22.327517323559277
0.44826300606998265,29.98460215641967,22.326741647067138
0.4465721999411149,29.985428445484956,22.324796590242897
0.47021998794981057,29.982952719354273,22.324796590242897
0.4703409670277933,29.986251624124236,22.32440875597524
0.45790537673125203,29.986666334435768,22.32440875597524
0.4622681323550846,29.98584003385065,22.324796590242897
0.4762160352952424,29.989139045901993,22.319745978115918
0.4596701272273823,29.98212957129499,22.322466655678852
0.45104175309600997,29.98584003385065,22.322075886969117
0.45079134791870723,29.985428445484956,22.31935521371679
0.43507010560995707,29.986251624124236,22.320912398838402
0.4073948908772667,29.98460215641967,22.321300227605377
0.4092542065023183,29.986251624124236,22.319745978115918
0.43164379516845225,29.987077928539975,22.319745978115918
0.4425848483256424,29.966871533266385,22.319745978115918
0.4289940522088913,29.987077928539975,22.32052163259158
0.4236030314205861,29.986251624124236,22.32052163259158
0.4240573296289374,29.987077928539975,22.32052163259158
0.42331126894882853,30.003577564207433,22.320133805048897
0.43551150019476675,29.989139045901993,22.319745978115918
0.4483603494446826,29.998213520648335,22.32052163259158
0.4479846819011627,29.988727442241668,22.31935521371679
0.4424515082007215,29.986666334435768,22.31819173841825
0.4382544725268972,29.988315840489804,22.31819173841825
0.43944553877812875,29.989139045901993,22.31819173841825
0.4609442458289435,29.988315840489804,22.3158589282055
0.4611205397322217,29.986666334435768,22.315471107989424
0.42681883207629817,29.991203329412315,22.313526140029808
0.407945339764661,30.00068967253469,22.311971939478155
0.4571784179068709,29.961924301016552,22.311196311856577
0.49738840217299735,29.990376986595038,22.310417748698683
0.48443343069285205,29.99078859790461,22.308863567687297
0.4570458789777241,29.989965377194267,22.306921589635465
0.44888419984139627,29.99078859790461,22.304976688916042
0.45318034093507636,29.99078859790461,22.30420108322255
0.4429803459582768,29.992026561605144,22.30264694124429
0.4423102859916788,29.99243818056516,22.30031427762924
0.4703458876051285,29.992026561605144,22.29876016002396
0.4925361206142374,29.993264542574593,22.296818261163935
0.49747552264987205,29.978416145906806,22.295264165460424
0.499675425882724,29.993676167276874,22.29409786562411
0.4927033384047784,29.994914171260405,22.291377499888767
0.46591296073172345,29.99574055632877,22.289823438231394
0.4438991969521349,29.99615219251774,22.28788160924796
0.4509824592458007,29.99656383061665,22.286327569441426
0.463301642983152,29.996975470625557,22.28438283008751
0.46380218783254235,29.99656383061665,22.28282881213022
0.46857544953068037,29.994090912279376,22.280499272185125
0.48366780029495826,29.997801874894606,22.278942340859942
0.49227535505581854,29.999451587950716,22.27622507835207
0.49687171239416383,30.00068967253469,22.27700059674021
0.5016426298070553,29.999451587950716,22.27389266257802
0.5010444465327889,29.998213520648335,22.273114216321744
0.5010913622885257,30.000278015289155,22.272726462865933
0.5075142790600208,30.003577564207433,22.266898483444038
0.5020406300739975,30.001512992758137,22.269618581920895
0.4714786776142871,30.002751106120513,22.268452402166645
0.45480751520928947,30.003577564207433,22.268064655947626
0.46076261041702316,30.009353629758095,22.267676910330124
0.45112037934770816,30.00398923677011,22.266510739635237
0.429514995795972,30.005227384709087,22.26728622785413
0.42100553698978926,30.003162774846203,22.265732316379854
0.4324755039938325,30.002751106120513,22.2653445743793
0.4121665490424364,30.00605074706715,22.264569092181432
0.36592017358723344,30.01058873365662,22.263402935977467
0.3830155896870658,29.999451587950716,22.262624522392343
0.4336043233780992,30.009353629758095,22.258350634322255
0.4466454585492075,30.00770061359424,22.259904499965728
0.4288213595224696,30.00811542418711,22.258350634322255
0.42455571559495525,30.00811542418711,22.25757517378736
0.43869599185268116,30.009765329145125,22.25485520617974
0.4517875653102488,30.009353629758095,22.253689095193977
0.462186014218176,30.01058873365662,22.252135268072152
0.4589442543885006,30.019665404093757,22.250581450570962
0.4396953968014474,30.009765329145125,22.24902764268637
0.4121373558847889,30.01058873365662,22.24786155877348
0.4100239890020447,30.011415264818652,22.24669548027282
0.426552538496615,30.013065231212636,22.2439756305389
0.42654557204673577,30.01223868466076,22.242421863494826
0.425941143008294,30.01223868466076,22.240092699490788
0.43310078922534556,30.0138886663878,22.239314358190768
0.4373784027363943,30.01347694784363,22.237760619922938
0.4501221176608495,30.013065231212636,22.23504086674319
0.4524735406931133,30.01554179798819,22.23387484764112
0.4412851836728522,30.01347694784363,22.23154576265432
0.44012873223583804,30.02915479443442,22.230379759710843
0.4349369435708496,30.001927774402418,22.2284354544409
0.4080853894762779,30.01554179798819,22.227272402856727
0.4214887957685731,30.01554179798819,22.226106419649852
0.4670214713605881,30.015953526128385,22.224552762731435
0.47532124378021384,30.01842705440538,22.223386792073825
0.4616006474066734,29.999039936451425,22.221833151871238
0.46942091040016276,30.00398923677011,22.221054866889176
0.46925955433952937,30.01842705440538,22.21872590009383
0.43307645434043796,30.034520711992798,22.217172288511108
0.42886114810148,30.019253658699085,22.21639401786166
0.4592660946005401,30.019665404093757,22.214452756964818
0.46172101126383414,30.02008027070798,22.212899171590493
0.4387003370575187,30.02008027070798,22.21134559573744
0.43770623727227237,30.020492019945948,22.210179685895127
0.4402001921155573,30.02173039851033,22.20979202940174
0.43287865557619953,30.021315524165402,22.208235535808058
0.4349319843456237,30.021315524165402,22.206681988513253
0.4505951957135468,30.0369978790892,22.205906686802905
0.48460826541927904,30.023380557064513,22.20551903683537
0.5136804709610489,30.02255391424694,22.203574922436417
0.4985666938089897,30.02255391424694,22.203574922436417
0.46128906614667614,30.023380557064513,22.20202140364654
0.45913739180452195,30.024615856565276,22.201633759606352
0.47846647970349254,30.023792321649637,22.20008025267856
0.4894340009427681,30.024615856565276,22.20008025267856
0.49093036767186193,30.030393294193857,22.201246116157222
0.4806053374189849,30.025030746375478,22.199302034439143
0.4697368921144616,30.026680966448282,22.199302034439143
0.4919705514549124,30.02626918842668,22.19891439454409
0.5104034881863708,30.02750452823858,22.198526755239584
0.47803607879666404,30.027092746385563,22.19891439454409
0.44402824611470915,30.023380557064513,22.19891439454409
0.45046194464912925,30.02750452823858,22.198526755239584
0.43795714958234777,30.028331217287985,22.198526755239584
0.41788311412616225,30.02915479443442,22.198526755239584
0.44243396499657434,30.036171109057875,22.19891439454409
0.4605903701710742,30.030393294193857,22.198526755239584
0.4350325534738866,30.030808211087788,22.198526755239584
0.43030967959064037,30.032458538895526,22.198136179871028
0.451027584957432,30.032458538895526,22.19736090422367
0.44832328793923615,30.032458538895526,22.196582694301128
0.43605093648208715,30.033282154457993,22.196195058548085
0.4418488406762576,30.034520711992798,22.195807423385247
0.44847999927139565,30.039471995580016,22.194253952024894
0.456430651488155,30.034932528415084,22.193088120573066
0.46657041722315307,30.036582933164027,22.192700490138634
0.4758361291693455,30.037821536918614,22.191922294455537
0.4881416203792474,30.039471995580016,22.190756473670604
0.4838728852241644,30.03906015802039,22.189981220482764
0.45482717845281473,30.041534332212393,22.189203033100114
0.44578716507798677,30.039883835057708,22.188815408572793
0.469055607860011,30.042361152389276,22.18842778463454
0.47096723399756124,30.04401169579296,22.18803722474695
0.4519749567840686,30.039471995580016,22.187649601990984
0.4490038861072077,30.04442355641828,22.186874358245632
0.4452709396835141,30.04772787135255,22.187261979823916
0.4526607444662827,30.046489128804637,22.186874358245632
0.46859454228411096,30.042361152389276,22.186874358245632
0.43921375040342214,30.060110010774622,22.187261979823916
0.442704302604097,30.050202288175285,22.185320941312227
0.46182792936429556,30.050614177652278,22.18803722474695
0.4120094793247249,30.052264875203434,22.18842778463454
0.390148333133672,30.058459166594275,22.189203033100114
0.42523847868284714,30.05474253962916,22.189203033100114
0.4517603921724865,30.041122485047083,22.189203033100114
0.43532810024036267,30.054330630903053,22.189981220482764
0.42221151163415965,30.055154450276177,22.189593594772703
0.3967797205674771,30.05474253962916,22.190368846782007
0.38360952046090246,30.055154450276177,22.190368846782007
0.4026268439566076,30.053918724097855,22.191147037722544
0.43214579045591994,30.058871094577228,22.193088120573066
0.45048921056807884,30.0613458235959,22.191922294455537
0.4444985915435597,30.05969495630859,22.19230992370632
0.42073929774095287,30.049790400618406,22.192700490138634
0.41341695528171524,30.059283024482,22.193088120573066
0.415544976850774,30.058871094577228,22.195419788812558
0.39074957334752775,30.060110010774622,22.195029218211175
0.374600432684547,30.06960374426859,22.196582694301128
0.3917580717442991,30.0613458235959,22.197748541752162
0.3965592865976076,30.06299672175544,22.198526755239584
0.39841685472058824,30.061760885823276,22.200467894350368
0.42746198849741546,30.06341179174541,22.203187276026938
0.4431841655640433,30.059283024482,22.205128450724033
0.44057478260662997,30.06341179174541,22.206681988513253
0.4572247701566642,30.06382374283828,22.20940143671578
0.45822646634459197,30.064650771670244,22.211733254605292
0.45565180775715614,30.06382374283828,22.21250857411917
0.4782873705453792,30.064650771670244,22.214452756964818
0.46787751943735134,30.065062728545968,22.21522808479756
0.4066584245900382,30.06547468734459,22.21600635186445
0.4012277852983934,30.066301731647457,22.217559956293144
0.43978843936031065,30.064650771670244,22.217559956293144
0.43402045285536095,30.066301731647457,22.21872590009383
0.4172299476834885,30.066301731647457,22.219501241009993
0.43554463054105036,30.065062728545968,22.219501241009993
0.45979237676827756,30.067125662735634,22.221445477543114
0.4702289291427148,30.065886648066282,22.220279521212547
0.4585487543921655,30.065886648066282,22.221054866889176
0.44120130685530135,30.066301731647457,22.221833151871238
0.44014485284883453,30.066301731647457,22.222220826793603
0.4378899872141101,30.06547468734459,22.222608502310322
0.42120588654591673,30.064650771670244,22.22377446937827
0.4200201789300232,30.06547468734459,22.224165084233334
0.4380561212329289,30.065886648066282,22.224552762731435
0.4345339218202272,30.075796131393986,22.22532812151178
0.43770170259408825,30.065886648066282,22.225718738768194
0.45778933876669714,30.08198895338637,22.222999115363848
0.4343603789276752,30.06753763116467,22.226881783197996
0.38892264122249587,30.066713696229897,22.227660086122967
0.39864645829095025,30.066713696229897,22.227660086122967
0.4232599869050008,30.066713696229897,22.227660086122967
0.4283950367047862,30.067125662735634,22.227660086122967
0.4362970582659035,30.066301731647457,22.2280477699843
0.4339711677063784,30.06836469480237,22.2280477699843
0.4075473193765374,30.06753763116467,22.2292137621547
0.40985971805674487,30.066713696229897,22.228826076503026
0.4402865061809605,30.066713696229897,22.228826076503026
0.43036968288844957,30.066301731647457,22.229992072268203
0.40757234434752715,30.070842811136515,22.23154576265432
0.40501460691591873,30.06836469480237,22.230379759710843
0.3846788161677372,30.06795272251196,22.23076744774903
0.34759214297902824,30.065886648066282,22.232321142909882
0.3530350855472554,30.06753763116467,22.233487154827003
0.38014272219501205,30.067125662735634,22.23465317213595
0.3912006209603798,30.06795272251196,22.23504086674319
0.3632550708526536,30.067125662735634,22.23698228583072
0.3444213861233252,30.067125662735634,22.23853601929693
0.36644908546509286,30.06753763116467,22.240868106046776
0.38264611698358664,30.067125662735634,22.242034157524415
0.3614092559706077,30.065062728545968,22.2439756305389
0.3680720655915762,30.06795272251196,22.245141696421797
0.41426405735761435,30.066713696229897,22.247083193430683
0.4283252687855094,30.06753763116467,22.24902764268637
0.4219951829972523,30.06795272251196,22.24980307679931
0.42587000661851193,30.078686477040833,22.252522989628858
0.40682055540789264,30.06836469480237,22.253689095193977
0.3800544942337054,30.06795272251196,22.252135268072152
0.3919541841534246,30.068776669016415,22.25563065830039
0.40786037279135573,30.080337699748668,22.256796778315106
0.39084788506376483,30.06836469480237,22.257184507078307
0.3838100777297714,30.06795272251196,22.25873836548965
0.39126357692048264,30.077859316611296,22.259516766993443
0.374981842629152,30.06547468734459,22.25912903462131
0.360456859344673,30.07042770619188,22.259516766993443
0.35787239761844336,30.083640237959003,22.259904499965728
0.33939266259860906,30.068776669016415,22.260682905093518
0.3481098260504847,30.06960374426859,22.261458375249447
0.37706541825755807,30.069191766192716,22.26301226017739
0.36984022223347335,30.06341179174541,22.26301226017739
0.3518872240324169,30.068776669016415,22.26379067496856
0.3580793914390532,30.07001572426833,22.26379067496856
0.37933345490062703,30.07042770619188,22.26379067496856
0.3856532518480854,30.077859316611296,22.264178414560547
0.3717427546303148,30.07207877426714,22.26301226017739
0.35249726587760843,30.07042770619188,22.261849048624242
0.37543226359005843,30.0729058804788,22.261070639871264
0.39211496367815524,30.07042770619188,22.257962903754844
0.376714960837011,30.071666784632725,22.258350634322255
0.3875323664121317,30.060933884066742,22.257184507078307
0.4138740694715968,30.071666784632725,22.25563065830039
0.37161422770086505,30.07042770619188,22.25485520617974
0.3587012587222132,30.073317875900727,22.253689095193977
0.40375909373738234,30.071666784632725,22.25291071178458
0.40827642106512707,30.06753763116467,22.25174754711452
0.3983573163485246,30.04937851498147,22.25135688948268
0.3673206319292791,30.072493886981306,22.25135688948268
0.3546129854337723,30.07001572426833,22.250581450570962
0.40707996259293244,30.07042770619188,22.25096916972734
0.4115275400672875,30.071254796922574,22.25096916972734
0.4106443943698736,30.07042770619188,22.25019373201326
0.4161723309395637,30.08529155347162,22.24980307679931
0.4034800695390014,30.078686477040833,22.24902764268637
0.39003640734068756,30.068776669016415,22.247473844414515
0.3748533343287984,30.06753763116467,22.24669548027282
0.34432256226218255,30.068776669016415,22.245141696421797
0.3334942106572664,30.066713696229897,22.2439756305389
0.3345870781266519,30.07001572426833,22.242809570062718
0.33494466590108585,30.06547468734459,22.242421863494826
0.3355563208368812,30.066301731647457,22.242421863494826
0.3344509613206612,30.065062728545968,22.240868106046776
0.3298434865592138,30.065062728545968,22.241255810220594
0.3448300662917927,30.06382374283828,22.24048040247021
0.3822199288761369,30.057632195763176,22.240092699490788
0.38929889674770035,30.061760885823276,22.239314358190768
0.3589148338938445,30.062172829211647,22.239702059971478
0.3255678582856169,30.060110010774622,22.238926657007084
0.33409950319175546,30.061760885823276,22.239314358190768
0.34327687549074,30.064235695853824,22.234265478124996
0.30603707591762913,30.052679894751748,22.23853601929693
0.28574427590375356,30.059283024482,22.237760619922938
0.3108565648482138,30.058871094577228,22.23737292113111
0.33320579477648715,30.059283024482,22.23737292113111
0.33082936072993063,30.06299672175544,22.23698228583072
0.33617539843960415,30.05969495630859,22.236206891239306
0.34079156780408515,30.05680523267648,22.236206891239306
0.3305745846067135,30.058044119888336,22.235819194838427
0.3151863091865931,30.058044119888336,22.235819194838427
0.3146690978965842,30.057220273559494,22.23504086674319
0.3161817225746051,30.058044119888336,22.235819194838427
0.3164679577863588,30.05556948340137,22.23465317213595
0.33411337942265906,30.04772787135255,22.234265478124996
0.3530543791602696,30.05556948340137,22.234265478124996
0.33909717067052864,30.05309179578012,22.233099462608948
0.31589998021506016,30.05474253962916,22.233487154827003
0.3072095605376734,30.052264875203434,22.23115513638288
0.3106005459497167,30.053918724097855,22.230379759710843
0.3241242448928887,30.051852978030638,22.2292137621547
0.33582727617637403,30.03864832237872,22.2284354544409
0.32829893273890304,30.051852978030638,22.227272402856727
0.315164843958194,30.051029189446183,22.226106419649852
0.3247855250122976,30.050202288175285,22.226106419649852
0.3514152813217627,30.050202288175285,22.224165084233334
0.3670528627489651,30.048963510940723,22.222608502310322
0.3710225859366227,30.03864832237872,22.220279521212547
0.3812330914556608,30.04772787135255,22.220667193753854
0.36710430130055843,30.052264875203434,22.219501241009993
0.33554825006217426,30.046489128804637,22.21872590009383
0.31336361599415447,30.046489128804637,22.218335293638006
0.34872111941841055,30.04566227001601,22.218335293638006
0.37477329899658623,30.04401169579296,22.217172288511108
0.34141794595400754,30.043187980298967,22.21794762466874
0.3193630456280791,30.041534332212393,22.2167816844522
0.3313268466199116,30.040298796471518,22.215618686460573
0.3279939596428698,30.039883835057708,22.214840420584665
0.2975835279344603,30.037821536918614,22.2136744946701
0.28236175761138027,30.0369978790892,22.21250857411917
0.28721496447974953,30.035759286869165,22.21212091406585
0.2992856673890431,30.049790400618406,22.210955000659283
0.31346684379462525,30.03410889748767,22.20940143671578
0.3270648799024065,30.032458538895526,22.20940143671578
0.3207204004617925,30.030808211087788,22.207460229353387
0.3088744329329087,30.029981498899474,22.20629433736218
0.3155308975542258,30.028331217287985,22.203187276026938
0.3286208070771798,30.02750452823858,22.203574922436417
0.3357020177864568,30.03287034571838,22.201633759606352
0.3393422986799276,30.025854292812028,22.200467894350368
0.34986376499917143,30.023792321649637,22.19891439454409
0.35631274922642675,30.02255391424694,22.19736090422367
0.3520829324244385,30.020903771098347,22.195419788812558
0.3478737599918625,30.025030746375478,22.194641584823046
0.3430613541041491,30.008527117822723,22.193866319816607
0.3255899369299091,30.015126952630794,22.191147037722544
0.32419700248948147,30.01554179798819,22.189593594772703
0.3400334605104679,30.013065231212636,22.188815408572793
0.3380177468381581,30.01347694784363,22.187261979823916
0.31424594950407925,30.011826973783286,22.186483800735743
0.31761018934955615,30.011826973783286,22.184155150691538
0.34400794371449805,30.015953526128385,22.18376753383035
0.32952013088869486,30.007288923797375,22.183376981072684
0.3002471749763969,30.006465549939605,22.181048359353383
0.3057535666441943,30.00398923677011,22.179882588227883
0.31460574097047345,29.998213520648335,22.179494977847355
0.2934373068546406,30.00068967253469,22.17793866935591
0.2985520514545206,29.999039936451425,22.17716345507438
0.3228198055427953,29.99656383061665,22.175610097161837
0.3113112387489961,29.99615219251774,22.173278609782926
0.27049061086656173,29.993264542574593,22.17289100940502
0.26489809438135187,29.989965377194267,22.170950079970112
0.2993430968862652,29.988315840489804,22.16900622891552
0.3165116220310855,29.98584003385065,22.167065328895262
0.2942341714727415,29.98460215641967,22.165899621418646
0.2480937564043786,29.98254114437094,22.164346331775732
0.26149446754150507,29.980891745582994,22.161239780681342
0.28351649014338687,29.98460215641967,22.16007409965232
0.28922477784538414,29.978830819631753,22.15852084523783
0.31174344871467824,29.97470599344001,22.156967600206997
0.33152564773154775,29.971819040785306,22.155801938547427
0.3397142325542542,29.961509706147922,22.154248709933086
0.34797254794590987,29.97058135870037,22.152695490691656
0.33287194696016265,29.961509706147922,22.151529848379198
0.3153328945081216,29.96646003275555,22.15075471384239
0.32205485115372673,29.96398483500957,22.150364211341753
0.30161064416236827,29.960686756644407,22.149976645535332
0.2872624425957303,29.96027216754345,22.148423452053635
0.3396054456619507,29.959860697564068,22.148811015524245
0.34957253496407686,29.96109823044452,22.14725782906595
0.34060472578263223,29.972230566102326,22.14648270737655
0.3610704182682017,29.954913855177892,22.143376371854288
0.3445631721723591,29.952438978632074,22.145317093160713
0.3094644231220735,29.934303411681242,22.14415148421108
0.32864964868497637,29.949141328141764,22.14415148421108
0.3368348071776453,29.947903961503187,22.14415148421108
0.34028185929571886,29.94708113779103,22.14415148421108
0.34767806876034424,29.943783685708013,22.145317093160713
0.3428273422524875,29.942957783462077,22.146092211347252
0.33490012935570856,29.936774667980387,22.14648270737655
0.32598009642687775,29.940897736134445,22.14687026793007
0.32956478603195133,29.938834619983993,22.14492953494073
0.35698957127735287,29.937186031292697,22.14687026793007
0.36575378672114545,29.935951947051763,22.150364211341753
0.33317246884294044,29.91039839905733,22.151529848379198
0.3151043020851779,29.933888945391857,22.1523079213776
0.33164452486199747,29.931829107682404,22.154636282168894
0.32264084083666067,29.931417769090217,22.156967600206997
0.29040158915841163,29.929354872348597,22.158133267149424
0.27845355919725356,29.92646938989543,22.159686519222078
0.27981560362823565,29.926883821698766,22.16085219849299
0.3013745246962244,29.9404863556872,22.16279305153131
0.33942629805495295,29.92276140154837,22.1616273634545
0.323767534149604,29.921113109990642,22.163571158607738
0.2925019048917323,29.921113109990642,22.163571158607738
0.33657655020351795,29.919053567299557,22.16551203219649
0.36028000249716335,29.915754035941177,22.16551203219649
0.3541621846928887,29.91863917186663,22.165899621418646
0.36809392945135005,29.915342771459336,22.165899621418646
0.34028687097561683,29.91369461690249,22.167452920463916
0.312763548519586,29.912872108806823,22.168618634999348
0.32189841515944656,29.912046492770116,22.171725275439258
0.33025546905361447,29.911635245366142,22.171725275439258
0.3248038555648509,29.908750335759123,22.174056748676207
0.3100345304604303,29.8935048550523,22.17716345507438
0.3063755809540914,29.917402228521325,22.17910443161884
0.31182294946954603,29.905454300386452,22.179882588227883
0.31279246316333376,29.8922682596542,22.18027019919606
0.3425862394769229,29.891857103259326,22.181435972089275
0.34450784461983,29.903392003618364,22.179494977847355
0.323833857501091,29.900096165909247,22.183376981072684
0.34119835655635733,29.899273783009335,22.18376753383035
0.3591111054867078,29.900507360196798,22.184930386178905
0.34590746987733995,29.90092167150607,22.187261979823916
0.353658961765131,29.900096165909247,22.189203033100114
0.37914650753981705,29.893093692971945,22.191147037722544
0.37734008869003455,29.897625924893532,22.193088120573066
0.3739315563280282,29.91245774206817,22.194641584823046
0.38358262195663495,29.897625924893532,22.195807423385247
0.37598182642622285,29.89803710781723,22.199302034439143
0.38216841584052685,29.895563808757004,22.199692611597527
0.41637116210043845,29.896389272498197,22.20202140364654
0.3732072794831437,29.896389272498197,22.202799630208744
0.3690237775498704,29.896389272498197,22.20474080194424
0.40960078476984024,29.896389272498197,22.205906686802905
0.43414848996202016,29.89803710781723,22.206681988513253
0.41226323389746933,29.896389272498197,22.209013781411443
0.3790108439110577,29.89721162886059,22.20940143671578
0.3627238126099116,29.89803710781723,22.210955000659283
0.3556619979202221,29.897625924893532,22.210955000659283
0.34718500376660244,29.9071023028705,22.214452756964818
0.36149656979621936,29.89721162886059,22.21639401786166
0.3820298710379829,29.898859479338853,22.217559956293144
0.38846579856059144,29.900096165909247,22.219891849265252
0.3910330513071538,29.900096165909247,22.220279521212547
0.40700669341825574,29.900507360196798,22.222220826793603
0.3968670590485563,29.901744069569588,22.222999115363848
0.3518595918447346,29.90215838661237,22.224165084233334
0.3421833257933127,29.90298079605742,22.226106419649852
0.37164835635598836,29.903392003618364,22.226494101126434
0.3783894489652082,29.904628752915073,22.227660086122967
0.38878635983363696,29.877436676613854,22.2284354544409
0.4115051469622654,29.90586551933177,22.230379759710843
0.3929278095899644,29.906276740169915,22.23115513638288
0.37383612694643115,29.90833910353342,22.231933452484213
0.38502262336372706,29.8922682596542,22.232321142909882
0.38933547981059785,29.907513529402138,22.232321142909882
0.38902420099552054,29.91039839905733,22.232321142909882
0.4053488742522846,29.911635245366142,22.232321142909882
0.40012571680538367,29.921524401063323,22.23154576265432
0.37447838072304895,29.911635245366142,22.229992072268203
0.3908826019552389,29.921935694031845,22.228826076503026
0.4313527497861383,29.914931508872144,22.226106419649852
0.4354473707426666,29.925235453973016,22.225718738768194
0.4387455501612009,29.91863917186663,22.224552762731435
0.4547750172278495,29.91863917186663,22.222220826793603
0.45085369431382805,29.921524401063323,22.219891849265252
0.42065027409879013,29.922350104773614,22.21872590009383
0.40013913263705086,29.931417769090217,22.21794762466874
0.42452056900942603,29.922350104773614,22.21794762466874
0.4403698240311298,29.92482102982825,22.21639401786166
0.4066491124731656,29.92729513937752,22.21328683283383
0.3900057113907501,29.92729513937752,22.215618686460573
0.41428917353450356,29.928532219888893,22.215618686460573
0.42849343381310345,29.929354872348597,22.21600635186445
0.43539989141236235,29.931417769090217,22.214840420584665
0.4543731705520462,29.93224044817231,22.215618686460573
0.48003901339330257,29.9326517905601,22.21522808479756
0.468379055387709,29.9301806485484,22.21600635186445
0.4515949867979046,29.934714763588147,22.21600635186445
0.4642369780754934,29.93636330656676,22.21522808479756
0.4891022565806606,29.937600512914173,22.21600635186445
0.4871798532761942,29.935537473096986,22.21600635186445
0.47382472944572007,29.93636330656676,22.21639401786166
0.4665260181670972,29.941720502727435,22.217172288511108
0.46131033988661285,29.931003316215936,22.2167816844522
0.4434532044351187,29.943783685708013,22.218335293638006
0.44428909080624013,29.948729909618294,22.21872590009383
0.46345608395138366,29.946255204968168,22.220279521212547
0.4609307573723828,29.946255204968168,22.220667193753854
0.44751691617274597,29.94708113779103,22.221445477543114
0.44396220726368735,29.954087849687426,22.222999115363848
0.4492365044595799,29.9503787119761,22.22377446937827
0.4426500439256493,29.9516161130083,22.22494044182423
0.4330632965424845,29.9516161130083,22.226106419649852
0.4296056622521526,29.953676408303295,22.227660086122967
0.43145303051770667,29.95326496882103,22.228826076503026
0.4334934945870696,29.954913855177892,22.23154576265432
0.4331466510144135,29.954913855177892,22.231933452484213
0.4228600295747249,29.96027216754345,22.233099462608948
0.4120869047469632,29.959860697564068,22.23504086674319
0.4258480623421096,29.933888945391857,22.23698228583072
0.4517021813675968,29.962747261969298,22.23853601929693
0.4385576262875163,29.961509706147922,22.240092699490788
0.40176976885455085,29.96604541674259,22.242421863494826
0.40721913748622,29.964396324066968,22.243587922173617
0.45686985665257684,29.96728303568159,22.245141696421797
0.49169621074989506,29.9656339200547,22.247083193430683
0.479141487899805,29.9656339200547,22.248636989286354
0.47575630331774404,29.966871533266385,22.25019373201326
0.47608593951568623,29.96769454000122,22.250581450570962
0.4591618776434655,29.968932181895127,22.25135688948268
0.4338148596278669,29.970992878287234,22.25174754711452
0.43734958867002344,29.971819040785306,22.252522989628858
0.44499611393795896,29.98584003385065,22.252135268072152
0.4456031687799599,29.988315840489804,22.25291071178458
0.45697049937274664,29.97594373296687,22.25330137183539
0.48672199872694344,29.97346827115257,22.253689095193977
0.5033836215273881,29.973879804105934,22.252522989628858
0.48392795602659533,29.975117532125182,22.253689095193977
0.4639766938954408,29.977181489735187,22.25330137183539
0.45454184205929477,29.978830819631753,22.253689095193977
0.45245036732163346,29.978416145906806,22.25330137183539
0.46127602625469016,29.979653937120986,22.254076819151862
0.4801569042874436,29.978004591943147,22.25174754711452
0.4839698888977786,29.98254114437094,22.25096916972734
0.4683972355684475,29.98212957129499,22.250581450570962
0.45516945616768284,29.982952719354273,22.24941535944356
0.45554140911092755,29.98377899307161,22.24824927373072
0.46047705206146183,29.98460215641967,22.24630776771312
0.4682489297238031,29.991614944554215,22.245141696421797
0.4650430506938599,29.985016859027155,22.2439756305389
0.4366362920451479,29.987077928539975,22.242034157524415
0.4068422123826012,29.987904240646344,22.239314358190768
0.417997736274205,29.999863241360515,22.23853601929693
0.440974520389733,29.987904240646344,22.23504086674319
0.4242355154627168,29.991203329412315,22.231933452484213
0.47079190213276356,29.992026561605144,22.226881783197996
0.48248852155821875,29.993264542574593,22.225718738768194
0.45722771057770245,30.008527117822723,22.225718738768194
0.4401473481938022,29.994090912279376,22.224165084233334
0.4623824456563159,29.994502540815063,22.219501241009993
0.46895133947927303,29.99656383061665,22.221445477543114
0.4393137340344323,29.997801874894606,22.221054866889176
0.41266642513454754,29.997801874894606,22.21872590009383
0.39874685697657836,29.998628286862584,22.217559956293144
0.39126864129936284,29.999451587950716,22.214840420584665
0.3998483733710187,30.00068967253469,22.21328683283383
0.41132435810992474,30.001512992758137,22.21212091406585
0.40325948593639516,30.00811542418711,22.210179685895127
0.38866936139458763,30.003577564207433,22.208626126699357
0.396591729988241,30.003577564207433,22.207460229353387
0.4162814020736931,30.002751106120513,22.20551903683537
0.42372730715140605,30.00481570639755,22.20474080194424
0.4240880491364994,30.00605074706715,22.203187276026938
0.42182663015427335,30.00770061359424,22.202409048277786
0.4132288480374319,30.02008027070798,22.202799630208744
0.4157945093404487,30.012653516494765,22.201246116157222
0.4321864665272347,30.009765329145125,22.20008025267856
0.4428095762209234,30.0110035577668,22.198526755239584
0.4380224717505603,30.011415264818652,22.198526755239584
0.44204110844828665,30.01430350594694,22.196195058548085
0.45011301887419675,30.01347694784363,22.194641584823046
0.43754324090526864,30.009353629758095,22.193088120573066
0.4327929189018026,30.007288923797375,22.191147037722544
0.447036586201275,30.015953526128385,22.189593594772703
0.4495038004576336,30.018015314767695,22.187649601990984
0.42019445983183745,30.018841915218616,22.185320941312227
0.4127308579451919,30.01842705440538,22.184542768141057
0.44091790429231237,30.020492019945948,22.18298936539236
0.4295303947862117,30.02008027070798,22.181435972089275
0.38717486922406913,30.021315524165402,22.18065781075194
0.35059154897021194,30.021315524165402,22.179882588227883
0.36675530188645195,30.022142155421193,22.17871682241781
0.3978018597462442,30.02255391424694,22.17755106192152
0.4092758724092583,30.019665404093757,22.176775848814486
0.4142414049277854,30.023792321649637,22.17716345507438
0.4138924438401081,30.033282154457993,22.176385306737302
0.3945706682277993,30.036171109057875,22.17716345507438
0.3710069279649706,30.026680966448282,22.17599770165606
0.353848225805793,30.02750452823858,22.17599770165606
0.3674297372918479,30.028743004903163,22.176775848814486
0.3993692648425709,30.02915479443442,22.176775848814486
0.3848557956051014,30.029981498899474,22.17755106192152
0.36406276260010845,30.030808211087788,22.17832921380426
0.36518466186192733,30.02626918842668,22.17832921380426
0.3731931590936679,30.038233368709882,22.17871682241781
0.38680246345758146,30.04607413833253,22.179494977847355
0.3938857135946945,30.032458538895526,22.179882588227883
0.3761896599690557,30.032458538895526,22.179882588227883
0.3991187403948103,30.033693965114537,22.18065781075194
0.41993521549354923,30.035759286869165,22.181823585413042
0.38075514382432324,30.036171109057875,22.179882588227883
0.38007531873756106,30.052679894751748,22.17871682241781
0.3512819361112453,30.034932528415084,22.176385306737302
0.3809454730586563,30.038233368709882,22.174831953547653
0.39277624299884734,30.03864832237872,22.173278609782926
0.38368345560653916,30.036171109057875,22.173278609782926
0.4268954467617844,30.038233368709882,22.170950079970112
0.4513817441376074,30.0369978790892,22.16900622891552
0.4233429726120707,30.037821536918614,22.168231041669117
0.41313923916130163,30.038233368709882,22.167840512618227
0.4152778321853454,30.051852978030638,22.166287211226177
0.3999383217716399,30.038233368709882,22.163958744899162
0.37816508286986494,30.027092746385563,22.164346331775732
0.4026871657909298,30.038233368709882,22.1616273634545
0.3885272307054816,30.032043614262648,22.16085219849299
0.3751114317504924,30.03906015802039,22.16046168066714
0.37858887506282957,30.038233368709882,22.159298939376242
0.3752490865271621,30.03410889748767,22.15852084523783
0.3853748592771873,30.036582933164027,22.158133267149424
0.39341603532657715,30.036582933164027,22.156967600206997
0.38310678651492575,30.03740970704507,22.15658002445946
0.39195415690888596,30.036582933164027,22.155801938547427
0.41960546782549396,30.036582933164027,22.15386113828083
0.41395938097596624,30.0369978790892,22.152695490691656
0.42304322924960025,30.036171109057875,22.15191741652228
0.4622211297304317,30.03740970704507,22.15075471384239
0.46170652012355073,30.036582933164027,22.148811015524245
0.41588867072964314,30.036171109057875,22.14725782906595
0.40243167446540834,30.036582933164027,22.14648270737655
0.4290529155640865,30.035344346754584,22.14453904126242
0.4473902739095675,30.034932528415084,22.14298588052594
0.4638994123453512,30.03740970704507,22.141432729133896
0.48128060708878495,30.035759286869165,22.139879587082305
0.4712450008156948,30.033282154457993,22.139879587082305
0.4495476019204237,30.02255391424694,22.13677333098491
0.4366543797180542,30.033693965114537,22.13560776058557
0.4482412878780338,30.03287034571838,22.134442195438623
0.4671501262145858,30.033693965114537,22.13211401679439
0.47791765167468364,30.026680966448282,22.130170458727832
0.46468872857626786,30.033282154457993,22.129007853925145
0.440216519226822,30.043187980298967,22.12784231848815
0.4518405536181447,30.032458538895526,22.125123734788417
0.46909132855917335,30.021315524165402,22.123570690583676
0.4470507646840437,30.03287034571838,22.119299132999174
0.43742538050657925,30.029569705521283,22.120464630056176
0.46966389863346764,30.030808211087788,22.119686652850874
0.48932318415335674,30.030393294193857,22.118521159284512
0.4923847892033747,30.030393294193857,22.118521159284512
0.49359360867489516,30.030393294193857,22.117746123635982
0.4763064963081718,30.030808211087788,22.116968154570884
0.45183210025242176,30.02915479443442,22.118521159284512
0.4468671625321086,30.028331217287985,22.118133641171312
0.45471226186528046,30.028743004903163,22.118911613725572
0.4415039355832619,30.029569705521283,22.118911613725572
0.4207103083460778,30.027919431588714,22.1220176556742
0.44084641439457234,30.027919431588714,22.12123967381592
0.4803447073993562,30.027919431588714,22.121627196563338
0.4885272329446152,30.02750452823858,22.12240517958304
0.47520732409816363,30.027919431588714,22.1220176556742
0.4817503962849361,30.021315524165402,22.12240517958304
0.5049490656250689,30.02750452823858,22.123570690583676
0.5102780206696996,30.027092746385563,22.122792704070378
0.49582934312928495,30.027092746385563,22.123570690583676
0.4973204986996559,30.027092746385563,22.123183164934574
0.511377931704005,30.025854292812028,22.122792704070378
0.5157330817581419,30.02626918842668,22.12434574361822
0.5134083402585727,30.02626918842668,22.125511263336364
0.5065328803909429,30.025030746375478,22.125898792463317
0.49493885799246956,30.02626918842668,22.125898792463317
0.4987483030692665,30.029569705521283,22.126676788292457
0.4940138877854072,30.02750452823858,22.127064319161377
0.46773454487880517,30.025030746375478,22.12784231848815
0.46914187748708097,30.024204088149816,22.125898792463317
0.45758911271388325,30.024615856565276,22.12628925800277
0.4528139592214742,30.025030746375478,22.125898792463317
0.4931060359627027,30.024204088149816,22.125511263336364
0.4981920752548919,30.023380557064513,22.125898792463317
0.45668025280875246,30.022965674987574,22.125511263336364
0.43366461468544065,30.02255391424694,22.125511263336364
0.4460347151958593,30.023792321649637,22.126676788292457
0.46333195367884944,30.023792321649637,22.12822985109966
0.4857223356339853,30.02255391424694,22.129782923213895
0.456954894478333,30.02173039851033,22.1309484673813
0.43594252924168486,30.02173039851033,22.13172354247712
0.46565595106012464,30.02255391424694,22.133279571454864
0.4823131616402866,30.021315524165402,22.134442195438623
0.45399462067250373,30.018015314767695,22.135995304820597
0.45525780395107807,30.021315524165402,22.137160876966675
0.46025783798613107,30.02255391424694,22.137160876966675
0.4486815847507591,30.02008027070798,22.137548423529267
0.4256896186728079,30.03287034571838,22.137938906638283
0.4171126707444014,30.018015314767695,22.138326454367302
0.4273661433139161,30.022142155421193,22.139104487547343
0.4467709317818924,30.021315524165402,22.139492037024183
0.4691515194272815,30.022965674987574,22.139492037024183
0.47855117896010796,30.021315524165402,22.139879587082305
0.473468926945513,30.020903771098347,22.139492037024183
0.4684483417859419,30.02173039851033,22.14104517674565
0.469467279603353,30.02008027070798,22.14182028210365
0.4504289624004342,30.020903771098347,22.142598325806603
0.4129582868689156,30.02008027070798,22.14453904126242
0.39686535817259033,30.018841915218616,22.145317093160713
0.4075670801214736,30.021315524165402,22.145704651962888
0.41042135913497135,30.023380557064513,22.14648270737655
0.3915852053500935,30.02173039851033,22.147645390784362
0.38596350227051573,30.021315524165402,22.149976645535332
0.4026847386630161,30.027919431588714,22.151142280819215
0.40868009537716354,30.021315524165402,22.1523079213776
0.3895462022520778,30.022965674987574,22.15347356721213
0.3862225853354132,30.021315524165402,22.155026791148373
0.41290904504565,30.02173039851033,22.156967600206997
0.41720214888208595,30.020903771098347,22.159298939376242
0.41397591898861197,30.022142155421193,22.1616273634545
0.42979017045390616,30.020492019945948,22.163180636648235
0.4406203328823006,30.020903771098347,22.16551203219649
0.43466985456553103,30.02008027070798,22.168231041669117
0.4366925893684746,30.022142155421193,22.170559546777326
0.4291267377533126,30.02173039851033,22.173278609782926
0.4024894568025237,30.022965674987574,22.176775848814486
0.43079030962634524,30.021315524165402,22.18027019919606
0.466203480259012,30.02626918842668,22.181823585413042
0.430899862051644,30.02008027070798,22.187261979823916
0.4069683664347595,30.002751106120513,22.190756473670604
0.41263862812914803,30.021315524165402,22.193475751597248
0.4356361593402654,30.02173039851033,22.195419788812558
0.4458492758465666,30.020903771098347,22.19891439454409
0.41688180424582266,30.034520711992798,22.202799630208744
0.4079593526852584,30.018841915218616,22.20396550615925
0.43272487514530483,30.030808211087788,22.20707257701406
0.44747683422853995,30.020903771098347,22.20979202940174
0.43899014511309953,30.020903771098347,22.21134559573744
0.45327595739346016,30.019665404093757,22.2136744946701
0.460308240144062,30.018015314767695,22.21600635186445
0.4260254093558992,30.01842705440538,22.217559956293144
0.4001388033699695,30.0176035770441,22.220279521212547
0.42678232104108943,30.01842705440538,22.221445477543114
0.4448415221262986,30.024204088149816,22.224552762731435
0.4810869019499599,30.0176035770441,22.22494044182423
0.510265350842193,30.0176035770441,22.226494101126434
0.49580952978860937,30.0176035770441,22.2280477699843
0.49482018141251755,30.014715228332193,22.22960144840181
0.4978508352543091,30.028743004903163,22.23115513638288
0.4890008154914174,30.015953526128385,22.23270883393144
0.4954820543533275,30.016365256182155,22.235428561946776
0.4826894209363157,30.025854292812028,22.238926657007084
0.4660781507779145,30.015953526128385,22.241255810220594
0.47042294689300723,30.015953526128385,22.244366276693256
0.4677370997464733,30.01554179798819,22.24669548027282
0.4706528181950994,30.018015314767695,22.24902764268637
0.4837552742153689,30.016365256182155,22.252135268072152
0.4913399771292664,30.016776988149672,22.25485520617974
0.481188160732501,30.018015314767695,22.25873836548965
0.4521009151956944,30.015126952630794,22.261458375249447
0.4739745964911757,30.016365256182155,22.26301226017739
0.5167238671031431,30.0176035770441,22.266122996427782
0.5055705648222921,30.01554179798819,22.26728622785413
0.4629511804650332,30.010177030444595,22.269618581920895
0.4827196771326745,30.021315524165402,22.27117251755908
0.5060392505092424,30.018841915218616,22.27389266257802
0.48389028766188585,30.015126952630794,22.275058867739517
0.46529832947129385,30.018015314767695,22.277779055123403
0.4683527909090973,30.022965674987574,22.275058867739517
0.4709638696415309,30.01842705440538,22.280499272185125
0.4713849733546712,30.019665404093757,22.28205327560562
0.48636493356724975,30.01842705440538,22.283607288722408
0.5052567243381265,30.019253658699085,22.285549084341085
0.48793043288748483,30.01842705440538,22.287103119284325
0.4371661073943526,30.018841915218616,22.289044942188298
0.4077933545548381,30.016365256182155,22.292543786949693
0.4019006691463141,30.021315524165402,22.29603974319616
0.4239386542602763,30.019665404093757,22.296818261163935
0.426390661988727,30.020492019945948,22.30031427762924
0.4249680117289662,30.020492019945948,22.301868404977085
0.4386890427346018,30.021315524165402,22.304976688916042
0.4420415510391017,30.020492019945948,22.307309396440075
0.44767835650150023,30.020492019945948,22.308863567687297
0.4422490707896011,30.03740970704507,22.310029937021454
0.4277610617252672,30.02255391424694,22.311971939478155
0.4258184590333563,30.022142155421193,22.313526140029808
0.41665091586744385,30.022142155421193,22.316637508508336
0.4134824908632679,30.02255391424694,22.318967388007707
0.4448287554232547,30.024204088149816,22.320133805048897
0.4130371398729613,30.02173039851033,22.321688056982225
0.38293187789503835,30.023792321649637,22.32052163259158
0.4335098522052311,30.023792321649637,22.318967388007707
0.415375371456613,30.022965674987574,22.31780097648027
0.40896052230021657,30.023792321649637,22.31702533055642
0.4364837277542498,30.023792321649637,22.3158589282055
0.4352451371156584,30.023792321649637,22.315080350357334
0.4146318899453645,30.029981498899474,22.3158589282055
0.4158806549904926,30.02750452823858,22.3158589282055
0.43133248737124635,30.024615856565276,22.315471107989424
0.46633444436829435,30.024204088149816,22.315080350357334
0.5020129009086882,30.024615856565276,22.3158589282055
0.49753088791125594,30.0176035770441,22.313916895203363
0.4790354614472879,30.019665404093757,22.314304712979208
0.46428707321945656,30.024615856565276,22.314304712979208
0.45923000346981147,29.99656383061665,22.314304712979208
0.4543959383939305,30.023380557064513,22.312750507530836
0.4573100719006842,30.024615856565276,22.314692531363846
0.4591110889771928,30.024204088149816,22.315080350357334
0.4498176305000325,30.025030746375478,22.31702533055642
0.4455905624920919,30.025442518636055,22.316637508508336
0.45784437967122354,30.030808211087788,22.314692531363846
0.47780798787482365,30.025442518636055,22.31819173841825
0.4803052467658284,30.024204088149816,22.31935521371679
0.48134532297758115,30.024204088149816,22.319745978115918
0.48965484420460176,30.023792321649637,22.32052163259158
0.4855441249245939,30.025442518636055,22.322075886969117
0.4683642666215402,30.024204088149816,22.322075886969117
0.4894495228084904,30.022965674987574,22.322466655678852
0.5155625087823189,30.01554179798819,22.32324231871229
0.49784688906615354,30.025854292812028,22.32402092231797
0.461883193961293,30.025442518636055,22.323630151144243
0.48273755844295696,30.023380557064513,22.324796590242897
0.4886854854269924,30.030393294193857,22.325184425120995
0.4625514307854953,30.023792321649637,22.325184425120995
0.4623579712926351,30.022965674987574,22.326741647067138
0.4794340212616897,30.02255391424694,22.325575198759623
0.44790099295484764,29.994502540815063,22.32596303486349
0.40292556454640915,30.023792321649637,22.324796590242897
0.416048050967627,30.020903771098347,22.32596303486349
0.4460545203515606,30.02255391424694,22.325575198759623
0.4704572577395315,30.00770061359424,22.325184425120995
0.45352399651107766,30.021315524165402,22.323630151144243
0.4435598983849789,30.027919431588714,22.323630151144243
0.4495225312536756,30.020903771098347,22.321688056982225
0.4331664128906254,30.020492019945948,22.321688056982225
0.41742293377314893,30.020903771098347,22.32052163259158
0.41386802597265543,30.020903771098347,22.320133805048897
0.4092652011437825,30.019253658699085,22.31935521371679
0.41441085869969696,30.019665404093757,22.316637508508336
0.4249292798972796,30.01842705440538,22.315471107989424
0.39883809302308065,30.018841915218616,22.313526140029808
0.42254223680835556,30.01842705440538,22.311584125363197
0.43658568673333176,30.001512992758137,22.310808498958295
0.4238745100045687,29.98955376970224,22.310417748698683
0.44788201924664506,30.01719184123442,22.310417748698683
0.44917519501383474,30.01842705440538,22.310808498958295
0.46937536802556257,30.0176035770441,22.311196311856577
0.5029715162396,30.016365256182155,22.310808498958295
0.44538302944239383,30.024204088149816,22.311584125363197
0.4230532257826158,30.01554179798819,22.312362692194313
0.44906505648522477,30.015126952630794,22.314304712979208
0.46773820060234306,30.01554179798819,22.313526140029808
0.4739852721995297,30.01430350594694,22.314304712979208
0.479620560887211,30.01347694784363,22.313916895203363
0.48581323808270294,30.0138886663878,22.315471107989424
0.4940397415321524,30.021315524165402,22.315080350357334
0.5012893367690869,30.01347694784363,22.315080350357334
0.4954476360446103,30.013065231212636,22.313916895203363
0.48156011038934526,30.01347694784363,22.313916895203363
0.47635327571525665,30.013065231212636,22.314304712979208
0.48969647911847436,30.01223868466076,22.311196311856577
0.4883718432926281,29.99615219251774,22.310417748698683
0.4718097009454774,30.02626918842668,22.310417748698683
0.45290186747568917,30.013065231212636,22.310417748698683
0.45424550010204945,30.013065231212636,22.3076972038524
0.46136634196237675,30.002751106120513,22.306533783438567
0.4533017579578434,30.01058873365662,22.305755234953153
0.43963642318798624,30.016776988149672,22.30420108322255
0.43235877977772136,30.027092746385563,22.303813281286637
0.42912815097265733,29.99574055632877,22.302259141741274
0.42138469570660225,30.00605074706715,22.301480606692394
0.43051922606585785,30.011826973783286,22.299147954053183
0.46194478472629635,30.0110035577668,22.299147954053183
0.48296553755716676,30.0110035577668,22.298372366601143
0.4608032598011651,30.0110035577668,22.299147954053183
0.4168294721035002,30.0110035577668,22.29720605215732
0.4021694264274966,30.01058873365662,22.297984573784618
0.41177960683995407,30.01058873365662,22.296430470776613
0.4153826644102023,30.018015314767695,22.295651954025345
0.4005544726538282,30.0110035577668,22.295651954025345
0.4123443308371188,30.009353629758095,22.295264165460424
0.4334396566858817,30.010177030444595,22.295264165460424
0.43259567835569324,30.009765329145125,22.295264165460424
0.42660099102366034,30.00605074706715,22.295651954025345
0.44496089774084735,30.00811542418711,22.296430470776613
0.4606638835236905,30.009353629758095,22.29720605215732
0.4598443632930831,30.00481570639755,22.29759384375683
0.461008981569474,30.00893881337049,22.298372366601143
0.47026221774064075,30.023380557064513,22.30031427762924
0.4750040749105004,30.00811542418711,22.301480606692394
0.45466437067667964,30.00811542418711,22.30342254207136
0.43308828299744306,30.008527117822723,22.30420108322255
0.4605084911026108,29.97924237742302,22.30614303993036
0.5133252268125685,29.99574055632877,22.308087949814364
0.5004397069014759,30.00770061359424,22.310417748698683
0.4783675913053498,30.007288923797375,22.311971939478155
0.4769178889573412,30.01223868466076,22.314692531363846
0.45598268514706297,30.00605074706715,22.316246749030597
0.4471852500864095,30.006877235912498,22.316246749030597
0.44915185156543613,30.006465549939605,22.32052163259158
0.42333766164746434,30.006465549939605,22.322854486890492
0.4334339264343374,30.005639064932268,22.325575198759623
0.43756904441555755,30.005639064932268,22.327129485007845
0.42636338951056657,30.005227384709087,22.331792402630754
0.4538434154395406,30.01719184123442,22.333346728144306
0.4199358502501322,30.00605074706715,22.335679703975302
0.38738066942056554,30.005227384709087,22.336846200196305
0.40743808776496504,30.00605074706715,22.338788414002806
0.444147075109085,29.987904240646344,22.34112144151942
0.4539860819417276,30.00605074706715,22.34267582606782
0.4596870239345399,30.006465549939605,22.3446180860106
0.4637188704893116,30.00770061359424,22.3446180860106
0.46935369075347066,30.005639064932268,22.345784624717908
0.4728136327464456,30.006877235912498,22.348114780370338
0.46291419366863545,30.006877235912498,22.351226586483165
0.46280503856358485,30.007288923797375,22.351226586483165
0.4632922555580305,30.007288923797375,22.35316891422076
0.45658584658756496,30.009353629758095,22.354335493662234
0.47571667054432176,29.97924237742302,22.355889962068773
0.49433225783737433,30.006465549939605,22.357444440358677
0.45397052285082384,30.001927774402418,22.357832326841788
0.4061673001350632,30.022965674987574,22.358611040200742
0.42174705071357416,30.00770061359424,22.3613321486377
0.4255585717841627,30.006465549939605,22.361720041294404
0.41502109763480605,30.007288923797375,22.361720041294404
0.4236727268744657,30.006465549939605,22.3628866615594
0.43385496118838096,30.00770061359424,22.364829081980133
0.4287002104051793,30.00605074706715,22.36366245242965
0.43171082139885797,30.00770061359424,22.36366245242965
0.4391380692060992,30.00605074706715,22.364441184382088
0.43174483228813026,30.006465549939605,22.36599571710974
0.42329895394305816,30.007288923797375,22.364441184382088
0.456158179590607,30.006877235912498,22.364441184382088
0.4948528734269152,30.00605074706715,22.36521698019493
0.4937028543266533,30.006465549939605,22.365604879026648
0.47266902235041597,30.006465549939605,22.36716235782012
0.45695998015290323,30.020903771098347,22.366771517867164
0.4608806979397143,30.00770061359424,22.36755025974628
0.456270398658949,30.0110035577668,22.36716235782012
0.4482640791516032,30.013065231212636,22.36599571710974
0.4460374690356661,30.00770061359424,22.368326065450276
0.44509526582823294,30.006877235912498,22.36949271731305
0.4377543896626772,30.00770061359424,22.369880622948074
0.41353416727911174,30.00770061359424,22.371047282254267
0.3909159285226046,30.006465549939605,22.371438129064813
0.41726339037052984,30.006877235912498,22.372213947148452
0.45310386669834546,30.007288923797375,22.372992706422735
0.44851230251366403,30.006465549939605,22.373380617632222
0.4386608586154975,30.00770061359424,22.373768529459824
0.454191461168412,30.01058873365662,22.374547293707337
0.4611363901706701,30.006465549939605,22.3749352073944
0.45377023758728696,30.00770061359424,22.37532312169975
0.4741915585768511,29.984190573791807,22.376101890922428
0.4875698839314697,30.012653516494765,22.376877723872212
0.4551756394701813,30.00770061359424,22.377656498072042
0.41790030463384953,30.00770061359424,22.37804441671716
0.41917908588709546,30.00770061359424,22.37882319465342
0.43152907275271735,30.00811542418711,22.380377819202522
0.4295264451391854,30.008527117822723,22.380765742190363
0.4228164152235594,30.008527117822723,22.38193245369689
0.4244600254861462,30.011415264818652,22.381153665797513
0.42177806848730487,30.009765329145125,22.383875026093847
0.4269291989647996,30.00481570639755,22.38465382271977
0.45916626516946685,30.01058873365662,22.38426295466695
0.4839390747580673,30.0110035577668,22.385041752537347
0.46628790027692074,30.010177030444595,22.386208484588735
0.44521032730197696,30.002751106120513,22.38426295466695
0.4539097177506929,30.00481570639755,22.38426295466695
0.44903384769424354,29.992852919781626,22.383875026093847
0.43020123738154037,30.0110035577668,22.383875026093847
0.41527024626095876,30.01223868466076,22.38309917080693
0.4053350607171257,30.011415264818652,22.38309917080693
0.41414902996343217,30.01058873365662,22.382708305256642
0.44175581458684277,30.0110035577668,22.380765742190363
0.4575932652111333,30.01223868466076,22.37959903628564
0.4471825162300763,30.01223868466076,22.37843233598113
0.4527315242232506,30.0138886663878,22.377268580045723
0.47300565867938416,30.013065231212636,22.375711036623613
0.4621228496081682,30.01347694784363,22.373380617632222
0.4275098681796588,30.012653516494765,22.37182603779769
0.4109707064935273,30.012653516494765,22.36949271731305
0.42957942952407774,30.013065231212636,22.36871690789559
0.42806185670242375,30.01347694784363,22.36521698019493
0.4246253547826153,30.012653516494765,22.364050348789647
0.4578024608829024,30.0138886663878,22.361720041294404
0.47534931564598204,30.024615856565276,22.360941318023606
0.45309017026363363,30.012653516494765,22.357444440358677
0.43689575876259085,30.01347694784363,22.355111257378553
0.43018372147983763,30.014715228332193,22.352390218193193
0.417758739583872,30.0138886663878,22.350835772023572
0.42340614897146944,30.009765329145125,22.348893462798685
0.45189384687896705,30.014715228332193,22.346560361339755
0.46581814185454606,30.015126952630794,22.345784624717908
0.45556093519717655,30.015953526128385,22.341897163390115
0.44259248829211945,30.014715228332193,22.34112144151942
0.4301640914881123,30.01554179798819,22.339176270944904
0.4167554160993058,30.016776988149672,22.33451321329187
0.4383178580179882,30.01719184123442,22.33218024853096
0.46151546697845647,30.01719184123442,22.329850244101124
0.45761606337585264,30.025854292812028,22.328683781066445
0.4348114399677418,30.02008027070798,22.325184425120995
0.42215473758539784,30.015953526128385,22.323630151144243
0.4290184340465019,29.998628286862584,22.321688056982225
0.4532849119102229,30.01842705440538,22.319745978115918
0.46350131187414684,30.01719184123442,22.31819173841825
0.43374509471784095,30.0176035770441,22.3158589282055
0.4147646609356077,30.01719184123442,22.315080350357334
0.4427537392017917,30.018841915218616,22.313138323475982
0.46467513853620634,30.02750452823858,22.312750507530836
0.43611593995394515,30.020492019945948,22.311584125363197
0.4213852030305464,30.018015314767695,22.310029937021454
0.45018361552010927,30.019253658699085,22.308087949814364
0.4529927559505821,30.018841915218616,22.306533783438567
0.4300286725148552,30.019253658699085,22.305755234953153
0.436644101385959,30.01842705440538,22.30420108322255
0.44919970901318007,30.01842705440538,22.30264694124429
0.44267450237296474,30.027092746385563,22.30264694124429
0.4335445376369919,30.01842705440538,22.302259141741274
0.4404281028570963,30.018015314767695,22.301868404977085
0.4456801526467221,30.018015314767695,22.301092809014506
0.44064383949314756,30.01842705440538,22.302259141741274
0.4353752764447102,30.0176035770441,22.301868404977085
0.4410676084228879,30.016365256182155,22.301868404977085
0.44256940522224736,30.018015314767695,22.30303474135428
0.43631509646626027,30.012653516494765,22.30420108322255
0.439399374342672,30.0176035770441,22.304588885765668
0.44284348208856983,30.016776988149672,22.305755234953153
0.43715375022286745,30.016776988149672,22.307309396440075
0.4367881420003722,30.009765329145125,22.309251377535645
0.44209648750803393,30.01842705440538,22.309642125952394
0.4390577138484861,30.02008027070798,22.310808498958295
0.43593847532958996,30.016365256182155,22.312362692194313
0.44293057788025575,30.016776988149672,22.313916895203363
0.4355547373458819,30.015953526128385,22.315080350357334
0.43391880523025816,30.016365256182155,22.31702533055642
0.44309929650852536,30.015953526128385,22.31819173841825
0.44152467659030503,30.01719184123442,22.319745978115918
0.4273644937689268,30.016365256182155,22.320912398838402
0.43421917847485264,30.015953526128385,22.322854486890492
0.45661493005185066,30.016365256182155,22.324796590242897
0.4300054054256082,30.0138886663878,22.32635087157803
