Timestamp_Unix,Time_Elapsed_s,Primary_Temp_C,Secondary_Temp_C,Setpoint_C,Duty_Cycle_Pct,Control_Mode,KP,KI,KD
1774254644.2206516,0.096,-9999.000000,24.441402,26.0,44.8833,LOW,0.2,0.005,0.0
1774254644.2826874,0.158,-9999.000000,24.436688,26.0,45.0261,LOW,0.2,0.005,0.0
1774254644.3469303,0.222,-9999.000000,24.430793,26.0,45.1944,LOW,0.2,0.005,0.0
1774254644.410381,0.286,-9999.000000,24.428046,26.0,45.2992,LOW,0.2,0.005,0.0
1774254644.4730115,0.349,-9999.000000,24.429222,26.0,45.3249,LOW,0.2,0.005,0.0
1774254644.5354593,0.411,-9999.000000,24.428046,26.0,45.3975,LOW,0.2,0.005,0.0
1774254644.5976093,0.473,-9999.000000,24.420580,26.0,45.5959,LOW,0.2,0.005,0.0
1774254644.6601777,0.536,-9999.000000,24.415867,26.0,45.7397,LOW,0.2,0.005,0.0
1774254644.7255473,0.601,-9999.000000,24.417046,26.0,45.7678,LOW,0.2,0.005,0.0
1774254644.7880719,0.664,-9999.000000,24.415867,26.0,45.8410,LOW,0.2,0.005,0.0
1774254644.8521712,0.728,-9999.000000,24.413512,26.0,45.9389,LOW,0.2,0.005,0.0
1774254644.9169636,0.793,-9999.000000,24.409191,26.0,46.0768,LOW,0.2,0.005,0.0
1774254644.9801786,0.856,-9999.000000,24.402513,26.0,46.2609,LOW,0.2,0.005,0.0
1774254645.0437543,0.919,-9999.000000,24.399763,26.0,46.3668,LOW,0.2,0.005,0.0
1774254645.0965364,0.972,-9999.000000,24.397408,26.0,46.4562,LOW,0.2,0.005,0.0
1774254645.1703882,1.046,-9999.000000,24.399763,26.0,46.4682,LOW,0.2,0.005,0.0
1774254645.2205467,1.096,-9999.000000,24.399371,26.0,46.5161,LOW,0.2,0.005,0.0
1774254645.295211,1.171,-9999.000000,24.389552,26.0,46.7726,LOW,0.2,0.005,0.0
1774254645.35937,1.235,-9999.000000,24.388768,26.0,46.8400,LOW,0.2,0.005,0.0
1774254645.4221158,1.298,-9999.000000,24.390338,26.0,46.8591,LOW,0.2,0.005,0.0
1774254645.4864697,1.362,-9999.000000,24.387197,26.0,46.9738,LOW,0.2,0.005,0.0
1774254645.5504136,1.426,-9999.000000,24.382877,26.0,47.1119,LOW,0.2,0.005,0.0
1774254645.6123643,1.488,-9999.000000,24.376591,26.0,47.2879,LOW,0.2,0.005,0.0
1774254645.6767774,1.552,-9999.000000,24.375021,26.0,47.3717,LOW,0.2,0.005,0.0
1774254645.739795,1.615,-9999.000000,24.374629,26.0,47.4307,LOW,0.2,0.005,0.0
1774254645.802281,1.678,-9999.000000,24.374629,26.0,47.4815,LOW,0.2,0.005,0.0
1774254645.8657103,1.741,-9999.000000,24.368347,26.0,47.6589,LOW,0.2,0.005,0.0
1774254645.9289608,1.805,-9999.000000,24.363632,26.0,47.8049,LOW,0.2,0.005,0.0
1774254645.9918404,1.867,-9999.000000,24.365206,26.0,47.8249,LOW,0.2,0.005,0.0
1774254646.0545704,1.930,-9999.000000,24.365990,26.0,47.8604,LOW,0.2,0.005,0.0
1774254646.119858,1.995,-9999.000000,24.361670,26.0,48.0003,LOW,0.2,0.005,0.0
1774254646.1823897,2.058,-9999.000000,24.356959,26.0,48.1459,LOW,0.2,0.005,0.0
1774254646.246832,2.122,-9999.000000,24.351069,26.0,48.3168,LOW,0.2,0.005,0.0
1774254646.3103373,2.186,-9999.000000,24.349891,26.0,48.3928,LOW,0.2,0.005,0.0
1774254646.3733869,2.249,-9999.000000,24.350283,26.0,48.4370,LOW,0.2,0.005,0.0
1774254646.4364934,2.312,-9999.000000,24.349499,26.0,48.5047,LOW,0.2,0.005,0.0
1774254646.499621,2.375,-9999.000000,24.343610,26.0,48.6748,LOW,0.2,0.005,0.0
1774254646.563046,2.439,-9999.000000,24.337720,26.0,48.8453,LOW,0.2,0.005,0.0
1774254646.624848,2.500,-9999.000000,24.338112,26.0,48.8888,LOW,0.2,0.005,0.0
1774254646.6889858,2.565,-9999.000000,24.338896,26.0,48.9264,LOW,0.2,0.005,0.0
1774254646.7366607,2.612,-9999.000000,24.336542,26.0,49.0131,LOW,0.2,0.005,0.0
1774254646.7996256,2.675,-9999.000000,24.330261,26.0,49.1913,LOW,0.2,0.005,0.0
1774254646.8629255,2.738,-9999.000000,24.323978,26.0,49.3700,LOW,0.2,0.005,0.0
1774254646.9268847,2.802,-9999.000000,24.323194,26.0,49.4393,LOW,0.2,0.005,0.0
1774254646.9901874,2.866,-9999.000000,24.324373,26.0,49.4688,LOW,0.2,0.005,0.0
1774254647.05295,2.929,-9999.000000,24.323194,26.0,49.5450,LOW,0.2,0.005,0.0
1774254647.11563,2.991,-9999.000000,24.316911,26.0,49.7234,LOW,0.2,0.005,0.0
1774254647.1785665,3.054,-9999.000000,24.312593,26.0,49.8628,LOW,0.2,0.005,0.0
1774254647.2422318,3.118,-9999.000000,24.311023,26.0,49.9480,LOW,0.2,0.005,0.0
1774254647.3044503,3.180,-9999.000000,24.313771,26.0,49.9455,LOW,0.2,0.005,0.0
1774254647.3662033,3.242,-9999.000000,24.308278,26.0,50.1076,LOW,0.2,0.005,0.0
1774254647.4294415,3.305,-9999.000000,24.301995,26.0,50.2869,LOW,0.2,0.005,0.0
1774254647.4917521,3.367,-9999.000000,24.303173,26.0,50.3162,LOW,0.2,0.005,0.0
1774254647.5545719,3.430,-9999.000000,24.302782,26.0,50.3774,LOW,0.2,0.005,0.0
1774254647.617308,3.493,-9999.000000,24.298464,26.0,50.5171,LOW,0.2,0.005,0.0
1774254647.6813667,3.557,-9999.000000,24.293754,26.0,50.6660,LOW,0.2,0.005,0.0
1774254647.7449756,3.621,-9999.000000,24.291006,26.0,50.7753,LOW,0.2,0.005,0.0
1774254647.808238,3.684,-9999.000000,24.289828,26.0,50.8529,LOW,0.2,0.005,0.0
1774254647.8711379,3.747,-9999.000000,24.291398,26.0,50.8753,LOW,0.2,0.005,0.0
1774254647.9341667,3.810,-9999.000000,24.287081,26.0,51.0156,LOW,0.2,0.005,0.0
1774254647.99639,3.872,-9999.000000,24.280407,26.0,51.2026,LOW,0.2,0.005,0.0
1774254648.0590742,3.935,-9999.000000,24.280015,26.0,51.2643,LOW,0.2,0.005,0.0
1774254648.1209834,3.997,-9999.000000,24.281585,26.0,51.2861,LOW,0.2,0.005,0.0
1774254648.1841643,4.060,-9999.000000,24.277662,26.0,51.4190,LOW,0.2,0.005,0.0
1774254648.2473326,4.123,-9999.000000,24.270598,26.0,51.6149,LOW,0.2,0.005,0.0
1774254648.3097084,4.185,-9999.000000,24.269811,26.0,51.6846,LOW,0.2,0.005,0.0
1774254648.3726485,4.248,-9999.000000,24.271773,26.0,51.6997,LOW,0.2,0.005,0.0
1774254648.435187,4.311,-9999.000000,24.269420,26.0,51.8009,LOW,0.2,0.005,0.0
1774254648.4990413,4.375,-9999.000000,24.263533,26.0,51.9741,LOW,0.2,0.005,0.0
1774254648.5617971,4.437,-9999.000000,24.259216,26.0,52.1150,LOW,0.2,0.005,0.0
1774254648.6239,4.499,-9999.000000,24.260394,26.0,52.1455,LOW,0.2,0.005,0.0
1774254648.6880624,4.564,-9999.000000,24.261178,26.0,52.1856,LOW,0.2,0.005,0.0
1774254648.7514389,4.627,-9999.000000,24.257255,26.0,52.3193,LOW,0.2,0.005,0.0
1774254648.813815,4.689,-9999.000000,24.250975,26.0,52.4994,LOW,0.2,0.005,0.0
1774254648.8768482,4.752,-9999.000000,24.247444,26.0,52.6253,LOW,0.2,0.005,0.0
1774254648.923812,4.799,-9999.000000,24.250191,26.0,52.6114,LOW,0.2,0.005,0.0
1774254648.9864225,4.862,-9999.000000,24.250975,26.0,52.6505,LOW,0.2,0.005,0.0
1774254649.0497265,4.925,-9999.000000,24.243911,26.0,52.8474,LOW,0.2,0.005,0.0
1774254649.1139836,4.990,-9999.000000,24.239203,26.0,52.9981,LOW,0.2,0.005,0.0
1774254649.1773672,5.053,-9999.000000,24.237242,26.0,53.0932,LOW,0.2,0.005,0.0
1774254649.2407746,5.116,-9999.000000,24.238812,26.0,53.1176,LOW,0.2,0.005,0.0
1774254649.3038983,5.179,-9999.000000,24.238420,26.0,53.1811,LOW,0.2,0.005,0.0
1774254649.3665204,5.242,-9999.000000,24.232535,26.0,53.3541,LOW,0.2,0.005,0.0
1774254649.4298685,5.305,-9999.000000,24.228219,26.0,53.4966,LOW,0.2,0.005,0.0
1774254649.4929833,5.369,-9999.000000,24.227041,26.0,53.5761,LOW,0.2,0.005,0.0
1774254649.5555208,5.431,-9999.000000,24.230179,26.0,53.5686,LOW,0.2,0.005,0.0
1774254649.6193087,5.495,-9999.000000,24.227824,26.0,53.6723,LOW,0.2,0.005,0.0
1774254649.6744611,5.550,-9999.000000,24.223117,26.0,53.8154,LOW,0.2,0.005,0.0
1774254649.7430086,5.619,-9999.000000,24.219587,26.0,53.9470,LOW,0.2,0.005,0.0
1774254649.8056884,5.681,-9999.000000,24.221939,26.0,53.9557,LOW,0.2,0.005,0.0
1774254649.8673353,5.743,-9999.000000,24.218018,26.0,54.0891,LOW,0.2,0.005,0.0
1774254649.930752,5.806,-9999.000000,24.210955,26.0,54.2870,LOW,0.2,0.005,0.0
1774254649.992824,5.868,-9999.000000,24.210169,26.0,54.3583,LOW,0.2,0.005,0.0
1774254650.0547123,5.930,-9999.000000,24.214094,26.0,54.3351,LOW,0.2,0.005,0.0
1774254650.1178846,5.993,-9999.000000,24.209778,26.0,54.4779,LOW,0.2,0.005,0.0
1774254650.1750937,6.051,-9999.000000,24.205854,26.0,54.6077,LOW,0.2,0.005,0.0
1774254650.2438965,6.119,-9999.000000,24.201539,26.0,54.7559,LOW,0.2,0.005,0.0
1774254650.30693,6.182,-9999.000000,24.203108,26.0,54.7812,LOW,0.2,0.005,0.0
1774254650.369877,6.245,-9999.000000,24.203108,26.0,54.8377,LOW,0.2,0.005,0.0
1774254650.4312546,6.307,-9999.000000,24.195655,26.0,55.0422,LOW,0.2,0.005,0.0
1774254650.4957998,6.371,-9999.000000,24.192517,26.0,55.1633,LOW,0.2,0.005,0.0
1774254650.5585234,6.434,-9999.000000,24.192908,26.0,55.2121,LOW,0.2,0.005,0.0
1774254650.6224325,6.498,-9999.000000,24.194477,26.0,55.2384,LOW,0.2,0.005,0.0
1774254650.6859698,6.562,-9999.000000,24.192908,26.0,55.3272,LOW,0.2,0.005,0.0
1774254650.7494702,6.625,-9999.000000,24.187810,26.0,55.4867,LOW,0.2,0.005,0.0
1774254650.8124945,6.688,-9999.000000,24.183104,26.0,55.6381,LOW,0.2,0.005,0.0
1774254650.875491,6.751,-9999.000000,24.183104,26.0,55.6953,LOW,0.2,0.005,0.0
1774254650.9387262,6.814,-9999.000000,24.185064,26.0,55.7135,LOW,0.2,0.005,0.0
1774254651.0017629,6.877,-9999.000000,24.181927,26.0,55.8335,LOW,0.2,0.005,0.0
1774254651.065658,6.941,-9999.000000,24.176043,26.0,56.0095,LOW,0.2,0.005,0.0
1774254651.130352,7.006,-9999.000000,24.171729,26.0,56.1549,LOW,0.2,0.005,0.0
1774254651.1920679,7.068,-9999.000000,24.172120,26.0,56.2035,LOW,0.2,0.005,0.0
1774254651.2546012,7.130,-9999.000000,24.175257,26.0,56.1978,LOW,0.2,0.005,0.0
1774254651.319013,7.195,-9999.000000,24.171337,26.0,56.3351,LOW,0.2,0.005,0.0
1774254651.382706,7.258,-9999.000000,24.166628,26.0,56.4877,LOW,0.2,0.005,0.0
1774254651.4464812,7.322,-9999.000000,24.161140,26.0,56.6561,LOW,0.2,0.005,0.0
1774254651.5092552,7.385,-9999.000000,24.160354,26.0,56.7295,LOW,0.2,0.005,0.0
1774254651.5716662,7.447,-9999.000000,24.163100,26.0,56.7319,LOW,0.2,0.005,0.0
1774254651.6348295,7.510,-9999.000000,24.160354,26.0,56.8449,LOW,0.2,0.005,0.0
1774254651.7003374,7.576,-9999.000000,24.156826,26.0,56.9759,LOW,0.2,0.005,0.0
1774254651.763316,7.639,-9999.000000,24.150943,26.0,57.1518,LOW,0.2,0.005,0.0
1774254651.8266063,7.702,-9999.000000,24.148980,26.0,57.2496,LOW,0.2,0.005,0.0
1774254651.890139,7.766,-9999.000000,24.151334,26.0,57.2612,LOW,0.2,0.005,0.0
1774254651.9531827,7.829,-9999.000000,24.149766,26.0,57.3509,LOW,0.2,0.005,0.0
1774254652.0169773,7.893,-9999.000000,24.143489,26.0,57.5357,LOW,0.2,0.005,0.0
1774254652.080006,7.956,-9999.000000,24.139961,26.0,57.6649,LOW,0.2,0.005,0.0
1774254652.14299,8.019,-9999.000000,24.139175,26.0,57.7392,LOW,0.2,0.005,0.0
1774254652.2076132,8.083,-9999.000000,24.138393,26.0,57.8150,LOW,0.2,0.005,0.0
1774254652.2698593,8.145,-9999.000000,24.138784,26.0,57.8651,LOW,0.2,0.005,0.0
1774254652.3335323,8.209,-9999.000000,24.133688,26.0,58.0264,LOW,0.2,0.005,0.0
1774254652.396308,8.272,-9999.000000,24.127412,26.0,58.2107,LOW,0.2,0.005,0.0
1774254652.458582,8.334,-9999.000000,24.128589,26.0,58.2454,LOW,0.2,0.005,0.0
1774254652.5211122,8.397,-9999.000000,24.128197,26.0,58.3118,LOW,0.2,0.005,0.0
1774254652.5841615,8.460,-9999.000000,24.125061,26.0,58.4336,LOW,0.2,0.005,0.0
1774254652.6490333,8.525,-9999.000000,24.121139,26.0,58.5730,LOW,0.2,0.005,0.0
1774254652.7114341,8.587,-9999.000000,24.116434,26.0,58.7259,LOW,0.2,0.005,0.0
1774254652.776618,8.652,-9999.000000,24.114475,26.0,58.8265,LOW,0.2,0.005,0.0
1774254652.8384113,8.714,-9999.000000,24.118788,26.0,58.7984,LOW,0.2,0.005,0.0
1774254652.9028304,8.778,-9999.000000,24.115258,26.0,58.9297,LOW,0.2,0.005,0.0
1774254652.966672,8.842,-9999.000000,24.108594,26.0,59.1233,LOW,0.2,0.005,0.0
1774254653.0306203,8.906,-9999.000000,24.104672,26.0,59.2624,LOW,0.2,0.005,0.0
1774254653.0929506,8.969,-9999.000000,24.103495,26.0,59.3450,LOW,0.2,0.005,0.0
1774254653.1554015,9.031,-9999.000000,24.105455,26.0,59.3650,LOW,0.2,0.005,0.0
1774254653.2052245,9.081,-9999.000000,24.104281,26.0,59.4357,LOW,0.2,0.005,0.0
1774254653.2824402,9.158,-9999.000000,24.096438,26.0,59.6660,LOW,0.2,0.005,0.0
1774254653.3461702,9.222,-9999.000000,24.091343,26.0,59.8288,LOW,0.2,0.005,0.0
1774254653.408719,9.284,-9999.000000,24.093302,26.0,59.8492,LOW,0.2,0.005,0.0
1774254653.4709818,9.347,-9999.000000,24.092911,26.0,59.9164,LOW,0.2,0.005,0.0
1774254653.5340984,9.410,-9999.000000,24.088990,26.0,60.0551,LOW,0.2,0.005,0.0
1774254653.5967467,9.472,-9999.000000,24.081542,26.0,60.2642,LOW,0.2,0.005,0.0
1774254653.659323,9.535,-9999.000000,24.082324,26.0,60.3085,LOW,0.2,0.005,0.0
1774254653.7209697,9.597,-9999.000000,24.083895,26.0,60.3362,LOW,0.2,0.005,0.0
1774254653.785101,9.661,-9999.000000,24.079974,26.0,60.4762,LOW,0.2,0.005,0.0
1774254653.8495104,9.725,-9999.000000,24.075662,26.0,60.6244,LOW,0.2,0.005,0.0
1774254653.9126232,9.788,-9999.000000,24.070173,26.0,60.7951,LOW,0.2,0.005,0.0
1774254653.9738126,9.849,-9999.000000,24.071349,26.0,60.8305,LOW,0.2,0.005,0.0
1774254654.0366187,9.912,-9999.000000,24.071349,26.0,60.8911,LOW,0.2,0.005,0.0
1774254654.099721,9.975,-9999.000000,24.067038,26.0,61.0383,LOW,0.2,0.005,0.0
1774254654.162707,10.038,-9999.000000,24.059982,26.0,61.2405,LOW,0.2,0.005,0.0
1774254654.2259822,10.102,-9999.000000,24.059982,26.0,61.3019,LOW,0.2,0.005,0.0
1774254654.2880104,10.164,-9999.000000,24.061940,26.0,61.3229,LOW,0.2,0.005,0.0
1774254654.3525736,10.228,-9999.000000,24.058023,26.0,61.4639,LOW,0.2,0.005,0.0
1774254654.4156597,10.291,-9999.000000,24.052926,26.0,61.6272,LOW,0.2,0.005,0.0
1774254654.4805562,10.356,-9999.000000,24.047441,26.0,61.8003,LOW,0.2,0.005,0.0
1774254654.5441542,10.420,-9999.000000,24.047441,26.0,61.8624,LOW,0.2,0.005,0.0
1774254654.6066792,10.482,-9999.000000,24.049009,26.0,61.8920,LOW,0.2,0.005,0.0
1774254654.6692648,10.545,-9999.000000,24.047441,26.0,61.9845,LOW,0.2,0.005,0.0
1774254654.7245197,10.600,-9999.000000,24.043521,26.0,62.1169,LOW,0.2,0.005,0.0
1774254654.7956452,10.671,-9999.000000,24.035681,26.0,62.3436,LOW,0.2,0.005,0.0
1774254654.859245,10.735,-9999.000000,24.037251,26.0,62.3746,LOW,0.2,0.005,0.0
1774254654.922034,10.798,-9999.000000,24.038818,26.0,62.4048,LOW,0.2,0.005,0.0
1774254654.9855459,10.861,-9999.000000,24.034898,26.0,62.5456,LOW,0.2,0.005,0.0
1774254655.0337365,10.909,-9999.000000,24.031369,26.0,62.6637,LOW,0.2,0.005,0.0
1774254655.095853,10.971,-9999.000000,24.025100,26.0,62.8504,LOW,0.2,0.005,0.0
1774254655.159488,11.035,-9999.000000,24.025100,26.0,62.9132,LOW,0.2,0.005,0.0
1774254655.2229507,11.099,-9999.000000,24.026667,26.0,62.9445,LOW,0.2,0.005,0.0
1774254655.2861347,11.162,-9999.000000,24.024709,26.0,63.0461,LOW,0.2,0.005,0.0
1774254655.3494568,11.225,-9999.000000,24.018440,26.0,63.2342,LOW,0.2,0.005,0.0
1774254655.4128437,11.288,-9999.000000,24.014129,26.0,63.3833,LOW,0.2,0.005,0.0
1774254655.4763656,11.352,-9999.000000,24.014520,26.0,63.4386,LOW,0.2,0.005,0.0
1774254655.5387435,11.414,-9999.000000,24.016873,26.0,63.4534,LOW,0.2,0.005,0.0
1774254655.6019459,11.478,-9999.000000,24.012953,26.0,63.5946,LOW,0.2,0.005,0.0
1774254655.6663747,11.542,-9999.000000,24.008643,26.0,63.7449,LOW,0.2,0.005,0.0
1774254655.7208397,11.596,-9999.000000,24.010210,26.0,63.7678,LOW,0.2,0.005,0.0
1774254655.79324,11.669,-9999.000000,24.003941,26.0,63.9654,LOW,0.2,0.005,0.0
1774254655.8551936,11.731,-9999.000000,24.005114,26.0,64.0037,LOW,0.2,0.005,0.0
1774254655.9195907,11.795,-9999.000000,24.003547,26.0,64.0993,LOW,0.2,0.005,0.0
1774254655.9835205,11.859,-9999.000000,23.998455,26.0,64.2652,LOW,0.2,0.005,0.0
1774254656.0465956,11.922,-9999.000000,23.993360,26.0,64.4304,LOW,0.2,0.005,0.0
1774254656.109265,11.985,-9999.000000,23.994927,26.0,64.4618,LOW,0.2,0.005,0.0
1774254656.172768,12.048,-9999.000000,23.995712,26.0,64.5098,LOW,0.2,0.005,0.0
1774254656.2209735,12.097,-9999.000000,23.994145,26.0,64.5895,LOW,0.2,0.005,0.0
1774254656.2843177,12.160,-9999.000000,23.990226,26.0,64.7315,LOW,0.2,0.005,0.0
1774254656.3490028,12.225,-9999.000000,23.987483,26.0,64.8515,LOW,0.2,0.005,0.0
1774254656.4115374,12.287,-9999.000000,23.982391,26.0,65.0164,LOW,0.2,0.005,0.0
1774254656.4739292,12.349,-9999.000000,23.985525,26.0,65.0165,LOW,0.2,0.005,0.0
1774254656.5359678,12.412,-9999.000000,23.984349,26.0,65.1026,LOW,0.2,0.005,0.0
1774254656.5986454,12.474,-9999.000000,23.978863,26.0,65.2756,LOW,0.2,0.005,0.0
1774254656.6626267,12.538,-9999.000000,23.974553,26.0,65.4266,LOW,0.2,0.005,0.0
1774254656.7255995,12.601,-9999.000000,23.975729,26.0,65.4669,LOW,0.2,0.005,0.0
1774254656.787654,12.663,-9999.000000,23.977690,26.0,65.4904,LOW,0.2,0.005,0.0
1774254656.8512437,12.727,-9999.000000,23.972205,26.0,65.6646,LOW,0.2,0.005,0.0
1774254656.9158726,12.791,-9999.000000,23.969462,26.0,65.7850,LOW,0.2,0.005,0.0
1774254656.9796228,12.855,-9999.000000,23.964762,26.0,65.9439,LOW,0.2,0.005,0.0
1774254657.0424707,12.918,-9999.000000,23.965543,26.0,65.9922,LOW,0.2,0.005,0.0
1774254657.1043096,12.980,-9999.000000,23.966719,26.0,66.0316,LOW,0.2,0.005,0.0
1774254657.168828,13.044,-9999.000000,23.963977,26.0,66.1521,LOW,0.2,0.005,0.0
1774254657.2312956,13.107,-9999.000000,23.959276,26.0,66.3098,LOW,0.2,0.005,0.0
1774254657.295691,13.171,-9999.000000,23.956143,26.0,66.4383,LOW,0.2,0.005,0.0
1774254657.3569164,13.232,-9999.000000,23.959276,26.0,66.4381,LOW,0.2,0.005,0.0
1774254657.420932,13.296,-9999.000000,23.958492,26.0,66.5192,LOW,0.2,0.005,0.0
1774254657.4850514,13.361,-9999.000000,23.954967,26.0,66.6552,LOW,0.2,0.005,0.0
1774254657.5487332,13.424,-9999.000000,23.949482,26.0,66.8302,LOW,0.2,0.005,0.0
1774254657.6114302,13.487,-9999.000000,23.946349,26.0,66.9572,LOW,0.2,0.005,0.0
1774254657.673676,13.549,-9999.000000,23.951443,26.0,66.9191,LOW,0.2,0.005,0.0
1774254657.7370663,13.613,-9999.000000,23.949482,26.0,67.0233,LOW,0.2,0.005,0.0
1774254657.8003755,13.676,-9999.000000,23.943998,26.0,67.1981,LOW,0.2,0.005,0.0
1774254657.8651636,13.741,-9999.000000,23.940474,26.0,67.3353,LOW,0.2,0.005,0.0
1774254657.9277732,13.803,-9999.000000,23.939692,26.0,67.4154,LOW,0.2,0.005,0.0
1774254657.991696,13.867,-9999.000000,23.938907,26.0,67.4970,LOW,0.2,0.005,0.0
1774254658.0550952,13.931,-9999.000000,23.941259,26.0,67.5152,LOW,0.2,0.005,0.0
1774254658.118602,13.994,-9999.000000,23.938123,26.0,67.6434,LOW,0.2,0.005,0.0
1774254658.1806114,14.056,-9999.000000,23.930290,26.0,67.8642,LOW,0.2,0.005,0.0
1774254658.2432208,14.119,-9999.000000,23.930290,26.0,67.9290,LOW,0.2,0.005,0.0
1774254658.3065083,14.182,-9999.000000,23.933423,26.0,67.9318,LOW,0.2,0.005,0.0
1774254658.3704307,14.246,-9999.000000,23.931466,26.0,68.0370,LOW,0.2,0.005,0.0
1774254658.4336169,14.309,-9999.000000,23.927939,26.0,68.1730,LOW,0.2,0.005,0.0
1774254658.497618,14.373,-9999.000000,23.924415,26.0,68.3099,LOW,0.2,0.005,0.0
1774254658.5605881,14.436,-9999.000000,23.922064,26.0,68.4224,LOW,0.2,0.005,0.0
1774254658.6218483,14.497,-9999.000000,23.925591,26.0,68.4154,LOW,0.2,0.005,0.0
1774254658.6860278,14.562,-9999.000000,23.923240,26.0,68.5290,LOW,0.2,0.005,0.0
1774254658.7501519,14.626,-9999.000000,23.918540,26.0,68.6898,LOW,0.2,0.005,0.0
1774254658.8125987,14.688,-9999.000000,23.915017,26.0,68.8253,LOW,0.2,0.005,0.0
1774254658.8749008,14.750,-9999.000000,23.916583,26.0,68.8589,LOW,0.2,0.005,0.0
1774254658.9393926,14.815,-9999.000000,23.916583,26.0,68.9261,LOW,0.2,0.005,0.0
1774254659.0025997,14.878,-9999.000000,23.914623,26.0,69.0312,LOW,0.2,0.005,0.0
1774254659.065999,14.942,-9999.000000,23.910315,26.0,69.1836,LOW,0.2,0.005,0.0
1774254659.1292264,15.005,-9999.000000,23.906792,26.0,69.3202,LOW,0.2,0.005,0.0
1774254659.1924253,15.068,-9999.000000,23.909143,26.0,69.3393,LOW,0.2,0.005,0.0
1774254659.2525365,15.128,-9999.000000,23.908749,26.0,69.4100,LOW,0.2,0.005,0.0
1774254659.318386,15.194,-9999.000000,23.906401,26.0,69.5259,LOW,0.2,0.005,0.0
1774254659.3829365,15.259,-9999.000000,23.903265,26.0,69.6563,LOW,0.2,0.005,0.0
1774254659.4463408,15.322,-9999.000000,23.899351,26.0,69.8012,LOW,0.2,0.005,0.0
1774254659.5094223,15.385,-9999.000000,23.899742,26.0,69.8596,LOW,0.2,0.005,0.0
1774254659.573401,15.449,-9999.000000,23.901699,26.0,69.8876,LOW,0.2,0.005,0.0
1774254659.636915,15.512,-9999.000000,23.899742,26.0,69.9934,LOW,0.2,0.005,0.0
1774254659.7021108,15.578,-9999.000000,23.897391,26.0,70.1090,LOW,0.2,0.005,0.0
1774254659.7527583,15.628,-9999.000000,23.895825,26.0,70.1936,LOW,0.2,0.005,0.0
1774254659.828157,15.704,-9999.000000,23.889951,26.0,70.3906,LOW,0.2,0.005,0.0
1774254659.8902745,15.766,-9999.000000,23.893477,26.0,70.3855,LOW,0.2,0.005,0.0
1774254659.953815,15.829,-9999.000000,23.890736,26.0,70.5074,LOW,0.2,0.005,0.0
1774254660.016625,15.892,-9999.000000,23.888385,26.0,70.6207,LOW,0.2,0.005,0.0
1774254660.064534,15.940,-9999.000000,23.883687,26.0,70.7653,LOW,0.2,0.005,0.0
1774254660.1275945,16.003,-9999.000000,23.882903,26.0,70.8478,LOW,0.2,0.005,0.0
1774254660.1907074,16.066,-9999.000000,23.885253,26.0,70.8675,LOW,0.2,0.005,0.0
1774254660.2529204,16.128,-9999.000000,23.883687,26.0,70.9647,LOW,0.2,0.005,0.0
1774254660.3188272,16.194,-9999.000000,23.881730,26.0,71.0736,LOW,0.2,0.005,0.0
1774254660.3830528,16.259,-9999.000000,23.877029,26.0,71.2358,LOW,0.2,0.005,0.0
1774254660.4455674,16.321,-9999.000000,23.873507,26.0,71.3727,LOW,0.2,0.005,0.0
1774254660.5076823,16.383,-9999.000000,23.877029,26.0,71.3682,LOW,0.2,0.005,0.0
1774254660.5714455,16.447,-9999.000000,23.876248,26.0,71.4515,LOW,0.2,0.005,0.0
1774254660.6351562,16.511,-9999.000000,23.873116,26.0,71.5819,LOW,0.2,0.005,0.0
1774254660.6991956,16.575,-9999.000000,23.866849,26.0,71.7756,LOW,0.2,0.005,0.0
1774254660.7610166,16.637,-9999.000000,23.865677,26.0,71.8650,LOW,0.2,0.005,0.0
1774254660.8254004,16.701,-9999.000000,23.867634,26.0,71.8945,LOW,0.2,0.005,0.0
1774254660.8896973,16.765,-9999.000000,23.868809,26.0,71.9395,LOW,0.2,0.005,0.0
1774254660.9533188,16.829,-9999.000000,23.865677,26.0,72.0700,LOW,0.2,0.005,0.0
1774254661.0168352,16.892,-9999.000000,23.861370,26.0,72.2241,LOW,0.2,0.005,0.0
1774254661.0646534,16.940,-9999.000000,23.858629,26.0,72.3301,LOW,0.2,0.005,0.0
1774254661.1271355,17.003,-9999.000000,23.858629,26.0,72.3970,LOW,0.2,0.005,0.0
1774254661.1901724,17.066,-9999.000000,23.861370,26.0,72.4096,LOW,0.2,0.005,0.0
1774254661.2525148,17.128,-9999.000000,23.859020,26.0,72.5233,LOW,0.2,0.005,0.0
1774254661.317248,17.193,-9999.000000,23.854713,26.0,72.6789,LOW,0.2,0.005,0.0
1774254661.3793888,17.255,-9999.000000,23.850797,26.0,72.8240,LOW,0.2,0.005,0.0
1774254661.4417298,17.317,-9999.000000,23.854713,26.0,72.8126,LOW,0.2,0.005,0.0
1774254661.5042048,17.380,-9999.000000,23.853147,26.0,72.9109,LOW,0.2,0.005,0.0
1774254661.568268,17.444,-9999.000000,23.848841,26.0,73.0660,LOW,0.2,0.005,0.0
1774254661.6310453,17.507,-9999.000000,23.843753,26.0,73.2354,LOW,0.2,0.005,0.0
1774254661.6940362,17.570,-9999.000000,23.843753,26.0,73.3033,LOW,0.2,0.005,0.0
1774254661.7567148,17.632,-9999.000000,23.847275,26.0,73.3003,LOW,0.2,0.005,0.0
1774254661.8198435,17.695,-9999.000000,23.846100,26.0,73.3918,LOW,0.2,0.005,0.0
1774254661.8848553,17.760,-9999.000000,23.842578,26.0,73.5324,LOW,0.2,0.005,0.0
1774254661.9491742,17.825,-9999.000000,23.838271,26.0,73.6880,LOW,0.2,0.005,0.0
1774254662.0118506,17.887,-9999.000000,23.836706,26.0,73.7872,LOW,0.2,0.005,0.0
1774254662.0754504,17.951,-9999.000000,23.839053,26.0,73.8089,LOW,0.2,0.005,0.0
1774254662.1384535,18.014,-9999.000000,23.837881,26.0,73.9005,LOW,0.2,0.005,0.0
1774254662.202501,18.078,-9999.000000,23.836312,26.0,74.0011,LOW,0.2,0.005,0.0
1774254662.266282,18.142,-9999.000000,23.832006,26.0,74.1564,LOW,0.2,0.005,0.0
1774254662.315002,18.191,-9999.000000,23.828875,26.0,74.2719,LOW,0.2,0.005,0.0
1774254662.377771,18.253,-9999.000000,23.828875,26.0,74.3401,LOW,0.2,0.005,0.0
1774254662.4409373,18.317,-9999.000000,23.831615,26.0,74.3537,LOW,0.2,0.005,0.0
1774254662.503118,18.379,-9999.000000,23.829268,26.0,74.4682,LOW,0.2,0.005,0.0
1774254662.568044,18.444,-9999.000000,23.825744,26.0,74.6092,LOW,0.2,0.005,0.0
1774254662.630185,18.506,-9999.000000,23.822222,26.0,74.7473,LOW,0.2,0.005,0.0
1774254662.6945314,18.570,-9999.000000,23.821438,26.0,74.8331,LOW,0.2,0.005,0.0
1774254662.7568712,18.632,-9999.000000,23.823003,26.0,74.8697,LOW,0.2,0.005,0.0
1774254662.8223758,18.698,-9999.000000,23.824569,26.0,74.9096,LOW,0.2,0.005,0.0
1774254662.8860664,18.762,-9999.000000,23.820263,26.0,75.0651,LOW,0.2,0.005,0.0
1774254662.9507868,18.826,-9999.000000,23.816351,26.0,75.2140,LOW,0.2,0.005,0.0
1774254663.0138767,18.889,-9999.000000,23.812826,26.0,75.3535,LOW,0.2,0.005,0.0
1774254663.0773616,18.953,-9999.000000,23.813610,26.0,75.4072,LOW,0.2,0.005,0.0
1774254663.140617,19.016,-9999.000000,23.816351,26.0,75.4215,LOW,0.2,0.005,0.0
1774254663.2030716,19.079,-9999.000000,23.812436,26.0,75.5681,LOW,0.2,0.005,0.0
1774254663.2653205,19.141,-9999.000000,23.807739,26.0,75.7303,LOW,0.2,0.005,0.0
1774254663.330267,19.206,-9999.000000,23.805780,26.0,75.8407,LOW,0.2,0.005,0.0
1774254663.3936303,19.269,-9999.000000,23.807349,26.0,75.8788,LOW,0.2,0.005,0.0
1774254663.4550126,19.331,-9999.000000,23.808914,26.0,75.9147,LOW,0.2,0.005,0.0
1774254663.5167127,19.392,-9999.000000,23.803824,26.0,76.0843,LOW,0.2,0.005,0.0
1774254663.580053,19.456,-9999.000000,23.799910,26.0,76.2323,LOW,0.2,0.005,0.0
1774254663.6424406,19.518,-9999.000000,23.802259,26.0,76.2538,LOW,0.2,0.005,0.0
1774254663.7052305,19.581,-9999.000000,23.803824,26.0,76.2915,LOW,0.2,0.005,0.0
1774254663.7684567,19.644,-9999.000000,23.799128,26.0,76.4550,LOW,0.2,0.005,0.0
1774254663.8312562,19.707,-9999.000000,23.794432,26.0,76.6181,LOW,0.2,0.005,0.0
1774254663.8943985,19.770,-9999.000000,23.795214,26.0,76.6721,LOW,0.2,0.005,0.0
1774254663.957451,19.833,-9999.000000,23.796779,26.0,76.7103,LOW,0.2,0.005,0.0
1774254664.0202734,19.896,-9999.000000,23.795998,26.0,76.7951,LOW,0.2,0.005,0.0
1774254664.0837755,19.959,-9999.000000,23.790908,26.0,76.9671,LOW,0.2,0.005,0.0
1774254664.146255,20.022,-9999.000000,23.789343,26.0,77.0674,LOW,0.2,0.005,0.0
1774254664.208869,20.084,-9999.000000,23.790908,26.0,77.1053,LOW,0.2,0.005,0.0
1774254664.2718828,20.147,-9999.000000,23.791693,26.0,77.1592,LOW,0.2,0.005,0.0
1774254664.3371003,20.213,-9999.000000,23.788953,26.0,77.2861,LOW,0.2,0.005,0.0
1774254664.4000318,20.276,-9999.000000,23.783082,26.0,77.4732,LOW,0.2,0.005,0.0
1774254664.463916,20.339,-9999.000000,23.781517,26.0,77.5754,LOW,0.2,0.005,0.0
1774254664.527785,20.403,-9999.000000,23.781908,26.0,77.6384,LOW,0.2,0.005,0.0
1774254664.590762,20.466,-9999.000000,23.785038,26.0,77.6456,LOW,0.2,0.005,0.0
1774254664.6538944,20.529,-9999.000000,23.782692,26.0,77.7625,LOW,0.2,0.005,0.0
1774254664.718233,20.594,-9999.000000,23.778387,26.0,77.9200,LOW,0.2,0.005,0.0
1774254664.7805376,20.656,-9999.000000,23.774473,26.0,78.0677,LOW,0.2,0.005,0.0
1774254664.8305192,20.706,-9999.000000,23.774082,26.0,78.1311,LOW,0.2,0.005,0.0
1774254664.9079914,20.784,-9999.000000,23.777993,26.0,78.1389,LOW,0.2,0.005,0.0
1774254664.954577,20.830,-9999.000000,23.776428,26.0,78.2220,LOW,0.2,0.005,0.0
1774254665.0322692,20.908,-9999.000000,23.768993,26.0,78.4574,LOW,0.2,0.005,0.0
1774254665.094743,20.970,-9999.000000,23.769384,26.0,78.5193,LOW,0.2,0.005,0.0
1774254665.1424937,21.018,-9999.000000,23.770949,26.0,78.5412,LOW,0.2,0.005,0.0
1774254665.2059078,21.081,-9999.000000,23.772908,26.0,78.5726,LOW,0.2,0.005,0.0
1774254665.2796698,21.155,-9999.000000,23.764298,26.0,78.8273,LOW,0.2,0.005,0.0
1774254665.344292,21.220,-9999.000000,23.764689,26.0,78.8917,LOW,0.2,0.005,0.0
1774254665.4083292,21.284,-9999.000000,23.766647,26.0,78.9240,LOW,0.2,0.005,0.0
1774254665.486995,21.363,-9999.000000,23.763514,26.0,79.0746,LOW,0.2,0.005,0.0
1774254665.550456,21.426,-9999.000000,23.759210,26.0,79.2318,LOW,0.2,0.005,0.0
1774254665.6127205,21.488,-9999.000000,23.756864,26.0,79.3486,LOW,0.2,0.005,0.0
1774254665.6758986,21.551,-9999.000000,23.759603,26.0,79.3646,LOW,0.2,0.005,0.0
1774254665.7385347,21.614,-9999.000000,23.759994,26.0,79.4269,LOW,0.2,0.005,0.0
1774254665.801615,21.677,-9999.000000,23.754905,26.0,79.5995,LOW,0.2,0.005,0.0
1774254665.8654108,21.741,-9999.000000,23.750995,26.0,79.7495,LOW,0.2,0.005,0.0
1774254665.928747,21.804,-9999.000000,23.750995,26.0,79.8207,LOW,0.2,0.005,0.0
1774254665.9905915,21.866,-9999.000000,23.754905,26.0,79.8119,LOW,0.2,0.005,0.0
1774254666.0533094,21.929,-9999.000000,23.751776,26.0,79.9450,LOW,0.2,0.005,0.0
1774254666.117293,21.993,-9999.000000,23.747865,26.0,80.0952,LOW,0.2,0.005,0.0
1774254666.1803713,22.056,-9999.000000,23.744342,26.0,80.2368,LOW,0.2,0.005,0.0
1774254666.2442021,22.120,-9999.000000,23.746691,26.0,80.2618,LOW,0.2,0.005,0.0
1774254666.307012,22.183,-9999.000000,23.748255,26.0,80.3012,LOW,0.2,0.005,0.0
1774254666.3705177,22.246,-9999.000000,23.745516,26.0,80.4276,LOW,0.2,0.005,0.0
1774254666.4325116,22.308,-9999.000000,23.738473,26.0,80.6385,LOW,0.2,0.005,0.0
1774254666.4955049,22.371,-9999.000000,23.739257,26.0,80.6941,LOW,0.2,0.005,0.0
1774254666.558026,22.434,-9999.000000,23.741996,26.0,80.7099,LOW,0.2,0.005,0.0
1774254666.6216674,22.497,-9999.000000,23.740431,26.0,80.8131,LOW,0.2,0.005,0.0
1774254666.6843073,22.560,-9999.000000,23.734953,26.0,80.9936,LOW,0.2,0.005,0.0
1774254666.7492998,22.625,-9999.000000,23.732214,26.0,81.1221,LOW,0.2,0.005,0.0
1774254666.8119175,22.687,-9999.000000,23.731823,26.0,81.2009,LOW,0.2,0.005,0.0
1774254666.8754508,22.751,-9999.000000,23.735734,26.0,81.1946,LOW,0.2,0.005,0.0
1774254666.9378054,22.813,-9999.000000,23.734560,26.0,81.2887,LOW,0.2,0.005,0.0
1774254667.001188,22.877,-9999.000000,23.729865,26.0,81.4545,LOW,0.2,0.005,0.0
1774254667.0632987,22.939,-9999.000000,23.726736,26.0,81.5877,LOW,0.2,0.005,0.0
1774254667.1267908,23.002,-9999.000000,23.728301,26.0,81.6285,LOW,0.2,0.005,0.0
1774254667.1895452,23.065,-9999.000000,23.730259,26.0,81.6606,LOW,0.2,0.005,0.0
1774254667.2523963,23.128,-9999.000000,23.725171,26.0,81.8338,LOW,0.2,0.005,0.0
1774254667.3160608,23.192,-9999.000000,23.721651,26.0,81.9768,LOW,0.2,0.005,0.0
1774254667.3794074,23.255,-9999.000000,23.720868,26.0,82.0646,LOW,0.2,0.005,0.0
1774254667.4424973,23.318,-9999.000000,23.722823,26.0,82.0974,LOW,0.2,0.005,0.0
1774254667.5046878,23.380,-9999.000000,23.723216,26.0,82.1603,LOW,0.2,0.005,0.0
1774254667.5668964,23.442,-9999.000000,23.716955,26.0,82.3565,LOW,0.2,0.005,0.0
1774254667.629369,23.505,-9999.000000,23.715783,26.0,82.4513,LOW,0.2,0.005,0.0
1774254667.6922214,23.568,-9999.000000,23.718913,26.0,82.4604,LOW,0.2,0.005,0.0
1774254667.7559595,23.632,-9999.000000,23.718519,26.0,82.5410,LOW,0.2,0.005,0.0
1774254667.8177867,23.693,-9999.000000,23.713825,26.0,82.7055,LOW,0.2,0.005,0.0
1774254667.8805053,23.756,-9999.000000,23.710696,26.0,82.8399,LOW,0.2,0.005,0.0
1774254667.943889,23.819,-9999.000000,23.712651,26.0,82.8733,LOW,0.2,0.005,0.0
1774254668.0058632,23.881,-9999.000000,23.714216,26.0,82.9128,LOW,0.2,0.005,0.0
1774254668.0692449,23.945,-9999.000000,23.709522,26.0,83.0793,LOW,0.2,0.005,0.0
1774254668.1318445,24.007,-9999.000000,23.705219,26.0,83.2372,LOW,0.2,0.005,0.0
1774254668.1965303,24.072,-9999.000000,23.704438,26.0,83.3270,LOW,0.2,0.005,0.0
1774254668.2596657,24.135,-9999.000000,23.707567,26.0,83.3368,LOW,0.2,0.005,0.0
1774254668.3226938,24.198,-9999.000000,23.707177,26.0,83.4169,LOW,0.2,0.005,0.0
1774254668.3852918,24.261,-9999.000000,23.703264,26.0,83.5670,LOW,0.2,0.005,0.0
1774254668.44882,24.324,-9999.000000,23.698571,26.0,83.7340,LOW,0.2,0.005,0.0
1774254668.5116334,24.387,-9999.000000,23.700135,26.0,83.7750,LOW,0.2,0.005,0.0
1774254668.5742257,24.450,-9999.000000,23.702874,26.0,83.7921,LOW,0.2,0.005,0.0
1774254668.6368165,24.512,-9999.000000,23.697787,26.0,83.9659,LOW,0.2,0.005,0.0
1774254668.6992714,24.575,-9999.000000,23.693874,26.0,84.1161,LOW,0.2,0.005,0.0
1774254668.7629585,24.639,-9999.000000,23.693484,26.0,84.1974,LOW,0.2,0.005,0.0
1774254668.825526,24.701,-9999.000000,23.696613,26.0,84.2069,LOW,0.2,0.005,0.0
1774254668.8893404,24.765,-9999.000000,23.695442,26.0,84.3038,LOW,0.2,0.005,0.0
1774254668.9517603,24.827,-9999.000000,23.690355,26.0,84.4776,LOW,0.2,0.005,0.0
1774254669.0153766,24.891,-9999.000000,23.688400,26.0,84.5902,LOW,0.2,0.005,0.0
1774254669.0797572,24.955,-9999.000000,23.686836,26.0,84.6960,LOW,0.2,0.005,0.0
1774254669.1273878,25.003,-9999.000000,23.688007,26.0,84.7276,LOW,0.2,0.005,0.0
1774254669.190625,25.066,-9999.000000,23.691139,26.0,84.7380,LOW,0.2,0.005,0.0
1774254669.2533553,25.129,-9999.000000,23.686443,26.0,84.9045,LOW,0.2,0.005,0.0
1774254669.3162851,25.192,-9999.000000,23.680576,26.0,85.0948,LOW,0.2,0.005,0.0
1774254669.3791616,25.255,-9999.000000,23.681750,26.0,85.1442,LOW,0.2,0.005,0.0
1774254669.4420512,25.318,-9999.000000,23.684488,26.0,85.1623,LOW,0.2,0.005,0.0
1774254669.5050817,25.381,-9999.000000,23.683704,26.0,85.2509,LOW,0.2,0.005,0.0
1774254669.5680916,25.444,-9999.000000,23.677838,26.0,85.4414,LOW,0.2,0.005,0.0
1774254669.632079,25.508,-9999.000000,23.675493,26.0,85.5627,LOW,0.2,0.005,0.0
1774254669.6958096,25.571,-9999.000000,23.675102,26.0,85.6446,LOW,0.2,0.005,0.0
1774254669.758491,25.634,-9999.000000,23.678621,26.0,85.6470,LOW,0.2,0.005,0.0
1774254669.8210344,25.697,-9999.000000,23.676667,26.0,85.7587,LOW,0.2,0.005,0.0
1774254669.885625,25.761,-9999.000000,23.673928,26.0,85.8886,LOW,0.2,0.005,0.0
1774254669.9493327,25.825,-9999.000000,23.668843,26.0,86.0646,LOW,0.2,0.005,0.0
1774254670.0133898,25.889,-9999.000000,23.668452,26.0,86.1470,LOW,0.2,0.005,0.0
1774254670.0771801,25.953,-9999.000000,23.670407,26.0,86.1823,LOW,0.2,0.005,0.0
1774254670.1392868,26.015,-9999.000000,23.671581,26.0,86.2311,LOW,0.2,0.005,0.0
1774254670.2015214,26.077,-9999.000000,23.664934,26.0,86.4367,LOW,0.2,0.005,0.0
1774254670.2653224,26.141,-9999.000000,23.664150,26.0,86.5269,LOW,0.2,0.005,0.0
1774254670.3277576,26.203,-9999.000000,23.665714,26.0,86.5685,LOW,0.2,0.005,0.0
1774254670.3824437,26.258,-9999.000000,23.660631,26.0,86.7341,LOW,0.2,0.005,0.0
1774254670.4517038,26.327,-9999.000000,23.661412,26.0,86.7995,LOW,0.2,0.005,0.0
1774254670.5161195,26.392,-9999.000000,23.657110,26.0,86.9610,LOW,0.2,0.005,0.0
1774254670.579892,26.455,-9999.000000,23.658674,26.0,87.0043,LOW,0.2,0.005,0.0
1774254670.627026,26.503,-9999.000000,23.660238,26.0,87.0282,LOW,0.2,0.005,0.0
1774254670.6897478,26.565,-9999.000000,23.660631,26.0,87.0937,LOW,0.2,0.005,0.0
1774254670.752231,26.628,-9999.000000,23.655546,26.0,87.2686,LOW,0.2,0.005,0.0
1774254670.8161893,26.692,-9999.000000,23.652808,26.0,87.3985,LOW,0.2,0.005,0.0
1774254670.879327,26.755,-9999.000000,23.653198,26.0,87.4647,LOW,0.2,0.005,0.0
1774254670.9423296,26.818,-9999.000000,23.655936,26.0,87.4838,LOW,0.2,0.005,0.0
1774254671.0045588,26.880,-9999.000000,23.654765,26.0,87.5802,LOW,0.2,0.005,0.0
1774254671.0679412,26.944,-9999.000000,23.648506,26.0,87.7799,LOW,0.2,0.005,0.0
1774254671.131708,27.007,-9999.000000,23.646942,26.0,87.8862,LOW,0.2,0.005,0.0
1774254671.1949089,27.070,-9999.000000,23.648116,26.0,87.9371,LOW,0.2,0.005,0.0
1774254671.2573206,27.133,-9999.000000,23.649680,26.0,87.9791,LOW,0.2,0.005,0.0
1774254671.3144164,27.190,-9999.000000,23.646162,26.0,88.1167,LOW,0.2,0.005,0.0
1774254671.377872,27.253,-9999.000000,23.646942,26.0,88.1757,LOW,0.2,0.005,0.0
1774254671.44214,27.318,-9999.000000,23.643424,26.0,88.3218,LOW,0.2,0.005,0.0
1774254671.5070927,27.383,-9999.000000,23.639903,26.0,88.4689,LOW,0.2,0.005,0.0
1774254671.5555067,27.431,-9999.000000,23.638339,26.0,88.5574,LOW,0.2,0.005,0.0
1774254671.6208572,27.496,-9999.000000,23.637558,26.0,88.6502,LOW,0.2,0.005,0.0
1774254671.6855292,27.561,-9999.000000,23.637165,26.0,88.7344,LOW,0.2,0.005,0.0
1774254671.7504892,27.626,-9999.000000,23.639122,26.0,88.7720,LOW,0.2,0.005,0.0
1774254671.8153257,27.691,-9999.000000,23.639512,26.0,88.8407,LOW,0.2,0.005,0.0
1774254671.8806067,27.756,-9999.000000,23.632863,26.0,89.0509,LOW,0.2,0.005,0.0
1774254671.95461,27.830,-9999.000000,23.636385,26.0,89.0680,LOW,0.2,0.005,0.0
1774254672.0127716,27.888,-9999.000000,23.630909,26.0,89.2464,LOW,0.2,0.005,0.0
1774254672.0713906,27.947,-9999.000000,23.628955,26.0,89.3549,LOW,0.2,0.005,0.0
1774254672.1350684,28.011,-9999.000000,23.630129,26.0,89.4069,LOW,0.2,0.005,0.0
1774254672.2089221,28.084,-9999.000000,23.632473,26.0,89.4475,LOW,0.2,0.005,0.0
1774254672.262874,28.138,-9999.000000,23.630519,26.0,89.5505,LOW,0.2,0.005,0.0
1774254672.326513,28.202,-9999.000000,23.626998,26.0,89.6964,LOW,0.2,0.005,0.0
1774254672.3971293,28.273,-9999.000000,23.623090,26.0,89.8585,LOW,0.2,0.005,0.0
1774254672.454106,28.330,-9999.000000,23.622307,26.0,89.9419,LOW,0.2,0.005,0.0
1774254672.517624,28.393,-9999.000000,23.623480,26.0,89.9939,LOW,0.2,0.005,0.0
1774254672.5839546,28.460,-9999.000000,23.625434,26.0,90.0336,LOW,0.2,0.005,0.0
1774254672.6449506,28.521,-9999.000000,23.623090,26.0,90.1529,LOW,0.2,0.005,0.0
1774254672.7087708,28.584,-9999.000000,23.619569,26.0,90.2993,LOW,0.2,0.005,0.0
1774254672.7717178,28.647,-9999.000000,23.615661,26.0,90.4525,LOW,0.2,0.005,0.0
1774254672.8192778,28.695,-9999.000000,23.615268,26.0,90.5171,LOW,0.2,0.005,0.0
1774254672.882374,28.758,-9999.000000,23.618399,26.0,90.5296,LOW,0.2,0.005,0.0
1774254672.951157,28.827,-9999.000000,23.618006,26.0,90.6194,LOW,0.2,0.005,0.0
1774254673.0088332,28.884,-9999.000000,23.612924,26.0,90.7899,LOW,0.2,0.005,0.0
1774254673.0818694,28.957,-9999.000000,23.610187,26.0,90.9319,LOW,0.2,0.005,0.0
1774254673.1353846,29.011,-9999.000000,23.610187,26.0,90.9958,LOW,0.2,0.005,0.0
1774254673.1993577,29.075,-9999.000000,23.612531,26.0,91.0253,LOW,0.2,0.005,0.0
1774254673.2723684,29.148,-9999.000000,23.611360,26.0,91.1359,LOW,0.2,0.005,0.0
1774254673.3263845,29.202,-9999.000000,23.608233,26.0,91.2631,LOW,0.2,0.005,0.0
1774254673.3989022,29.274,-9999.000000,23.604322,26.0,91.4281,LOW,0.2,0.005,0.0
1774254673.45587,29.331,-9999.000000,23.603149,26.0,91.5199,LOW,0.2,0.005,0.0
1774254673.520081,29.396,-9999.000000,23.601975,26.0,91.6203,LOW,0.2,0.005,0.0
1774254673.5843346,29.460,-9999.000000,23.603932,26.0,91.6582,LOW,0.2,0.005,0.0
1774254673.6319852,29.508,-9999.000000,23.604713,26.0,91.6996,LOW,0.2,0.005,0.0
1774254673.6989977,29.575,-9999.000000,23.603932,26.0,91.7955,LOW,0.2,0.005,0.0
1774254673.759643,29.635,-9999.000000,23.600412,26.0,91.9387,LOW,0.2,0.005,0.0
1774254673.8236442,29.699,-9999.000000,23.597285,26.0,92.0781,LOW,0.2,0.005,0.0
1774254673.8866808,29.762,-9999.000000,23.595721,26.0,92.1852,LOW,0.2,0.005,0.0
1774254673.9503486,29.826,-9999.000000,23.598068,26.0,92.2147,LOW,0.2,0.005,0.0
1774254674.0142043,29.890,-9999.000000,23.599631,26.0,92.2601,LOW,0.2,0.005,0.0
1774254674.0785315,29.954,-9999.000000,23.596894,26.0,92.3921,LOW,0.2,0.005,0.0
1774254674.1420357,30.018,-9999.000000,23.593767,26.0,92.5311,LOW,0.2,0.005,0.0
1774254674.2136114,30.089,-9999.000000,23.589857,26.0,92.6955,LOW,0.2,0.005,0.0
1774254674.2671945,30.143,-9999.000000,23.591811,26.0,92.7210,LOW,0.2,0.005,0.0
1774254674.3354645,30.211,-9999.000000,23.589467,26.0,92.8501,LOW,0.2,0.005,0.0
1774254674.394748,30.270,-9999.000000,23.589857,26.0,92.9138,LOW,0.2,0.005,0.0
1774254674.4651122,30.341,-9999.000000,23.585947,26.0,93.0769,LOW,0.2,0.005,0.0
1774254674.5247982,30.400,-9999.000000,23.583993,26.0,93.1881,LOW,0.2,0.005,0.0
1774254674.5752814,30.451,-9999.000000,23.583993,26.0,93.2491,LOW,0.2,0.005,0.0
1774254674.6351366,30.511,-9999.000000,23.586730,26.0,93.2665,LOW,0.2,0.005,0.0
1774254674.7052014,30.581,-9999.000000,23.586337,26.0,93.3590,LOW,0.2,0.005,0.0
1774254674.764853,30.640,-9999.000000,23.582036,26.0,93.5171,LOW,0.2,0.005,0.0
1774254674.834971,30.711,-9999.000000,23.580083,26.0,93.6410,LOW,0.2,0.005,0.0
1774254674.8988087,30.774,-9999.000000,23.576956,26.0,93.7809,LOW,0.2,0.005,0.0
1774254674.9549224,30.830,-9999.000000,23.576956,26.0,93.8489,LOW,0.2,0.005,0.0
1774254675.025035,30.901,-9999.000000,23.578909,26.0,93.8947,LOW,0.2,0.005,0.0
1774254675.0850992,30.961,-9999.000000,23.579693,26.0,93.9517,LOW,0.2,0.005,0.0
1774254675.1549437,31.031,-9999.000000,23.576956,26.0,94.0910,LOW,0.2,0.005,0.0
1774254675.2149923,31.091,-9999.000000,23.573829,26.0,94.2264,LOW,0.2,0.005,0.0
1774254675.2750907,31.151,-9999.000000,23.570309,26.0,94.3698,LOW,0.2,0.005,0.0
1774254675.3475142,31.223,-9999.000000,23.569139,26.0,94.4813,LOW,0.2,0.005,0.0
1774254675.4083846,31.284,-9999.000000,23.571482,26.0,94.5083,LOW,0.2,0.005,0.0
1774254675.4749944,31.351,-9999.000000,23.573046,26.0,94.5579,LOW,0.2,0.005,0.0
1774254675.5361192,31.412,-9999.000000,23.571482,26.0,94.6633,LOW,0.2,0.005,0.0
1774254675.5973878,31.473,-9999.000000,23.566009,26.0,94.8474,LOW,0.2,0.005,0.0
1774254675.6655028,31.541,-9999.000000,23.564446,26.0,94.9616,LOW,0.2,0.005,0.0
1774254675.729415,31.605,-9999.000000,23.564446,26.0,95.0394,LOW,0.2,0.005,0.0
1774254675.7872949,31.663,-9999.000000,23.567182,26.0,95.0551,LOW,0.2,0.005,0.0
1774254675.8553734,31.731,-9999.000000,23.565619,26.0,95.1692,LOW,0.2,0.005,0.0
1774254675.9158516,31.791,-9999.000000,23.561319,26.0,95.3290,LOW,0.2,0.005,0.0
1774254675.9759321,31.851,-9999.000000,23.558976,26.0,95.4492,LOW,0.2,0.005,0.0
1774254676.045518,31.921,-9999.000000,23.556239,26.0,95.5889,LOW,0.2,0.005,0.0
1774254676.107055,31.983,-9999.000000,23.557413,26.0,95.6406,LOW,0.2,0.005,0.0
1774254676.1758225,32.051,-9999.000000,23.559366,26.0,95.6855,LOW,0.2,0.005,0.0
1774254676.2356362,32.111,-9999.000000,23.559366,26.0,95.7585,LOW,0.2,0.005,0.0
1774254676.3054311,32.181,-9999.000000,23.557803,26.0,95.8749,LOW,0.2,0.005,0.0
1774254676.3673768,32.243,-9999.000000,23.554676,26.0,96.0132,LOW,0.2,0.005,0.0
1774254676.4278412,32.303,-9999.000000,23.550767,26.0,96.1655,LOW,0.2,0.005,0.0
1774254676.495711,32.371,-9999.000000,23.548813,26.0,96.2877,LOW,0.2,0.005,0.0
1774254676.5554707,32.431,-9999.000000,23.551940,26.0,96.2983,LOW,0.2,0.005,0.0
1774254676.605505,32.481,-9999.000000,23.547250,26.0,96.4535,LOW,0.2,0.005,0.0
1774254676.6702905,32.546,-9999.000000,23.550767,26.0,96.4625,LOW,0.2,0.005,0.0
1774254676.7371213,32.613,-9999.000000,23.549983,26.0,96.5600,LOW,0.2,0.005,0.0
1774254676.7958953,32.671,-9999.000000,23.544904,26.0,96.7337,LOW,0.2,0.005,0.0
1774254676.8653998,32.741,-9999.000000,23.541778,26.0,96.8817,LOW,0.2,0.005,0.0
1774254676.9286764,32.804,-9999.000000,23.542168,26.0,96.9517,LOW,0.2,0.005,0.0
1774254676.9873648,32.863,-9999.000000,23.544121,26.0,96.9847,LOW,0.2,0.005,0.0
1774254677.0570168,32.933,-9999.000000,23.544514,26.0,97.0623,LOW,0.2,0.005,0.0
1774254677.115128,32.991,-9999.000000,23.544514,26.0,97.1337,LOW,0.2,0.005,0.0
1774254677.186746,33.062,-9999.000000,23.540214,26.0,97.3077,LOW,0.2,0.005,0.0
1774254677.2354975,33.111,-9999.000000,23.538651,26.0,97.3990,LOW,0.2,0.005,0.0
1774254677.2984834,33.174,-9999.000000,23.534352,26.0,97.5626,LOW,0.2,0.005,0.0
1774254677.359511,33.235,-9999.000000,23.533959,26.0,97.6457,LOW,0.2,0.005,0.0
1774254677.4253824,33.301,-9999.000000,23.535915,26.0,97.6878,LOW,0.2,0.005,0.0
1774254677.487073,33.363,-9999.000000,23.537478,26.0,97.7325,LOW,0.2,0.005,0.0
1774254677.5553436,33.431,-9999.000000,23.535915,26.0,97.8478,LOW,0.2,0.005,0.0
1774254677.617667,33.493,-9999.000000,23.531226,26.0,98.0186,LOW,0.2,0.005,0.0
1774254677.6761084,33.552,-9999.000000,23.528097,26.0,98.1534,LOW,0.2,0.005,0.0
1774254677.7459617,33.622,-9999.000000,23.526927,26.0,98.2631,LOW,0.2,0.005,0.0
1774254677.8069208,33.682,-9999.000000,23.530443,26.0,98.2681,LOW,0.2,0.005,0.0
1774254677.8553357,33.731,-9999.000000,23.528880,26.0,98.3592,LOW,0.2,0.005,0.0
1774254677.9355857,33.811,-9999.000000,23.528097,26.0,98.4740,LOW,0.2,0.005,0.0
1774254677.9953346,33.871,-9999.000000,23.524581,26.0,98.6183,LOW,0.2,0.005,0.0
1774254678.0658102,33.941,-9999.000000,23.520672,26.0,98.7838,LOW,0.2,0.005,0.0
1774254678.1287587,34.004,-9999.000000,23.522235,26.0,98.8306,LOW,0.2,0.005,0.0
1774254678.1889453,34.065,-9999.000000,23.524191,26.0,98.8660,LOW,0.2,0.005,0.0
1774254678.2556257,34.131,-9999.000000,23.523408,26.0,98.9642,LOW,0.2,0.005,0.0
1774254678.3176565,34.193,-9999.000000,23.519499,26.0,99.1193,LOW,0.2,0.005,0.0
1774254678.3784914,34.254,-9999.000000,23.515593,26.0,99.2730,LOW,0.2,0.005,0.0
1774254678.4451106,34.321,-9999.000000,23.517156,26.0,99.3244,LOW,0.2,0.005,0.0
1774254678.5079997,34.384,-9999.000000,23.519109,26.0,99.3634,LOW,0.2,0.005,0.0
1774254678.567326,34.443,-9999.000000,23.516373,26.0,99.4918,LOW,0.2,0.005,0.0
1774254678.634581,34.510,-9999.000000,23.513247,26.0,99.6379,LOW,0.2,0.005,0.0
1774254678.695752,34.571,-9999.000000,23.510904,26.0,99.7609,LOW,0.2,0.005,0.0
1774254678.757356,34.633,-9999.000000,23.510904,26.0,99.8376,LOW,0.2,0.005,0.0
1774254678.8269055,34.702,-9999.000000,23.512467,26.0,99.8928,LOW,0.2,0.005,0.0
1774254678.8896852,34.765,-9999.000000,23.512074,26.0,99.9788,LOW,0.2,0.005,0.0
1774254678.9375281,34.813,-9999.000000,23.511294,26.0,100.0000,LOW,0.2,0.005,0.0
1774254678.9951987,34.871,-9999.000000,23.507386,26.0,100.0000,LOW,0.2,0.005,0.0
1774254679.0655441,34.941,-9999.000000,23.503870,26.0,100.0000,LOW,0.2,0.005,0.0
1774254679.1276882,35.003,-9999.000000,23.503870,26.0,100.0000,LOW,0.2,0.005,0.0
1774254679.1902046,35.066,-9999.000000,23.506996,26.0,100.0000,LOW,0.2,0.005,0.0
1774254679.2553825,35.131,-9999.000000,23.505823,26.0,100.0000,LOW,0.2,0.005,0.0
1774254679.3216517,35.197,-9999.000000,23.504260,26.0,100.0000,LOW,0.2,0.005,0.0
1774254679.3848114,35.260,-9999.000000,23.499179,26.0,100.0000,LOW,0.2,0.005,0.0
1774254679.445938,35.322,-9999.000000,23.497226,26.0,100.0000,LOW,0.2,0.005,0.0
1774254679.5053124,35.381,-9999.000000,23.498009,26.0,100.0000,LOW,0.2,0.005,0.0
1774254679.5656338,35.441,-9999.000000,23.495273,26.0,100.0000,LOW,0.2,0.005,0.0
1774254679.6368077,35.512,-9999.000000,23.499179,26.0,100.0000,LOW,0.2,0.005,0.0
1774254679.6953793,35.571,-9999.000000,23.496053,26.0,100.0000,LOW,0.2,0.005,0.0
1774254679.745744,35.621,-9999.000000,23.493710,26.0,100.0000,LOW,0.2,0.005,0.0
1774254679.81583,35.691,-9999.000000,23.491365,26.0,100.0000,LOW,0.2,0.005,0.0
1774254679.8754675,35.751,-9999.000000,23.491365,26.0,100.0000,LOW,0.2,0.005,0.0
1774254679.9372196,35.813,-9999.000000,23.494100,26.0,100.0000,LOW,0.2,0.005,0.0
1774254680.0057492,35.881,-9999.000000,23.492928,26.0,100.0000,LOW,0.2,0.005,0.0
1774254680.0657828,35.941,-9999.000000,23.489802,26.0,100.0000,LOW,0.2,0.005,0.0
1774254680.127197,36.003,-9999.000000,23.485894,26.0,100.0000,LOW,0.2,0.005,0.0
1774254680.1973865,36.073,-9999.000000,23.485504,26.0,100.0000,LOW,0.2,0.005,0.0
1774254680.2555542,36.131,-9999.000000,23.487457,26.0,100.0000,LOW,0.2,0.005,0.0
1774254680.3245442,36.200,-9999.000000,23.488239,26.0,100.0000,LOW,0.2,0.005,0.0
1774254680.3852375,36.261,-9999.000000,23.487067,26.0,100.0000,LOW,0.2,0.005,0.0
1774254680.4472384,36.323,-9999.000000,23.481989,26.0,100.0000,LOW,0.2,0.005,0.0
1774254680.5056355,36.381,-9999.000000,23.485114,26.0,100.0000,LOW,0.2,0.005,0.0
1774254680.5756097,36.451,-9999.000000,23.480816,26.0,100.0000,LOW,0.2,0.005,0.0
1774254680.6372564,36.513,-9999.000000,23.482379,26.0,100.0000,LOW,0.2,0.005,0.0
1774254680.7068892,36.582,-9999.000000,23.481989,26.0,100.0000,LOW,0.2,0.005,0.0
1774254680.7654252,36.641,-9999.000000,23.479643,26.0,100.0000,LOW,0.2,0.005,0.0
1774254680.8346286,36.710,-9999.000000,23.474956,26.0,100.0000,LOW,0.2,0.005,0.0
1774254680.89737,36.773,-9999.000000,23.473783,26.0,100.0000,LOW,0.2,0.005,0.0
1774254680.955284,36.831,-9999.000000,23.475345,26.0,100.0000,LOW,0.2,0.005,0.0
1774254681.0271316,36.903,-9999.000000,23.475735,26.0,100.0000,LOW,0.2,0.005,0.0
1774254681.0856223,36.961,-9999.000000,23.476908,26.0,100.0000,LOW,0.2,0.005,0.0
1774254681.1556442,37.031,-9999.000000,23.474563,26.0,100.0000,LOW,0.2,0.005,0.0
1774254681.2178233,37.093,-9999.000000,23.470268,26.0,100.0000,LOW,0.2,0.005,0.0
1774254681.2752368,37.151,-9999.000000,23.467140,26.0,100.0000,LOW,0.2,0.005,0.0
1774254681.3459375,37.222,-9999.000000,23.467533,26.0,100.0000,LOW,0.2,0.005,0.0
1774254681.4068823,37.282,-9999.000000,23.469095,26.0,100.0000,LOW,0.2,0.005,0.0
1774254681.4757018,37.351,-9999.000000,23.469485,26.0,100.0000,LOW,0.2,0.005,0.0
1774254681.5356753,37.411,-9999.000000,23.468312,26.0,100.0000,LOW,0.2,0.005,0.0
1774254681.6013694,37.477,-9999.000000,23.464405,26.0,100.0000,LOW,0.2,0.005,0.0
1774254681.6656837,37.541,-9999.000000,23.462062,26.0,100.0000,LOW,0.2,0.005,0.0
1774254681.727083,37.603,-9999.000000,23.462062,26.0,100.0000,LOW,0.2,0.005,0.0
1774254681.7936854,37.669,-9999.000000,23.463625,26.0,100.0000,LOW,0.2,0.005,0.0
1774254681.8552995,37.731,-9999.000000,23.464797,26.0,100.0000,LOW,0.2,0.005,0.0
1774254681.9175053,37.793,-9999.000000,23.462842,26.0,100.0000,LOW,0.2,0.005,0.0
1774254681.9874449,37.863,-9999.000000,23.460110,26.0,100.0000,LOW,0.2,0.005,0.0
1774254682.0452802,37.921,-9999.000000,23.455813,26.0,100.0000,LOW,0.2,0.005,0.0
1774254682.1150596,37.991,-9999.000000,23.455030,26.0,100.0000,LOW,0.2,0.005,0.0
1774254682.1753533,38.051,-9999.000000,23.456202,26.0,100.0000,LOW,0.2,0.005,0.0
1774254682.2367363,38.112,-9999.000000,23.457375,26.0,100.0000,LOW,0.2,0.005,0.0
1774254682.306678,38.182,-9999.000000,23.457765,26.0,100.0000,LOW,0.2,0.005,0.0
1774254682.3653798,38.241,-9999.000000,23.453467,26.0,100.0000,LOW,0.2,0.005,0.0
1774254682.428315,38.304,-9999.000000,23.450343,26.0,100.0000,LOW,0.2,0.005,0.0
1774254682.4973648,38.373,-9999.000000,23.449953,26.0,100.0000,LOW,0.2,0.005,0.0
1774254682.5552938,38.431,-9999.000000,23.451122,26.0,100.0000,LOW,0.2,0.005,0.0
1774254682.6255064,38.501,-9999.000000,23.452685,26.0,100.0000,LOW,0.2,0.005,0.0
1774254682.6857352,38.561,-9999.000000,23.451905,26.0,100.0000,LOW,0.2,0.005,0.0
1774254682.7547362,38.630,-9999.000000,23.449953,26.0,100.0000,LOW,0.2,0.005,0.0
1774254682.817205,38.693,-9999.000000,23.444873,26.0,100.0000,LOW,0.2,0.005,0.0
1774254682.8751373,38.751,-9999.000000,23.442921,26.0,100.0000,LOW,0.2,0.005,0.0
1774254682.9455822,38.821,-9999.000000,23.445656,26.0,100.0000,LOW,0.2,0.005,0.0
1774254683.0071542,38.883,-9999.000000,23.447998,26.0,100.0000,LOW,0.2,0.005,0.0
1774254683.0653284,38.941,-9999.000000,23.446435,26.0,100.0000,LOW,0.2,0.005,0.0
1774254683.1352305,39.011,-9999.000000,23.443700,26.0,100.0000,LOW,0.2,0.005,0.0
1774254683.1954088,39.071,-9999.000000,23.439013,26.0,100.0000,LOW,0.2,0.005,0.0
1774254683.2588477,39.134,-9999.000000,23.438624,26.0,100.0000,LOW,0.2,0.005,0.0
1774254683.3182101,39.194,-9999.000000,23.438231,26.0,100.0000,LOW,0.2,0.005,0.0
1774254683.3857548,39.261,-9999.000000,23.442138,26.0,100.0000,LOW,0.2,0.005,0.0
1774254683.455499,39.331,-9999.000000,23.440576,26.0,100.0000,LOW,0.2,0.005,0.0
1774254683.5172582,39.393,-9999.000000,23.436668,26.0,100.0000,LOW,0.2,0.005,0.0
1774254683.5853765,39.461,-9999.000000,23.433934,26.0,100.0000,LOW,0.2,0.005,0.0
1774254683.6471846,39.523,-9999.000000,23.431982,26.0,100.0000,LOW,0.2,0.005,0.0
1774254683.7066245,39.582,-9999.000000,23.433934,26.0,100.0000,LOW,0.2,0.005,0.0
1774254683.7744915,39.650,-9999.000000,23.435889,26.0,100.0000,LOW,0.2,0.005,0.0
1774254683.8361204,39.712,-9999.000000,23.433934,26.0,100.0000,LOW,0.2,0.005,0.0
1774254683.8951755,39.771,-9999.000000,23.428857,26.0,100.0000,LOW,0.2,0.005,0.0
1774254683.9583483,39.834,-9999.000000,23.428857,26.0,100.0000,LOW,0.2,0.005,0.0
1774254684.02615,39.902,-9999.000000,23.428467,26.0,100.0000,LOW,0.2,0.005,0.0
1774254684.0898821,39.965,-9999.000000,23.430030,26.0,100.0000,LOW,0.2,0.005,0.0
1774254684.1444108,40.020,-9999.000000,23.426512,26.0,100.0000,LOW,0.2,0.005,0.0
1774254684.209023,40.085,-9999.000000,23.422998,26.0,100.0000,LOW,0.2,0.005,0.0
1774254684.271989,40.148,-9999.000000,23.420654,26.0,100.0000,LOW,0.2,0.005,0.0
1774254684.3251667,40.201,-9999.000000,23.421046,26.0,100.0000,LOW,0.2,0.005,0.0
1774254684.392086,40.268,-9999.000000,23.423778,26.0,100.0000,LOW,0.2,0.005,0.0
1774254684.4559646,40.332,-9999.000000,23.422608,26.0,100.0000,LOW,0.2,0.005,0.0
1774254684.5119345,40.388,-9999.000000,23.418702,26.0,100.0000,LOW,0.2,0.005,0.0
1774254684.5817792,40.457,-9999.000000,23.414795,26.0,100.0000,LOW,0.2,0.005,0.0
1774254684.6439342,40.520,-9999.000000,23.415188,26.0,100.0000,LOW,0.2,0.005,0.0
1774254684.7111607,40.587,-9999.000000,23.417529,26.0,100.0000,LOW,0.2,0.005,0.0
1774254684.7747397,40.650,-9999.000000,23.416750,26.0,100.0000,LOW,0.2,0.005,0.0
1774254684.836493,40.712,-9999.000000,23.415188,26.0,100.0000,LOW,0.2,0.005,0.0
1774254684.8963313,40.772,-9999.000000,23.411281,26.0,100.0000,LOW,0.2,0.005,0.0
1774254684.9547286,40.830,-9999.000000,23.412060,26.0,100.0000,LOW,0.2,0.005,0.0
1774254685.0298002,40.905,-9999.000000,23.407374,26.0,100.0000,LOW,0.2,0.005,0.0
1774254685.0744524,40.950,-9999.000000,23.405422,26.0,100.0000,LOW,0.2,0.005,0.0
1774254685.1359823,41.012,-9999.000000,23.410498,26.0,100.0000,LOW,0.2,0.005,0.0
1774254685.205054,41.081,-9999.000000,23.408547,26.0,100.0000,LOW,0.2,0.005,0.0
1774254685.2644908,41.140,-9999.000000,23.405422,26.0,100.0000,LOW,0.2,0.005,0.0
1774254685.3298979,41.205,-9999.000000,23.401906,26.0,100.0000,LOW,0.2,0.005,0.0
1774254685.3960674,41.272,-9999.000000,23.400344,26.0,100.0000,LOW,0.2,0.005,0.0
1774254685.4543207,41.330,-9999.000000,23.404250,26.0,100.0000,LOW,0.2,0.005,0.0
1774254685.5245888,41.400,-9999.000000,23.402298,26.0,100.0000,LOW,0.2,0.005,0.0
1774254685.5848901,41.460,-9999.000000,23.403078,26.0,100.0000,LOW,0.2,0.005,0.0
1774254685.6464891,41.522,-9999.000000,23.397610,26.0,100.0000,LOW,0.2,0.005,0.0
1774254685.717401,41.593,-9999.000000,23.394878,26.0,100.0000,LOW,0.2,0.005,0.0
1774254685.774536,41.650,-9999.000000,23.394486,26.0,100.0000,LOW,0.2,0.005,0.0
1774254685.836816,41.712,-9999.000000,23.398002,26.0,100.0000,LOW,0.2,0.005,0.0
1774254685.8869886,41.763,-9999.000000,23.397610,26.0,100.0000,LOW,0.2,0.005,0.0
1774254685.954855,41.830,-9999.000000,23.396048,26.0,100.0000,LOW,0.2,0.005,0.0
1774254686.019025,41.895,-9999.000000,23.392534,26.0,100.0000,LOW,0.2,0.005,0.0
1774254686.0744035,41.950,-9999.000000,23.388628,26.0,100.0000,LOW,0.2,0.005,0.0
1774254686.1445203,42.020,-9999.000000,23.389020,26.0,100.0000,LOW,0.2,0.005,0.0
1774254686.2063317,42.082,-9999.000000,23.390972,26.0,100.0000,LOW,0.2,0.005,0.0
1774254686.274299,42.150,-9999.000000,23.392144,26.0,100.0000,LOW,0.2,0.005,0.0
1774254686.3346071,42.210,-9999.000000,23.387848,26.0,100.0000,LOW,0.2,0.005,0.0
1774254686.3999648,42.276,-9999.000000,23.384332,26.0,100.0000,LOW,0.2,0.005,0.0
1774254686.4586763,42.334,-9999.000000,23.389410,26.0,100.0000,LOW,0.2,0.005,0.0
1774254686.526069,42.402,-9999.000000,23.386676,26.0,100.0000,LOW,0.2,0.005,0.0
1774254686.5846183,42.460,-9999.000000,23.388238,26.0,100.0000,LOW,0.2,0.005,0.0
1774254686.6546328,42.530,-9999.000000,23.385894,26.0,100.0000,LOW,0.2,0.005,0.0
1774254686.718858,42.594,-9999.000000,23.381208,26.0,100.0000,LOW,0.2,0.005,0.0
1774254686.78191,42.657,-9999.000000,23.379646,26.0,100.0000,LOW,0.2,0.005,0.0
1774254686.827898,42.703,-9999.000000,23.381208,26.0,100.0000,LOW,0.2,0.005,0.0
1774254686.906496,42.782,-9999.000000,23.382770,26.0,100.0000,LOW,0.2,0.005,0.0
1774254686.9643025,42.840,-9999.000000,23.379257,26.0,100.0000,LOW,0.2,0.005,0.0
1774254687.0325735,42.908,-9999.000000,23.375740,26.0,100.0000,LOW,0.2,0.005,0.0
1774254687.094933,42.970,-9999.000000,23.374571,26.0,100.0000,LOW,0.2,0.005,0.0
1774254687.1560183,43.032,-9999.000000,23.376523,26.0,100.0000,LOW,0.2,0.005,0.0
1774254687.2243166,43.100,-9999.000000,23.378867,26.0,100.0000,LOW,0.2,0.005,0.0
1774254687.2847228,43.160,-9999.000000,23.374961,26.0,100.0000,LOW,0.2,0.005,0.0
1774254687.352171,43.228,-9999.000000,23.372227,26.0,100.0000,LOW,0.2,0.005,0.0
1774254687.416224,43.292,-9999.000000,23.371055,26.0,100.0000,LOW,0.2,0.005,0.0
1774254687.4742134,43.350,-9999.000000,23.370276,26.0,100.0000,LOW,0.2,0.005,0.0
1774254687.5446417,43.420,-9999.000000,23.370665,26.0,100.0000,LOW,0.2,0.005,0.0
1774254687.6046286,43.480,-9999.000000,23.373399,26.0,100.0000,LOW,0.2,0.005,0.0
1774254687.6548817,43.530,-9999.000000,23.373009,26.0,100.0000,LOW,0.2,0.005,0.0
1774254687.7163956,43.592,-9999.000000,23.370665,26.0,100.0000,LOW,0.2,0.005,0.0
1774254687.7843952,43.660,-9999.000000,23.366759,26.0,100.0000,LOW,0.2,0.005,0.0
1774254687.8446865,43.720,-9999.000000,23.364418,26.0,100.0000,LOW,0.2,0.005,0.0
1774254687.9145498,43.790,-9999.000000,23.364418,26.0,100.0000,LOW,0.2,0.005,0.0
1774254687.9680169,43.844,-9999.000000,23.367542,26.0,100.0000,LOW,0.2,0.005,0.0
1774254688.0361705,43.912,-9999.000000,23.367932,26.0,100.0000,LOW,0.2,0.005,0.0
1774254688.1044748,43.980,-9999.000000,23.366370,26.0,100.0000,LOW,0.2,0.005,0.0
1774254688.1679137,44.043,-9999.000000,23.362857,26.0,100.0000,LOW,0.2,0.005,0.0
1774254688.2346117,44.110,-9999.000000,23.361292,26.0,100.0000,LOW,0.2,0.005,0.0
1774254688.296324,44.172,-9999.000000,23.358561,26.0,100.0000,LOW,0.2,0.005,0.0
1774254688.3638728,44.239,-9999.000000,23.358951,26.0,100.0000,LOW,0.2,0.005,0.0
1774254688.4243731,44.300,-9999.000000,23.362857,26.0,100.0000,LOW,0.2,0.005,0.0
1774254688.4844632,44.360,-9999.000000,23.362074,26.0,100.0000,LOW,0.2,0.005,0.0
1774254688.5547786,44.430,-9999.000000,23.359341,26.0,100.0000,LOW,0.2,0.005,0.0
1774254688.6159625,44.492,-9999.000000,23.354656,26.0,100.0000,LOW,0.2,0.005,0.0
1774254688.6746151,44.550,-9999.000000,23.354656,26.0,100.0000,LOW,0.2,0.005,0.0
1774254688.7442646,44.620,-9999.000000,23.357389,26.0,100.0000,LOW,0.2,0.005,0.0
1774254688.8070703,44.683,-9999.000000,23.358169,26.0,100.0000,LOW,0.2,0.005,0.0
1774254688.8642235,44.740,-9999.000000,23.356217,26.0,100.0000,LOW,0.2,0.005,0.0
1774254688.93548,44.811,-9999.000000,23.352312,26.0,100.0000,LOW,0.2,0.005,0.0
1774254688.9961028,44.872,-9999.000000,23.350361,26.0,100.0000,LOW,0.2,0.005,0.0
1774254689.0542238,44.930,-9999.000000,23.353094,26.0,100.0000,LOW,0.2,0.005,0.0
1774254689.1247954,45.000,-9999.000000,23.354266,26.0,100.0000,LOW,0.2,0.005,0.0
1774254689.1736646,45.049,-9999.000000,23.353094,26.0,100.0000,LOW,0.2,0.005,0.0
1774254689.2360578,45.112,-9999.000000,23.350361,26.0,100.0000,LOW,0.2,0.005,0.0
1774254689.2962523,45.172,-9999.000000,23.347237,26.0,100.0000,LOW,0.2,0.005,0.0
1774254689.3550086,45.231,-9999.000000,23.348799,26.0,100.0000,LOW,0.2,0.005,0.0
1774254689.424692,45.300,-9999.000000,23.348409,26.0,100.0000,LOW,0.2,0.005,0.0
1774254689.4845312,45.360,-9999.000000,23.350361,26.0,100.0000,LOW,0.2,0.005,0.0
1774254689.5543818,45.430,-9999.000000,23.347237,26.0,100.0000,LOW,0.2,0.005,0.0
1774254689.6164005,45.492,-9999.000000,23.344114,26.0,100.0000,LOW,0.2,0.005,0.0
1774254689.6743085,45.550,-9999.000000,23.342160,26.0,100.0000,LOW,0.2,0.005,0.0
1774254689.74464,45.620,-9999.000000,23.344114,26.0,100.0000,LOW,0.2,0.005,0.0
1774254689.806055,45.682,-9999.000000,23.346455,26.0,100.0000,LOW,0.2,0.005,0.0
1774254689.8748322,45.750,-9999.000000,23.345676,26.0,100.0000,LOW,0.2,0.005,0.0
1774254689.937377,45.813,-9999.000000,23.342553,26.0,100.0000,LOW,0.2,0.005,0.0
1774254689.9945977,45.870,-9999.000000,23.338648,26.0,100.0000,LOW,0.2,0.005,0.0
1774254690.0442183,45.920,-9999.000000,23.337865,26.0,100.0000,LOW,0.2,0.005,0.0
1774254690.1118264,45.987,-9999.000000,23.338648,26.0,100.0000,LOW,0.2,0.005,0.0
1774254690.17447,46.050,-9999.000000,23.341771,26.0,100.0000,LOW,0.2,0.005,0.0
1774254690.2382715,46.114,-9999.000000,23.340599,26.0,100.0000,LOW,0.2,0.005,0.0
1774254690.296396,46.172,-9999.000000,23.335525,26.0,100.0000,LOW,0.2,0.005,0.0
1774254690.364539,46.240,-9999.000000,23.333963,26.0,100.0000,LOW,0.2,0.005,0.0
1774254690.4246936,46.300,-9999.000000,23.336694,26.0,100.0000,LOW,0.2,0.005,0.0
1774254690.4845173,46.360,-9999.000000,23.337865,26.0,100.0000,LOW,0.2,0.005,0.0
1774254690.554338,46.430,-9999.000000,23.336304,26.0,100.0000,LOW,0.2,0.005,0.0
1774254690.6158795,46.491,-9999.000000,23.333181,26.0,100.0000,LOW,0.2,0.005,0.0
1774254690.6747851,46.550,-9999.000000,23.329668,26.0,100.0000,LOW,0.2,0.005,0.0
1774254690.7443683,46.620,-9999.000000,23.331230,26.0,100.0000,LOW,0.2,0.005,0.0
1774254690.806564,46.682,-9999.000000,23.333963,26.0,100.0000,LOW,0.2,0.005,0.0
1774254690.8642979,46.740,-9999.000000,23.332402,26.0,100.0000,LOW,0.2,0.005,0.0
1774254690.9342601,46.810,-9999.000000,23.328107,26.0,100.0000,LOW,0.2,0.005,0.0
1774254690.9945104,46.870,-9999.000000,23.326543,26.0,100.0000,LOW,0.2,0.005,0.0
1774254691.0567539,46.932,-9999.000000,23.327715,26.0,100.0000,LOW,0.2,0.005,0.0
1774254691.1059914,46.982,-9999.000000,23.329276,26.0,100.0000,LOW,0.2,0.005,0.0
1774254691.173662,47.049,-9999.000000,23.329668,26.0,100.0000,LOW,0.2,0.005,0.0
1774254691.234257,47.110,-9999.000000,23.326543,26.0,100.0000,LOW,0.2,0.005,0.0
1774254691.2945092,47.170,-9999.000000,23.322641,26.0,100.0000,LOW,0.2,0.005,0.0
1774254691.3636405,47.239,-9999.000000,23.322641,26.0,100.0000,LOW,0.2,0.005,0.0
1774254691.4263926,47.302,-9999.000000,23.327325,26.0,100.0000,LOW,0.2,0.005,0.0
1774254691.4845638,47.360,-9999.000000,23.324981,26.0,100.0000,LOW,0.2,0.005,0.0
1774254691.554485,47.430,-9999.000000,23.323420,26.0,100.0000,LOW,0.2,0.005,0.0
1774254691.616074,47.492,-9999.000000,23.320297,26.0,100.0000,LOW,0.2,0.005,0.0
1774254691.674284,47.550,-9999.000000,23.318346,26.0,100.0000,LOW,0.2,0.005,0.0
1774254691.7446795,47.620,-9999.000000,23.321079,26.0,100.0000,LOW,0.2,0.005,0.0
1774254691.8074107,47.683,-9999.000000,23.323030,26.0,100.0000,LOW,0.2,0.005,0.0
1774254691.8668506,47.742,-9999.000000,23.320687,26.0,100.0000,LOW,0.2,0.005,0.0
1774254691.9316714,47.807,-9999.000000,23.315224,26.0,100.0000,LOW,0.2,0.005,0.0
1774254691.9892747,47.865,-9999.000000,23.319908,26.0,100.0000,LOW,0.2,0.005,0.0
1774254692.056149,47.932,-9999.000000,23.316392,26.0,100.0000,LOW,0.2,0.005,0.0
1774254692.1244388,48.000,-9999.000000,23.318736,26.0,100.0000,LOW,0.2,0.005,0.0
1774254692.1845875,48.060,-9999.000000,23.315224,26.0,100.0000,LOW,0.2,0.005,0.0
1774254692.2345426,48.110,-9999.000000,23.312101,26.0,100.0000,LOW,0.2,0.005,0.0
1774254692.2945385,48.170,-9999.000000,23.310929,26.0,100.0000,LOW,0.2,0.005,0.0
1774254692.3771443,48.253,-9999.000000,23.314052,26.0,100.0000,LOW,0.2,0.005,0.0
1774254692.4390597,48.315,-9999.000000,23.313662,26.0,100.0000,LOW,0.2,0.005,0.0
1774254692.5036745,48.379,-9999.000000,23.309758,26.0,100.0000,LOW,0.2,0.005,0.0
1774254692.5660958,48.442,-9999.000000,23.307025,26.0,100.0000,LOW,0.2,0.005,0.0
1774254692.6247106,48.500,-9999.000000,23.307807,26.0,100.0000,LOW,0.2,0.005,0.0
1774254692.6935058,48.569,-9999.000000,23.311319,26.0,100.0000,LOW,0.2,0.005,0.0
1774254692.7563307,48.632,-9999.000000,23.310147,26.0,100.0000,LOW,0.2,0.005,0.0
1774254692.8146696,48.690,-9999.000000,23.308976,26.0,100.0000,LOW,0.2,0.005,0.0
1774254692.8846664,48.760,-9999.000000,23.303513,26.0,100.0000,LOW,0.2,0.005,0.0
1774254692.94425,48.820,-9999.000000,23.302341,26.0,100.0000,LOW,0.2,0.005,0.0
1774254693.0065413,48.882,-9999.000000,23.304681,26.0,100.0000,LOW,0.2,0.005,0.0
1774254693.0757284,48.951,-9999.000000,23.306243,26.0,100.0000,LOW,0.2,0.005,0.0
1774254693.1345997,49.010,-9999.000000,23.303902,26.0,100.0000,LOW,0.2,0.005,0.0
1774254693.184515,49.060,-9999.000000,23.304292,26.0,100.0000,LOW,0.2,0.005,0.0
1774254693.264262,49.140,-9999.000000,23.299219,26.0,100.0000,LOW,0.2,0.005,0.0
1774254693.3286772,49.204,-9999.000000,23.301559,26.0,100.0000,LOW,0.2,0.005,0.0
1774254693.3884935,49.264,-9999.000000,23.303513,26.0,100.0000,LOW,0.2,0.005,0.0
1774254693.4465988,49.322,-9999.000000,23.298826,26.0,100.0000,LOW,0.2,0.005,0.0
1774254693.5011363,49.377,-9999.000000,23.297265,26.0,100.0000,LOW,0.2,0.005,0.0
1774254693.564657,49.440,-9999.000000,23.295704,26.0,100.0000,LOW,0.2,0.005,0.0
1774254693.6244488,49.500,-9999.000000,23.298437,26.0,100.0000,LOW,0.2,0.005,0.0
1774254693.6864178,49.562,-9999.000000,23.299998,26.0,100.0000,LOW,0.2,0.005,0.0
1774254693.7543519,49.630,-9999.000000,23.297657,26.0,100.0000,LOW,0.2,0.005,0.0
1774254693.8186285,49.694,-9999.000000,23.292582,26.0,100.0000,LOW,0.2,0.005,0.0
1774254693.882005,49.758,-9999.000000,23.291020,26.0,100.0000,LOW,0.2,0.005,0.0
1774254693.9449358,49.821,-9999.000000,23.294143,26.0,100.0000,LOW,0.2,0.005,0.0
1774254694.0065465,49.882,-9999.000000,23.296093,26.0,100.0000,LOW,0.2,0.005,0.0
1774254694.066324,49.942,-9999.000000,23.291802,26.0,100.0000,LOW,0.2,0.005,0.0
1774254694.1344018,50.010,-9999.000000,23.288677,26.0,100.0000,LOW,0.2,0.005,0.0
1774254694.196493,50.072,-9999.000000,23.287509,26.0,100.0000,LOW,0.2,0.005,0.0
1774254694.254847,50.130,-9999.000000,23.291410,26.0,100.0000,LOW,0.2,0.005,0.0
1774254694.3244543,50.200,-9999.000000,23.291410,26.0,100.0000,LOW,0.2,0.005,0.0
1774254694.384434,50.260,-9999.000000,23.287116,26.0,100.0000,LOW,0.2,0.005,0.0
1774254694.4502137,50.326,-9999.000000,23.283994,26.0,100.0000,LOW,0.2,0.005,0.0
1774254694.5140433,50.390,-9999.000000,23.285555,26.0,100.0000,LOW,0.2,0.005,0.0
1774254694.574781,50.450,-9999.000000,23.286727,26.0,100.0000,LOW,0.2,0.005,0.0
1774254694.637132,50.513,-9999.000000,23.288288,26.0,100.0000,LOW,0.2,0.005,0.0
1774254694.6844006,50.560,-9999.000000,23.285945,26.0,100.0000,LOW,0.2,0.005,0.0
1774254694.7458577,50.621,-9999.000000,23.281654,26.0,100.0000,LOW,0.2,0.005,0.0
1774254694.8161905,50.692,-9999.000000,23.280090,26.0,100.0000,LOW,0.2,0.005,0.0
1774254694.8748279,50.750,-9999.000000,23.280482,26.0,100.0000,LOW,0.2,0.005,0.0
1774254694.9442956,50.820,-9999.000000,23.283604,26.0,100.0000,LOW,0.2,0.005,0.0
1774254695.0065465,50.882,-9999.000000,23.283215,26.0,100.0000,LOW,0.2,0.005,0.0
1774254695.06449,50.940,-9999.000000,23.278139,26.0,100.0000,LOW,0.2,0.005,0.0
1774254695.1266341,51.002,-9999.000000,23.276189,26.0,100.0000,LOW,0.2,0.005,0.0
1774254695.1954772,51.071,-9999.000000,23.277360,26.0,100.0000,LOW,0.2,0.005,0.0
1774254695.2563438,51.132,-9999.000000,23.280482,26.0,100.0000,LOW,0.2,0.005,0.0
1774254695.3238218,51.199,-9999.000000,23.278921,26.0,100.0000,LOW,0.2,0.005,0.0
1774254695.3847022,51.260,-9999.000000,23.275796,26.0,100.0000,LOW,0.2,0.005,0.0
1774254695.4460766,51.322,-9999.000000,23.271895,26.0,100.0000,LOW,0.2,0.005,0.0
1774254695.5161393,51.392,-9999.000000,23.271113,26.0,100.0000,LOW,0.2,0.005,0.0
1774254695.5742583,51.450,-9999.000000,23.273067,26.0,100.0000,LOW,0.2,0.005,0.0
1774254695.6443887,51.520,-9999.000000,23.275407,26.0,100.0000,LOW,0.2,0.005,0.0
1774254695.7053828,51.581,-9999.000000,23.274235,26.0,100.0000,LOW,0.2,0.005,0.0
1774254695.7687244,51.644,-9999.000000,23.267992,26.0,100.0000,LOW,0.2,0.005,0.0
1774254695.8335524,51.709,-9999.000000,23.267213,26.0,100.0000,LOW,0.2,0.005,0.0
1774254695.8942678,51.770,-9999.000000,23.266431,26.0,100.0000,LOW,0.2,0.005,0.0
1774254695.9561148,51.832,-9999.000000,23.269942,26.0,100.0000,LOW,0.2,0.005,0.0
1774254696.024458,51.900,-9999.000000,23.271113,26.0,100.0000,LOW,0.2,0.005,0.0
1774254696.0845695,51.960,-9999.000000,23.267992,26.0,100.0000,LOW,0.2,0.005,0.0
1774254696.1462858,52.022,-9999.000000,23.264088,26.0,100.0000,LOW,0.2,0.005,0.0
1774254696.214277,52.090,-9999.000000,23.263309,26.0,100.0000,LOW,0.2,0.005,0.0
1774254696.2764547,52.152,-9999.000000,23.267992,26.0,100.0000,LOW,0.2,0.005,0.0
1774254696.3346725,52.210,-9999.000000,23.266431,26.0,100.0000,LOW,0.2,0.005,0.0
1774254696.3958917,52.271,-9999.000000,23.261748,26.0,100.0000,LOW,0.2,0.005,0.0
1774254696.4663363,52.342,-9999.000000,23.259795,26.0,100.0000,LOW,0.2,0.005,0.0
1774254696.5159159,52.391,-9999.000000,23.258626,26.0,100.0000,LOW,0.2,0.005,0.0
1774254696.5874324,52.463,-9999.000000,23.264088,26.0,100.0000,LOW,0.2,0.005,0.0
1774254696.655961,52.532,-9999.000000,23.262137,26.0,100.0000,LOW,0.2,0.005,0.0
1774254696.7146926,52.590,-9999.000000,23.257065,26.0,100.0000,LOW,0.2,0.005,0.0
1774254696.7770426,52.653,-9999.000000,23.255894,26.0,100.0000,LOW,0.2,0.005,0.0
1774254696.8247333,52.700,-9999.000000,23.258626,26.0,100.0000,LOW,0.2,0.005,0.0
1774254696.8864925,52.762,-9999.000000,23.260187,26.0,100.0000,LOW,0.2,0.005,0.0
1774254696.9561577,52.832,-9999.000000,23.258234,26.0,100.0000,LOW,0.2,0.005,0.0
1774254697.0146375,52.890,-9999.000000,23.253551,26.0,100.0000,LOW,0.2,0.005,0.0
1774254697.0761876,52.952,-9999.000000,23.252772,26.0,100.0000,LOW,0.2,0.005,0.0
1774254697.1448648,53.020,-9999.000000,23.254333,26.0,100.0000,LOW,0.2,0.005,0.0
1774254697.2042422,53.080,-9999.000000,23.256673,26.0,100.0000,LOW,0.2,0.005,0.0
1774254697.2738016,53.149,-9999.000000,23.255501,26.0,100.0000,LOW,0.2,0.005,0.0
1774254697.3267906,53.202,-9999.000000,23.251990,26.0,100.0000,LOW,0.2,0.005,0.0
1774254697.3968472,53.272,-9999.000000,23.248869,26.0,100.0000,LOW,0.2,0.005,0.0
1774254697.454276,53.330,-9999.000000,23.250819,26.0,100.0000,LOW,0.2,0.005,0.0
1774254697.5246494,53.400,-9999.000000,23.253162,26.0,100.0000,LOW,0.2,0.005,0.0
1774254697.5879567,53.464,-9999.000000,23.251601,26.0,100.0000,LOW,0.2,0.005,0.0
1774254697.6474462,53.523,-9999.000000,23.246137,26.0,100.0000,LOW,0.2,0.005,0.0
1774254697.7146537,53.590,-9999.000000,23.245747,26.0,100.0000,LOW,0.2,0.005,0.0
1774254697.7743058,53.650,-9999.000000,23.248869,26.0,100.0000,LOW,0.2,0.005,0.0
1774254697.838235,53.714,-9999.000000,23.249648,26.0,100.0000,LOW,0.2,0.005,0.0
1774254697.9046373,53.780,-9999.000000,23.246918,26.0,100.0000,LOW,0.2,0.005,0.0
1774254697.9703395,53.846,-9999.000000,23.243794,26.0,100.0000,LOW,0.2,0.005,0.0
1774254698.0147958,53.890,-9999.000000,23.241454,26.0,100.0000,LOW,0.2,0.005,0.0
1774254698.0766406,53.952,-9999.000000,23.241454,26.0,100.0000,LOW,0.2,0.005,0.0
1774254698.1487305,54.024,-9999.000000,23.241065,26.0,100.0000,LOW,0.2,0.005,0.0
1774254698.2062457,54.082,-9999.000000,23.243015,26.0,100.0000,LOW,0.2,0.005,0.0
1774254698.274359,54.150,-9999.000000,23.244965,26.0,100.0000,LOW,0.2,0.005,0.0
1774254698.3350425,54.211,-9999.000000,23.243405,26.0,100.0000,LOW,0.2,0.005,0.0
1774254698.4047992,54.280,-9999.000000,23.239501,26.0,100.0000,LOW,0.2,0.005,0.0
1774254698.4660892,54.342,-9999.000000,23.237162,26.0,100.0000,LOW,0.2,0.005,0.0
1774254698.5163376,54.392,-9999.000000,23.235209,26.0,100.0000,LOW,0.2,0.005,0.0
1774254698.5742908,54.450,-9999.000000,23.235601,26.0,100.0000,LOW,0.2,0.005,0.0
1774254698.6443467,54.520,-9999.000000,23.237551,26.0,100.0000,LOW,0.2,0.005,0.0
1774254698.705032,54.581,-9999.000000,23.239112,26.0,100.0000,LOW,0.2,0.005,0.0
1774254698.7747989,54.650,-9999.000000,23.238722,26.0,100.0000,LOW,0.2,0.005,0.0
1774254698.8380144,54.714,-9999.000000,23.237162,26.0,100.0000,LOW,0.2,0.005,0.0
1774254698.9035466,54.779,-9999.000000,23.234040,26.0,100.0000,LOW,0.2,0.005,0.0
1774254698.9646943,54.840,-9999.000000,23.229748,26.0,100.0000,LOW,0.2,0.005,0.0
1774254699.0317369,54.907,-9999.000000,23.230919,26.0,100.0000,LOW,0.2,0.005,0.0
1774254699.0936542,54.969,-9999.000000,23.234430,26.0,100.0000,LOW,0.2,0.005,0.0
1774254699.1545877,55.030,-9999.000000,23.234819,26.0,100.0000,LOW,0.2,0.005,0.0
1774254699.2145014,55.090,-9999.000000,23.229748,26.0,100.0000,LOW,0.2,0.005,0.0
1774254699.2842572,55.160,-9999.000000,23.227016,26.0,100.0000,LOW,0.2,0.005,0.0
1774254699.347748,55.223,-9999.000000,23.228577,26.0,100.0000,LOW,0.2,0.005,0.0
1774254699.4045138,55.280,-9999.000000,23.228577,26.0,100.0000,LOW,0.2,0.005,0.0
1774254699.4752214,55.351,-9999.000000,23.231308,26.0,100.0000,LOW,0.2,0.005,0.0
1774254699.5358195,55.411,-9999.000000,23.228187,26.0,100.0000,LOW,0.2,0.005,0.0
1774254699.603983,55.480,-9999.000000,23.225455,26.0,100.0000,LOW,0.2,0.005,0.0
1774254699.6669185,55.542,-9999.000000,23.223113,26.0,100.0000,LOW,0.2,0.005,0.0
1774254699.7242565,55.600,-9999.000000,23.225063,26.0,100.0000,LOW,0.2,0.005,0.0
1774254699.7863584,55.662,-9999.000000,23.228577,26.0,100.0000,LOW,0.2,0.005,0.0
1774254699.856366,55.732,-9999.000000,23.225845,26.0,100.0000,LOW,0.2,0.005,0.0
1774254699.914524,55.790,-9999.000000,23.221552,26.0,100.0000,LOW,0.2,0.005,0.0
1774254699.9789608,55.855,-9999.000000,23.219992,26.0,100.0000,LOW,0.2,0.005,0.0
1774254700.0463173,55.922,-9999.000000,23.219992,26.0,100.0000,LOW,0.2,0.005,0.0
1774254700.094706,55.970,-9999.000000,23.221552,26.0,100.0000,LOW,0.2,0.005,0.0
1774254700.1561997,56.032,-9999.000000,23.223502,26.0,100.0000,LOW,0.2,0.005,0.0
1774254700.2143934,56.090,-9999.000000,23.220774,26.0,100.0000,LOW,0.2,0.005,0.0
1774254700.284349,56.160,-9999.000000,23.218042,26.0,100.0000,LOW,0.2,0.005,0.0
1774254700.3465106,56.222,-9999.000000,23.215310,26.0,100.0000,LOW,0.2,0.005,0.0
1774254700.4124136,56.288,-9999.000000,23.217260,26.0,100.0000,LOW,0.2,0.005,0.0
1774254700.474737,56.350,-9999.000000,23.219602,26.0,100.0000,LOW,0.2,0.005,0.0
1774254700.5360978,56.412,-9999.000000,23.216871,26.0,100.0000,LOW,0.2,0.005,0.0
1774254700.603647,56.479,-9999.000000,23.214139,26.0,100.0000,LOW,0.2,0.005,0.0
1774254700.6667106,56.542,-9999.000000,23.211797,26.0,100.0000,LOW,0.2,0.005,0.0
1774254700.7243967,56.600,-9999.000000,23.211018,26.0,100.0000,LOW,0.2,0.005,0.0
1774254700.794517,56.670,-9999.000000,23.215700,26.0,100.0000,LOW,0.2,0.005,0.0
1774254700.855555,56.731,-9999.000000,23.214528,26.0,100.0000,LOW,0.2,0.005,0.0
1774254700.9142542,56.790,-9999.000000,23.211407,26.0,100.0000,LOW,0.2,0.005,0.0
1774254700.984205,56.860,-9999.000000,23.208676,26.0,100.0000,LOW,0.2,0.005,0.0
1774254701.0381517,56.914,-9999.000000,23.212968,26.0,100.0000,LOW,0.2,0.005,0.0
1774254701.0953968,56.971,-9999.000000,23.211018,26.0,100.0000,LOW,0.2,0.005,0.0
1774254701.1565495,57.032,-9999.000000,23.212968,26.0,100.0000,LOW,0.2,0.005,0.0
1774254701.2247953,57.100,-9999.000000,23.211018,26.0,100.0000,LOW,0.2,0.005,0.0
1774254701.2842965,57.160,-9999.000000,23.207505,26.0,100.0000,LOW,0.2,0.005,0.0
1774254701.347818,57.223,-9999.000000,23.204773,26.0,100.0000,LOW,0.2,0.005,0.0
1774254701.4162729,57.292,-9999.000000,23.203994,26.0,100.0000,LOW,0.2,0.005,0.0
1774254701.474426,57.350,-9999.000000,23.204773,26.0,100.0000,LOW,0.2,0.005,0.0
1774254701.5444126,57.420,-9999.000000,23.205555,26.0,100.0000,LOW,0.2,0.005,0.0
1774254701.607538,57.483,-9999.000000,23.207505,26.0,100.0000,LOW,0.2,0.005,0.0
1774254701.6544502,57.530,-9999.000000,23.205555,26.0,100.0000,LOW,0.2,0.005,0.0
1774254701.7162385,57.592,-9999.000000,23.202434,26.0,100.0000,LOW,0.2,0.005,0.0
1774254701.7844274,57.660,-9999.000000,23.198921,26.0,100.0000,LOW,0.2,0.005,0.0
1774254701.8445837,57.720,-9999.000000,23.199313,26.0,100.0000,LOW,0.2,0.005,0.0
1774254701.9058907,57.781,-9999.000000,23.202823,26.0,100.0000,LOW,0.2,0.005,0.0
1774254701.9745011,57.850,-9999.000000,23.202045,26.0,100.0000,LOW,0.2,0.005,0.0
1774254702.03469,57.910,-9999.000000,23.197753,26.0,100.0000,LOW,0.2,0.005,0.0
1774254702.0946949,57.970,-9999.000000,23.195411,26.0,100.0000,LOW,0.2,0.005,0.0
1774254702.1568644,58.032,-9999.000000,23.197360,26.0,100.0000,LOW,0.2,0.005,0.0
1774254702.2260978,58.102,-9999.000000,23.199703,26.0,100.0000,LOW,0.2,0.005,0.0
1774254702.2845,58.160,-9999.000000,23.197360,26.0,100.0000,LOW,0.2,0.005,0.0
1774254702.3460743,58.222,-9999.000000,23.192290,26.0,100.0000,LOW,0.2,0.005,0.0
1774254702.4161835,58.292,-9999.000000,23.192290,26.0,100.0000,LOW,0.2,0.005,0.0
1774254702.474211,58.350,-9999.000000,23.193850,26.0,100.0000,LOW,0.2,0.005,0.0
1774254702.5342958,58.410,-9999.000000,23.196582,26.0,100.0000,LOW,0.2,0.005,0.0
1774254702.5951254,58.471,-9999.000000,23.193461,26.0,100.0000,LOW,0.2,0.005,0.0
1774254702.6544845,58.530,-9999.000000,23.195021,26.0,100.0000,LOW,0.2,0.005,0.0
1774254702.7157688,58.591,-9999.000000,23.191508,26.0,100.0000,LOW,0.2,0.005,0.0
1774254702.7859902,58.662,-9999.000000,23.187609,26.0,100.0000,LOW,0.2,0.005,0.0
1774254702.848689,58.724,-9999.000000,23.186827,26.0,100.0000,LOW,0.2,0.005,0.0
1774254702.9148061,58.790,-9999.000000,23.186438,26.0,100.0000,LOW,0.2,0.005,0.0
1774254702.9778492,58.853,-9999.000000,23.187609,26.0,100.0000,LOW,0.2,0.005,0.0
1774254703.0444276,58.920,-9999.000000,23.189559,26.0,100.0000,LOW,0.2,0.005,0.0
1774254703.1068516,58.982,-9999.000000,23.188777,26.0,100.0000,LOW,0.2,0.005,0.0
1774254703.1644943,59.040,-9999.000000,23.184096,26.0,100.0000,LOW,0.2,0.005,0.0
1774254703.234584,59.110,-9999.000000,23.182146,26.0,100.0000,LOW,0.2,0.005,0.0
1774254703.2965698,59.172,-9999.000000,23.181365,26.0,100.0000,LOW,0.2,0.005,0.0
1774254703.3635414,59.239,-9999.000000,23.183707,26.0,100.0000,LOW,0.2,0.005,0.0
1774254703.4244032,59.300,-9999.000000,23.184878,26.0,100.0000,LOW,0.2,0.005,0.0
1774254703.4847138,59.360,-9999.000000,23.184878,26.0,100.0000,LOW,0.2,0.005,0.0
1774254703.5557697,59.431,-9999.000000,23.183317,26.0,100.0000,LOW,0.2,0.005,0.0
1774254703.6161704,59.492,-9999.000000,23.179415,26.0,100.0000,LOW,0.2,0.005,0.0
1774254703.6845605,59.560,-9999.000000,23.177073,26.0,100.0000,LOW,0.2,0.005,0.0
1774254703.744695,59.620,-9999.000000,23.177466,26.0,100.0000,LOW,0.2,0.005,0.0
1774254703.8100233,59.686,-9999.000000,23.179805,26.0,100.0000,LOW,0.2,0.005,0.0
1774254703.874756,59.750,-9999.000000,23.180976,26.0,100.0000,LOW,0.2,0.005,0.0
1774254703.9242635,59.800,-9999.000000,23.180197,26.0,100.0000,LOW,0.2,0.005,0.0
1774254703.9849105,59.860,-9999.000000,23.176295,26.0,100.0000,LOW,0.2,0.005,0.0
1774254704.0443234,59.920,-9999.000000,23.172393,26.0,100.0000,LOW,0.2,0.005,0.0
1774254704.1155047,59.991,-9999.000000,23.172003,26.0,100.0000,LOW,0.2,0.005,0.0
1774254704.1760387,60.052,-9999.000000,23.175905,26.0,100.0000,LOW,0.2,0.005,0.0
1774254704.2347994,60.110,-9999.000000,23.176295,26.0,100.0000,LOW,0.2,0.005,0.0
1774254704.3047245,60.180,-9999.000000,23.174345,26.0,100.0000,LOW,0.2,0.005,0.0
1774254704.3665016,60.242,-9999.000000,23.169272,26.0,100.0000,LOW,0.2,0.005,0.0
1774254704.424328,60.300,-9999.000000,23.169272,26.0,100.0000,LOW,0.2,0.005,0.0
1774254704.4949956,60.371,-9999.000000,23.172003,26.0,100.0000,LOW,0.2,0.005,0.0
1774254704.5599413,60.436,-9999.000000,23.173174,26.0,100.0000,LOW,0.2,0.005,0.0
1774254704.6246953,60.500,-9999.000000,23.172003,26.0,100.0000,LOW,0.2,0.005,0.0
1774254704.6861348,60.562,-9999.000000,23.168491,26.0,100.0000,LOW,0.2,0.005,0.0
1774254704.7346413,60.610,-9999.000000,23.166152,26.0,100.0000,LOW,0.2,0.005,0.0
1774254704.7944007,60.670,-9999.000000,23.165763,26.0,100.0000,LOW,0.2,0.005,0.0
1774254704.8602843,60.736,-9999.000000,23.168883,26.0,100.0000,LOW,0.2,0.005,0.0
1774254704.9242373,60.800,-9999.000000,23.169662,26.0,100.0000,LOW,0.2,0.005,0.0
1774254704.9865558,60.862,-9999.000000,23.165763,26.0,100.0000,LOW,0.2,0.005,0.0
1774254705.0544436,60.930,-9999.000000,23.164203,26.0,100.0000,LOW,0.2,0.005,0.0
1774254705.1149652,60.991,-9999.000000,23.161472,26.0,100.0000,LOW,0.2,0.005,0.0
1774254705.176086,61.052,-9999.000000,23.161472,26.0,100.0000,LOW,0.2,0.005,0.0
1774254705.2460501,61.122,-9999.000000,23.164592,26.0,100.0000,LOW,0.2,0.005,0.0
1774254705.3043137,61.180,-9999.000000,23.164592,26.0,100.0000,LOW,0.2,0.005,0.0
1774254705.37361,61.249,-9999.000000,23.163421,26.0,100.0000,LOW,0.2,0.005,0.0
1774254705.4347878,61.310,-9999.000000,23.159912,26.0,100.0000,LOW,0.2,0.005,0.0
1774254705.4947643,61.370,-9999.000000,23.158349,26.0,100.0000,LOW,0.2,0.005,0.0
1774254705.554358,61.430,-9999.000000,23.161472,26.0,100.0000,LOW,0.2,0.005,0.0
1774254705.6088948,61.484,-9999.000000,23.160690,26.0,100.0000,LOW,0.2,0.005,0.0
1774254705.6747677,61.550,-9999.000000,23.162250,26.0,100.0000,LOW,0.2,0.005,0.0
1774254705.736653,61.612,-9999.000000,23.159519,26.0,100.0000,LOW,0.2,0.005,0.0
1774254705.8043027,61.680,-9999.000000,23.156399,26.0,100.0000,LOW,0.2,0.005,0.0
1774254705.8648167,61.740,-9999.000000,23.154450,26.0,100.0000,LOW,0.2,0.005,0.0
1774254705.933791,61.809,-9999.000000,23.154450,26.0,100.0000,LOW,0.2,0.005,0.0
1774254705.9943144,61.870,-9999.000000,23.156399,26.0,100.0000,LOW,0.2,0.005,0.0
1774254706.05042,61.926,-9999.000000,23.152108,26.0,100.0000,LOW,0.2,0.005,0.0
1774254706.1246326,62.000,-9999.000000,23.156788,26.0,100.0000,LOW,0.2,0.005,0.0
1774254706.173942,62.050,-9999.000000,23.154839,26.0,100.0000,LOW,0.2,0.005,0.0
1774254706.2348902,62.110,-9999.000000,23.153279,26.0,100.0000,LOW,0.2,0.005,0.0
1774254706.2943647,62.170,-9999.000000,23.149770,26.0,100.0000,LOW,0.2,0.005,0.0
1774254706.3645837,62.240,-9999.000000,23.150159,26.0,100.0000,LOW,0.2,0.005,0.0
1774254706.425909,62.301,-9999.000000,23.152890,26.0,100.0000,LOW,0.2,0.005,0.0
1774254706.4936237,62.369,-9999.000000,23.154061,26.0,100.0000,LOW,0.2,0.005,0.0
1774254706.554421,62.430,-9999.000000,23.151330,26.0,100.0000,LOW,0.2,0.005,0.0
1774254706.6143613,62.490,-9999.000000,23.148988,26.0,100.0000,LOW,0.2,0.005,0.0
1774254706.685882,62.561,-9999.000000,23.145868,26.0,100.0000,LOW,0.2,0.005,0.0
1774254706.745064,62.621,-9999.000000,23.145868,26.0,100.0000,LOW,0.2,0.005,0.0
1774254706.8143349,62.690,-9999.000000,23.148207,26.0,100.0000,LOW,0.2,0.005,0.0
1774254706.876321,62.752,-9999.000000,23.150159,26.0,100.0000,LOW,0.2,0.005,0.0
1774254706.9362876,62.812,-9999.000000,23.148988,26.0,100.0000,LOW,0.2,0.005,0.0
1774254707.0049093,62.880,-9999.000000,23.145087,26.0,100.0000,LOW,0.2,0.005,0.0
1774254707.0672066,62.943,-9999.000000,23.143527,26.0,100.0000,LOW,0.2,0.005,0.0
1774254707.1342225,63.010,-9999.000000,23.142356,26.0,100.0000,LOW,0.2,0.005,0.0
1774254707.196476,63.072,-9999.000000,23.144308,26.0,100.0000,LOW,0.2,0.005,0.0
1774254707.2546418,63.130,-9999.000000,23.145479,26.0,100.0000,LOW,0.2,0.005,0.0
1774254707.3245873,63.200,-9999.000000,23.145868,26.0,100.0000,LOW,0.2,0.005,0.0
1774254707.3863163,63.262,-9999.000000,23.143919,26.0,100.0000,LOW,0.2,0.005,0.0
1774254707.4347248,63.310,-9999.000000,23.141577,26.0,100.0000,LOW,0.2,0.005,0.0
1774254707.4963827,63.372,-9999.000000,23.137676,26.0,100.0000,LOW,0.2,0.005,0.0
1774254707.5648277,63.440,-9999.000000,23.138458,26.0,100.0000,LOW,0.2,0.005,0.0
1774254707.6242685,63.500,-9999.000000,23.141967,26.0,100.0000,LOW,0.2,0.005,0.0
1774254707.6871014,63.563,-9999.000000,23.141967,26.0,100.0000,LOW,0.2,0.005,0.0
1774254707.7560868,63.632,-9999.000000,23.139628,26.0,100.0000,LOW,0.2,0.005,0.0
1774254707.8143055,63.690,-9999.000000,23.135338,26.0,100.0000,LOW,0.2,0.005,0.0
1774254707.884232,63.760,-9999.000000,23.134556,26.0,100.0000,LOW,0.2,0.005,0.0
1774254707.9443333,63.820,-9999.000000,23.136898,26.0,100.0000,LOW,0.2,0.005,0.0
1774254708.007029,63.883,-9999.000000,23.138065,26.0,100.0000,LOW,0.2,0.005,0.0
1774254708.076319,63.952,-9999.000000,23.138458,26.0,100.0000,LOW,0.2,0.005,0.0
1774254708.1405287,64.016,-9999.000000,23.137287,26.0,100.0000,LOW,0.2,0.005,0.0
1774254708.1945918,64.070,-9999.000000,23.138065,26.0,100.0000,LOW,0.2,0.005,0.0
1774254708.266356,64.142,-9999.000000,23.131437,26.0,100.0000,LOW,0.2,0.005,0.0
1774254708.3338594,64.209,-9999.000000,23.131437,26.0,100.0000,LOW,0.2,0.005,0.0
1774254708.395025,64.271,-9999.000000,23.132607,26.0,100.0000,LOW,0.2,0.005,0.0
1774254708.4600272,64.336,-9999.000000,23.134556,26.0,100.0000,LOW,0.2,0.005,0.0
1774254708.5199869,64.396,-9999.000000,23.129095,26.0,100.0000,LOW,0.2,0.005,0.0
1774254708.5870087,64.463,-9999.000000,23.130266,26.0,100.0000,LOW,0.2,0.005,0.0
1774254708.64502,64.521,-9999.000000,23.126365,26.0,100.0000,LOW,0.2,0.005,0.0
1774254708.7144933,64.590,-9999.000000,23.126757,26.0,100.0000,LOW,0.2,0.005,0.0
1774254708.7765903,64.652,-9999.000000,23.129487,26.0,100.0000,LOW,0.2,0.005,0.0
1774254708.8442998,64.720,-9999.000000,23.131826,26.0,100.0000,LOW,0.2,0.005,0.0
1774254708.894819,64.770,-9999.000000,23.130266,26.0,100.0000,LOW,0.2,0.005,0.0
1774254708.9558227,64.831,-9999.000000,23.127535,26.0,100.0000,LOW,0.2,0.005,0.0
1774254709.0150473,64.891,-9999.000000,23.124805,26.0,100.0000,LOW,0.2,0.005,0.0
1774254709.0849621,64.961,-9999.000000,23.123637,26.0,100.0000,LOW,0.2,0.005,0.0
1774254709.1500065,65.026,-9999.000000,23.123637,26.0,100.0000,LOW,0.2,0.005,0.0
1774254709.2158742,65.091,-9999.000000,23.122856,26.0,100.0000,LOW,0.2,0.005,0.0
1774254709.2702062,65.146,-9999.000000,23.123637,26.0,100.0000,LOW,0.2,0.005,0.0
1774254709.3436828,65.219,-9999.000000,23.126365,26.0,100.0000,LOW,0.2,0.005,0.0
1774254709.4069455,65.283,-9999.000000,23.125197,26.0,100.0000,LOW,0.2,0.005,0.0
1774254709.47381,65.349,-9999.000000,23.122074,26.0,100.0000,LOW,0.2,0.005,0.0
1774254709.5356543,65.411,-9999.000000,23.119347,26.0,100.0000,LOW,0.2,0.005,0.0
1774254709.5946877,65.470,-9999.000000,23.118176,26.0,100.0000,LOW,0.2,0.005,0.0
1774254709.6648748,65.540,-9999.000000,23.118176,26.0,100.0000,LOW,0.2,0.005,0.0
1774254709.7271757,65.603,-9999.000000,23.121296,26.0,100.0000,LOW,0.2,0.005,0.0
1774254709.7948647,65.670,-9999.000000,23.121685,26.0,100.0000,LOW,0.2,0.005,0.0
1774254709.8542185,65.730,-9999.000000,23.121296,26.0,100.0000,LOW,0.2,0.005,0.0
1774254709.9162278,65.792,-9999.000000,23.117395,26.0,100.0000,LOW,0.2,0.005,0.0
1774254709.9642212,65.840,-9999.000000,23.114665,26.0,100.0000,LOW,0.2,0.005,0.0
1774254710.0347364,65.910,-9999.000000,23.114276,26.0,100.0000,LOW,0.2,0.005,0.0
1774254710.0963392,65.972,-9999.000000,23.115057,26.0,100.0000,LOW,0.2,0.005,0.0
1774254710.1640708,66.040,-9999.000000,23.117006,26.0,100.0000,LOW,0.2,0.005,0.0
1774254710.2246203,66.100,-9999.000000,23.117784,26.0,100.0000,LOW,0.2,0.005,0.0
1774254710.2870395,66.163,-9999.000000,23.115446,26.0,100.0000,LOW,0.2,0.005,0.0
1774254710.354845,66.230,-9999.000000,23.112716,26.0,100.0000,LOW,0.2,0.005,0.0
1774254710.414932,66.290,-9999.000000,23.109986,26.0,100.0000,LOW,0.2,0.005,0.0
1774254710.4810612,66.357,-9999.000000,23.111156,26.0,100.0000,LOW,0.2,0.005,0.0
1774254710.5371969,66.413,-9999.000000,23.109596,26.0,100.0000,LOW,0.2,0.005,0.0
1774254710.6064727,66.482,-9999.000000,23.114276,26.0,100.0000,LOW,0.2,0.005,0.0
1774254710.6561663,66.532,-9999.000000,23.112716,26.0,100.0000,LOW,0.2,0.005,0.0
1774254710.7149322,66.590,-9999.000000,23.108815,26.0,100.0000,LOW,0.2,0.005,0.0
1774254710.7842112,66.660,-9999.000000,23.106866,26.0,100.0000,LOW,0.2,0.005,0.0
1774254710.8467734,66.722,-9999.000000,23.106477,26.0,100.0000,LOW,0.2,0.005,0.0
1774254710.9142482,66.790,-9999.000000,23.107644,26.0,100.0000,LOW,0.2,0.005,0.0
1774254710.9761283,66.852,-9999.000000,23.109207,26.0,100.0000,LOW,0.2,0.005,0.0
1774254711.0439894,66.920,-9999.000000,23.109596,26.0,100.0000,LOW,0.2,0.005,0.0
1774254711.1043932,66.980,-9999.000000,23.108815,26.0,100.0000,LOW,0.2,0.005,0.0
1774254711.16666,67.042,-9999.000000,23.104525,26.0,100.0000,LOW,0.2,0.005,0.0
1774254711.2162938,67.092,-9999.000000,23.101795,26.0,100.0000,LOW,0.2,0.005,0.0
1774254711.2848868,67.160,-9999.000000,23.101406,26.0,100.0000,LOW,0.2,0.005,0.0
1774254711.3446703,67.220,-9999.000000,23.104136,26.0,100.0000,LOW,0.2,0.005,0.0
1774254711.4050124,67.281,-9999.000000,23.106085,26.0,100.0000,LOW,0.2,0.005,0.0
1774254711.4749277,67.350,-9999.000000,23.105696,26.0,100.0000,LOW,0.2,0.005,0.0
1774254711.536372,67.412,-9999.000000,23.102187,26.0,100.0000,LOW,0.2,0.005,0.0
1774254711.604303,67.480,-9999.000000,23.098676,26.0,100.0000,LOW,0.2,0.005,0.0
1774254711.6683145,67.544,-9999.000000,23.097505,26.0,100.0000,LOW,0.2,0.005,0.0
1774254711.7242959,67.600,-9999.000000,23.100235,26.0,100.0000,LOW,0.2,0.005,0.0
1774254711.7958853,67.671,-9999.000000,23.101017,26.0,100.0000,LOW,0.2,0.005,0.0
1774254711.8443007,67.720,-9999.000000,23.098676,26.0,100.0000,LOW,0.2,0.005,0.0
1774254711.906799,67.782,-9999.000000,23.100627,26.0,100.0000,LOW,0.2,0.005,0.0
1774254711.964789,67.840,-9999.000000,23.095946,26.0,100.0000,LOW,0.2,0.005,0.0
1774254712.0349052,67.910,-9999.000000,23.094386,26.0,100.0000,LOW,0.2,0.005,0.0
1774254712.0960715,67.972,-9999.000000,23.095946,26.0,100.0000,LOW,0.2,0.005,0.0
1774254712.1589255,68.034,-9999.000000,23.097116,26.0,100.0000,LOW,0.2,0.005,0.0
1774254712.2278175,68.103,-9999.000000,23.097897,26.0,100.0000,LOW,0.2,0.005,0.0
1774254712.2878494,68.163,-9999.000000,23.095946,26.0,100.0000,LOW,0.2,0.005,0.0
1774254712.3537743,68.229,-9999.000000,23.090878,26.0,100.0000,LOW,0.2,0.005,0.0
1774254712.414725,68.290,-9999.000000,23.091267,26.0,100.0000,LOW,0.2,0.005,0.0
1774254712.4759092,68.351,-9999.000000,23.094386,26.0,100.0000,LOW,0.2,0.005,0.0
1774254712.5434852,68.419,-9999.000000,23.093997,26.0,100.0000,LOW,0.2,0.005,0.0
1774254712.6059449,68.482,-9999.000000,23.092048,26.0,100.0000,LOW,0.2,0.005,0.0
1774254712.6649938,68.541,-9999.000000,23.088148,26.0,100.0000,LOW,0.2,0.005,0.0
1774254712.7281353,68.604,-9999.000000,23.092437,26.0,100.0000,LOW,0.2,0.005,0.0
1774254712.7767363,68.652,-9999.000000,23.087758,26.0,100.0000,LOW,0.2,0.005,0.0
1774254712.8442466,68.720,-9999.000000,23.092048,26.0,100.0000,LOW,0.2,0.005,0.0
1774254712.9064853,68.782,-9999.000000,23.090488,26.0,100.0000,LOW,0.2,0.005,0.0
1774254712.973611,68.849,-9999.000000,23.086977,26.0,100.0000,LOW,0.2,0.005,0.0
1774254713.0358298,68.911,-9999.000000,23.083469,26.0,100.0000,LOW,0.2,0.005,0.0
1774254713.096353,68.972,-9999.000000,23.084247,26.0,100.0000,LOW,0.2,0.005,0.0
1774254713.154376,69.030,-9999.000000,23.087758,26.0,100.0000,LOW,0.2,0.005,0.0
1774254713.2246213,69.100,-9999.000000,23.087758,26.0,100.0000,LOW,0.2,0.005,0.0
1774254713.2899032,69.165,-9999.000000,23.083080,26.0,100.0000,LOW,0.2,0.005,0.0
1774254713.3468149,69.222,-9999.000000,23.081128,26.0,100.0000,LOW,0.2,0.005,0.0
1774254713.4166048,69.292,-9999.000000,23.081128,26.0,100.0000,LOW,0.2,0.005,0.0
1774254713.479179,69.355,-9999.000000,23.084247,26.0,100.0000,LOW,0.2,0.005,0.0
1774254713.5437326,69.419,-9999.000000,23.083858,26.0,100.0000,LOW,0.2,0.005,0.0
1774254713.598333,69.474,-9999.000000,23.080350,26.0,100.0000,LOW,0.2,0.005,0.0
1774254713.6667397,69.542,-9999.000000,23.079958,26.0,100.0000,LOW,0.2,0.005,0.0
1774254713.734984,69.611,-9999.000000,23.076450,26.0,100.0000,LOW,0.2,0.005,0.0
1774254713.795049,69.671,-9999.000000,23.076839,26.0,100.0000,LOW,0.2,0.005,0.0
1774254713.8642392,69.740,-9999.000000,23.079180,26.0,100.0000,LOW,0.2,0.005,0.0
1774254713.9270184,69.803,-9999.000000,23.079958,26.0,100.0000,LOW,0.2,0.005,0.0
1774254713.984962,69.861,-9999.000000,23.079958,26.0,100.0000,LOW,0.2,0.005,0.0
1774254714.0562887,69.932,-9999.000000,23.075669,26.0,100.0000,LOW,0.2,0.005,0.0
1774254714.1162386,69.992,-9999.000000,23.072550,26.0,100.0000,LOW,0.2,0.005,0.0
1774254714.1844702,70.060,-9999.000000,23.072550,26.0,100.0000,LOW,0.2,0.005,0.0
1774254714.2444472,70.120,-9999.000000,23.074890,26.0,100.0000,LOW,0.2,0.005,0.0
1774254714.306866,70.182,-9999.000000,23.076839,26.0,100.0000,LOW,0.2,0.005,0.0
1774254714.3744466,70.250,-9999.000000,23.075279,26.0,100.0000,LOW,0.2,0.005,0.0
1774254714.4359367,70.312,-9999.000000,23.070990,26.0,100.0000,LOW,0.2,0.005,0.0
1774254714.4869077,70.362,-9999.000000,23.069820,26.0,100.0000,LOW,0.2,0.005,0.0
1774254714.5447283,70.420,-9999.000000,23.069820,26.0,100.0000,LOW,0.2,0.005,0.0
1774254714.614616,70.490,-9999.000000,23.072550,26.0,100.0000,LOW,0.2,0.005,0.0
1774254714.6749527,70.551,-9999.000000,23.073720,26.0,100.0000,LOW,0.2,0.005,0.0
1774254714.7405882,70.616,-9999.000000,23.071379,26.0,100.0000,LOW,0.2,0.005,0.0
1774254714.804828,70.680,-9999.000000,23.067482,26.0,100.0000,LOW,0.2,0.005,0.0
1774254714.8642457,70.740,-9999.000000,23.065531,26.0,100.0000,LOW,0.2,0.005,0.0
1774254714.9245253,70.800,-9999.000000,23.069431,26.0,100.0000,LOW,0.2,0.005,0.0
1774254714.9949276,70.870,-9999.000000,23.067090,26.0,100.0000,LOW,0.2,0.005,0.0
1774254715.0464487,70.922,-9999.000000,23.064363,26.0,100.0000,LOW,0.2,0.005,0.0
1774254715.1042058,70.980,-9999.000000,23.069042,26.0,100.0000,LOW,0.2,0.005,0.0
1774254715.1750026,71.051,-9999.000000,23.066701,26.0,100.0000,LOW,0.2,0.005,0.0
1774254715.2342396,71.110,-9999.000000,23.062412,26.0,100.0000,LOW,0.2,0.005,0.0
1774254715.2962186,71.172,-9999.000000,23.062023,26.0,100.0000,LOW,0.2,0.005,0.0
1774254715.366217,71.242,-9999.000000,23.062804,26.0,100.0000,LOW,0.2,0.005,0.0
1774254715.4273443,71.303,-9999.000000,23.064753,26.0,100.0000,LOW,0.2,0.005,0.0
1774254715.494688,71.370,-9999.000000,23.065142,26.0,100.0000,LOW,0.2,0.005,0.0
1774254715.5559297,71.431,-9999.000000,23.062412,26.0,100.0000,LOW,0.2,0.005,0.0
1774254715.614703,71.490,-9999.000000,23.059682,26.0,100.0000,LOW,0.2,0.005,0.0
1774254715.6759808,71.552,-9999.000000,23.062412,26.0,100.0000,LOW,0.2,0.005,0.0
1774254715.7479537,71.624,-9999.000000,23.057734,26.0,100.0000,LOW,0.2,0.005,0.0
1774254715.8065226,71.682,-9999.000000,23.059293,26.0,100.0000,LOW,0.2,0.005,0.0
1774254715.8602066,71.736,-9999.000000,23.062023,26.0,100.0000,LOW,0.2,0.005,0.0
1774254715.9278305,71.803,-9999.000000,23.062023,26.0,100.0000,LOW,0.2,0.005,0.0
1774254715.9846258,71.860,-9999.000000,23.059293,26.0,100.0000,LOW,0.2,0.005,0.0
1774254716.054354,71.930,-9999.000000,23.056175,26.0,100.0000,LOW,0.2,0.005,0.0
1774254716.116647,71.992,-9999.000000,23.054226,26.0,100.0000,LOW,0.2,0.005,0.0
1774254716.1743283,72.050,-9999.000000,23.056953,26.0,100.0000,LOW,0.2,0.005,0.0
1774254716.2445338,72.120,-9999.000000,23.057734,26.0,100.0000,LOW,0.2,0.005,0.0
1774254716.3042386,72.180,-9999.000000,23.058123,26.0,100.0000,LOW,0.2,0.005,0.0
1774254716.374316,72.250,-9999.000000,23.055786,26.0,100.0000,LOW,0.2,0.005,0.0
1774254716.4360442,72.312,-9999.000000,23.051105,26.0,100.0000,LOW,0.2,0.005,0.0
1774254716.4906826,72.366,-9999.000000,23.051497,26.0,100.0000,LOW,0.2,0.005,0.0
1774254716.5642319,72.440,-9999.000000,23.053834,26.0,100.0000,LOW,0.2,0.005,0.0
1774254716.6270964,72.503,-9999.000000,23.055394,26.0,100.0000,LOW,0.2,0.005,0.0
1774254716.68507,72.561,-9999.000000,23.052667,26.0,100.0000,LOW,0.2,0.005,0.0
1774254716.754278,72.630,-9999.000000,23.049156,26.0,100.0000,LOW,0.2,0.005,0.0
1774254716.816755,72.692,-9999.000000,23.046816,26.0,100.0000,LOW,0.2,0.005,0.0
1774254716.8838136,72.759,-9999.000000,23.048378,26.0,100.0000,LOW,0.2,0.005,0.0
1774254716.947221,72.823,-9999.000000,23.049545,26.0,100.0000,LOW,0.2,0.005,0.0
1774254717.000609,72.876,-9999.000000,23.046427,26.0,100.0000,LOW,0.2,0.005,0.0
1774254717.0742319,72.950,-9999.000000,23.048767,26.0,100.0000,LOW,0.2,0.005,0.0
1774254717.13622,73.012,-9999.000000,23.044868,26.0,100.0000,LOW,0.2,0.005,0.0
1774254717.1852708,73.061,-9999.000000,23.045649,26.0,100.0000,LOW,0.2,0.005,0.0
1774254717.248107,73.124,-9999.000000,23.043698,26.0,100.0000,LOW,0.2,0.005,0.0
1774254717.316496,73.192,-9999.000000,23.045257,26.0,100.0000,LOW,0.2,0.005,0.0
1774254717.3748746,73.250,-9999.000000,23.047208,26.0,100.0000,LOW,0.2,0.005,0.0
1774254717.4448128,73.320,-9999.000000,23.047208,26.0,100.0000,LOW,0.2,0.005,0.0
1774254717.5084069,73.384,-9999.000000,23.045649,26.0,100.0000,LOW,0.2,0.005,0.0
1774254717.5738287,73.449,-9999.000000,23.042138,26.0,100.0000,LOW,0.2,0.005,0.0
1774254717.6349454,73.511,-9999.000000,23.040190,26.0,100.0000,LOW,0.2,0.005,0.0
1774254717.6978393,73.573,-9999.000000,23.039409,26.0,100.0000,LOW,0.2,0.005,0.0
1774254717.7564228,73.632,-9999.000000,23.043309,26.0,100.0000,LOW,0.2,0.005,0.0
1774254717.8143306,73.690,-9999.000000,23.042919,26.0,100.0000,LOW,0.2,0.005,0.0
1774254717.8747182,73.750,-9999.000000,23.043309,26.0,100.0000,LOW,0.2,0.005,0.0
1774254717.9349818,73.811,-9999.000000,23.039020,26.0,100.0000,LOW,0.2,0.005,0.0
1774254718.004738,73.880,-9999.000000,23.036680,26.0,100.0000,LOW,0.2,0.005,0.0
1774254718.067126,73.943,-9999.000000,23.036291,26.0,100.0000,LOW,0.2,0.005,0.0
1774254718.1277463,74.003,-9999.000000,23.038242,26.0,100.0000,LOW,0.2,0.005,0.0
1774254718.1942976,74.070,-9999.000000,23.040579,26.0,100.0000,LOW,0.2,0.005,0.0
1774254718.2548032,74.130,-9999.000000,23.039801,26.0,100.0000,LOW,0.2,0.005,0.0
1774254718.3236594,74.199,-9999.000000,23.035513,26.0,100.0000,LOW,0.2,0.005,0.0
1774254718.388361,74.264,-9999.000000,23.033561,26.0,100.0000,LOW,0.2,0.005,0.0
1774254718.4442601,74.320,-9999.000000,23.032394,26.0,100.0000,LOW,0.2,0.005,0.0
1774254718.5161247,74.392,-9999.000000,23.034342,26.0,100.0000,LOW,0.2,0.005,0.0
1774254718.5694134,74.445,-9999.000000,23.031224,26.0,100.0000,LOW,0.2,0.005,0.0
1774254718.6273265,74.503,-9999.000000,23.037072,26.0,100.0000,LOW,0.2,0.005,0.0
1774254718.6912675,74.567,-9999.000000,23.032783,26.0,100.0000,LOW,0.2,0.005,0.0
1774254718.754764,74.630,-9999.000000,23.030054,26.0,100.0000,LOW,0.2,0.005,0.0
1774254718.814448,74.690,-9999.000000,23.028884,26.0,100.0000,LOW,0.2,0.005,0.0
1774254718.8848512,74.760,-9999.000000,23.028495,26.0,100.0000,LOW,0.2,0.005,0.0
1774254718.948418,74.824,-9999.000000,23.032783,26.0,100.0000,LOW,0.2,0.005,0.0
1774254719.004954,74.881,-9999.000000,23.033561,26.0,100.0000,LOW,0.2,0.005,0.0
1774254719.0747461,74.950,-9999.000000,23.030443,26.0,100.0000,LOW,0.2,0.005,0.0
1774254719.1367235,75.012,-9999.000000,23.026155,26.0,100.0000,LOW,0.2,0.005,0.0
1774254719.196109,75.072,-9999.000000,23.026544,26.0,100.0000,LOW,0.2,0.005,0.0
1774254719.267867,75.143,-9999.000000,23.026155,26.0,100.0000,LOW,0.2,0.005,0.0
1774254719.3242977,75.200,-9999.000000,23.029273,26.0,100.0000,LOW,0.2,0.005,0.0
1774254719.3946843,75.270,-9999.000000,23.030054,26.0,100.0000,LOW,0.2,0.005,0.0
1774254719.4560947,75.332,-9999.000000,23.027714,26.0,100.0000,LOW,0.2,0.005,0.0
1774254719.5249407,75.401,-9999.000000,23.025377,26.0,100.0000,LOW,0.2,0.005,0.0
1774254719.5777936,75.453,-9999.000000,23.027714,26.0,100.0000,LOW,0.2,0.005,0.0
1774254719.6470191,75.523,-9999.000000,23.022648,26.0,100.0000,LOW,0.2,0.005,0.0
1774254719.7059872,75.582,-9999.000000,23.027714,26.0,100.0000,LOW,0.2,0.005,0.0
1774254719.7745795,75.650,-9999.000000,23.026544,26.0,100.0000,LOW,0.2,0.005,0.0
1774254719.8342888,75.710,-9999.000000,23.023037,26.0,100.0000,LOW,0.2,0.005,0.0
1774254719.904637,75.780,-9999.000000,23.019919,26.0,100.0000,LOW,0.2,0.005,0.0
1774254719.9669852,75.843,-9999.000000,23.018749,26.0,100.0000,LOW,0.2,0.005,0.0
1774254720.0161948,75.892,-9999.000000,23.020697,26.0,100.0000,LOW,0.2,0.005,0.0
1774254720.0746462,75.950,-9999.000000,23.022259,26.0,100.0000,LOW,0.2,0.005,0.0
1774254720.144261,76.020,-9999.000000,23.023818,26.0,100.0000,LOW,0.2,0.005,0.0
1774254720.2045543,76.080,-9999.000000,23.019919,26.0,100.0000,LOW,0.2,0.005,0.0
1774254720.2659996,76.142,-9999.000000,23.015630,26.0,100.0000,LOW,0.2,0.005,0.0
1774254720.3343987,76.210,-9999.000000,23.016408,26.0,100.0000,LOW,0.2,0.005,0.0
1774254720.3948302,76.270,-9999.000000,23.019530,26.0,100.0000,LOW,0.2,0.005,0.0
1774254720.4561293,76.332,-9999.000000,23.020308,26.0,100.0000,LOW,0.2,0.005,0.0
1774254720.5262833,76.402,-9999.000000,23.017970,26.0,100.0000,LOW,0.2,0.005,0.0
1774254720.5849023,76.460,-9999.000000,23.014460,26.0,100.0000,LOW,0.2,0.005,0.0
1774254720.6545582,76.530,-9999.000000,23.012512,26.0,100.0000,LOW,0.2,0.005,0.0
1774254720.7080023,76.584,-9999.000000,23.017970,26.0,100.0000,LOW,0.2,0.005,0.0
1774254720.7768083,76.652,-9999.000000,23.016800,26.0,100.0000,LOW,0.2,0.005,0.0
1774254720.8264928,76.702,-9999.000000,23.017578,26.0,100.0000,LOW,0.2,0.005,0.0
1774254720.8948038,76.770,-9999.000000,23.016408,26.0,100.0000,LOW,0.2,0.005,0.0
1774254720.9548419,76.830,-9999.000000,23.011342,26.0,100.0000,LOW,0.2,0.005,0.0
1774254721.0161142,76.892,-9999.000000,23.008614,26.0,100.0000,LOW,0.2,0.005,0.0
1774254721.084999,76.961,-9999.000000,23.009783,26.0,100.0000,LOW,0.2,0.005,0.0
1774254721.1450493,77.021,-9999.000000,23.011731,26.0,100.0000,LOW,0.2,0.005,0.0
1774254721.213814,77.089,-9999.000000,23.013682,26.0,100.0000,LOW,0.2,0.005,0.0
1774254721.2747512,77.150,-9999.000000,23.012123,26.0,100.0000,LOW,0.2,0.005,0.0
1774254721.3361163,77.212,-9999.000000,23.009394,26.0,100.0000,LOW,0.2,0.005,0.0
1774254721.4060695,77.282,-9999.000000,23.005496,26.0,100.0000,LOW,0.2,0.005,0.0
1774254721.4649427,77.341,-9999.000000,23.005885,26.0,100.0000,LOW,0.2,0.005,0.0
1774254721.5246446,77.400,-9999.000000,23.007444,26.0,100.0000,LOW,0.2,0.005,0.0
1774254721.5748794,77.450,-9999.000000,23.010172,26.0,100.0000,LOW,0.2,0.005,0.0
1774254721.6448305,77.520,-9999.000000,23.009783,26.0,100.0000,LOW,0.2,0.005,0.0
1774254721.7065084,77.582,-9999.000000,23.003548,26.0,100.0000,LOW,0.2,0.005,0.0
1774254721.7646458,77.640,-9999.000000,23.002378,26.0,100.0000,LOW,0.2,0.005,0.0
1774254721.8350286,77.711,-9999.000000,23.001989,26.0,100.0000,LOW,0.2,0.005,0.0
1774254721.8979878,77.774,-9999.000000,23.007055,26.0,100.0000,LOW,0.2,0.005,0.0
1774254721.9546702,77.830,-9999.000000,23.005496,26.0,100.0000,LOW,0.2,0.005,0.0
1774254722.024612,77.900,-9999.000000,23.002378,26.0,100.0000,LOW,0.2,0.005,0.0
1774254722.0797513,77.955,-9999.000000,23.004715,26.0,100.0000,LOW,0.2,0.005,0.0
1774254722.1547859,78.030,-9999.000000,22.998090,26.0,100.0000,LOW,0.2,0.005,0.0
1774254722.208571,78.084,-9999.000000,23.001989,26.0,100.0000,LOW,0.2,0.005,0.0
1774254722.2744873,78.150,-9999.000000,23.001597,26.0,100.0000,LOW,0.2,0.005,0.0
1774254722.3450487,78.221,-9999.000000,23.002378,26.0,100.0000,LOW,0.2,0.005,0.0
1774254722.4061992,78.282,-9999.000000,23.000038,26.0,100.0000,LOW,0.2,0.005,0.0
1774254722.474929,78.350,-9999.000000,22.998090,26.0,100.0000,LOW,0.2,0.005,0.0
1774254722.5343542,78.410,-9999.000000,22.994580,26.0,100.0000,LOW,0.2,0.005,0.0
1774254722.5997872,78.475,-9999.000000,22.994580,26.0,100.0000,LOW,0.2,0.005,0.0
1774254722.6650271,78.541,-9999.000000,22.998090,26.0,100.0000,LOW,0.2,0.005,0.0
1774254722.7269924,78.603,-9999.000000,22.998479,26.0,100.0000,LOW,0.2,0.005,0.0
1774254722.7946892,78.670,-9999.000000,22.997701,26.0,100.0000,LOW,0.2,0.005,0.0
1774254722.8544188,78.730,-9999.000000,22.993022,26.0,100.0000,LOW,0.2,0.005,0.0
1774254722.9149091,78.790,-9999.000000,22.996142,26.0,100.0000,LOW,0.2,0.005,0.0
1774254722.9669044,78.842,-9999.000000,22.990685,26.0,100.0000,LOW,0.2,0.005,0.0
1774254723.0343018,78.910,-9999.000000,22.990685,26.0,100.0000,LOW,0.2,0.005,0.0
1774254723.0948217,78.970,-9999.000000,22.994972,26.0,100.0000,LOW,0.2,0.005,0.0
1774254723.154848,79.030,-9999.000000,22.993413,26.0,100.0000,LOW,0.2,0.005,0.0
1774254723.2180588,79.094,-9999.000000,22.987956,26.0,100.0000,LOW,0.2,0.005,0.0
1774254723.2869906,79.163,-9999.000000,22.987567,26.0,100.0000,LOW,0.2,0.005,0.0
1774254723.3538013,79.229,-9999.000000,22.986786,26.0,100.0000,LOW,0.2,0.005,0.0
1774254723.4150598,79.291,-9999.000000,22.989904,26.0,100.0000,LOW,0.2,0.005,0.0
1774254723.4802191,79.356,-9999.000000,22.990685,26.0,100.0000,LOW,0.2,0.005,0.0
1774254723.5439615,79.420,-9999.000000,22.987567,26.0,100.0000,LOW,0.2,0.005,0.0
1774254723.607263,79.483,-9999.000000,22.984447,26.0,100.0000,LOW,0.2,0.005,0.0
1774254723.6649902,79.541,-9999.000000,22.983280,26.0,100.0000,LOW,0.2,0.005,0.0
1774254723.734693,79.610,-9999.000000,22.983280,26.0,100.0000,LOW,0.2,0.005,0.0
1774254723.7897239,79.665,-9999.000000,22.984838,26.0,100.0000,LOW,0.2,0.005,0.0
1774254723.844715,79.720,-9999.000000,22.986786,26.0,100.0000,LOW,0.2,0.005,0.0
1774254723.9042807,79.780,-9999.000000,22.984447,26.0,100.0000,LOW,0.2,0.005,0.0
1774254723.9749298,79.850,-9999.000000,22.982110,26.0,100.0000,LOW,0.2,0.005,0.0
1774254724.0348158,79.910,-9999.000000,22.978600,26.0,100.0000,LOW,0.2,0.005,0.0
1774254724.1021092,79.978,-9999.000000,22.978992,26.0,100.0000,LOW,0.2,0.005,0.0
1774254724.1663241,80.042,-9999.000000,22.982110,26.0,100.0000,LOW,0.2,0.005,0.0
1774254724.223841,80.099,-9999.000000,22.977434,26.0,100.0000,LOW,0.2,0.005,0.0
1774254724.2859526,80.162,-9999.000000,22.978992,26.0,100.0000,LOW,0.2,0.005,0.0
1774254724.3547454,80.230,-9999.000000,22.975483,26.0,100.0000,LOW,0.2,0.005,0.0
1774254724.4064612,80.282,-9999.000000,22.979770,26.0,100.0000,LOW,0.2,0.005,0.0
1774254724.4763389,80.352,-9999.000000,22.980159,26.0,100.0000,LOW,0.2,0.005,0.0
1774254724.5346003,80.410,-9999.000000,22.977042,26.0,100.0000,LOW,0.2,0.005,0.0
1774254724.6046884,80.480,-9999.000000,22.975483,26.0,100.0000,LOW,0.2,0.005,0.0
1774254724.6737995,80.549,-9999.000000,22.972366,26.0,100.0000,LOW,0.2,0.005,0.0
1774254724.7346437,80.610,-9999.000000,22.973146,26.0,100.0000,LOW,0.2,0.005,0.0
1774254724.7963374,80.672,-9999.000000,22.975875,26.0,100.0000,LOW,0.2,0.005,0.0
1774254724.8638766,80.739,-9999.000000,22.975875,26.0,100.0000,LOW,0.2,0.005,0.0
1774254724.924672,80.800,-9999.000000,22.972754,26.0,100.0000,LOW,0.2,0.005,0.0
1774254724.9880035,80.864,-9999.000000,22.970807,26.0,100.0000,LOW,0.2,0.005,0.0
1774254725.0547397,80.930,-9999.000000,22.967690,26.0,100.0000,LOW,0.2,0.005,0.0
1774254725.1101289,80.986,-9999.000000,22.972754,26.0,100.0000,LOW,0.2,0.005,0.0
1774254725.1838317,81.059,-9999.000000,22.971588,26.0,100.0000,LOW,0.2,0.005,0.0
1774254725.2391014,81.115,-9999.000000,22.966131,26.0,100.0000,LOW,0.2,0.005,0.0
1774254725.3139803,81.190,-9999.000000,22.971196,26.0,100.0000,LOW,0.2,0.005,0.0
1774254725.377886,81.253,-9999.000000,22.970026,26.0,100.0000,LOW,0.2,0.005,0.0
1774254725.4347303,81.310,-9999.000000,22.966520,26.0,100.0000,LOW,0.2,0.005,0.0
1774254725.5063028,81.382,-9999.000000,22.963014,26.0,100.0000,LOW,0.2,0.005,0.0
1774254725.5665214,81.442,-9999.000000,22.963402,26.0,100.0000,LOW,0.2,0.005,0.0
1774254725.634068,81.510,-9999.000000,22.966909,26.0,100.0000,LOW,0.2,0.005,0.0
1774254725.6942554,81.570,-9999.000000,22.967690,26.0,100.0000,LOW,0.2,0.005,0.0
1774254725.7547314,81.630,-9999.000000,22.966131,26.0,100.0000,LOW,0.2,0.005,0.0
1774254725.8245199,81.700,-9999.000000,22.963402,26.0,100.0000,LOW,0.2,0.005,0.0
1774254725.8861277,81.762,-9999.000000,22.959893,26.0,100.0000,LOW,0.2,0.005,0.0
1774254725.956029,81.832,-9999.000000,22.958727,26.0,100.0000,LOW,0.2,0.005,0.0
1774254726.0148892,81.890,-9999.000000,22.961455,26.0,100.0000,LOW,0.2,0.005,0.0
1774254726.076437,81.952,-9999.000000,22.963791,26.0,100.0000,LOW,0.2,0.005,0.0
1774254726.1463277,82.022,-9999.000000,22.962622,26.0,100.0000,LOW,0.2,0.005,0.0
1774254726.208871,82.084,-9999.000000,22.959893,26.0,100.0000,LOW,0.2,0.005,0.0
1774254726.274785,82.150,-9999.000000,22.957557,26.0,100.0000,LOW,0.2,0.005,0.0
1774254726.3348274,82.210,-9999.000000,22.955998,26.0,100.0000,LOW,0.2,0.005,0.0
1774254726.39609,82.272,-9999.000000,22.959893,26.0,100.0000,LOW,0.2,0.005,0.0
1774254726.464658,82.340,-9999.000000,22.960285,26.0,100.0000,LOW,0.2,0.005,0.0
1774254726.5246313,82.400,-9999.000000,22.958335,26.0,100.0000,LOW,0.2,0.005,0.0
1774254726.5867462,82.462,-9999.000000,22.954829,26.0,100.0000,LOW,0.2,0.005,0.0
1774254726.6564393,82.532,-9999.000000,22.953270,26.0,100.0000,LOW,0.2,0.005,0.0
1774254726.714491,82.590,-9999.000000,22.956387,26.0,100.0000,LOW,0.2,0.005,0.0
1774254726.7747688,82.650,-9999.000000,22.956776,26.0,100.0000,LOW,0.2,0.005,0.0
1774254726.844918,82.720,-9999.000000,22.956776,26.0,100.0000,LOW,0.2,0.005,0.0
1774254726.9064326,82.782,-9999.000000,22.951712,26.0,100.0000,LOW,0.2,0.005,0.0
1774254726.9649959,82.841,-9999.000000,22.950153,26.0,100.0000,LOW,0.2,0.005,0.0
1774254727.0349023,82.910,-9999.000000,22.952101,26.0,100.0000,LOW,0.2,0.005,0.0
1774254727.094863,82.970,-9999.000000,22.954440,26.0,100.0000,LOW,0.2,0.005,0.0
1774254727.1550548,83.031,-9999.000000,22.952881,26.0,100.0000,LOW,0.2,0.005,0.0
1774254727.225961,83.102,-9999.000000,22.950153,26.0,100.0000,LOW,0.2,0.005,0.0
1774254727.288064,83.164,-9999.000000,22.947814,26.0,100.0000,LOW,0.2,0.005,0.0
1774254727.3538098,83.229,-9999.000000,22.948595,26.0,100.0000,LOW,0.2,0.005,0.0
1774254727.4179504,83.294,-9999.000000,22.948983,26.0,100.0000,LOW,0.2,0.005,0.0
1774254727.4735968,83.349,-9999.000000,22.945478,26.0,100.0000,LOW,0.2,0.005,0.0
1774254727.5482,83.424,-9999.000000,22.951323,26.0,100.0000,LOW,0.2,0.005,0.0
1774254727.610014,83.486,-9999.000000,22.948983,26.0,100.0000,LOW,0.2,0.005,0.0
1774254727.6766407,83.552,-9999.000000,22.947036,26.0,100.0000,LOW,0.2,0.005,0.0
1774254727.7369452,83.613,-9999.000000,22.945086,26.0,100.0000,LOW,0.2,0.005,0.0
1774254727.8044267,83.680,-9999.000000,22.942749,26.0,100.0000,LOW,0.2,0.005,0.0
1774254727.866575,83.742,-9999.000000,22.944697,26.0,100.0000,LOW,0.2,0.005,0.0
1774254727.9341462,83.810,-9999.000000,22.945866,26.0,100.0000,LOW,0.2,0.005,0.0
1774254727.9945102,83.870,-9999.000000,22.946644,26.0,100.0000,LOW,0.2,0.005,0.0
1774254728.064355,83.940,-9999.000000,22.946255,26.0,100.0000,LOW,0.2,0.005,0.0
1774254728.124514,84.000,-9999.000000,22.943916,26.0,100.0000,LOW,0.2,0.005,0.0
1774254728.1882222,84.064,-9999.000000,22.940410,26.0,100.0000,LOW,0.2,0.005,0.0
1774254728.2550924,84.131,-9999.000000,22.939241,26.0,100.0000,LOW,0.2,0.005,0.0
1774254728.314442,84.190,-9999.000000,22.941969,26.0,100.0000,LOW,0.2,0.005,0.0
1774254728.3763957,84.252,-9999.000000,22.943916,26.0,100.0000,LOW,0.2,0.005,0.0
1774254728.446928,84.322,-9999.000000,22.942749,26.0,100.0000,LOW,0.2,0.005,0.0
1774254728.5106273,84.386,-9999.000000,22.939630,26.0,100.0000,LOW,0.2,0.005,0.0
1774254728.5738902,84.449,-9999.000000,22.936124,26.0,100.0000,LOW,0.2,0.005,0.0
1774254728.6361206,84.512,-9999.000000,22.936904,26.0,100.0000,LOW,0.2,0.005,0.0
1774254728.6909502,84.567,-9999.000000,22.935735,26.0,100.0000,LOW,0.2,0.005,0.0
1774254728.7648797,84.640,-9999.000000,22.940410,26.0,100.0000,LOW,0.2,0.005,0.0
1774254728.820409,84.696,-9999.000000,22.934565,26.0,100.0000,LOW,0.2,0.005,0.0
1774254728.8746789,84.750,-9999.000000,22.937293,26.0,100.0000,LOW,0.2,0.005,0.0
1774254728.9379218,84.813,-9999.000000,22.934176,26.0,100.0000,LOW,0.2,0.005,0.0
1774254729.0043192,84.880,-9999.000000,22.933396,26.0,100.0000,LOW,0.2,0.005,0.0
1774254729.0680707,84.944,-9999.000000,22.934954,26.0,100.0000,LOW,0.2,0.005,0.0
1774254729.133638,85.009,-9999.000000,22.936904,26.0,100.0000,LOW,0.2,0.005,0.0
1774254729.1943605,85.070,-9999.000000,22.937293,26.0,100.0000,LOW,0.2,0.005,0.0
1774254729.2561607,85.132,-9999.000000,22.934565,26.0,100.0000,LOW,0.2,0.005,0.0
1774254729.3242378,85.200,-9999.000000,22.930668,26.0,100.0000,LOW,0.2,0.005,0.0
1774254729.384801,85.260,-9999.000000,22.929890,26.0,100.0000,LOW,0.2,0.005,0.0
1774254729.4448097,85.320,-9999.000000,22.933785,26.0,100.0000,LOW,0.2,0.005,0.0
1774254729.5148757,85.390,-9999.000000,22.935346,26.0,100.0000,LOW,0.2,0.005,0.0
1774254729.5644228,85.440,-9999.000000,22.934176,26.0,100.0000,LOW,0.2,0.005,0.0
1774254729.6263645,85.502,-9999.000000,22.931837,26.0,100.0000,LOW,0.2,0.005,0.0
1774254729.6843574,85.560,-9999.000000,22.929498,26.0,100.0000,LOW,0.2,0.005,0.0
1774254729.7546985,85.630,-9999.000000,22.926773,26.0,100.0000,LOW,0.2,0.005,0.0
1774254729.8160665,85.692,-9999.000000,22.930279,26.0,100.0000,LOW,0.2,0.005,0.0
1774254729.8744056,85.750,-9999.000000,22.932226,26.0,100.0000,LOW,0.2,0.005,0.0
1774254729.9444418,85.820,-9999.000000,22.929498,26.0,100.0000,LOW,0.2,0.005,0.0
1774254730.0045295,85.880,-9999.000000,22.925215,26.0,100.0000,LOW,0.2,0.005,0.0
1774254730.066332,85.942,-9999.000000,22.926773,26.0,100.0000,LOW,0.2,0.005,0.0
1774254730.1344063,86.010,-9999.000000,22.929498,26.0,100.0000,LOW,0.2,0.005,0.0
1774254730.1942682,86.070,-9999.000000,22.929890,26.0,100.0000,LOW,0.2,0.005,0.0
1774254730.2561264,86.132,-9999.000000,22.923654,26.0,100.0000,LOW,0.2,0.005,0.0
1774254730.3225667,86.198,-9999.000000,22.923654,26.0,100.0000,LOW,0.2,0.005,0.0
1774254730.3845153,86.260,-9999.000000,22.925604,26.0,100.0000,LOW,0.2,0.005,0.0
1774254730.4442532,86.320,-9999.000000,22.927940,26.0,100.0000,LOW,0.2,0.005,0.0
1774254730.5123417,86.388,-9999.000000,22.926382,26.0,100.0000,LOW,0.2,0.005,0.0
1774254730.5735755,86.449,-9999.000000,22.920929,26.0,100.0000,LOW,0.2,0.005,0.0
1774254730.6383703,86.514,-9999.000000,22.921318,26.0,100.0000,LOW,0.2,0.005,0.0
1774254730.696085,86.572,-9999.000000,22.924046,26.0,100.0000,LOW,0.2,0.005,0.0
1774254730.7545147,86.630,-9999.000000,22.919368,26.0,100.0000,LOW,0.2,0.005,0.0
1774254730.8245685,86.700,-9999.000000,22.922876,26.0,100.0000,LOW,0.2,0.005,0.0
1774254730.8842967,86.760,-9999.000000,22.918979,26.0,100.0000,LOW,0.2,0.005,0.0
1774254730.953781,86.829,-9999.000000,22.919759,26.0,100.0000,LOW,0.2,0.005,0.0
1774254731.0036185,86.879,-9999.000000,22.919368,26.0,100.0000,LOW,0.2,0.005,0.0
1774254731.0649817,86.941,-9999.000000,22.923654,26.0,100.0000,LOW,0.2,0.005,0.0
1774254731.1250741,87.001,-9999.000000,22.920929,26.0,100.0000,LOW,0.2,0.005,0.0
1774254731.1937056,87.069,-9999.000000,22.917809,26.0,100.0000,LOW,0.2,0.005,0.0
1774254731.247045,87.123,-9999.000000,22.920537,26.0,100.0000,LOW,0.2,0.005,0.0
1774254731.317989,87.194,-9999.000000,22.918979,26.0,100.0000,LOW,0.2,0.005,0.0
1774254731.384127,87.260,-9999.000000,22.921318,26.0,100.0000,LOW,0.2,0.005,0.0
1774254731.448117,87.324,-9999.000000,22.921318,26.0,100.0000,LOW,0.2,0.005,0.0
1774254731.5041401,87.380,-9999.000000,22.916643,26.0,100.0000,LOW,0.2,0.005,0.0
1774254731.5748372,87.450,-9999.000000,22.915084,26.0,100.0000,LOW,0.2,0.005,0.0
1774254731.6347525,87.510,-9999.000000,22.913915,26.0,100.0000,LOW,0.2,0.005,0.0
1774254731.6958241,87.571,-9999.000000,22.918201,26.0,100.0000,LOW,0.2,0.005,0.0
1774254731.744203,87.620,-9999.000000,22.917032,26.0,100.0000,LOW,0.2,0.005,0.0
1774254731.8150463,87.691,-9999.000000,22.918590,26.0,100.0000,LOW,0.2,0.005,0.0
1774254731.8767068,87.752,-9999.000000,22.915862,26.0,100.0000,LOW,0.2,0.005,0.0
1774254731.9436996,87.819,-9999.000000,22.913134,26.0,100.0000,LOW,0.2,0.005,0.0
1774254732.0049846,87.881,-9999.000000,22.911187,26.0,100.0000,LOW,0.2,0.005,0.0
1774254732.0679238,87.943,-9999.000000,22.910799,26.0,100.0000,LOW,0.2,0.005,0.0
1774254732.1364548,88.012,-9999.000000,22.912746,26.0,100.0000,LOW,0.2,0.005,0.0
1774254732.194218,88.070,-9999.000000,22.915084,26.0,100.0000,LOW,0.2,0.005,0.0
1774254732.2545905,88.130,-9999.000000,22.910018,26.0,100.0000,LOW,0.2,0.005,0.0
1774254732.3247547,88.200,-9999.000000,22.912357,26.0,100.0000,LOW,0.2,0.005,0.0
1774254732.3865426,88.262,-9999.000000,22.908849,26.0,100.0000,LOW,0.2,0.005,0.0
1774254732.4564729,88.332,-9999.000000,22.907679,26.0,100.0000,LOW,0.2,0.005,0.0
1774254732.516187,88.392,-9999.000000,22.907679,26.0,100.0000,LOW,0.2,0.005,0.0
1774254732.585901,88.461,-9999.000000,22.910407,26.0,100.0000,LOW,0.2,0.005,0.0
1774254732.648275,88.524,-9999.000000,22.911965,26.0,100.0000,LOW,0.2,0.005,0.0
1774254732.7148361,88.590,-9999.000000,22.911187,26.0,100.0000,LOW,0.2,0.005,0.0
1774254732.774522,88.650,-9999.000000,22.908071,26.0,100.0000,LOW,0.2,0.005,0.0
1774254732.8411863,88.717,-9999.000000,22.904954,26.0,100.0000,LOW,0.2,0.005,0.0
1774254732.8971527,88.773,-9999.000000,22.910407,26.0,100.0000,LOW,0.2,0.005,0.0
1774254732.9665616,88.842,-9999.000000,22.906513,26.0,100.0000,LOW,0.2,0.005,0.0
1774254733.0348265,88.910,-9999.000000,22.908071,26.0,100.0000,LOW,0.2,0.005,0.0
1774254733.09429,88.970,-9999.000000,22.908071,26.0,100.0000,LOW,0.2,0.005,0.0
1774254733.1566632,89.032,-9999.000000,22.905343,26.0,100.0000,LOW,0.2,0.005,0.0
1774254733.22486,89.100,-9999.000000,22.901446,26.0,100.0000,LOW,0.2,0.005,0.0
1774254733.2848978,89.160,-9999.000000,22.901446,26.0,100.0000,LOW,0.2,0.005,0.0
1774254733.3544757,89.230,-9999.000000,22.903785,26.0,100.0000,LOW,0.2,0.005,0.0
1774254733.4179895,89.294,-9999.000000,22.906121,26.0,100.0000,LOW,0.2,0.005,0.0
1774254733.474409,89.350,-9999.000000,22.906513,26.0,100.0000,LOW,0.2,0.005,0.0
1774254733.544442,89.420,-9999.000000,22.904174,26.0,100.0000,LOW,0.2,0.005,0.0
1774254733.6048048,89.480,-9999.000000,22.899108,26.0,100.0000,LOW,0.2,0.005,0.0
1774254733.6663017,89.542,-9999.000000,22.901057,26.0,100.0000,LOW,0.2,0.005,0.0
1774254733.733855,89.609,-9999.000000,22.904174,26.0,100.0000,LOW,0.2,0.005,0.0
1774254733.7942827,89.670,-9999.000000,22.903393,26.0,100.0000,LOW,0.2,0.005,0.0
1774254733.8445978,89.720,-9999.000000,22.901446,26.0,100.0000,LOW,0.2,0.005,0.0
1774254733.9049,89.780,-9999.000000,22.898330,26.0,100.0000,LOW,0.2,0.005,0.0
1774254733.9742107,89.850,-9999.000000,22.896383,26.0,100.0000,LOW,0.2,0.005,0.0
1774254734.0361717,89.912,-9999.000000,22.897161,26.0,100.0000,LOW,0.2,0.005,0.0
1774254734.0978012,89.973,-9999.000000,22.901057,26.0,100.0000,LOW,0.2,0.005,0.0
1774254734.1643121,90.040,-9999.000000,22.901446,26.0,100.0000,LOW,0.2,0.005,0.0
1774254734.2271867,90.103,-9999.000000,22.899888,26.0,100.0000,LOW,0.2,0.005,0.0
1774254734.294111,90.170,-9999.000000,22.895602,26.0,100.0000,LOW,0.2,0.005,0.0
1774254734.3450363,90.221,-9999.000000,22.897549,26.0,100.0000,LOW,0.2,0.005,0.0
1774254734.4195044,90.295,-9999.000000,22.894433,26.0,100.0000,LOW,0.2,0.005,0.0
1774254734.4650927,90.341,-9999.000000,22.895991,26.0,100.0000,LOW,0.2,0.005,0.0
1774254734.5343497,90.410,-9999.000000,22.898330,26.0,100.0000,LOW,0.2,0.005,0.0
1774254734.5965583,90.472,-9999.000000,22.897161,26.0,100.0000,LOW,0.2,0.005,0.0
1774254734.6547036,90.530,-9999.000000,22.894044,26.0,100.0000,LOW,0.2,0.005,0.0
1774254734.7245617,90.600,-9999.000000,22.890539,26.0,100.0000,LOW,0.2,0.005,0.0
1774254734.7886584,90.664,-9999.000000,22.892097,26.0,100.0000,LOW,0.2,0.005,0.0
1774254734.8448546,90.720,-9999.000000,22.896772,26.0,100.0000,LOW,0.2,0.005,0.0
1774254734.9147289,90.790,-9999.000000,22.894433,26.0,100.0000,LOW,0.2,0.005,0.0
1774254734.974863,90.850,-9999.000000,22.892486,26.0,100.0000,LOW,0.2,0.005,0.0
1774254735.0367138,90.912,-9999.000000,22.888589,26.0,100.0000,LOW,0.2,0.005,0.0
1774254735.0966334,90.972,-9999.000000,22.892486,26.0,100.0000,LOW,0.2,0.005,0.0
1774254735.1647654,91.040,-9999.000000,22.888201,26.0,100.0000,LOW,0.2,0.005,0.0
1774254735.2346203,91.110,-9999.000000,22.890539,26.0,100.0000,LOW,0.2,0.005,0.0
1774254735.296682,91.172,-9999.000000,22.892875,26.0,100.0000,LOW,0.2,0.005,0.0
1774254735.3643816,91.240,-9999.000000,22.890539,26.0,100.0000,LOW,0.2,0.005,0.0
1774254735.4244432,91.300,-9999.000000,22.887812,26.0,100.0000,LOW,0.2,0.005,0.0
1774254735.493532,91.369,-9999.000000,22.884696,26.0,100.0000,LOW,0.2,0.005,0.0
1774254735.5543897,91.430,-9999.000000,22.885473,26.0,100.0000,LOW,0.2,0.005,0.0
1774254735.6146586,91.490,-9999.000000,22.886643,26.0,100.0000,LOW,0.2,0.005,0.0
1774254735.6746235,91.550,-9999.000000,22.883527,26.0,100.0000,LOW,0.2,0.005,0.0
1774254735.7443337,91.620,-9999.000000,22.888978,26.0,100.0000,LOW,0.2,0.005,0.0
1774254735.814119,91.690,-9999.000000,22.886643,26.0,100.0000,LOW,0.2,0.005,0.0
1774254735.864992,91.741,-9999.000000,22.887812,26.0,100.0000,LOW,0.2,0.005,0.0
1774254735.9261258,91.802,-9999.000000,22.881188,26.0,100.0000,LOW,0.2,0.005,0.0
1774254735.987061,91.863,-9999.000000,22.881577,26.0,100.0000,LOW,0.2,0.005,0.0
1774254736.0557783,91.931,-9999.000000,22.880799,26.0,100.0000,LOW,0.2,0.005,0.0
1774254736.1170626,91.993,-9999.000000,22.884696,26.0,100.0000,LOW,0.2,0.005,0.0
1774254736.1841898,92.060,-9999.000000,22.885473,26.0,100.0000,LOW,0.2,0.005,0.0
1774254736.2482352,92.124,-9999.000000,22.884696,26.0,100.0000,LOW,0.2,0.005,0.0
1774254736.2943344,92.170,-9999.000000,22.883915,26.0,100.0000,LOW,0.2,0.005,0.0
1774254736.3578553,92.233,-9999.000000,22.880799,26.0,100.0000,LOW,0.2,0.005,0.0
1774254736.4269278,92.302,-9999.000000,22.878461,26.0,100.0000,LOW,0.2,0.005,0.0
1774254736.484614,92.360,-9999.000000,22.877291,26.0,100.0000,LOW,0.2,0.005,0.0
1774254736.5546336,92.430,-9999.000000,22.879241,26.0,100.0000,LOW,0.2,0.005,0.0
1774254736.6146495,92.490,-9999.000000,22.881968,26.0,100.0000,LOW,0.2,0.005,0.0
1774254736.6743565,92.550,-9999.000000,22.880019,26.0,100.0000,LOW,0.2,0.005,0.0
1774254736.7438262,92.619,-9999.000000,22.876125,26.0,100.0000,LOW,0.2,0.005,0.0
1774254736.7970438,92.673,-9999.000000,22.879241,26.0,100.0000,LOW,0.2,0.005,0.0
1774254736.8642788,92.740,-9999.000000,22.878072,26.0,100.0000,LOW,0.2,0.005,0.0
1774254736.9252841,92.801,-9999.000000,22.880019,26.0,100.0000,LOW,0.2,0.005,0.0
1774254736.9873676,92.863,-9999.000000,22.873006,26.0,100.0000,LOW,0.2,0.005,0.0
1774254737.059054,92.935,-9999.000000,22.873398,26.0,100.0000,LOW,0.2,0.005,0.0
1774254737.1236796,92.999,-9999.000000,22.872617,26.0,100.0000,LOW,0.2,0.005,0.0
1774254737.1845214,93.060,-9999.000000,22.875345,26.0,100.0000,LOW,0.2,0.005,0.0
1774254737.2462215,93.122,-9999.000000,22.877291,26.0,100.0000,LOW,0.2,0.005,0.0
1774254737.2946382,93.170,-9999.000000,22.877683,26.0,100.0000,LOW,0.2,0.005,0.0
1774254737.3743896,93.250,-9999.000000,22.870671,26.0,100.0000,LOW,0.2,0.005,0.0
1774254737.426137,93.302,-9999.000000,22.870282,26.0,100.0000,LOW,0.2,0.005,0.0
1774254737.4859273,93.361,-9999.000000,22.874567,26.0,100.0000,LOW,0.2,0.005,0.0
1774254737.547957,93.424,-9999.000000,22.875345,26.0,100.0000,LOW,0.2,0.005,0.0
1774254737.6136048,93.489,-9999.000000,22.872617,26.0,100.0000,LOW,0.2,0.005,0.0
1774254737.6743603,93.550,-9999.000000,22.869113,26.0,100.0000,LOW,0.2,0.005,0.0
1774254737.738022,93.614,-9999.000000,22.868332,26.0,100.0000,LOW,0.2,0.005,0.0
1774254737.795935,93.672,-9999.000000,22.871448,26.0,100.0000,LOW,0.2,0.005,0.0
1774254737.8647099,93.740,-9999.000000,22.872229,26.0,100.0000,LOW,0.2,0.005,0.0
1774254737.92624,93.802,-9999.000000,22.869113,26.0,100.0000,LOW,0.2,0.005,0.0
1774254737.9878366,93.863,-9999.000000,22.866386,26.0,100.0000,LOW,0.2,0.005,0.0
1774254738.0563054,93.932,-9999.000000,22.866774,26.0,100.0000,LOW,0.2,0.005,0.0
1774254738.114945,93.991,-9999.000000,22.866774,26.0,100.0000,LOW,0.2,0.005,0.0
1774254738.1847637,94.060,-9999.000000,22.868721,26.0,100.0000,LOW,0.2,0.005,0.0
1774254738.234895,94.110,-9999.000000,22.869113,26.0,100.0000,LOW,0.2,0.005,0.0
1774254738.2944357,94.170,-9999.000000,22.870282,26.0,100.0000,LOW,0.2,0.005,0.0
1774254738.3636653,94.239,-9999.000000,22.868721,26.0,100.0000,LOW,0.2,0.005,0.0
1774254738.42753,94.303,-9999.000000,22.866386,26.0,100.0000,LOW,0.2,0.005,0.0
1774254738.4844658,94.360,-9999.000000,22.862878,26.0,100.0000,LOW,0.2,0.005,0.0
1774254738.5466435,94.422,-9999.000000,22.868721,26.0,100.0000,LOW,0.2,0.005,0.0
1774254738.6180272,94.494,-9999.000000,22.865605,26.0,100.0000,LOW,0.2,0.005,0.0
1774254738.684758,94.560,-9999.000000,22.868332,26.0,100.0000,LOW,0.2,0.005,0.0
1774254738.7443485,94.620,-9999.000000,22.866774,26.0,100.0000,LOW,0.2,0.005,0.0
1774254738.80159,94.677,-9999.000000,22.867163,26.0,100.0000,LOW,0.2,0.005,0.0
1774254738.8761244,94.752,-9999.000000,22.860932,26.0,100.0000,LOW,0.2,0.005,0.0
1774254738.9348454,94.810,-9999.000000,22.860932,26.0,100.0000,LOW,0.2,0.005,0.0
1774254739.0036166,94.879,-9999.000000,22.862489,26.0,100.0000,LOW,0.2,0.005,0.0
1774254739.0643241,94.940,-9999.000000,22.865216,26.0,100.0000,LOW,0.2,0.005,0.0
1774254739.128965,95.005,-9999.000000,22.862878,26.0,100.0000,LOW,0.2,0.005,0.0
1774254739.1949117,95.070,-9999.000000,22.860154,26.0,100.0000,LOW,0.2,0.005,0.0
1774254739.2582355,95.134,-9999.000000,22.857816,26.0,100.0000,LOW,0.2,0.005,0.0
1774254739.3225129,95.198,-9999.000000,22.858985,26.0,100.0000,LOW,0.2,0.005,0.0
1774254739.3843307,95.260,-9999.000000,22.861712,26.0,100.0000,LOW,0.2,0.005,0.0
1774254739.4479105,95.323,-9999.000000,22.862878,26.0,100.0000,LOW,0.2,0.005,0.0
1774254739.514098,95.390,-9999.000000,22.860543,26.0,100.0000,LOW,0.2,0.005,0.0
1774254739.5742738,95.450,-9999.000000,22.857035,26.0,100.0000,LOW,0.2,0.005,0.0
1774254739.6343474,95.510,-9999.000000,22.860543,26.0,100.0000,LOW,0.2,0.005,0.0
1774254739.6843255,95.560,-9999.000000,22.855869,26.0,100.0000,LOW,0.2,0.005,0.0
1774254739.7537508,95.629,-9999.000000,22.858205,26.0,100.0000,LOW,0.2,0.005,0.0
1774254739.8146944,95.690,-9999.000000,22.859374,26.0,100.0000,LOW,0.2,0.005,0.0
1774254739.8747945,95.750,-9999.000000,22.856258,26.0,100.0000,LOW,0.2,0.005,0.0
1774254739.9359047,95.811,-9999.000000,22.853531,26.0,100.0000,LOW,0.2,0.005,0.0
1774254740.004965,95.881,-9999.000000,22.852751,26.0,100.0000,LOW,0.2,0.005,0.0
1774254740.0761018,95.952,-9999.000000,22.851973,26.0,100.0000,LOW,0.2,0.005,0.0
1774254740.1343944,96.010,-9999.000000,22.851584,26.0,100.0000,LOW,0.2,0.005,0.0
1774254740.2036307,96.079,-9999.000000,22.854700,26.0,100.0000,LOW,0.2,0.005,0.0
1774254740.2663352,96.142,-9999.000000,22.856258,26.0,100.0000,LOW,0.2,0.005,0.0
1774254740.3136773,96.189,-9999.000000,22.855478,26.0,100.0000,LOW,0.2,0.005,0.0
1774254740.3761764,96.252,-9999.000000,22.851193,26.0,100.0000,LOW,0.2,0.005,0.0
1774254740.4394364,96.315,-9999.000000,22.849635,26.0,100.0000,LOW,0.2,0.005,0.0
1774254740.5043466,96.380,-9999.000000,22.852751,26.0,100.0000,LOW,0.2,0.005,0.0
1774254740.567068,96.443,-9999.000000,22.853920,26.0,100.0000,LOW,0.2,0.005,0.0
1774254740.6242847,96.500,-9999.000000,22.853920,26.0,100.0000,LOW,0.2,0.005,0.0
1774254740.6945362,96.570,-9999.000000,22.850804,26.0,100.0000,LOW,0.2,0.005,0.0
1774254740.754739,96.630,-9999.000000,22.848077,26.0,100.0000,LOW,0.2,0.005,0.0
1774254740.8240023,96.700,-9999.000000,22.846519,26.0,100.0000,LOW,0.2,0.005,0.0
1774254740.886277,96.762,-9999.000000,22.849246,26.0,100.0000,LOW,0.2,0.005,0.0
1774254740.9506404,96.826,-9999.000000,22.851584,26.0,100.0000,LOW,0.2,0.005,0.0
1774254741.0143127,96.890,-9999.000000,22.850804,26.0,100.0000,LOW,0.2,0.005,0.0
1774254741.0649214,96.940,-9999.000000,22.849246,26.0,100.0000,LOW,0.2,0.005,0.0
1774254741.1277268,97.003,-9999.000000,22.847300,26.0,100.0000,LOW,0.2,0.005,0.0
1774254741.1936393,97.069,-9999.000000,22.844184,26.0,100.0000,LOW,0.2,0.005,0.0
1774254741.255879,97.131,-9999.000000,22.844573,26.0,100.0000,LOW,0.2,0.005,0.0
1774254741.3209448,97.197,-9999.000000,22.847300,26.0,100.0000,LOW,0.2,0.005,0.0
1774254741.3849611,97.261,-9999.000000,22.848466,26.0,100.0000,LOW,0.2,0.005,0.0
1774254741.4481797,97.324,-9999.000000,22.847688,26.0,100.0000,LOW,0.2,0.005,0.0
1774254741.5045266,97.380,-9999.000000,22.842623,26.0,100.0000,LOW,0.2,0.005,0.0
1774254741.5743437,97.450,-9999.000000,22.841457,26.0,100.0000,LOW,0.2,0.005,0.0
1774254741.636621,97.512,-9999.000000,22.843404,26.0,100.0000,LOW,0.2,0.005,0.0
1774254741.6964376,97.572,-9999.000000,22.845742,26.0,100.0000,LOW,0.2,0.005,0.0
1774254741.748554,97.624,-9999.000000,22.846131,26.0,100.0000,LOW,0.2,0.005,0.0
1774254741.8283253,97.704,-9999.000000,22.844184,26.0,100.0000,LOW,0.2,0.005,0.0
1774254741.8942666,97.770,-9999.000000,22.840677,26.0,100.0000,LOW,0.2,0.005,0.0
1774254741.9558496,97.831,-9999.000000,22.838339,26.0,100.0000,LOW,0.2,0.005,0.0
1774254742.0236897,97.899,-9999.000000,22.838731,26.0,100.0000,LOW,0.2,0.005,0.0
1774254742.0848844,97.960,-9999.000000,22.840288,26.0,100.0000,LOW,0.2,0.005,0.0
1774254742.1465397,98.022,-9999.000000,22.842623,26.0,100.0000,LOW,0.2,0.005,0.0
1774254742.2155557,98.091,-9999.000000,22.841846,26.0,100.0000,LOW,0.2,0.005,0.0
1774254742.2750318,98.151,-9999.000000,22.839119,26.0,100.0000,LOW,0.2,0.005,0.0
1774254742.3410854,98.217,-9999.000000,22.836392,26.0,100.0000,LOW,0.2,0.005,0.0
1774254742.4048913,98.280,-9999.000000,22.836392,26.0,100.0000,LOW,0.2,0.005,0.0
1774254742.4542556,98.330,-9999.000000,22.838339,26.0,100.0000,LOW,0.2,0.005,0.0
1774254742.5165617,98.392,-9999.000000,22.840677,26.0,100.0000,LOW,0.2,0.005,0.0
1774254742.5780523,98.454,-9999.000000,22.839119,26.0,100.0000,LOW,0.2,0.005,0.0
1774254742.6443033,98.520,-9999.000000,22.835223,26.0,100.0000,LOW,0.2,0.005,0.0
1774254742.7046108,98.580,-9999.000000,22.833277,26.0,100.0000,LOW,0.2,0.005,0.0
1774254742.7743661,98.650,-9999.000000,22.832888,26.0,100.0000,LOW,0.2,0.005,0.0
1774254742.8377109,98.713,-9999.000000,22.836392,26.0,100.0000,LOW,0.2,0.005,0.0
1774254742.894795,98.770,-9999.000000,22.838339,26.0,100.0000,LOW,0.2,0.005,0.0
1774254742.9659436,98.842,-9999.000000,22.836781,26.0,100.0000,LOW,0.2,0.005,0.0
1774254743.0192752,98.895,-9999.000000,22.836392,26.0,100.0000,LOW,0.2,0.005,0.0
1774254743.0844839,98.960,-9999.000000,22.831331,26.0,100.0000,LOW,0.2,0.005,0.0
1774254743.1542022,99.030,-9999.000000,22.830939,26.0,100.0000,LOW,0.2,0.005,0.0
1774254743.2045934,99.080,-9999.000000,22.831719,26.0,100.0000,LOW,0.2,0.005,0.0
1774254743.26483,99.140,-9999.000000,22.834446,26.0,100.0000,LOW,0.2,0.005,0.0
1774254743.3281271,99.204,-9999.000000,22.834446,26.0,100.0000,LOW,0.2,0.005,0.0
1774254743.395883,99.271,-9999.000000,22.831719,26.0,100.0000,LOW,0.2,0.005,0.0
1774254743.458578,99.334,-9999.000000,22.830550,26.0,100.0000,LOW,0.2,0.005,0.0
1774254743.523958,99.400,-9999.000000,22.827824,26.0,100.0000,LOW,0.2,0.005,0.0
1774254743.5942295,99.470,-9999.000000,22.826655,26.0,100.0000,LOW,0.2,0.005,0.0
1774254743.647798,99.523,-9999.000000,22.832108,26.0,100.0000,LOW,0.2,0.005,0.0
1774254743.704402,99.580,-9999.000000,22.827435,26.0,100.0000,LOW,0.2,0.005,0.0
1774254743.7688422,99.644,-9999.000000,22.828993,26.0,100.0000,LOW,0.2,0.005,0.0
1774254743.8341663,99.710,-9999.000000,22.831331,26.0,100.0000,LOW,0.2,0.005,0.0
1774254743.898922,99.774,-9999.000000,22.830162,26.0,100.0000,LOW,0.2,0.005,0.0
1774254743.9643588,99.840,-9999.000000,22.829773,26.0,100.0000,LOW,0.2,0.005,0.0
1774254744.0282772,99.904,-9999.000000,22.825097,26.0,100.0000,LOW,0.2,0.005,0.0
1774254744.0845659,99.960,-9999.000000,22.827824,26.0,100.0000,LOW,0.2,0.005,0.0
1774254744.1542757,100.030,-9999.000000,22.822371,26.0,100.0000,LOW,0.2,0.005,0.0
1774254744.206556,100.082,-9999.000000,22.823151,26.0,100.0000,LOW,0.2,0.005,0.0
1774254744.2648497,100.140,-9999.000000,22.827046,26.0,100.0000,LOW,0.2,0.005,0.0
1774254744.3279448,100.204,-9999.000000,22.826655,26.0,100.0000,LOW,0.2,0.005,0.0
1774254744.3966713,100.272,-9999.000000,22.824708,26.0,100.0000,LOW,0.2,0.005,0.0
1774254744.4550738,100.331,-9999.000000,22.820813,26.0,100.0000,LOW,0.2,0.005,0.0
1774254744.5243456,100.400,-9999.000000,22.818867,26.0,100.0000,LOW,0.2,0.005,0.0
1774254744.5842342,100.460,-9999.000000,22.819255,26.0,100.0000,LOW,0.2,0.005,0.0
1774254744.6536312,100.529,-9999.000000,22.822371,26.0,100.0000,LOW,0.2,0.005,0.0
1774254744.716299,100.592,-9999.000000,22.823151,26.0,100.0000,LOW,0.2,0.005,0.0
1774254744.774291,100.650,-9999.000000,22.819647,26.0,100.0000,LOW,0.2,0.005,0.0
1774254744.842889,100.718,-9999.000000,22.816920,26.0,100.0000,LOW,0.2,0.005,0.0
1774254744.9058986,100.781,-9999.000000,22.816140,26.0,100.0000,LOW,0.2,0.005,0.0
1774254744.9546616,100.830,-9999.000000,22.818478,26.0,100.0000,LOW,0.2,0.005,0.0
1774254745.0146263,100.890,-9999.000000,22.821593,26.0,100.0000,LOW,0.2,0.005,0.0
1774254745.0742989,100.950,-9999.000000,22.819647,26.0,100.0000,LOW,0.2,0.005,0.0
1774254745.1445026,101.020,-9999.000000,22.815363,26.0,100.0000,LOW,0.2,0.005,0.0
1774254745.2059233,101.081,-9999.000000,22.814194,26.0,100.0000,LOW,0.2,0.005,0.0
1774254745.2647092,101.140,-9999.000000,22.816920,26.0,100.0000,LOW,0.2,0.005,0.0
1774254745.3259044,101.201,-9999.000000,22.817698,26.0,100.0000,LOW,0.2,0.005,0.0
1774254745.3961055,101.272,-9999.000000,22.814583,26.0,100.0000,LOW,0.2,0.005,0.0
1774254745.4543252,101.330,-9999.000000,22.811079,26.0,100.0000,LOW,0.2,0.005,0.0
1774254745.5145895,101.390,-9999.000000,22.811468,26.0,100.0000,LOW,0.2,0.005,0.0
1774254745.5843825,101.460,-9999.000000,22.814194,26.0,100.0000,LOW,0.2,0.005,0.0
1774254745.6462946,101.522,-9999.000000,22.816140,26.0,100.0000,LOW,0.2,0.005,0.0
1774254745.7147756,101.590,-9999.000000,22.814194,26.0,100.0000,LOW,0.2,0.005,0.0
1774254745.7703242,101.646,-9999.000000,22.813025,26.0,100.0000,LOW,0.2,0.005,0.0
1774254745.84469,101.720,-9999.000000,22.809130,26.0,100.0000,LOW,0.2,0.005,0.0
1774254745.8981872,101.774,-9999.000000,22.813025,26.0,100.0000,LOW,0.2,0.005,0.0
1774254745.9546409,101.830,-9999.000000,22.807184,26.0,100.0000,LOW,0.2,0.005,0.0
1774254746.0175407,101.893,-9999.000000,22.811079,26.0,100.0000,LOW,0.2,0.005,0.0
1774254746.08383,101.959,-9999.000000,22.810687,26.0,100.0000,LOW,0.2,0.005,0.0
1774254746.1454241,102.021,-9999.000000,22.807964,26.0,100.0000,LOW,0.2,0.005,0.0
1774254746.2081347,102.084,-9999.000000,22.804069,26.0,100.0000,LOW,0.2,0.005,0.0
1774254746.273973,102.150,-9999.000000,22.804846,26.0,100.0000,LOW,0.2,0.005,0.0
1774254746.3281233,102.204,-9999.000000,22.807964,26.0,100.0000,LOW,0.2,0.005,0.0
1774254746.3958728,102.271,-9999.000000,22.809130,26.0,100.0000,LOW,0.2,0.005,0.0
1774254746.4643567,102.340,-9999.000000,22.805626,26.0,100.0000,LOW,0.2,0.005,0.0
1774254746.5262845,102.402,-9999.000000,22.801342,26.0,100.0000,LOW,0.2,0.005,0.0
1774254746.5846949,102.460,-9999.000000,22.802120,26.0,100.0000,LOW,0.2,0.005,0.0
1774254746.6535356,102.529,-9999.000000,22.804846,26.0,100.0000,LOW,0.2,0.005,0.0
1774254746.7160394,102.592,-9999.000000,22.806015,26.0,100.0000,LOW,0.2,0.005,0.0
1774254746.7743132,102.650,-9999.000000,22.802120,26.0,100.0000,LOW,0.2,0.005,0.0
1774254746.8245976,102.700,-9999.000000,22.800562,26.0,100.0000,LOW,0.2,0.005,0.0
1774254746.9063606,102.782,-9999.000000,22.798616,26.0,100.0000,LOW,0.2,0.005,0.0
1774254746.964497,102.840,-9999.000000,22.800562,26.0,100.0000,LOW,0.2,0.005,0.0
1774254747.034847,102.910,-9999.000000,22.801731,26.0,100.0000,LOW,0.2,0.005,0.0
1774254747.0946445,102.970,-9999.000000,22.801731,26.0,100.0000,LOW,0.2,0.005,0.0
1774254747.164795,103.040,-9999.000000,22.800173,26.0,100.0000,LOW,0.2,0.005,0.0
1774254747.228411,103.104,-9999.000000,22.795890,26.0,100.0000,LOW,0.2,0.005,0.0
1774254747.284564,103.160,-9999.000000,22.795501,26.0,100.0000,LOW,0.2,0.005,0.0
1774254747.3548217,103.230,-9999.000000,22.795501,26.0,100.0000,LOW,0.2,0.005,0.0
1774254747.4095616,103.285,-9999.000000,22.793164,26.0,100.0000,LOW,0.2,0.005,0.0
1774254747.4836996,103.359,-9999.000000,22.798616,26.0,100.0000,LOW,0.2,0.005,0.0
1774254747.5448885,103.420,-9999.000000,22.796278,26.0,100.0000,LOW,0.2,0.005,0.0
1774254747.596479,103.472,-9999.000000,22.794332,26.0,100.0000,LOW,0.2,0.005,0.0
1774254747.654379,103.530,-9999.000000,22.791995,26.0,100.0000,LOW,0.2,0.005,0.0
1774254747.7239704,103.600,-9999.000000,22.791218,26.0,100.0000,LOW,0.2,0.005,0.0
1774254747.7862191,103.662,-9999.000000,22.793164,26.0,100.0000,LOW,0.2,0.005,0.0
1774254747.8542533,103.730,-9999.000000,22.794721,26.0,100.0000,LOW,0.2,0.005,0.0
1774254747.9143176,103.790,-9999.000000,22.795501,26.0,100.0000,LOW,0.2,0.005,0.0
1774254747.9780102,103.854,-9999.000000,22.792775,26.0,100.0000,LOW,0.2,0.005,0.0
1774254748.0446825,103.920,-9999.000000,22.790049,26.0,100.0000,LOW,0.2,0.005,0.0
1774254748.1065636,103.982,-9999.000000,22.787323,26.0,100.0000,LOW,0.2,0.005,0.0
1774254748.1747663,104.050,-9999.000000,22.787323,26.0,100.0000,LOW,0.2,0.005,0.0
1774254748.2347677,104.110,-9999.000000,22.792775,26.0,100.0000,LOW,0.2,0.005,0.0
1774254748.2961354,104.172,-9999.000000,22.791995,26.0,100.0000,LOW,0.2,0.005,0.0
1774254748.3635848,104.239,-9999.000000,22.788880,26.0,100.0000,LOW,0.2,0.005,0.0
1774254748.4246204,104.300,-9999.000000,22.785765,26.0,100.0000,LOW,0.2,0.005,0.0
1774254748.4861662,104.362,-9999.000000,22.785765,26.0,100.0000,LOW,0.2,0.005,0.0
1774254748.553639,104.429,-9999.000000,22.789272,26.0,100.0000,LOW,0.2,0.005,0.0
1774254748.6167676,104.492,-9999.000000,22.789272,26.0,100.0000,LOW,0.2,0.005,0.0
1774254748.6746166,104.550,-9999.000000,22.788103,26.0,100.0000,LOW,0.2,0.005,0.0
1774254748.73614,104.612,-9999.000000,22.786545,26.0,100.0000,LOW,0.2,0.005,0.0
1774254748.8060882,104.682,-9999.000000,22.781870,26.0,100.0000,LOW,0.2,0.005,0.0
1774254748.8644767,104.740,-9999.000000,22.783431,26.0,100.0000,LOW,0.2,0.005,0.0
1774254748.9344983,104.810,-9999.000000,22.786934,26.0,100.0000,LOW,0.2,0.005,0.0
1774254748.9971685,104.873,-9999.000000,22.786934,26.0,100.0000,LOW,0.2,0.005,0.0
1774254749.0491076,104.925,-9999.000000,22.784988,26.0,100.0000,LOW,0.2,0.005,0.0
1774254749.1084087,104.984,-9999.000000,22.780313,26.0,100.0000,LOW,0.2,0.005,0.0
1774254749.1749444,105.051,-9999.000000,22.780705,26.0,100.0000,LOW,0.2,0.005,0.0
1774254749.234762,105.110,-9999.000000,22.783039,26.0,100.0000,LOW,0.2,0.005,0.0
1774254749.2958932,105.171,-9999.000000,22.784988,26.0,100.0000,LOW,0.2,0.005,0.0
1774254749.3646762,105.240,-9999.000000,22.784597,26.0,100.0000,LOW,0.2,0.005,0.0
1774254749.4250062,105.301,-9999.000000,22.781482,26.0,100.0000,LOW,0.2,0.005,0.0
1774254749.495002,105.371,-9999.000000,22.777979,26.0,100.0000,LOW,0.2,0.005,0.0
1774254749.5557067,105.431,-9999.000000,22.777199,26.0,100.0000,LOW,0.2,0.005,0.0
1774254749.61592,105.491,-9999.000000,22.781093,26.0,100.0000,LOW,0.2,0.005,0.0
1774254749.6862984,105.562,-9999.000000,22.780705,26.0,100.0000,LOW,0.2,0.005,0.0
1774254749.7505925,105.626,-9999.000000,22.781870,26.0,100.0000,LOW,0.2,0.005,0.0
1774254749.8136046,105.689,-9999.000000,22.778367,26.0,100.0000,LOW,0.2,0.005,0.0
1774254749.8759756,105.752,-9999.000000,22.776030,26.0,100.0000,LOW,0.2,0.005,0.0
1774254749.9379742,105.814,-9999.000000,22.774473,26.0,100.0000,LOW,0.2,0.005,0.0
1774254750.0048666,105.880,-9999.000000,22.777590,26.0,100.0000,LOW,0.2,0.005,0.0
1774254750.0703087,105.946,-9999.000000,22.779147,26.0,100.0000,LOW,0.2,0.005,0.0
1774254750.134666,106.010,-9999.000000,22.778756,26.0,100.0000,LOW,0.2,0.005,0.0
1774254750.1977935,106.073,-9999.000000,22.777590,26.0,100.0000,LOW,0.2,0.005,0.0
1774254750.2536612,106.129,-9999.000000,22.776810,26.0,100.0000,LOW,0.2,0.005,0.0
1774254750.324262,106.200,-9999.000000,22.771747,26.0,100.0000,LOW,0.2,0.005,0.0
1774254750.386233,106.262,-9999.000000,22.772138,26.0,100.0000,LOW,0.2,0.005,0.0
1774254750.4381957,106.314,-9999.000000,22.773695,26.0,100.0000,LOW,0.2,0.005,0.0
1774254750.494565,106.370,-9999.000000,22.776030,26.0,100.0000,LOW,0.2,0.005,0.0
1774254750.5645883,106.440,-9999.000000,22.775641,26.0,100.0000,LOW,0.2,0.005,0.0
1774254750.6288152,106.504,-9999.000000,22.771358,26.0,100.0000,LOW,0.2,0.005,0.0
1774254750.6937072,106.569,-9999.000000,22.768632,26.0,100.0000,LOW,0.2,0.005,0.0
1774254750.7547255,106.630,-9999.000000,22.769024,26.0,100.0000,LOW,0.2,0.005,0.0
1774254750.8179524,106.694,-9999.000000,22.773695,26.0,100.0000,LOW,0.2,0.005,0.0
1774254750.884452,106.760,-9999.000000,22.772915,26.0,100.0000,LOW,0.2,0.005,0.0
1774254750.9463048,106.822,-9999.000000,22.770969,26.0,100.0000,LOW,0.2,0.005,0.0
1774254751.004798,106.880,-9999.000000,22.766686,26.0,100.0000,LOW,0.2,0.005,0.0
1774254751.0743737,106.950,-9999.000000,22.766298,26.0,100.0000,LOW,0.2,0.005,0.0
1774254751.13435,107.010,-9999.000000,22.767855,26.0,100.0000,LOW,0.2,0.005,0.0
1774254751.2046392,107.080,-9999.000000,22.769412,26.0,100.0000,LOW,0.2,0.005,0.0
1774254751.2664075,107.142,-9999.000000,22.770581,26.0,100.0000,LOW,0.2,0.005,0.0
1774254751.3303385,107.206,-9999.000000,22.767855,26.0,100.0000,LOW,0.2,0.005,0.0
1774254751.394222,107.270,-9999.000000,22.763960,26.0,100.0000,LOW,0.2,0.005,0.0
1774254751.4545364,107.330,-9999.000000,22.765518,26.0,100.0000,LOW,0.2,0.005,0.0
1774254751.5146868,107.390,-9999.000000,22.767466,26.0,100.0000,LOW,0.2,0.005,0.0
1774254751.5847564,107.460,-9999.000000,22.768632,26.0,100.0000,LOW,0.2,0.005,0.0
1774254751.644827,107.520,-9999.000000,22.767075,26.0,100.0000,LOW,0.2,0.005,0.0
1774254751.71435,107.590,-9999.000000,22.765129,26.0,100.0000,LOW,0.2,0.005,0.0
1774254751.774717,107.650,-9999.000000,22.761235,26.0,100.0000,LOW,0.2,0.005,0.0
1774254751.8345897,107.710,-9999.000000,22.761235,26.0,100.0000,LOW,0.2,0.005,0.0
1774254751.9046514,107.780,-9999.000000,22.763960,26.0,100.0000,LOW,0.2,0.005,0.0
1774254751.9664116,107.842,-9999.000000,22.765518,26.0,100.0000,LOW,0.2,0.005,0.0
1774254752.0147834,107.890,-9999.000000,22.765129,26.0,100.0000,LOW,0.2,0.005,0.0
1774254752.082034,107.958,-9999.000000,22.763572,26.0,100.0000,LOW,0.2,0.005,0.0
1774254752.1460414,108.022,-9999.000000,22.759289,26.0,100.0000,LOW,0.2,0.005,0.0
1774254752.2070866,108.083,-9999.000000,22.758120,26.0,100.0000,LOW,0.2,0.005,0.0
1774254752.273511,108.149,-9999.000000,22.760846,26.0,100.0000,LOW,0.2,0.005,0.0
1774254752.335994,108.212,-9999.000000,22.763572,26.0,100.0000,LOW,0.2,0.005,0.0
1774254752.3996708,108.275,-9999.000000,22.761623,26.0,100.0000,LOW,0.2,0.005,0.0
1774254752.4637964,108.339,-9999.000000,22.757732,26.0,100.0000,LOW,0.2,0.005,0.0
1774254752.5261526,108.402,-9999.000000,22.755395,26.0,100.0000,LOW,0.2,0.005,0.0
1774254752.5844228,108.460,-9999.000000,22.757343,26.0,100.0000,LOW,0.2,0.005,0.0
1774254752.6535373,108.529,-9999.000000,22.759289,26.0,100.0000,LOW,0.2,0.005,0.0
1774254752.7143726,108.590,-9999.000000,22.760066,26.0,100.0000,LOW,0.2,0.005,0.0
1774254752.7713652,108.647,-9999.000000,22.757343,26.0,100.0000,LOW,0.2,0.005,0.0
1774254752.8265066,108.702,-9999.000000,22.755006,26.0,100.0000,LOW,0.2,0.005,0.0
1774254752.884592,108.760,-9999.000000,22.753060,26.0,100.0000,LOW,0.2,0.005,0.0
1774254752.9543703,108.830,-9999.000000,22.755006,26.0,100.0000,LOW,0.2,0.005,0.0
1774254753.0145085,108.890,-9999.000000,22.757343,26.0,100.0000,LOW,0.2,0.005,0.0
1774254753.0837686,108.959,-9999.000000,22.756952,26.0,100.0000,LOW,0.2,0.005,0.0
1774254753.1462374,109.022,-9999.000000,22.753837,26.0,100.0000,LOW,0.2,0.005,0.0
1774254753.2135398,109.089,-9999.000000,22.751500,26.0,100.0000,LOW,0.2,0.005,0.0
1774254753.2749262,109.150,-9999.000000,22.750335,26.0,100.0000,LOW,0.2,0.005,0.0
1774254753.330673,109.206,-9999.000000,22.752669,26.0,100.0000,LOW,0.2,0.005,0.0
1774254753.4064865,109.282,-9999.000000,22.751112,26.0,100.0000,LOW,0.2,0.005,0.0
1774254753.4664028,109.342,-9999.000000,22.755006,26.0,100.0000,LOW,0.2,0.005,0.0
1774254753.524913,109.400,-9999.000000,22.748386,26.0,100.0000,LOW,0.2,0.005,0.0
1774254753.5744467,109.450,-9999.000000,22.749943,26.0,100.0000,LOW,0.2,0.005,0.0
1774254753.6445274,109.520,-9999.000000,22.748386,26.0,100.0000,LOW,0.2,0.005,0.0
1774254753.7086468,109.584,-9999.000000,22.747220,26.0,100.0000,LOW,0.2,0.005,0.0
1774254753.767505,109.643,-9999.000000,22.749943,26.0,100.0000,LOW,0.2,0.005,0.0
1774254753.8348367,109.710,-9999.000000,22.751500,26.0,100.0000,LOW,0.2,0.005,0.0
1774254753.8910816,109.767,-9999.000000,22.745660,26.0,100.0000,LOW,0.2,0.005,0.0
1774254753.966254,109.842,-9999.000000,22.749943,26.0,100.0000,LOW,0.2,0.005,0.0
1774254754.0290952,109.905,-9999.000000,22.746052,26.0,100.0000,LOW,0.2,0.005,0.0
1774254754.0843983,109.960,-9999.000000,22.748778,26.0,100.0000,LOW,0.2,0.005,0.0
1774254754.138687,110.014,-9999.000000,22.743326,26.0,100.0000,LOW,0.2,0.005,0.0
1774254754.2044172,110.080,-9999.000000,22.745660,26.0,100.0000,LOW,0.2,0.005,0.0
1774254754.267974,110.144,-9999.000000,22.746829,26.0,100.0000,LOW,0.2,0.005,0.0
1774254754.334836,110.210,-9999.000000,22.747220,26.0,100.0000,LOW,0.2,0.005,0.0
1774254754.3947155,110.270,-9999.000000,22.740989,26.0,100.0000,LOW,0.2,0.005,0.0
1774254754.4544501,110.330,-9999.000000,22.740989,26.0,100.0000,LOW,0.2,0.005,0.0
1774254754.5242035,110.400,-9999.000000,22.740989,26.0,100.0000,LOW,0.2,0.005,0.0
1774254754.5804174,110.456,-9999.000000,22.741769,26.0,100.0000,LOW,0.2,0.005,0.0
1774254754.6545627,110.530,-9999.000000,22.743715,26.0,100.0000,LOW,0.2,0.005,0.0
1774254754.7148108,110.590,-9999.000000,22.744883,26.0,100.0000,LOW,0.2,0.005,0.0
1774254754.7736151,110.649,-9999.000000,22.741769,26.0,100.0000,LOW,0.2,0.005,0.0
1774254754.8242934,110.700,-9999.000000,22.739044,26.0,100.0000,LOW,0.2,0.005,0.0
1774254754.8935554,110.769,-9999.000000,22.738655,26.0,100.0000,LOW,0.2,0.005,0.0
1774254754.9559968,110.832,-9999.000000,22.739044,26.0,100.0000,LOW,0.2,0.005,0.0
1774254755.0205872,110.896,-9999.000000,22.741378,26.0,100.0000,LOW,0.2,0.005,0.0
1774254755.0850534,110.961,-9999.000000,22.742158,26.0,100.0000,LOW,0.2,0.005,0.0
1774254755.1461964,111.022,-9999.000000,22.740989,26.0,100.0000,LOW,0.2,0.005,0.0
1774254755.2149446,111.091,-9999.000000,22.739432,26.0,100.0000,LOW,0.2,0.005,0.0
1774254755.2703128,111.146,-9999.000000,22.741378,26.0,100.0000,LOW,0.2,0.005,0.0
1774254755.3439796,111.220,-9999.000000,22.734761,26.0,100.0000,LOW,0.2,0.005,0.0
1774254755.3991,111.275,-9999.000000,22.738264,26.0,100.0000,LOW,0.2,0.005,0.0
1774254755.4706116,111.346,-9999.000000,22.739821,26.0,100.0000,LOW,0.2,0.005,0.0
1774254755.5337138,111.409,-9999.000000,22.737875,26.0,100.0000,LOW,0.2,0.005,0.0
1774254755.5944238,111.470,-9999.000000,22.734373,26.0,100.0000,LOW,0.2,0.005,0.0
1774254755.660262,111.536,-9999.000000,22.731647,26.0,100.0000,LOW,0.2,0.005,0.0
1774254755.7244344,111.600,-9999.000000,22.733981,26.0,100.0000,LOW,0.2,0.005,0.0
1774254755.7847867,111.660,-9999.000000,22.735930,26.0,100.0000,LOW,0.2,0.005,0.0
1774254755.8462558,111.722,-9999.000000,22.737098,26.0,100.0000,LOW,0.2,0.005,0.0
1774254755.9161718,111.792,-9999.000000,22.735538,26.0,100.0000,LOW,0.2,0.005,0.0
1774254755.9744365,111.850,-9999.000000,22.732036,26.0,100.0000,LOW,0.2,0.005,0.0
1774254756.0443523,111.920,-9999.000000,22.729699,26.0,100.0000,LOW,0.2,0.005,0.0
1774254756.104786,111.980,-9999.000000,22.729699,26.0,100.0000,LOW,0.2,0.005,0.0
1774254756.1725514,112.048,-9999.000000,22.733593,26.0,100.0000,LOW,0.2,0.005,0.0
1774254756.216507,112.092,-9999.000000,22.734373,26.0,100.0000,LOW,0.2,0.005,0.0
1774254756.2849321,112.160,-9999.000000,22.733981,26.0,100.0000,LOW,0.2,0.005,0.0
1774254756.3443978,112.220,-9999.000000,22.730090,26.0,100.0000,LOW,0.2,0.005,0.0
1774254756.404253,112.280,-9999.000000,22.727753,26.0,100.0000,LOW,0.2,0.005,0.0
1774254756.4746861,112.350,-9999.000000,22.726585,26.0,100.0000,LOW,0.2,0.005,0.0
1774254756.53755,112.413,-9999.000000,22.728922,26.0,100.0000,LOW,0.2,0.005,0.0
1774254756.594258,112.470,-9999.000000,22.732036,26.0,100.0000,LOW,0.2,0.005,0.0
1774254756.664559,112.540,-9999.000000,22.731256,26.0,100.0000,LOW,0.2,0.005,0.0
1774254756.7265244,112.602,-9999.000000,22.727753,26.0,100.0000,LOW,0.2,0.005,0.0
1774254756.7966523,112.672,-9999.000000,22.725028,26.0,100.0000,LOW,0.2,0.005,0.0
1774254756.85437,112.730,-9999.000000,22.723471,26.0,100.0000,LOW,0.2,0.005,0.0
1774254756.9070697,112.783,-9999.000000,22.723471,26.0,100.0000,LOW,0.2,0.005,0.0
1774254756.9737616,112.849,-9999.000000,22.726976,26.0,100.0000,LOW,0.2,0.005,0.0
1774254757.034402,112.910,-9999.000000,22.728922,26.0,100.0000,LOW,0.2,0.005,0.0
1774254757.0986626,112.974,-9999.000000,22.728142,26.0,100.0000,LOW,0.2,0.005,0.0
1774254757.1639645,113.040,-9999.000000,22.722303,26.0,100.0000,LOW,0.2,0.005,0.0
1774254757.2280796,113.104,-9999.000000,22.721914,26.0,100.0000,LOW,0.2,0.005,0.0
1774254757.2860708,113.162,-9999.000000,22.723083,26.0,100.0000,LOW,0.2,0.005,0.0
1774254757.3548536,113.230,-9999.000000,22.725416,26.0,100.0000,LOW,0.2,0.005,0.0
1774254757.4157438,113.291,-9999.000000,22.726196,26.0,100.0000,LOW,0.2,0.005,0.0
1774254757.474116,113.350,-9999.000000,22.723083,26.0,100.0000,LOW,0.2,0.005,0.0
1774254757.5447652,113.420,-9999.000000,22.719969,26.0,100.0000,LOW,0.2,0.005,0.0
1774254757.6069396,113.483,-9999.000000,22.719577,26.0,100.0000,LOW,0.2,0.005,0.0
1774254757.65642,113.532,-9999.000000,22.720357,26.0,100.0000,LOW,0.2,0.005,0.0
1774254757.7236621,113.599,-9999.000000,22.721914,26.0,100.0000,LOW,0.2,0.005,0.0
1774254757.7843487,113.660,-9999.000000,22.723859,26.0,100.0000,LOW,0.2,0.005,0.0
1774254757.844748,113.720,-9999.000000,22.722694,26.0,100.0000,LOW,0.2,0.005,0.0
1774254757.9156651,113.791,-9999.000000,22.719969,26.0,100.0000,LOW,0.2,0.005,0.0
1774254757.9765933,113.852,-9999.000000,22.716075,26.0,100.0000,LOW,0.2,0.005,0.0
1774254758.043911,113.919,-9999.000000,22.716855,26.0,100.0000,LOW,0.2,0.005,0.0
1774254758.108185,113.984,-9999.000000,22.718020,26.0,100.0000,LOW,0.2,0.005,0.0
1774254758.1641693,114.040,-9999.000000,22.716464,26.0,100.0000,LOW,0.2,0.005,0.0
1774254758.2345145,114.110,-9999.000000,22.721526,26.0,100.0000,LOW,0.2,0.005,0.0
1774254758.29446,114.170,-9999.000000,22.717243,26.0,100.0000,LOW,0.2,0.005,0.0
1774254758.3543947,114.230,-9999.000000,22.714130,26.0,100.0000,LOW,0.2,0.005,0.0
1774254758.4248035,114.300,-9999.000000,22.714130,26.0,100.0000,LOW,0.2,0.005,0.0
1774254758.4870937,114.363,-9999.000000,22.718020,26.0,100.0000,LOW,0.2,0.005,0.0
1774254758.5542552,114.430,-9999.000000,22.719189,26.0,100.0000,LOW,0.2,0.005,0.0
1774254758.617106,114.493,-9999.000000,22.718020,26.0,100.0000,LOW,0.2,0.005,0.0
1774254758.6773763,114.553,-9999.000000,22.716855,26.0,100.0000,LOW,0.2,0.005,0.0
1774254758.7464907,114.622,-9999.000000,22.711793,26.0,100.0000,LOW,0.2,0.005,0.0
1774254758.8044546,114.680,-9999.000000,22.712181,26.0,100.0000,LOW,0.2,0.005,0.0
1774254758.8736348,114.749,-9999.000000,22.714518,26.0,100.0000,LOW,0.2,0.005,0.0
1774254758.9343724,114.810,-9999.000000,22.716464,26.0,100.0000,LOW,0.2,0.005,0.0
1774254758.9843748,114.860,-9999.000000,22.716075,26.0,100.0000,LOW,0.2,0.005,0.0
1774254759.0467694,114.922,-9999.000000,22.714907,26.0,100.0000,LOW,0.2,0.005,0.0
1774254759.11463,114.990,-9999.000000,22.711013,26.0,100.0000,LOW,0.2,0.005,0.0
1774254759.177954,115.054,-9999.000000,22.708679,26.0,100.0000,LOW,0.2,0.005,0.0
1774254759.2361126,115.112,-9999.000000,22.711013,26.0,100.0000,LOW,0.2,0.005,0.0
1774254759.304459,115.180,-9999.000000,22.712181,26.0,100.0000,LOW,0.2,0.005,0.0
1774254759.3644493,115.240,-9999.000000,22.714907,26.0,100.0000,LOW,0.2,0.005,0.0
1774254759.4348173,115.310,-9999.000000,22.712961,26.0,100.0000,LOW,0.2,0.005,0.0
1774254759.4948058,115.370,-9999.000000,22.709068,26.0,100.0000,LOW,0.2,0.005,0.0
1774254759.5560396,115.432,-9999.000000,22.706734,26.0,100.0000,LOW,0.2,0.005,0.0
1774254759.6147158,115.490,-9999.000000,22.712181,26.0,100.0000,LOW,0.2,0.005,0.0
1774254759.6848164,115.560,-9999.000000,22.710236,26.0,100.0000,LOW,0.2,0.005,0.0
1774254759.7350454,115.611,-9999.000000,22.711404,26.0,100.0000,LOW,0.2,0.005,0.0
1774254759.794644,115.670,-9999.000000,22.711013,26.0,100.0000,LOW,0.2,0.005,0.0
1774254759.8642352,115.740,-9999.000000,22.707899,26.0,100.0000,LOW,0.2,0.005,0.0
1774254759.9258847,115.801,-9999.000000,22.705174,26.0,100.0000,LOW,0.2,0.005,0.0
1774254759.994286,115.870,-9999.000000,22.705174,26.0,100.0000,LOW,0.2,0.005,0.0
1774254760.0585504,115.934,-9999.000000,22.705566,26.0,100.0000,LOW,0.2,0.005,0.0
1774254760.1161652,115.992,-9999.000000,22.708679,26.0,100.0000,LOW,0.2,0.005,0.0
1774254760.1734827,116.049,-9999.000000,22.706343,26.0,100.0000,LOW,0.2,0.005,0.0
1774254760.2345517,116.110,-9999.000000,22.708679,26.0,100.0000,LOW,0.2,0.005,0.0
1774254760.2964451,116.172,-9999.000000,22.704786,26.0,100.0000,LOW,0.2,0.005,0.0
1774254760.3636222,116.239,-9999.000000,22.702841,26.0,100.0000,LOW,0.2,0.005,0.0
1774254760.425003,116.301,-9999.000000,22.701284,26.0,100.0000,LOW,0.2,0.005,0.0
1774254760.4860983,116.362,-9999.000000,22.702061,26.0,100.0000,LOW,0.2,0.005,0.0
1774254760.5565996,116.432,-9999.000000,22.704009,26.0,100.0000,LOW,0.2,0.005,0.0
1774254760.6150594,116.491,-9999.000000,22.705954,26.0,100.0000,LOW,0.2,0.005,0.0
1774254760.6844938,116.560,-9999.000000,22.704009,26.0,100.0000,LOW,0.2,0.005,0.0
1774254760.7463238,116.622,-9999.000000,22.699727,26.0,100.0000,LOW,0.2,0.005,0.0
1774254760.804205,116.680,-9999.000000,22.698947,26.0,100.0000,LOW,0.2,0.005,0.0
1774254760.8737638,116.749,-9999.000000,22.701672,26.0,100.0000,LOW,0.2,0.005,0.0
1774254760.927438,116.803,-9999.000000,22.700504,26.0,100.0000,LOW,0.2,0.005,0.0
1774254760.9960973,116.872,-9999.000000,22.702061,26.0,100.0000,LOW,0.2,0.005,0.0
1774254761.0463462,116.922,-9999.000000,22.698947,26.0,100.0000,LOW,0.2,0.005,0.0
1774254761.1139107,116.989,-9999.000000,22.696614,26.0,100.0000,LOW,0.2,0.005,0.0
1774254761.1742034,117.050,-9999.000000,22.697002,26.0,100.0000,LOW,0.2,0.005,0.0
1774254761.2348745,117.110,-9999.000000,22.698947,26.0,100.0000,LOW,0.2,0.005,0.0
1774254761.3048408,117.180,-9999.000000,22.701672,26.0,100.0000,LOW,0.2,0.005,0.0
1774254761.366732,117.242,-9999.000000,22.700115,26.0,100.0000,LOW,0.2,0.005,0.0
1774254761.424636,117.300,-9999.000000,22.697002,26.0,100.0000,LOW,0.2,0.005,0.0
1774254761.4957514,117.371,-9999.000000,22.694277,26.0,100.0000,LOW,0.2,0.005,0.0
1774254761.5559444,117.432,-9999.000000,22.693889,26.0,100.0000,LOW,0.2,0.005,0.0
1774254761.624802,117.500,-9999.000000,22.697002,26.0,100.0000,LOW,0.2,0.005,0.0
1774254761.685039,117.561,-9999.000000,22.698170,26.0,100.0000,LOW,0.2,0.005,0.0
1774254761.7538946,117.629,-9999.000000,22.698170,26.0,100.0000,LOW,0.2,0.005,0.0
1774254761.8158934,117.691,-9999.000000,22.694277,26.0,100.0000,LOW,0.2,0.005,0.0
1774254761.876176,117.752,-9999.000000,22.691552,26.0,100.0000,LOW,0.2,0.005,0.0
1774254761.943973,117.820,-9999.000000,22.691552,26.0,100.0000,LOW,0.2,0.005,0.0
1774254762.0042655,117.880,-9999.000000,22.692720,26.0,100.0000,LOW,0.2,0.005,0.0
1774254762.068484,117.944,-9999.000000,22.696614,26.0,100.0000,LOW,0.2,0.005,0.0
1774254762.1343813,118.010,-9999.000000,22.695054,26.0,100.0000,LOW,0.2,0.005,0.0
1774254762.1962507,118.072,-9999.000000,22.689607,26.0,100.0000,LOW,0.2,0.005,0.0
1774254762.254342,118.130,-9999.000000,22.689216,26.0,100.0000,LOW,0.2,0.005,0.0
1774254762.317153,118.193,-9999.000000,22.693889,26.0,100.0000,LOW,0.2,0.005,0.0
1774254762.386031,118.262,-9999.000000,22.694665,26.0,100.0000,LOW,0.2,0.005,0.0
1774254762.4442286,118.320,-9999.000000,22.694277,26.0,100.0000,LOW,0.2,0.005,0.0
1774254762.5148828,118.390,-9999.000000,22.690384,26.0,100.0000,LOW,0.2,0.005,0.0
1774254762.5644822,118.440,-9999.000000,22.688827,26.0,100.0000,LOW,0.2,0.005,0.0
1774254762.6270993,118.503,-9999.000000,22.687659,26.0,100.0000,LOW,0.2,0.005,0.0
1774254762.6860685,118.562,-9999.000000,22.687659,26.0,100.0000,LOW,0.2,0.005,0.0
1774254762.755005,118.631,-9999.000000,22.690772,26.0,100.0000,LOW,0.2,0.005,0.0
1774254762.8147957,118.690,-9999.000000,22.691940,26.0,100.0000,LOW,0.2,0.005,0.0
1774254762.8847392,118.760,-9999.000000,22.690384,26.0,100.0000,LOW,0.2,0.005,0.0
1774254762.939216,118.815,-9999.000000,22.690384,26.0,100.0000,LOW,0.2,0.005,0.0
1774254763.005044,118.881,-9999.000000,22.684157,26.0,100.0000,LOW,0.2,0.005,0.0
1774254763.0750897,118.951,-9999.000000,22.684934,26.0,100.0000,LOW,0.2,0.005,0.0
1774254763.1410964,119.017,-9999.000000,22.688439,26.0,100.0000,LOW,0.2,0.005,0.0
1774254763.194272,119.070,-9999.000000,22.683769,26.0,100.0000,LOW,0.2,0.005,0.0
1774254763.2469606,119.123,-9999.000000,22.688439,26.0,100.0000,LOW,0.2,0.005,0.0
1774254763.3149824,119.191,-9999.000000,22.685714,26.0,100.0000,LOW,0.2,0.005,0.0
1774254763.3748012,119.250,-9999.000000,22.682989,26.0,100.0000,LOW,0.2,0.005,0.0
1774254763.444404,119.320,-9999.000000,22.682600,26.0,100.0000,LOW,0.2,0.005,0.0
1774254763.5060637,119.382,-9999.000000,22.683769,26.0,100.0000,LOW,0.2,0.005,0.0
1774254763.5738363,119.449,-9999.000000,22.686882,26.0,100.0000,LOW,0.2,0.005,0.0
1774254763.6342928,119.510,-9999.000000,22.686882,26.0,100.0000,LOW,0.2,0.005,0.0
1774254763.6981192,119.574,-9999.000000,22.685325,26.0,100.0000,LOW,0.2,0.005,0.0
1774254763.7647343,119.640,-9999.000000,22.681432,26.0,100.0000,LOW,0.2,0.005,0.0
1774254763.8174808,119.693,-9999.000000,22.686102,26.0,100.0000,LOW,0.2,0.005,0.0
1774254763.8770247,119.753,-9999.000000,22.680264,26.0,100.0000,LOW,0.2,0.005,0.0
1774254763.934813,119.810,-9999.000000,22.682989,26.0,100.0000,LOW,0.2,0.005,0.0
1774254764.0049553,119.881,-9999.000000,22.684934,26.0,100.0000,LOW,0.2,0.005,0.0
1774254764.0663867,119.942,-9999.000000,22.682989,26.0,100.0000,LOW,0.2,0.005,0.0
1774254764.1282945,120.004,-9999.000000,22.680264,26.0,100.0000,LOW,0.2,0.005,0.0
1774254764.1943786,120.070,-9999.000000,22.677931,26.0,100.0000,LOW,0.2,0.005,0.0
1774254764.260521,120.136,-9999.000000,22.679096,26.0,100.0000,LOW,0.2,0.005,0.0
1774254764.3239057,120.199,-9999.000000,22.682212,26.0,100.0000,LOW,0.2,0.005,0.0
1774254764.3870602,120.263,-9999.000000,22.682212,26.0,100.0000,LOW,0.2,0.005,0.0
1774254764.4404478,120.316,-9999.000000,22.677931,26.0,100.0000,LOW,0.2,0.005,0.0
1774254764.514174,120.390,-9999.000000,22.677151,26.0,100.0000,LOW,0.2,0.005,0.0
1774254764.576662,120.452,-9999.000000,22.675983,26.0,100.0000,LOW,0.2,0.005,0.0
1774254764.6345994,120.510,-9999.000000,22.678319,26.0,100.0000,LOW,0.2,0.005,0.0
1774254764.7045395,120.580,-9999.000000,22.680652,26.0,100.0000,LOW,0.2,0.005,0.0
1774254764.7645152,120.640,-9999.000000,22.680652,26.0,100.0000,LOW,0.2,0.005,0.0
1774254764.8262606,120.702,-9999.000000,22.675983,26.0,100.0000,LOW,0.2,0.005,0.0
1774254764.894644,120.770,-9999.000000,22.674038,26.0,100.0000,LOW,0.2,0.005,0.0
1774254764.9543726,120.830,-9999.000000,22.678319,26.0,100.0000,LOW,0.2,0.005,0.0
1774254765.024015,120.900,-9999.000000,22.677151,26.0,100.0000,LOW,0.2,0.005,0.0
1774254765.0878365,120.963,-9999.000000,22.679096,26.0,100.0000,LOW,0.2,0.005,0.0
1774254765.1442587,121.020,-9999.000000,22.675594,26.0,100.0000,LOW,0.2,0.005,0.0
1774254765.2139924,121.090,-9999.000000,22.672869,26.0,100.0000,LOW,0.2,0.005,0.0
1774254765.2745583,121.150,-9999.000000,22.672093,26.0,100.0000,LOW,0.2,0.005,0.0
1774254765.3366463,121.212,-9999.000000,22.674038,26.0,100.0000,LOW,0.2,0.005,0.0
1774254765.407049,121.283,-9999.000000,22.676374,26.0,100.0000,LOW,0.2,0.005,0.0
1774254765.454933,121.330,-9999.000000,22.677151,26.0,100.0000,LOW,0.2,0.005,0.0
1774254765.5147846,121.390,-9999.000000,22.675594,26.0,100.0000,LOW,0.2,0.005,0.0
1774254765.5763924,121.452,-9999.000000,22.671313,26.0,100.0000,LOW,0.2,0.005,0.0
1774254765.644775,121.520,-9999.000000,22.669756,26.0,100.0000,LOW,0.2,0.005,0.0
1774254765.7062383,121.582,-9999.000000,22.671313,26.0,100.0000,LOW,0.2,0.005,0.0
1774254765.77504,121.651,-9999.000000,22.672093,26.0,100.0000,LOW,0.2,0.005,0.0
1774254765.8348057,121.710,-9999.000000,22.673649,26.0,100.0000,LOW,0.2,0.005,0.0
1774254765.9040263,121.780,-9999.000000,22.673649,26.0,100.0000,LOW,0.2,0.005,0.0
1774254765.9678159,121.843,-9999.000000,22.672481,26.0,100.0000,LOW,0.2,0.005,0.0
1774254766.0225677,121.898,-9999.000000,22.673258,26.0,100.0000,LOW,0.2,0.005,0.0
1774254766.075023,121.951,-9999.000000,22.667420,26.0,100.0000,LOW,0.2,0.005,0.0
1774254766.1438663,122.019,-9999.000000,22.668200,26.0,100.0000,LOW,0.2,0.005,0.0
1774254766.204302,122.080,-9999.000000,22.671313,26.0,100.0000,LOW,0.2,0.005,0.0
1774254766.2660618,122.142,-9999.000000,22.672481,26.0,100.0000,LOW,0.2,0.005,0.0
1774254766.3344095,122.210,-9999.000000,22.670925,26.0,100.0000,LOW,0.2,0.005,0.0
1774254766.3977563,122.273,-9999.000000,22.666643,26.0,100.0000,LOW,0.2,0.005,0.0
1774254766.45615,122.332,-9999.000000,22.665864,26.0,100.0000,LOW,0.2,0.005,0.0
1774254766.5244198,122.400,-9999.000000,22.668200,26.0,100.0000,LOW,0.2,0.005,0.0
1774254766.5848982,122.460,-9999.000000,22.670925,26.0,100.0000,LOW,0.2,0.005,0.0
1774254766.6419494,122.518,-9999.000000,22.667420,26.0,100.0000,LOW,0.2,0.005,0.0
1774254766.7147553,122.590,-9999.000000,22.667032,26.0,100.0000,LOW,0.2,0.005,0.0
1774254766.7766752,122.652,-9999.000000,22.663919,26.0,100.0000,LOW,0.2,0.005,0.0
1774254766.8443377,122.720,-9999.000000,22.663919,26.0,100.0000,LOW,0.2,0.005,0.0
1774254766.896342,122.772,-9999.000000,22.665087,26.0,100.0000,LOW,0.2,0.005,0.0
1774254766.9665124,122.842,-9999.000000,22.668200,26.0,100.0000,LOW,0.2,0.005,0.0
1774254767.0343144,122.910,-9999.000000,22.666255,26.0,100.0000,LOW,0.2,0.005,0.0
1774254767.0962758,122.972,-9999.000000,22.661582,26.0,100.0000,LOW,0.2,0.005,0.0
1774254767.1550105,123.031,-9999.000000,22.662362,26.0,100.0000,LOW,0.2,0.005,0.0
1774254767.224274,123.100,-9999.000000,22.663530,26.0,100.0000,LOW,0.2,0.005,0.0
1774254767.287028,123.163,-9999.000000,22.665475,26.0,100.0000,LOW,0.2,0.005,0.0
1774254767.3540747,123.230,-9999.000000,22.665475,26.0,100.0000,LOW,0.2,0.005,0.0
1774254767.4178095,123.293,-9999.000000,22.663919,26.0,100.0000,LOW,0.2,0.005,0.0
1774254767.4799054,123.355,-9999.000000,22.660806,26.0,100.0000,LOW,0.2,0.005,0.0
1774254767.545999,123.422,-9999.000000,22.659249,26.0,100.0000,LOW,0.2,0.005,0.0
1774254767.6045406,123.480,-9999.000000,22.661194,26.0,100.0000,LOW,0.2,0.005,0.0
1774254767.664448,123.540,-9999.000000,22.663919,26.0,100.0000,LOW,0.2,0.005,0.0
1774254767.734972,123.611,-9999.000000,22.663139,26.0,100.0000,LOW,0.2,0.005,0.0
1774254767.7992103,123.675,-9999.000000,22.658858,26.0,100.0000,LOW,0.2,0.005,0.0
1774254767.864142,123.740,-9999.000000,22.656913,26.0,100.0000,LOW,0.2,0.005,0.0
1774254767.9248488,123.800,-9999.000000,22.657301,26.0,100.0000,LOW,0.2,0.005,0.0
1774254767.9881644,123.864,-9999.000000,22.658858,26.0,100.0000,LOW,0.2,0.005,0.0
1774254768.0567784,123.932,-9999.000000,22.661194,26.0,100.0000,LOW,0.2,0.005,0.0
1774254768.1148074,123.990,-9999.000000,22.660806,26.0,100.0000,LOW,0.2,0.005,0.0
1774254768.1842453,124.060,-9999.000000,22.659249,26.0,100.0000,LOW,0.2,0.005,0.0
1774254768.248324,124.124,-9999.000000,22.656525,26.0,100.0000,LOW,0.2,0.005,0.0
1774254768.3044362,124.180,-9999.000000,22.660026,26.0,100.0000,LOW,0.2,0.005,0.0
1774254768.3749638,124.251,-9999.000000,22.657301,26.0,100.0000,LOW,0.2,0.005,0.0
1774254768.424018,124.300,-9999.000000,22.658469,26.0,100.0000,LOW,0.2,0.005,0.0
1774254768.4842129,124.360,-9999.000000,22.659249,26.0,100.0000,LOW,0.2,0.005,0.0
1774254768.5471585,124.423,-9999.000000,22.657301,26.0,100.0000,LOW,0.2,0.005,0.0
1774254768.6145155,124.490,-9999.000000,22.653412,26.0,100.0000,LOW,0.2,0.005,0.0
1774254768.6747823,124.550,-9999.000000,22.651855,26.0,100.0000,LOW,0.2,0.005,0.0
1774254768.7437136,124.619,-9999.000000,22.652632,26.0,100.0000,LOW,0.2,0.005,0.0
1774254768.8046765,124.680,-9999.000000,22.656525,26.0,100.0000,LOW,0.2,0.005,0.0
1774254768.8677206,124.743,-9999.000000,22.656136,26.0,100.0000,LOW,0.2,0.005,0.0
1774254768.9347274,124.810,-9999.000000,22.652632,26.0,100.0000,LOW,0.2,0.005,0.0
1774254768.9970036,124.873,-9999.000000,22.650296,26.0,100.0000,LOW,0.2,0.005,0.0
1774254769.0565288,124.932,-9999.000000,22.649519,26.0,100.0000,LOW,0.2,0.005,0.0
1774254769.124676,125.000,-9999.000000,22.651464,26.0,100.0000,LOW,0.2,0.005,0.0
1774254769.1760216,125.052,-9999.000000,22.651076,26.0,100.0000,LOW,0.2,0.005,0.0
1774254769.23496,125.111,-9999.000000,22.654188,26.0,100.0000,LOW,0.2,0.005,0.0
1774254769.3004105,125.176,-9999.000000,22.651464,26.0,100.0000,LOW,0.2,0.005,0.0
1774254769.3647263,125.240,-9999.000000,22.648351,26.0,100.0000,LOW,0.2,0.005,0.0
1774254769.4262314,125.302,-9999.000000,22.646795,26.0,100.0000,LOW,0.2,0.005,0.0
1774254769.493526,125.369,-9999.000000,22.647963,26.0,100.0000,LOW,0.2,0.005,0.0
1774254769.554624,125.430,-9999.000000,22.650687,26.0,100.0000,LOW,0.2,0.005,0.0
1774254769.614902,125.490,-9999.000000,22.645627,26.0,100.0000,LOW,0.2,0.005,0.0
1774254769.684785,125.560,-9999.000000,22.651076,26.0,100.0000,LOW,0.2,0.005,0.0
1774254769.739987,125.616,-9999.000000,22.649519,26.0,100.0000,LOW,0.2,0.005,0.0
1774254769.8146245,125.690,-9999.000000,22.643682,26.0,100.0000,LOW,0.2,0.005,0.0
1774254769.874965,125.751,-9999.000000,22.643294,26.0,100.0000,LOW,0.2,0.005,0.0
1774254769.9358573,125.811,-9999.000000,22.647574,26.0,100.0000,LOW,0.2,0.005,0.0
1774254770.0059516,125.882,-9999.000000,22.649131,26.0,100.0000,LOW,0.2,0.005,0.0
1774254770.064374,125.940,-9999.000000,22.647574,26.0,100.0000,LOW,0.2,0.005,0.0
1774254770.1345966,126.010,-9999.000000,22.645238,26.0,100.0000,LOW,0.2,0.005,0.0
1774254770.188415,126.064,-9999.000000,22.648351,26.0,100.0000,LOW,0.2,0.005,0.0
1774254770.258,126.134,-9999.000000,22.641346,26.0,100.0000,LOW,0.2,0.005,0.0
1774254770.3149352,126.191,-9999.000000,22.642902,26.0,100.0000,LOW,0.2,0.005,0.0
1774254770.3849335,126.260,-9999.000000,22.647183,26.0,100.0000,LOW,0.2,0.005,0.0
1774254770.4544992,126.330,-9999.000000,22.645627,26.0,100.0000,LOW,0.2,0.005,0.0
1774254770.5078645,126.383,-9999.000000,22.644459,26.0,100.0000,LOW,0.2,0.005,0.0
1774254770.5666914,126.442,-9999.000000,22.640569,26.0,100.0000,LOW,0.2,0.005,0.0
1774254770.6245346,126.500,-9999.000000,22.640569,26.0,100.0000,LOW,0.2,0.005,0.0
1774254770.6843498,126.560,-9999.000000,22.642902,26.0,100.0000,LOW,0.2,0.005,0.0
1774254770.7544632,126.630,-9999.000000,22.644459,26.0,100.0000,LOW,0.2,0.005,0.0
1774254770.8163102,126.692,-9999.000000,22.640958,26.0,100.0000,LOW,0.2,0.005,0.0
1774254770.8745372,126.750,-9999.000000,22.637457,26.0,100.0000,LOW,0.2,0.005,0.0
1774254770.9364972,126.812,-9999.000000,22.640181,26.0,100.0000,LOW,0.2,0.005,0.0
1774254771.0061173,126.882,-9999.000000,22.642902,26.0,100.0000,LOW,0.2,0.005,0.0
1774254771.0647035,126.940,-9999.000000,22.641737,26.0,100.0000,LOW,0.2,0.005,0.0
1774254771.1334658,127.009,-9999.000000,22.637845,26.0,100.0000,LOW,0.2,0.005,0.0
1774254771.1944575,127.070,-9999.000000,22.636289,26.0,100.0000,LOW,0.2,0.005,0.0
1774254771.255775,127.131,-9999.000000,22.639401,26.0,100.0000,LOW,0.2,0.005,0.0
1774254771.3142116,127.190,-9999.000000,22.640958,26.0,100.0000,LOW,0.2,0.005,0.0
1774254771.3842309,127.260,-9999.000000,22.639013,26.0,100.0000,LOW,0.2,0.005,0.0
1774254771.4515383,127.327,-9999.000000,22.637065,26.0,100.0000,LOW,0.2,0.005,0.0
1774254771.5145679,127.390,-9999.000000,22.633953,26.0,100.0000,LOW,0.2,0.005,0.0
1774254771.5749168,127.450,-9999.000000,22.634732,26.0,100.0000,LOW,0.2,0.005,0.0
1774254771.631836,127.507,-9999.000000,22.633564,26.0,100.0000,LOW,0.2,0.005,0.0
1774254771.6913786,127.567,-9999.000000,22.639401,26.0,100.0000,LOW,0.2,0.005,0.0
1774254771.7548735,127.630,-9999.000000,22.638622,26.0,100.0000,LOW,0.2,0.005,0.0
1774254771.8160925,127.692,-9999.000000,22.633564,26.0,100.0000,LOW,0.2,0.005,0.0
1774254771.8748355,127.750,-9999.000000,22.631620,26.0,100.0000,LOW,0.2,0.005,0.0
1774254771.9442139,127.820,-9999.000000,22.632008,26.0,100.0000,LOW,0.2,0.005,0.0
1774254772.0079114,127.883,-9999.000000,22.635121,26.0,100.0000,LOW,0.2,0.005,0.0
1774254772.074639,127.950,-9999.000000,22.635121,26.0,100.0000,LOW,0.2,0.005,0.0
1774254772.1347437,128.010,-9999.000000,22.635900,26.0,100.0000,LOW,0.2,0.005,0.0
1774254772.2040498,128.080,-9999.000000,22.635900,26.0,100.0000,LOW,0.2,0.005,0.0
1774254772.244933,128.120,-9999.000000,22.633564,26.0,100.0000,LOW,0.2,0.005,0.0
1774254772.3170633,128.193,-9999.000000,22.631228,26.0,100.0000,LOW,0.2,0.005,0.0
1774254772.3749273,128.250,-9999.000000,22.629672,26.0,100.0000,LOW,0.2,0.005,0.0
1774254772.4440482,128.320,-9999.000000,22.632396,26.0,100.0000,LOW,0.2,0.005,0.0
1774254772.5047889,128.380,-9999.000000,22.633564,26.0,100.0000,LOW,0.2,0.005,0.0
1774254772.5678034,128.443,-9999.000000,22.633176,26.0,100.0000,LOW,0.2,0.005,0.0
1774254772.6346338,128.510,-9999.000000,22.631228,26.0,100.0000,LOW,0.2,0.005,0.0
1774254772.697546,128.573,-9999.000000,22.626948,26.0,100.0000,LOW,0.2,0.005,0.0
1774254772.754886,128.630,-9999.000000,22.629284,26.0,100.0000,LOW,0.2,0.005,0.0
1774254772.8248646,128.700,-9999.000000,22.630452,26.0,100.0000,LOW,0.2,0.005,0.0
1774254772.8881838,128.764,-9999.000000,22.633176,26.0,100.0000,LOW,0.2,0.005,0.0
1774254772.953726,128.829,-9999.000000,22.631228,26.0,100.0000,LOW,0.2,0.005,0.0
1774254772.9943159,128.870,-9999.000000,22.629284,26.0,100.0000,LOW,0.2,0.005,0.0
1774254773.0648725,128.940,-9999.000000,22.625392,26.0,100.0000,LOW,0.2,0.005,0.0
1774254773.1273594,129.003,-9999.000000,22.626171,26.0,100.0000,LOW,0.2,0.005,0.0
1774254773.1882718,129.064,-9999.000000,22.629284,26.0,100.0000,LOW,0.2,0.005,0.0
1774254773.2546198,129.130,-9999.000000,22.630840,26.0,100.0000,LOW,0.2,0.005,0.0
1774254773.3145933,129.190,-9999.000000,22.628504,26.0,100.0000,LOW,0.2,0.005,0.0
1774254773.383987,129.260,-9999.000000,22.625783,26.0,100.0000,LOW,0.2,0.005,0.0
1774254773.446382,129.322,-9999.000000,22.623835,26.0,100.0000,LOW,0.2,0.005,0.0
1774254773.505563,129.381,-9999.000000,22.626171,26.0,100.0000,LOW,0.2,0.005,0.0
1774254773.574393,129.450,-9999.000000,22.629284,26.0,100.0000,LOW,0.2,0.005,0.0
1774254773.6360238,129.512,-9999.000000,22.627728,26.0,100.0000,LOW,0.2,0.005,0.0
1774254773.690894,129.566,-9999.000000,22.628116,26.0,100.0000,LOW,0.2,0.005,0.0
1774254773.7639687,129.640,-9999.000000,22.622668,26.0,100.0000,LOW,0.2,0.005,0.0
1774254773.8244364,129.700,-9999.000000,22.624615,26.0,100.0000,LOW,0.2,0.005,0.0
1774254773.8865016,129.762,-9999.000000,22.627339,26.0,100.0000,LOW,0.2,0.005,0.0
1774254773.9543684,129.830,-9999.000000,22.626171,26.0,100.0000,LOW,0.2,0.005,0.0
1774254773.997707,129.873,-9999.000000,22.623447,26.0,100.0000,LOW,0.2,0.005,0.0
1774254774.064624,129.940,-9999.000000,22.620335,26.0,100.0000,LOW,0.2,0.005,0.0
1774254774.124721,130.000,-9999.000000,22.620335,26.0,100.0000,LOW,0.2,0.005,0.0
1774254774.1939008,130.069,-9999.000000,22.622668,26.0,100.0000,LOW,0.2,0.005,0.0
1774254774.256385,130.132,-9999.000000,22.623835,26.0,100.0000,LOW,0.2,0.005,0.0
1774254774.3235607,130.199,-9999.000000,22.625392,26.0,100.0000,LOW,0.2,0.005,0.0
1774254774.3874803,130.263,-9999.000000,22.624615,26.0,100.0000,LOW,0.2,0.005,0.0
1774254774.434678,130.310,-9999.000000,22.623447,26.0,100.0000,LOW,0.2,0.005,0.0
1774254774.514822,130.390,-9999.000000,22.618779,26.0,100.0000,LOW,0.2,0.005,0.0
1774254774.564356,130.440,-9999.000000,22.617222,26.0,100.0000,LOW,0.2,0.005,0.0
1774254774.6263108,130.502,-9999.000000,22.621503,26.0,100.0000,LOW,0.2,0.005,0.0
1774254774.684745,130.560,-9999.000000,22.623059,26.0,100.0000,LOW,0.2,0.005,0.0
1774254774.7547371,130.630,-9999.000000,22.621891,26.0,100.0000,LOW,0.2,0.005,0.0
1774254774.8165085,130.692,-9999.000000,22.617999,26.0,100.0000,LOW,0.2,0.005,0.0
1774254774.8743918,130.750,-9999.000000,22.615666,26.0,100.0000,LOW,0.2,0.005,0.0
1774254774.944865,130.820,-9999.000000,22.616443,26.0,100.0000,LOW,0.2,0.005,0.0
1774254775.008811,130.884,-9999.000000,22.619946,26.0,100.0000,LOW,0.2,0.005,0.0
1774254775.0661948,130.942,-9999.000000,22.620723,26.0,100.0000,LOW,0.2,0.005,0.0
1774254775.1364226,131.012,-9999.000000,22.617611,26.0,100.0000,LOW,0.2,0.005,0.0
1774254775.1946337,131.070,-9999.000000,22.614498,26.0,100.0000,LOW,0.2,0.005,0.0
1774254775.2636867,131.139,-9999.000000,22.613330,26.0,100.0000,LOW,0.2,0.005,0.0
1774254775.324619,131.200,-9999.000000,22.614107,26.0,100.0000,LOW,0.2,0.005,0.0
1774254775.3801055,131.256,-9999.000000,22.612942,26.0,100.0000,LOW,0.2,0.005,0.0
1774254775.4535162,131.329,-9999.000000,22.617222,26.0,100.0000,LOW,0.2,0.005,0.0
1774254775.4947073,131.370,-9999.000000,22.614107,26.0,100.0000,LOW,0.2,0.005,0.0
1774254775.5648603,131.440,-9999.000000,22.610995,26.0,100.0000,LOW,0.2,0.005,0.0
1774254775.6275232,131.503,-9999.000000,22.610995,26.0,100.0000,LOW,0.2,0.005,0.0
1774254775.6939242,131.569,-9999.000000,22.614498,26.0,100.0000,LOW,0.2,0.005,0.0
1774254775.754805,131.630,-9999.000000,22.615666,26.0,100.0000,LOW,0.2,0.005,0.0
1774254775.821738,131.697,-9999.000000,22.616054,26.0,100.0000,LOW,0.2,0.005,0.0
1774254775.8844097,131.760,-9999.000000,22.611774,26.0,100.0000,LOW,0.2,0.005,0.0
1774254775.9464817,131.822,-9999.000000,22.608662,26.0,100.0000,LOW,0.2,0.005,0.0
1774254776.0105543,131.886,-9999.000000,22.609830,26.0,100.0000,LOW,0.2,0.005,0.0
1774254776.0759425,131.952,-9999.000000,22.612942,26.0,100.0000,LOW,0.2,0.005,0.0
1774254776.1358054,132.011,-9999.000000,22.613719,26.0,100.0000,LOW,0.2,0.005,0.0
1774254776.1883264,132.064,-9999.000000,22.612942,26.0,100.0000,LOW,0.2,0.005,0.0
1774254776.2643852,132.140,-9999.000000,22.607106,26.0,100.0000,LOW,0.2,0.005,0.0
1774254776.3285382,132.204,-9999.000000,22.606715,26.0,100.0000,LOW,0.2,0.005,0.0
1774254776.3844013,132.260,-9999.000000,22.610218,26.0,100.0000,LOW,0.2,0.005,0.0
1774254776.4548879,132.330,-9999.000000,22.611386,26.0,100.0000,LOW,0.2,0.005,0.0
1774254776.5146337,132.390,-9999.000000,22.609439,26.0,100.0000,LOW,0.2,0.005,0.0
1774254776.5778663,132.453,-9999.000000,22.605550,26.0,100.0000,LOW,0.2,0.005,0.0
1774254776.6445887,132.520,-9999.000000,22.603991,26.0,100.0000,LOW,0.2,0.005,0.0
1774254776.704449,132.580,-9999.000000,22.607494,26.0,100.0000,LOW,0.2,0.005,0.0
1774254776.7741697,132.650,-9999.000000,22.610218,26.0,100.0000,LOW,0.2,0.005,0.0
1774254776.8381479,132.714,-9999.000000,22.608662,26.0,100.0000,LOW,0.2,0.005,0.0
1774254776.8947556,132.770,-9999.000000,22.605158,26.0,100.0000,LOW,0.2,0.005,0.0
1774254776.9550843,132.831,-9999.000000,22.608271,26.0,100.0000,LOW,0.2,0.005,0.0
1774254777.024496,132.900,-9999.000000,22.602435,26.0,100.0000,LOW,0.2,0.005,0.0
1774254777.0942872,132.970,-9999.000000,22.605158,26.0,100.0000,LOW,0.2,0.005,0.0
1774254777.1550176,133.031,-9999.000000,22.607494,26.0,100.0000,LOW,0.2,0.005,0.0
1774254777.217803,133.093,-9999.000000,22.605550,26.0,100.0000,LOW,0.2,0.005,0.0
1774254777.2842414,133.160,-9999.000000,22.602826,26.0,100.0000,LOW,0.2,0.005,0.0
1774254777.3485713,133.224,-9999.000000,22.599714,26.0,100.0000,LOW,0.2,0.005,0.0
1774254777.404663,133.280,-9999.000000,22.603214,26.0,100.0000,LOW,0.2,0.005,0.0
1774254777.4749937,133.351,-9999.000000,22.603991,26.0,100.0000,LOW,0.2,0.005,0.0
1774254777.5348434,133.410,-9999.000000,22.605158,26.0,100.0000,LOW,0.2,0.005,0.0
1774254777.6036482,133.479,-9999.000000,22.603214,26.0,100.0000,LOW,0.2,0.005,0.0
1774254777.6662943,133.542,-9999.000000,22.602046,26.0,100.0000,LOW,0.2,0.005,0.0
1774254777.7348723,133.610,-9999.000000,22.599714,26.0,100.0000,LOW,0.2,0.005,0.0
1774254777.7950864,133.671,-9999.000000,22.600102,26.0,100.0000,LOW,0.2,0.005,0.0
1774254777.8447094,133.720,-9999.000000,22.596599,26.0,100.0000,LOW,0.2,0.005,0.0
1774254777.910855,133.786,-9999.000000,22.597766,26.0,100.0000,LOW,0.2,0.005,0.0
1774254777.974807,133.850,-9999.000000,22.601270,26.0,100.0000,LOW,0.2,0.005,0.0
1774254778.0347471,133.910,-9999.000000,22.600490,26.0,100.0000,LOW,0.2,0.005,0.0
1774254778.0975244,133.973,-9999.000000,22.595822,26.0,100.0000,LOW,0.2,0.005,0.0
1774254778.1645882,134.040,-9999.000000,22.595043,26.0,100.0000,LOW,0.2,0.005,0.0
1774254778.2265613,134.102,-9999.000000,22.597378,26.0,100.0000,LOW,0.2,0.005,0.0
1774254778.2846231,134.160,-9999.000000,22.599322,26.0,100.0000,LOW,0.2,0.005,0.0
1774254778.3548884,134.230,-9999.000000,22.599322,26.0,100.0000,LOW,0.2,0.005,0.0
1774254778.4188697,134.294,-9999.000000,22.596599,26.0,100.0000,LOW,0.2,0.005,0.0
1774254778.4849222,134.360,-9999.000000,22.594654,26.0,100.0000,LOW,0.2,0.005,0.0
1774254778.5447302,134.420,-9999.000000,22.593486,26.0,100.0000,LOW,0.2,0.005,0.0
1774254778.6044219,134.480,-9999.000000,22.595434,26.0,100.0000,LOW,0.2,0.005,0.0
1774254778.6542633,134.530,-9999.000000,22.597766,26.0,100.0000,LOW,0.2,0.005,0.0
1774254778.7183356,134.594,-9999.000000,22.597766,26.0,100.0000,LOW,0.2,0.005,0.0
1774254778.7842603,134.660,-9999.000000,22.594266,26.0,100.0000,LOW,0.2,0.005,0.0
1774254778.8446085,134.720,-9999.000000,22.591542,26.0,100.0000,LOW,0.2,0.005,0.0
1774254778.9146771,134.790,-9999.000000,22.591154,26.0,100.0000,LOW,0.2,0.005,0.0
1774254778.9769216,134.852,-9999.000000,22.593098,26.0,100.0000,LOW,0.2,0.005,0.0
1774254779.0365067,134.912,-9999.000000,22.595434,26.0,100.0000,LOW,0.2,0.005,0.0
1774254779.1067429,134.982,-9999.000000,22.595043,26.0,100.0000,LOW,0.2,0.005,0.0
1774254779.1642296,135.040,-9999.000000,22.593098,26.0,100.0000,LOW,0.2,0.005,0.0
1774254779.2348785,135.110,-9999.000000,22.590763,26.0,100.0000,LOW,0.2,0.005,0.0
1774254779.2965357,135.172,-9999.000000,22.589207,26.0,100.0000,LOW,0.2,0.005,0.0
1774254779.3601575,135.236,-9999.000000,22.590763,26.0,100.0000,LOW,0.2,0.005,0.0
1774254779.42451,135.300,-9999.000000,22.593098,26.0,100.0000,LOW,0.2,0.005,0.0
1774254779.4877276,135.363,-9999.000000,22.594266,26.0,100.0000,LOW,0.2,0.005,0.0
1774254779.5551221,135.431,-9999.000000,22.592319,26.0,100.0000,LOW,0.2,0.005,0.0
1774254779.615923,135.491,-9999.000000,22.588430,26.0,100.0000,LOW,0.2,0.005,0.0
1774254779.6742864,135.550,-9999.000000,22.586483,26.0,100.0000,LOW,0.2,0.005,0.0
1774254779.7448852,135.620,-9999.000000,22.586874,26.0,100.0000,LOW,0.2,0.005,0.0
1774254779.7993724,135.675,-9999.000000,22.586874,26.0,100.0000,LOW,0.2,0.005,0.0
1774254779.874096,135.750,-9999.000000,22.591930,26.0,100.0000,LOW,0.2,0.005,0.0
1774254779.9343004,135.810,-9999.000000,22.588430,26.0,100.0000,LOW,0.2,0.005,0.0
1774254779.997618,135.873,-9999.000000,22.584539,26.0,100.0000,LOW,0.2,0.005,0.0
1774254780.0445633,135.920,-9999.000000,22.584539,26.0,100.0000,LOW,0.2,0.005,0.0
1774254780.1136236,135.989,-9999.000000,22.585706,26.0,100.0000,LOW,0.2,0.005,0.0
1774254780.1758835,136.051,-9999.000000,22.588039,26.0,100.0000,LOW,0.2,0.005,0.0
1774254780.236871,136.112,-9999.000000,22.589598,26.0,100.0000,LOW,0.2,0.005,0.0
1774254780.304241,136.180,-9999.000000,22.588039,26.0,100.0000,LOW,0.2,0.005,0.0
1774254780.3664029,136.242,-9999.000000,22.585706,26.0,100.0000,LOW,0.2,0.005,0.0
1774254780.4347067,136.310,-9999.000000,22.583371,26.0,100.0000,LOW,0.2,0.005,0.0
1774254780.489105,136.365,-9999.000000,22.588818,26.0,100.0000,LOW,0.2,0.005,0.0
1774254780.5599606,136.436,-9999.000000,22.583759,26.0,100.0000,LOW,0.2,0.005,0.0
1774254780.624691,136.500,-9999.000000,22.586483,26.0,100.0000,LOW,0.2,0.005,0.0
1774254780.6745036,136.550,-9999.000000,22.587651,26.0,100.0000,LOW,0.2,0.005,0.0
1774254780.7359278,136.611,-9999.000000,22.586483,26.0,100.0000,LOW,0.2,0.005,0.0
1774254780.7943392,136.670,-9999.000000,22.582203,26.0,100.0000,LOW,0.2,0.005,0.0
1774254780.865012,136.741,-9999.000000,22.580259,26.0,100.0000,LOW,0.2,0.005,0.0
1774254780.9249632,136.801,-9999.000000,22.580259,26.0,100.0000,LOW,0.2,0.005,0.0
1774254780.9943576,136.870,-9999.000000,22.583371,26.0,100.0000,LOW,0.2,0.005,0.0
1774254781.056252,136.932,-9999.000000,22.584927,26.0,100.0000,LOW,0.2,0.005,0.0
1774254781.1211019,136.997,-9999.000000,22.583759,26.0,100.0000,LOW,0.2,0.005,0.0
1774254781.184331,137.060,-9999.000000,22.580647,26.0,100.0000,LOW,0.2,0.005,0.0
1774254781.2400587,137.116,-9999.000000,22.584151,26.0,100.0000,LOW,0.2,0.005,0.0
1774254781.2964718,137.172,-9999.000000,22.577924,26.0,100.0000,LOW,0.2,0.005,0.0
1774254781.3577456,137.233,-9999.000000,22.580647,26.0,100.0000,LOW,0.2,0.005,0.0
1774254781.424852,137.300,-9999.000000,22.582203,26.0,100.0000,LOW,0.2,0.005,0.0
1774254781.4842763,137.360,-9999.000000,22.582203,26.0,100.0000,LOW,0.2,0.005,0.0
1774254781.5535557,137.429,-9999.000000,22.579091,26.0,100.0000,LOW,0.2,0.005,0.0
1774254781.6172206,137.493,-9999.000000,22.576368,26.0,100.0000,LOW,0.2,0.005,0.0
1774254781.674847,137.550,-9999.000000,22.575980,26.0,100.0000,LOW,0.2,0.005,0.0
1774254781.736194,137.612,-9999.000000,22.577536,26.0,100.0000,LOW,0.2,0.005,0.0
1774254781.8049362,137.681,-9999.000000,22.580259,26.0,100.0000,LOW,0.2,0.005,0.0
1774254781.863475,137.739,-9999.000000,22.575591,26.0,100.0000,LOW,0.2,0.005,0.0
1774254781.9349902,137.811,-9999.000000,22.579483,26.0,100.0000,LOW,0.2,0.005,0.0
1774254781.9863036,137.862,-9999.000000,22.575980,26.0,100.0000,LOW,0.2,0.005,0.0
1774254782.0448594,137.920,-9999.000000,22.573256,26.0,100.0000,LOW,0.2,0.005,0.0
1774254782.1084158,137.984,-9999.000000,22.576368,26.0,100.0000,LOW,0.2,0.005,0.0
1774254782.1760926,138.052,-9999.000000,22.576759,26.0,100.0000,LOW,0.2,0.005,0.0
1774254782.2346575,138.110,-9999.000000,22.579483,26.0,100.0000,LOW,0.2,0.005,0.0
1774254782.3049855,138.181,-9999.000000,22.578315,26.0,100.0000,LOW,0.2,0.005,0.0
1774254782.3702714,138.246,-9999.000000,22.575591,26.0,100.0000,LOW,0.2,0.005,0.0
1774254782.4343085,138.310,-9999.000000,22.571700,26.0,100.0000,LOW,0.2,0.005,0.0
1774254782.4963498,138.372,-9999.000000,22.571700,26.0,100.0000,LOW,0.2,0.005,0.0
1774254782.5535238,138.429,-9999.000000,22.573256,26.0,100.0000,LOW,0.2,0.005,0.0
1774254782.6259768,138.502,-9999.000000,22.575591,26.0,100.0000,LOW,0.2,0.005,0.0
1774254782.6864827,138.562,-9999.000000,22.576368,26.0,100.0000,LOW,0.2,0.005,0.0
1774254782.7544477,138.630,-9999.000000,22.574035,26.0,100.0000,LOW,0.2,0.005,0.0
1774254782.8142717,138.690,-9999.000000,22.569756,26.0,100.0000,LOW,0.2,0.005,0.0
1774254782.8748925,138.750,-9999.000000,22.569756,26.0,100.0000,LOW,0.2,0.005,0.0
1774254782.944254,138.820,-9999.000000,22.570924,26.0,100.0000,LOW,0.2,0.005,0.0
1774254783.006399,138.882,-9999.000000,22.572868,26.0,100.0000,LOW,0.2,0.005,0.0
1774254783.0749812,138.951,-9999.000000,22.574035,26.0,100.0000,LOW,0.2,0.005,0.0
1774254783.1372085,139.013,-9999.000000,22.573644,26.0,100.0000,LOW,0.2,0.005,0.0
1774254783.2043715,139.080,-9999.000000,22.572088,26.0,100.0000,LOW,0.2,0.005,0.0
1774254783.2669609,139.143,-9999.000000,22.568200,26.0,100.0000,LOW,0.2,0.005,0.0
1774254783.3287327,139.204,-9999.000000,22.567033,26.0,100.0000,LOW,0.2,0.005,0.0
1774254783.3945024,139.270,-9999.000000,22.568200,26.0,100.0000,LOW,0.2,0.005,0.0
1774254783.4572403,139.333,-9999.000000,22.571312,26.0,100.0000,LOW,0.2,0.005,0.0
1774254783.5163364,139.392,-9999.000000,22.571312,26.0,100.0000,LOW,0.2,0.005,0.0
1774254783.5849557,139.461,-9999.000000,22.567033,26.0,100.0000,LOW,0.2,0.005,0.0
1774254783.6447163,139.520,-9999.000000,22.565865,26.0,100.0000,LOW,0.2,0.005,0.0
1774254783.7138875,139.589,-9999.000000,22.565865,26.0,100.0000,LOW,0.2,0.005,0.0
1774254783.7763083,139.652,-9999.000000,22.568588,26.0,100.0000,LOW,0.2,0.005,0.0
1774254783.834736,139.710,-9999.000000,22.570144,26.0,100.0000,LOW,0.2,0.005,0.0
1774254783.9043643,139.780,-9999.000000,22.569368,26.0,100.0000,LOW,0.2,0.005,0.0
1774254783.9670506,139.843,-9999.000000,22.566644,26.0,100.0000,LOW,0.2,0.005,0.0
1774254784.0342345,139.910,-9999.000000,22.563530,26.0,100.0000,LOW,0.2,0.005,0.0
1774254784.0962293,139.972,-9999.000000,22.563142,26.0,100.0000,LOW,0.2,0.005,0.0
1774254784.164914,140.040,-9999.000000,22.562753,26.0,100.0000,LOW,0.2,0.005,0.0
1774254784.228392,140.104,-9999.000000,22.565865,26.0,100.0000,LOW,0.2,0.005,0.0
1774254784.2940962,140.170,-9999.000000,22.567033,26.0,100.0000,LOW,0.2,0.005,0.0
1774254784.356383,140.232,-9999.000000,22.568200,26.0,100.0000,LOW,0.2,0.005,0.0
1774254784.4148636,140.290,-9999.000000,22.566253,26.0,100.0000,LOW,0.2,0.005,0.0
1774254784.47362,140.349,-9999.000000,22.566253,26.0,100.0000,LOW,0.2,0.005,0.0
1774254784.5342858,140.410,-9999.000000,22.560809,26.0,100.0000,LOW,0.2,0.005,0.0
1774254784.5946636,140.470,-9999.000000,22.560809,26.0,100.0000,LOW,0.2,0.005,0.0
1774254784.6567197,140.532,-9999.000000,22.562365,26.0,100.0000,LOW,0.2,0.005,0.0
1774254784.7247307,140.600,-9999.000000,22.565477,26.0,100.0000,LOW,0.2,0.005,0.0
1774254784.7848334,140.660,-9999.000000,22.564309,26.0,100.0000,LOW,0.2,0.005,0.0
1774254784.854429,140.730,-9999.000000,22.562753,26.0,100.0000,LOW,0.2,0.005,0.0
1774254784.9157913,140.791,-9999.000000,22.559642,26.0,100.0000,LOW,0.2,0.005,0.0
1774254784.974347,140.850,-9999.000000,22.559642,26.0,100.0000,LOW,0.2,0.005,0.0
1774254785.0447693,140.920,-9999.000000,22.563142,26.0,100.0000,LOW,0.2,0.005,0.0
1774254785.1044245,140.980,-9999.000000,22.564309,26.0,100.0000,LOW,0.2,0.005,0.0
1774254785.1738348,141.049,-9999.000000,22.564309,26.0,100.0000,LOW,0.2,0.005,0.0
1774254785.2271788,141.103,-9999.000000,22.560030,26.0,100.0000,LOW,0.2,0.005,0.0
1774254785.2858071,141.161,-9999.000000,22.558086,26.0,100.0000,LOW,0.2,0.005,0.0
1774254785.344846,141.220,-9999.000000,22.558086,26.0,100.0000,LOW,0.2,0.005,0.0
1774254785.4044242,141.280,-9999.000000,22.560418,26.0,100.0000,LOW,0.2,0.005,0.0
1774254785.4761062,141.352,-9999.000000,22.562753,26.0,100.0000,LOW,0.2,0.005,0.0
1774254785.5380976,141.414,-9999.000000,22.561974,26.0,100.0000,LOW,0.2,0.005,0.0
1774254785.603809,141.479,-9999.000000,22.559253,26.0,100.0000,LOW,0.2,0.005,0.0
1774254785.6647143,141.540,-9999.000000,22.556139,26.0,100.0000,LOW,0.2,0.005,0.0
1774254785.7270575,141.603,-9999.000000,22.555751,26.0,100.0000,LOW,0.2,0.005,0.0
1774254785.7960436,141.672,-9999.000000,22.556139,26.0,100.0000,LOW,0.2,0.005,0.0
1774254785.850249,141.726,-9999.000000,22.554974,26.0,100.0000,LOW,0.2,0.005,0.0
1774254785.904997,141.781,-9999.000000,22.560418,26.0,100.0000,LOW,0.2,0.005,0.0
1774254785.9647505,141.840,-9999.000000,22.558474,26.0,100.0000,LOW,0.2,0.005,0.0
1774254786.0348744,141.910,-9999.000000,22.554583,26.0,100.0000,LOW,0.2,0.005,0.0
1774254786.0961938,141.972,-9999.000000,22.553807,26.0,100.0000,LOW,0.2,0.005,0.0
1774254786.1649587,142.041,-9999.000000,22.553416,26.0,100.0000,LOW,0.2,0.005,0.0
1774254786.2183228,142.094,-9999.000000,22.555363,26.0,100.0000,LOW,0.2,0.005,0.0
1774254786.2872891,142.163,-9999.000000,22.558474,26.0,100.0000,LOW,0.2,0.005,0.0
1774254786.355978,142.232,-9999.000000,22.556918,26.0,100.0000,LOW,0.2,0.005,0.0
1774254786.420733,142.296,-9999.000000,22.554583,26.0,100.0000,LOW,0.2,0.005,0.0
1774254786.4848948,142.360,-9999.000000,22.551472,26.0,100.0000,LOW,0.2,0.005,0.0
1774254786.5468512,142.422,-9999.000000,22.553027,26.0,100.0000,LOW,0.2,0.005,0.0
1774254786.595242,142.471,-9999.000000,22.554583,26.0,100.0000,LOW,0.2,0.005,0.0
1774254786.6564317,142.532,-9999.000000,22.556530,26.0,100.0000,LOW,0.2,0.005,0.0
1774254786.723635,142.599,-9999.000000,22.556530,26.0,100.0000,LOW,0.2,0.005,0.0
1774254786.7860215,142.662,-9999.000000,22.552251,26.0,100.0000,LOW,0.2,0.005,0.0
1774254786.8448198,142.720,-9999.000000,22.550304,26.0,100.0000,LOW,0.2,0.005,0.0
1774254786.91452,142.790,-9999.000000,22.549916,26.0,100.0000,LOW,0.2,0.005,0.0
1774254786.9760482,142.852,-9999.000000,22.553416,26.0,100.0000,LOW,0.2,0.005,0.0
1774254787.035671,142.911,-9999.000000,22.556139,26.0,100.0000,LOW,0.2,0.005,0.0
1774254787.1044502,142.980,-9999.000000,22.554974,26.0,100.0000,LOW,0.2,0.005,0.0
1774254787.167968,143.044,-9999.000000,22.553027,26.0,100.0000,LOW,0.2,0.005,0.0
1774254787.216373,143.092,-9999.000000,22.551472,26.0,100.0000,LOW,0.2,0.005,0.0
1774254787.2842355,143.160,-9999.000000,22.549139,26.0,100.0000,LOW,0.2,0.005,0.0
1774254787.3442528,143.220,-9999.000000,22.547972,26.0,100.0000,LOW,0.2,0.005,0.0
1774254787.4081333,143.284,-9999.000000,22.550695,26.0,100.0000,LOW,0.2,0.005,0.0
1774254787.474459,143.350,-9999.000000,22.553027,26.0,100.0000,LOW,0.2,0.005,0.0
1774254787.5380635,143.414,-9999.000000,22.551472,26.0,100.0000,LOW,0.2,0.005,0.0
1774254787.6041749,143.480,-9999.000000,22.549528,26.0,100.0000,LOW,0.2,0.005,0.0
1774254787.6649468,143.541,-9999.000000,22.546416,26.0,100.0000,LOW,0.2,0.005,0.0
1774254787.731042,143.607,-9999.000000,22.546804,26.0,100.0000,LOW,0.2,0.005,0.0
1774254787.7943964,143.670,-9999.000000,22.549916,26.0,100.0000,LOW,0.2,0.005,0.0
1774254787.8481658,143.724,-9999.000000,22.545249,26.0,100.0000,LOW,0.2,0.005,0.0
1774254787.9142475,143.790,-9999.000000,22.548748,26.0,100.0000,LOW,0.2,0.005,0.0
1774254787.964293,143.840,-9999.000000,22.546416,26.0,100.0000,LOW,0.2,0.005,0.0
1774254788.034823,143.910,-9999.000000,22.544469,26.0,100.0000,LOW,0.2,0.005,0.0
1774254788.0960157,143.972,-9999.000000,22.544469,26.0,100.0000,LOW,0.2,0.005,0.0
1774254788.1548922,144.030,-9999.000000,22.547193,26.0,100.0000,LOW,0.2,0.005,0.0
1774254788.2245765,144.100,-9999.000000,22.549528,26.0,100.0000,LOW,0.2,0.005,0.0
1774254788.2880905,144.164,-9999.000000,22.548360,26.0,100.0000,LOW,0.2,0.005,0.0
1774254788.3544137,144.230,-9999.000000,22.546804,26.0,100.0000,LOW,0.2,0.005,0.0
1774254788.4179833,144.294,-9999.000000,22.542914,26.0,100.0000,LOW,0.2,0.005,0.0
1774254788.474352,144.350,-9999.000000,22.547581,26.0,100.0000,LOW,0.2,0.005,0.0
1774254788.5442853,144.420,-9999.000000,22.546025,26.0,100.0000,LOW,0.2,0.005,0.0
1774254788.6082442,144.484,-9999.000000,22.547193,26.0,100.0000,LOW,0.2,0.005,0.0
1774254788.65615,144.532,-9999.000000,22.547581,26.0,100.0000,LOW,0.2,0.005,0.0
1774254788.7143009,144.590,-9999.000000,22.544469,26.0,100.0000,LOW,0.2,0.005,0.0
1774254788.7847116,144.660,-9999.000000,22.541746,26.0,100.0000,LOW,0.2,0.005,0.0
1774254788.8446305,144.720,-9999.000000,22.540191,26.0,100.0000,LOW,0.2,0.005,0.0
1774254788.913974,144.790,-9999.000000,22.540970,26.0,100.0000,LOW,0.2,0.005,0.0
1774254788.976554,144.852,-9999.000000,22.544081,26.0,100.0000,LOW,0.2,0.005,0.0
1774254789.0387373,144.914,-9999.000000,22.544861,26.0,100.0000,LOW,0.2,0.005,0.0
1774254789.0968366,144.972,-9999.000000,22.539802,26.0,100.0000,LOW,0.2,0.005,0.0
1774254789.1664464,145.042,-9999.000000,22.540970,26.0,100.0000,LOW,0.2,0.005,0.0
1774254789.2343333,145.110,-9999.000000,22.538635,26.0,100.0000,LOW,0.2,0.005,0.0
1774254789.2894845,145.165,-9999.000000,22.544469,26.0,100.0000,LOW,0.2,0.005,0.0
1774254789.3482685,145.224,-9999.000000,22.538635,26.0,100.0000,LOW,0.2,0.005,0.0
1774254789.404897,145.280,-9999.000000,22.541746,26.0,100.0000,LOW,0.2,0.005,0.0
1774254789.4750042,145.351,-9999.000000,22.542526,26.0,100.0000,LOW,0.2,0.005,0.0
1774254789.5395052,145.415,-9999.000000,22.542137,26.0,100.0000,LOW,0.2,0.005,0.0
1774254789.60435,145.480,-9999.000000,22.539414,26.0,100.0000,LOW,0.2,0.005,0.0
1774254789.664703,145.540,-9999.000000,22.536691,26.0,100.0000,LOW,0.2,0.005,0.0
1774254789.7246513,145.600,-9999.000000,22.535912,26.0,100.0000,LOW,0.2,0.005,0.0
1774254789.7948637,145.670,-9999.000000,22.537467,26.0,100.0000,LOW,0.2,0.005,0.0
1774254789.8567312,145.732,-9999.000000,22.539802,26.0,100.0000,LOW,0.2,0.005,0.0
1774254789.9081223,145.784,-9999.000000,22.540970,26.0,100.0000,LOW,0.2,0.005,0.0
1774254789.9644165,145.840,-9999.000000,22.538635,26.0,100.0000,LOW,0.2,0.005,0.0
1774254790.0342875,145.910,-9999.000000,22.535135,26.0,100.0000,LOW,0.2,0.005,0.0
1774254790.1000552,145.976,-9999.000000,22.533968,26.0,100.0000,LOW,0.2,0.005,0.0
1774254790.1641316,146.040,-9999.000000,22.535135,26.0,100.0000,LOW,0.2,0.005,0.0
1774254790.2263541,146.102,-9999.000000,22.537467,26.0,100.0000,LOW,0.2,0.005,0.0
1774254790.2864635,146.162,-9999.000000,22.538247,26.0,100.0000,LOW,0.2,0.005,0.0
1774254790.3535652,146.229,-9999.000000,22.534356,26.0,100.0000,LOW,0.2,0.005,0.0
1774254790.4160137,146.292,-9999.000000,22.532800,26.0,100.0000,LOW,0.2,0.005,0.0
1774254790.474422,146.350,-9999.000000,22.531633,26.0,100.0000,LOW,0.2,0.005,0.0
1774254790.536632,146.412,-9999.000000,22.533968,26.0,100.0000,LOW,0.2,0.005,0.0
1774254790.595071,146.471,-9999.000000,22.532412,26.0,100.0000,LOW,0.2,0.005,0.0
1774254790.6549087,146.530,-9999.000000,22.535524,26.0,100.0000,LOW,0.2,0.005,0.0
1774254790.7248428,146.600,-9999.000000,22.536303,26.0,100.0000,LOW,0.2,0.005,0.0
1774254790.7870162,146.663,-9999.000000,22.533189,26.0,100.0000,LOW,0.2,0.005,0.0
1774254790.8448808,146.720,-9999.000000,22.530469,26.0,100.0000,LOW,0.2,0.005,0.0
1774254790.9148934,146.790,-9999.000000,22.530077,26.0,100.0000,LOW,0.2,0.005,0.0
1774254790.9710305,146.847,-9999.000000,22.532800,26.0,100.0000,LOW,0.2,0.005,0.0
1774254791.0445275,146.920,-9999.000000,22.533189,26.0,100.0000,LOW,0.2,0.005,0.0
1774254791.1046386,146.980,-9999.000000,22.534747,26.0,100.0000,LOW,0.2,0.005,0.0
1774254791.1688664,147.044,-9999.000000,22.532412,26.0,100.0000,LOW,0.2,0.005,0.0
1774254791.2147229,147.090,-9999.000000,22.530077,26.0,100.0000,LOW,0.2,0.005,0.0
1774254791.2839432,147.160,-9999.000000,22.528134,26.0,100.0000,LOW,0.2,0.005,0.0
1774254791.3463404,147.222,-9999.000000,22.528134,26.0,100.0000,LOW,0.2,0.005,0.0
1774254791.41367,147.289,-9999.000000,22.530077,26.0,100.0000,LOW,0.2,0.005,0.0
1774254791.4748096,147.350,-9999.000000,22.532412,26.0,100.0000,LOW,0.2,0.005,0.0
1774254791.536204,147.412,-9999.000000,22.531633,26.0,100.0000,LOW,0.2,0.005,0.0
1774254791.5963244,147.472,-9999.000000,22.526966,26.0,100.0000,LOW,0.2,0.005,0.0
1774254791.6665046,147.542,-9999.000000,22.526190,26.0,100.0000,LOW,0.2,0.005,0.0
1774254791.7246392,147.600,-9999.000000,22.528134,26.0,100.0000,LOW,0.2,0.005,0.0
1774254791.7948081,147.670,-9999.000000,22.530469,26.0,100.0000,LOW,0.2,0.005,0.0
1774254791.8576546,147.733,-9999.000000,22.529689,26.0,100.0000,LOW,0.2,0.005,0.0
1774254791.9106026,147.786,-9999.000000,22.530077,26.0,100.0000,LOW,0.2,0.005,0.0
1774254791.9849908,147.861,-9999.000000,22.525411,26.0,100.0000,LOW,0.2,0.005,0.0
1774254792.0246398,147.900,-9999.000000,22.524243,26.0,100.0000,LOW,0.2,0.005,0.0
1774254792.094464,147.970,-9999.000000,22.525799,26.0,100.0000,LOW,0.2,0.005,0.0
1774254792.1558278,148.031,-9999.000000,22.530077,26.0,100.0000,LOW,0.2,0.005,0.0
1774254792.2147236,148.090,-9999.000000,22.528913,26.0,100.0000,LOW,0.2,0.005,0.0
1774254792.2871306,148.163,-9999.000000,22.525799,26.0,100.0000,LOW,0.2,0.005,0.0
1774254792.3470917,148.223,-9999.000000,22.523076,26.0,100.0000,LOW,0.2,0.005,0.0
1774254792.4150617,148.291,-9999.000000,22.523076,26.0,100.0000,LOW,0.2,0.005,0.0
1774254792.4743042,148.350,-9999.000000,22.526190,26.0,100.0000,LOW,0.2,0.005,0.0
1774254792.534391,148.410,-9999.000000,22.528522,26.0,100.0000,LOW,0.2,0.005,0.0
1774254792.604264,148.480,-9999.000000,22.527354,26.0,100.0000,LOW,0.2,0.005,0.0
1774254792.6663358,148.542,-9999.000000,22.523467,26.0,100.0000,LOW,0.2,0.005,0.0
1774254792.7344325,148.610,-9999.000000,22.522300,26.0,100.0000,LOW,0.2,0.005,0.0
1774254792.7838094,148.659,-9999.000000,22.521132,26.0,100.0000,LOW,0.2,0.005,0.0
1774254792.8449426,148.721,-9999.000000,22.522300,26.0,100.0000,LOW,0.2,0.005,0.0
1774254792.904358,148.780,-9999.000000,22.524243,26.0,100.0000,LOW,0.2,0.005,0.0
1774254792.9748297,148.850,-9999.000000,22.525799,26.0,100.0000,LOW,0.2,0.005,0.0
1774254793.0360858,148.912,-9999.000000,22.525022,26.0,100.0000,LOW,0.2,0.005,0.0
1774254793.1075695,148.983,-9999.000000,22.525022,26.0,100.0000,LOW,0.2,0.005,0.0
1774254793.1647131,149.040,-9999.000000,22.521132,26.0,100.0000,LOW,0.2,0.005,0.0
1774254793.2343528,149.110,-9999.000000,22.519188,26.0,100.0000,LOW,0.2,0.005,0.0
1774254793.2964053,149.172,-9999.000000,22.518800,26.0,100.0000,LOW,0.2,0.005,0.0
1774254793.3547647,149.230,-9999.000000,22.522300,26.0,100.0000,LOW,0.2,0.005,0.0
1774254793.4248254,149.300,-9999.000000,22.524243,26.0,100.0000,LOW,0.2,0.005,0.0
1774254793.4864078,149.362,-9999.000000,22.523076,26.0,100.0000,LOW,0.2,0.005,0.0
1774254793.5549326,149.430,-9999.000000,22.519965,26.0,100.0000,LOW,0.2,0.005,0.0
1774254793.616415,149.492,-9999.000000,22.517242,26.0,100.0000,LOW,0.2,0.005,0.0
1774254793.67792,149.553,-9999.000000,22.517242,26.0,100.0000,LOW,0.2,0.005,0.0
1774254793.744282,149.620,-9999.000000,22.519965,26.0,100.0000,LOW,0.2,0.005,0.0
1774254793.805813,149.681,-9999.000000,22.522300,26.0,100.0000,LOW,0.2,0.005,0.0
1774254793.8645093,149.740,-9999.000000,22.519188,26.0,100.0000,LOW,0.2,0.005,0.0
1774254793.9346292,149.810,-9999.000000,22.516077,26.0,100.0000,LOW,0.2,0.005,0.0
1774254793.9958227,149.871,-9999.000000,22.514910,26.0,100.0000,LOW,0.2,0.005,0.0
1774254794.0542135,149.930,-9999.000000,22.519577,26.0,100.0000,LOW,0.2,0.005,0.0
1774254794.1246016,150.000,-9999.000000,22.519577,26.0,100.0000,LOW,0.2,0.005,0.0
1774254794.164649,150.040,-9999.000000,22.519188,26.0,100.0000,LOW,0.2,0.005,0.0
1774254794.234215,150.110,-9999.000000,22.515686,26.0,100.0000,LOW,0.2,0.005,0.0
1774254794.2961202,150.172,-9999.000000,22.513355,26.0,100.0000,LOW,0.2,0.005,0.0
1774254794.3637626,150.239,-9999.000000,22.514910,26.0,100.0000,LOW,0.2,0.005,0.0
1774254794.4248672,150.300,-9999.000000,22.518800,26.0,100.0000,LOW,0.2,0.005,0.0
1774254794.4848273,150.360,-9999.000000,22.519188,26.0,100.0000,LOW,0.2,0.005,0.0
1774254794.5545514,150.430,-9999.000000,22.517633,26.0,100.0000,LOW,0.2,0.005,0.0
1774254794.61632,150.492,-9999.000000,22.514522,26.0,100.0000,LOW,0.2,0.005,0.0
1774254794.6842031,150.560,-9999.000000,22.511408,26.0,100.0000,LOW,0.2,0.005,0.0
1774254794.748115,150.624,-9999.000000,22.511020,26.0,100.0000,LOW,0.2,0.005,0.0
1774254794.8087516,150.684,-9999.000000,22.514522,26.0,100.0000,LOW,0.2,0.005,0.0
1774254794.8758988,150.751,-9999.000000,22.517633,26.0,100.0000,LOW,0.2,0.005,0.0
1774254794.9345827,150.810,-9999.000000,22.515686,26.0,100.0000,LOW,0.2,0.005,0.0
1774254795.0051227,150.881,-9999.000000,22.513355,26.0,100.0000,LOW,0.2,0.005,0.0
1774254795.0644171,150.940,-9999.000000,22.510632,26.0,100.0000,LOW,0.2,0.005,0.0
1774254795.133904,151.009,-9999.000000,22.509076,26.0,100.0000,LOW,0.2,0.005,0.0
1774254795.1871762,151.063,-9999.000000,22.514131,26.0,100.0000,LOW,0.2,0.005,0.0
1774254795.254909,151.130,-9999.000000,22.514522,26.0,100.0000,LOW,0.2,0.005,0.0
1774254795.3247335,151.200,-9999.000000,22.513743,26.0,100.0000,LOW,0.2,0.005,0.0
1774254795.386593,151.262,-9999.000000,22.509852,26.0,100.0000,LOW,0.2,0.005,0.0
1774254795.444503,151.320,-9999.000000,22.507909,26.0,100.0000,LOW,0.2,0.005,0.0
1774254795.5148134,151.390,-9999.000000,22.507909,26.0,100.0000,LOW,0.2,0.005,0.0
1774254795.5758078,151.451,-9999.000000,22.511408,26.0,100.0000,LOW,0.2,0.005,0.0
1774254795.636585,151.512,-9999.000000,22.512187,26.0,100.0000,LOW,0.2,0.005,0.0
1774254795.7059815,151.582,-9999.000000,22.511020,26.0,100.0000,LOW,0.2,0.005,0.0
1774254795.7644439,151.640,-9999.000000,22.507909,26.0,100.0000,LOW,0.2,0.005,0.0
1774254795.8340828,151.710,-9999.000000,22.505574,26.0,100.0000,LOW,0.2,0.005,0.0
1774254795.8976178,151.773,-9999.000000,22.505574,26.0,100.0000,LOW,0.2,0.005,0.0
1774254795.954623,151.830,-9999.000000,22.509076,26.0,100.0000,LOW,0.2,0.005,0.0
1774254796.0248346,151.900,-9999.000000,22.511020,26.0,100.0000,LOW,0.2,0.005,0.0
1774254796.0803394,151.956,-9999.000000,22.504798,26.0,100.0000,LOW,0.2,0.005,0.0
1774254796.1549387,152.031,-9999.000000,22.507909,26.0,100.0000,LOW,0.2,0.005,0.0
1774254796.2142937,152.090,-9999.000000,22.505186,26.0,100.0000,LOW,0.2,0.005,0.0
1774254796.2746084,152.150,-9999.000000,22.503631,26.0,100.0000,LOW,0.2,0.005,0.0
1774254796.3444846,152.220,-9999.000000,22.504410,26.0,100.0000,LOW,0.2,0.005,0.0
1774254796.4068742,152.282,-9999.000000,22.507130,26.0,100.0000,LOW,0.2,0.005,0.0
1774254796.4750397,152.351,-9999.000000,22.508297,26.0,100.0000,LOW,0.2,0.005,0.0
1774254796.5343418,152.410,-9999.000000,22.507521,26.0,100.0000,LOW,0.2,0.005,0.0
1774254796.6038296,152.479,-9999.000000,22.503631,26.0,100.0000,LOW,0.2,0.005,0.0
1774254796.6670208,152.543,-9999.000000,22.501296,26.0,100.0000,LOW,0.2,0.005,0.0
1774254796.7244787,152.600,-9999.000000,22.501296,26.0,100.0000,LOW,0.2,0.005,0.0
1774254796.7949016,152.670,-9999.000000,22.504798,26.0,100.0000,LOW,0.2,0.005,0.0
1774254796.8559508,152.732,-9999.000000,22.505574,26.0,100.0000,LOW,0.2,0.005,0.0
1774254796.904279,152.780,-9999.000000,22.507130,26.0,100.0000,LOW,0.2,0.005,0.0
1774254796.9661934,152.842,-9999.000000,22.504798,26.0,100.0000,LOW,0.2,0.005,0.0
1774254797.0359247,152.911,-9999.000000,22.501687,26.0,100.0000,LOW,0.2,0.005,0.0
1774254797.0950987,152.971,-9999.000000,22.498964,26.0,100.0000,LOW,0.2,0.005,0.0
1774254797.1642146,153.040,-9999.000000,22.499353,26.0,100.0000,LOW,0.2,0.005,0.0
1774254797.224898,153.100,-9999.000000,22.502463,26.0,100.0000,LOW,0.2,0.005,0.0
1774254797.286586,153.162,-9999.000000,22.504410,26.0,100.0000,LOW,0.2,0.005,0.0
1774254797.3570323,153.233,-9999.000000,22.503243,26.0,100.0000,LOW,0.2,0.005,0.0
1774254797.4181068,153.294,-9999.000000,22.499741,26.0,100.0000,LOW,0.2,0.005,0.0
1774254797.4761617,153.352,-9999.000000,22.503243,26.0,100.0000,LOW,0.2,0.005,0.0
1774254797.5344038,153.410,-9999.000000,22.502075,26.0,100.0000,LOW,0.2,0.005,0.0
1774254797.5959048,153.471,-9999.000000,22.498576,26.0,100.0000,LOW,0.2,0.005,0.0
1774254797.6659124,153.541,-9999.000000,22.495854,26.0,100.0000,LOW,0.2,0.005,0.0
1774254797.7282133,153.604,-9999.000000,22.496242,26.0,100.0000,LOW,0.2,0.005,0.0
1774254797.786551,153.662,-9999.000000,22.499741,26.0,100.0000,LOW,0.2,0.005,0.0
1774254797.8598185,153.735,-9999.000000,22.500520,26.0,100.0000,LOW,0.2,0.005,0.0
1774254797.9140437,153.790,-9999.000000,22.495074,26.0,100.0000,LOW,0.2,0.005,0.0
1774254797.9664025,153.842,-9999.000000,22.499353,26.0,100.0000,LOW,0.2,0.005,0.0
1774254798.0355792,153.911,-9999.000000,22.496242,26.0,100.0000,LOW,0.2,0.005,0.0
1774254798.0944748,153.970,-9999.000000,22.493907,26.0,100.0000,LOW,0.2,0.005,0.0
1774254798.1647732,154.040,-9999.000000,22.493907,26.0,100.0000,LOW,0.2,0.005,0.0
1774254798.217842,154.093,-9999.000000,22.497409,26.0,100.0000,LOW,0.2,0.005,0.0
1774254798.2863307,154.162,-9999.000000,22.498576,26.0,100.0000,LOW,0.2,0.005,0.0
1774254798.3549812,154.231,-9999.000000,22.497409,26.0,100.0000,LOW,0.2,0.005,0.0
1774254798.4142668,154.290,-9999.000000,22.494298,26.0,100.0000,LOW,0.2,0.005,0.0
1774254798.4742012,154.350,-9999.000000,22.497018,26.0,100.0000,LOW,0.2,0.005,0.0
1774254798.546827,154.422,-9999.000000,22.490797,26.0,100.0000,LOW,0.2,0.005,0.0
1774254798.6043797,154.480,-9999.000000,22.493519,26.0,100.0000,LOW,0.2,0.005,0.0
1774254798.674866,154.550,-9999.000000,22.496630,26.0,100.0000,LOW,0.2,0.005,0.0
1774254798.7381592,154.614,-9999.000000,22.495463,26.0,100.0000,LOW,0.2,0.005,0.0
1774254798.804782,154.680,-9999.000000,22.493907,26.0,100.0000,LOW,0.2,0.005,0.0
1774254798.8664963,154.742,-9999.000000,22.489629,26.0,100.0000,LOW,0.2,0.005,0.0
1774254798.9246464,154.800,-9999.000000,22.489241,26.0,100.0000,LOW,0.2,0.005,0.0
1774254798.9947584,154.870,-9999.000000,22.491185,26.0,100.0000,LOW,0.2,0.005,0.0
1774254799.050674,154.926,-9999.000000,22.488853,26.0,100.0000,LOW,0.2,0.005,0.0
1774254799.1245317,155.000,-9999.000000,22.494686,26.0,100.0000,LOW,0.2,0.005,0.0
1774254799.1851404,155.061,-9999.000000,22.492352,26.0,100.0000,LOW,0.2,0.005,0.0
1774254799.2443104,155.120,-9999.000000,22.487298,26.0,100.0000,LOW,0.2,0.005,0.0
1774254799.3150096,155.191,-9999.000000,22.487298,26.0,100.0000,LOW,0.2,0.005,0.0
1774254799.3757915,155.251,-9999.000000,22.486907,26.0,100.0000,LOW,0.2,0.005,0.0
1774254799.4443493,155.320,-9999.000000,22.488853,26.0,100.0000,LOW,0.2,0.005,0.0
1774254799.508681,155.384,-9999.000000,22.491576,26.0,100.0000,LOW,0.2,0.005,0.0
1774254799.5663424,155.442,-9999.000000,22.490408,26.0,100.0000,LOW,0.2,0.005,0.0
1774254799.6364388,155.512,-9999.000000,22.488465,26.0,100.0000,LOW,0.2,0.005,0.0
1774254799.6942077,155.570,-9999.000000,22.485742,26.0,100.0000,LOW,0.2,0.005,0.0
1774254799.7648952,155.640,-9999.000000,22.484963,26.0,100.0000,LOW,0.2,0.005,0.0
1774254799.824291,155.700,-9999.000000,22.485742,26.0,100.0000,LOW,0.2,0.005,0.0
1774254799.8943114,155.770,-9999.000000,22.488074,26.0,100.0000,LOW,0.2,0.005,0.0
1774254799.9565187,155.832,-9999.000000,22.488853,26.0,100.0000,LOW,0.2,0.005,0.0
1774254800.0148132,155.890,-9999.000000,22.487686,26.0,100.0000,LOW,0.2,0.005,0.0
1774254800.0845158,155.960,-9999.000000,22.483796,26.0,100.0000,LOW,0.2,0.005,0.0
1774254800.1461787,156.022,-9999.000000,22.482241,26.0,100.0000,LOW,0.2,0.005,0.0
1774254800.2142336,156.090,-9999.000000,22.482241,26.0,100.0000,LOW,0.2,0.005,0.0
1774254800.2748232,156.150,-9999.000000,22.484187,26.0,100.0000,LOW,0.2,0.005,0.0
1774254800.335864,156.211,-9999.000000,22.487686,26.0,100.0000,LOW,0.2,0.005,0.0
1774254800.4068356,156.282,-9999.000000,22.487298,26.0,100.0000,LOW,0.2,0.005,0.0
1774254800.4547267,156.330,-9999.000000,22.484187,26.0,100.0000,LOW,0.2,0.005,0.0
1774254800.5174696,156.393,-9999.000000,22.481074,26.0,100.0000,LOW,0.2,0.005,0.0
1774254800.574258,156.450,-9999.000000,22.480686,26.0,100.0000,LOW,0.2,0.005,0.0
1774254800.6442637,156.520,-9999.000000,22.482629,26.0,100.0000,LOW,0.2,0.005,0.0
1774254800.7061205,156.582,-9999.000000,22.484963,26.0,100.0000,LOW,0.2,0.005,0.0
1774254800.7744005,156.650,-9999.000000,22.484963,26.0,100.0000,LOW,0.2,0.005,0.0
1774254800.8343954,156.710,-9999.000000,22.481465,26.0,100.0000,LOW,0.2,0.005,0.0
1774254800.8946939,156.770,-9999.000000,22.478742,26.0,100.0000,LOW,0.2,0.005,0.0
1774254800.9639215,156.839,-9999.000000,22.479130,26.0,100.0000,LOW,0.2,0.005,0.0
1774254801.026251,156.902,-9999.000000,22.481074,26.0,100.0000,LOW,0.2,0.005,0.0
1774254801.0845249,156.960,-9999.000000,22.483408,26.0,100.0000,LOW,0.2,0.005,0.0
1774254801.1559434,157.032,-9999.000000,22.482629,26.0,100.0000,LOW,0.2,0.005,0.0
1774254801.210425,157.086,-9999.000000,22.482629,26.0,100.0000,LOW,0.2,0.005,0.0
1774254801.2669163,157.142,-9999.000000,22.477963,26.0,100.0000,LOW,0.2,0.005,0.0
1774254801.3269067,157.202,-9999.000000,22.476408,26.0,100.0000,LOW,0.2,0.005,0.0
1774254801.3959012,157.271,-9999.000000,22.476408,26.0,100.0000,LOW,0.2,0.005,0.0
1774254801.454341,157.330,-9999.000000,22.481853,26.0,100.0000,LOW,0.2,0.005,0.0
1774254801.5247014,157.400,-9999.000000,22.481465,26.0,100.0000,LOW,0.2,0.005,0.0
1774254801.5881312,157.464,-9999.000000,22.479518,26.0,100.0000,LOW,0.2,0.005,0.0
1774254801.6449163,157.520,-9999.000000,22.476020,26.0,100.0000,LOW,0.2,0.005,0.0
1774254801.7063487,157.582,-9999.000000,22.480686,26.0,100.0000,LOW,0.2,0.005,0.0
1774254801.7758064,157.651,-9999.000000,22.475241,26.0,100.0000,LOW,0.2,0.005,0.0
1774254801.8358877,157.711,-9999.000000,22.478742,26.0,100.0000,LOW,0.2,0.005,0.0
1774254801.905923,157.781,-9999.000000,22.479518,26.0,100.0000,LOW,0.2,0.005,0.0
1774254801.9558196,157.831,-9999.000000,22.478742,26.0,100.0000,LOW,0.2,0.005,0.0
1774254802.0200775,157.896,-9999.000000,22.475241,26.0,100.0000,LOW,0.2,0.005,0.0
1774254802.0759308,157.951,-9999.000000,22.473685,26.0,100.0000,LOW,0.2,0.005,0.0
1774254802.1459925,158.022,-9999.000000,22.474853,26.0,100.0000,LOW,0.2,0.005,0.0
1774254802.2049475,158.081,-9999.000000,22.476408,26.0,100.0000,LOW,0.2,0.005,0.0
1774254802.2749772,158.151,-9999.000000,22.478354,26.0,100.0000,LOW,0.2,0.005,0.0
1774254802.334867,158.210,-9999.000000,22.473685,26.0,100.0000,LOW,0.2,0.005,0.0
1774254802.40081,158.276,-9999.000000,22.471354,26.0,100.0000,LOW,0.2,0.005,0.0
1774254802.4544048,158.330,-9999.000000,22.476408,26.0,100.0000,LOW,0.2,0.005,0.0
1774254802.5250409,158.401,-9999.000000,22.474853,26.0,100.0000,LOW,0.2,0.005,0.0
1774254802.5860634,158.462,-9999.000000,22.476020,26.0,100.0000,LOW,0.2,0.005,0.0
1774254802.657228,158.533,-9999.000000,22.475241,26.0,100.0000,LOW,0.2,0.005,0.0
1774254802.7142155,158.590,-9999.000000,22.471354,26.0,100.0000,LOW,0.2,0.005,0.0
1774254802.7670555,158.643,-9999.000000,22.470187,26.0,100.0000,LOW,0.2,0.005,0.0
1774254802.8244908,158.700,-9999.000000,22.469020,26.0,100.0000,LOW,0.2,0.005,0.0
1774254802.8960369,158.772,-9999.000000,22.469799,26.0,100.0000,LOW,0.2,0.005,0.0
1774254802.9560356,158.832,-9999.000000,22.472909,26.0,100.0000,LOW,0.2,0.005,0.0
1774254803.024905,158.900,-9999.000000,22.473685,26.0,100.0000,LOW,0.2,0.005,0.0
1774254803.084243,158.960,-9999.000000,22.471742,26.0,100.0000,LOW,0.2,0.005,0.0
1774254803.1508753,159.026,-9999.000000,22.468632,26.0,100.0000,LOW,0.2,0.005,0.0
1774254803.2145753,159.090,-9999.000000,22.466685,26.0,100.0000,LOW,0.2,0.005,0.0
1774254803.2759924,159.152,-9999.000000,22.470187,26.0,100.0000,LOW,0.2,0.005,0.0
1774254803.334552,159.210,-9999.000000,22.472518,26.0,100.0000,LOW,0.2,0.005,0.0
1774254803.4043446,159.280,-9999.000000,22.471354,26.0,100.0000,LOW,0.2,0.005,0.0
1774254803.4685695,159.344,-9999.000000,22.467853,26.0,100.0000,LOW,0.2,0.005,0.0
1774254803.5227325,159.398,-9999.000000,22.470963,26.0,100.0000,LOW,0.2,0.005,0.0
1774254803.574653,159.450,-9999.000000,22.465909,26.0,100.0000,LOW,0.2,0.005,0.0
1774254803.6436417,159.519,-9999.000000,22.470187,26.0,100.0000,LOW,0.2,0.005,0.0
1774254803.7083974,159.584,-9999.000000,22.470187,26.0,100.0000,LOW,0.2,0.005,0.0
1774254803.766458,159.642,-9999.000000,22.468244,26.0,100.0000,LOW,0.2,0.005,0.0
1774254803.835992,159.712,-9999.000000,22.466297,26.0,100.0000,LOW,0.2,0.005,0.0
1774254803.8971984,159.773,-9999.000000,22.463575,26.0,100.0000,LOW,0.2,0.005,0.0
1774254803.9640343,159.840,-9999.000000,22.463575,26.0,100.0000,LOW,0.2,0.005,0.0
1774254804.027675,159.903,-9999.000000,22.465130,26.0,100.0000,LOW,0.2,0.005,0.0
1774254804.0840092,159.960,-9999.000000,22.462799,26.0,100.0000,LOW,0.2,0.005,0.0
1774254804.1543574,160.030,-9999.000000,22.467076,26.0,100.0000,LOW,0.2,0.005,0.0
1774254804.2145777,160.090,-9999.000000,22.462020,26.0,100.0000,LOW,0.2,0.005,0.0
1774254804.2789626,160.155,-9999.000000,22.462408,26.0,100.0000,LOW,0.2,0.005,0.0
1774254804.3342164,160.210,-9999.000000,22.466297,26.0,100.0000,LOW,0.2,0.005,0.0
1774254804.404867,160.280,-9999.000000,22.466685,26.0,100.0000,LOW,0.2,0.005,0.0
1774254804.4667785,160.342,-9999.000000,22.464742,26.0,100.0000,LOW,0.2,0.005,0.0
1774254804.534448,160.410,-9999.000000,22.460465,26.0,100.0000,LOW,0.2,0.005,0.0
1774254804.5978682,160.473,-9999.000000,22.460077,26.0,100.0000,LOW,0.2,0.005,0.0
1774254804.6545265,160.530,-9999.000000,22.462799,26.0,100.0000,LOW,0.2,0.005,0.0
1774254804.7255735,160.601,-9999.000000,22.465130,26.0,100.0000,LOW,0.2,0.005,0.0
1774254804.786171,160.662,-9999.000000,22.463966,26.0,100.0000,LOW,0.2,0.005,0.0
1774254804.8444676,160.720,-9999.000000,22.461244,26.0,100.0000,LOW,0.2,0.005,0.0
1774254804.9148865,160.790,-9999.000000,22.458134,26.0,100.0000,LOW,0.2,0.005,0.0
1774254804.9736686,160.849,-9999.000000,22.464354,26.0,100.0000,LOW,0.2,0.005,0.0
1774254805.0442517,160.920,-9999.000000,22.462020,26.0,100.0000,LOW,0.2,0.005,0.0
1774254805.1046166,160.980,-9999.000000,22.463187,26.0,100.0000,LOW,0.2,0.005,0.0
1774254805.166341,161.042,-9999.000000,22.462020,26.0,100.0000,LOW,0.2,0.005,0.0
1774254805.236036,161.112,-9999.000000,22.459689,26.0,100.0000,LOW,0.2,0.005,0.0
1774254805.2896671,161.165,-9999.000000,22.462408,26.0,100.0000,LOW,0.2,0.005,0.0
1774254805.3461967,161.222,-9999.000000,22.457355,26.0,100.0000,LOW,0.2,0.005,0.0
1774254805.404317,161.280,-9999.000000,22.458522,26.0,100.0000,LOW,0.2,0.005,0.0
1774254805.4674323,161.343,-9999.000000,22.459689,26.0,100.0000,LOW,0.2,0.005,0.0
1774254805.536544,161.412,-9999.000000,22.461632,26.0,100.0000,LOW,0.2,0.005,0.0
1774254805.6045902,161.480,-9999.000000,22.460465,26.0,100.0000,LOW,0.2,0.005,0.0
1774254805.6649365,161.541,-9999.000000,22.457743,26.0,100.0000,LOW,0.2,0.005,0.0
1774254805.7242076,161.600,-9999.000000,22.460465,26.0,100.0000,LOW,0.2,0.005,0.0
1774254805.7978165,161.673,-9999.000000,22.454632,26.0,100.0000,LOW,0.2,0.005,0.0
1774254805.8559535,161.732,-9999.000000,22.456966,26.0,100.0000,LOW,0.2,0.005,0.0
1774254805.9262614,161.802,-9999.000000,22.459689,26.0,100.0000,LOW,0.2,0.005,0.0
1774254805.9847286,161.860,-9999.000000,22.460465,26.0,100.0000,LOW,0.2,0.005,0.0
1774254806.054395,161.930,-9999.000000,22.458522,26.0,100.0000,LOW,0.2,0.005,0.0
1774254806.1084108,161.984,-9999.000000,22.455411,26.0,100.0000,LOW,0.2,0.005,0.0
1774254806.1782615,162.054,-9999.000000,22.453077,26.0,100.0000,LOW,0.2,0.005,0.0
1774254806.2443187,162.120,-9999.000000,22.453465,26.0,100.0000,LOW,0.2,0.005,0.0
1774254806.3048398,162.180,-9999.000000,22.456966,26.0,100.0000,LOW,0.2,0.005,0.0
1774254806.3745706,162.250,-9999.000000,22.458134,26.0,100.0000,LOW,0.2,0.005,0.0
1774254806.4361703,162.312,-9999.000000,22.455020,26.0,100.0000,LOW,0.2,0.005,0.0
1774254806.4944708,162.370,-9999.000000,22.451910,26.0,100.0000,LOW,0.2,0.005,0.0
1774254806.563668,162.439,-9999.000000,22.452301,26.0,100.0000,LOW,0.2,0.005,0.0
1774254806.6261609,162.502,-9999.000000,22.454244,26.0,100.0000,LOW,0.2,0.005,0.0
1774254806.6842399,162.560,-9999.000000,22.457355,26.0,100.0000,LOW,0.2,0.005,0.0
1774254806.7544608,162.630,-9999.000000,22.455799,26.0,100.0000,LOW,0.2,0.005,0.0
1774254806.8144326,162.690,-9999.000000,22.451910,26.0,100.0000,LOW,0.2,0.005,0.0
1774254806.879534,162.755,-9999.000000,22.450743,26.0,100.0000,LOW,0.2,0.005,0.0
1774254806.9435475,162.819,-9999.000000,22.453077,26.0,100.0000,LOW,0.2,0.005,0.0
1774254807.0047204,162.880,-9999.000000,22.455799,26.0,100.0000,LOW,0.2,0.005,0.0
1774254807.066338,162.942,-9999.000000,22.452301,26.0,100.0000,LOW,0.2,0.005,0.0
1774254807.134319,163.010,-9999.000000,22.449967,26.0,100.0000,LOW,0.2,0.005,0.0
1774254807.1945589,163.070,-9999.000000,22.449188,26.0,100.0000,LOW,0.2,0.005,0.0
1774254807.2550032,163.131,-9999.000000,22.452689,26.0,100.0000,LOW,0.2,0.005,0.0
1774254807.3144197,163.190,-9999.000000,22.448024,26.0,100.0000,LOW,0.2,0.005,0.0
1774254807.3869524,163.263,-9999.000000,22.451910,26.0,100.0000,LOW,0.2,0.005,0.0
1774254807.4446492,163.320,-9999.000000,22.449188,26.0,100.0000,LOW,0.2,0.005,0.0
1774254807.5157976,163.391,-9999.000000,22.446857,26.0,100.0000,LOW,0.2,0.005,0.0
1774254807.5692008,163.445,-9999.000000,22.452301,26.0,100.0000,LOW,0.2,0.005,0.0
1774254807.6271489,163.503,-9999.000000,22.450355,26.0,100.0000,LOW,0.2,0.005,0.0
1774254807.684262,163.560,-9999.000000,22.451910,26.0,100.0000,LOW,0.2,0.005,0.0
1774254807.7543552,163.630,-9999.000000,22.450743,26.0,100.0000,LOW,0.2,0.005,0.0
1774254807.8147929,163.690,-9999.000000,22.447633,26.0,100.0000,LOW,0.2,0.005,0.0
1774254807.8806736,163.756,-9999.000000,22.445690,26.0,100.0000,LOW,0.2,0.005,0.0
1774254807.946944,163.823,-9999.000000,22.445690,26.0,100.0000,LOW,0.2,0.005,0.0
1774254808.0045755,163.880,-9999.000000,22.449188,26.0,100.0000,LOW,0.2,0.005,0.0
1774254808.0744035,163.950,-9999.000000,22.451134,26.0,100.0000,LOW,0.2,0.005,0.0
1774254808.1359766,164.012,-9999.000000,22.449188,26.0,100.0000,LOW,0.2,0.005,0.0
1774254808.1943684,164.070,-9999.000000,22.446078,26.0,100.0000,LOW,0.2,0.005,0.0
1774254808.2649813,164.141,-9999.000000,22.444135,26.0,100.0000,LOW,0.2,0.005,0.0
1774254808.3150506,164.191,-9999.000000,22.444135,26.0,100.0000,LOW,0.2,0.005,0.0
1774254808.374827,164.250,-9999.000000,22.447245,26.0,100.0000,LOW,0.2,0.005,0.0
1774254808.4377203,164.313,-9999.000000,22.449188,26.0,100.0000,LOW,0.2,0.005,0.0
1774254808.5047626,164.380,-9999.000000,22.448412,26.0,100.0000,LOW,0.2,0.005,0.0
1774254808.568042,164.444,-9999.000000,22.447245,26.0,100.0000,LOW,0.2,0.005,0.0
1774254808.6339602,164.510,-9999.000000,22.443356,26.0,100.0000,LOW,0.2,0.005,0.0
1774254808.694862,164.570,-9999.000000,22.442580,26.0,100.0000,LOW,0.2,0.005,0.0
1774254808.7558858,164.631,-9999.000000,22.445690,26.0,100.0000,LOW,0.2,0.005,0.0
1774254808.8239944,164.700,-9999.000000,22.447633,26.0,100.0000,LOW,0.2,0.005,0.0
1774254808.8845348,164.760,-9999.000000,22.446466,26.0,100.0000,LOW,0.2,0.005,0.0
1774254808.945922,164.821,-9999.000000,22.443747,26.0,100.0000,LOW,0.2,0.005,0.0
1774254809.0158715,164.891,-9999.000000,22.440634,26.0,100.0000,LOW,0.2,0.005,0.0
1774254809.064398,164.940,-9999.000000,22.441025,26.0,100.0000,LOW,0.2,0.005,0.0
1774254809.124413,165.000,-9999.000000,22.442968,26.0,100.0000,LOW,0.2,0.005,0.0
1774254809.1844127,165.060,-9999.000000,22.444911,26.0,100.0000,LOW,0.2,0.005,0.0
1774254809.254279,165.130,-9999.000000,22.445690,26.0,100.0000,LOW,0.2,0.005,0.0
1774254809.318816,165.194,-9999.000000,22.443747,26.0,100.0000,LOW,0.2,0.005,0.0
1774254809.3839598,165.260,-9999.000000,22.439470,26.0,100.0000,LOW,0.2,0.005,0.0
1774254809.444864,165.320,-9999.000000,22.439470,26.0,100.0000,LOW,0.2,0.005,0.0
1774254809.5072837,165.383,-9999.000000,22.442192,26.0,100.0000,LOW,0.2,0.005,0.0
1774254809.5750024,165.451,-9999.000000,22.444911,26.0,100.0000,LOW,0.2,0.005,0.0
1774254809.6346178,165.510,-9999.000000,22.443356,26.0,100.0000,LOW,0.2,0.005,0.0
1774254809.7040634,165.580,-9999.000000,22.441413,26.0,100.0000,LOW,0.2,0.005,0.0
1774254809.7543201,165.630,-9999.000000,22.442192,26.0,100.0000,LOW,0.2,0.005,0.0
1774254809.8156466,165.691,-9999.000000,22.437136,26.0,100.0000,LOW,0.2,0.005,0.0
1774254809.876448,165.752,-9999.000000,22.436748,26.0,100.0000,LOW,0.2,0.005,0.0
1774254809.944739,165.820,-9999.000000,22.440246,26.0,100.0000,LOW,0.2,0.005,0.0
1774254810.0050018,165.881,-9999.000000,22.442192,26.0,100.0000,LOW,0.2,0.005,0.0
1774254810.064638,165.940,-9999.000000,22.441025,26.0,100.0000,LOW,0.2,0.005,0.0
1774254810.1350303,166.011,-9999.000000,22.439079,26.0,100.0000,LOW,0.2,0.005,0.0
1774254810.19657,166.072,-9999.000000,22.435193,26.0,100.0000,LOW,0.2,0.005,0.0
1774254810.2647853,166.140,-9999.000000,22.434414,26.0,100.0000,LOW,0.2,0.005,0.0
1774254810.328296,166.204,-9999.000000,22.435193,26.0,100.0000,LOW,0.2,0.005,0.0
1774254810.3748844,166.250,-9999.000000,22.437915,26.0,100.0000,LOW,0.2,0.005,0.0
1774254810.4376945,166.313,-9999.000000,22.439858,26.0,100.0000,LOW,0.2,0.005,0.0
1774254810.5064735,166.382,-9999.000000,22.438691,26.0,100.0000,LOW,0.2,0.005,0.0
1774254810.5645144,166.440,-9999.000000,22.436357,26.0,100.0000,LOW,0.2,0.005,0.0
1774254810.62449,166.500,-9999.000000,22.432859,26.0,100.0000,LOW,0.2,0.005,0.0
1774254810.6942677,166.570,-9999.000000,22.432859,26.0,100.0000,LOW,0.2,0.005,0.0
1774254810.7542236,166.630,-9999.000000,22.436748,26.0,100.0000,LOW,0.2,0.005,0.0
1774254810.8246346,166.700,-9999.000000,22.437136,26.0,100.0000,LOW,0.2,0.005,0.0
1774254810.8784695,166.754,-9999.000000,22.432083,26.0,100.0000,LOW,0.2,0.005,0.0
1774254810.9479067,166.823,-9999.000000,22.432859,26.0,100.0000,LOW,0.2,0.005,0.0
1774254811.006347,166.882,-9999.000000,22.436748,26.0,100.0000,LOW,0.2,0.005,0.0
1774254811.0647686,166.940,-9999.000000,22.430525,26.0,100.0000,LOW,0.2,0.005,0.0
1774254811.1261764,167.002,-9999.000000,22.432859,26.0,100.0000,LOW,0.2,0.005,0.0
1774254811.193622,167.069,-9999.000000,22.435193,26.0,100.0000,LOW,0.2,0.005,0.0
1774254811.254792,167.130,-9999.000000,22.435581,26.0,100.0000,LOW,0.2,0.005,0.0
1774254811.3164363,167.192,-9999.000000,22.433638,26.0,100.0000,LOW,0.2,0.005,0.0
1774254811.384632,167.260,-9999.000000,22.430916,26.0,100.0000,LOW,0.2,0.005,0.0
1774254811.437552,167.313,-9999.000000,22.434414,26.0,100.0000,LOW,0.2,0.005,0.0
1774254811.5078795,167.383,-9999.000000,22.428582,26.0,100.0000,LOW,0.2,0.005,0.0
1774254811.5743945,167.450,-9999.000000,22.432859,26.0,100.0000,LOW,0.2,0.005,0.0
1774254811.6359687,167.512,-9999.000000,22.434026,26.0,100.0000,LOW,0.2,0.005,0.0
1774254811.6870918,167.563,-9999.000000,22.433638,26.0,100.0000,LOW,0.2,0.005,0.0
1774254811.7542682,167.630,-9999.000000,22.432471,26.0,100.0000,LOW,0.2,0.005,0.0
1774254811.814871,167.690,-9999.000000,22.428194,26.0,100.0000,LOW,0.2,0.005,0.0
1774254811.8764896,167.752,-9999.000000,22.427027,26.0,100.0000,LOW,0.2,0.005,0.0
1774254811.9448726,167.820,-9999.000000,22.428970,26.0,100.0000,LOW,0.2,0.005,0.0
1774254812.004413,167.880,-9999.000000,22.430137,26.0,100.0000,LOW,0.2,0.005,0.0
1774254812.0746372,167.950,-9999.000000,22.432083,26.0,100.0000,LOW,0.2,0.005,0.0
1774254812.1344047,168.010,-9999.000000,22.431692,26.0,100.0000,LOW,0.2,0.005,0.0
1774254812.1964328,168.072,-9999.000000,22.428194,26.0,100.0000,LOW,0.2,0.005,0.0
1774254812.2662318,168.142,-9999.000000,22.425860,26.0,100.0000,LOW,0.2,0.005,0.0
1774254812.3139858,168.190,-9999.000000,22.425472,26.0,100.0000,LOW,0.2,0.005,0.0
1774254812.3768892,168.252,-9999.000000,22.426639,26.0,100.0000,LOW,0.2,0.005,0.0
1774254812.4347281,168.310,-9999.000000,22.430137,26.0,100.0000,LOW,0.2,0.005,0.0
1774254812.505484,168.381,-9999.000000,22.429361,26.0,100.0000,LOW,0.2,0.005,0.0
1774254812.5662389,168.442,-9999.000000,22.425472,26.0,100.0000,LOW,0.2,0.005,0.0
1774254812.624472,168.500,-9999.000000,22.423917,26.0,100.0000,LOW,0.2,0.005,0.0
1774254812.6947079,168.570,-9999.000000,22.425084,26.0,100.0000,LOW,0.2,0.005,0.0
1774254812.7562616,168.632,-9999.000000,22.427806,26.0,100.0000,LOW,0.2,0.005,0.0
1774254812.8236084,168.699,-9999.000000,22.429361,26.0,100.0000,LOW,0.2,0.005,0.0
1774254812.88596,168.762,-9999.000000,22.427806,26.0,100.0000,LOW,0.2,0.005,0.0
1774254812.944879,168.820,-9999.000000,22.424305,26.0,100.0000,LOW,0.2,0.005,0.0
1774254813.0144486,168.890,-9999.000000,22.421974,26.0,100.0000,LOW,0.2,0.005,0.0
1774254813.0773828,168.953,-9999.000000,22.426248,26.0,100.0000,LOW,0.2,0.005,0.0
1774254813.1255548,169.001,-9999.000000,22.427027,26.0,100.0000,LOW,0.2,0.005,0.0
1774254813.1862056,169.062,-9999.000000,22.428194,26.0,100.0000,LOW,0.2,0.005,0.0
1774254813.2545884,169.130,-9999.000000,22.427415,26.0,100.0000,LOW,0.2,0.005,0.0
1774254813.3162794,169.192,-9999.000000,22.422750,26.0,100.0000,LOW,0.2,0.005,0.0
1774254813.3777142,169.253,-9999.000000,22.421195,26.0,100.0000,LOW,0.2,0.005,0.0
1774254813.436331,169.312,-9999.000000,22.426639,26.0,100.0000,LOW,0.2,0.005,0.0
1774254813.5043108,169.380,-9999.000000,22.424305,26.0,100.0000,LOW,0.2,0.005,0.0
1774254813.5743494,169.450,-9999.000000,22.426248,26.0,100.0000,LOW,0.2,0.005,0.0
1774254813.6361158,169.512,-9999.000000,22.424693,26.0,100.0000,LOW,0.2,0.005,0.0
1774254813.6944807,169.570,-9999.000000,22.421195,26.0,100.0000,LOW,0.2,0.005,0.0
1774254813.76495,169.641,-9999.000000,22.419641,26.0,100.0000,LOW,0.2,0.005,0.0
1774254813.8268218,169.702,-9999.000000,22.423138,26.0,100.0000,LOW,0.2,0.005,0.0
1774254813.887999,169.764,-9999.000000,22.425084,26.0,100.0000,LOW,0.2,0.005,0.0
1774254813.9536886,169.829,-9999.000000,22.423138,26.0,100.0000,LOW,0.2,0.005,0.0
1774254814.0148811,169.890,-9999.000000,22.419253,26.0,100.0000,LOW,0.2,0.005,0.0
1774254814.075943,169.952,-9999.000000,22.418086,26.0,100.0000,LOW,0.2,0.005,0.0
1774254814.1443553,170.020,-9999.000000,22.421974,26.0,100.0000,LOW,0.2,0.005,0.0
1774254814.2042186,170.080,-9999.000000,22.422750,26.0,100.0000,LOW,0.2,0.005,0.0
1774254814.2669148,170.142,-9999.000000,22.422362,26.0,100.0000,LOW,0.2,0.005,0.0
1774254814.3359373,170.212,-9999.000000,22.420417,26.0,100.0000,LOW,0.2,0.005,0.0
1774254814.3975434,170.273,-9999.000000,22.418086,26.0,100.0000,LOW,0.2,0.005,0.0
1774254814.46489,170.340,-9999.000000,22.416531,26.0,100.0000,LOW,0.2,0.005,0.0
1774254814.5247974,170.400,-9999.000000,22.417307,26.0,100.0000,LOW,0.2,0.005,0.0
1774254814.5939527,170.470,-9999.000000,22.420417,26.0,100.0000,LOW,0.2,0.005,0.0
1774254814.6562786,170.532,-9999.000000,22.421583,26.0,100.0000,LOW,0.2,0.005,0.0
1774254814.7144296,170.590,-9999.000000,22.417698,26.0,100.0000,LOW,0.2,0.005,0.0
1774254814.7647023,170.640,-9999.000000,22.414976,26.0,100.0000,LOW,0.2,0.005,0.0
1774254814.8243253,170.700,-9999.000000,22.415364,26.0,100.0000,LOW,0.2,0.005,0.0
1774254814.8934565,170.769,-9999.000000,22.418474,26.0,100.0000,LOW,0.2,0.005,0.0
1774254814.9558494,170.831,-9999.000000,22.420029,26.0,100.0000,LOW,0.2,0.005,0.0
1774254815.0145411,170.890,-9999.000000,22.418086,26.0,100.0000,LOW,0.2,0.005,0.0
1774254815.0841932,170.960,-9999.000000,22.413809,26.0,100.0000,LOW,0.2,0.005,0.0
1774254815.146972,171.023,-9999.000000,22.413030,26.0,100.0000,LOW,0.2,0.005,0.0
1774254815.2080414,171.084,-9999.000000,22.413809,26.0,100.0000,LOW,0.2,0.005,0.0
1774254815.2665777,171.142,-9999.000000,22.414197,26.0,100.0000,LOW,0.2,0.005,0.0
1774254815.3364112,171.212,-9999.000000,22.417698,26.0,100.0000,LOW,0.2,0.005,0.0
1774254815.4048874,171.280,-9999.000000,22.416140,26.0,100.0000,LOW,0.2,0.005,0.0
1774254815.4677658,171.343,-9999.000000,22.413421,26.0,100.0000,LOW,0.2,0.005,0.0
1774254815.5241394,171.400,-9999.000000,22.416919,26.0,100.0000,LOW,0.2,0.005,0.0
1774254815.594545,171.470,-9999.000000,22.413030,26.0,100.0000,LOW,0.2,0.005,0.0
1774254815.6570752,171.533,-9999.000000,22.416531,26.0,100.0000,LOW,0.2,0.005,0.0
1774254815.7176073,171.593,-9999.000000,22.414976,26.0,100.0000,LOW,0.2,0.005,0.0
1774254815.7855582,171.661,-9999.000000,22.413030,26.0,100.0000,LOW,0.2,0.005,0.0
1774254815.8462844,171.722,-9999.000000,22.409921,26.0,100.0000,LOW,0.2,0.005,0.0
1774254815.9147804,171.790,-9999.000000,22.409145,26.0,100.0000,LOW,0.2,0.005,0.0
1774254815.9748828,171.850,-9999.000000,22.411866,26.0,100.0000,LOW,0.2,0.005,0.0
1774254816.0342925,171.910,-9999.000000,22.413809,26.0,100.0000,LOW,0.2,0.005,0.0
1774254816.1045606,171.980,-9999.000000,22.414197,26.0,100.0000,LOW,0.2,0.005,0.0
1774254816.1662564,172.042,-9999.000000,22.411866,26.0,100.0000,LOW,0.2,0.005,0.0
1774254816.234987,172.111,-9999.000000,22.409533,26.0,100.0000,LOW,0.2,0.005,0.0
1774254816.2839785,172.160,-9999.000000,22.407199,26.0,100.0000,LOW,0.2,0.005,0.0
1774254816.344968,172.221,-9999.000000,22.407199,26.0,100.0000,LOW,0.2,0.005,0.0
1774254816.4064648,172.282,-9999.000000,22.408754,26.0,100.0000,LOW,0.2,0.005,0.0
1774254816.4748592,172.350,-9999.000000,22.410699,26.0,100.0000,LOW,0.2,0.005,0.0
1774254816.5367255,172.412,-9999.000000,22.412642,26.0,100.0000,LOW,0.2,0.005,0.0
1774254816.6040566,172.480,-9999.000000,22.409533,26.0,100.0000,LOW,0.2,0.005,0.0
1774254816.6648607,172.540,-9999.000000,22.407590,26.0,100.0000,LOW,0.2,0.005,0.0
1774254816.7275913,172.603,-9999.000000,22.405256,26.0,100.0000,LOW,0.2,0.005,0.0
1774254816.7958224,172.671,-9999.000000,22.405644,26.0,100.0000,LOW,0.2,0.005,0.0
1774254816.8579326,172.733,-9999.000000,22.409145,26.0,100.0000,LOW,0.2,0.005,0.0
1774254816.914531,172.790,-9999.000000,22.403701,26.0,100.0000,LOW,0.2,0.005,0.0
1774254816.9681652,172.844,-9999.000000,22.409533,26.0,100.0000,LOW,0.2,0.005,0.0
1774254817.0350213,172.911,-9999.000000,22.407199,26.0,100.0000,LOW,0.2,0.005,0.0
1774254817.097506,172.973,-9999.000000,22.404089,26.0,100.0000,LOW,0.2,0.005,0.0
1774254817.1642761,173.040,-9999.000000,22.402922,26.0,100.0000,LOW,0.2,0.005,0.0
1774254817.2279112,173.103,-9999.000000,22.404477,26.0,100.0000,LOW,0.2,0.005,0.0
1774254817.2865381,173.162,-9999.000000,22.407978,26.0,100.0000,LOW,0.2,0.005,0.0
1774254817.3558185,173.231,-9999.000000,22.407978,26.0,100.0000,LOW,0.2,0.005,0.0
1774254817.4147856,173.290,-9999.000000,22.406811,26.0,100.0000,LOW,0.2,0.005,0.0
1774254817.474566,173.350,-9999.000000,22.407199,26.0,100.0000,LOW,0.2,0.005,0.0
1774254817.533798,173.409,-9999.000000,22.400201,26.0,100.0000,LOW,0.2,0.005,0.0
1774254817.594523,173.470,-9999.000000,22.402147,26.0,100.0000,LOW,0.2,0.005,0.0
1774254817.656839,173.532,-9999.000000,22.404868,26.0,100.0000,LOW,0.2,0.005,0.0
1774254817.72353,173.599,-9999.000000,22.406032,26.0,100.0000,LOW,0.2,0.005,0.0
1774254817.7843454,173.660,-9999.000000,22.404477,26.0,100.0000,LOW,0.2,0.005,0.0
1774254817.8442943,173.720,-9999.000000,22.400980,26.0,100.0000,LOW,0.2,0.005,0.0
1774254817.9148512,173.790,-9999.000000,22.399813,26.0,100.0000,LOW,0.2,0.005,0.0
1774254817.9775844,173.853,-9999.000000,22.400592,26.0,100.0000,LOW,0.2,0.005,0.0
1774254818.0443642,173.920,-9999.000000,22.402535,26.0,100.0000,LOW,0.2,0.005,0.0
1774254818.0988493,173.974,-9999.000000,22.397870,26.0,100.0000,LOW,0.2,0.005,0.0
1774254818.1550305,174.031,-9999.000000,22.403701,26.0,100.0000,LOW,0.2,0.005,0.0
1774254818.2145903,174.090,-9999.000000,22.402535,26.0,100.0000,LOW,0.2,0.005,0.0
1774254818.2843537,174.160,-9999.000000,22.396703,26.0,100.0000,LOW,0.2,0.005,0.0
1774254818.3465335,174.222,-9999.000000,22.397482,26.0,100.0000,LOW,0.2,0.005,0.0
1774254818.4138498,174.289,-9999.000000,22.399037,26.0,100.0000,LOW,0.2,0.005,0.0
1774254818.4749086,174.350,-9999.000000,22.400201,26.0,100.0000,LOW,0.2,0.005,0.0
1774254818.540715,174.416,-9999.000000,22.402147,26.0,100.0000,LOW,0.2,0.005,0.0
1774254818.6038394,174.479,-9999.000000,22.398258,26.0,100.0000,LOW,0.2,0.005,0.0
1774254818.664706,174.540,-9999.000000,22.395537,26.0,100.0000,LOW,0.2,0.005,0.0
1774254818.7202187,174.596,-9999.000000,22.399037,26.0,100.0000,LOW,0.2,0.005,0.0
1774254818.7943869,174.670,-9999.000000,22.399037,26.0,100.0000,LOW,0.2,0.005,0.0
1774254818.8561406,174.732,-9999.000000,22.400980,26.0,100.0000,LOW,0.2,0.005,0.0
1774254818.914241,174.790,-9999.000000,22.399813,26.0,100.0000,LOW,0.2,0.005,0.0
1774254818.9755528,174.851,-9999.000000,22.399425,26.0,100.0000,LOW,0.2,0.005,0.0
1774254819.0339966,174.910,-9999.000000,22.394761,26.0,100.0000,LOW,0.2,0.005,0.0
1774254819.09664,174.972,-9999.000000,22.395149,26.0,100.0000,LOW,0.2,0.005,0.0
1774254819.1550987,175.031,-9999.000000,22.397482,26.0,100.0000,LOW,0.2,0.005,0.0
1774254819.2246866,175.100,-9999.000000,22.399037,26.0,100.0000,LOW,0.2,0.005,0.0
1774254819.2844498,175.160,-9999.000000,22.398258,26.0,100.0000,LOW,0.2,0.005,0.0
1774254819.354351,175.230,-9999.000000,22.397482,26.0,100.0000,LOW,0.2,0.005,0.0
1774254819.4164605,175.292,-9999.000000,22.392815,26.0,100.0000,LOW,0.2,0.005,0.0
1774254819.4748628,175.350,-9999.000000,22.397870,26.0,100.0000,LOW,0.2,0.005,0.0
1774254819.544825,175.420,-9999.000000,22.394761,26.0,100.0000,LOW,0.2,0.005,0.0
1774254819.608167,175.484,-9999.000000,22.397870,26.0,100.0000,LOW,0.2,0.005,0.0
1774254819.6646655,175.540,-9999.000000,22.395925,26.0,100.0000,LOW,0.2,0.005,0.0
1774254819.7164476,175.592,-9999.000000,22.393206,26.0,100.0000,LOW,0.2,0.005,0.0
1774254819.784712,175.660,-9999.000000,22.392039,26.0,100.0000,LOW,0.2,0.005,0.0
1774254819.8447957,175.720,-9999.000000,22.391260,26.0,100.0000,LOW,0.2,0.005,0.0
1774254819.9064918,175.782,-9999.000000,22.393982,26.0,100.0000,LOW,0.2,0.005,0.0
1774254819.9778275,175.853,-9999.000000,22.393982,26.0,100.0000,LOW,0.2,0.005,0.0
1774254820.0342374,175.910,-9999.000000,22.395537,26.0,100.0000,LOW,0.2,0.005,0.0
1774254820.1047783,175.980,-9999.000000,22.394761,26.0,100.0000,LOW,0.2,0.005,0.0
1774254820.1661856,176.042,-9999.000000,22.391260,26.0,100.0000,LOW,0.2,0.005,0.0
1774254820.2348218,176.110,-9999.000000,22.389706,26.0,100.0000,LOW,0.2,0.005,0.0
1774254820.2963443,176.172,-9999.000000,22.389318,26.0,100.0000,LOW,0.2,0.005,0.0
1774254820.3549132,176.230,-9999.000000,22.391260,26.0,100.0000,LOW,0.2,0.005,0.0
1774254820.4245565,176.300,-9999.000000,22.394761,26.0,100.0000,LOW,0.2,0.005,0.0
1774254820.4860618,176.362,-9999.000000,22.393594,26.0,100.0000,LOW,0.2,0.005,0.0
1774254820.5444384,176.420,-9999.000000,22.388539,26.0,100.0000,LOW,0.2,0.005,0.0
1774254820.614666,176.490,-9999.000000,22.387763,26.0,100.0000,LOW,0.2,0.005,0.0
1774254820.678343,176.554,-9999.000000,22.388930,26.0,100.0000,LOW,0.2,0.005,0.0
1774254820.7435575,176.619,-9999.000000,22.392039,26.0,100.0000,LOW,0.2,0.005,0.0
1774254820.8049994,176.681,-9999.000000,22.392427,26.0,100.0000,LOW,0.2,0.005,0.0
1774254820.8643682,176.740,-9999.000000,22.390094,26.0,100.0000,LOW,0.2,0.005,0.0
1774254820.9338775,176.809,-9999.000000,22.385818,26.0,100.0000,LOW,0.2,0.005,0.0
1774254820.9963753,176.872,-9999.000000,22.386984,26.0,100.0000,LOW,0.2,0.005,0.0
1774254821.054262,176.930,-9999.000000,22.390485,26.0,100.0000,LOW,0.2,0.005,0.0
1774254821.1246152,177.000,-9999.000000,22.392039,26.0,100.0000,LOW,0.2,0.005,0.0
1774254821.186309,177.062,-9999.000000,22.386984,26.0,100.0000,LOW,0.2,0.005,0.0
1774254821.2348576,177.110,-9999.000000,22.386984,26.0,100.0000,LOW,0.2,0.005,0.0
1774254821.2980888,177.174,-9999.000000,22.385042,26.0,100.0000,LOW,0.2,0.005,0.0
1774254821.3542798,177.230,-9999.000000,22.387763,26.0,100.0000,LOW,0.2,0.005,0.0
1774254821.4249995,177.301,-9999.000000,22.389318,26.0,100.0000,LOW,0.2,0.005,0.0
1774254821.488227,177.364,-9999.000000,22.390485,26.0,100.0000,LOW,0.2,0.005,0.0
1774254821.554284,177.430,-9999.000000,22.387763,26.0,100.0000,LOW,0.2,0.005,0.0
1774254821.6176913,177.493,-9999.000000,22.384263,26.0,100.0000,LOW,0.2,0.005,0.0
1774254821.6749034,177.550,-9999.000000,22.385430,26.0,100.0000,LOW,0.2,0.005,0.0
1774254821.7361948,177.612,-9999.000000,22.388930,26.0,100.0000,LOW,0.2,0.005,0.0
1774254821.8082933,177.684,-9999.000000,22.389318,26.0,100.0000,LOW,0.2,0.005,0.0
1774254821.8648546,177.740,-9999.000000,22.386208,26.0,100.0000,LOW,0.2,0.005,0.0
1774254821.9348295,177.810,-9999.000000,22.384263,26.0,100.0000,LOW,0.2,0.005,0.0
1774254821.9962673,177.872,-9999.000000,22.382708,26.0,100.0000,LOW,0.2,0.005,0.0
1774254822.0644417,177.940,-9999.000000,22.383875,26.0,100.0000,LOW,0.2,0.005,0.0
1774254822.1250536,178.001,-9999.000000,22.386208,26.0,100.0000,LOW,0.2,0.005,0.0
1774254822.1861923,178.062,-9999.000000,22.388151,26.0,100.0000,LOW,0.2,0.005,0.0
1774254822.2557893,178.131,-9999.000000,22.387763,26.0,100.0000,LOW,0.2,0.005,0.0
1774254822.3162324,178.192,-9999.000000,22.385430,26.0,100.0000,LOW,0.2,0.005,0.0
1774254822.3844008,178.260,-9999.000000,22.383487,26.0,100.0000,LOW,0.2,0.005,0.0
1774254822.4445133,178.320,-9999.000000,22.380766,26.0,100.0000,LOW,0.2,0.005,0.0
1774254822.508804,178.384,-9999.000000,22.383099,26.0,100.0000,LOW,0.2,0.005,0.0
1774254822.5764914,178.452,-9999.000000,22.384654,26.0,100.0000,LOW,0.2,0.005,0.0
1774254822.6345384,178.510,-9999.000000,22.385430,26.0,100.0000,LOW,0.2,0.005,0.0
1774254822.6844203,178.560,-9999.000000,22.384263,26.0,100.0000,LOW,0.2,0.005,0.0
1774254822.7446604,178.620,-9999.000000,22.381154,26.0,100.0000,LOW,0.2,0.005,0.0
1774254822.8144748,178.690,-9999.000000,22.379599,26.0,100.0000,LOW,0.2,0.005,0.0
1774254822.8766127,178.752,-9999.000000,22.381932,26.0,100.0000,LOW,0.2,0.005,0.0
1774254822.9444964,178.820,-9999.000000,22.383487,26.0,100.0000,LOW,0.2,0.005,0.0
1774254823.0043945,178.880,-9999.000000,22.384654,26.0,100.0000,LOW,0.2,0.005,0.0
1774254823.0662692,178.942,-9999.000000,22.381932,26.0,100.0000,LOW,0.2,0.005,0.0
1774254823.1345758,179.010,-9999.000000,22.378044,26.0,100.0000,LOW,0.2,0.005,0.0
1774254823.1944077,179.070,-9999.000000,22.378823,26.0,100.0000,LOW,0.2,0.005,0.0
1774254823.2550018,179.131,-9999.000000,22.383487,26.0,100.0000,LOW,0.2,0.005,0.0
1774254823.3242936,179.200,-9999.000000,22.383875,26.0,100.0000,LOW,0.2,0.005,0.0
1774254823.3862762,179.262,-9999.000000,22.381545,26.0,100.0000,LOW,0.2,0.005,0.0
1774254823.4538739,179.329,-9999.000000,22.378432,26.0,100.0000,LOW,0.2,0.005,0.0
1774254823.5145977,179.390,-9999.000000,22.377656,26.0,100.0000,LOW,0.2,0.005,0.0
1774254823.5758016,179.451,-9999.000000,22.377656,26.0,100.0000,LOW,0.2,0.005,0.0
1774254823.6458385,179.521,-9999.000000,22.380378,26.0,100.0000,LOW,0.2,0.005,0.0
1774254823.7042518,179.580,-9999.000000,22.382708,26.0,100.0000,LOW,0.2,0.005,0.0
1774254823.7747672,179.650,-9999.000000,22.381545,26.0,100.0000,LOW,0.2,0.005,0.0
1774254823.8344185,179.710,-9999.000000,22.379599,26.0,100.0000,LOW,0.2,0.005,0.0
1774254823.9041743,179.780,-9999.000000,22.376490,26.0,100.0000,LOW,0.2,0.005,0.0
1774254823.9576976,179.833,-9999.000000,22.380766,26.0,100.0000,LOW,0.2,0.005,0.0
1774254824.0246437,179.900,-9999.000000,22.375323,26.0,100.0000,LOW,0.2,0.005,0.0
1774254824.0959423,179.972,-9999.000000,22.378432,26.0,100.0000,LOW,0.2,0.005,0.0
1774254824.1568573,180.032,-9999.000000,22.380378,26.0,100.0000,LOW,0.2,0.005,0.0
1774254824.2242138,180.100,-9999.000000,22.379987,26.0,100.0000,LOW,0.2,0.005,0.0
1774254824.2843628,180.160,-9999.000000,22.376490,26.0,100.0000,LOW,0.2,0.005,0.0
1774254824.3445463,180.220,-9999.000000,22.374547,26.0,100.0000,LOW,0.2,0.005,0.0
1774254824.414296,180.290,-9999.000000,22.374156,26.0,100.0000,LOW,0.2,0.005,0.0
1774254824.4780102,180.354,-9999.000000,22.376878,26.0,100.0000,LOW,0.2,0.005,0.0
1774254824.534127,180.410,-9999.000000,22.373381,26.0,100.0000,LOW,0.2,0.005,0.0
1774254824.6046417,180.480,-9999.000000,22.378432,26.0,100.0000,LOW,0.2,0.005,0.0
1774254824.6675124,180.543,-9999.000000,22.376878,26.0,100.0000,LOW,0.2,0.005,0.0
1774254824.7158117,180.591,-9999.000000,22.376102,26.0,100.0000,LOW,0.2,0.005,0.0
1774254824.7843077,180.660,-9999.000000,22.373769,26.0,100.0000,LOW,0.2,0.005,0.0
1774254824.84422,180.720,-9999.000000,22.371438,26.0,100.0000,LOW,0.2,0.005,0.0
1774254824.9176805,180.793,-9999.000000,22.372214,26.0,100.0000,LOW,0.2,0.005,0.0
1774254824.974849,180.850,-9999.000000,22.374935,26.0,100.0000,LOW,0.2,0.005,0.0
1774254825.0446467,180.920,-9999.000000,22.376878,26.0,100.0000,LOW,0.2,0.005,0.0
1774254825.107866,180.983,-9999.000000,22.376878,26.0,100.0000,LOW,0.2,0.005,0.0
1774254825.1642492,181.040,-9999.000000,22.373381,26.0,100.0000,LOW,0.2,0.005,0.0
1774254825.2264774,181.102,-9999.000000,22.373381,26.0,100.0000,LOW,0.2,0.005,0.0
1774254825.2840586,181.160,-9999.000000,22.370271,26.0,100.0000,LOW,0.2,0.005,0.0
1774254825.344436,181.220,-9999.000000,22.372602,26.0,100.0000,LOW,0.2,0.005,0.0
1774254825.4095562,181.285,-9999.000000,22.374156,26.0,100.0000,LOW,0.2,0.005,0.0
1774254825.4745584,181.350,-9999.000000,22.376102,26.0,100.0000,LOW,0.2,0.005,0.0
1774254825.5345654,181.410,-9999.000000,22.373769,26.0,100.0000,LOW,0.2,0.005,0.0
1774254825.6040895,181.480,-9999.000000,22.370659,26.0,100.0000,LOW,0.2,0.005,0.0
1774254825.6670473,181.543,-9999.000000,22.368717,26.0,100.0000,LOW,0.2,0.005,0.0
1774254825.7147498,181.590,-9999.000000,22.370659,26.0,100.0000,LOW,0.2,0.005,0.0
1774254825.7947633,181.670,-9999.000000,22.372602,26.0,100.0000,LOW,0.2,0.005,0.0
1774254825.8544688,181.730,-9999.000000,22.374156,26.0,100.0000,LOW,0.2,0.005,0.0
1774254825.9049022,181.780,-9999.000000,22.373769,26.0,100.0000,LOW,0.2,0.005,0.0
1774254825.9737148,181.849,-9999.000000,22.371826,26.0,100.0000,LOW,0.2,0.005,0.0
1774254826.0364528,181.912,-9999.000000,22.369493,26.0,100.0000,LOW,0.2,0.005,0.0
1774254826.0982845,181.974,-9999.000000,22.367162,26.0,100.0000,LOW,0.2,0.005,0.0
1774254826.1636837,182.039,-9999.000000,22.371438,26.0,100.0000,LOW,0.2,0.005,0.0
1774254826.227063,182.103,-9999.000000,22.373381,26.0,100.0000,LOW,0.2,0.005,0.0
1774254826.2845297,182.160,-9999.000000,22.373381,26.0,100.0000,LOW,0.2,0.005,0.0
1774254826.355668,182.231,-9999.000000,22.370659,26.0,100.0000,LOW,0.2,0.005,0.0
1774254826.4159195,182.291,-9999.000000,22.366384,26.0,100.0000,LOW,0.2,0.005,0.0
1774254826.474626,182.350,-9999.000000,22.372214,26.0,100.0000,LOW,0.2,0.005,0.0
1774254826.5465589,182.422,-9999.000000,22.367938,26.0,100.0000,LOW,0.2,0.005,0.0
1774254826.61016,182.486,-9999.000000,22.371047,26.0,100.0000,LOW,0.2,0.005,0.0
1774254826.6756985,182.551,-9999.000000,22.372214,26.0,100.0000,LOW,0.2,0.005,0.0
1774254826.736038,182.612,-9999.000000,22.369881,26.0,100.0000,LOW,0.2,0.005,0.0
1774254826.8043513,182.680,-9999.000000,22.367938,26.0,100.0000,LOW,0.2,0.005,0.0
1774254826.8647895,182.740,-9999.000000,22.365605,26.0,100.0000,LOW,0.2,0.005,0.0
1774254826.924278,182.800,-9999.000000,22.368717,26.0,100.0000,LOW,0.2,0.005,0.0
1774254826.9938443,182.869,-9999.000000,22.370659,26.0,100.0000,LOW,0.2,0.005,0.0
1774254827.055799,182.931,-9999.000000,22.370659,26.0,100.0000,LOW,0.2,0.005,0.0
1774254827.1176836,182.993,-9999.000000,22.365996,26.0,100.0000,LOW,0.2,0.005,0.0
1774254827.1842425,183.060,-9999.000000,22.364050,26.0,100.0000,LOW,0.2,0.005,0.0
1774254827.2467864,183.122,-9999.000000,22.363275,26.0,100.0000,LOW,0.2,0.005,0.0
1774254827.3148634,183.190,-9999.000000,22.364829,26.0,100.0000,LOW,0.2,0.005,0.0
1774254827.374343,183.250,-9999.000000,22.368326,26.0,100.0000,LOW,0.2,0.005,0.0
1774254827.434945,183.311,-9999.000000,22.368717,26.0,100.0000,LOW,0.2,0.005,0.0
1774254827.5049322,183.380,-9999.000000,22.366772,26.0,100.0000,LOW,0.2,0.005,0.0
1774254827.5663514,183.442,-9999.000000,22.363275,26.0,100.0000,LOW,0.2,0.005,0.0
1774254827.6343286,183.510,-9999.000000,22.362887,26.0,100.0000,LOW,0.2,0.005,0.0
1774254827.687339,183.563,-9999.000000,22.367938,26.0,100.0000,LOW,0.2,0.005,0.0
1774254827.7558048,183.631,-9999.000000,22.368326,26.0,100.0000,LOW,0.2,0.005,0.0
1774254827.8243654,183.700,-9999.000000,22.367162,26.0,100.0000,LOW,0.2,0.005,0.0
1774254827.8883047,183.764,-9999.000000,22.362496,26.0,100.0000,LOW,0.2,0.005,0.0
1774254827.9448783,183.820,-9999.000000,22.360553,26.0,100.0000,LOW,0.2,0.005,0.0
1774254828.0148726,183.890,-9999.000000,22.361332,26.0,100.0000,LOW,0.2,0.005,0.0
1774254828.0704494,183.946,-9999.000000,22.361332,26.0,100.0000,LOW,0.2,0.005,0.0
1774254828.1277342,184.003,-9999.000000,22.365996,26.0,100.0000,LOW,0.2,0.005,0.0
1774254828.1846602,184.060,-9999.000000,22.365217,26.0,100.0000,LOW,0.2,0.005,0.0
1774254828.2548661,184.130,-9999.000000,22.363275,26.0,100.0000,LOW,0.2,0.005,0.0
1774254828.3213942,184.197,-9999.000000,22.360941,26.0,100.0000,LOW,0.2,0.005,0.0
1774254828.3846283,184.260,-9999.000000,22.359775,26.0,100.0000,LOW,0.2,0.005,0.0
1774254828.4464,184.322,-9999.000000,22.360166,26.0,100.0000,LOW,0.2,0.005,0.0
1774254828.5138688,184.389,-9999.000000,22.362108,26.0,100.0000,LOW,0.2,0.005,0.0
1774254828.574938,184.451,-9999.000000,22.364050,26.0,100.0000,LOW,0.2,0.005,0.0
1774254828.636704,184.512,-9999.000000,22.361332,26.0,100.0000,LOW,0.2,0.005,0.0
1774254828.7046652,184.580,-9999.000000,22.358999,26.0,100.0000,LOW,0.2,0.005,0.0
1774254828.753703,184.629,-9999.000000,22.357444,26.0,100.0000,LOW,0.2,0.005,0.0
1774254828.8155787,184.691,-9999.000000,22.358611,26.0,100.0000,LOW,0.2,0.005,0.0
1774254828.8744464,184.750,-9999.000000,22.361720,26.0,100.0000,LOW,0.2,0.005,0.0
1774254828.944804,184.820,-9999.000000,22.363275,26.0,100.0000,LOW,0.2,0.005,0.0
1774254829.0070515,184.883,-9999.000000,22.362108,26.0,100.0000,LOW,0.2,0.005,0.0
1774254829.064742,184.940,-9999.000000,22.357444,26.0,100.0000,LOW,0.2,0.005,0.0
1774254829.1347764,185.010,-9999.000000,22.356278,26.0,100.0000,LOW,0.2,0.005,0.0
1774254829.1981304,185.074,-9999.000000,22.357444,26.0,100.0000,LOW,0.2,0.005,0.0
1774254829.2547324,185.130,-9999.000000,22.357057,26.0,100.0000,LOW,0.2,0.005,0.0
1774254829.3283536,185.204,-9999.000000,22.361332,26.0,100.0000,LOW,0.2,0.005,0.0
1774254829.3845901,185.260,-9999.000000,22.355890,26.0,100.0000,LOW,0.2,0.005,0.0
1774254829.4343314,185.310,-9999.000000,22.358611,26.0,100.0000,LOW,0.2,0.005,0.0
1774254829.5044916,185.380,-9999.000000,22.355890,26.0,100.0000,LOW,0.2,0.005,0.0
1774254829.5664485,185.442,-9999.000000,22.355890,26.0,100.0000,LOW,0.2,0.005,0.0
1774254829.6242955,185.500,-9999.000000,22.356278,26.0,100.0000,LOW,0.2,0.005,0.0
1774254829.695714,185.571,-9999.000000,22.358999,26.0,100.0000,LOW,0.2,0.005,0.0
1774254829.755805,185.631,-9999.000000,22.359387,26.0,100.0000,LOW,0.2,0.005,0.0
1774254829.8161116,185.692,-9999.000000,22.354335,26.0,100.0000,LOW,0.2,0.005,0.0
1774254829.8866532,185.762,-9999.000000,22.353169,26.0,100.0000,LOW,0.2,0.005,0.0
1774254829.9443676,185.820,-9999.000000,22.353945,26.0,100.0000,LOW,0.2,0.005,0.0
1774254830.0143573,185.890,-9999.000000,22.353557,26.0,100.0000,LOW,0.2,0.005,0.0
1774254830.0635257,185.939,-9999.000000,22.357444,26.0,100.0000,LOW,0.2,0.005,0.0
1774254830.1267388,186.002,-9999.000000,22.358611,26.0,100.0000,LOW,0.2,0.005,0.0
1774254830.1845732,186.060,-9999.000000,22.357832,26.0,100.0000,LOW,0.2,0.005,0.0
1774254830.255028,186.131,-9999.000000,22.354723,26.0,100.0000,LOW,0.2,0.005,0.0
1774254830.3147767,186.190,-9999.000000,22.352002,26.0,100.0000,LOW,0.2,0.005,0.0
1774254830.3847115,186.260,-9999.000000,22.350836,26.0,100.0000,LOW,0.2,0.005,0.0
1774254830.445843,186.321,-9999.000000,22.351227,26.0,100.0000,LOW,0.2,0.005,0.0
1774254830.5146954,186.390,-9999.000000,22.353945,26.0,100.0000,LOW,0.2,0.005,0.0
1774254830.5747857,186.450,-9999.000000,22.356278,26.0,100.0000,LOW,0.2,0.005,0.0
1774254830.6363516,186.512,-9999.000000,22.354335,26.0,100.0000,LOW,0.2,0.005,0.0
1774254830.6848702,186.560,-9999.000000,22.353169,26.0,100.0000,LOW,0.2,0.005,0.0
1774254830.7538173,186.629,-9999.000000,22.349281,26.0,100.0000,LOW,0.2,0.005,0.0
1774254830.817797,186.693,-9999.000000,22.350060,26.0,100.0000,LOW,0.2,0.005,0.0
1774254830.8746705,186.750,-9999.000000,22.352781,26.0,100.0000,LOW,0.2,0.005,0.0
1774254830.9443603,186.820,-9999.000000,22.354335,26.0,100.0000,LOW,0.2,0.005,0.0
1774254831.0080438,186.884,-9999.000000,22.352781,26.0,100.0000,LOW,0.2,0.005,0.0
1774254831.0644677,186.940,-9999.000000,22.348893,26.0,100.0000,LOW,0.2,0.005,0.0
1774254831.134343,187.010,-9999.000000,22.347727,26.0,100.0000,LOW,0.2,0.005,0.0
1774254831.1948326,187.070,-9999.000000,22.348893,26.0,100.0000,LOW,0.2,0.005,0.0
1774254831.2640972,187.140,-9999.000000,22.351227,26.0,100.0000,LOW,0.2,0.005,0.0
1774254831.326219,187.202,-9999.000000,22.352390,26.0,100.0000,LOW,0.2,0.005,0.0
1774254831.3850038,187.261,-9999.000000,22.348893,26.0,100.0000,LOW,0.2,0.005,0.0
1774254831.453989,187.330,-9999.000000,22.346560,26.0,100.0000,LOW,0.2,0.005,0.0
1774254831.4961803,187.372,-9999.000000,22.346172,26.0,100.0000,LOW,0.2,0.005,0.0
1774254831.5648148,187.440,-9999.000000,22.347727,26.0,100.0000,LOW,0.2,0.005,0.0
1774254831.6303377,187.506,-9999.000000,22.350836,26.0,100.0000,LOW,0.2,0.005,0.0
1774254831.6944492,187.570,-9999.000000,22.351614,26.0,100.0000,LOW,0.2,0.005,0.0
1774254831.7548733,187.630,-9999.000000,22.350060,26.0,100.0000,LOW,0.2,0.005,0.0
1774254831.8165045,187.692,-9999.000000,22.345394,26.0,100.0000,LOW,0.2,0.005,0.0
1774254831.886325,187.762,-9999.000000,22.345006,26.0,100.0000,LOW,0.2,0.005,0.0
1774254831.9447396,187.820,-9999.000000,22.344230,26.0,100.0000,LOW,0.2,0.005,0.0
1774254832.0142965,187.890,-9999.000000,22.348115,26.0,100.0000,LOW,0.2,0.005,0.0
1774254832.0687115,187.944,-9999.000000,22.343452,26.0,100.0000,LOW,0.2,0.005,0.0
1774254832.1346934,188.010,-9999.000000,22.346951,26.0,100.0000,LOW,0.2,0.005,0.0
1774254832.2049127,188.080,-9999.000000,22.344230,26.0,100.0000,LOW,0.2,0.005,0.0
1774254832.264351,188.140,-9999.000000,22.343064,26.0,100.0000,LOW,0.2,0.005,0.0
1774254832.334901,188.210,-9999.000000,22.343064,26.0,100.0000,LOW,0.2,0.005,0.0
1774254832.396213,188.272,-9999.000000,22.346560,26.0,100.0000,LOW,0.2,0.005,0.0
1774254832.4543412,188.330,-9999.000000,22.347727,26.0,100.0000,LOW,0.2,0.005,0.0
1774254832.5242736,188.400,-9999.000000,22.346951,26.0,100.0000,LOW,0.2,0.005,0.0
1774254832.5806537,188.456,-9999.000000,22.346172,26.0,100.0000,LOW,0.2,0.005,0.0
1774254832.6549773,188.531,-9999.000000,22.341897,26.0,100.0000,LOW,0.2,0.005,0.0
1774254832.70897,188.585,-9999.000000,22.345785,26.0,100.0000,LOW,0.2,0.005,0.0
1774254832.7678137,188.643,-9999.000000,22.340731,26.0,100.0000,LOW,0.2,0.005,0.0
1774254832.8248327,188.700,-9999.000000,22.346560,26.0,100.0000,LOW,0.2,0.005,0.0
1774254832.89498,188.771,-9999.000000,22.345785,26.0,100.0000,LOW,0.2,0.005,0.0
1774254832.9576652,188.833,-9999.000000,22.343839,26.0,100.0000,LOW,0.2,0.005,0.0
1774254833.0148604,188.890,-9999.000000,22.338788,26.0,100.0000,LOW,0.2,0.005,0.0
1774254833.0844235,188.960,-9999.000000,22.339176,26.0,100.0000,LOW,0.2,0.005,0.0
1774254833.1484544,189.024,-9999.000000,22.339955,26.0,100.0000,LOW,0.2,0.005,0.0
1774254833.214076,189.090,-9999.000000,22.343452,26.0,100.0000,LOW,0.2,0.005,0.0
1774254833.2764008,189.152,-9999.000000,22.343839,26.0,100.0000,LOW,0.2,0.005,0.0
1774254833.3348668,189.210,-9999.000000,22.340343,26.0,100.0000,LOW,0.2,0.005,0.0
1774254833.3942015,189.270,-9999.000000,22.343839,26.0,100.0000,LOW,0.2,0.005,0.0
1774254833.454204,189.330,-9999.000000,22.336455,26.0,100.0000,LOW,0.2,0.005,0.0
1774254833.515962,189.392,-9999.000000,22.337234,26.0,100.0000,LOW,0.2,0.005,0.0
1774254833.5747662,189.450,-9999.000000,22.340731,26.0,100.0000,LOW,0.2,0.005,0.0
1774254833.6449776,189.521,-9999.000000,22.342676,26.0,100.0000,LOW,0.2,0.005,0.0
1774254833.7049818,189.581,-9999.000000,22.339564,26.0,100.0000,LOW,0.2,0.005,0.0
1774254833.7740433,189.650,-9999.000000,22.338010,26.0,100.0000,LOW,0.2,0.005,0.0
1774254833.8360536,189.712,-9999.000000,22.336455,26.0,100.0000,LOW,0.2,0.005,0.0
1774254833.8943222,189.770,-9999.000000,22.335289,26.0,100.0000,LOW,0.2,0.005,0.0
1774254833.9648228,189.840,-9999.000000,22.337622,26.0,100.0000,LOW,0.2,0.005,0.0
1774254834.026776,189.902,-9999.000000,22.340731,26.0,100.0000,LOW,0.2,0.005,0.0
1774254834.094738,189.970,-9999.000000,22.341121,26.0,100.0000,LOW,0.2,0.005,0.0
1774254834.1542473,190.030,-9999.000000,22.338010,26.0,100.0000,LOW,0.2,0.005,0.0
1774254834.2147856,190.090,-9999.000000,22.334513,26.0,100.0000,LOW,0.2,0.005,0.0
1774254834.284683,190.160,-9999.000000,22.333735,26.0,100.0000,LOW,0.2,0.005,0.0
1774254834.3469148,190.222,-9999.000000,22.334125,26.0,100.0000,LOW,0.2,0.005,0.0
1774254834.414887,190.290,-9999.000000,22.337622,26.0,100.0000,LOW,0.2,0.005,0.0
1774254834.4745584,190.350,-9999.000000,22.339176,26.0,100.0000,LOW,0.2,0.005,0.0
1774254834.5379856,190.414,-9999.000000,22.335680,26.0,100.0000,LOW,0.2,0.005,0.0
1774254834.6062317,190.482,-9999.000000,22.333347,26.0,100.0000,LOW,0.2,0.005,0.0
1774254834.6646812,190.540,-9999.000000,22.331405,26.0,100.0000,LOW,0.2,0.005,0.0
1774254834.7342215,190.610,-9999.000000,22.331792,26.0,100.0000,LOW,0.2,0.005,0.0
1774254834.7945428,190.670,-9999.000000,22.335680,26.0,100.0000,LOW,0.2,0.005,0.0
1774254834.8443654,190.720,-9999.000000,22.337234,26.0,100.0000,LOW,0.2,0.005,0.0
1774254834.9070656,190.783,-9999.000000,22.336068,26.0,100.0000,LOW,0.2,0.005,0.0
1774254834.9743023,190.850,-9999.000000,22.333347,26.0,100.0000,LOW,0.2,0.005,0.0
1774254835.0389674,190.915,-9999.000000,22.332180,26.0,100.0000,LOW,0.2,0.005,0.0
1774254835.1046839,190.980,-9999.000000,22.330238,26.0,100.0000,LOW,0.2,0.005,0.0
1774254835.1663792,191.042,-9999.000000,22.332180,26.0,100.0000,LOW,0.2,0.005,0.0
1774254835.2271738,191.103,-9999.000000,22.334513,26.0,100.0000,LOW,0.2,0.005,0.0
1774254835.2943027,191.170,-9999.000000,22.335289,26.0,100.0000,LOW,0.2,0.005,0.0
1774254835.3545299,191.230,-9999.000000,22.333735,26.0,100.0000,LOW,0.2,0.005,0.0
1774254835.4177978,191.293,-9999.000000,22.329459,26.0,100.0000,LOW,0.2,0.005,0.0
1774254835.4660125,191.342,-9999.000000,22.328684,26.0,100.0000,LOW,0.2,0.005,0.0
1774254835.534041,191.410,-9999.000000,22.331017,26.0,100.0000,LOW,0.2,0.005,0.0
1774254835.5944161,191.470,-9999.000000,22.334125,26.0,100.0000,LOW,0.2,0.005,0.0
1774254835.659785,191.535,-9999.000000,22.332180,26.0,100.0000,LOW,0.2,0.005,0.0
1774254835.7237492,191.599,-9999.000000,22.329850,26.0,100.0000,LOW,0.2,0.005,0.0
1774254835.786171,191.662,-9999.000000,22.326742,26.0,100.0000,LOW,0.2,0.005,0.0
1774254835.8536246,191.729,-9999.000000,22.327129,26.0,100.0000,LOW,0.2,0.005,0.0
1774254835.9148254,191.790,-9999.000000,22.330238,26.0,100.0000,LOW,0.2,0.005,0.0
1774254835.9748855,191.850,-9999.000000,22.332571,26.0,100.0000,LOW,0.2,0.005,0.0
1774254836.0346067,191.910,-9999.000000,22.326742,26.0,100.0000,LOW,0.2,0.005,0.0
1774254836.1046722,191.980,-9999.000000,22.326742,26.0,100.0000,LOW,0.2,0.005,0.0
1774254836.1645815,192.040,-9999.000000,22.324409,26.0,100.0000,LOW,0.2,0.005,0.0
1774254836.2262273,192.102,-9999.000000,22.329072,26.0,100.0000,LOW,0.2,0.005,0.0
1774254836.2961655,192.172,-9999.000000,22.331017,26.0,100.0000,LOW,0.2,0.005,0.0
1774254836.3547049,192.230,-9999.000000,22.324409,26.0,100.0000,LOW,0.2,0.005,0.0
1774254836.4172294,192.293,-9999.000000,22.325575,26.0,100.0000,LOW,0.2,0.005,0.0
1774254836.4663248,192.342,-9999.000000,22.324021,26.0,100.0000,LOW,0.2,0.005,0.0
1774254836.5348217,192.410,-9999.000000,22.325575,26.0,100.0000,LOW,0.2,0.005,0.0
1774254836.5964956,192.472,-9999.000000,22.328684,26.0,100.0000,LOW,0.2,0.005,0.0
1774254836.6545928,192.530,-9999.000000,22.328684,26.0,100.0000,LOW,0.2,0.005,0.0
1774254836.7242463,192.600,-9999.000000,22.325184,26.0,100.0000,LOW,0.2,0.005,0.0
1774254836.7868953,192.662,-9999.000000,22.322467,26.0,100.0000,LOW,0.2,0.005,0.0
1774254836.8446474,192.720,-9999.000000,22.325575,26.0,100.0000,LOW,0.2,0.005,0.0
1774254836.9142368,192.790,-9999.000000,22.324021,26.0,100.0000,LOW,0.2,0.005,0.0
1774254836.9764342,192.852,-9999.000000,22.327129,26.0,100.0000,LOW,0.2,0.005,0.0
1774254837.0464573,192.922,-9999.000000,22.327129,26.0,100.0000,LOW,0.2,0.005,0.0
1774254837.1078603,192.983,-9999.000000,22.325575,26.0,100.0000,LOW,0.2,0.005,0.0
1774254837.1646798,193.040,-9999.000000,22.319746,26.0,100.0000,LOW,0.2,0.005,0.0
1774254837.2343273,193.110,-9999.000000,22.321300,26.0,100.0000,LOW,0.2,0.005,0.0
1774254837.2879453,193.164,-9999.000000,22.322854,26.0,100.0000,LOW,0.2,0.005,0.0
1774254837.3466892,193.222,-9999.000000,22.326351,26.0,100.0000,LOW,0.2,0.005,0.0
1774254837.4049346,193.281,-9999.000000,22.324409,26.0,100.0000,LOW,0.2,0.005,0.0
1774254837.4743855,193.350,-9999.000000,22.321688,26.0,100.0000,LOW,0.2,0.005,0.0
1774254837.534888,193.410,-9999.000000,22.319355,26.0,100.0000,LOW,0.2,0.005,0.0
1774254837.5963287,193.472,-9999.000000,22.320134,26.0,100.0000,LOW,0.2,0.005,0.0
1774254837.6662686,193.542,-9999.000000,22.322854,26.0,100.0000,LOW,0.2,0.005,0.0
1774254837.7279801,193.604,-9999.000000,22.324021,26.0,100.0000,LOW,0.2,0.005,0.0
1774254837.7944663,193.670,-9999.000000,22.323242,26.0,100.0000,LOW,0.2,0.005,0.0
1774254837.847313,193.723,-9999.000000,22.319746,26.0,100.0000,LOW,0.2,0.005,0.0
1774254837.9145224,193.790,-9999.000000,22.317413,26.0,100.0000,LOW,0.2,0.005,0.0
1774254837.9847975,193.860,-9999.000000,22.317801,26.0,100.0000,LOW,0.2,0.005,0.0
1774254838.044611,193.920,-9999.000000,22.320134,26.0,100.0000,LOW,0.2,0.005,0.0
1774254838.1146502,193.990,-9999.000000,22.320522,26.0,100.0000,LOW,0.2,0.005,0.0
1774254838.1761398,194.052,-9999.000000,22.322467,26.0,100.0000,LOW,0.2,0.005,0.0
1774254838.2345273,194.110,-9999.000000,22.319746,26.0,100.0000,LOW,0.2,0.005,0.0
1774254838.304474,194.180,-9999.000000,22.317413,26.0,100.0000,LOW,0.2,0.005,0.0
1774254838.3667724,194.242,-9999.000000,22.315471,26.0,100.0000,LOW,0.2,0.005,0.0
1774254838.4344409,194.310,-9999.000000,22.315859,26.0,100.0000,LOW,0.2,0.005,0.0
1774254838.494967,194.371,-9999.000000,22.318967,26.0,100.0000,LOW,0.2,0.005,0.0
1774254838.5561786,194.432,-9999.000000,22.320912,26.0,100.0000,LOW,0.2,0.005,0.0
1774254838.627546,194.503,-9999.000000,22.319746,26.0,100.0000,LOW,0.2,0.005,0.0
1774254838.6857402,194.561,-9999.000000,22.316638,26.0,100.0000,LOW,0.2,0.005,0.0
1774254838.7544546,194.630,-9999.000000,22.313917,26.0,100.0000,LOW,0.2,0.005,0.0
1774254838.8144543,194.690,-9999.000000,22.314305,26.0,100.0000,LOW,0.2,0.005,0.0
1774254838.8761537,194.752,-9999.000000,22.317801,26.0,100.0000,LOW,0.2,0.005,0.0
1774254838.9449263,194.820,-9999.000000,22.318967,26.0,100.0000,LOW,0.2,0.005,0.0
1774254839.0043218,194.880,-9999.000000,22.318192,26.0,100.0000,LOW,0.2,0.005,0.0
1774254839.0747874,194.950,-9999.000000,22.315859,26.0,100.0000,LOW,0.2,0.005,0.0
1774254839.1358578,195.011,-9999.000000,22.312751,26.0,100.0000,LOW,0.2,0.005,0.0
1774254839.194251,195.070,-9999.000000,22.312751,26.0,100.0000,LOW,0.2,0.005,0.0
1774254839.264872,195.140,-9999.000000,22.315471,26.0,100.0000,LOW,0.2,0.005,0.0
1774254839.3267655,195.202,-9999.000000,22.317801,26.0,100.0000,LOW,0.2,0.005,0.0
1774254839.3947184,195.270,-9999.000000,22.317801,26.0,100.0000,LOW,0.2,0.005,0.0
1774254839.4559743,195.332,-9999.000000,22.314693,26.0,100.0000,LOW,0.2,0.005,0.0
1774254839.5142953,195.390,-9999.000000,22.311584,26.0,100.0000,LOW,0.2,0.005,0.0
1774254839.5848978,195.460,-9999.000000,22.311196,26.0,100.0000,LOW,0.2,0.005,0.0
1774254839.6463912,195.522,-9999.000000,22.314305,26.0,100.0000,LOW,0.2,0.005,0.0
1774254839.714842,195.590,-9999.000000,22.315859,26.0,100.0000,LOW,0.2,0.005,0.0
1774254839.774388,195.650,-9999.000000,22.316247,26.0,100.0000,LOW,0.2,0.005,0.0
1774254839.834943,195.711,-9999.000000,22.313917,26.0,100.0000,LOW,0.2,0.005,0.0
1774254839.896708,195.772,-9999.000000,22.314693,26.0,100.0000,LOW,0.2,0.005,0.0
1774254839.9662697,195.842,-9999.000000,22.310030,26.0,100.0000,LOW,0.2,0.005,0.0
1774254840.0160093,195.892,-9999.000000,22.311196,26.0,100.0000,LOW,0.2,0.005,0.0
1774254840.0749128,195.950,-9999.000000,22.313526,26.0,100.0000,LOW,0.2,0.005,0.0
1774254840.144468,196.020,-9999.000000,22.314693,26.0,100.0000,LOW,0.2,0.005,0.0
1774254840.2043104,196.080,-9999.000000,22.314305,26.0,100.0000,LOW,0.2,0.005,0.0
1774254840.2748795,196.150,-9999.000000,22.310418,26.0,100.0000,LOW,0.2,0.005,0.0
1774254840.3361692,196.212,-9999.000000,22.308476,26.0,100.0000,LOW,0.2,0.005,0.0
1774254840.3949435,196.271,-9999.000000,22.310030,26.0,100.0000,LOW,0.2,0.005,0.0
1774254840.4647694,196.340,-9999.000000,22.312363,26.0,100.0000,LOW,0.2,0.005,0.0
1774254840.5268874,196.402,-9999.000000,22.314305,26.0,100.0000,LOW,0.2,0.005,0.0
1774254840.594862,196.470,-9999.000000,22.313138,26.0,100.0000,LOW,0.2,0.005,0.0
1774254840.6348796,196.510,-9999.000000,22.310808,26.0,100.0000,LOW,0.2,0.005,0.0
1774254840.7063427,196.582,-9999.000000,22.308088,26.0,100.0000,LOW,0.2,0.005,0.0
1774254840.7642448,196.640,-9999.000000,22.306534,26.0,100.0000,LOW,0.2,0.005,0.0
1774254840.834554,196.710,-9999.000000,22.307697,26.0,100.0000,LOW,0.2,0.005,0.0
1774254840.896507,196.772,-9999.000000,22.308864,26.0,100.0000,LOW,0.2,0.005,0.0
1774254840.9647026,196.840,-9999.000000,22.310808,26.0,100.0000,LOW,0.2,0.005,0.0
1774254841.0242267,196.900,-9999.000000,22.311584,26.0,100.0000,LOW,0.2,0.005,0.0
1774254841.086384,196.962,-9999.000000,22.309251,26.0,100.0000,LOW,0.2,0.005,0.0
1774254841.1557636,197.031,-9999.000000,22.306922,26.0,100.0000,LOW,0.2,0.005,0.0
1774254841.2049239,197.080,-9999.000000,22.304977,26.0,100.0000,LOW,0.2,0.005,0.0
1774254841.2670016,197.143,-9999.000000,22.304977,26.0,100.0000,LOW,0.2,0.005,0.0
1774254841.3339708,197.210,-9999.000000,22.306534,26.0,100.0000,LOW,0.2,0.005,0.0
1774254841.3942487,197.270,-9999.000000,22.308864,26.0,100.0000,LOW,0.2,0.005,0.0
1774254841.4562128,197.332,-9999.000000,22.310030,26.0,100.0000,LOW,0.2,0.005,0.0
1774254841.5269582,197.403,-9999.000000,22.308476,26.0,100.0000,LOW,0.2,0.005,0.0
1774254841.5848787,197.460,-9999.000000,22.305367,26.0,100.0000,LOW,0.2,0.005,0.0
1774254841.6545267,197.530,-9999.000000,22.302259,26.0,100.0000,LOW,0.2,0.005,0.0
1774254841.7160249,197.592,-9999.000000,22.306143,26.0,100.0000,LOW,0.2,0.005,0.0
1774254841.7699468,197.646,-9999.000000,22.302647,26.0,100.0000,LOW,0.2,0.005,0.0
1774254841.8284469,197.704,-9999.000000,22.309251,26.0,100.0000,LOW,0.2,0.005,0.0
1774254841.9049766,197.781,-9999.000000,22.305367,26.0,100.0000,LOW,0.2,0.005,0.0
1774254841.9660213,197.842,-9999.000000,22.302259,26.0,100.0000,LOW,0.2,0.005,0.0
1774254842.0360622,197.912,-9999.000000,22.301868,26.0,100.0000,LOW,0.2,0.005,0.0
1774254842.0945249,197.970,-9999.000000,22.304977,26.0,100.0000,LOW,0.2,0.005,0.0
1774254842.1544857,198.030,-9999.000000,22.306922,26.0,100.0000,LOW,0.2,0.005,0.0
1774254842.2246137,198.100,-9999.000000,22.304977,26.0,100.0000,LOW,0.2,0.005,0.0
1774254842.286008,198.162,-9999.000000,22.302647,26.0,100.0000,LOW,0.2,0.005,0.0
1774254842.3442314,198.220,-9999.000000,22.301093,26.0,100.0000,LOW,0.2,0.005,0.0
1774254842.4144263,198.290,-9999.000000,22.304589,26.0,100.0000,LOW,0.2,0.005,0.0
1774254842.4762902,198.352,-9999.000000,22.305755,26.0,100.0000,LOW,0.2,0.005,0.0
1774254842.5343285,198.410,-9999.000000,22.301868,26.0,100.0000,LOW,0.2,0.005,0.0
1774254842.604257,198.480,-9999.000000,22.299539,26.0,100.0000,LOW,0.2,0.005,0.0
1774254842.666234,198.542,-9999.000000,22.300314,26.0,100.0000,LOW,0.2,0.005,0.0
1774254842.733799,198.609,-9999.000000,22.303035,26.0,100.0000,LOW,0.2,0.005,0.0
1774254842.796308,198.672,-9999.000000,22.303813,26.0,100.0000,LOW,0.2,0.005,0.0
1774254842.846576,198.722,-9999.000000,22.304589,26.0,100.0000,LOW,0.2,0.005,0.0
1774254842.9043255,198.780,-9999.000000,22.303423,26.0,100.0000,LOW,0.2,0.005,0.0
1774254842.9742837,198.850,-9999.000000,22.301093,26.0,100.0000,LOW,0.2,0.005,0.0
1774254843.0357559,198.911,-9999.000000,22.298372,26.0,100.0000,LOW,0.2,0.005,0.0
1774254843.0942667,198.970,-9999.000000,22.298372,26.0,100.0000,LOW,0.2,0.005,0.0
1774254843.1659548,199.042,-9999.000000,22.299539,26.0,100.0000,LOW,0.2,0.005,0.0
1774254843.2198527,199.095,-9999.000000,22.297594,26.0,100.0000,LOW,0.2,0.005,0.0
1774254843.2946157,199.170,-9999.000000,22.302647,26.0,100.0000,LOW,0.2,0.005,0.0
1774254843.3566544,199.232,-9999.000000,22.299926,26.0,100.0000,LOW,0.2,0.005,0.0
1774254843.4145782,199.290,-9999.000000,22.297594,26.0,100.0000,LOW,0.2,0.005,0.0
1774254843.4834716,199.359,-9999.000000,22.298372,26.0,100.0000,LOW,0.2,0.005,0.0
1774254843.546516,199.422,-9999.000000,22.301868,26.0,100.0000,LOW,0.2,0.005,0.0
1774254843.5948923,199.470,-9999.000000,22.301868,26.0,100.0000,LOW,0.2,0.005,0.0
1774254843.6565294,199.532,-9999.000000,22.300705,26.0,100.0000,LOW,0.2,0.005,0.0
1774254843.7179115,199.593,-9999.000000,22.296818,26.0,100.0000,LOW,0.2,0.005,0.0
1774254843.7847645,199.660,-9999.000000,22.296040,26.0,100.0000,LOW,0.2,0.005,0.0
1774254843.845867,199.721,-9999.000000,22.298760,26.0,100.0000,LOW,0.2,0.005,0.0
1774254843.9148881,199.790,-9999.000000,22.299148,26.0,100.0000,LOW,0.2,0.005,0.0
1774254843.9780407,199.854,-9999.000000,22.299926,26.0,100.0000,LOW,0.2,0.005,0.0
1774254844.0371974,199.913,-9999.000000,22.297594,26.0,100.0000,LOW,0.2,0.005,0.0
1774254844.1048148,199.980,-9999.000000,22.295264,26.0,100.0000,LOW,0.2,0.005,0.0
1774254844.1681378,200.044,-9999.000000,22.294098,26.0,100.0000,LOW,0.2,0.005,0.0
1774254844.2235968,200.099,-9999.000000,22.295264,26.0,100.0000,LOW,0.2,0.005,0.0
1774254844.2946887,200.170,-9999.000000,22.299148,26.0,100.0000,LOW,0.2,0.005,0.0
1774254844.3573847,200.233,-9999.000000,22.295652,26.0,100.0000,LOW,0.2,0.005,0.0
1774254844.4143174,200.290,-9999.000000,22.292544,26.0,100.0000,LOW,0.2,0.005,0.0
1774254844.4643395,200.340,-9999.000000,22.292156,26.0,100.0000,LOW,0.2,0.005,0.0
1774254844.5343158,200.410,-9999.000000,22.294098,26.0,100.0000,LOW,0.2,0.005,0.0
1774254844.594329,200.470,-9999.000000,22.297985,26.0,100.0000,LOW,0.2,0.005,0.0
1774254844.6575475,200.533,-9999.000000,22.296818,26.0,100.0000,LOW,0.2,0.005,0.0
1774254844.726514,200.602,-9999.000000,22.295652,26.0,100.0000,LOW,0.2,0.005,0.0
1774254844.784706,200.660,-9999.000000,22.293710,26.0,100.0000,LOW,0.2,0.005,0.0
1774254844.8543954,200.730,-9999.000000,22.290602,26.0,100.0000,LOW,0.2,0.005,0.0
1774254844.916093,200.792,-9999.000000,22.291377,26.0,100.0000,LOW,0.2,0.005,0.0
1774254844.9819326,200.857,-9999.000000,22.294486,26.0,100.0000,LOW,0.2,0.005,0.0
1774254845.0446258,200.920,-9999.000000,22.296040,26.0,100.0000,LOW,0.2,0.005,0.0
1774254845.104577,200.980,-9999.000000,22.294098,26.0,100.0000,LOW,0.2,0.005,0.0
1774254845.1716044,201.047,-9999.000000,22.290211,26.0,100.0000,LOW,0.2,0.005,0.0
1774254845.2160797,201.092,-9999.000000,22.289045,26.0,100.0000,LOW,0.2,0.005,0.0
1774254845.2836378,201.159,-9999.000000,22.292932,26.0,100.0000,LOW,0.2,0.005,0.0
1774254845.3443835,201.220,-9999.000000,22.295264,26.0,100.0000,LOW,0.2,0.005,0.0
1774254845.4077878,201.283,-9999.000000,22.294098,26.0,100.0000,LOW,0.2,0.005,0.0
1774254845.4737444,201.349,-9999.000000,22.289436,26.0,100.0000,LOW,0.2,0.005,0.0
1774254845.536431,201.412,-9999.000000,22.287491,26.0,100.0000,LOW,0.2,0.005,0.0
1774254845.5976794,201.473,-9999.000000,22.288269,26.0,100.0000,LOW,0.2,0.005,0.0
1774254845.6647177,201.540,-9999.000000,22.290990,26.0,100.0000,LOW,0.2,0.005,0.0
1774254845.7269893,201.603,-9999.000000,22.293319,26.0,100.0000,LOW,0.2,0.005,0.0
1774254845.7947695,201.670,-9999.000000,22.292932,26.0,100.0000,LOW,0.2,0.005,0.0
1774254845.8568738,201.732,-9999.000000,22.289823,26.0,100.0000,LOW,0.2,0.005,0.0
1774254845.918,201.794,-9999.000000,22.285937,26.0,100.0000,LOW,0.2,0.005,0.0
1774254845.9642367,201.840,-9999.000000,22.286715,26.0,100.0000,LOW,0.2,0.005,0.0
1774254846.034542,201.910,-9999.000000,22.287491,26.0,100.0000,LOW,0.2,0.005,0.0
1774254846.096711,201.972,-9999.000000,22.291377,26.0,100.0000,LOW,0.2,0.005,0.0
1774254846.1542277,202.030,-9999.000000,22.290602,26.0,100.0000,LOW,0.2,0.005,0.0
1774254846.2242715,202.100,-9999.000000,22.286715,26.0,100.0000,LOW,0.2,0.005,0.0
1774254846.2876334,202.163,-9999.000000,22.284771,26.0,100.0000,LOW,0.2,0.005,0.0
1774254846.344494,202.220,-9999.000000,22.285549,26.0,100.0000,LOW,0.2,0.005,0.0
1774254846.4166155,202.292,-9999.000000,22.287103,26.0,100.0000,LOW,0.2,0.005,0.0
1774254846.4744477,202.350,-9999.000000,22.290211,26.0,100.0000,LOW,0.2,0.005,0.0
1774254846.5442638,202.420,-9999.000000,22.288269,26.0,100.0000,LOW,0.2,0.005,0.0
1774254846.6048455,202.480,-9999.000000,22.285937,26.0,100.0000,LOW,0.2,0.005,0.0
1774254846.6647007,202.540,-9999.000000,22.283217,26.0,100.0000,LOW,0.2,0.005,0.0
1774254846.7260466,202.602,-9999.000000,22.288657,26.0,100.0000,LOW,0.2,0.005,0.0
1774254846.7843118,202.660,-9999.000000,22.283995,26.0,100.0000,LOW,0.2,0.005,0.0
1774254846.844999,202.721,-9999.000000,22.287882,26.0,100.0000,LOW,0.2,0.005,0.0
1774254846.907856,202.783,-9999.000000,22.287491,26.0,100.0000,LOW,0.2,0.005,0.0
1774254846.9749155,202.850,-9999.000000,22.283607,26.0,100.0000,LOW,0.2,0.005,0.0
1774254847.0343244,202.910,-9999.000000,22.281275,26.0,100.0000,LOW,0.2,0.005,0.0
1774254847.096387,202.972,-9999.000000,22.282053,26.0,100.0000,LOW,0.2,0.005,0.0
1774254847.1661365,203.042,-9999.000000,22.284771,26.0,100.0000,LOW,0.2,0.005,0.0
1774254847.22463,203.100,-9999.000000,22.286715,26.0,100.0000,LOW,0.2,0.005,0.0
1774254847.2947288,203.170,-9999.000000,22.285937,26.0,100.0000,LOW,0.2,0.005,0.0
1774254847.3558962,203.231,-9999.000000,22.282053,26.0,100.0000,LOW,0.2,0.005,0.0
1774254847.414577,203.290,-9999.000000,22.280109,26.0,100.0000,LOW,0.2,0.005,0.0
1774254847.4758418,203.351,-9999.000000,22.284771,26.0,100.0000,LOW,0.2,0.005,0.0
1774254847.5349052,203.410,-9999.000000,22.280499,26.0,100.0000,LOW,0.2,0.005,0.0
1774254847.5950327,203.471,-9999.000000,22.283995,26.0,100.0000,LOW,0.2,0.005,0.0
1774254847.655685,203.531,-9999.000000,22.284383,26.0,100.0000,LOW,0.2,0.005,0.0
1774254847.7262652,203.602,-9999.000000,22.283217,26.0,100.0000,LOW,0.2,0.005,0.0
1774254847.7848878,203.660,-9999.000000,22.279333,26.0,100.0000,LOW,0.2,0.005,0.0
1774254847.8445868,203.720,-9999.000000,22.283995,26.0,100.0000,LOW,0.2,0.005,0.0
1774254847.9198835,203.795,-9999.000000,22.277388,26.0,100.0000,LOW,0.2,0.005,0.0
1774254847.9739518,203.850,-9999.000000,22.279333,26.0,100.0000,LOW,0.2,0.005,0.0
1774254848.0481744,203.924,-9999.000000,22.281663,26.0,100.0000,LOW,0.2,0.005,0.0
1774254848.1147618,203.990,-9999.000000,22.282441,26.0,100.0000,LOW,0.2,0.005,0.0
1774254848.1750271,204.051,-9999.000000,22.282829,26.0,100.0000,LOW,0.2,0.005,0.0
1774254848.2361162,204.112,-9999.000000,22.279721,26.0,100.0000,LOW,0.2,0.005,0.0
1774254848.3062453,204.182,-9999.000000,22.277001,26.0,100.0000,LOW,0.2,0.005,0.0
1774254848.3701956,204.246,-9999.000000,22.275447,26.0,100.0000,LOW,0.2,0.005,0.0
1774254848.4348986,204.310,-9999.000000,22.277001,26.0,100.0000,LOW,0.2,0.005,0.0
1774254848.498145,204.374,-9999.000000,22.280499,26.0,100.0000,LOW,0.2,0.005,0.0
1774254848.5580437,204.434,-9999.000000,22.280887,26.0,100.0000,LOW,0.2,0.005,0.0
1774254848.6266944,204.502,-9999.000000,22.278942,26.0,100.0000,LOW,0.2,0.005,0.0
1774254848.6709795,204.547,-9999.000000,22.275059,26.0,100.0000,LOW,0.2,0.005,0.0
1774254848.7342587,204.610,-9999.000000,22.275059,26.0,100.0000,LOW,0.2,0.005,0.0
1774254848.8020034,204.678,-9999.000000,22.275059,26.0,100.0000,LOW,0.2,0.005,0.0
1774254848.8658013,204.741,-9999.000000,22.277779,26.0,100.0000,LOW,0.2,0.005,0.0
1774254848.9263833,204.802,-9999.000000,22.279721,26.0,100.0000,LOW,0.2,0.005,0.0
1774254848.9948347,204.870,-9999.000000,22.278942,26.0,100.0000,LOW,0.2,0.005,0.0
1774254849.0543191,204.930,-9999.000000,22.276613,26.0,100.0000,LOW,0.2,0.005,0.0
1774254849.1147897,204.990,-9999.000000,22.277779,26.0,100.0000,LOW,0.2,0.005,0.0
1774254849.1868672,205.062,-9999.000000,22.272726,26.0,100.0000,LOW,0.2,0.005,0.0
1774254849.250452,205.126,-9999.000000,22.275447,26.0,100.0000,LOW,0.2,0.005,0.0
1774254849.3039956,205.180,-9999.000000,22.272339,26.0,100.0000,LOW,0.2,0.005,0.0
1774254849.3543918,205.230,-9999.000000,22.277388,26.0,100.0000,LOW,0.2,0.005,0.0
1774254849.4280837,205.304,-9999.000000,22.277388,26.0,100.0000,LOW,0.2,0.005,0.0
1774254849.4864955,205.362,-9999.000000,22.272339,26.0,100.0000,LOW,0.2,0.005,0.0
1774254849.5557098,205.431,-9999.000000,22.270785,26.0,100.0000,LOW,0.2,0.005,0.0
1774254849.6142256,205.490,-9999.000000,22.272339,26.0,100.0000,LOW,0.2,0.005,0.0
1774254849.6759577,205.552,-9999.000000,22.275447,26.0,100.0000,LOW,0.2,0.005,0.0
1774254849.746156,205.622,-9999.000000,22.277001,26.0,100.0000,LOW,0.2,0.005,0.0
1774254849.8082676,205.684,-9999.000000,22.274280,26.0,100.0000,LOW,0.2,0.005,0.0
1774254849.8744516,205.750,-9999.000000,22.272726,26.0,100.0000,LOW,0.2,0.005,0.0
1774254849.9347441,205.810,-9999.000000,22.270006,26.0,100.0000,LOW,0.2,0.005,0.0
1774254849.9964905,205.872,-9999.000000,22.270785,26.0,100.0000,LOW,0.2,0.005,0.0
1774254850.067017,205.943,-9999.000000,22.273114,26.0,100.0000,LOW,0.2,0.005,0.0
1774254850.125049,206.001,-9999.000000,22.275834,26.0,100.0000,LOW,0.2,0.005,0.0
1774254850.1940916,206.070,-9999.000000,22.274671,26.0,100.0000,LOW,0.2,0.005,0.0
1774254850.2564452,206.132,-9999.000000,22.272726,26.0,100.0000,LOW,0.2,0.005,0.0
1774254850.3145332,206.190,-9999.000000,22.269231,26.0,100.0000,LOW,0.2,0.005,0.0
1774254850.384704,206.260,-9999.000000,22.268840,26.0,100.0000,LOW,0.2,0.005,0.0
1774254850.4406707,206.316,-9999.000000,22.271173,26.0,100.0000,LOW,0.2,0.005,0.0
1774254850.5147479,206.390,-9999.000000,22.273505,26.0,100.0000,LOW,0.2,0.005,0.0
1774254850.57601,206.452,-9999.000000,22.273505,26.0,100.0000,LOW,0.2,0.005,0.0
1774254850.6304128,206.506,-9999.000000,22.273505,26.0,100.0000,LOW,0.2,0.005,0.0
1774254850.7042322,206.580,-9999.000000,22.268065,26.0,100.0000,LOW,0.2,0.005,0.0
1774254850.7544096,206.630,-9999.000000,22.267286,26.0,100.0000,LOW,0.2,0.005,0.0
1774254850.8164363,206.692,-9999.000000,22.271560,26.0,100.0000,LOW,0.2,0.005,0.0
1774254850.8754165,206.751,-9999.000000,22.272726,26.0,100.0000,LOW,0.2,0.005,0.0
1774254850.9441104,206.820,-9999.000000,22.271173,26.0,100.0000,LOW,0.2,0.005,0.0
1774254851.0079665,206.884,-9999.000000,22.270006,26.0,100.0000,LOW,0.2,0.005,0.0
1774254851.0672069,206.943,-9999.000000,22.266123,26.0,100.0000,LOW,0.2,0.005,0.0
1774254851.136526,207.012,-9999.000000,22.266898,26.0,100.0000,LOW,0.2,0.005,0.0
1774254851.1976433,207.073,-9999.000000,22.268452,26.0,100.0000,LOW,0.2,0.005,0.0
1774254851.2539072,207.129,-9999.000000,22.266123,26.0,100.0000,LOW,0.2,0.005,0.0
1774254851.3278034,207.203,-9999.000000,22.270785,26.0,100.0000,LOW,0.2,0.005,0.0
1774254851.3847082,207.260,-9999.000000,22.267286,26.0,100.0000,LOW,0.2,0.005,0.0
1774254851.4359615,207.312,-9999.000000,22.266898,26.0,100.0000,LOW,0.2,0.005,0.0
1774254851.504459,207.380,-9999.000000,22.264178,26.0,100.0000,LOW,0.2,0.005,0.0
1774254851.565039,207.441,-9999.000000,22.266123,26.0,100.0000,LOW,0.2,0.005,0.0
1774254851.6337798,207.509,-9999.000000,22.268065,26.0,100.0000,LOW,0.2,0.005,0.0
1774254851.6961694,207.572,-9999.000000,22.270006,26.0,100.0000,LOW,0.2,0.005,0.0
1774254851.7544425,207.630,-9999.000000,22.268840,26.0,100.0000,LOW,0.2,0.005,0.0
1774254851.823588,207.699,-9999.000000,22.263791,26.0,100.0000,LOW,0.2,0.005,0.0
1774254851.886367,207.762,-9999.000000,22.263791,26.0,100.0000,LOW,0.2,0.005,0.0
1774254851.9417238,207.817,-9999.000000,22.266123,26.0,100.0000,LOW,0.2,0.005,0.0
1774254852.0158482,207.891,-9999.000000,22.267677,26.0,100.0000,LOW,0.2,0.005,0.0
1774254852.078258,207.954,-9999.000000,22.268840,26.0,100.0000,LOW,0.2,0.005,0.0
1774254852.1400404,208.016,-9999.000000,22.263791,26.0,100.0000,LOW,0.2,0.005,0.0
1774254852.1864178,208.062,-9999.000000,22.262625,26.0,100.0000,LOW,0.2,0.005,0.0
1774254852.2545137,208.130,-9999.000000,22.262237,26.0,100.0000,LOW,0.2,0.005,0.0
1774254852.3163726,208.192,-9999.000000,22.264178,26.0,100.0000,LOW,0.2,0.005,0.0
1774254852.3782973,208.254,-9999.000000,22.268065,26.0,100.0000,LOW,0.2,0.005,0.0
1774254852.4378254,208.313,-9999.000000,22.265732,26.0,100.0000,LOW,0.2,0.005,0.0
1774254852.5080576,208.384,-9999.000000,22.264569,26.0,100.0000,LOW,0.2,0.005,0.0
1774254852.5645337,208.440,-9999.000000,22.261458,26.0,100.0000,LOW,0.2,0.005,0.0
1774254852.6342652,208.510,-9999.000000,22.262625,26.0,100.0000,LOW,0.2,0.005,0.0
1774254852.695844,208.571,-9999.000000,22.264957,26.0,100.0000,LOW,0.2,0.005,0.0
1774254852.7642376,208.640,-9999.000000,22.266898,26.0,100.0000,LOW,0.2,0.005,0.0
1774254852.8250084,208.701,-9999.000000,22.264957,26.0,100.0000,LOW,0.2,0.005,0.0
1774254852.8879445,208.764,-9999.000000,22.261458,26.0,100.0000,LOW,0.2,0.005,0.0
1774254852.9342773,208.810,-9999.000000,22.259517,26.0,100.0000,LOW,0.2,0.005,0.0
1774254852.9962022,208.872,-9999.000000,22.261071,26.0,100.0000,LOW,0.2,0.005,0.0
1774254853.0648737,208.940,-9999.000000,22.264957,26.0,100.0000,LOW,0.2,0.005,0.0
1774254853.1247773,209.000,-9999.000000,22.264569,26.0,100.0000,LOW,0.2,0.005,0.0
1774254853.1940446,209.070,-9999.000000,22.263791,26.0,100.0000,LOW,0.2,0.005,0.0
1774254853.2578776,209.133,-9999.000000,22.259904,26.0,100.0000,LOW,0.2,0.005,0.0
1774254853.3163369,209.192,-9999.000000,22.259129,26.0,100.0000,LOW,0.2,0.005,0.0
1774254853.374316,209.250,-9999.000000,22.263012,26.0,100.0000,LOW,0.2,0.005,0.0
1774254853.4446404,209.320,-9999.000000,22.263012,26.0,100.0000,LOW,0.2,0.005,0.0
1774254853.5063698,209.382,-9999.000000,22.263403,26.0,100.0000,LOW,0.2,0.005,0.0
1774254853.576013,209.452,-9999.000000,22.260683,26.0,100.0000,LOW,0.2,0.005,0.0
1774254853.6270137,209.503,-9999.000000,22.263403,26.0,100.0000,LOW,0.2,0.005,0.0
1774254853.704386,209.580,-9999.000000,22.257963,26.0,100.0000,LOW,0.2,0.005,0.0
1774254853.7447052,209.620,-9999.000000,22.259517,26.0,100.0000,LOW,0.2,0.005,0.0
1774254853.8143232,209.690,-9999.000000,22.261849,26.0,100.0000,LOW,0.2,0.005,0.0
1774254853.8812084,209.757,-9999.000000,22.263403,26.0,100.0000,LOW,0.2,0.005,0.0
1774254853.9378674,209.813,-9999.000000,22.257185,26.0,100.0000,LOW,0.2,0.005,0.0
1774254854.0042913,209.880,-9999.000000,22.257185,26.0,100.0000,LOW,0.2,0.005,0.0
1774254854.0678935,209.943,-9999.000000,22.255243,26.0,100.0000,LOW,0.2,0.005,0.0
1774254854.1348994,210.010,-9999.000000,22.256797,26.0,100.0000,LOW,0.2,0.005,0.0
1774254854.1944213,210.070,-9999.000000,22.260295,26.0,100.0000,LOW,0.2,0.005,0.0
1774254854.2643163,210.140,-9999.000000,22.261458,26.0,100.0000,LOW,0.2,0.005,0.0
1774254854.3248572,210.200,-9999.000000,22.260683,26.0,100.0000,LOW,0.2,0.005,0.0
1774254854.3748329,210.250,-9999.000000,22.258738,26.0,100.0000,LOW,0.2,0.005,0.0
1774254854.435811,210.311,-9999.000000,22.255631,26.0,100.0000,LOW,0.2,0.005,0.0
1774254854.504694,210.380,-9999.000000,22.254077,26.0,100.0000,LOW,0.2,0.005,0.0
1774254854.5646937,210.440,-9999.000000,22.255631,26.0,100.0000,LOW,0.2,0.005,0.0
1774254854.6341043,210.510,-9999.000000,22.257575,26.0,100.0000,LOW,0.2,0.005,0.0
1774254854.6943908,210.570,-9999.000000,22.259517,26.0,100.0000,LOW,0.2,0.005,0.0
1774254854.755823,210.631,-9999.000000,22.259129,26.0,100.0000,LOW,0.2,0.005,0.0
1774254854.8268845,210.702,-9999.000000,22.256797,26.0,100.0000,LOW,0.2,0.005,0.0
1774254854.8848279,210.760,-9999.000000,22.254077,26.0,100.0000,LOW,0.2,0.005,0.0
1774254854.9348998,210.810,-9999.000000,22.253301,26.0,100.0000,LOW,0.2,0.005,0.0
1774254855.004527,210.880,-9999.000000,22.252523,26.0,100.0000,LOW,0.2,0.005,0.0
1774254855.0646687,210.940,-9999.000000,22.254855,26.0,100.0000,LOW,0.2,0.005,0.0
1774254855.1260922,211.002,-9999.000000,22.258351,26.0,100.0000,LOW,0.2,0.005,0.0
1774254855.1963534,211.072,-9999.000000,22.257575,26.0,100.0000,LOW,0.2,0.005,0.0
1774254855.2543964,211.130,-9999.000000,22.256409,26.0,100.0000,LOW,0.2,0.005,0.0
1774254855.3244054,211.200,-9999.000000,22.254467,26.0,100.0000,LOW,0.2,0.005,0.0
1774254855.3862967,211.262,-9999.000000,22.251748,26.0,100.0000,LOW,0.2,0.005,0.0
1774254855.4362679,211.312,-9999.000000,22.251748,26.0,100.0000,LOW,0.2,0.005,0.0
1774254855.4942863,211.370,-9999.000000,22.252911,26.0,100.0000,LOW,0.2,0.005,0.0
1774254855.5646236,211.440,-9999.000000,22.255631,26.0,100.0000,LOW,0.2,0.005,0.0
1774254855.6247072,211.500,-9999.000000,22.256409,26.0,100.0000,LOW,0.2,0.005,0.0
1774254855.694095,211.570,-9999.000000,22.254467,26.0,100.0000,LOW,0.2,0.005,0.0
1774254855.7563272,211.632,-9999.000000,22.251357,26.0,100.0000,LOW,0.2,0.005,0.0
1774254855.8146977,211.690,-9999.000000,22.256021,26.0,100.0000,LOW,0.2,0.005,0.0
1774254855.8868952,211.762,-9999.000000,22.249803,26.0,100.0000,LOW,0.2,0.005,0.0
1774254855.946943,211.823,-9999.000000,22.253689,26.0,100.0000,LOW,0.2,0.005,0.0
1774254856.014527,211.890,-9999.000000,22.255631,26.0,100.0000,LOW,0.2,0.005,0.0
1774254856.0750427,211.951,-9999.000000,22.253301,26.0,100.0000,LOW,0.2,0.005,0.0
1774254856.1344013,212.010,-9999.000000,22.250581,26.0,100.0000,LOW,0.2,0.005,0.0
1774254856.1884494,212.064,-9999.000000,22.249415,26.0,100.0000,LOW,0.2,0.005,0.0
1774254856.2544081,212.130,-9999.000000,22.249028,26.0,100.0000,LOW,0.2,0.005,0.0
1774254856.3165543,212.192,-9999.000000,22.250194,26.0,100.0000,LOW,0.2,0.005,0.0
1774254856.3746216,212.250,-9999.000000,22.252523,26.0,100.0000,LOW,0.2,0.005,0.0
1774254856.4466038,212.322,-9999.000000,22.253301,26.0,100.0000,LOW,0.2,0.005,0.0
1774254856.5043979,212.380,-9999.000000,22.251748,26.0,100.0000,LOW,0.2,0.005,0.0
1774254856.5744767,212.450,-9999.000000,22.249803,26.0,100.0000,LOW,0.2,0.005,0.0
1774254856.6363559,212.512,-9999.000000,22.247083,26.0,100.0000,LOW,0.2,0.005,0.0
1774254856.6946936,212.570,-9999.000000,22.249803,26.0,100.0000,LOW,0.2,0.005,0.0
1774254856.7642174,212.640,-9999.000000,22.252135,26.0,100.0000,LOW,0.2,0.005,0.0
1774254856.82585,212.701,-9999.000000,22.250969,26.0,100.0000,LOW,0.2,0.005,0.0
1774254856.8905013,212.766,-9999.000000,22.247474,26.0,100.0000,LOW,0.2,0.005,0.0
1774254856.9345653,212.810,-9999.000000,22.246308,26.0,100.0000,LOW,0.2,0.005,0.0
1774254856.9943542,212.870,-9999.000000,22.248637,26.0,100.0000,LOW,0.2,0.005,0.0
1774254857.0646615,212.940,-9999.000000,22.251357,26.0,100.0000,LOW,0.2,0.005,0.0
1774254857.1254687,213.001,-9999.000000,22.250581,26.0,100.0000,LOW,0.2,0.005,0.0
1774254857.1902838,213.066,-9999.000000,22.247862,26.0,100.0000,LOW,0.2,0.005,0.0
1774254857.2546017,213.130,-9999.000000,22.245142,26.0,100.0000,LOW,0.2,0.005,0.0
1774254857.3157227,213.191,-9999.000000,22.247862,26.0,100.0000,LOW,0.2,0.005,0.0
1774254857.3745327,213.250,-9999.000000,22.250581,26.0,100.0000,LOW,0.2,0.005,0.0
1774254857.434613,213.310,-9999.000000,22.247474,26.0,100.0000,LOW,0.2,0.005,0.0
1774254857.5045645,213.380,-9999.000000,22.244366,26.0,100.0000,LOW,0.2,0.005,0.0
1774254857.5658627,213.441,-9999.000000,22.244754,26.0,100.0000,LOW,0.2,0.005,0.0
1774254857.6335053,213.509,-9999.000000,22.249028,26.0,100.0000,LOW,0.2,0.005,0.0
1774254857.6945536,213.570,-9999.000000,22.249803,26.0,100.0000,LOW,0.2,0.005,0.0
1774254857.7554936,213.631,-9999.000000,22.245920,26.0,100.0000,LOW,0.2,0.005,0.0
1774254857.8144667,213.690,-9999.000000,22.242810,26.0,100.0000,LOW,0.2,0.005,0.0
1774254857.8845632,213.760,-9999.000000,22.244754,26.0,100.0000,LOW,0.2,0.005,0.0
1774254857.944284,213.820,-9999.000000,22.247862,26.0,100.0000,LOW,0.2,0.005,0.0
1774254858.0141575,213.890,-9999.000000,22.248249,26.0,100.0000,LOW,0.2,0.005,0.0
1774254858.0764759,213.952,-9999.000000,22.248249,26.0,100.0000,LOW,0.2,0.005,0.0
1774254858.1246765,214.000,-9999.000000,22.245920,26.0,100.0000,LOW,0.2,0.005,0.0
1774254858.18485,214.060,-9999.000000,22.242034,26.0,100.0000,LOW,0.2,0.005,0.0
1774254858.2545106,214.130,-9999.000000,22.242810,26.0,100.0000,LOW,0.2,0.005,0.0
1774254858.3145106,214.190,-9999.000000,22.247083,26.0,100.0000,LOW,0.2,0.005,0.0
1774254858.3799343,214.256,-9999.000000,22.247474,26.0,100.0000,LOW,0.2,0.005,0.0
1774254858.4437675,214.319,-9999.000000,22.245142,26.0,100.0000,LOW,0.2,0.005,0.0
1774254858.5043702,214.380,-9999.000000,22.244366,26.0,100.0000,LOW,0.2,0.005,0.0
1774254858.574202,214.450,-9999.000000,22.242034,26.0,100.0000,LOW,0.2,0.005,0.0
1774254858.637669,214.513,-9999.000000,22.241256,26.0,100.0000,LOW,0.2,0.005,0.0
1774254858.6938574,214.569,-9999.000000,22.244366,26.0,100.0000,LOW,0.2,0.005,0.0
1774254858.7653816,214.641,-9999.000000,22.245142,26.0,100.0000,LOW,0.2,0.005,0.0
1774254858.8140671,214.690,-9999.000000,22.246695,26.0,100.0000,LOW,0.2,0.005,0.0
1774254858.8742354,214.750,-9999.000000,22.245529,26.0,100.0000,LOW,0.2,0.005,0.0
1774254858.9361622,214.812,-9999.000000,22.241646,26.0,100.0000,LOW,0.2,0.005,0.0
1774254859.0079513,214.884,-9999.000000,22.240093,26.0,100.0000,LOW,0.2,0.005,0.0
1774254859.064224,214.940,-9999.000000,22.240868,26.0,100.0000,LOW,0.2,0.005,0.0
1774254859.1345158,215.010,-9999.000000,22.243588,26.0,100.0000,LOW,0.2,0.005,0.0
1774254859.188306,215.064,-9999.000000,22.238927,26.0,100.0000,LOW,0.2,0.005,0.0
1774254859.2549784,215.131,-9999.000000,22.243976,26.0,100.0000,LOW,0.2,0.005,0.0
1774254859.3250666,215.201,-9999.000000,22.242034,26.0,100.0000,LOW,0.2,0.005,0.0
1774254859.384837,215.260,-9999.000000,22.238536,26.0,100.0000,LOW,0.2,0.005,0.0
1774254859.4344432,215.310,-9999.000000,22.237761,26.0,100.0000,LOW,0.2,0.005,0.0
1774254859.504415,215.380,-9999.000000,22.238536,26.0,100.0000,LOW,0.2,0.005,0.0
1774254859.5683181,215.444,-9999.000000,22.239702,26.0,100.0000,LOW,0.2,0.005,0.0
1774254859.6348732,215.510,-9999.000000,22.240093,26.0,100.0000,LOW,0.2,0.005,0.0
1774254859.6900496,215.566,-9999.000000,22.237761,26.0,100.0000,LOW,0.2,0.005,0.0
1774254859.7642686,215.640,-9999.000000,22.243588,26.0,100.0000,LOW,0.2,0.005,0.0
1774254859.8248417,215.700,-9999.000000,22.242810,26.0,100.0000,LOW,0.2,0.005,0.0
1774254859.8866177,215.762,-9999.000000,22.238927,26.0,100.0000,LOW,0.2,0.005,0.0
1774254859.956078,215.832,-9999.000000,22.236982,26.0,100.0000,LOW,0.2,0.005,0.0
1774254860.0149183,215.890,-9999.000000,22.236982,26.0,100.0000,LOW,0.2,0.005,0.0
1774254860.0840163,215.960,-9999.000000,22.240868,26.0,100.0000,LOW,0.2,0.005,0.0
1774254860.1479664,216.024,-9999.000000,22.242810,26.0,100.0000,LOW,0.2,0.005,0.0
1774254860.204611,216.080,-9999.000000,22.235819,26.0,100.0000,LOW,0.2,0.005,0.0
1774254860.2742548,216.150,-9999.000000,22.236595,26.0,100.0000,LOW,0.2,0.005,0.0
1774254860.336125,216.212,-9999.000000,22.234653,26.0,100.0000,LOW,0.2,0.005,0.0
1774254860.3945677,216.270,-9999.000000,22.239314,26.0,100.0000,LOW,0.2,0.005,0.0
1774254860.4646006,216.340,-9999.000000,22.239702,26.0,100.0000,LOW,0.2,0.005,0.0
1774254860.5242205,216.400,-9999.000000,22.240480,26.0,100.0000,LOW,0.2,0.005,0.0
1774254860.5947497,216.470,-9999.000000,22.239314,26.0,100.0000,LOW,0.2,0.005,0.0
1774254860.655968,216.532,-9999.000000,22.235429,26.0,100.0000,LOW,0.2,0.005,0.0
1774254860.7147746,216.590,-9999.000000,22.234653,26.0,100.0000,LOW,0.2,0.005,0.0
1774254860.7846723,216.660,-9999.000000,22.235429,26.0,100.0000,LOW,0.2,0.005,0.0
1774254860.8473144,216.723,-9999.000000,22.238148,26.0,100.0000,LOW,0.2,0.005,0.0
1774254860.91431,216.790,-9999.000000,22.239702,26.0,100.0000,LOW,0.2,0.005,0.0
1774254860.977129,216.853,-9999.000000,22.238536,26.0,100.0000,LOW,0.2,0.005,0.0
1774254861.0350087,216.911,-9999.000000,22.234265,26.0,100.0000,LOW,0.2,0.005,0.0
1774254861.1043637,216.980,-9999.000000,22.233099,26.0,100.0000,LOW,0.2,0.005,0.0
1774254861.1670644,217.043,-9999.000000,22.233099,26.0,100.0000,LOW,0.2,0.005,0.0
1774254861.2240374,217.100,-9999.000000,22.233099,26.0,100.0000,LOW,0.2,0.005,0.0
1774254861.2955165,217.171,-9999.000000,22.239314,26.0,100.0000,LOW,0.2,0.005,0.0
1774254861.3442466,217.220,-9999.000000,22.238536,26.0,100.0000,LOW,0.2,0.005,0.0
1774254861.404289,217.280,-9999.000000,22.235041,26.0,100.0000,LOW,0.2,0.005,0.0
1774254861.4748318,217.350,-9999.000000,22.233099,26.0,100.0000,LOW,0.2,0.005,0.0
1774254861.5359378,217.412,-9999.000000,22.232709,26.0,100.0000,LOW,0.2,0.005,0.0
1774254861.5981295,217.474,-9999.000000,22.233875,26.0,100.0000,LOW,0.2,0.005,0.0
1774254861.6659708,217.542,-9999.000000,22.236207,26.0,100.0000,LOW,0.2,0.005,0.0
1774254861.7268975,217.602,-9999.000000,22.237373,26.0,100.0000,LOW,0.2,0.005,0.0
1774254861.7948813,217.670,-9999.000000,22.236595,26.0,100.0000,LOW,0.2,0.005,0.0
1774254861.8543818,217.730,-9999.000000,22.231933,26.0,100.0000,LOW,0.2,0.005,0.0
1774254861.9145713,217.790,-9999.000000,22.230767,26.0,100.0000,LOW,0.2,0.005,0.0
1774254861.9761393,217.852,-9999.000000,22.235041,26.0,100.0000,LOW,0.2,0.005,0.0
1774254862.0338926,217.909,-9999.000000,22.235429,26.0,100.0000,LOW,0.2,0.005,0.0
1774254862.098059,217.974,-9999.000000,22.236207,26.0,100.0000,LOW,0.2,0.005,0.0
1774254862.1542406,218.030,-9999.000000,22.235819,26.0,100.0000,LOW,0.2,0.005,0.0
1774254862.2247157,218.100,-9999.000000,22.233099,26.0,100.0000,LOW,0.2,0.005,0.0
1774254862.2866695,218.162,-9999.000000,22.230380,26.0,100.0000,LOW,0.2,0.005,0.0
1774254862.354235,218.230,-9999.000000,22.229992,26.0,100.0000,LOW,0.2,0.005,0.0
1774254862.4145453,218.290,-9999.000000,22.232321,26.0,100.0000,LOW,0.2,0.005,0.0
1774254862.4745579,218.350,-9999.000000,22.230380,26.0,100.0000,LOW,0.2,0.005,0.0
1774254862.5447092,218.420,-9999.000000,22.234265,26.0,100.0000,LOW,0.2,0.005,0.0
1774254862.6060874,218.482,-9999.000000,22.230767,26.0,100.0000,LOW,0.2,0.005,0.0
1774254862.664687,218.540,-9999.000000,22.229214,26.0,100.0000,LOW,0.2,0.005,0.0
1774254862.726327,218.602,-9999.000000,22.233875,26.0,100.0000,LOW,0.2,0.005,0.0
1774254862.7960484,218.672,-9999.000000,22.233875,26.0,100.0000,LOW,0.2,0.005,0.0
1774254862.8542435,218.730,-9999.000000,22.232321,26.0,100.0000,LOW,0.2,0.005,0.0
1774254862.9143424,218.790,-9999.000000,22.227660,26.0,100.0000,LOW,0.2,0.005,0.0
1774254862.984633,218.860,-9999.000000,22.230380,26.0,100.0000,LOW,0.2,0.005,0.0
1774254863.0460606,218.922,-9999.000000,22.233487,26.0,100.0000,LOW,0.2,0.005,0.0
1774254863.1045682,218.980,-9999.000000,22.233099,26.0,100.0000,LOW,0.2,0.005,0.0
1774254863.1743488,219.050,-9999.000000,22.230380,26.0,100.0000,LOW,0.2,0.005,0.0
1774254863.2362325,219.112,-9999.000000,22.227272,26.0,100.0000,LOW,0.2,0.005,0.0
1774254863.2989082,219.174,-9999.000000,22.228048,26.0,100.0000,LOW,0.2,0.005,0.0
1774254863.364941,219.241,-9999.000000,22.231933,26.0,100.0000,LOW,0.2,0.005,0.0
1774254863.424542,219.300,-9999.000000,22.233099,26.0,100.0000,LOW,0.2,0.005,0.0
1774254863.4948359,219.370,-9999.000000,22.232321,26.0,100.0000,LOW,0.2,0.005,0.0
1774254863.555952,219.432,-9999.000000,22.229992,26.0,100.0000,LOW,0.2,0.005,0.0
1774254863.6242335,219.500,-9999.000000,22.226494,26.0,100.0000,LOW,0.2,0.005,0.0
1774254863.678224,219.554,-9999.000000,22.231155,26.0,100.0000,LOW,0.2,0.005,0.0
1774254863.7481482,219.624,-9999.000000,22.227660,26.0,100.0000,LOW,0.2,0.005,0.0
1774254863.8161163,219.692,-9999.000000,22.229601,26.0,100.0000,LOW,0.2,0.005,0.0
1774254863.8749347,219.751,-9999.000000,22.231546,26.0,100.0000,LOW,0.2,0.005,0.0
1774254863.9442384,219.820,-9999.000000,22.229992,26.0,100.0000,LOW,0.2,0.005,0.0
1774254864.0044076,219.880,-9999.000000,22.226106,26.0,100.0000,LOW,0.2,0.005,0.0
1774254864.0677936,219.943,-9999.000000,22.224940,26.0,100.0000,LOW,0.2,0.005,0.0
1774254864.1249058,220.000,-9999.000000,22.228826,26.0,100.0000,LOW,0.2,0.005,0.0
1774254864.1946063,220.070,-9999.000000,22.229214,26.0,100.0000,LOW,0.2,0.005,0.0
1774254864.2546306,220.130,-9999.000000,22.224553,26.0,100.0000,LOW,0.2,0.005,0.0
1774254864.330646,220.206,-9999.000000,22.230767,26.0,100.0000,LOW,0.2,0.005,0.0
1774254864.3846183,220.260,-9999.000000,22.224553,26.0,100.0000,LOW,0.2,0.005,0.0
1774254864.4346664,220.310,-9999.000000,22.224553,26.0,100.0000,LOW,0.2,0.005,0.0
1774254864.504434,220.380,-9999.000000,22.223774,26.0,100.0000,LOW,0.2,0.005,0.0
1774254864.5647032,220.440,-9999.000000,22.224165,26.0,100.0000,LOW,0.2,0.005,0.0
1774254864.6343143,220.510,-9999.000000,22.227272,26.0,100.0000,LOW,0.2,0.005,0.0
1774254864.6980693,220.574,-9999.000000,22.228826,26.0,100.0000,LOW,0.2,0.005,0.0
1774254864.763985,220.640,-9999.000000,22.229214,26.0,100.0000,LOW,0.2,0.005,0.0
1774254864.824763,220.700,-9999.000000,22.227660,26.0,100.0000,LOW,0.2,0.005,0.0
1774254864.8889482,220.765,-9999.000000,22.223387,26.0,100.0000,LOW,0.2,0.005,0.0
1774254864.954294,220.830,-9999.000000,22.222609,26.0,100.0000,LOW,0.2,0.005,0.0
1774254865.0145192,220.890,-9999.000000,22.224940,26.0,100.0000,LOW,0.2,0.005,0.0
1774254865.0746934,220.950,-9999.000000,22.227272,26.0,100.0000,LOW,0.2,0.005,0.0
1774254865.1448643,221.020,-9999.000000,22.227272,26.0,100.0000,LOW,0.2,0.005,0.0
1774254865.206628,221.082,-9999.000000,22.224553,26.0,100.0000,LOW,0.2,0.005,0.0
1774254865.274108,221.150,-9999.000000,22.221833,26.0,100.0000,LOW,0.2,0.005,0.0
1774254865.3344367,221.210,-9999.000000,22.221833,26.0,100.0000,LOW,0.2,0.005,0.0
1774254865.3963177,221.272,-9999.000000,22.224553,26.0,100.0000,LOW,0.2,0.005,0.0
1774254865.4644346,221.340,-9999.000000,22.226494,26.0,100.0000,LOW,0.2,0.005,0.0
1774254865.5243642,221.400,-9999.000000,22.225328,26.0,100.0000,LOW,0.2,0.005,0.0
1774254865.5948257,221.470,-9999.000000,22.225719,26.0,100.0000,LOW,0.2,0.005,0.0
1774254865.6387734,221.514,-9999.000000,22.221833,26.0,100.0000,LOW,0.2,0.005,0.0
1774254865.7057142,221.581,-9999.000000,22.220667,26.0,100.0000,LOW,0.2,0.005,0.0
1774254865.7659056,221.641,-9999.000000,22.220280,26.0,100.0000,LOW,0.2,0.005,0.0
1774254865.834587,221.710,-9999.000000,22.223387,26.0,100.0000,LOW,0.2,0.005,0.0
1774254865.8948278,221.770,-9999.000000,22.225719,26.0,100.0000,LOW,0.2,0.005,0.0
1774254865.954763,221.830,-9999.000000,22.224553,26.0,100.0000,LOW,0.2,0.005,0.0
1774254866.024247,221.900,-9999.000000,22.220667,26.0,100.0000,LOW,0.2,0.005,0.0
1774254866.0874722,221.963,-9999.000000,22.219892,26.0,100.0000,LOW,0.2,0.005,0.0
1774254866.1444833,222.020,-9999.000000,22.224553,26.0,100.0000,LOW,0.2,0.005,0.0
1774254866.2148204,222.090,-9999.000000,22.221833,26.0,100.0000,LOW,0.2,0.005,0.0
1774254866.276459,222.152,-9999.000000,22.224553,26.0,100.0000,LOW,0.2,0.005,0.0
1774254866.3462698,222.222,-9999.000000,22.224165,26.0,100.0000,LOW,0.2,0.005,0.0
1774254866.4090855,222.285,-9999.000000,22.219892,26.0,100.0000,LOW,0.2,0.005,0.0
1774254866.4658852,222.341,-9999.000000,22.217560,26.0,100.0000,LOW,0.2,0.005,0.0
1774254866.534319,222.410,-9999.000000,22.220667,26.0,100.0000,LOW,0.2,0.005,0.0
1774254866.5945668,222.470,-9999.000000,22.223774,26.0,100.0000,LOW,0.2,0.005,0.0
1774254866.6544077,222.530,-9999.000000,22.222999,26.0,100.0000,LOW,0.2,0.005,0.0
1774254866.724276,222.600,-9999.000000,22.218726,26.0,100.0000,LOW,0.2,0.005,0.0
1774254866.786209,222.662,-9999.000000,22.217172,26.0,100.0000,LOW,0.2,0.005,0.0
1774254866.8490007,222.725,-9999.000000,22.219501,26.0,100.0000,LOW,0.2,0.005,0.0
1774254866.9147475,222.790,-9999.000000,22.221833,26.0,100.0000,LOW,0.2,0.005,0.0
1774254866.9761217,222.852,-9999.000000,22.221445,26.0,100.0000,LOW,0.2,0.005,0.0
1774254867.0343728,222.910,-9999.000000,22.217560,26.0,100.0000,LOW,0.2,0.005,0.0
1774254867.0946703,222.970,-9999.000000,22.221055,26.0,100.0000,LOW,0.2,0.005,0.0
1774254867.164812,223.040,-9999.000000,22.220667,26.0,100.0000,LOW,0.2,0.005,0.0
1774254867.226484,223.102,-9999.000000,22.221445,26.0,100.0000,LOW,0.2,0.005,0.0
1774254867.294053,223.170,-9999.000000,22.219114,26.0,100.0000,LOW,0.2,0.005,0.0
1774254867.358663,223.234,-9999.000000,22.216394,26.0,100.0000,LOW,0.2,0.005,0.0
1774254867.4162762,223.292,-9999.000000,22.214840,26.0,100.0000,LOW,0.2,0.005,0.0
1774254867.4836361,223.359,-9999.000000,22.219114,26.0,100.0000,LOW,0.2,0.005,0.0
1774254867.544427,223.420,-9999.000000,22.221055,26.0,100.0000,LOW,0.2,0.005,0.0
1774254867.5950193,223.471,-9999.000000,22.219892,26.0,100.0000,LOW,0.2,0.005,0.0
1774254867.6546268,223.530,-9999.000000,22.217560,26.0,100.0000,LOW,0.2,0.005,0.0
1774254867.7247303,223.600,-9999.000000,22.214453,26.0,100.0000,LOW,0.2,0.005,0.0
1774254867.7868435,223.662,-9999.000000,22.213674,26.0,100.0000,LOW,0.2,0.005,0.0
1774254867.853601,223.729,-9999.000000,22.214453,26.0,100.0000,LOW,0.2,0.005,0.0
1774254867.914921,223.790,-9999.000000,22.217172,26.0,100.0000,LOW,0.2,0.005,0.0
1774254867.9778018,223.853,-9999.000000,22.219114,26.0,100.0000,LOW,0.2,0.005,0.0
1774254868.0359254,223.911,-9999.000000,22.213674,26.0,100.0000,LOW,0.2,0.005,0.0
1774254868.1081865,223.984,-9999.000000,22.215619,26.0,100.0000,LOW,0.2,0.005,0.0
1774254868.1560638,224.032,-9999.000000,22.216782,26.0,100.0000,LOW,0.2,0.005,0.0
1774254868.2144065,224.090,-9999.000000,22.212899,26.0,100.0000,LOW,0.2,0.005,0.0
1774254868.2847931,224.160,-9999.000000,22.212509,26.0,100.0000,LOW,0.2,0.005,0.0
1774254868.3471801,224.223,-9999.000000,22.216006,26.0,100.0000,LOW,0.2,0.005,0.0
1774254868.4155414,224.291,-9999.000000,22.217172,26.0,100.0000,LOW,0.2,0.005,0.0
1774254868.4743927,224.350,-9999.000000,22.217560,26.0,100.0000,LOW,0.2,0.005,0.0
1774254868.53473,224.410,-9999.000000,22.214453,26.0,100.0000,LOW,0.2,0.005,0.0
1774254868.5964785,224.472,-9999.000000,22.215228,26.0,100.0000,LOW,0.2,0.005,0.0
1774254868.6697245,224.545,-9999.000000,22.211733,26.0,100.0000,LOW,0.2,0.005,0.0
1774254868.7245011,224.600,-9999.000000,22.212899,26.0,100.0000,LOW,0.2,0.005,0.0
1774254868.7944179,224.670,-9999.000000,22.216782,26.0,100.0000,LOW,0.2,0.005,0.0
1774254868.8578484,224.733,-9999.000000,22.216006,26.0,100.0000,LOW,0.2,0.005,0.0
1774254868.9269505,224.803,-9999.000000,22.213674,26.0,100.0000,LOW,0.2,0.005,0.0
1774254868.9844315,224.860,-9999.000000,22.210567,26.0,100.0000,LOW,0.2,0.005,0.0
1774254869.054911,224.930,-9999.000000,22.209792,26.0,100.0000,LOW,0.2,0.005,0.0
1774254869.1150656,224.991,-9999.000000,22.209792,26.0,100.0000,LOW,0.2,0.005,0.0
1774254869.1848264,225.060,-9999.000000,22.211733,26.0,100.0000,LOW,0.2,0.005,0.0
1774254869.2477982,225.123,-9999.000000,22.214453,26.0,100.0000,LOW,0.2,0.005,0.0
1774254869.3042223,225.180,-9999.000000,22.209401,26.0,100.0000,LOW,0.2,0.005,0.0
1774254869.354561,225.230,-9999.000000,22.214065,26.0,100.0000,LOW,0.2,0.005,0.0
1774254869.4242713,225.300,-9999.000000,22.210955,26.0,100.0000,LOW,0.2,0.005,0.0
1774254869.4842677,225.360,-9999.000000,22.207848,26.0,100.0000,LOW,0.2,0.005,0.0
1774254869.5546696,225.430,-9999.000000,22.208236,26.0,100.0000,LOW,0.2,0.005,0.0
1774254869.6174622,225.493,-9999.000000,22.211346,26.0,100.0000,LOW,0.2,0.005,0.0
1774254869.6775627,225.553,-9999.000000,22.214065,26.0,100.0000,LOW,0.2,0.005,0.0
1774254869.7443187,225.620,-9999.000000,22.212899,26.0,100.0000,LOW,0.2,0.005,0.0
1774254869.8088439,225.684,-9999.000000,22.211346,26.0,100.0000,LOW,0.2,0.005,0.0
1774254869.864506,225.740,-9999.000000,22.212509,26.0,100.0000,LOW,0.2,0.005,0.0
1774254869.9348335,225.810,-9999.000000,22.207073,26.0,100.0000,LOW,0.2,0.005,0.0
1774254869.9973414,225.873,-9999.000000,22.208626,26.0,100.0000,LOW,0.2,0.005,0.0
1774254870.064283,225.940,-9999.000000,22.211733,26.0,100.0000,LOW,0.2,0.005,0.0
1774254870.1261444,226.002,-9999.000000,22.210955,26.0,100.0000,LOW,0.2,0.005,0.0
1774254870.19489,226.070,-9999.000000,22.209792,26.0,100.0000,LOW,0.2,0.005,0.0
1774254870.2542427,226.130,-9999.000000,22.207073,26.0,100.0000,LOW,0.2,0.005,0.0
1774254870.3208365,226.196,-9999.000000,22.204741,26.0,100.0000,LOW,0.2,0.005,0.0
1774254870.384937,226.261,-9999.000000,22.205519,26.0,100.0000,LOW,0.2,0.005,0.0
1774254870.4448748,226.320,-9999.000000,22.209401,26.0,100.0000,LOW,0.2,0.005,0.0
1774254870.5068989,226.382,-9999.000000,22.210567,26.0,100.0000,LOW,0.2,0.005,0.0
1774254870.575812,226.451,-9999.000000,22.207073,26.0,100.0000,LOW,0.2,0.005,0.0
1774254870.634537,226.510,-9999.000000,22.203575,26.0,100.0000,LOW,0.2,0.005,0.0
1774254870.7042217,226.580,-9999.000000,22.203966,26.0,100.0000,LOW,0.2,0.005,0.0
1774254870.7647245,226.640,-9999.000000,22.205519,26.0,100.0000,LOW,0.2,0.005,0.0
1774254870.8285031,226.704,-9999.000000,22.208626,26.0,100.0000,LOW,0.2,0.005,0.0
1774254870.8960264,226.772,-9999.000000,22.208236,26.0,100.0000,LOW,0.2,0.005,0.0
1774254870.9549172,226.830,-9999.000000,22.205519,26.0,100.0000,LOW,0.2,0.005,0.0
1774254871.024914,226.900,-9999.000000,22.203575,26.0,100.0000,LOW,0.2,0.005,0.0
1774254871.0788293,226.954,-9999.000000,22.206294,26.0,100.0000,LOW,0.2,0.005,0.0
1774254871.1442304,227.020,-9999.000000,22.203575,26.0,100.0000,LOW,0.2,0.005,0.0
1774254871.2149155,227.090,-9999.000000,22.206294,26.0,100.0000,LOW,0.2,0.005,0.0
1774254871.2813814,227.157,-9999.000000,22.206682,26.0,100.0000,LOW,0.2,0.005,0.0
1774254871.3344073,227.210,-9999.000000,22.203187,26.0,100.0000,LOW,0.2,0.005,0.0
1774254871.3936944,227.269,-9999.000000,22.203575,26.0,100.0000,LOW,0.2,0.005,0.0
1774254871.4565284,227.332,-9999.000000,22.200468,26.0,100.0000,LOW,0.2,0.005,0.0
1774254871.519816,227.395,-9999.000000,22.200080,26.0,100.0000,LOW,0.2,0.005,0.0
1774254871.5746102,227.450,-9999.000000,22.204741,26.0,100.0000,LOW,0.2,0.005,0.0
1774254871.648361,227.524,-9999.000000,22.205519,26.0,100.0000,LOW,0.2,0.005,0.0
1774254871.7066078,227.582,-9999.000000,22.203966,26.0,100.0000,LOW,0.2,0.005,0.0
1774254871.776057,227.652,-9999.000000,22.201634,26.0,100.0000,LOW,0.2,0.005,0.0
1774254871.8307097,227.706,-9999.000000,22.203966,26.0,100.0000,LOW,0.2,0.005,0.0
1774254871.904358,227.780,-9999.000000,22.199302,26.0,100.0000,LOW,0.2,0.005,0.0
1774254871.9663389,227.842,-9999.000000,22.201246,26.0,100.0000,LOW,0.2,0.005,0.0
1774254872.0249443,227.901,-9999.000000,22.203575,26.0,100.0000,LOW,0.2,0.005,0.0
1774254872.0844533,227.960,-9999.000000,22.202409,26.0,100.0000,LOW,0.2,0.005,0.0
1774254872.145546,228.021,-9999.000000,22.203187,26.0,100.0000,LOW,0.2,0.005,0.0
1774254872.2044537,228.080,-9999.000000,22.198914,26.0,100.0000,LOW,0.2,0.005,0.0
1774254872.266204,228.142,-9999.000000,22.196583,26.0,100.0000,LOW,0.2,0.005,0.0
1774254872.3361716,228.212,-9999.000000,22.197749,26.0,100.0000,LOW,0.2,0.005,0.0
1774254872.3942351,228.270,-9999.000000,22.201246,26.0,100.0000,LOW,0.2,0.005,0.0
1774254872.4635892,228.339,-9999.000000,22.202021,26.0,100.0000,LOW,0.2,0.005,0.0
1774254872.5263765,228.402,-9999.000000,22.201246,26.0,100.0000,LOW,0.2,0.005,0.0
1774254872.59151,228.467,-9999.000000,22.197361,26.0,100.0000,LOW,0.2,0.005,0.0
1774254872.6415381,228.517,-9999.000000,22.198527,26.0,100.0000,LOW,0.2,0.005,0.0
1774254872.7147408,228.590,-9999.000000,22.195420,26.0,100.0000,LOW,0.2,0.005,0.0
1774254872.7645562,228.640,-9999.000000,22.198527,26.0,100.0000,LOW,0.2,0.005,0.0
1774254872.8267202,228.702,-9999.000000,22.201634,26.0,100.0000,LOW,0.2,0.005,0.0
1774254872.8947184,228.770,-9999.000000,22.199302,26.0,100.0000,LOW,0.2,0.005,0.0
1774254872.954589,228.830,-9999.000000,22.196195,26.0,100.0000,LOW,0.2,0.005,0.0
1774254873.021494,228.897,-9999.000000,22.194254,26.0,100.0000,LOW,0.2,0.005,0.0
1774254873.084986,228.961,-9999.000000,22.194642,26.0,100.0000,LOW,0.2,0.005,0.0
1774254873.1466413,229.022,-9999.000000,22.196195,26.0,100.0000,LOW,0.2,0.005,0.0
1774254873.216162,229.092,-9999.000000,22.198527,26.0,100.0000,LOW,0.2,0.005,0.0
1774254873.2745843,229.150,-9999.000000,22.199302,26.0,100.0000,LOW,0.2,0.005,0.0
1774254873.344481,229.220,-9999.000000,22.197749,26.0,100.0000,LOW,0.2,0.005,0.0
1774254873.4043393,229.280,-9999.000000,22.192700,26.0,100.0000,LOW,0.2,0.005,0.0
1774254873.4647267,229.340,-9999.000000,22.193866,26.0,100.0000,LOW,0.2,0.005,0.0
1774254873.533514,229.409,-9999.000000,22.197749,26.0,100.0000,LOW,0.2,0.005,0.0
1774254873.5955513,229.471,-9999.000000,22.198136,26.0,100.0000,LOW,0.2,0.005,0.0
1774254873.658067,229.534,-9999.000000,22.195420,26.0,100.0000,LOW,0.2,0.005,0.0
1774254873.724704,229.600,-9999.000000,22.192700,26.0,100.0000,LOW,0.2,0.005,0.0
1774254873.7847815,229.660,-9999.000000,22.192310,26.0,100.0000,LOW,0.2,0.005,0.0
1774254873.8493924,229.725,-9999.000000,22.196195,26.0,100.0000,LOW,0.2,0.005,0.0
1774254873.9149175,229.790,-9999.000000,22.197361,26.0,100.0000,LOW,0.2,0.005,0.0
1774254873.974214,229.850,-9999.000000,22.196195,26.0,100.0000,LOW,0.2,0.005,0.0
1774254874.0363884,229.912,-9999.000000,22.191147,26.0,100.0000,LOW,0.2,0.005,0.0
1774254874.1046803,229.980,-9999.000000,22.191535,26.0,100.0000,LOW,0.2,0.005,0.0
1774254874.1670198,230.043,-9999.000000,22.192700,26.0,100.0000,LOW,0.2,0.005,0.0
1774254874.224547,230.100,-9999.000000,22.195420,26.0,100.0000,LOW,0.2,0.005,0.0
1774254874.294616,230.170,-9999.000000,22.195807,26.0,100.0000,LOW,0.2,0.005,0.0
1774254874.3565235,230.232,-9999.000000,22.192310,26.0,100.0000,LOW,0.2,0.005,0.0
1774254874.406194,230.282,-9999.000000,22.190369,26.0,100.0000,LOW,0.2,0.005,0.0
1774254874.4642787,230.340,-9999.000000,22.189981,26.0,100.0000,LOW,0.2,0.005,0.0
1774254874.5349317,230.410,-9999.000000,22.191147,26.0,100.0000,LOW,0.2,0.005,0.0
1774254874.5980332,230.474,-9999.000000,22.193088,26.0,100.0000,LOW,0.2,0.005,0.0
1774254874.6560218,230.532,-9999.000000,22.195029,26.0,100.0000,LOW,0.2,0.005,0.0
1774254874.7265828,230.602,-9999.000000,22.193476,26.0,100.0000,LOW,0.2,0.005,0.0
1774254874.7844777,230.660,-9999.000000,22.191535,26.0,100.0000,LOW,0.2,0.005,0.0
1774254874.8550057,230.731,-9999.000000,22.189203,26.0,100.0000,LOW,0.2,0.005,0.0
1774254874.9162323,230.792,-9999.000000,22.188815,26.0,100.0000,LOW,0.2,0.005,0.0
1774254874.9841084,230.860,-9999.000000,22.190756,26.0,100.0000,LOW,0.2,0.005,0.0
1774254875.0446568,230.920,-9999.000000,22.194254,26.0,100.0000,LOW,0.2,0.005,0.0
1774254875.0943189,230.970,-9999.000000,22.193476,26.0,100.0000,LOW,0.2,0.005,0.0
1774254875.1589582,231.035,-9999.000000,22.189594,26.0,100.0000,LOW,0.2,0.005,0.0
1774254875.217859,231.093,-9999.000000,22.186874,26.0,100.0000,LOW,0.2,0.005,0.0
1774254875.28635,231.162,-9999.000000,22.188037,26.0,100.0000,LOW,0.2,0.005,0.0
1774254875.3447342,231.220,-9999.000000,22.192700,26.0,100.0000,LOW,0.2,0.005,0.0
1774254875.4079678,231.284,-9999.000000,22.191535,26.0,100.0000,LOW,0.2,0.005,0.0
1774254875.4763803,231.352,-9999.000000,22.189594,26.0,100.0000,LOW,0.2,0.005,0.0
1774254875.5365834,231.412,-9999.000000,22.187262,26.0,100.0000,LOW,0.2,0.005,0.0
1774254875.6059685,231.482,-9999.000000,22.185321,26.0,100.0000,LOW,0.2,0.005,0.0
1774254875.664445,231.540,-9999.000000,22.186096,26.0,100.0000,LOW,0.2,0.005,0.0
1774254875.7350702,231.611,-9999.000000,22.188428,26.0,100.0000,LOW,0.2,0.005,0.0
1774254875.7959614,231.672,-9999.000000,22.191147,26.0,100.0000,LOW,0.2,0.005,0.0
1774254875.846687,231.722,-9999.000000,22.189981,26.0,100.0000,LOW,0.2,0.005,0.0
1774254875.9049582,231.781,-9999.000000,22.188428,26.0,100.0000,LOW,0.2,0.005,0.0
1774254875.9642847,231.840,-9999.000000,22.184930,26.0,100.0000,LOW,0.2,0.005,0.0
1774254876.0347652,231.910,-9999.000000,22.184155,26.0,100.0000,LOW,0.2,0.005,0.0
1774254876.096411,231.972,-9999.000000,22.187650,26.0,100.0000,LOW,0.2,0.005,0.0
1774254876.1660585,232.042,-9999.000000,22.189981,26.0,100.0000,LOW,0.2,0.005,0.0
1774254876.2186332,232.094,-9999.000000,22.183768,26.0,100.0000,LOW,0.2,0.005,0.0
1774254876.2937653,232.169,-9999.000000,22.186874,26.0,100.0000,LOW,0.2,0.005,0.0
1774254876.3549564,232.231,-9999.000000,22.182989,26.0,100.0000,LOW,0.2,0.005,0.0
1774254876.4103146,232.286,-9999.000000,22.188815,26.0,100.0000,LOW,0.2,0.005,0.0
1774254876.484893,232.360,-9999.000000,22.185709,26.0,100.0000,LOW,0.2,0.005,0.0
1774254876.5449183,232.420,-9999.000000,22.189203,26.0,100.0000,LOW,0.2,0.005,0.0
1774254876.5943882,232.470,-9999.000000,22.188815,26.0,100.0000,LOW,0.2,0.005,0.0
1774254876.6561859,232.532,-9999.000000,22.186874,26.0,100.0000,LOW,0.2,0.005,0.0
1774254876.72438,232.600,-9999.000000,22.183768,26.0,100.0000,LOW,0.2,0.005,0.0
1774254876.7849064,232.660,-9999.000000,22.182211,26.0,100.0000,LOW,0.2,0.005,0.0
1774254876.853665,232.729,-9999.000000,22.182989,26.0,100.0000,LOW,0.2,0.005,0.0
1774254876.9160364,232.792,-9999.000000,22.186484,26.0,100.0000,LOW,0.2,0.005,0.0
1774254876.9763849,232.852,-9999.000000,22.187650,26.0,100.0000,LOW,0.2,0.005,0.0
1774254877.044277,232.920,-9999.000000,22.186484,26.0,100.0000,LOW,0.2,0.005,0.0
1774254877.1045706,232.980,-9999.000000,22.183377,26.0,100.0000,LOW,0.2,0.005,0.0
1774254877.1660743,233.042,-9999.000000,22.180658,26.0,100.0000,LOW,0.2,0.005,0.0
1774254877.2158616,233.091,-9999.000000,22.180658,26.0,100.0000,LOW,0.2,0.005,0.0
1774254877.2844634,233.160,-9999.000000,22.183377,26.0,100.0000,LOW,0.2,0.005,0.0
1774254877.3443537,233.220,-9999.000000,22.186484,26.0,100.0000,LOW,0.2,0.005,0.0
1774254877.4047282,233.280,-9999.000000,22.182602,26.0,100.0000,LOW,0.2,0.005,0.0
1774254877.47425,233.350,-9999.000000,22.181048,26.0,100.0000,LOW,0.2,0.005,0.0
1774254877.5359197,233.411,-9999.000000,22.180658,26.0,100.0000,LOW,0.2,0.005,0.0
1774254877.5989714,233.475,-9999.000000,22.183768,26.0,100.0000,LOW,0.2,0.005,0.0
1774254877.656257,233.532,-9999.000000,22.182602,26.0,100.0000,LOW,0.2,0.005,0.0
1774254877.7257,233.601,-9999.000000,22.183377,26.0,100.0000,LOW,0.2,0.005,0.0
1774254877.7843795,233.660,-9999.000000,22.179883,26.0,100.0000,LOW,0.2,0.005,0.0
1774254877.8443968,233.720,-9999.000000,22.179495,26.0,100.0000,LOW,0.2,0.005,0.0
1774254877.9142475,233.790,-9999.000000,22.179495,26.0,100.0000,LOW,0.2,0.005,0.0
1774254877.9838283,233.859,-9999.000000,22.182602,26.0,100.0000,LOW,0.2,0.005,0.0
1774254878.0465534,233.922,-9999.000000,22.184543,26.0,100.0000,LOW,0.2,0.005,0.0
1774254878.1042488,233.980,-9999.000000,22.180658,26.0,100.0000,LOW,0.2,0.005,0.0
1774254878.1583533,234.034,-9999.000000,22.182602,26.0,100.0000,LOW,0.2,0.005,0.0
1774254878.2354357,234.111,-9999.000000,22.179883,26.0,100.0000,LOW,0.2,0.005,0.0
1774254878.283766,234.159,-9999.000000,22.182211,26.0,100.0000,LOW,0.2,0.005,0.0
1774254878.3465438,234.222,-9999.000000,22.184155,26.0,100.0000,LOW,0.2,0.005,0.0
1774254878.4043167,234.280,-9999.000000,22.181824,26.0,100.0000,LOW,0.2,0.005,0.0
1774254878.4734468,234.349,-9999.000000,22.177551,26.0,100.0000,LOW,0.2,0.005,0.0
1774254878.536289,234.412,-9999.000000,22.177939,26.0,100.0000,LOW,0.2,0.005,0.0
1774254878.5946379,234.470,-9999.000000,22.181048,26.0,100.0000,LOW,0.2,0.005,0.0
1774254878.6634297,234.539,-9999.000000,22.183768,26.0,100.0000,LOW,0.2,0.005,0.0
1774254878.7256248,234.601,-9999.000000,22.182989,26.0,100.0000,LOW,0.2,0.005,0.0
1774254878.78435,234.660,-9999.000000,22.179104,26.0,100.0000,LOW,0.2,0.005,0.0
1774254878.854375,234.730,-9999.000000,22.176776,26.0,100.0000,LOW,0.2,0.005,0.0
1774254878.9179497,234.794,-9999.000000,22.176776,26.0,100.0000,LOW,0.2,0.005,0.0
1774254878.9738133,234.849,-9999.000000,22.176385,26.0,100.0000,LOW,0.2,0.005,0.0
1774254879.046097,234.922,-9999.000000,22.182211,26.0,100.0000,LOW,0.2,0.005,0.0
1774254879.1043622,234.980,-9999.000000,22.181436,26.0,100.0000,LOW,0.2,0.005,0.0
1774254879.1748207,235.050,-9999.000000,22.179883,26.0,100.0000,LOW,0.2,0.005,0.0
1774254879.2376976,235.113,-9999.000000,22.176776,26.0,100.0000,LOW,0.2,0.005,0.0
1774254879.3034003,235.179,-9999.000000,22.175998,26.0,100.0000,LOW,0.2,0.005,0.0
1774254879.3642619,235.240,-9999.000000,22.178717,26.0,100.0000,LOW,0.2,0.005,0.0
1774254879.4246602,235.300,-9999.000000,22.182211,26.0,100.0000,LOW,0.2,0.005,0.0
1774254879.494278,235.370,-9999.000000,22.179883,26.0,100.0000,LOW,0.2,0.005,0.0
1774254879.547719,235.423,-9999.000000,22.178329,26.0,100.0000,LOW,0.2,0.005,0.0
1774254879.6176362,235.493,-9999.000000,22.174832,26.0,100.0000,LOW,0.2,0.005,0.0
1774254879.676228,235.552,-9999.000000,22.179495,26.0,100.0000,LOW,0.2,0.005,0.0
1774254879.7464101,235.622,-9999.000000,22.179104,26.0,100.0000,LOW,0.2,0.005,0.0
1774254879.7977962,235.673,-9999.000000,22.179495,26.0,100.0000,LOW,0.2,0.005,0.0
1774254879.8563323,235.732,-9999.000000,22.179104,26.0,100.0000,LOW,0.2,0.005,0.0
1774254879.924835,235.800,-9999.000000,22.176385,26.0,100.0000,LOW,0.2,0.005,0.0
1774254879.9842649,235.860,-9999.000000,22.174057,26.0,100.0000,LOW,0.2,0.005,0.0
1774254880.0536828,235.929,-9999.000000,22.174057,26.0,100.0000,LOW,0.2,0.005,0.0
1774254880.116239,235.992,-9999.000000,22.175610,26.0,100.0000,LOW,0.2,0.005,0.0
1774254880.1744099,236.050,-9999.000000,22.179104,26.0,100.0000,LOW,0.2,0.005,0.0
1774254880.2382045,236.114,-9999.000000,22.175610,26.0,100.0000,LOW,0.2,0.005,0.0
1774254880.3055627,236.181,-9999.000000,22.172503,26.0,100.0000,LOW,0.2,0.005,0.0
1774254880.366025,236.242,-9999.000000,22.173669,26.0,100.0000,LOW,0.2,0.005,0.0
1774254880.4242332,236.300,-9999.000000,22.178329,26.0,100.0000,LOW,0.2,0.005,0.0
1774254880.4945996,236.370,-9999.000000,22.177163,26.0,100.0000,LOW,0.2,0.005,0.0
1774254880.5557663,236.431,-9999.000000,22.173669,26.0,100.0000,LOW,0.2,0.005,0.0
1774254880.614357,236.490,-9999.000000,22.171725,26.0,100.0000,LOW,0.2,0.005,0.0
1774254880.6844437,236.560,-9999.000000,22.173669,26.0,100.0000,LOW,0.2,0.005,0.0
1774254880.7463248,236.622,-9999.000000,22.176776,26.0,100.0000,LOW,0.2,0.005,0.0
1774254880.8047798,236.680,-9999.000000,22.177163,26.0,100.0000,LOW,0.2,0.005,0.0
1774254880.8561842,236.732,-9999.000000,22.175610,26.0,100.0000,LOW,0.2,0.005,0.0
1774254880.926218,236.802,-9999.000000,22.173279,26.0,100.0000,LOW,0.2,0.005,0.0
1774254880.9845505,236.860,-9999.000000,22.171725,26.0,100.0000,LOW,0.2,0.005,0.0
1774254881.0544178,236.930,-9999.000000,22.170172,26.0,100.0000,LOW,0.2,0.005,0.0
1774254881.117468,236.993,-9999.000000,22.172891,26.0,100.0000,LOW,0.2,0.005,0.0
1774254881.1745553,237.050,-9999.000000,22.175222,26.0,100.0000,LOW,0.2,0.005,0.0
1774254881.2443397,237.120,-9999.000000,22.175610,26.0,100.0000,LOW,0.2,0.005,0.0
1774254881.3044095,237.180,-9999.000000,22.172891,26.0,100.0000,LOW,0.2,0.005,0.0
1774254881.3745737,237.250,-9999.000000,22.170560,26.0,100.0000,LOW,0.2,0.005,0.0
1774254881.4344242,237.310,-9999.000000,22.170560,26.0,100.0000,LOW,0.2,0.005,0.0
1774254881.4980352,237.374,-9999.000000,22.172113,26.0,100.0000,LOW,0.2,0.005,0.0
1774254881.5442944,237.420,-9999.000000,22.174832,26.0,100.0000,LOW,0.2,0.005,0.0
1774254881.6061673,237.482,-9999.000000,22.174057,26.0,100.0000,LOW,0.2,0.005,0.0
1774254881.6743515,237.550,-9999.000000,22.170560,26.0,100.0000,LOW,0.2,0.005,0.0
1774254881.7398953,237.615,-9999.000000,22.167453,26.0,100.0000,LOW,0.2,0.005,0.0
1774254881.8043165,237.680,-9999.000000,22.167841,26.0,100.0000,LOW,0.2,0.005,0.0
1774254881.8642335,237.740,-9999.000000,22.170172,26.0,100.0000,LOW,0.2,0.005,0.0
1774254881.9262466,237.802,-9999.000000,22.172113,26.0,100.0000,LOW,0.2,0.005,0.0
1774254881.9969733,237.873,-9999.000000,22.173279,26.0,100.0000,LOW,0.2,0.005,0.0
1774254882.0504987,237.926,-9999.000000,22.172113,26.0,100.0000,LOW,0.2,0.005,0.0
1774254882.1246827,238.000,-9999.000000,22.167841,26.0,100.0000,LOW,0.2,0.005,0.0
1774254882.186174,238.062,-9999.000000,22.167453,26.0,100.0000,LOW,0.2,0.005,0.0
1774254882.2445216,238.120,-9999.000000,22.170950,26.0,100.0000,LOW,0.2,0.005,0.0
1774254882.314866,238.190,-9999.000000,22.172113,26.0,100.0000,LOW,0.2,0.005,0.0
1774254882.3748574,238.250,-9999.000000,22.169397,26.0,100.0000,LOW,0.2,0.005,0.0
1774254882.4379692,238.314,-9999.000000,22.167453,26.0,100.0000,LOW,0.2,0.005,0.0
1774254882.5043008,238.380,-9999.000000,22.165900,26.0,100.0000,LOW,0.2,0.005,0.0
1774254882.5648732,238.440,-9999.000000,22.167453,26.0,100.0000,LOW,0.2,0.005,0.0
1774254882.6275997,238.503,-9999.000000,22.170950,26.0,100.0000,LOW,0.2,0.005,0.0
1774254882.695945,238.572,-9999.000000,22.170560,26.0,100.0000,LOW,0.2,0.005,0.0
1774254882.7549002,238.630,-9999.000000,22.169397,26.0,100.0000,LOW,0.2,0.005,0.0
1774254882.8239248,238.699,-9999.000000,22.166287,26.0,100.0000,LOW,0.2,0.005,0.0
1774254882.884716,238.760,-9999.000000,22.164346,26.0,100.0000,LOW,0.2,0.005,0.0
1774254882.9501135,238.826,-9999.000000,22.165124,26.0,100.0000,LOW,0.2,0.005,0.0
1774254883.0156043,238.891,-9999.000000,22.168619,26.0,100.0000,LOW,0.2,0.005,0.0
1774254883.0700734,238.946,-9999.000000,22.164346,26.0,100.0000,LOW,0.2,0.005,0.0
1774254883.1243737,239.000,-9999.000000,22.169006,26.0,100.0000,LOW,0.2,0.005,0.0
1774254883.1843338,239.060,-9999.000000,22.166678,26.0,100.0000,LOW,0.2,0.005,0.0
1774254883.254436,239.130,-9999.000000,22.164346,26.0,100.0000,LOW,0.2,0.005,0.0
1774254883.3166625,239.192,-9999.000000,22.163959,26.0,100.0000,LOW,0.2,0.005,0.0
1774254883.3836734,239.259,-9999.000000,22.166678,26.0,100.0000,LOW,0.2,0.005,0.0
1774254883.4442961,239.320,-9999.000000,22.169006,26.0,100.0000,LOW,0.2,0.005,0.0
1774254883.5073235,239.383,-9999.000000,22.165900,26.0,100.0000,LOW,0.2,0.005,0.0
1774254883.5642583,239.440,-9999.000000,22.162793,26.0,100.0000,LOW,0.2,0.005,0.0
1774254883.6342323,239.510,-9999.000000,22.163181,26.0,100.0000,LOW,0.2,0.005,0.0
1774254883.6958055,239.571,-9999.000000,22.165900,26.0,100.0000,LOW,0.2,0.005,0.0
1774254883.764445,239.640,-9999.000000,22.169006,26.0,100.0000,LOW,0.2,0.005,0.0
1774254883.8264976,239.702,-9999.000000,22.167841,26.0,100.0000,LOW,0.2,0.005,0.0
1774254883.8845906,239.760,-9999.000000,22.162793,26.0,100.0000,LOW,0.2,0.005,0.0
1774254883.954942,239.831,-9999.000000,22.161627,26.0,100.0000,LOW,0.2,0.005,0.0
1774254884.0162113,239.892,-9999.000000,22.162793,26.0,100.0000,LOW,0.2,0.005,0.0
1774254884.084289,239.960,-9999.000000,22.164734,26.0,100.0000,LOW,0.2,0.005,0.0
1774254884.1448472,240.020,-9999.000000,22.168619,26.0,100.0000,LOW,0.2,0.005,0.0
1774254884.2073026,240.083,-9999.000000,22.165512,26.0,100.0000,LOW,0.2,0.005,0.0
1774254884.274131,240.150,-9999.000000,22.162405,26.0,100.0000,LOW,0.2,0.005,0.0
1774254884.334734,240.210,-9999.000000,22.161627,26.0,100.0000,LOW,0.2,0.005,0.0
1774254884.3944123,240.270,-9999.000000,22.161627,26.0,100.0000,LOW,0.2,0.005,0.0
1774254884.4659564,240.342,-9999.000000,22.163571,26.0,100.0000,LOW,0.2,0.005,0.0
1774254884.5297563,240.405,-9999.000000,22.167453,26.0,100.0000,LOW,0.2,0.005,0.0
1774254884.5843794,240.460,-9999.000000,22.163959,26.0,100.0000,LOW,0.2,0.005,0.0
1774254884.6460776,240.522,-9999.000000,22.166678,26.0,100.0000,LOW,0.2,0.005,0.0
1774254884.7048035,240.580,-9999.000000,22.161240,26.0,100.0000,LOW,0.2,0.005,0.0
1774254884.7643528,240.640,-9999.000000,22.160074,26.0,100.0000,LOW,0.2,0.005,0.0
1774254884.8344376,240.710,-9999.000000,22.160074,26.0,100.0000,LOW,0.2,0.005,0.0
1774254884.8965948,240.772,-9999.000000,22.163959,26.0,100.0000,LOW,0.2,0.005,0.0
1774254884.9643734,240.840,-9999.000000,22.165124,26.0,100.0000,LOW,0.2,0.005,0.0
1774254885.0159023,240.891,-9999.000000,22.159299,26.0,100.0000,LOW,0.2,0.005,0.0
1774254885.087924,240.963,-9999.000000,22.159687,26.0,100.0000,LOW,0.2,0.005,0.0
1774254885.1538322,241.029,-9999.000000,22.159687,26.0,100.0000,LOW,0.2,0.005,0.0
1774254885.2146678,241.090,-9999.000000,22.162015,26.0,100.0000,LOW,0.2,0.005,0.0
1774254885.274972,241.151,-9999.000000,22.163181,26.0,100.0000,LOW,0.2,0.005,0.0
1774254885.3302891,241.206,-9999.000000,22.164734,26.0,100.0000,LOW,0.2,0.005,0.0
1774254885.3939815,241.270,-9999.000000,22.163571,26.0,100.0000,LOW,0.2,0.005,0.0
1774254885.4575884,241.333,-9999.000000,22.160074,26.0,100.0000,LOW,0.2,0.005,0.0
1774254885.5240507,241.400,-9999.000000,22.158908,26.0,100.0000,LOW,0.2,0.005,0.0
1774254885.5849242,241.460,-9999.000000,22.158133,26.0,100.0000,LOW,0.2,0.005,0.0
1774254885.643871,241.519,-9999.000000,22.162015,26.0,100.0000,LOW,0.2,0.005,0.0
1774254885.714804,241.590,-9999.000000,22.162015,26.0,100.0000,LOW,0.2,0.005,0.0
1774254885.7763398,241.652,-9999.000000,22.162793,26.0,100.0000,LOW,0.2,0.005,0.0
1774254885.8345652,241.710,-9999.000000,22.161240,26.0,100.0000,LOW,0.2,0.005,0.0
1774254885.9079823,241.784,-9999.000000,22.158133,26.0,100.0000,LOW,0.2,0.005,0.0
1774254885.9604301,241.836,-9999.000000,22.162015,26.0,100.0000,LOW,0.2,0.005,0.0
1774254886.016085,241.892,-9999.000000,22.156968,26.0,100.0000,LOW,0.2,0.005,0.0
1774254886.0743945,241.950,-9999.000000,22.160462,26.0,100.0000,LOW,0.2,0.005,0.0
1774254886.1447425,242.020,-9999.000000,22.162405,26.0,100.0000,LOW,0.2,0.005,0.0
1774254886.2048738,242.080,-9999.000000,22.160462,26.0,100.0000,LOW,0.2,0.005,0.0
1774254886.2672656,242.143,-9999.000000,22.156190,26.0,100.0000,LOW,0.2,0.005,0.0
1774254886.3346891,242.210,-9999.000000,22.156580,26.0,100.0000,LOW,0.2,0.005,0.0
1774254886.3948483,242.270,-9999.000000,22.161627,26.0,100.0000,LOW,0.2,0.005,0.0
1774254886.4647918,242.340,-9999.000000,22.161627,26.0,100.0000,LOW,0.2,0.005,0.0
1774254886.5264006,242.402,-9999.000000,22.161627,26.0,100.0000,LOW,0.2,0.005,0.0
1774254886.5850291,242.461,-9999.000000,22.157743,26.0,100.0000,LOW,0.2,0.005,0.0
1774254886.6548724,242.530,-9999.000000,22.156968,26.0,100.0000,LOW,0.2,0.005,0.0
1774254886.7049744,242.581,-9999.000000,22.155414,26.0,100.0000,LOW,0.2,0.005,0.0
1774254886.764206,242.640,-9999.000000,22.155027,26.0,100.0000,LOW,0.2,0.005,0.0
1774254886.828036,242.704,-9999.000000,22.159299,26.0,100.0000,LOW,0.2,0.005,0.0
1774254886.8959572,242.772,-9999.000000,22.160462,26.0,100.0000,LOW,0.2,0.005,0.0
1774254886.9542928,242.830,-9999.000000,22.159687,26.0,100.0000,LOW,0.2,0.005,0.0
1774254887.0245981,242.900,-9999.000000,22.155802,26.0,100.0000,LOW,0.2,0.005,0.0
1774254887.0861685,242.962,-9999.000000,22.153474,26.0,100.0000,LOW,0.2,0.005,0.0
1774254887.1461017,243.022,-9999.000000,22.156190,26.0,100.0000,LOW,0.2,0.005,0.0
1774254887.2146425,243.090,-9999.000000,22.159299,26.0,100.0000,LOW,0.2,0.005,0.0
1774254887.2676544,243.143,-9999.000000,22.153474,26.0,100.0000,LOW,0.2,0.005,0.0
1774254887.3362002,243.212,-9999.000000,22.156190,26.0,100.0000,LOW,0.2,0.005,0.0
1774254887.4045646,243.280,-9999.000000,22.153474,26.0,100.0000,LOW,0.2,0.005,0.0
1774254887.4646864,243.340,-9999.000000,22.153474,26.0,100.0000,LOW,0.2,0.005,0.0
1774254887.5146317,243.390,-9999.000000,22.154636,26.0,100.0000,LOW,0.2,0.005,0.0
1774254887.574649,243.450,-9999.000000,22.156580,26.0,100.0000,LOW,0.2,0.005,0.0
1774254887.644673,243.520,-9999.000000,22.158133,26.0,100.0000,LOW,0.2,0.005,0.0
1774254887.7060175,243.582,-9999.000000,22.155414,26.0,100.0000,LOW,0.2,0.005,0.0
1774254887.7642572,243.640,-9999.000000,22.152695,26.0,100.0000,LOW,0.2,0.005,0.0
1774254887.834281,243.710,-9999.000000,22.152695,26.0,100.0000,LOW,0.2,0.005,0.0
1774254887.8960266,243.772,-9999.000000,22.157743,26.0,100.0000,LOW,0.2,0.005,0.0
1774254887.9551759,243.831,-9999.000000,22.156580,26.0,100.0000,LOW,0.2,0.005,0.0
1774254888.0234792,243.899,-9999.000000,22.153474,26.0,100.0000,LOW,0.2,0.005,0.0
1774254888.0869846,243.963,-9999.000000,22.150364,26.0,100.0000,LOW,0.2,0.005,0.0
1774254888.1465433,244.022,-9999.000000,22.153083,26.0,100.0000,LOW,0.2,0.005,0.0
1774254888.2140396,244.090,-9999.000000,22.156580,26.0,100.0000,LOW,0.2,0.005,0.0
1774254888.2767675,244.152,-9999.000000,22.156968,26.0,100.0000,LOW,0.2,0.005,0.0
1774254888.3361506,244.212,-9999.000000,22.153083,26.0,100.0000,LOW,0.2,0.005,0.0
1774254888.4047532,244.280,-9999.000000,22.151917,26.0,100.0000,LOW,0.2,0.005,0.0
1774254888.460105,244.336,-9999.000000,22.156580,26.0,100.0000,LOW,0.2,0.005,0.0
1774254888.5164168,244.392,-9999.000000,22.150364,26.0,100.0000,LOW,0.2,0.005,0.0
1774254888.5747297,244.450,-9999.000000,22.154249,26.0,100.0000,LOW,0.2,0.005,0.0
1774254888.6446457,244.520,-9999.000000,22.156190,26.0,100.0000,LOW,0.2,0.005,0.0
1774254888.7083998,244.584,-9999.000000,22.155027,26.0,100.0000,LOW,0.2,0.005,0.0
1774254888.7743473,244.650,-9999.000000,22.153474,26.0,100.0000,LOW,0.2,0.005,0.0
1774254888.8349001,244.710,-9999.000000,22.151142,26.0,100.0000,LOW,0.2,0.005,0.0
1774254888.9046087,244.780,-9999.000000,22.149202,26.0,100.0000,LOW,0.2,0.005,0.0
1774254888.9585104,244.834,-9999.000000,22.154249,26.0,100.0000,LOW,0.2,0.005,0.0
1774254889.024219,244.900,-9999.000000,22.153474,26.0,100.0000,LOW,0.2,0.005,0.0
1774254889.0765905,244.952,-9999.000000,22.155027,26.0,100.0000,LOW,0.2,0.005,0.0
1774254889.1442554,245.020,-9999.000000,22.153861,26.0,100.0000,LOW,0.2,0.005,0.0
1774254889.2047913,245.080,-9999.000000,22.151530,26.0,100.0000,LOW,0.2,0.005,0.0
1774254889.265815,245.141,-9999.000000,22.148811,26.0,100.0000,LOW,0.2,0.005,0.0
1774254889.3358924,245.211,-9999.000000,22.147645,26.0,100.0000,LOW,0.2,0.005,0.0
1774254889.3942235,245.270,-9999.000000,22.149589,26.0,100.0000,LOW,0.2,0.005,0.0
1774254889.464895,245.340,-9999.000000,22.152308,26.0,100.0000,LOW,0.2,0.005,0.0
1774254889.5244374,245.400,-9999.000000,22.152695,26.0,100.0000,LOW,0.2,0.005,0.0
1774254889.5860255,245.462,-9999.000000,22.150755,26.0,100.0000,LOW,0.2,0.005,0.0
1774254889.656202,245.532,-9999.000000,22.148811,26.0,100.0000,LOW,0.2,0.005,0.0
1774254889.7143004,245.590,-9999.000000,22.147258,26.0,100.0000,LOW,0.2,0.005,0.0
1774254889.7675323,245.643,-9999.000000,22.147645,26.0,100.0000,LOW,0.2,0.005,0.0
1774254889.834445,245.710,-9999.000000,22.148811,26.0,100.0000,LOW,0.2,0.005,0.0
1774254889.894764,245.770,-9999.000000,22.152308,26.0,100.0000,LOW,0.2,0.005,0.0
1774254889.9588377,245.834,-9999.000000,22.150364,26.0,100.0000,LOW,0.2,0.005,0.0
1774254890.024639,245.900,-9999.000000,22.148423,26.0,100.0000,LOW,0.2,0.005,0.0
1774254890.084338,245.960,-9999.000000,22.145317,26.0,100.0000,LOW,0.2,0.005,0.0
1774254890.1468086,246.022,-9999.000000,22.147645,26.0,100.0000,LOW,0.2,0.005,0.0
1774254890.2173004,246.093,-9999.000000,22.147645,26.0,100.0000,LOW,0.2,0.005,0.0
1774254890.2744606,246.150,-9999.000000,22.150364,26.0,100.0000,LOW,0.2,0.005,0.0
1774254890.3244026,246.200,-9999.000000,22.150755,26.0,100.0000,LOW,0.2,0.005,0.0
1774254890.394204,246.270,-9999.000000,22.150755,26.0,100.0000,LOW,0.2,0.005,0.0
1774254890.4542642,246.330,-9999.000000,22.147645,26.0,100.0000,LOW,0.2,0.005,0.0
1774254890.5165448,246.392,-9999.000000,22.144930,26.0,100.0000,LOW,0.2,0.005,0.0
1774254890.5842154,246.460,-9999.000000,22.145317,26.0,100.0000,LOW,0.2,0.005,0.0
1774254890.648447,246.524,-9999.000000,22.147258,26.0,100.0000,LOW,0.2,0.005,0.0
1774254890.7136688,246.589,-9999.000000,22.149202,26.0,100.0000,LOW,0.2,0.005,0.0
1774254890.7762094,246.652,-9999.000000,22.148423,26.0,100.0000,LOW,0.2,0.005,0.0
1774254890.8345299,246.710,-9999.000000,22.145705,26.0,100.0000,LOW,0.2,0.005,0.0
1774254890.9038177,246.779,-9999.000000,22.143376,26.0,100.0000,LOW,0.2,0.005,0.0
1774254890.964764,246.840,-9999.000000,22.144151,26.0,100.0000,LOW,0.2,0.005,0.0
1774254891.030169,246.906,-9999.000000,22.146483,26.0,100.0000,LOW,0.2,0.005,0.0
1774254891.0858765,246.961,-9999.000000,22.144930,26.0,100.0000,LOW,0.2,0.005,0.0
1774254891.1444554,247.020,-9999.000000,22.148423,26.0,100.0000,LOW,0.2,0.005,0.0
1774254891.2048545,247.080,-9999.000000,22.144539,26.0,100.0000,LOW,0.2,0.005,0.0
1774254891.26471,247.140,-9999.000000,22.141820,26.0,100.0000,LOW,0.2,0.005,0.0
1774254891.3346412,247.210,-9999.000000,22.144151,26.0,100.0000,LOW,0.2,0.005,0.0
1774254891.3960052,247.272,-9999.000000,22.148811,26.0,100.0000,LOW,0.2,0.005,0.0
1774254891.4542713,247.330,-9999.000000,22.147258,26.0,100.0000,LOW,0.2,0.005,0.0
1774254891.5248573,247.400,-9999.000000,22.145317,26.0,100.0000,LOW,0.2,0.005,0.0
1774254891.5778577,247.453,-9999.000000,22.148036,26.0,100.0000,LOW,0.2,0.005,0.0
1774254891.650012,247.526,-9999.000000,22.141433,26.0,100.0000,LOW,0.2,0.005,0.0
1774254891.7143698,247.590,-9999.000000,22.144930,26.0,100.0000,LOW,0.2,0.005,0.0
1774254891.7762983,247.652,-9999.000000,22.146870,26.0,100.0000,LOW,0.2,0.005,0.0
1774254891.8446977,247.720,-9999.000000,22.146483,26.0,100.0000,LOW,0.2,0.005,0.0
1774254891.8950157,247.771,-9999.000000,22.147258,26.0,100.0000,LOW,0.2,0.005,0.0
1774254891.9560475,247.832,-9999.000000,22.143376,26.0,100.0000,LOW,0.2,0.005,0.0
1774254892.0142407,247.890,-9999.000000,22.140267,26.0,100.0000,LOW,0.2,0.005,0.0
1774254892.0845299,247.960,-9999.000000,22.141820,26.0,100.0000,LOW,0.2,0.005,0.0
1774254892.1461606,248.022,-9999.000000,22.143376,26.0,100.0000,LOW,0.2,0.005,0.0
1774254892.2136438,248.089,-9999.000000,22.146483,26.0,100.0000,LOW,0.2,0.005,0.0
1774254892.2743294,248.150,-9999.000000,22.145705,26.0,100.0000,LOW,0.2,0.005,0.0
1774254892.3404453,248.216,-9999.000000,22.141820,26.0,100.0000,LOW,0.2,0.005,0.0
1774254892.394715,248.270,-9999.000000,22.144539,26.0,100.0000,LOW,0.2,0.005,0.0
1774254892.468163,248.344,-9999.000000,22.139492,26.0,100.0000,LOW,0.2,0.005,0.0
1774254892.5242968,248.400,-9999.000000,22.144539,26.0,100.0000,LOW,0.2,0.005,0.0
1774254892.5948513,248.470,-9999.000000,22.144539,26.0,100.0000,LOW,0.2,0.005,0.0
1774254892.6350267,248.511,-9999.000000,22.142598,26.0,100.0000,LOW,0.2,0.005,0.0
1774254892.7049081,248.580,-9999.000000,22.140267,26.0,100.0000,LOW,0.2,0.005,0.0
1774254892.7669272,248.642,-9999.000000,22.138714,26.0,100.0000,LOW,0.2,0.005,0.0
1774254892.8345568,248.710,-9999.000000,22.139492,26.0,100.0000,LOW,0.2,0.005,0.0
1774254892.8947475,248.770,-9999.000000,22.141820,26.0,100.0000,LOW,0.2,0.005,0.0
1774254892.957873,248.833,-9999.000000,22.143376,26.0,100.0000,LOW,0.2,0.005,0.0
1774254893.0247629,248.900,-9999.000000,22.141820,26.0,100.0000,LOW,0.2,0.005,0.0
1774254893.0842388,248.960,-9999.000000,22.140267,26.0,100.0000,LOW,0.2,0.005,0.0
1774254893.1549351,249.031,-9999.000000,22.137939,26.0,100.0000,LOW,0.2,0.005,0.0
1774254893.216414,249.092,-9999.000000,22.137548,26.0,100.0000,LOW,0.2,0.005,0.0
1774254893.2759228,249.151,-9999.000000,22.141433,26.0,100.0000,LOW,0.2,0.005,0.0
1774254893.3269637,249.203,-9999.000000,22.142211,26.0,100.0000,LOW,0.2,0.005,0.0
1774254893.3947418,249.270,-9999.000000,22.142211,26.0,100.0000,LOW,0.2,0.005,0.0
1774254893.4547668,249.330,-9999.000000,22.141433,26.0,100.0000,LOW,0.2,0.005,0.0
1774254893.5161476,249.392,-9999.000000,22.137939,26.0,100.0000,LOW,0.2,0.005,0.0
1774254893.5880282,249.464,-9999.000000,22.136386,26.0,100.0000,LOW,0.2,0.005,0.0
1774254893.6449902,249.521,-9999.000000,22.137548,26.0,100.0000,LOW,0.2,0.005,0.0
1774254893.7149155,249.590,-9999.000000,22.140658,26.0,100.0000,LOW,0.2,0.005,0.0
1774254893.7774205,249.653,-9999.000000,22.142211,26.0,100.0000,LOW,0.2,0.005,0.0
1774254893.8363485,249.712,-9999.000000,22.140658,26.0,100.0000,LOW,0.2,0.005,0.0
1774254893.9062235,249.782,-9999.000000,22.138326,26.0,100.0000,LOW,0.2,0.005,0.0
1774254893.9549208,249.830,-9999.000000,22.136386,26.0,100.0000,LOW,0.2,0.005,0.0
1774254894.0203218,249.896,-9999.000000,22.135220,26.0,100.0000,LOW,0.2,0.005,0.0
1774254894.083982,249.960,-9999.000000,22.137161,26.0,100.0000,LOW,0.2,0.005,0.0
1774254894.144906,250.020,-9999.000000,22.140267,26.0,100.0000,LOW,0.2,0.005,0.0
1774254894.2062314,250.082,-9999.000000,22.140658,26.0,100.0000,LOW,0.2,0.005,0.0
1774254894.274379,250.150,-9999.000000,22.138326,26.0,100.0000,LOW,0.2,0.005,0.0
1774254894.334244,250.210,-9999.000000,22.135608,26.0,100.0000,LOW,0.2,0.005,0.0
1774254894.3965495,250.272,-9999.000000,22.134833,26.0,100.0000,LOW,0.2,0.005,0.0
1774254894.466812,250.342,-9999.000000,22.137548,26.0,100.0000,LOW,0.2,0.005,0.0
1774254894.530247,250.406,-9999.000000,22.139104,26.0,100.0000,LOW,0.2,0.005,0.0
1774254894.5861962,250.462,-9999.000000,22.133667,26.0,100.0000,LOW,0.2,0.005,0.0
1774254894.6343937,250.510,-9999.000000,22.139104,26.0,100.0000,LOW,0.2,0.005,0.0
1774254894.7043257,250.580,-9999.000000,22.136386,26.0,100.0000,LOW,0.2,0.005,0.0
1774254894.7668777,250.642,-9999.000000,22.133280,26.0,100.0000,LOW,0.2,0.005,0.0
1774254894.8348863,250.710,-9999.000000,22.134442,26.0,100.0000,LOW,0.2,0.005,0.0
1774254894.8949294,250.770,-9999.000000,22.137161,26.0,100.0000,LOW,0.2,0.005,0.0
1774254894.955926,250.831,-9999.000000,22.139492,26.0,100.0000,LOW,0.2,0.005,0.0
1774254895.0248246,250.900,-9999.000000,22.138714,26.0,100.0000,LOW,0.2,0.005,0.0
1774254895.0848246,250.960,-9999.000000,22.134442,26.0,100.0000,LOW,0.2,0.005,0.0
1774254895.1546733,251.030,-9999.000000,22.132889,26.0,100.0000,LOW,0.2,0.005,0.0
1774254895.21481,251.090,-9999.000000,22.133280,26.0,100.0000,LOW,0.2,0.005,0.0
1774254895.274832,251.150,-9999.000000,22.137161,26.0,100.0000,LOW,0.2,0.005,0.0
1774254895.3270116,251.203,-9999.000000,22.138714,26.0,100.0000,LOW,0.2,0.005,0.0
1774254895.3942082,251.270,-9999.000000,22.137939,26.0,100.0000,LOW,0.2,0.005,0.0
1774254895.4544406,251.330,-9999.000000,22.135608,26.0,100.0000,LOW,0.2,0.005,0.0
1774254895.5149546,251.391,-9999.000000,22.132889,26.0,100.0000,LOW,0.2,0.005,0.0
1774254895.5842066,251.460,-9999.000000,22.131724,26.0,100.0000,LOW,0.2,0.005,0.0
1774254895.6481256,251.524,-9999.000000,22.134442,26.0,100.0000,LOW,0.2,0.005,0.0
1774254895.7048495,251.580,-9999.000000,22.137548,26.0,100.0000,LOW,0.2,0.005,0.0
1774254895.7753696,251.651,-9999.000000,22.137161,26.0,100.0000,LOW,0.2,0.005,0.0
1774254895.834379,251.710,-9999.000000,22.131336,26.0,100.0000,LOW,0.2,0.005,0.0
1774254895.9048781,251.780,-9999.000000,22.132114,26.0,100.0000,LOW,0.2,0.005,0.0
1774254895.9644573,251.840,-9999.000000,22.131336,26.0,100.0000,LOW,0.2,0.005,0.0
1774254896.024922,251.900,-9999.000000,22.133280,26.0,100.0000,LOW,0.2,0.005,0.0
1774254896.078633,251.954,-9999.000000,22.135608,26.0,100.0000,LOW,0.2,0.005,0.0
1774254896.1438591,252.019,-9999.000000,22.135995,26.0,100.0000,LOW,0.2,0.005,0.0
1774254896.2049,252.080,-9999.000000,22.132889,26.0,100.0000,LOW,0.2,0.005,0.0
1774254896.2646403,252.140,-9999.000000,22.130170,26.0,100.0000,LOW,0.2,0.005,0.0
1774254896.326447,252.202,-9999.000000,22.135995,26.0,100.0000,LOW,0.2,0.005,0.0
1774254896.3963854,252.272,-9999.000000,22.133667,26.0,100.0000,LOW,0.2,0.005,0.0
1774254896.4610581,252.337,-9999.000000,22.135995,26.0,100.0000,LOW,0.2,0.005,0.0
1774254896.5258374,252.401,-9999.000000,22.134833,26.0,100.0000,LOW,0.2,0.005,0.0
1774254896.584207,252.460,-9999.000000,22.131724,26.0,100.0000,LOW,0.2,0.005,0.0
1774254896.654826,252.530,-9999.000000,22.129783,26.0,100.0000,LOW,0.2,0.005,0.0
1774254896.7158413,252.591,-9999.000000,22.129008,26.0,100.0000,LOW,0.2,0.005,0.0
1774254896.777154,252.653,-9999.000000,22.132502,26.0,100.0000,LOW,0.2,0.005,0.0
1774254896.824859,252.700,-9999.000000,22.132889,26.0,100.0000,LOW,0.2,0.005,0.0
1774254896.8948984,252.770,-9999.000000,22.134833,26.0,100.0000,LOW,0.2,0.005,0.0
1774254896.9547238,252.830,-9999.000000,22.133667,26.0,100.0000,LOW,0.2,0.005,0.0
1774254897.0161786,252.892,-9999.000000,22.129783,26.0,100.0000,LOW,0.2,0.005,0.0
1774254897.0778222,252.953,-9999.000000,22.131724,26.0,100.0000,LOW,0.2,0.005,0.0
1774254897.144759,253.020,-9999.000000,22.129008,26.0,100.0000,LOW,0.2,0.005,0.0
1774254897.214213,253.090,-9999.000000,22.132114,26.0,100.0000,LOW,0.2,0.005,0.0
1774254897.2784386,253.154,-9999.000000,22.132889,26.0,100.0000,LOW,0.2,0.005,0.0
1774254897.3309026,253.206,-9999.000000,22.128617,26.0,100.0000,LOW,0.2,0.005,0.0
1774254897.4043827,253.280,-9999.000000,22.127452,26.0,100.0000,LOW,0.2,0.005,0.0
1774254897.4643433,253.340,-9999.000000,22.126677,26.0,100.0000,LOW,0.2,0.005,0.0
1774254897.5244195,253.400,-9999.000000,22.132502,26.0,100.0000,LOW,0.2,0.005,0.0
1774254897.5791748,253.455,-9999.000000,22.131724,26.0,100.0000,LOW,0.2,0.005,0.0
1774254897.6445842,253.520,-9999.000000,22.132502,26.0,100.0000,LOW,0.2,0.005,0.0
1774254897.7048886,253.580,-9999.000000,22.130170,26.0,100.0000,LOW,0.2,0.005,0.0
1774254897.7738805,253.649,-9999.000000,22.128230,26.0,100.0000,LOW,0.2,0.005,0.0
1774254897.8264697,253.702,-9999.000000,22.129395,26.0,100.0000,LOW,0.2,0.005,0.0
1774254897.8947766,253.770,-9999.000000,22.126289,26.0,100.0000,LOW,0.2,0.005,0.0
1774254897.9545865,253.830,-9999.000000,22.127842,26.0,100.0000,LOW,0.2,0.005,0.0
1774254898.0243928,253.900,-9999.000000,22.131336,26.0,100.0000,LOW,0.2,0.005,0.0
1774254898.0935864,253.969,-9999.000000,22.131336,26.0,100.0000,LOW,0.2,0.005,0.0
1774254898.1563363,254.032,-9999.000000,22.128617,26.0,100.0000,LOW,0.2,0.005,0.0
1774254898.2050018,254.081,-9999.000000,22.127452,26.0,100.0000,LOW,0.2,0.005,0.0
1774254898.2649765,254.141,-9999.000000,22.124346,26.0,100.0000,LOW,0.2,0.005,0.0
1774254898.3340106,254.210,-9999.000000,22.125899,26.0,100.0000,LOW,0.2,0.005,0.0
1774254898.3947594,254.270,-9999.000000,22.127452,26.0,100.0000,LOW,0.2,0.005,0.0
1774254898.455953,254.332,-9999.000000,22.130948,26.0,100.0000,LOW,0.2,0.005,0.0
1774254898.5248868,254.400,-9999.000000,22.130561,26.0,100.0000,LOW,0.2,0.005,0.0
1774254898.5819013,254.457,-9999.000000,22.127064,26.0,100.0000,LOW,0.2,0.005,0.0
1774254898.654905,254.530,-9999.000000,22.124346,26.0,100.0000,LOW,0.2,0.005,0.0
1774254898.7084918,254.584,-9999.000000,22.129783,26.0,100.0000,LOW,0.2,0.005,0.0
1774254898.7823246,254.658,-9999.000000,22.126289,26.0,100.0000,LOW,0.2,0.005,0.0
1774254898.8259587,254.702,-9999.000000,22.128230,26.0,100.0000,LOW,0.2,0.005,0.0
1774254898.8949237,254.770,-9999.000000,22.129008,26.0,100.0000,LOW,0.2,0.005,0.0
1774254898.9548452,254.830,-9999.000000,22.128230,26.0,100.0000,LOW,0.2,0.005,0.0
1774254899.0243266,254.900,-9999.000000,22.127452,26.0,100.0000,LOW,0.2,0.005,0.0
1774254899.0865188,254.962,-9999.000000,22.122793,26.0,100.0000,LOW,0.2,0.005,0.0
1774254899.1445196,255.020,-9999.000000,22.123183,26.0,100.0000,LOW,0.2,0.005,0.0
1774254899.2142704,255.090,-9999.000000,22.125511,26.0,100.0000,LOW,0.2,0.005,0.0
1774254899.2757964,255.151,-9999.000000,22.127452,26.0,100.0000,LOW,0.2,0.005,0.0
1774254899.3249145,255.200,-9999.000000,22.127452,26.0,100.0000,LOW,0.2,0.005,0.0
1774254899.406619,255.282,-9999.000000,22.125124,26.0,100.0000,LOW,0.2,0.005,0.0
1774254899.4550097,255.331,-9999.000000,22.122793,26.0,100.0000,LOW,0.2,0.005,0.0
1774254899.5142915,255.390,-9999.000000,22.122018,26.0,100.0000,LOW,0.2,0.005,0.0
1774254899.583685,255.459,-9999.000000,22.122405,26.0,100.0000,LOW,0.2,0.005,0.0
1774254899.6464233,255.522,-9999.000000,22.125899,26.0,100.0000,LOW,0.2,0.005,0.0
1774254899.7042913,255.580,-9999.000000,22.127064,26.0,100.0000,LOW,0.2,0.005,0.0
1774254899.7742126,255.650,-9999.000000,22.126289,26.0,100.0000,LOW,0.2,0.005,0.0
1774254899.8278756,255.703,-9999.000000,22.125899,26.0,100.0000,LOW,0.2,0.005,0.0
1774254899.8963642,255.772,-9999.000000,22.120852,26.0,100.0000,LOW,0.2,0.005,0.0
1774254899.9544618,255.830,-9999.000000,22.123571,26.0,100.0000,LOW,0.2,0.005,0.0
1774254900.0248172,255.900,-9999.000000,22.126289,26.0,100.0000,LOW,0.2,0.005,0.0
1774254900.087731,255.963,-9999.000000,22.125511,26.0,100.0000,LOW,0.2,0.005,0.0
1774254900.1550415,256.031,-9999.000000,22.122405,26.0,100.0000,LOW,0.2,0.005,0.0
1774254900.2042449,256.080,-9999.000000,22.121240,26.0,100.0000,LOW,0.2,0.005,0.0
1774254900.2664247,256.142,-9999.000000,22.118912,26.0,100.0000,LOW,0.2,0.005,0.0
1774254900.3243558,256.200,-9999.000000,22.121240,26.0,100.0000,LOW,0.2,0.005,0.0
1774254900.3944633,256.270,-9999.000000,22.122793,26.0,100.0000,LOW,0.2,0.005,0.0
1774254900.4566813,256.332,-9999.000000,22.124346,26.0,100.0000,LOW,0.2,0.005,0.0
1774254900.525036,256.401,-9999.000000,22.123958,26.0,100.0000,LOW,0.2,0.005,0.0
1774254900.5888584,256.464,-9999.000000,22.121240,26.0,100.0000,LOW,0.2,0.005,0.0
1774254900.6446016,256.520,-9999.000000,22.124346,26.0,100.0000,LOW,0.2,0.005,0.0
1774254900.7143557,256.590,-9999.000000,22.120465,26.0,100.0000,LOW,0.2,0.005,0.0
1774254900.775961,256.652,-9999.000000,22.123183,26.0,100.0000,LOW,0.2,0.005,0.0
1774254900.8264327,256.702,-9999.000000,22.122793,26.0,100.0000,LOW,0.2,0.005,0.0
1774254900.8895786,256.765,-9999.000000,22.123183,26.0,100.0000,LOW,0.2,0.005,0.0
1774254900.9546337,256.830,-9999.000000,22.122018,26.0,100.0000,LOW,0.2,0.005,0.0
1774254901.0158906,256.891,-9999.000000,22.118134,26.0,100.0000,LOW,0.2,0.005,0.0
1774254901.0849717,256.961,-9999.000000,22.117746,26.0,100.0000,LOW,0.2,0.005,0.0
1774254901.1445746,257.020,-9999.000000,22.118912,26.0,100.0000,LOW,0.2,0.005,0.0
1774254901.2046003,257.080,-9999.000000,22.121627,26.0,100.0000,LOW,0.2,0.005,0.0
1774254901.2744563,257.150,-9999.000000,22.122405,26.0,100.0000,LOW,0.2,0.005,0.0
1774254901.3298078,257.205,-9999.000000,22.118134,26.0,100.0000,LOW,0.2,0.005,0.0
1774254901.4060261,257.282,-9999.000000,22.120465,26.0,100.0000,LOW,0.2,0.005,0.0
1774254901.4563396,257.332,-9999.000000,22.121240,26.0,100.0000,LOW,0.2,0.005,0.0
1774254901.5179005,257.393,-9999.000000,22.115415,26.0,100.0000,LOW,0.2,0.005,0.0
1774254901.574657,257.450,-9999.000000,22.118912,26.0,100.0000,LOW,0.2,0.005,0.0
1774254901.6439233,257.519,-9999.000000,22.122018,26.0,100.0000,LOW,0.2,0.005,0.0
1774254901.707146,257.583,-9999.000000,22.120852,26.0,100.0000,LOW,0.2,0.005,0.0
1774254901.7643287,257.640,-9999.000000,22.117356,26.0,100.0000,LOW,0.2,0.005,0.0
1774254901.8278906,257.703,-9999.000000,22.118134,26.0,100.0000,LOW,0.2,0.005,0.0
1774254901.895833,257.771,-9999.000000,22.114250,26.0,100.0000,LOW,0.2,0.005,0.0
1774254901.9646454,257.840,-9999.000000,22.116968,26.0,100.0000,LOW,0.2,0.005,0.0
1774254902.0277243,257.903,-9999.000000,22.119299,26.0,100.0000,LOW,0.2,0.005,0.0
1774254902.0916631,257.967,-9999.000000,22.118912,26.0,100.0000,LOW,0.2,0.005,0.0
1774254902.155475,258.031,-9999.000000,22.116581,26.0,100.0000,LOW,0.2,0.005,0.0
1774254902.2190146,258.095,-9999.000000,22.113862,26.0,100.0000,LOW,0.2,0.005,0.0
1774254902.2661357,258.142,-9999.000000,22.113862,26.0,100.0000,LOW,0.2,0.005,0.0
1774254902.3246162,258.200,-9999.000000,22.117746,26.0,100.0000,LOW,0.2,0.005,0.0
1774254902.3977323,258.273,-9999.000000,22.116581,26.0,100.0000,LOW,0.2,0.005,0.0
1774254902.4576757,258.333,-9999.000000,22.119299,26.0,100.0000,LOW,0.2,0.005,0.0
1774254902.5244002,258.400,-9999.000000,22.116581,26.0,100.0000,LOW,0.2,0.005,0.0
1774254902.5848584,258.460,-9999.000000,22.114250,26.0,100.0000,LOW,0.2,0.005,0.0
1774254902.6501613,258.526,-9999.000000,22.111531,26.0,100.0000,LOW,0.2,0.005,0.0
1774254902.7142365,258.590,-9999.000000,22.112697,26.0,100.0000,LOW,0.2,0.005,0.0
1774254902.7766738,258.652,-9999.000000,22.115803,26.0,100.0000,LOW,0.2,0.005,0.0
1774254902.8338091,258.709,-9999.000000,22.111531,26.0,100.0000,LOW,0.2,0.005,0.0
1774254902.9045632,258.780,-9999.000000,22.115803,26.0,100.0000,LOW,0.2,0.005,0.0
1774254902.9542794,258.830,-9999.000000,22.113475,26.0,100.0000,LOW,0.2,0.005,0.0
1774254903.0148396,258.890,-9999.000000,22.110369,26.0,100.0000,LOW,0.2,0.005,0.0
1774254903.0760584,258.952,-9999.000000,22.112697,26.0,100.0000,LOW,0.2,0.005,0.0
1774254903.1470022,259.023,-9999.000000,22.115415,26.0,100.0000,LOW,0.2,0.005,0.0
1774254903.204864,259.080,-9999.000000,22.115803,26.0,100.0000,LOW,0.2,0.005,0.0
1774254903.2748315,259.150,-9999.000000,22.116193,26.0,100.0000,LOW,0.2,0.005,0.0
1774254903.3282614,259.204,-9999.000000,22.111922,26.0,100.0000,LOW,0.2,0.005,0.0
1774254903.3953652,259.271,-9999.000000,22.109591,26.0,100.0000,LOW,0.2,0.005,0.0
1774254903.46476,259.340,-9999.000000,22.109978,26.0,100.0000,LOW,0.2,0.005,0.0
1774254903.524491,259.400,-9999.000000,22.112309,26.0,100.0000,LOW,0.2,0.005,0.0
1774254903.5943089,259.470,-9999.000000,22.113862,26.0,100.0000,LOW,0.2,0.005,0.0
1774254903.6572037,259.533,-9999.000000,22.113862,26.0,100.0000,LOW,0.2,0.005,0.0
1774254903.7147946,259.590,-9999.000000,22.110369,26.0,100.0000,LOW,0.2,0.005,0.0
1774254903.7849889,259.661,-9999.000000,22.108425,26.0,100.0000,LOW,0.2,0.005,0.0
1774254903.8469858,259.723,-9999.000000,22.109591,26.0,100.0000,LOW,0.2,0.005,0.0
1774254903.9139667,259.790,-9999.000000,22.111531,26.0,100.0000,LOW,0.2,0.005,0.0
1774254903.9756553,259.851,-9999.000000,22.114250,26.0,100.0000,LOW,0.2,0.005,0.0
1774254904.0358512,259.911,-9999.000000,22.112697,26.0,100.0000,LOW,0.2,0.005,0.0
1774254904.105028,259.981,-9999.000000,22.109591,26.0,100.0000,LOW,0.2,0.005,0.0
1774254904.1648462,260.040,-9999.000000,22.108816,26.0,100.0000,LOW,0.2,0.005,0.0
1774254904.2242103,260.100,-9999.000000,22.113475,26.0,100.0000,LOW,0.2,0.005,0.0
1774254904.2747266,260.150,-9999.000000,22.108038,26.0,100.0000,LOW,0.2,0.005,0.0
1774254904.3449132,260.220,-9999.000000,22.111531,26.0,100.0000,LOW,0.2,0.005,0.0
1774254904.406323,260.282,-9999.000000,22.112697,26.0,100.0000,LOW,0.2,0.005,0.0
1774254904.4747686,260.350,-9999.000000,22.112309,26.0,100.0000,LOW,0.2,0.005,0.0
1774254904.5350134,260.411,-9999.000000,22.108816,26.0,100.0000,LOW,0.2,0.005,0.0
1774254904.596523,260.472,-9999.000000,22.106485,26.0,100.0000,LOW,0.2,0.005,0.0
1774254904.664743,260.540,-9999.000000,22.106485,26.0,100.0000,LOW,0.2,0.005,0.0
1774254904.726955,260.603,-9999.000000,22.109591,26.0,100.0000,LOW,0.2,0.005,0.0
1774254904.794276,260.670,-9999.000000,22.111144,26.0,100.0000,LOW,0.2,0.005,0.0
1774254904.8543339,260.730,-9999.000000,22.111144,26.0,100.0000,LOW,0.2,0.005,0.0
1774254904.9160497,260.792,-9999.000000,22.108425,26.0,100.0000,LOW,0.2,0.005,0.0
1774254904.9647462,260.840,-9999.000000,22.106872,26.0,100.0000,LOW,0.2,0.005,0.0
1774254905.0343337,260.910,-9999.000000,22.105319,26.0,100.0000,LOW,0.2,0.005,0.0
1774254905.0978162,260.973,-9999.000000,22.105707,26.0,100.0000,LOW,0.2,0.005,0.0
1774254905.1646092,261.040,-9999.000000,22.106872,26.0,100.0000,LOW,0.2,0.005,0.0
1774254905.2245724,261.100,-9999.000000,22.109978,26.0,100.0000,LOW,0.2,0.005,0.0
1774254905.2860432,261.162,-9999.000000,22.110369,26.0,100.0000,LOW,0.2,0.005,0.0
1774254905.3463852,261.222,-9999.000000,22.104932,26.0,100.0000,LOW,0.2,0.005,0.0
1774254905.4180462,261.294,-9999.000000,22.104544,26.0,100.0000,LOW,0.2,0.005,0.0
1774254905.4745667,261.350,-9999.000000,22.109591,26.0,100.0000,LOW,0.2,0.005,0.0
1774254905.5335493,261.409,-9999.000000,22.104544,26.0,100.0000,LOW,0.2,0.005,0.0
1774254905.594881,261.470,-9999.000000,22.106485,26.0,100.0000,LOW,0.2,0.005,0.0
1774254905.6562247,261.532,-9999.000000,22.108816,26.0,100.0000,LOW,0.2,0.005,0.0
1774254905.7255714,261.601,-9999.000000,22.108816,26.0,100.0000,LOW,0.2,0.005,0.0
1774254905.7845778,261.660,-9999.000000,22.106485,26.0,100.0000,LOW,0.2,0.005,0.0
1774254905.854237,261.730,-9999.000000,22.104154,26.0,100.0000,LOW,0.2,0.005,0.0
1774254905.9088848,261.784,-9999.000000,22.109591,26.0,100.0000,LOW,0.2,0.005,0.0
1774254905.9748738,261.850,-9999.000000,22.104544,26.0,100.0000,LOW,0.2,0.005,0.0
1774254906.044818,261.920,-9999.000000,22.106097,26.0,100.0000,LOW,0.2,0.005,0.0
1774254906.0996213,261.975,-9999.000000,22.102214,26.0,100.0000,LOW,0.2,0.005,0.0
1774254906.1669385,262.043,-9999.000000,22.104932,26.0,100.0000,LOW,0.2,0.005,0.0
1774254906.2158935,262.091,-9999.000000,22.102601,26.0,100.0000,LOW,0.2,0.005,0.0
1774254906.2849784,262.161,-9999.000000,22.102214,26.0,100.0000,LOW,0.2,0.005,0.0
1774254906.3450878,262.221,-9999.000000,22.102214,26.0,100.0000,LOW,0.2,0.005,0.0
1774254906.4140263,262.290,-9999.000000,22.104544,26.0,100.0000,LOW,0.2,0.005,0.0
1774254906.4776418,262.353,-9999.000000,22.106097,26.0,100.0000,LOW,0.2,0.005,0.0
1774254906.5414944,262.417,-9999.000000,22.106097,26.0,100.0000,LOW,0.2,0.005,0.0
1774254906.6061811,262.482,-9999.000000,22.103767,26.0,100.0000,LOW,0.2,0.005,0.0
1774254906.6648734,262.540,-9999.000000,22.100661,26.0,100.0000,LOW,0.2,0.005,0.0
1774254906.734207,262.610,-9999.000000,22.100273,26.0,100.0000,LOW,0.2,0.005,0.0
1774254906.7964334,262.672,-9999.000000,22.100661,26.0,100.0000,LOW,0.2,0.005,0.0
1774254906.8547971,262.730,-9999.000000,22.104932,26.0,100.0000,LOW,0.2,0.005,0.0
1774254906.9249249,262.800,-9999.000000,22.105707,26.0,100.0000,LOW,0.2,0.005,0.0
1774254906.9846427,262.860,-9999.000000,22.102992,26.0,100.0000,LOW,0.2,0.005,0.0
1774254907.0544112,262.930,-9999.000000,22.101048,26.0,100.0000,LOW,0.2,0.005,0.0
1774254907.116373,262.992,-9999.000000,22.098330,26.0,100.0000,LOW,0.2,0.005,0.0
1774254907.174265,263.050,-9999.000000,22.099108,26.0,100.0000,LOW,0.2,0.005,0.0
1774254907.2442775,263.120,-9999.000000,22.102992,26.0,100.0000,LOW,0.2,0.005,0.0
1774254907.3062353,263.182,-9999.000000,22.104544,26.0,100.0000,LOW,0.2,0.005,0.0
1774254907.3557568,263.231,-9999.000000,22.104544,26.0,100.0000,LOW,0.2,0.005,0.0
1774254907.4347923,263.310,-9999.000000,22.100273,26.0,100.0000,LOW,0.2,0.005,0.0
1774254907.4843907,263.360,-9999.000000,22.101048,26.0,100.0000,LOW,0.2,0.005,0.0
1774254907.544255,263.420,-9999.000000,22.098330,26.0,100.0000,LOW,0.2,0.005,0.0
1774254907.6148202,263.490,-9999.000000,22.100661,26.0,100.0000,LOW,0.2,0.005,0.0
1774254907.676011,263.552,-9999.000000,22.102601,26.0,100.0000,LOW,0.2,0.005,0.0
1774254907.7370768,263.613,-9999.000000,22.103379,26.0,100.0000,LOW,0.2,0.005,0.0
1774254907.8043723,263.680,-9999.000000,22.100273,26.0,100.0000,LOW,0.2,0.005,0.0
1774254907.8640587,263.740,-9999.000000,22.100273,26.0,100.0000,LOW,0.2,0.005,0.0
1774254907.9250648,263.801,-9999.000000,22.097164,26.0,100.0000,LOW,0.2,0.005,0.0
1774254907.9948578,263.870,-9999.000000,22.099883,26.0,100.0000,LOW,0.2,0.005,0.0
1774254908.0542917,263.930,-9999.000000,22.102601,26.0,100.0000,LOW,0.2,0.005,0.0
1774254908.1144047,263.990,-9999.000000,22.099108,26.0,100.0000,LOW,0.2,0.005,0.0
1774254908.1865644,264.062,-9999.000000,22.098330,26.0,100.0000,LOW,0.2,0.005,0.0
1774254908.2537673,264.129,-9999.000000,22.096390,26.0,100.0000,LOW,0.2,0.005,0.0
1774254908.3142183,264.190,-9999.000000,22.095612,26.0,100.0000,LOW,0.2,0.005,0.0
1774254908.3758743,264.251,-9999.000000,22.097164,26.0,100.0000,LOW,0.2,0.005,0.0
1774254908.4459794,264.322,-9999.000000,22.099883,26.0,100.0000,LOW,0.2,0.005,0.0
1774254908.5049343,264.381,-9999.000000,22.100661,26.0,100.0000,LOW,0.2,0.005,0.0
1774254908.5645597,264.440,-9999.000000,22.097555,26.0,100.0000,LOW,0.2,0.005,0.0
1774254908.6355708,264.511,-9999.000000,22.094837,26.0,100.0000,LOW,0.2,0.005,0.0
1774254908.6901262,264.566,-9999.000000,22.099883,26.0,100.0000,LOW,0.2,0.005,0.0
1774254908.7641566,264.640,-9999.000000,22.097164,26.0,100.0000,LOW,0.2,0.005,0.0
1774254908.8243268,264.700,-9999.000000,22.097942,26.0,100.0000,LOW,0.2,0.005,0.0
1774254908.887915,264.763,-9999.000000,22.099108,26.0,100.0000,LOW,0.2,0.005,0.0
1774254908.9559674,264.832,-9999.000000,22.095612,26.0,100.0000,LOW,0.2,0.005,0.0
1774254909.014462,264.890,-9999.000000,22.093284,26.0,100.0000,LOW,0.2,0.005,0.0
1774254909.0836234,264.959,-9999.000000,22.093284,26.0,100.0000,LOW,0.2,0.005,0.0
1774254909.1442888,265.020,-9999.000000,22.097555,26.0,100.0000,LOW,0.2,0.005,0.0
1774254909.2081733,265.084,-9999.000000,22.099108,26.0,100.0000,LOW,0.2,0.005,0.0
1774254909.2741735,265.150,-9999.000000,22.097164,26.0,100.0000,LOW,0.2,0.005,0.0
1774254909.3342812,265.210,-9999.000000,22.094059,26.0,100.0000,LOW,0.2,0.005,0.0
1774254909.3958886,265.271,-9999.000000,22.092506,26.0,100.0000,LOW,0.2,0.005,0.0
1774254909.46488,265.340,-9999.000000,22.092118,26.0,100.0000,LOW,0.2,0.005,0.0
1774254909.520577,265.396,-9999.000000,22.094449,26.0,100.0000,LOW,0.2,0.005,0.0
1774254909.594849,265.470,-9999.000000,22.096777,26.0,100.0000,LOW,0.2,0.005,0.0
1774254909.6342194,265.510,-9999.000000,22.097164,26.0,100.0000,LOW,0.2,0.005,0.0
1774254909.7058756,265.581,-9999.000000,22.094449,26.0,100.0000,LOW,0.2,0.005,0.0
1774254909.7669313,265.642,-9999.000000,22.090566,26.0,100.0000,LOW,0.2,0.005,0.0
1774254909.834802,265.710,-9999.000000,22.090566,26.0,100.0000,LOW,0.2,0.005,0.0
1774254909.8948808,265.770,-9999.000000,22.094449,26.0,100.0000,LOW,0.2,0.005,0.0
1774254909.956403,265.832,-9999.000000,22.096777,26.0,100.0000,LOW,0.2,0.005,0.0
1774254910.024621,265.900,-9999.000000,22.095224,26.0,100.0000,LOW,0.2,0.005,0.0
1774254910.0783324,265.954,-9999.000000,22.092896,26.0,100.0000,LOW,0.2,0.005,0.0
1774254910.1442387,266.020,-9999.000000,22.089788,26.0,100.0000,LOW,0.2,0.005,0.0
1774254910.2144895,266.090,-9999.000000,22.089788,26.0,100.0000,LOW,0.2,0.005,0.0
1774254910.2764194,266.152,-9999.000000,22.090566,26.0,100.0000,LOW,0.2,0.005,0.0
1774254910.3268576,266.202,-9999.000000,22.089788,26.0,100.0000,LOW,0.2,0.005,0.0
1774254910.3942833,266.270,-9999.000000,22.094837,26.0,100.0000,LOW,0.2,0.005,0.0
1774254910.4542267,266.330,-9999.000000,22.094059,26.0,100.0000,LOW,0.2,0.005,0.0
1774254910.514959,266.391,-9999.000000,22.090953,26.0,100.0000,LOW,0.2,0.005,0.0
1774254910.5847902,266.460,-9999.000000,22.087847,26.0,100.0000,LOW,0.2,0.005,0.0
1774254910.6471326,266.523,-9999.000000,22.087847,26.0,100.0000,LOW,0.2,0.005,0.0
1774254910.7160943,266.592,-9999.000000,22.087847,26.0,100.0000,LOW,0.2,0.005,0.0
1774254910.7749765,266.651,-9999.000000,22.089788,26.0,100.0000,LOW,0.2,0.005,0.0
1774254910.8448298,266.720,-9999.000000,22.092506,26.0,100.0000,LOW,0.2,0.005,0.0
1774254910.8866186,266.762,-9999.000000,22.092896,26.0,100.0000,LOW,0.2,0.005,0.0
1774254910.9547873,266.830,-9999.000000,22.090566,26.0,100.0000,LOW,0.2,0.005,0.0
1774254911.0165045,266.892,-9999.000000,22.086682,26.0,100.0000,LOW,0.2,0.005,0.0
1774254911.0842328,266.960,-9999.000000,22.085907,26.0,100.0000,LOW,0.2,0.005,0.0
1774254911.1442292,267.020,-9999.000000,22.088625,26.0,100.0000,LOW,0.2,0.005,0.0
1774254911.2112055,267.087,-9999.000000,22.091731,26.0,100.0000,LOW,0.2,0.005,0.0
1774254911.2742114,267.150,-9999.000000,22.091341,26.0,100.0000,LOW,0.2,0.005,0.0
1774254911.3349352,267.211,-9999.000000,22.087460,26.0,100.0000,LOW,0.2,0.005,0.0
1774254911.394658,267.270,-9999.000000,22.091341,26.0,100.0000,LOW,0.2,0.005,0.0
1774254911.4642532,267.340,-9999.000000,22.085517,26.0,100.0000,LOW,0.2,0.005,0.0
1774254911.520263,267.396,-9999.000000,22.087847,26.0,100.0000,LOW,0.2,0.005,0.0
1774254911.5941603,267.470,-9999.000000,22.091341,26.0,100.0000,LOW,0.2,0.005,0.0
1774254911.6543458,267.530,-9999.000000,22.089013,26.0,100.0000,LOW,0.2,0.005,0.0
1774254911.704252,267.580,-9999.000000,22.085517,26.0,100.0000,LOW,0.2,0.005,0.0
1774254911.765947,267.642,-9999.000000,22.083964,26.0,100.0000,LOW,0.2,0.005,0.0
1774254911.8244355,267.700,-9999.000000,22.087460,26.0,100.0000,LOW,0.2,0.005,0.0
1774254911.8946865,267.770,-9999.000000,22.089788,26.0,100.0000,LOW,0.2,0.005,0.0
1774254911.9547167,267.830,-9999.000000,22.088235,26.0,100.0000,LOW,0.2,0.005,0.0
1774254912.0161188,267.892,-9999.000000,22.083964,26.0,100.0000,LOW,0.2,0.005,0.0
1774254912.0743828,267.950,-9999.000000,22.084742,26.0,100.0000,LOW,0.2,0.005,0.0
1774254912.1446104,268.020,-9999.000000,22.088235,26.0,100.0000,LOW,0.2,0.005,0.0
1774254912.2061,268.082,-9999.000000,22.088625,26.0,100.0000,LOW,0.2,0.005,0.0
1774254912.2645893,268.140,-9999.000000,22.084354,26.0,100.0000,LOW,0.2,0.005,0.0
1774254912.3345523,268.210,-9999.000000,22.082411,26.0,100.0000,LOW,0.2,0.005,0.0
1774254912.3979642,268.274,-9999.000000,22.082801,26.0,100.0000,LOW,0.2,0.005,0.0
1774254912.455925,268.331,-9999.000000,22.086295,26.0,100.0000,LOW,0.2,0.005,0.0
1774254912.5249918,268.401,-9999.000000,22.087460,26.0,100.0000,LOW,0.2,0.005,0.0
1774254912.5803332,268.456,-9999.000000,22.082411,26.0,100.0000,LOW,0.2,0.005,0.0
1774254912.6543148,268.530,-9999.000000,22.083189,26.0,100.0000,LOW,0.2,0.005,0.0
1774254912.7160265,268.592,-9999.000000,22.081246,26.0,100.0000,LOW,0.2,0.005,0.0
1774254912.7749264,268.650,-9999.000000,22.083964,26.0,100.0000,LOW,0.2,0.005,0.0
1774254912.8448868,268.720,-9999.000000,22.084742,26.0,100.0000,LOW,0.2,0.005,0.0
1774254912.9066527,268.782,-9999.000000,22.086295,26.0,100.0000,LOW,0.2,0.005,0.0
1774254912.9680753,268.844,-9999.000000,22.083576,26.0,100.0000,LOW,0.2,0.005,0.0
1774254913.0350132,268.911,-9999.000000,22.080471,26.0,100.0000,LOW,0.2,0.005,0.0
1774254913.0944414,268.970,-9999.000000,22.080083,26.0,100.0000,LOW,0.2,0.005,0.0
1774254913.1648607,269.040,-9999.000000,22.080858,26.0,100.0000,LOW,0.2,0.005,0.0
1774254913.2181063,269.094,-9999.000000,22.080471,26.0,100.0000,LOW,0.2,0.005,0.0
1774254913.2844443,269.160,-9999.000000,22.084742,26.0,100.0000,LOW,0.2,0.005,0.0
1774254913.3543746,269.230,-9999.000000,22.083964,26.0,100.0000,LOW,0.2,0.005,0.0
1774254913.4172323,269.293,-9999.000000,22.079305,26.0,100.0000,LOW,0.2,0.005,0.0
1774254913.4848266,269.360,-9999.000000,22.078140,26.0,100.0000,LOW,0.2,0.005,0.0
1774254913.539504,269.415,-9999.000000,22.084742,26.0,100.0000,LOW,0.2,0.005,0.0
1774254913.595811,269.471,-9999.000000,22.081246,26.0,100.0000,LOW,0.2,0.005,0.0
1774254913.6546462,269.530,-9999.000000,22.083576,26.0,100.0000,LOW,0.2,0.005,0.0
1774254913.7248113,269.600,-9999.000000,22.084354,26.0,100.0000,LOW,0.2,0.005,0.0
1774254913.7863228,269.662,-9999.000000,22.082411,26.0,100.0000,LOW,0.2,0.005,0.0
1774254913.8549924,269.731,-9999.000000,22.080083,26.0,100.0000,LOW,0.2,0.005,0.0
1774254913.917689,269.793,-9999.000000,22.077753,26.0,100.0000,LOW,0.2,0.005,0.0
1774254913.977482,269.853,-9999.000000,22.078140,26.0,100.0000,LOW,0.2,0.005,0.0
1774254914.0449572,269.921,-9999.000000,22.080858,26.0,100.0000,LOW,0.2,0.005,0.0
1774254914.1066473,269.982,-9999.000000,22.082024,26.0,100.0000,LOW,0.2,0.005,0.0
1774254914.1759217,270.051,-9999.000000,22.083576,26.0,100.0000,LOW,0.2,0.005,0.0
1774254914.2367399,270.112,-9999.000000,22.081636,26.0,100.0000,LOW,0.2,0.005,0.0
1774254914.3041935,270.180,-9999.000000,22.078531,26.0,100.0000,LOW,0.2,0.005,0.0
1774254914.368182,270.244,-9999.000000,22.076587,26.0,100.0000,LOW,0.2,0.005,0.0
1774254914.4243934,270.300,-9999.000000,22.077365,26.0,100.0000,LOW,0.2,0.005,0.0
1774254914.4948883,270.370,-9999.000000,22.080471,26.0,100.0000,LOW,0.2,0.005,0.0
1774254914.5545638,270.430,-9999.000000,22.082024,26.0,100.0000,LOW,0.2,0.005,0.0
1774254914.6142197,270.490,-9999.000000,22.079693,26.0,100.0000,LOW,0.2,0.005,0.0
1774254914.6861594,270.562,-9999.000000,22.078531,26.0,100.0000,LOW,0.2,0.005,0.0
1774254914.744282,270.620,-9999.000000,22.076200,26.0,100.0000,LOW,0.2,0.005,0.0
1774254914.814921,270.690,-9999.000000,22.075812,26.0,100.0000,LOW,0.2,0.005,0.0
1774254914.876046,270.752,-9999.000000,22.078140,26.0,100.0000,LOW,0.2,0.005,0.0
1774254914.9443228,270.820,-9999.000000,22.081636,26.0,100.0000,LOW,0.2,0.005,0.0
1774254915.0082889,270.884,-9999.000000,22.080858,26.0,100.0000,LOW,0.2,0.005,0.0
1774254915.0737767,270.949,-9999.000000,22.080083,26.0,100.0000,LOW,0.2,0.005,0.0
1774254915.13486,271.010,-9999.000000,22.077753,26.0,100.0000,LOW,0.2,0.005,0.0
1774254915.196487,271.072,-9999.000000,22.075812,26.0,100.0000,LOW,0.2,0.005,0.0
1774254915.2661889,271.142,-9999.000000,22.075422,26.0,100.0000,LOW,0.2,0.005,0.0
1774254915.3202584,271.196,-9999.000000,22.075812,26.0,100.0000,LOW,0.2,0.005,0.0
1774254915.3742774,271.250,-9999.000000,22.080083,26.0,100.0000,LOW,0.2,0.005,0.0
1774254915.4364417,271.312,-9999.000000,22.080471,26.0,100.0000,LOW,0.2,0.005,0.0
1774254915.5070121,271.383,-9999.000000,22.078918,26.0,100.0000,LOW,0.2,0.005,0.0
1774254915.5646143,271.440,-9999.000000,22.075812,26.0,100.0000,LOW,0.2,0.005,0.0
1774254915.6342099,271.510,-9999.000000,22.074647,26.0,100.0000,LOW,0.2,0.005,0.0
1774254915.6949012,271.570,-9999.000000,22.074647,26.0,100.0000,LOW,0.2,0.005,0.0
1774254915.756208,271.632,-9999.000000,22.078531,26.0,100.0000,LOW,0.2,0.005,0.0
1774254915.8259587,271.702,-9999.000000,22.079693,26.0,100.0000,LOW,0.2,0.005,0.0
1774254915.8843737,271.760,-9999.000000,22.078531,26.0,100.0000,LOW,0.2,0.005,0.0
1774254915.954706,271.830,-9999.000000,22.075422,26.0,100.0000,LOW,0.2,0.005,0.0
1774254916.0085833,271.884,-9999.000000,22.078531,26.0,100.0000,LOW,0.2,0.005,0.0
1774254916.064538,271.940,-9999.000000,22.073869,26.0,100.0000,LOW,0.2,0.005,0.0
1774254916.1261265,272.002,-9999.000000,22.076200,26.0,100.0000,LOW,0.2,0.005,0.0
1774254916.1849172,272.060,-9999.000000,22.078531,26.0,100.0000,LOW,0.2,0.005,0.0
1774254916.2543635,272.130,-9999.000000,22.077753,26.0,100.0000,LOW,0.2,0.005,0.0
1774254916.315794,272.191,-9999.000000,22.074647,26.0,100.0000,LOW,0.2,0.005,0.0
1774254916.3849554,272.261,-9999.000000,22.072317,26.0,100.0000,LOW,0.2,0.005,0.0
1774254916.4442592,272.320,-9999.000000,22.072707,26.0,100.0000,LOW,0.2,0.005,0.0
1774254916.5140212,272.390,-9999.000000,22.075422,26.0,100.0000,LOW,0.2,0.005,0.0
1774254916.5748599,272.450,-9999.000000,22.076978,26.0,100.0000,LOW,0.2,0.005,0.0
1774254916.636147,272.512,-9999.000000,22.077365,26.0,100.0000,LOW,0.2,0.005,0.0
1774254916.706883,272.582,-9999.000000,22.076200,26.0,100.0000,LOW,0.2,0.005,0.0
1774254916.764666,272.640,-9999.000000,22.073094,26.0,100.0000,LOW,0.2,0.005,0.0
1774254916.8349576,272.711,-9999.000000,22.071929,26.0,100.0000,LOW,0.2,0.005,0.0
1774254916.8959765,272.772,-9999.000000,22.070764,26.0,100.0000,LOW,0.2,0.005,0.0
1774254916.9547527,272.830,-9999.000000,22.075035,26.0,100.0000,LOW,0.2,0.005,0.0
1774254917.026311,272.902,-9999.000000,22.076200,26.0,100.0000,LOW,0.2,0.005,0.0
1774254917.0871093,272.963,-9999.000000,22.075035,26.0,100.0000,LOW,0.2,0.005,0.0
1774254917.1549432,273.031,-9999.000000,22.074647,26.0,100.0000,LOW,0.2,0.005,0.0
1774254917.216455,273.092,-9999.000000,22.070376,26.0,100.0000,LOW,0.2,0.005,0.0
1774254917.2670343,273.143,-9999.000000,22.070764,26.0,100.0000,LOW,0.2,0.005,0.0
1774254917.327329,273.203,-9999.000000,22.071929,26.0,100.0000,LOW,0.2,0.005,0.0
1774254917.3947914,273.270,-9999.000000,22.074260,26.0,100.0000,LOW,0.2,0.005,0.0
1774254917.4565651,273.332,-9999.000000,22.074647,26.0,100.0000,LOW,0.2,0.005,0.0
1774254917.5147493,273.390,-9999.000000,22.072707,26.0,100.0000,LOW,0.2,0.005,0.0
1774254917.5848322,273.460,-9999.000000,22.070376,26.0,100.0000,LOW,0.2,0.005,0.0
1774254917.644456,273.520,-9999.000000,22.069211,26.0,100.0000,LOW,0.2,0.005,0.0
1774254917.7149136,273.590,-9999.000000,22.069599,26.0,100.0000,LOW,0.2,0.005,0.0
1774254917.7782166,273.654,-9999.000000,22.072707,26.0,100.0000,LOW,0.2,0.005,0.0
1774254917.8285875,273.704,-9999.000000,22.070764,26.0,100.0000,LOW,0.2,0.005,0.0
1774254917.9048939,273.780,-9999.000000,22.073869,26.0,100.0000,LOW,0.2,0.005,0.0
1774254917.9659843,273.842,-9999.000000,22.072317,26.0,100.0000,LOW,0.2,0.005,0.0
1774254918.0363033,273.912,-9999.000000,22.068824,26.0,100.0000,LOW,0.2,0.005,0.0
1774254918.097585,273.973,-9999.000000,22.068046,26.0,100.0000,LOW,0.2,0.005,0.0
1774254918.1642091,274.040,-9999.000000,22.068046,26.0,100.0000,LOW,0.2,0.005,0.0
1774254918.2189426,274.095,-9999.000000,22.071542,26.0,100.0000,LOW,0.2,0.005,0.0
1774254918.2873168,274.163,-9999.000000,22.073869,26.0,100.0000,LOW,0.2,0.005,0.0
1774254918.3558228,274.231,-9999.000000,22.071542,26.0,100.0000,LOW,0.2,0.005,0.0
1774254918.41469,274.290,-9999.000000,22.068824,26.0,100.0000,LOW,0.2,0.005,0.0
1774254918.484847,274.360,-9999.000000,22.066493,26.0,100.0000,LOW,0.2,0.005,0.0
1774254918.530639,274.406,-9999.000000,22.067271,26.0,100.0000,LOW,0.2,0.005,0.0
1774254918.5944357,274.470,-9999.000000,22.068824,26.0,100.0000,LOW,0.2,0.005,0.0
1774254918.6559124,274.531,-9999.000000,22.071929,26.0,100.0000,LOW,0.2,0.005,0.0
1774254918.7142124,274.590,-9999.000000,22.067658,26.0,100.0000,LOW,0.2,0.005,0.0
1774254918.7847102,274.660,-9999.000000,22.068824,26.0,100.0000,LOW,0.2,0.005,0.0
1774254918.846118,274.722,-9999.000000,22.066884,26.0,100.0000,LOW,0.2,0.005,0.0
1774254918.9159641,274.792,-9999.000000,22.065718,26.0,100.0000,LOW,0.2,0.005,0.0
1774254918.9747365,274.850,-9999.000000,22.066884,26.0,100.0000,LOW,0.2,0.005,0.0
1774254919.0448055,274.920,-9999.000000,22.068436,26.0,100.0000,LOW,0.2,0.005,0.0
1774254919.1007338,274.976,-9999.000000,22.066106,26.0,100.0000,LOW,0.2,0.005,0.0
1774254919.154309,275.030,-9999.000000,22.071542,26.0,100.0000,LOW,0.2,0.005,0.0
1774254919.2157555,275.091,-9999.000000,22.068824,26.0,100.0000,LOW,0.2,0.005,0.0
1774254919.2849672,275.161,-9999.000000,22.065718,26.0,100.0000,LOW,0.2,0.005,0.0
1774254919.3445454,275.220,-9999.000000,22.064166,26.0,100.0000,LOW,0.2,0.005,0.0
1774254919.4144464,275.290,-9999.000000,22.065328,26.0,100.0000,LOW,0.2,0.005,0.0
1774254919.4764802,275.352,-9999.000000,22.068436,26.0,100.0000,LOW,0.2,0.005,0.0
1774254919.5439203,275.419,-9999.000000,22.069599,26.0,100.0000,LOW,0.2,0.005,0.0
1774254919.60472,275.480,-9999.000000,22.069989,26.0,100.0000,LOW,0.2,0.005,0.0
1774254919.6647587,275.540,-9999.000000,22.067658,26.0,100.0000,LOW,0.2,0.005,0.0
1774254919.7240355,275.600,-9999.000000,22.069989,26.0,100.0000,LOW,0.2,0.005,0.0
1774254919.776722,275.652,-9999.000000,22.063775,26.0,100.0000,LOW,0.2,0.005,0.0
1774254919.846091,275.722,-9999.000000,22.065328,26.0,100.0000,LOW,0.2,0.005,0.0
1774254919.9048984,275.780,-9999.000000,22.068046,26.0,100.0000,LOW,0.2,0.005,0.0
1774254919.9756482,275.851,-9999.000000,22.069211,26.0,100.0000,LOW,0.2,0.005,0.0
1774254920.0352886,275.911,-9999.000000,22.068046,26.0,100.0000,LOW,0.2,0.005,0.0
1774254920.1039364,275.980,-9999.000000,22.064940,26.0,100.0000,LOW,0.2,0.005,0.0
1774254920.1662767,276.042,-9999.000000,22.062223,26.0,100.0000,LOW,0.2,0.005,0.0
1774254920.2297206,276.105,-9999.000000,22.063000,26.0,100.0000,LOW,0.2,0.005,0.0
1774254920.2965915,276.172,-9999.000000,22.063775,26.0,100.0000,LOW,0.2,0.005,0.0
1774254920.3562233,276.232,-9999.000000,22.067658,26.0,100.0000,LOW,0.2,0.005,0.0
1774254920.4073272,276.283,-9999.000000,22.068046,26.0,100.0000,LOW,0.2,0.005,0.0
1774254920.4643211,276.340,-9999.000000,22.066884,26.0,100.0000,LOW,0.2,0.005,0.0
1774254920.535774,276.411,-9999.000000,22.063775,26.0,100.0000,LOW,0.2,0.005,0.0
1774254920.5979152,276.473,-9999.000000,22.061448,26.0,100.0000,LOW,0.2,0.005,0.0
1774254920.6635823,276.539,-9999.000000,22.063388,26.0,100.0000,LOW,0.2,0.005,0.0
1774254920.7271516,276.603,-9999.000000,22.065328,26.0,100.0000,LOW,0.2,0.005,0.0
1774254920.7938404,276.669,-9999.000000,22.067271,26.0,100.0000,LOW,0.2,0.005,0.0
1774254920.8579125,276.733,-9999.000000,22.066884,26.0,100.0000,LOW,0.2,0.005,0.0
1774254920.9049187,276.780,-9999.000000,22.065718,26.0,100.0000,LOW,0.2,0.005,0.0
1774254920.9643664,276.840,-9999.000000,22.063000,26.0,100.0000,LOW,0.2,0.005,0.0
1774254921.0348353,276.910,-9999.000000,22.061448,26.0,100.0000,LOW,0.2,0.005,0.0
1774254921.0958533,276.971,-9999.000000,22.060670,26.0,100.0000,LOW,0.2,0.005,0.0
1774254921.1545799,277.030,-9999.000000,22.064553,26.0,100.0000,LOW,0.2,0.005,0.0
1774254921.2250898,277.101,-9999.000000,22.066106,26.0,100.0000,LOW,0.2,0.005,0.0
1774254921.287541,277.163,-9999.000000,22.064553,26.0,100.0000,LOW,0.2,0.005,0.0
1774254921.3442357,277.220,-9999.000000,22.061057,26.0,100.0000,LOW,0.2,0.005,0.0
1774254921.414659,277.290,-9999.000000,22.060282,26.0,100.0000,LOW,0.2,0.005,0.0
1774254921.4742465,277.350,-9999.000000,22.062613,26.0,100.0000,LOW,0.2,0.005,0.0
1774254921.5373623,277.413,-9999.000000,22.066106,26.0,100.0000,LOW,0.2,0.005,0.0
1774254921.6046085,277.480,-9999.000000,22.064553,26.0,100.0000,LOW,0.2,0.005,0.0
1774254921.6685853,277.544,-9999.000000,22.061835,26.0,100.0000,LOW,0.2,0.005,0.0
1774254921.7348866,277.610,-9999.000000,22.059895,26.0,100.0000,LOW,0.2,0.005,0.0
1774254921.7872026,277.663,-9999.000000,22.065328,26.0,100.0000,LOW,0.2,0.005,0.0
1774254921.8546634,277.730,-9999.000000,22.064553,26.0,100.0000,LOW,0.2,0.005,0.0
1774254921.9240117,277.800,-9999.000000,22.064166,26.0,100.0000,LOW,0.2,0.005,0.0
1774254921.9845,277.860,-9999.000000,22.061835,26.0,100.0000,LOW,0.2,0.005,0.0
1774254922.0478063,277.923,-9999.000000,22.059895,26.0,100.0000,LOW,0.2,0.005,0.0
1774254922.1162915,277.992,-9999.000000,22.057952,26.0,100.0000,LOW,0.2,0.005,0.0
1774254922.1742902,278.050,-9999.000000,22.059505,26.0,100.0000,LOW,0.2,0.005,0.0
1774254922.2449694,278.121,-9999.000000,22.062223,26.0,100.0000,LOW,0.2,0.005,0.0
1774254922.3059888,278.182,-9999.000000,22.064166,26.0,100.0000,LOW,0.2,0.005,0.0
1774254922.364319,278.240,-9999.000000,22.061057,26.0,100.0000,LOW,0.2,0.005,0.0
1774254922.4336472,278.309,-9999.000000,22.057177,26.0,100.0000,LOW,0.2,0.005,0.0
1774254922.4947774,278.370,-9999.000000,22.059117,26.0,100.0000,LOW,0.2,0.005,0.0
1774254922.5544703,278.430,-9999.000000,22.061057,26.0,100.0000,LOW,0.2,0.005,0.0
1774254922.6142974,278.490,-9999.000000,22.057565,26.0,100.0000,LOW,0.2,0.005,0.0
1774254922.6845381,278.560,-9999.000000,22.057952,26.0,100.0000,LOW,0.2,0.005,0.0
1774254922.747283,278.623,-9999.000000,22.057565,26.0,100.0000,LOW,0.2,0.005,0.0
1774254922.8044055,278.680,-9999.000000,22.059895,26.0,100.0000,LOW,0.2,0.005,0.0
1774254922.8646038,278.740,-9999.000000,22.057565,26.0,100.0000,LOW,0.2,0.005,0.0
1774254922.939765,278.815,-9999.000000,22.061835,26.0,100.0000,LOW,0.2,0.005,0.0
1774254923.0039876,278.880,-9999.000000,22.059895,26.0,100.0000,LOW,0.2,0.005,0.0
1774254923.0646517,278.940,-9999.000000,22.057177,26.0,100.0000,LOW,0.2,0.005,0.0
1774254923.124733,279.000,-9999.000000,22.056399,26.0,100.0000,LOW,0.2,0.005,0.0
1774254923.1946983,279.070,-9999.000000,22.059505,26.0,100.0000,LOW,0.2,0.005,0.0
1774254923.256824,279.132,-9999.000000,22.061448,26.0,100.0000,LOW,0.2,0.005,0.0
1774254923.3146484,279.190,-9999.000000,22.057565,26.0,100.0000,LOW,0.2,0.005,0.0
1774254923.383807,279.259,-9999.000000,22.055234,26.0,100.0000,LOW,0.2,0.005,0.0
1774254923.4476354,279.323,-9999.000000,22.055234,26.0,100.0000,LOW,0.2,0.005,0.0
1774254923.505,279.381,-9999.000000,22.058342,26.0,100.0000,LOW,0.2,0.005,0.0
1774254923.5755637,279.451,-9999.000000,22.059895,26.0,100.0000,LOW,0.2,0.005,0.0
1774254923.6305356,279.506,-9999.000000,22.056012,26.0,100.0000,LOW,0.2,0.005,0.0
1774254923.6843538,279.560,-9999.000000,22.060282,26.0,100.0000,LOW,0.2,0.005,0.0
1774254923.7539217,279.629,-9999.000000,22.057952,26.0,100.0000,LOW,0.2,0.005,0.0
1774254923.816031,279.692,-9999.000000,22.054459,26.0,100.0000,LOW,0.2,0.005,0.0
1774254923.880376,279.756,-9999.000000,22.054459,26.0,100.0000,LOW,0.2,0.005,0.0
1774254923.943978,279.820,-9999.000000,22.058730,26.0,100.0000,LOW,0.2,0.005,0.0
1774254924.005978,279.882,-9999.000000,22.059895,26.0,100.0000,LOW,0.2,0.005,0.0
1774254924.0683262,279.944,-9999.000000,22.057177,26.0,100.0000,LOW,0.2,0.005,0.0
1774254924.134656,280.010,-9999.000000,22.053682,26.0,100.0000,LOW,0.2,0.005,0.0
1774254924.1886246,280.064,-9999.000000,22.059505,26.0,100.0000,LOW,0.2,0.005,0.0
1774254924.255771,280.131,-9999.000000,22.056399,26.0,100.0000,LOW,0.2,0.005,0.0
1774254924.3261428,280.202,-9999.000000,22.057952,26.0,100.0000,LOW,0.2,0.005,0.0
1774254924.3849502,280.261,-9999.000000,22.058730,26.0,100.0000,LOW,0.2,0.005,0.0
1774254924.4542594,280.330,-9999.000000,22.056790,26.0,100.0000,LOW,0.2,0.005,0.0
1774254924.516208,280.392,-9999.000000,22.053294,26.0,100.0000,LOW,0.2,0.005,0.0
1774254924.5748932,280.450,-9999.000000,22.052129,26.0,100.0000,LOW,0.2,0.005,0.0
1774254924.6445498,280.520,-9999.000000,22.053682,26.0,100.0000,LOW,0.2,0.005,0.0
1774254924.7071722,280.583,-9999.000000,22.056790,26.0,100.0000,LOW,0.2,0.005,0.0
1774254924.7744057,280.650,-9999.000000,22.057952,26.0,100.0000,LOW,0.2,0.005,0.0
1774254924.8381255,280.714,-9999.000000,22.055234,26.0,100.0000,LOW,0.2,0.005,0.0
1774254924.894338,280.770,-9999.000000,22.053294,26.0,100.0000,LOW,0.2,0.005,0.0
1774254924.964901,280.840,-9999.000000,22.051354,26.0,100.0000,LOW,0.2,0.005,0.0
1774254925.0205984,280.896,-9999.000000,22.056790,26.0,100.0000,LOW,0.2,0.005,0.0
1774254925.0949123,280.970,-9999.000000,22.054459,26.0,100.0000,LOW,0.2,0.005,0.0
1774254925.15455,281.030,-9999.000000,22.057177,26.0,100.0000,LOW,0.2,0.005,0.0
1774254925.2144842,281.090,-9999.000000,22.055625,26.0,100.0000,LOW,0.2,0.005,0.0
1774254925.2849813,281.161,-9999.000000,22.052907,26.0,100.0000,LOW,0.2,0.005,0.0
1774254925.348995,281.225,-9999.000000,22.050189,26.0,100.0000,LOW,0.2,0.005,0.0
1774254925.4144096,281.290,-9999.000000,22.050576,26.0,100.0000,LOW,0.2,0.005,0.0
1774254925.4742517,281.350,-9999.000000,22.053294,26.0,100.0000,LOW,0.2,0.005,0.0
1774254925.53669,281.412,-9999.000000,22.055234,26.0,100.0000,LOW,0.2,0.005,0.0
1774254925.5948966,281.470,-9999.000000,22.050964,26.0,100.0000,LOW,0.2,0.005,0.0
1774254925.664853,281.540,-9999.000000,22.049411,26.0,100.0000,LOW,0.2,0.005,0.0
1774254925.7242908,281.600,-9999.000000,22.049801,26.0,100.0000,LOW,0.2,0.005,0.0
1774254925.7940147,281.670,-9999.000000,22.052519,26.0,100.0000,LOW,0.2,0.005,0.0
1774254925.8566227,281.732,-9999.000000,22.055625,26.0,100.0000,LOW,0.2,0.005,0.0
1774254925.9214282,281.797,-9999.000000,22.053682,26.0,100.0000,LOW,0.2,0.005,0.0
1774254925.9764242,281.852,-9999.000000,22.052907,26.0,100.0000,LOW,0.2,0.005,0.0
1774254926.0348184,281.910,-9999.000000,22.049411,26.0,100.0000,LOW,0.2,0.005,0.0
1774254926.0980601,281.974,-9999.000000,22.048249,26.0,100.0000,LOW,0.2,0.005,0.0
1774254926.1565402,282.032,-9999.000000,22.049801,26.0,100.0000,LOW,0.2,0.005,0.0
1774254926.2268608,282.102,-9999.000000,22.052129,26.0,100.0000,LOW,0.2,0.005,0.0
1774254926.2845356,282.160,-9999.000000,22.052907,26.0,100.0000,LOW,0.2,0.005,0.0
1774254926.3543534,282.230,-9999.000000,22.052907,26.0,100.0000,LOW,0.2,0.005,0.0
1774254926.4158325,282.291,-9999.000000,22.047859,26.0,100.0000,LOW,0.2,0.005,0.0
1774254926.4746757,282.350,-9999.000000,22.047084,26.0,100.0000,LOW,0.2,0.005,0.0
1774254926.544637,282.420,-9999.000000,22.049411,26.0,100.0000,LOW,0.2,0.005,0.0
1774254926.6057754,282.481,-9999.000000,22.052129,26.0,100.0000,LOW,0.2,0.005,0.0
1774254926.6643054,282.540,-9999.000000,22.051354,26.0,100.0000,LOW,0.2,0.005,0.0
1774254926.7346795,282.610,-9999.000000,22.047859,26.0,100.0000,LOW,0.2,0.005,0.0
1774254926.7744617,282.650,-9999.000000,22.045531,26.0,100.0000,LOW,0.2,0.005,0.0
1774254926.8446372,282.720,-9999.000000,22.047471,26.0,100.0000,LOW,0.2,0.005,0.0
1774254926.9061604,282.782,-9999.000000,22.050964,26.0,100.0000,LOW,0.2,0.005,0.0
1774254926.9646559,282.840,-9999.000000,22.049801,26.0,100.0000,LOW,0.2,0.005,0.0
1774254927.033948,282.910,-9999.000000,22.044753,26.0,100.0000,LOW,0.2,0.005,0.0
1774254927.0945692,282.970,-9999.000000,22.045531,26.0,100.0000,LOW,0.2,0.005,0.0
1774254927.156216,283.032,-9999.000000,22.047859,26.0,100.0000,LOW,0.2,0.005,0.0
1774254927.2261307,283.102,-9999.000000,22.049024,26.0,100.0000,LOW,0.2,0.005,0.0
1774254927.2885041,283.164,-9999.000000,22.050576,26.0,100.0000,LOW,0.2,0.005,0.0
1774254927.3546774,283.230,-9999.000000,22.048636,26.0,100.0000,LOW,0.2,0.005,0.0
1774254927.415887,283.291,-9999.000000,22.044753,26.0,100.0000,LOW,0.2,0.005,0.0
1774254927.4746327,283.350,-9999.000000,22.043201,26.0,100.0000,LOW,0.2,0.005,0.0
1774254927.5450377,283.421,-9999.000000,22.044753,26.0,100.0000,LOW,0.2,0.005,0.0
1774254927.6042767,283.480,-9999.000000,22.047471,26.0,100.0000,LOW,0.2,0.005,0.0
1774254927.6547084,283.530,-9999.000000,22.049801,26.0,100.0000,LOW,0.2,0.005,0.0
1774254927.7157822,283.591,-9999.000000,22.048636,26.0,100.0000,LOW,0.2,0.005,0.0
1774254927.7876053,283.663,-9999.000000,22.047859,26.0,100.0000,LOW,0.2,0.005,0.0
1774254927.8507676,283.726,-9999.000000,22.042813,26.0,100.0000,LOW,0.2,0.005,0.0
1774254927.9146905,283.790,-9999.000000,22.043201,26.0,100.0000,LOW,0.2,0.005,0.0
1774254927.9763746,283.852,-9999.000000,22.046306,26.0,100.0000,LOW,0.2,0.005,0.0
1774254928.0347528,283.910,-9999.000000,22.048249,26.0,100.0000,LOW,0.2,0.005,0.0
1774254928.1068478,283.982,-9999.000000,22.047859,26.0,100.0000,LOW,0.2,0.005,0.0
1774254928.1644862,284.040,-9999.000000,22.045531,26.0,100.0000,LOW,0.2,0.005,0.0
1774254928.2342455,284.110,-9999.000000,22.043979,26.0,100.0000,LOW,0.2,0.005,0.0
1774254928.2960277,284.172,-9999.000000,22.042426,26.0,100.0000,LOW,0.2,0.005,0.0
1774254928.3548472,284.230,-9999.000000,22.043588,26.0,100.0000,LOW,0.2,0.005,0.0
1774254928.4270937,284.303,-9999.000000,22.044366,26.0,100.0000,LOW,0.2,0.005,0.0
1774254928.4884844,284.364,-9999.000000,22.047859,26.0,100.0000,LOW,0.2,0.005,0.0
1774254928.548657,284.424,-9999.000000,22.043588,26.0,100.0000,LOW,0.2,0.005,0.0
1774254928.6142185,284.490,-9999.000000,22.040870,26.0,100.0000,LOW,0.2,0.005,0.0
1774254928.6748712,284.550,-9999.000000,22.041261,26.0,100.0000,LOW,0.2,0.005,0.0
1774254928.744534,284.620,-9999.000000,22.044753,26.0,100.0000,LOW,0.2,0.005,0.0
1774254928.8082654,284.684,-9999.000000,22.046306,26.0,100.0000,LOW,0.2,0.005,0.0
1774254928.8679104,284.743,-9999.000000,22.047084,26.0,100.0000,LOW,0.2,0.005,0.0
1774254928.9349437,284.811,-9999.000000,22.043979,26.0,100.0000,LOW,0.2,0.005,0.0
1774254928.9967935,284.872,-9999.000000,22.040483,26.0,100.0000,LOW,0.2,0.005,0.0
1774254929.0448656,284.920,-9999.000000,22.040483,26.0,100.0000,LOW,0.2,0.005,0.0
1774254929.108189,284.984,-9999.000000,22.040483,26.0,100.0000,LOW,0.2,0.005,0.0
1774254929.1748416,285.050,-9999.000000,22.044366,26.0,100.0000,LOW,0.2,0.005,0.0
1774254929.2346241,285.110,-9999.000000,22.045919,26.0,100.0000,LOW,0.2,0.005,0.0
1774254929.3048625,285.180,-9999.000000,22.044366,26.0,100.0000,LOW,0.2,0.005,0.0
1774254929.3680756,285.244,-9999.000000,22.040483,26.0,100.0000,LOW,0.2,0.005,0.0
1774254929.4242284,285.300,-9999.000000,22.038931,26.0,100.0000,LOW,0.2,0.005,0.0
1774254929.4947932,285.370,-9999.000000,22.041261,26.0,100.0000,LOW,0.2,0.005,0.0
1774254929.5554714,285.431,-9999.000000,22.043979,26.0,100.0000,LOW,0.2,0.005,0.0
1774254929.623709,285.499,-9999.000000,22.044366,26.0,100.0000,LOW,0.2,0.005,0.0
1774254929.6861699,285.562,-9999.000000,22.042426,26.0,100.0000,LOW,0.2,0.005,0.0
1774254929.747068,285.623,-9999.000000,22.040096,26.0,100.0000,LOW,0.2,0.005,0.0
1774254929.79488,285.670,-9999.000000,22.037378,26.0,100.0000,LOW,0.2,0.005,0.0
1774254929.8635533,285.739,-9999.000000,22.038543,26.0,100.0000,LOW,0.2,0.005,0.0
1774254929.9249444,285.801,-9999.000000,22.043201,26.0,100.0000,LOW,0.2,0.005,0.0
1774254929.9849122,285.860,-9999.000000,22.043201,26.0,100.0000,LOW,0.2,0.005,0.0
1774254930.0539515,285.930,-9999.000000,22.041648,26.0,100.0000,LOW,0.2,0.005,0.0
1774254930.1144092,285.990,-9999.000000,22.039708,26.0,100.0000,LOW,0.2,0.005,0.0
1774254930.1760225,286.052,-9999.000000,22.036603,26.0,100.0000,LOW,0.2,0.005,0.0
1774254930.2442176,286.120,-9999.000000,22.037378,26.0,100.0000,LOW,0.2,0.005,0.0
1774254930.3042037,286.180,-9999.000000,22.040483,26.0,100.0000,LOW,0.2,0.005,0.0
1774254930.3748207,286.250,-9999.000000,22.042426,26.0,100.0000,LOW,0.2,0.005,0.0
1774254930.4364898,286.312,-9999.000000,22.042036,26.0,100.0000,LOW,0.2,0.005,0.0
1774254930.4946187,286.370,-9999.000000,22.038156,26.0,100.0000,LOW,0.2,0.005,0.0
1774254930.5649486,286.441,-9999.000000,22.036213,26.0,100.0000,LOW,0.2,0.005,0.0
1774254930.6282556,286.504,-9999.000000,22.035825,26.0,100.0000,LOW,0.2,0.005,0.0
1774254930.6938293,286.569,-9999.000000,22.039318,26.0,100.0000,LOW,0.2,0.005,0.0
1774254930.7568948,286.632,-9999.000000,22.042426,26.0,100.0000,LOW,0.2,0.005,0.0
1774254930.8148155,286.690,-9999.000000,22.039708,26.0,100.0000,LOW,0.2,0.005,0.0
1774254930.8848195,286.760,-9999.000000,22.037378,26.0,100.0000,LOW,0.2,0.005,0.0
1774254930.9461792,286.822,-9999.000000,22.035825,26.0,100.0000,LOW,0.2,0.005,0.0
1774254931.0147185,286.890,-9999.000000,22.034273,26.0,100.0000,LOW,0.2,0.005,0.0
1774254931.0684175,286.944,-9999.000000,22.036213,26.0,100.0000,LOW,0.2,0.005,0.0
1774254931.1348135,287.010,-9999.000000,22.039318,26.0,100.0000,LOW,0.2,0.005,0.0
1774254931.2048972,287.080,-9999.000000,22.040096,26.0,100.0000,LOW,0.2,0.005,0.0
1774254931.266761,287.142,-9999.000000,22.039318,26.0,100.0000,LOW,0.2,0.005,0.0
1774254931.3344603,287.210,-9999.000000,22.036213,26.0,100.0000,LOW,0.2,0.005,0.0
1774254931.3975642,287.273,-9999.000000,22.033886,26.0,100.0000,LOW,0.2,0.005,0.0
1774254931.4589748,287.335,-9999.000000,22.038156,26.0,100.0000,LOW,0.2,0.005,0.0
1774254931.5248013,287.400,-9999.000000,22.038543,26.0,100.0000,LOW,0.2,0.005,0.0
1774254931.5842438,287.460,-9999.000000,22.038931,26.0,100.0000,LOW,0.2,0.005,0.0
1774254931.645,287.521,-9999.000000,22.036213,26.0,100.0000,LOW,0.2,0.005,0.0
1774254931.7142906,287.590,-9999.000000,22.031943,26.0,100.0000,LOW,0.2,0.005,0.0
1774254931.7759476,287.652,-9999.000000,22.032720,26.0,100.0000,LOW,0.2,0.005,0.0
1774254931.8448098,287.720,-9999.000000,22.033495,26.0,100.0000,LOW,0.2,0.005,0.0
1774254931.8975065,287.773,-9999.000000,22.032720,26.0,100.0000,LOW,0.2,0.005,0.0
1774254931.9543767,287.830,-9999.000000,22.038156,26.0,100.0000,LOW,0.2,0.005,0.0
1774254932.0154712,287.891,-9999.000000,22.033886,26.0,100.0000,LOW,0.2,0.005,0.0
1774254932.0744455,287.950,-9999.000000,22.032333,26.0,100.0000,LOW,0.2,0.005,0.0
1774254932.143458,288.019,-9999.000000,22.035438,26.0,100.0000,LOW,0.2,0.005,0.0
1774254932.2042341,288.080,-9999.000000,22.037765,26.0,100.0000,LOW,0.2,0.005,0.0
1774254932.2660744,288.142,-9999.000000,22.037378,26.0,100.0000,LOW,0.2,0.005,0.0
1774254932.3359556,288.212,-9999.000000,22.035825,26.0,100.0000,LOW,0.2,0.005,0.0
1774254932.394741,288.270,-9999.000000,22.030778,26.0,100.0000,LOW,0.2,0.005,0.0
1774254932.4638586,288.339,-9999.000000,22.031555,26.0,100.0000,LOW,0.2,0.005,0.0
1774254932.5272899,288.403,-9999.000000,22.032333,26.0,100.0000,LOW,0.2,0.005,0.0
1774254932.5845802,288.460,-9999.000000,22.035825,26.0,100.0000,LOW,0.2,0.005,0.0
1774254932.6545484,288.530,-9999.000000,22.036991,26.0,100.0000,LOW,0.2,0.005,0.0
1774254932.706048,288.582,-9999.000000,22.035825,26.0,100.0000,LOW,0.2,0.005,0.0
1774254932.7762141,288.652,-9999.000000,22.030778,26.0,100.0000,LOW,0.2,0.005,0.0
1774254932.825941,288.702,-9999.000000,22.030390,26.0,100.0000,LOW,0.2,0.005,0.0
1774254932.8935893,288.769,-9999.000000,22.033495,26.0,100.0000,LOW,0.2,0.005,0.0
1774254932.9549494,288.831,-9999.000000,22.036213,26.0,100.0000,LOW,0.2,0.005,0.0
1774254933.014216,288.890,-9999.000000,22.035048,26.0,100.0000,LOW,0.2,0.005,0.0
1774254933.0845058,288.960,-9999.000000,22.032720,26.0,100.0000,LOW,0.2,0.005,0.0
1774254933.1471884,289.023,-9999.000000,22.029225,26.0,100.0000,LOW,0.2,0.005,0.0
1774254933.2044666,289.080,-9999.000000,22.030390,26.0,100.0000,LOW,0.2,0.005,0.0
1774254933.2752044,289.151,-9999.000000,22.033108,26.0,100.0000,LOW,0.2,0.005,0.0
1774254933.336357,289.212,-9999.000000,22.035438,26.0,100.0000,LOW,0.2,0.005,0.0
1774254933.4047794,289.280,-9999.000000,22.034273,26.0,100.0000,LOW,0.2,0.005,0.0
1774254933.4575677,289.333,-9999.000000,22.033108,26.0,100.0000,LOW,0.2,0.005,0.0
1774254933.5336428,289.409,-9999.000000,22.028838,26.0,100.0000,LOW,0.2,0.005,0.0
1774254933.586179,289.462,-9999.000000,22.032720,26.0,100.0000,LOW,0.2,0.005,0.0
1774254933.644892,289.520,-9999.000000,22.030778,26.0,100.0000,LOW,0.2,0.005,0.0
1774254933.707834,289.583,-9999.000000,22.033886,26.0,100.0000,LOW,0.2,0.005,0.0
1774254933.764964,289.641,-9999.000000,22.032720,26.0,100.0000,LOW,0.2,0.005,0.0
1774254933.8345861,289.710,-9999.000000,22.029225,26.0,100.0000,LOW,0.2,0.005,0.0
1774254933.8955655,289.771,-9999.000000,22.027673,26.0,100.0000,LOW,0.2,0.005,0.0
1774254933.9543936,289.830,-9999.000000,22.031555,26.0,100.0000,LOW,0.2,0.005,0.0
1774254934.024172,289.900,-9999.000000,22.033886,26.0,100.0000,LOW,0.2,0.005,0.0
1774254934.08485,289.960,-9999.000000,22.032720,26.0,100.0000,LOW,0.2,0.005,0.0
1774254934.1478407,290.023,-9999.000000,22.031168,26.0,100.0000,LOW,0.2,0.005,0.0
1774254934.2160962,290.092,-9999.000000,22.026898,26.0,100.0000,LOW,0.2,0.005,0.0
1774254934.2740526,290.150,-9999.000000,22.033108,26.0,100.0000,LOW,0.2,0.005,0.0
1774254934.34462,290.220,-9999.000000,22.028063,26.0,100.0000,LOW,0.2,0.005,0.0
1774254934.3843918,290.260,-9999.000000,22.031943,26.0,100.0000,LOW,0.2,0.005,0.0
1774254934.45421,290.330,-9999.000000,22.031943,26.0,100.0000,LOW,0.2,0.005,0.0
1774254934.5157547,290.391,-9999.000000,22.031168,26.0,100.0000,LOW,0.2,0.005,0.0
1774254934.584329,290.460,-9999.000000,22.028063,26.0,100.0000,LOW,0.2,0.005,0.0
1774254934.6446218,290.520,-9999.000000,22.025733,26.0,100.0000,LOW,0.2,0.005,0.0
1774254934.7139945,290.590,-9999.000000,22.025733,26.0,100.0000,LOW,0.2,0.005,0.0
1774254934.7764738,290.652,-9999.000000,22.027673,26.0,100.0000,LOW,0.2,0.005,0.0
1774254934.8343985,290.710,-9999.000000,22.028063,26.0,100.0000,LOW,0.2,0.005,0.0
1774254934.9057064,290.781,-9999.000000,22.031555,26.0,100.0000,LOW,0.2,0.005,0.0
1774254934.9599137,290.835,-9999.000000,22.029615,26.0,100.0000,LOW,0.2,0.005,0.0
1774254935.0149307,290.890,-9999.000000,22.027673,26.0,100.0000,LOW,0.2,0.005,0.0
1774254935.0759346,290.952,-9999.000000,22.025345,26.0,100.0000,LOW,0.2,0.005,0.0
1774254935.145694,291.021,-9999.000000,22.025345,26.0,100.0000,LOW,0.2,0.005,0.0
1774254935.2047184,291.080,-9999.000000,22.028063,26.0,100.0000,LOW,0.2,0.005,0.0
1774254935.2757583,291.151,-9999.000000,22.030003,26.0,100.0000,LOW,0.2,0.005,0.0
1774254935.337509,291.213,-9999.000000,22.031168,26.0,100.0000,LOW,0.2,0.005,0.0
1774254935.4041364,291.280,-9999.000000,22.029615,26.0,100.0000,LOW,0.2,0.005,0.0
1774254935.464949,291.341,-9999.000000,22.027673,26.0,100.0000,LOW,0.2,0.005,0.0
1774254935.5159009,291.391,-9999.000000,22.026898,26.0,100.0000,LOW,0.2,0.005,0.0
1774254935.574288,291.450,-9999.000000,22.024568,26.0,100.0000,LOW,0.2,0.005,0.0
1774254935.6442554,291.520,-9999.000000,22.024568,26.0,100.0000,LOW,0.2,0.005,0.0
1774254935.7071176,291.583,-9999.000000,22.026898,26.0,100.0000,LOW,0.2,0.005,0.0
1774254935.7748547,291.650,-9999.000000,22.029225,26.0,100.0000,LOW,0.2,0.005,0.0
1774254935.835039,291.711,-9999.000000,22.030778,26.0,100.0000,LOW,0.2,0.005,0.0
1774254935.894272,291.770,-9999.000000,22.026120,26.0,100.0000,LOW,0.2,0.005,0.0
1774254935.9683976,291.844,-9999.000000,22.026898,26.0,100.0000,LOW,0.2,0.005,0.0
1774254936.0238929,291.899,-9999.000000,22.029615,26.0,100.0000,LOW,0.2,0.005,0.0
1774254936.0778244,291.953,-9999.000000,22.023403,26.0,100.0000,LOW,0.2,0.005,0.0
1774254936.1346984,292.010,-9999.000000,22.026120,26.0,100.0000,LOW,0.2,0.005,0.0
1774254936.2077584,292.083,-9999.000000,22.029225,26.0,100.0000,LOW,0.2,0.005,0.0
1774254936.2644532,292.140,-9999.000000,22.026898,26.0,100.0000,LOW,0.2,0.005,0.0
1774254936.3338892,292.209,-9999.000000,22.024180,26.0,100.0000,LOW,0.2,0.005,0.0
1774254936.3959625,292.272,-9999.000000,22.022241,26.0,100.0000,LOW,0.2,0.005,0.0
1774254936.4549062,292.330,-9999.000000,22.026120,26.0,100.0000,LOW,0.2,0.005,0.0
1774254936.5241382,292.400,-9999.000000,22.028063,26.0,100.0000,LOW,0.2,0.005,0.0
1774254936.5866582,292.462,-9999.000000,22.028450,26.0,100.0000,LOW,0.2,0.005,0.0
1774254936.6539927,292.530,-9999.000000,22.027285,26.0,100.0000,LOW,0.2,0.005,0.0
1774254936.714997,292.591,-9999.000000,22.024955,26.0,100.0000,LOW,0.2,0.005,0.0
1774254936.7643452,292.640,-9999.000000,22.028063,26.0,100.0000,LOW,0.2,0.005,0.0
1774254936.82487,292.700,-9999.000000,22.021850,26.0,100.0000,LOW,0.2,0.005,0.0
1774254936.893949,292.770,-9999.000000,22.024955,26.0,100.0000,LOW,0.2,0.005,0.0
1774254936.955733,292.831,-9999.000000,22.027285,26.0,100.0000,LOW,0.2,0.005,0.0
1774254937.014736,292.890,-9999.000000,22.027285,26.0,100.0000,LOW,0.2,0.005,0.0
1774254937.084288,292.960,-9999.000000,22.025345,26.0,100.0000,LOW,0.2,0.005,0.0
1774254937.1479416,293.024,-9999.000000,22.022628,26.0,100.0000,LOW,0.2,0.005,0.0
1774254937.2042897,293.080,-9999.000000,22.021463,26.0,100.0000,LOW,0.2,0.005,0.0
1774254937.2760131,293.152,-9999.000000,22.023793,26.0,100.0000,LOW,0.2,0.005,0.0
1774254937.3342538,293.210,-9999.000000,22.026898,26.0,100.0000,LOW,0.2,0.005,0.0
1774254937.3969293,293.272,-9999.000000,22.021463,26.0,100.0000,LOW,0.2,0.005,0.0
1774254937.466143,293.342,-9999.000000,22.023015,26.0,100.0000,LOW,0.2,0.005,0.0
1774254937.5246174,293.400,-9999.000000,22.020298,26.0,100.0000,LOW,0.2,0.005,0.0
1774254937.59421,293.470,-9999.000000,22.020298,26.0,100.0000,LOW,0.2,0.005,0.0
1774254937.6563962,293.532,-9999.000000,22.021850,26.0,100.0000,LOW,0.2,0.005,0.0
1774254937.7264988,293.602,-9999.000000,22.023403,26.0,100.0000,LOW,0.2,0.005,0.0
1774254937.7843227,293.660,-9999.000000,22.025345,26.0,100.0000,LOW,0.2,0.005,0.0
1774254937.8548372,293.730,-9999.000000,22.025345,26.0,100.0000,LOW,0.2,0.005,0.0
1774254937.9149034,293.790,-9999.000000,22.021850,26.0,100.0000,LOW,0.2,0.005,0.0
1774254937.9772844,293.853,-9999.000000,22.018745,26.0,100.0000,LOW,0.2,0.005,0.0
1774254938.0471163,293.923,-9999.000000,22.019523,26.0,100.0000,LOW,0.2,0.005,0.0
1774254938.0948982,293.970,-9999.000000,22.019523,26.0,100.0000,LOW,0.2,0.005,0.0
1774254938.1580224,294.034,-9999.000000,22.022628,26.0,100.0000,LOW,0.2,0.005,0.0
1774254938.2239156,294.099,-9999.000000,22.025733,26.0,100.0000,LOW,0.2,0.005,0.0
1774254938.2861328,294.162,-9999.000000,22.024180,26.0,100.0000,LOW,0.2,0.005,0.0
1774254938.3462565,294.222,-9999.000000,22.022241,26.0,100.0000,LOW,0.2,0.005,0.0
1774254938.4158545,294.291,-9999.000000,22.019523,26.0,100.0000,LOW,0.2,0.005,0.0
1774254938.4790812,294.355,-9999.000000,22.017971,26.0,100.0000,LOW,0.2,0.005,0.0
1774254938.5449443,294.421,-9999.000000,22.018745,26.0,100.0000,LOW,0.2,0.005,0.0
1774254938.6075387,294.483,-9999.000000,22.022241,26.0,100.0000,LOW,0.2,0.005,0.0
1774254938.6637337,294.539,-9999.000000,22.018745,26.0,100.0000,LOW,0.2,0.005,0.0
1774254938.714552,294.590,-9999.000000,22.023403,26.0,100.0000,LOW,0.2,0.005,0.0
1774254938.7849627,294.661,-9999.000000,22.020685,26.0,100.0000,LOW,0.2,0.005,0.0
1774254938.8443766,294.720,-9999.000000,22.018358,26.0,100.0000,LOW,0.2,0.005,0.0
1774254938.9077466,294.783,-9999.000000,22.017580,26.0,100.0000,LOW,0.2,0.005,0.0
1774254938.9743776,294.850,-9999.000000,22.021463,26.0,100.0000,LOW,0.2,0.005,0.0
1774254939.0347095,294.910,-9999.000000,22.023015,26.0,100.0000,LOW,0.2,0.005,0.0
1774254939.1036549,294.979,-9999.000000,22.021850,26.0,100.0000,LOW,0.2,0.005,0.0
1774254939.1686316,295.044,-9999.000000,22.020298,26.0,100.0000,LOW,0.2,0.005,0.0
1774254939.2246046,295.100,-9999.000000,22.023015,26.0,100.0000,LOW,0.2,0.005,0.0
1774254939.2840886,295.160,-9999.000000,22.018358,26.0,100.0000,LOW,0.2,0.005,0.0
1774254939.3546898,295.230,-9999.000000,22.019523,26.0,100.0000,LOW,0.2,0.005,0.0
1774254939.4256601,295.301,-9999.000000,22.021463,26.0,100.0000,LOW,0.2,0.005,0.0
1774254939.487466,295.363,-9999.000000,22.021850,26.0,100.0000,LOW,0.2,0.005,0.0
1774254939.5449808,295.421,-9999.000000,22.018358,26.0,100.0000,LOW,0.2,0.005,0.0
1774254939.6146326,295.490,-9999.000000,22.017193,26.0,100.0000,LOW,0.2,0.005,0.0
1774254939.6802425,295.556,-9999.000000,22.016028,26.0,100.0000,LOW,0.2,0.005,0.0
1774254939.744095,295.620,-9999.000000,22.018745,26.0,100.0000,LOW,0.2,0.005,0.0
1774254939.8062494,295.682,-9999.000000,22.020685,26.0,100.0000,LOW,0.2,0.005,0.0
1774254939.8737454,295.749,-9999.000000,22.021850,26.0,100.0000,LOW,0.2,0.005,0.0
1774254939.9360118,295.812,-9999.000000,22.020685,26.0,100.0000,LOW,0.2,0.005,0.0
1774254939.990294,295.866,-9999.000000,22.021463,26.0,100.0000,LOW,0.2,0.005,0.0
1774254940.0481784,295.924,-9999.000000,22.015253,26.0,100.0000,LOW,0.2,0.005,0.0
1774254940.113585,295.989,-9999.000000,22.016028,26.0,100.0000,LOW,0.2,0.005,0.0
1774254940.1748195,296.050,-9999.000000,22.017971,26.0,100.0000,LOW,0.2,0.005,0.0
1774254940.237398,296.113,-9999.000000,22.019910,26.0,100.0000,LOW,0.2,0.005,0.0
1774254940.3039203,296.179,-9999.000000,22.019133,26.0,100.0000,LOW,0.2,0.005,0.0
1774254940.367729,296.243,-9999.000000,22.017580,26.0,100.0000,LOW,0.2,0.005,0.0
1774254940.4249213,296.300,-9999.000000,22.014475,26.0,100.0000,LOW,0.2,0.005,0.0
1774254940.4944444,296.370,-9999.000000,22.015253,26.0,100.0000,LOW,0.2,0.005,0.0
1774254940.560946,296.437,-9999.000000,22.017193,26.0,100.0000,LOW,0.2,0.005,0.0
1774254940.6239707,296.500,-9999.000000,22.020298,26.0,100.0000,LOW,0.2,0.005,0.0
1774254940.6843824,296.560,-9999.000000,22.019910,26.0,100.0000,LOW,0.2,0.005,0.0
1774254940.746491,296.622,-9999.000000,22.016418,26.0,100.0000,LOW,0.2,0.005,0.0
1774254940.7948074,296.670,-9999.000000,22.014863,26.0,100.0000,LOW,0.2,0.005,0.0
1774254940.864201,296.740,-9999.000000,22.013701,26.0,100.0000,LOW,0.2,0.005,0.0
1774254940.926738,296.802,-9999.000000,22.014475,26.0,100.0000,LOW,0.2,0.005,0.0
1774254940.9843793,296.860,-9999.000000,22.018358,26.0,100.0000,LOW,0.2,0.005,0.0
1774254941.0547454,296.930,-9999.000000,22.018358,26.0,100.0000,LOW,0.2,0.005,0.0
1774254941.1161404,296.992,-9999.000000,22.017971,26.0,100.0000,LOW,0.2,0.005,0.0
1774254941.1845999,297.060,-9999.000000,22.016028,26.0,100.0000,LOW,0.2,0.005,0.0
1774254941.2446384,297.120,-9999.000000,22.012923,26.0,100.0000,LOW,0.2,0.005,0.0
1774254941.3040237,297.180,-9999.000000,22.017580,26.0,100.0000,LOW,0.2,0.005,0.0
1774254941.3743694,297.250,-9999.000000,22.017971,26.0,100.0000,LOW,0.2,0.005,0.0
1774254941.4359179,297.311,-9999.000000,22.018358,26.0,100.0000,LOW,0.2,0.005,0.0
1774254941.4857883,297.361,-9999.000000,22.016418,26.0,100.0000,LOW,0.2,0.005,0.0
1774254941.544839,297.420,-9999.000000,22.013701,26.0,100.0000,LOW,0.2,0.005,0.0
1774254941.6139572,297.490,-9999.000000,22.012148,26.0,100.0000,LOW,0.2,0.005,0.0
1774254941.6774242,297.553,-9999.000000,22.012148,26.0,100.0000,LOW,0.2,0.005,0.0
1774254941.7360356,297.612,-9999.000000,22.016806,26.0,100.0000,LOW,0.2,0.005,0.0
1774254941.806876,297.682,-9999.000000,22.017580,26.0,100.0000,LOW,0.2,0.005,0.0
1774254941.8638084,297.739,-9999.000000,22.012148,26.0,100.0000,LOW,0.2,0.005,0.0
1774254941.9347532,297.810,-9999.000000,22.014088,26.0,100.0000,LOW,0.2,0.005,0.0
1774254941.990178,297.866,-9999.000000,22.016806,26.0,100.0000,LOW,0.2,0.005,0.0
1774254942.047143,297.923,-9999.000000,22.011758,26.0,100.0000,LOW,0.2,0.005,0.0
1774254942.1136503,297.989,-9999.000000,22.011758,26.0,100.0000,LOW,0.2,0.005,0.0
1774254942.1744573,298.050,-9999.000000,22.014863,26.0,100.0000,LOW,0.2,0.005,0.0
1774254942.238117,298.114,-9999.000000,22.016806,26.0,100.0000,LOW,0.2,0.005,0.0
1774254942.3039424,298.180,-9999.000000,22.015641,26.0,100.0000,LOW,0.2,0.005,0.0
1774254942.3663743,298.242,-9999.000000,22.013310,26.0,100.0000,LOW,0.2,0.005,0.0
1774254942.424466,298.300,-9999.000000,22.010983,26.0,100.0000,LOW,0.2,0.005,0.0
1774254942.4868104,298.362,-9999.000000,22.016028,26.0,100.0000,LOW,0.2,0.005,0.0
1774254942.5576668,298.433,-9999.000000,22.012536,26.0,100.0000,LOW,0.2,0.005,0.0
1774254942.6142902,298.490,-9999.000000,22.010206,26.0,100.0000,LOW,0.2,0.005,0.0
1774254942.6849563,298.561,-9999.000000,22.015641,26.0,100.0000,LOW,0.2,0.005,0.0
1774254942.744641,298.620,-9999.000000,22.014863,26.0,100.0000,LOW,0.2,0.005,0.0
1774254942.8149498,298.691,-9999.000000,22.010593,26.0,100.0000,LOW,0.2,0.005,0.0
1774254942.877462,298.753,-9999.000000,22.009431,26.0,100.0000,LOW,0.2,0.005,0.0
1774254942.9449236,298.820,-9999.000000,22.010593,26.0,100.0000,LOW,0.2,0.005,0.0
1774254943.0043664,298.880,-9999.000000,22.013701,26.0,100.0000,LOW,0.2,0.005,0.0
1774254943.0760343,298.952,-9999.000000,22.013701,26.0,100.0000,LOW,0.2,0.005,0.0
1774254943.1300755,299.006,-9999.000000,22.009431,26.0,100.0000,LOW,0.2,0.005,0.0
1774254943.2048604,299.080,-9999.000000,22.015253,26.0,100.0000,LOW,0.2,0.005,0.0
1774254943.264283,299.140,-9999.000000,22.011758,26.0,100.0000,LOW,0.2,0.005,0.0
1774254943.333705,299.209,-9999.000000,22.009818,26.0,100.0000,LOW,0.2,0.005,0.0
1774254943.3943708,299.270,-9999.000000,22.009041,26.0,100.0000,LOW,0.2,0.005,0.0
1774254943.4557884,299.331,-9999.000000,22.010983,26.0,100.0000,LOW,0.2,0.005,0.0
1774254943.5244477,299.400,-9999.000000,22.014863,26.0,100.0000,LOW,0.2,0.005,0.0
1774254943.5870204,299.463,-9999.000000,22.014088,26.0,100.0000,LOW,0.2,0.005,0.0
1774254943.6462092,299.522,-9999.000000,22.011758,26.0,100.0000,LOW,0.2,0.005,0.0
1774254943.715874,299.591,-9999.000000,22.009431,26.0,100.0000,LOW,0.2,0.005,0.0
1774254943.774941,299.651,-9999.000000,22.007879,26.0,100.0000,LOW,0.2,0.005,0.0
1774254943.834628,299.710,-9999.000000,22.012923,26.0,100.0000,LOW,0.2,0.005,0.0
1774254943.8873537,299.763,-9999.000000,22.012148,26.0,100.0000,LOW,0.2,0.005,0.0
1774254943.9545677,299.830,-9999.000000,22.013701,26.0,100.0000,LOW,0.2,0.005,0.0
1774254944.0175269,299.893,-9999.000000,22.012536,26.0,100.0000,LOW,0.2,0.005,0.0
1774254944.0837939,299.959,-9999.000000,22.008266,26.0,100.0000,LOW,0.2,0.005,0.0
1774254944.1442657,300.020,-9999.000000,22.006714,26.0,100.0000,LOW,0.2,0.005,0.0
1774254944.2078805,300.083,-9999.000000,22.009431,26.0,100.0000,LOW,0.2,0.005,0.0
1774254944.274952,300.151,-9999.000000,22.012148,26.0,100.0000,LOW,0.2,0.005,0.0
1774254944.3343596,300.210,-9999.000000,22.012536,26.0,100.0000,LOW,0.2,0.005,0.0
1774254944.394354,300.270,-9999.000000,22.007488,26.0,100.0000,LOW,0.2,0.005,0.0
1774254944.4648762,300.340,-9999.000000,22.008653,26.0,100.0000,LOW,0.2,0.005,0.0
1774254944.5266526,300.402,-9999.000000,22.005936,26.0,100.0000,LOW,0.2,0.005,0.0
1774254944.5949054,300.470,-9999.000000,22.007879,26.0,100.0000,LOW,0.2,0.005,0.0
1774254944.6342907,300.510,-9999.000000,22.011371,26.0,100.0000,LOW,0.2,0.005,0.0
1774254944.7062445,300.582,-9999.000000,22.012536,26.0,100.0000,LOW,0.2,0.005,0.0
1774254944.76702,300.643,-9999.000000,22.011371,26.0,100.0000,LOW,0.2,0.005,0.0
1774254944.8263333,300.702,-9999.000000,22.005936,26.0,100.0000,LOW,0.2,0.005,0.0
1774254944.8964717,300.772,-9999.000000,22.005161,26.0,100.0000,LOW,0.2,0.005,0.0
1774254944.9546,300.830,-9999.000000,22.008653,26.0,100.0000,LOW,0.2,0.005,0.0
1774254945.024789,300.900,-9999.000000,22.010593,26.0,100.0000,LOW,0.2,0.005,0.0
1774254945.0880263,300.964,-9999.000000,22.010593,26.0,100.0000,LOW,0.2,0.005,0.0
1774254945.1541352,301.030,-9999.000000,22.010593,26.0,100.0000,LOW,0.2,0.005,0.0
1774254945.216067,301.092,-9999.000000,22.006326,26.0,100.0000,LOW,0.2,0.005,0.0
1774254945.2705505,301.146,-9999.000000,22.009431,26.0,100.0000,LOW,0.2,0.005,0.0
1774254945.3244014,301.200,-9999.000000,22.004384,26.0,100.0000,LOW,0.2,0.005,0.0
1774254945.3921247,301.268,-9999.000000,22.008653,26.0,100.0000,LOW,0.2,0.005,0.0
1774254945.4560118,301.332,-9999.000000,22.010983,26.0,100.0000,LOW,0.2,0.005,0.0
1774254945.5144007,301.390,-9999.000000,22.009818,26.0,100.0000,LOW,0.2,0.005,0.0
1774254945.583479,301.459,-9999.000000,22.005161,26.0,100.0000,LOW,0.2,0.005,0.0
1774254945.646041,301.522,-9999.000000,22.003996,26.0,100.0000,LOW,0.2,0.005,0.0
1774254945.706639,301.582,-9999.000000,22.005549,26.0,100.0000,LOW,0.2,0.005,0.0
1774254945.7748451,301.650,-9999.000000,22.009041,26.0,100.0000,LOW,0.2,0.005,0.0
1774254945.8349178,301.710,-9999.000000,22.008266,26.0,100.0000,LOW,0.2,0.005,0.0
1774254945.895766,301.771,-9999.000000,22.003219,26.0,100.0000,LOW,0.2,0.005,0.0
1774254945.9677913,301.843,-9999.000000,22.004771,26.0,100.0000,LOW,0.2,0.005,0.0
1774254946.0282376,301.904,-9999.000000,22.002831,26.0,100.0000,LOW,0.2,0.005,0.0
1774254946.074985,301.951,-9999.000000,22.002831,26.0,100.0000,LOW,0.2,0.005,0.0
1774254946.1561778,302.032,-9999.000000,22.008266,26.0,100.0000,LOW,0.2,0.005,0.0
1774254946.2048738,302.080,-9999.000000,22.008266,26.0,100.0000,LOW,0.2,0.005,0.0
1774254946.2669408,302.143,-9999.000000,22.007101,26.0,100.0000,LOW,0.2,0.005,0.0
1774254946.3342423,302.210,-9999.000000,22.004384,26.0,100.0000,LOW,0.2,0.005,0.0
1774254946.3873193,302.263,-9999.000000,22.007101,26.0,100.0000,LOW,0.2,0.005,0.0
1774254946.4555666,302.331,-9999.000000,22.002444,26.0,100.0000,LOW,0.2,0.005,0.0
1774254946.524543,302.400,-9999.000000,22.006714,26.0,100.0000,LOW,0.2,0.005,0.0
1774254946.5849495,302.461,-9999.000000,22.006714,26.0,100.0000,LOW,0.2,0.005,0.0
1774254946.6450038,302.521,-9999.000000,22.002831,26.0,100.0000,LOW,0.2,0.005,0.0
1774254946.7144413,302.590,-9999.000000,22.001666,26.0,100.0000,LOW,0.2,0.005,0.0
1774254946.7759857,302.652,-9999.000000,22.003996,26.0,100.0000,LOW,0.2,0.005,0.0
1774254946.8349886,302.711,-9999.000000,22.005549,26.0,100.0000,LOW,0.2,0.005,0.0
1774254946.8963444,302.772,-9999.000000,22.003996,26.0,100.0000,LOW,0.2,0.005,0.0
1774254946.968074,302.844,-9999.000000,22.004384,26.0,100.0000,LOW,0.2,0.005,0.0
1774254947.0338082,302.909,-9999.000000,22.000892,26.0,100.0000,LOW,0.2,0.005,0.0
1774254947.0954235,302.971,-9999.000000,22.001666,26.0,100.0000,LOW,0.2,0.005,0.0
1774254947.1563618,303.032,-9999.000000,22.003609,26.0,100.0000,LOW,0.2,0.005,0.0
1774254947.2242472,303.100,-9999.000000,22.005936,26.0,100.0000,LOW,0.2,0.005,0.0
1774254947.2864544,303.162,-9999.000000,22.005936,26.0,100.0000,LOW,0.2,0.005,0.0
1774254947.3537233,303.229,-9999.000000,22.004384,26.0,100.0000,LOW,0.2,0.005,0.0
1774254947.4080307,303.284,-9999.000000,22.003219,26.0,100.0000,LOW,0.2,0.005,0.0
1774254947.475922,303.351,-9999.000000,21.999727,26.0,93.6418,LOW,0.2,0.005,0.0
1774254947.544165,303.420,-9999.000000,22.002057,26.0,93.7316,LOW,0.2,0.005,0.0
1774254947.6047761,303.480,-9999.000000,22.004384,26.0,93.8062,LOW,0.2,0.005,0.0
1774254947.673995,303.550,-9999.000000,22.005936,26.0,93.9134,LOW,0.2,0.005,0.0
1774254947.7364974,303.612,-9999.000000,22.004384,26.0,94.0693,LOW,0.2,0.005,0.0
1774254947.8038006,303.679,-9999.000000,22.003219,26.0,94.2271,LOW,0.2,0.005,0.0
1774254947.8669863,303.743,-9999.000000,22.001666,26.0,94.3845,LOW,0.2,0.005,0.0
1774254947.924711,303.800,-9999.000000,21.998949,26.0,93.6574,LOW,0.2,0.005,0.0
1774254947.9869125,303.862,-9999.000000,22.004384,26.0,93.6730,LOW,0.2,0.005,0.0
1774254948.0560408,303.932,-9999.000000,22.003609,26.0,93.8266,LOW,0.2,0.005,0.0
1774254948.1143909,303.990,-9999.000000,22.003996,26.0,93.9354,LOW,0.2,0.005,0.0
1774254948.1849353,304.061,-9999.000000,22.002831,26.0,94.0997,LOW,0.2,0.005,0.0
1774254948.2486815,304.124,-9999.000000,22.000501,26.0,94.2738,LOW,0.2,0.005,0.0
1774254948.3027945,304.178,-9999.000000,22.002444,26.0,94.3431,LOW,0.2,0.005,0.0
1774254948.3744137,304.250,-9999.000000,22.000892,26.0,94.5173,LOW,0.2,0.005,0.0
1774254948.4365454,304.312,-9999.000000,22.002831,26.0,94.6027,LOW,0.2,0.005,0.0
1774254948.504265,304.380,-9999.000000,22.003996,26.0,94.7147,LOW,0.2,0.005,0.0
1774254948.5681896,304.444,-9999.000000,22.002444,26.0,94.8735,LOW,0.2,0.005,0.0
1774254948.6350293,304.511,-9999.000000,21.999339,26.0,93.6496,LOW,0.2,0.005,0.0
1774254948.6991196,304.575,-9999.000000,21.997009,26.0,93.6962,LOW,0.2,0.005,0.0
1774254948.7564292,304.632,-9999.000000,22.002444,26.0,93.7020,LOW,0.2,0.005,0.0
1774254948.8249266,304.700,-9999.000000,22.000114,26.0,93.8856,LOW,0.2,0.005,0.0
1774254948.8803723,304.756,-9999.000000,21.996235,26.0,93.7117,LOW,0.2,0.005,0.0
1774254948.9548979,304.830,-9999.000000,22.003219,26.0,93.7209,LOW,0.2,0.005,0.0
1774254949.0243003,304.900,-9999.000000,21.996622,26.0,93.7039,LOW,0.2,0.005,0.0
1774254949.0760758,304.952,-9999.000000,21.997397,26.0,93.6884,LOW,0.2,0.005,0.0
1774254949.144375,305.020,-9999.000000,21.999727,26.0,93.6418,LOW,0.2,0.005,0.0
1774254949.2047293,305.080,-9999.000000,22.001666,26.0,93.7237,LOW,0.2,0.005,0.0
1774254949.2662742,305.142,-9999.000000,22.002057,26.0,93.8389,LOW,0.2,0.005,0.0
1774254949.335804,305.211,-9999.000000,22.000892,26.0,94.0012,LOW,0.2,0.005,0.0
1774254949.4005215,305.276,-9999.000000,21.996622,26.0,93.7039,LOW,0.2,0.005,0.0
1774254949.4643075,305.340,-9999.000000,21.995844,26.0,93.7195,LOW,0.2,0.005,0.0
1774254949.5242794,305.400,-9999.000000,21.996622,26.0,93.7039,LOW,0.2,0.005,0.0
1774254949.585722,305.461,-9999.000000,22.000892,26.0,93.7414,LOW,0.2,0.005,0.0
1774254949.6565704,305.532,-9999.000000,22.002057,26.0,93.8597,LOW,0.2,0.005,0.0
1774254949.7043707,305.580,-9999.000000,22.001666,26.0,93.9631,LOW,0.2,0.005,0.0
1774254949.7646308,305.640,-9999.000000,21.998174,26.0,93.6729,LOW,0.2,0.005,0.0
1774254949.8278115,305.703,-9999.000000,21.995070,26.0,93.7350,LOW,0.2,0.005,0.0
1774254949.8958266,305.771,-9999.000000,21.995844,26.0,93.7195,LOW,0.2,0.005,0.0
1774254949.958553,305.834,-9999.000000,21.997787,26.0,93.6806,LOW,0.2,0.005,0.0
1774254950.0236435,305.899,-9999.000000,22.001279,26.0,93.7409,LOW,0.2,0.005,0.0
1774254950.084636,305.960,-9999.000000,21.998562,26.0,93.6651,LOW,0.2,0.005,0.0
1774254950.1481984,306.024,-9999.000000,21.995457,26.0,93.7272,LOW,0.2,0.005,0.0
1774254950.2138832,306.089,-9999.000000,21.994292,26.0,93.7505,LOW,0.2,0.005,0.0
1774254950.2743506,306.150,-9999.000000,21.996235,26.0,93.7117,LOW,0.2,0.005,0.0
1774254950.3435526,306.219,-9999.000000,21.998562,26.0,93.6651,LOW,0.2,0.005,0.0
1774254950.3961003,306.272,-9999.000000,21.994292,26.0,93.7505,LOW,0.2,0.005,0.0
1774254950.4547727,306.330,-9999.000000,21.999727,26.0,93.6418,LOW,0.2,0.005,0.0
1774254950.518097,306.394,-9999.000000,21.995844,26.0,93.7195,LOW,0.2,0.005,0.0
1774254950.5748055,306.450,-9999.000000,21.993127,26.0,93.7738,LOW,0.2,0.005,0.0
1774254950.6442597,306.520,-9999.000000,21.994680,26.0,93.7428,LOW,0.2,0.005,0.0
1774254950.7085574,306.584,-9999.000000,21.996622,26.0,93.7039,LOW,0.2,0.005,0.0
1774254950.7644026,306.640,-9999.000000,21.998562,26.0,93.6651,LOW,0.2,0.005,0.0
1774254950.8349268,306.710,-9999.000000,21.997787,26.0,93.6806,LOW,0.2,0.005,0.0
1774254950.894302,306.770,-9999.000000,21.995457,26.0,93.7272,LOW,0.2,0.005,0.0
1774254950.9642816,306.840,-9999.000000,21.992353,26.0,93.7893,LOW,0.2,0.005,0.0
1774254951.026892,306.902,-9999.000000,21.993518,26.0,93.7660,LOW,0.2,0.005,0.0
1774254951.0844448,306.960,-9999.000000,21.996622,26.0,93.7039,LOW,0.2,0.005,0.0
1774254951.1555426,307.031,-9999.000000,21.997787,26.0,93.6806,LOW,0.2,0.005,0.0
1774254951.2105184,307.086,-9999.000000,21.993905,26.0,93.7583,LOW,0.2,0.005,0.0
1774254951.2668808,307.142,-9999.000000,21.995844,26.0,93.7195,LOW,0.2,0.005,0.0
1774254951.3341005,307.210,-9999.000000,21.992353,26.0,93.7893,LOW,0.2,0.005,0.0
1774254951.3959043,307.271,-9999.000000,21.991965,26.0,93.7971,LOW,0.2,0.005,0.0
1774254951.4542544,307.330,-9999.000000,21.993127,26.0,93.7738,LOW,0.2,0.005,0.0
1774254951.5258844,307.401,-9999.000000,21.995070,26.0,93.7350,LOW,0.2,0.005,0.0
1774254951.579978,307.456,-9999.000000,21.991188,26.0,93.8126,LOW,0.2,0.005,0.0
1774254951.654424,307.530,-9999.000000,21.996235,26.0,93.7117,LOW,0.2,0.005,0.0
1774254951.7180152,307.594,-9999.000000,21.991965,26.0,93.7971,LOW,0.2,0.005,0.0
1774254951.7777681,307.653,-9999.000000,21.990800,26.0,93.8204,LOW,0.2,0.005,0.0
1774254951.84477,307.720,-9999.000000,21.990410,26.0,93.8282,LOW,0.2,0.005,0.0
1774254951.9058893,307.781,-9999.000000,21.994680,26.0,93.7428,LOW,0.2,0.005,0.0
1774254951.973996,307.850,-9999.000000,21.995844,26.0,93.7195,LOW,0.2,0.005,0.0
1774254952.0349748,307.911,-9999.000000,21.995844,26.0,93.7195,LOW,0.2,0.005,0.0
1774254952.0966074,307.972,-9999.000000,21.992353,26.0,93.7893,LOW,0.2,0.005,0.0
1774254952.1648977,308.040,-9999.000000,21.989635,26.0,93.8437,LOW,0.2,0.005,0.0
1774254952.2245595,308.100,-9999.000000,21.989248,26.0,93.8514,LOW,0.2,0.005,0.0
1774254952.294768,308.170,-9999.000000,21.991188,26.0,93.8126,LOW,0.2,0.005,0.0
1774254952.3558648,308.231,-9999.000000,21.994680,26.0,93.7428,LOW,0.2,0.005,0.0
1774254952.4179466,308.294,-9999.000000,21.994680,26.0,93.7428,LOW,0.2,0.005,0.0
1774254952.466978,308.343,-9999.000000,21.993127,26.0,93.7738,LOW,0.2,0.005,0.0
1774254952.5342026,308.410,-9999.000000,21.990800,26.0,93.8204,LOW,0.2,0.005,0.0
1774254952.5977411,308.473,-9999.000000,21.987696,26.0,93.8824,LOW,0.2,0.005,0.0
1774254952.65637,308.532,-9999.000000,21.990410,26.0,93.8282,LOW,0.2,0.005,0.0
1774254952.726289,308.602,-9999.000000,21.992353,26.0,93.7893,LOW,0.2,0.005,0.0
1774254952.7843492,308.660,-9999.000000,21.994292,26.0,93.7505,LOW,0.2,0.005,0.0
1774254952.8541675,308.730,-9999.000000,21.992740,26.0,93.7816,LOW,0.2,0.005,0.0
1774254952.914666,308.790,-9999.000000,21.988858,26.0,93.8592,LOW,0.2,0.005,0.0
1774254952.975914,308.851,-9999.000000,21.987696,26.0,93.8824,LOW,0.2,0.005,0.0
1774254953.0467358,308.922,-9999.000000,21.987696,26.0,93.8824,LOW,0.2,0.005,0.0
1774254953.1090307,308.985,-9999.000000,21.991965,26.0,93.7971,LOW,0.2,0.005,0.0
1774254953.154852,309.030,-9999.000000,21.993518,26.0,93.7660,LOW,0.2,0.005,0.0
1774254953.2160227,309.092,-9999.000000,21.993127,26.0,93.7738,LOW,0.2,0.005,0.0
1774254953.2849932,309.161,-9999.000000,21.989635,26.0,93.8437,LOW,0.2,0.005,0.0
1774254953.3465254,309.222,-9999.000000,21.987306,26.0,93.8903,LOW,0.2,0.005,0.0
1774254953.4144082,309.290,-9999.000000,21.985366,26.0,93.9290,LOW,0.2,0.005,0.0
1774254953.4693763,309.345,-9999.000000,21.991188,26.0,93.8126,LOW,0.2,0.005,0.0
1774254953.5438156,309.419,-9999.000000,21.989635,26.0,93.8437,LOW,0.2,0.005,0.0
1774254953.6088657,309.484,-9999.000000,21.991188,26.0,93.8126,LOW,0.2,0.005,0.0
1774254953.6558466,309.531,-9999.000000,21.988470,26.0,93.8670,LOW,0.2,0.005,0.0
1774254953.7149596,309.591,-9999.000000,21.991575,26.0,93.8049,LOW,0.2,0.005,0.0
1774254953.7860878,309.662,-9999.000000,21.989635,26.0,93.8437,LOW,0.2,0.005,0.0
1774254953.8442967,309.720,-9999.000000,21.985753,26.0,93.9213,LOW,0.2,0.005,0.0
1774254953.9150717,309.791,-9999.000000,21.985366,26.0,93.9290,LOW,0.2,0.005,0.0
1774254953.9780037,309.854,-9999.000000,21.987306,26.0,93.8903,LOW,0.2,0.005,0.0
1774254954.034639,309.910,-9999.000000,21.990800,26.0,93.8204,LOW,0.2,0.005,0.0
1774254954.10411,309.980,-9999.000000,21.989248,26.0,93.8514,LOW,0.2,0.005,0.0
1774254954.1676328,310.043,-9999.000000,21.988083,26.0,93.8747,LOW,0.2,0.005,0.0
1774254954.224965,310.101,-9999.000000,21.984201,26.0,93.9523,LOW,0.2,0.005,0.0
1774254954.2943745,310.170,-9999.000000,21.984588,26.0,93.9446,LOW,0.2,0.005,0.0
1774254954.3455715,310.221,-9999.000000,21.984979,26.0,93.9368,LOW,0.2,0.005,0.0
1774254954.4044385,310.280,-9999.000000,21.990023,26.0,93.8359,LOW,0.2,0.005,0.0
1774254954.4661386,310.342,-9999.000000,21.989635,26.0,93.8437,LOW,0.2,0.005,0.0
1774254954.5342226,310.410,-9999.000000,21.988083,26.0,93.8747,LOW,0.2,0.005,0.0
1774254954.5949216,310.470,-9999.000000,21.983814,26.0,93.9601,LOW,0.2,0.005,0.0
1774254954.6645103,310.540,-9999.000000,21.983814,26.0,93.9601,LOW,0.2,0.005,0.0
1774254954.724406,310.600,-9999.000000,21.983814,26.0,93.9601,LOW,0.2,0.005,0.0
1774254954.7863314,310.662,-9999.000000,21.988083,26.0,93.8747,LOW,0.2,0.005,0.0
1774254954.8558698,310.731,-9999.000000,21.988470,26.0,93.8670,LOW,0.2,0.005,0.0
1774254954.9142225,310.790,-9999.000000,21.986531,26.0,93.9057,LOW,0.2,0.005,0.0
1774254954.9847498,310.860,-9999.000000,21.983814,26.0,93.9601,LOW,0.2,0.005,0.0
1774254955.0483096,310.924,-9999.000000,21.982262,26.0,93.9911,LOW,0.2,0.005,0.0
1774254955.1050715,310.981,-9999.000000,21.984588,26.0,93.9446,LOW,0.2,0.005,0.0
1774254955.174399,311.050,-9999.000000,21.985753,26.0,93.9213,LOW,0.2,0.005,0.0
1774254955.2359595,311.112,-9999.000000,21.988470,26.0,93.8670,LOW,0.2,0.005,0.0
1774254955.3047717,311.180,-9999.000000,21.986918,26.0,93.8980,LOW,0.2,0.005,0.0
1774254955.364431,311.240,-9999.000000,21.984588,26.0,93.9446,LOW,0.2,0.005,0.0
1774254955.4247847,311.300,-9999.000000,21.981874,26.0,93.9989,LOW,0.2,0.005,0.0
1774254955.4942033,311.370,-9999.000000,21.982649,26.0,93.9834,LOW,0.2,0.005,0.0
1774254955.5561976,311.432,-9999.000000,21.985753,26.0,93.9213,LOW,0.2,0.005,0.0
1774254955.6237793,311.499,-9999.000000,21.987306,26.0,93.8903,LOW,0.2,0.005,0.0
1774254955.6844287,311.560,-9999.000000,21.986144,26.0,93.9135,LOW,0.2,0.005,0.0
1774254955.7461421,311.622,-9999.000000,21.981874,26.0,93.9989,LOW,0.2,0.005,0.0
1774254955.8137627,311.689,-9999.000000,21.981874,26.0,93.9989,LOW,0.2,0.005,0.0
1774254955.87422,311.750,-9999.000000,21.984201,26.0,93.9523,LOW,0.2,0.005,0.0
1774254955.9347754,311.810,-9999.000000,21.986531,26.0,93.9057,LOW,0.2,0.005,0.0
1774254956.0046153,311.880,-9999.000000,21.986918,26.0,93.8980,LOW,0.2,0.005,0.0
1774254956.0659406,311.942,-9999.000000,21.981874,26.0,93.9989,LOW,0.2,0.005,0.0
1774254956.127917,312.003,-9999.000000,21.981484,26.0,94.0067,LOW,0.2,0.005,0.0
1774254956.1938522,312.069,-9999.000000,21.984201,26.0,93.9523,LOW,0.2,0.005,0.0
1774254956.2561877,312.132,-9999.000000,21.986144,26.0,93.9135,LOW,0.2,0.005,0.0
1774254956.3168538,312.192,-9999.000000,21.983814,26.0,93.9601,LOW,0.2,0.005,0.0
1774254956.3835866,312.259,-9999.000000,21.980319,26.0,94.0300,LOW,0.2,0.005,0.0
1774254956.4446204,312.320,-9999.000000,21.981484,26.0,94.0067,LOW,0.2,0.005,0.0
1774254956.5058892,312.381,-9999.000000,21.980709,26.0,94.0222,LOW,0.2,0.005,0.0
1774254956.5747778,312.450,-9999.000000,21.984588,26.0,93.9446,LOW,0.2,0.005,0.0
1774254956.6300251,312.506,-9999.000000,21.980319,26.0,94.0300,LOW,0.2,0.005,0.0
1774254956.7041814,312.580,-9999.000000,21.983814,26.0,93.9601,LOW,0.2,0.005,0.0
1774254956.7448037,312.620,-9999.000000,21.981874,26.0,93.9989,LOW,0.2,0.005,0.0
1774254956.8147027,312.690,-9999.000000,21.979544,26.0,94.0455,LOW,0.2,0.005,0.0
1774254956.8760993,312.752,-9999.000000,21.980319,26.0,94.0300,LOW,0.2,0.005,0.0
1774254956.934649,312.810,-9999.000000,21.984979,26.0,93.9368,LOW,0.2,0.005,0.0
1774254957.0045235,312.880,-9999.000000,21.984979,26.0,93.9368,LOW,0.2,0.005,0.0
1774254957.065812,312.941,-9999.000000,21.982262,26.0,93.9911,LOW,0.2,0.005,0.0
1774254957.1341825,313.010,-9999.000000,21.979544,26.0,94.0455,LOW,0.2,0.005,0.0
1774254957.1947625,313.070,-9999.000000,21.979157,26.0,94.0532,LOW,0.2,0.005,0.0
1774254957.2558894,313.131,-9999.000000,21.979932,26.0,94.0377,LOW,0.2,0.005,0.0
1774254957.3267124,313.202,-9999.000000,21.983426,26.0,93.9678,LOW,0.2,0.005,0.0
1774254957.3846133,313.260,-9999.000000,21.984588,26.0,93.9446,LOW,0.2,0.005,0.0
1774254957.453665,313.329,-9999.000000,21.982262,26.0,93.9911,LOW,0.2,0.005,0.0
1774254957.5143087,313.390,-9999.000000,21.979544,26.0,94.0455,LOW,0.2,0.005,0.0
1774254957.5777621,313.453,-9999.000000,21.977992,26.0,94.0765,LOW,0.2,0.005,0.0
1774254957.6460094,313.522,-9999.000000,21.979932,26.0,94.0377,LOW,0.2,0.005,0.0
1774254957.7048976,313.580,-9999.000000,21.983814,26.0,93.9601,LOW,0.2,0.005,0.0
1774254957.7661173,313.642,-9999.000000,21.983814,26.0,93.9601,LOW,0.2,0.005,0.0
1774254957.8366253,313.712,-9999.000000,21.981097,26.0,94.0144,LOW,0.2,0.005,0.0
1774254957.8947396,313.770,-9999.000000,21.977605,26.0,94.0843,LOW,0.2,0.005,0.0
1774254957.963617,313.839,-9999.000000,21.977605,26.0,94.0843,LOW,0.2,0.005,0.0
1774254958.0248823,313.900,-9999.000000,21.979157,26.0,94.0532,LOW,0.2,0.005,0.0
1774254958.0868795,313.962,-9999.000000,21.981874,26.0,93.9989,LOW,0.2,0.005,0.0
1774254958.1560476,314.032,-9999.000000,21.982262,26.0,93.9911,LOW,0.2,0.005,0.0
1774254958.20637,314.082,-9999.000000,21.980709,26.0,94.0222,LOW,0.2,0.005,0.0
1774254958.2648666,314.140,-9999.000000,21.979932,26.0,94.0377,LOW,0.2,0.005,0.0
1774254958.3339825,314.210,-9999.000000,21.976440,26.0,94.1076,LOW,0.2,0.005,0.0
1774254958.3976302,314.273,-9999.000000,21.975663,26.0,94.1231,LOW,0.2,0.005,0.0
1774254958.4560053,314.332,-9999.000000,21.977992,26.0,94.0765,LOW,0.2,0.005,0.0
1774254958.5266886,314.402,-9999.000000,21.981097,26.0,94.0144,LOW,0.2,0.005,0.0
1774254958.587814,314.463,-9999.000000,21.981874,26.0,93.9989,LOW,0.2,0.005,0.0
1774254958.654026,314.530,-9999.000000,21.980319,26.0,94.0300,LOW,0.2,0.005,0.0
1774254958.7159026,314.591,-9999.000000,21.976827,26.0,94.0998,LOW,0.2,0.005,0.0
1774254958.7746432,314.650,-9999.000000,21.975663,26.0,94.1231,LOW,0.2,0.005,0.0
1774254958.844409,314.720,-9999.000000,21.975275,26.0,94.1309,LOW,0.2,0.005,0.0
1774254958.904612,314.780,-9999.000000,21.979544,26.0,94.0455,LOW,0.2,0.005,0.0
1774254958.974516,314.850,-9999.000000,21.981874,26.0,93.9989,LOW,0.2,0.005,0.0
1774254959.038165,314.914,-9999.000000,21.978380,26.0,94.0688,LOW,0.2,0.005,0.0
1774254959.0950632,314.971,-9999.000000,21.977215,26.0,94.0921,LOW,0.2,0.005,0.0
1774254959.1645398,315.040,-9999.000000,21.974498,26.0,94.1464,LOW,0.2,0.005,0.0
1774254959.227189,315.103,-9999.000000,21.975275,26.0,94.1309,LOW,0.2,0.005,0.0
1774254959.2943037,315.170,-9999.000000,21.977992,26.0,94.0765,LOW,0.2,0.005,0.0
1774254959.347696,315.223,-9999.000000,21.975275,26.0,94.1309,LOW,0.2,0.005,0.0
1774254959.4157019,315.291,-9999.000000,21.980319,26.0,94.0300,LOW,0.2,0.005,0.0
1774254959.464968,315.341,-9999.000000,21.977215,26.0,94.0921,LOW,0.2,0.005,0.0
1774254959.5342238,315.410,-9999.000000,21.976827,26.0,94.0998,LOW,0.2,0.005,0.0
1774254959.5976818,315.473,-9999.000000,21.973723,26.0,94.1619,LOW,0.2,0.005,0.0
1774254959.6544561,315.530,-9999.000000,21.976827,26.0,94.0998,LOW,0.2,0.005,0.0
1774254959.7245438,315.600,-9999.000000,21.979932,26.0,94.0377,LOW,0.2,0.005,0.0
1774254959.7880516,315.664,-9999.000000,21.977992,26.0,94.0765,LOW,0.2,0.005,0.0
1774254959.84502,315.721,-9999.000000,21.973723,26.0,94.1619,LOW,0.2,0.005,0.0
1774254959.9148104,315.790,-9999.000000,21.973336,26.0,94.1696,LOW,0.2,0.005,0.0
1774254959.9747722,315.850,-9999.000000,21.973723,26.0,94.1619,LOW,0.2,0.005,0.0
1774254960.0367856,315.912,-9999.000000,21.978767,26.0,94.0610,LOW,0.2,0.005,0.0
1774254960.1076477,315.983,-9999.000000,21.979157,26.0,94.0532,LOW,0.2,0.005,0.0
1774254960.160156,316.036,-9999.000000,21.974110,26.0,94.1542,LOW,0.2,0.005,0.0
1774254960.2350163,316.111,-9999.000000,21.974888,26.0,94.1386,LOW,0.2,0.005,0.0
1774254960.2889504,316.165,-9999.000000,21.978380,26.0,94.0688,LOW,0.2,0.005,0.0
1774254960.3444734,316.220,-9999.000000,21.973723,26.0,94.1619,LOW,0.2,0.005,0.0
1774254960.4067333,316.282,-9999.000000,21.976827,26.0,94.0998,LOW,0.2,0.005,0.0
1774254960.4750664,316.351,-9999.000000,21.979157,26.0,94.0532,LOW,0.2,0.005,0.0
1774254960.5344677,316.410,-9999.000000,21.977992,26.0,94.0765,LOW,0.2,0.005,0.0
1774254960.5960488,316.472,-9999.000000,21.973336,26.0,94.1696,LOW,0.2,0.005,0.0
1774254960.667727,316.543,-9999.000000,21.972171,26.0,94.1929,LOW,0.2,0.005,0.0
1774254960.72623,316.602,-9999.000000,21.972558,26.0,94.1852,LOW,0.2,0.005,0.0
1774254960.794209,316.670,-9999.000000,21.976053,26.0,94.1153,LOW,0.2,0.005,0.0
1774254960.8542707,316.730,-9999.000000,21.978380,26.0,94.0688,LOW,0.2,0.005,0.0
1774254960.9164734,316.792,-9999.000000,21.978767,26.0,94.0610,LOW,0.2,0.005,0.0
1774254960.9847126,316.860,-9999.000000,21.973336,26.0,94.1696,LOW,0.2,0.005,0.0
1774254961.0449045,316.920,-9999.000000,21.972171,26.0,94.1929,LOW,0.2,0.005,0.0
1774254961.1136234,316.989,-9999.000000,21.972558,26.0,94.1852,LOW,0.2,0.005,0.0
1774254961.176278,317.052,-9999.000000,21.977215,26.0,94.0921,LOW,0.2,0.005,0.0
1774254961.2379518,317.114,-9999.000000,21.976440,26.0,94.1076,LOW,0.2,0.005,0.0
1774254961.2969432,317.173,-9999.000000,21.973723,26.0,94.1619,LOW,0.2,0.005,0.0
1774254961.3649852,317.241,-9999.000000,21.970619,26.0,94.2240,LOW,0.2,0.005,0.0
1774254961.4290757,317.305,-9999.000000,21.972171,26.0,94.1929,LOW,0.2,0.005,0.0
1774254961.494071,317.370,-9999.000000,21.974888,26.0,94.1386,LOW,0.2,0.005,0.0
1774254961.5544584,317.430,-9999.000000,21.976440,26.0,94.1076,LOW,0.2,0.005,0.0
1774254961.6142151,317.490,-9999.000000,21.971393,26.0,94.2085,LOW,0.2,0.005,0.0
1774254961.6867013,317.562,-9999.000000,21.973336,26.0,94.1696,LOW,0.2,0.005,0.0
1774254961.7449126,317.620,-9999.000000,21.970619,26.0,94.2240,LOW,0.2,0.005,0.0
1774254961.7942498,317.670,-9999.000000,21.969454,26.0,94.2473,LOW,0.2,0.005,0.0
1774254961.854978,317.731,-9999.000000,21.973336,26.0,94.1696,LOW,0.2,0.005,0.0
1774254961.9248505,317.800,-9999.000000,21.975663,26.0,94.1231,LOW,0.2,0.005,0.0
1774254961.9869611,317.863,-9999.000000,21.975275,26.0,94.1309,LOW,0.2,0.005,0.0
1774254962.0542815,317.930,-9999.000000,21.974110,26.0,94.1542,LOW,0.2,0.005,0.0
1774254962.114982,317.991,-9999.000000,21.970619,26.0,94.2240,LOW,0.2,0.005,0.0
1774254962.1762729,318.052,-9999.000000,21.969454,26.0,94.2473,LOW,0.2,0.005,0.0
1774254962.2468917,318.122,-9999.000000,21.970619,26.0,94.2240,LOW,0.2,0.005,0.0
1774254962.3049781,318.181,-9999.000000,21.972558,26.0,94.1852,LOW,0.2,0.005,0.0
1774254962.374395,318.250,-9999.000000,21.974498,26.0,94.1464,LOW,0.2,0.005,0.0
1774254962.435033,318.311,-9999.000000,21.974110,26.0,94.1542,LOW,0.2,0.005,0.0
1774254962.5037374,318.379,-9999.000000,21.972171,26.0,94.1929,LOW,0.2,0.005,0.0
1774254962.5666673,318.442,-9999.000000,21.971006,26.0,94.2162,LOW,0.2,0.005,0.0
1774254962.6345787,318.510,-9999.000000,21.968289,26.0,94.2706,LOW,0.2,0.005,0.0
1774254962.6942148,318.570,-9999.000000,21.968289,26.0,94.2706,LOW,0.2,0.005,0.0
1774254962.7565734,318.632,-9999.000000,21.970619,26.0,94.2240,LOW,0.2,0.005,0.0
1774254962.826405,318.702,-9999.000000,21.973723,26.0,94.1619,LOW,0.2,0.005,0.0
1774254962.8843431,318.760,-9999.000000,21.972946,26.0,94.1775,LOW,0.2,0.005,0.0
1774254962.954433,318.830,-9999.000000,21.972171,26.0,94.1929,LOW,0.2,0.005,0.0
1774254963.0143929,318.890,-9999.000000,21.967902,26.0,94.2783,LOW,0.2,0.005,0.0
1774254963.076424,318.952,-9999.000000,21.966350,26.0,94.3094,LOW,0.2,0.005,0.0
1774254963.146208,319.022,-9999.000000,21.969067,26.0,94.2550,LOW,0.2,0.005,0.0
1774254963.2049568,319.081,-9999.000000,21.971784,26.0,94.2007,LOW,0.2,0.005,0.0
1774254963.2747316,319.150,-9999.000000,21.972171,26.0,94.1929,LOW,0.2,0.005,0.0
1774254963.3341062,319.210,-9999.000000,21.966737,26.0,94.3016,LOW,0.2,0.005,0.0
1774254963.3946288,319.270,-9999.000000,21.967514,26.0,94.2861,LOW,0.2,0.005,0.0
1774254963.4643545,319.340,-9999.000000,21.966350,26.0,94.3094,LOW,0.2,0.005,0.0
1774254963.5262053,319.402,-9999.000000,21.966350,26.0,94.3094,LOW,0.2,0.005,0.0
1774254963.5744064,319.450,-9999.000000,21.968289,26.0,94.2706,LOW,0.2,0.005,0.0
1774254963.6560981,319.532,-9999.000000,21.972171,26.0,94.1929,LOW,0.2,0.005,0.0
1774254963.7042506,319.580,-9999.000000,21.971006,26.0,94.2162,LOW,0.2,0.005,0.0
1774254963.764889,319.640,-9999.000000,21.966737,26.0,94.3016,LOW,0.2,0.005,0.0
1774254963.8265977,319.702,-9999.000000,21.964798,26.0,94.3404,LOW,0.2,0.005,0.0
1774254963.895795,319.771,-9999.000000,21.967902,26.0,94.2783,LOW,0.2,0.005,0.0
1774254963.9544144,319.830,-9999.000000,21.971393,26.0,94.2085,LOW,0.2,0.005,0.0
1774254964.0234919,319.899,-9999.000000,21.970229,26.0,94.2318,LOW,0.2,0.005,0.0
1774254964.0848553,319.960,-9999.000000,21.968289,26.0,94.2706,LOW,0.2,0.005,0.0
1774254964.1462722,320.022,-9999.000000,21.965962,26.0,94.3171,LOW,0.2,0.005,0.0
1774254964.216448,320.092,-9999.000000,21.964407,26.0,94.3482,LOW,0.2,0.005,0.0
1774254964.2747452,320.150,-9999.000000,21.967514,26.0,94.2861,LOW,0.2,0.005,0.0
1774254964.3358736,320.211,-9999.000000,21.970619,26.0,94.2240,LOW,0.2,0.005,0.0
1774254964.4048576,320.280,-9999.000000,21.970229,26.0,94.2318,LOW,0.2,0.005,0.0
1774254964.4548945,320.330,-9999.000000,21.968676,26.0,94.2628,LOW,0.2,0.005,0.0
1774254964.5159197,320.391,-9999.000000,21.964798,26.0,94.3404,LOW,0.2,0.005,0.0
1774254964.5747843,320.450,-9999.000000,21.964407,26.0,94.3482,LOW,0.2,0.005,0.0
1774254964.645659,320.521,-9999.000000,21.965962,26.0,94.3171,LOW,0.2,0.005,0.0
1774254964.707948,320.584,-9999.000000,21.970229,26.0,94.2318,LOW,0.2,0.005,0.0
1774254964.7642124,320.640,-9999.000000,21.968289,26.0,94.2706,LOW,0.2,0.005,0.0
1774254964.8363817,320.712,-9999.000000,21.966350,26.0,94.3094,LOW,0.2,0.005,0.0
1774254964.896284,320.772,-9999.000000,21.964020,26.0,94.3560,LOW,0.2,0.005,0.0
1774254964.9639454,320.840,-9999.000000,21.964020,26.0,94.3560,LOW,0.2,0.005,0.0
1774254965.0263739,320.902,-9999.000000,21.966350,26.0,94.3094,LOW,0.2,0.005,0.0
1774254965.0849173,320.960,-9999.000000,21.962855,26.0,94.3793,LOW,0.2,0.005,0.0
1774254965.154939,321.031,-9999.000000,21.968289,26.0,94.2706,LOW,0.2,0.005,0.0
1774254965.2048597,321.080,-9999.000000,21.966737,26.0,94.3016,LOW,0.2,0.005,0.0
1774254965.2661958,321.142,-9999.000000,21.963245,26.0,94.3715,LOW,0.2,0.005,0.0
1774254965.3246586,321.200,-9999.000000,21.962081,26.0,94.3948,LOW,0.2,0.005,0.0
1774254965.3944285,321.270,-9999.000000,21.965572,26.0,94.3249,LOW,0.2,0.005,0.0
1774254965.454981,321.331,-9999.000000,21.967902,26.0,94.2783,LOW,0.2,0.005,0.0
1774254965.5172265,321.393,-9999.000000,21.965962,26.0,94.3171,LOW,0.2,0.005,0.0
1774254965.5847123,321.460,-9999.000000,21.963245,26.0,94.3715,LOW,0.2,0.005,0.0
1774254965.6443043,321.520,-9999.000000,21.959751,26.0,94.4413,LOW,0.2,0.005,0.0
1774254965.7147062,321.590,-9999.000000,21.960916,26.0,94.4180,LOW,0.2,0.005,0.0
1774254965.7760093,321.652,-9999.000000,21.963633,26.0,94.3637,LOW,0.2,0.005,0.0
1774254965.844318,321.720,-9999.000000,21.964798,26.0,94.3404,LOW,0.2,0.005,0.0
1774254965.8878474,321.763,-9999.000000,21.966350,26.0,94.3094,LOW,0.2,0.005,0.0
1774254965.9555278,321.831,-9999.000000,21.965572,26.0,94.3249,LOW,0.2,0.005,0.0
1774254966.0142791,321.890,-9999.000000,21.962081,26.0,94.3948,LOW,0.2,0.005,0.0
1774254966.0778253,321.953,-9999.000000,21.961303,26.0,94.4103,LOW,0.2,0.005,0.0
1774254966.1468189,322.022,-9999.000000,21.961693,26.0,94.4025,LOW,0.2,0.005,0.0
1774254966.2049785,322.081,-9999.000000,21.965185,26.0,94.3327,LOW,0.2,0.005,0.0
1774254966.2744055,322.150,-9999.000000,21.965185,26.0,94.3327,LOW,0.2,0.005,0.0
1774254966.3348858,322.210,-9999.000000,21.963245,26.0,94.3715,LOW,0.2,0.005,0.0
1774254966.3961794,322.272,-9999.000000,21.960529,26.0,94.4258,LOW,0.2,0.005,0.0
1774254966.4662468,322.342,-9999.000000,21.957812,26.0,94.4801,LOW,0.2,0.005,0.0
1774254966.5250413,322.401,-9999.000000,21.958976,26.0,94.4568,LOW,0.2,0.005,0.0
1774254966.5942767,322.470,-9999.000000,21.961303,26.0,94.4103,LOW,0.2,0.005,0.0
1774254966.6427953,322.518,-9999.000000,21.964407,26.0,94.3482,LOW,0.2,0.005,0.0
1774254966.7048712,322.580,-9999.000000,21.963245,26.0,94.3715,LOW,0.2,0.005,0.0
1774254966.7647183,322.640,-9999.000000,21.959364,26.0,94.4491,LOW,0.2,0.005,0.0
1774254966.827757,322.703,-9999.000000,21.957034,26.0,94.4957,LOW,0.2,0.005,0.0
1774254966.89441,322.770,-9999.000000,21.958586,26.0,94.4646,LOW,0.2,0.005,0.0
1774254966.956109,322.832,-9999.000000,21.963245,26.0,94.3715,LOW,0.2,0.005,0.0
1774254967.023685,322.899,-9999.000000,21.962468,26.0,94.3870,LOW,0.2,0.005,0.0
1774254967.0846832,322.960,-9999.000000,21.959751,26.0,94.4413,LOW,0.2,0.005,0.0
1774254967.1540036,323.030,-9999.000000,21.960529,26.0,94.4258,LOW,0.2,0.005,0.0
1774254967.2165442,323.092,-9999.000000,21.956647,26.0,94.5034,LOW,0.2,0.005,0.0
1774254967.2743902,323.150,-9999.000000,21.957034,26.0,94.4957,LOW,0.2,0.005,0.0
1774254967.32615,323.202,-9999.000000,21.958199,26.0,94.4724,LOW,0.2,0.005,0.0
1774254967.3943102,323.270,-9999.000000,21.960529,26.0,94.4258,LOW,0.2,0.005,0.0
1774254967.4543629,323.330,-9999.000000,21.960916,26.0,94.4180,LOW,0.2,0.005,0.0
1774254967.5162554,323.392,-9999.000000,21.959751,26.0,94.4413,LOW,0.2,0.005,0.0
1774254967.5860946,323.462,-9999.000000,21.957034,26.0,94.4957,LOW,0.2,0.005,0.0
1774254967.646234,323.522,-9999.000000,21.955095,26.0,94.5345,LOW,0.2,0.005,0.0
1774254967.7149403,323.591,-9999.000000,21.956260,26.0,94.5112,LOW,0.2,0.005,0.0
1774254967.774229,323.650,-9999.000000,21.958199,26.0,94.4724,LOW,0.2,0.005,0.0
1774254967.832704,323.708,-9999.000000,21.953930,26.0,94.5578,LOW,0.2,0.005,0.0
1774254967.9064057,323.782,-9999.000000,21.960529,26.0,94.4258,LOW,0.2,0.005,0.0
1774254967.9650416,323.841,-9999.000000,21.959751,26.0,94.4413,LOW,0.2,0.005,0.0
1774254968.0350168,323.911,-9999.000000,21.957034,26.0,94.4957,LOW,0.2,0.005,0.0
1774254968.0962806,323.972,-9999.000000,21.953930,26.0,94.5578,LOW,0.2,0.005,0.0
1774254968.1659372,324.042,-9999.000000,21.954317,26.0,94.5500,LOW,0.2,0.005,0.0
1774254968.224971,324.101,-9999.000000,21.957034,26.0,94.4957,LOW,0.2,0.005,0.0
1774254968.2866235,324.162,-9999.000000,21.960138,26.0,94.4336,LOW,0.2,0.005,0.0
1774254968.3544948,324.230,-9999.000000,21.958976,26.0,94.4568,LOW,0.2,0.005,0.0
1774254968.4164424,324.292,-9999.000000,21.957034,26.0,94.4957,LOW,0.2,0.005,0.0
1774254968.484962,324.361,-9999.000000,21.955095,26.0,94.5345,LOW,0.2,0.005,0.0
1774254968.5501175,324.426,-9999.000000,21.953156,26.0,94.5733,LOW,0.2,0.005,0.0
1774254968.6150167,324.491,-9999.000000,21.952378,26.0,94.5888,LOW,0.2,0.005,0.0
1774254968.6763914,324.552,-9999.000000,21.956260,26.0,94.5112,LOW,0.2,0.005,0.0
1774254968.7442055,324.620,-9999.000000,21.957812,26.0,94.4801,LOW,0.2,0.005,0.0
1774254968.8050897,324.681,-9999.000000,21.958199,26.0,94.4724,LOW,0.2,0.005,0.0
1774254968.8663578,324.742,-9999.000000,21.955482,26.0,94.5267,LOW,0.2,0.005,0.0
1774254968.9348555,324.810,-9999.000000,21.952765,26.0,94.5811,LOW,0.2,0.005,0.0
1774254968.9980724,324.874,-9999.000000,21.951603,26.0,94.6043,LOW,0.2,0.005,0.0
1774254969.0546775,324.930,-9999.000000,21.956647,26.0,94.5034,LOW,0.2,0.005,0.0
1774254969.1077857,324.983,-9999.000000,21.954317,26.0,94.5500,LOW,0.2,0.005,0.0
1774254969.1749978,325.051,-9999.000000,21.957034,26.0,94.4957,LOW,0.2,0.005,0.0
1774254969.2377324,325.113,-9999.000000,21.957034,26.0,94.4957,LOW,0.2,0.005,0.0
1774254969.3041728,325.180,-9999.000000,21.955095,26.0,94.5345,LOW,0.2,0.005,0.0
1774254969.3648663,325.240,-9999.000000,21.952765,26.0,94.5811,LOW,0.2,0.005,0.0
1774254969.4336853,325.309,-9999.000000,21.950826,26.0,94.6198,LOW,0.2,0.005,0.0
1774254969.4945831,325.370,-9999.000000,21.951991,26.0,94.5965,LOW,0.2,0.005,0.0
1774254969.5559087,325.431,-9999.000000,21.955482,26.0,94.5267,LOW,0.2,0.005,0.0
1774254969.6239781,325.500,-9999.000000,21.956647,26.0,94.5034,LOW,0.2,0.005,0.0
1774254969.6845357,325.560,-9999.000000,21.951991,26.0,94.5965,LOW,0.2,0.005,0.0
1774254969.7459264,325.621,-9999.000000,21.950439,26.0,94.6276,LOW,0.2,0.005,0.0
1774254969.8142245,325.690,-9999.000000,21.950826,26.0,94.6198,LOW,0.2,0.005,0.0
1774254969.8742688,325.750,-9999.000000,21.954708,26.0,94.5422,LOW,0.2,0.005,0.0
1774254969.937588,325.813,-9999.000000,21.956647,26.0,94.5034,LOW,0.2,0.005,0.0
1774254970.0043094,325.880,-9999.000000,21.954708,26.0,94.5422,LOW,0.2,0.005,0.0
1774254970.0682065,325.944,-9999.000000,21.951213,26.0,94.6121,LOW,0.2,0.005,0.0
1774254970.124744,326.000,-9999.000000,21.950049,26.0,94.6354,LOW,0.2,0.005,0.0
1774254970.194813,326.070,-9999.000000,21.951213,26.0,94.6121,LOW,0.2,0.005,0.0
1774254970.2557843,326.131,-9999.000000,21.954708,26.0,94.5422,LOW,0.2,0.005,0.0
1774254970.3247476,326.200,-9999.000000,21.955095,26.0,94.5345,LOW,0.2,0.005,0.0
1774254970.3850553,326.261,-9999.000000,21.953156,26.0,94.5733,LOW,0.2,0.005,0.0
1774254970.444444,326.320,-9999.000000,21.949661,26.0,94.6431,LOW,0.2,0.005,0.0
1774254970.5067236,326.382,-9999.000000,21.954317,26.0,94.5500,LOW,0.2,0.005,0.0
1774254970.5641897,326.440,-9999.000000,21.951213,26.0,94.6121,LOW,0.2,0.005,0.0
1774254970.6268232,326.502,-9999.000000,21.951991,26.0,94.5965,LOW,0.2,0.005,0.0
1774254970.6849484,326.561,-9999.000000,21.954317,26.0,94.5500,LOW,0.2,0.005,0.0
1774254970.754482,326.630,-9999.000000,21.953930,26.0,94.5578,LOW,0.2,0.005,0.0
1774254970.8165255,326.692,-9999.000000,21.949274,26.0,94.6509,LOW,0.2,0.005,0.0
1774254970.8839502,326.760,-9999.000000,21.948109,26.0,94.6742,LOW,0.2,0.005,0.0
1774254970.9449353,326.821,-9999.000000,21.948496,26.0,94.6664,LOW,0.2,0.005,0.0
1774254971.0141292,326.890,-9999.000000,21.948887,26.0,94.6586,LOW,0.2,0.005,0.0
1774254971.074869,326.950,-9999.000000,21.952378,26.0,94.5888,LOW,0.2,0.005,0.0
1774254971.1357656,327.011,-9999.000000,21.952765,26.0,94.5811,LOW,0.2,0.005,0.0
1774254971.1879437,327.064,-9999.000000,21.952765,26.0,94.5811,LOW,0.2,0.005,0.0
1774254971.2549179,327.130,-9999.000000,21.951213,26.0,94.6121,LOW,0.2,0.005,0.0
1774254971.3180206,327.194,-9999.000000,21.948496,26.0,94.6664,LOW,0.2,0.005,0.0
1774254971.3747716,327.250,-9999.000000,21.947722,26.0,94.6819,LOW,0.2,0.005,0.0
1774254971.4448392,327.320,-9999.000000,21.950439,26.0,94.6276,LOW,0.2,0.005,0.0
1774254971.5075529,327.383,-9999.000000,21.952765,26.0,94.5811,LOW,0.2,0.005,0.0
1774254971.5755796,327.451,-9999.000000,21.952765,26.0,94.5811,LOW,0.2,0.005,0.0
1774254971.6370025,327.513,-9999.000000,21.951603,26.0,94.6043,LOW,0.2,0.005,0.0
1774254971.704035,327.580,-9999.000000,21.949274,26.0,94.6509,LOW,0.2,0.005,0.0
1774254971.7481885,327.624,-9999.000000,21.947335,26.0,94.6897,LOW,0.2,0.005,0.0
1774254971.8143277,327.690,-9999.000000,21.946170,26.0,94.7130,LOW,0.2,0.005,0.0
1774254971.8765643,327.752,-9999.000000,21.946944,26.0,94.6975,LOW,0.2,0.005,0.0
1774254971.944156,327.820,-9999.000000,21.952765,26.0,94.5811,LOW,0.2,0.005,0.0
1774254972.0045938,327.880,-9999.000000,21.951991,26.0,94.5965,LOW,0.2,0.005,0.0
1774254972.0662715,327.942,-9999.000000,21.948496,26.0,94.6664,LOW,0.2,0.005,0.0
1774254972.1349998,328.011,-9999.000000,21.945783,26.0,94.7207,LOW,0.2,0.005,0.0
1774254972.18861,328.064,-9999.000000,21.950826,26.0,94.6198,LOW,0.2,0.005,0.0
1774254972.258123,328.134,-9999.000000,21.948109,26.0,94.6742,LOW,0.2,0.005,0.0
1774254972.3263738,328.202,-9999.000000,21.950826,26.0,94.6198,LOW,0.2,0.005,0.0
1774254972.3842435,328.260,-9999.000000,21.950049,26.0,94.6354,LOW,0.2,0.005,0.0
1774254972.4544935,328.330,-9999.000000,21.948496,26.0,94.6664,LOW,0.2,0.005,0.0
1774254972.514865,328.390,-9999.000000,21.945392,26.0,94.7285,LOW,0.2,0.005,0.0
1774254972.5838351,328.459,-9999.000000,21.945392,26.0,94.7285,LOW,0.2,0.005,0.0
1774254972.6445808,328.520,-9999.000000,21.946944,26.0,94.6975,LOW,0.2,0.005,0.0
1774254972.704645,328.580,-9999.000000,21.949661,26.0,94.6431,LOW,0.2,0.005,0.0
1774254972.7749903,328.651,-9999.000000,21.949661,26.0,94.6431,LOW,0.2,0.005,0.0
1774254972.837901,328.713,-9999.000000,21.947335,26.0,94.6897,LOW,0.2,0.005,0.0
1774254972.894568,328.770,-9999.000000,21.945005,26.0,94.7363,LOW,0.2,0.005,0.0
1774254972.9647684,328.840,-9999.000000,21.943840,26.0,94.7596,LOW,0.2,0.005,0.0
1774254973.0243769,328.900,-9999.000000,21.945392,26.0,94.7285,LOW,0.2,0.005,0.0
1774254973.0845118,328.960,-9999.000000,21.943840,26.0,94.7596,LOW,0.2,0.005,0.0
1774254973.1359816,329.012,-9999.000000,21.949274,26.0,94.6509,LOW,0.2,0.005,0.0
1774254973.2065823,329.082,-9999.000000,21.948109,26.0,94.6742,LOW,0.2,0.005,0.0
1774254973.265008,329.141,-9999.000000,21.943840,26.0,94.7596,LOW,0.2,0.005,0.0
1774254973.3246155,329.200,-9999.000000,21.943840,26.0,94.7596,LOW,0.2,0.005,0.0
1774254973.3943553,329.270,-9999.000000,21.945783,26.0,94.7207,LOW,0.2,0.005,0.0
1774254973.4611657,329.337,-9999.000000,21.948887,26.0,94.6586,LOW,0.2,0.005,0.0
1774254973.5239046,329.399,-9999.000000,21.947335,26.0,94.6897,LOW,0.2,0.005,0.0
1774254973.5842679,329.460,-9999.000000,21.943840,26.0,94.7596,LOW,0.2,0.005,0.0
1774254973.6457932,329.521,-9999.000000,21.942288,26.0,94.7906,LOW,0.2,0.005,0.0
1774254973.7160401,329.592,-9999.000000,21.943066,26.0,94.7750,LOW,0.2,0.005,0.0
1774254973.774571,329.650,-9999.000000,21.945783,26.0,94.7207,LOW,0.2,0.005,0.0
1774254973.8325484,329.708,-9999.000000,21.943066,26.0,94.7750,LOW,0.2,0.005,0.0
1774254973.90491,329.780,-9999.000000,21.947722,26.0,94.6819,LOW,0.2,0.005,0.0
1774254973.9676704,329.843,-9999.000000,21.943453,26.0,94.7673,LOW,0.2,0.005,0.0
1774254974.024235,329.900,-9999.000000,21.947722,26.0,94.6819,LOW,0.2,0.005,0.0
1774254974.0746357,329.950,-9999.000000,21.942288,26.0,94.7906,LOW,0.2,0.005,0.0
1774254974.1447046,330.020,-9999.000000,21.945392,26.0,94.7285,LOW,0.2,0.005,0.0
1774254974.20625,330.082,-9999.000000,21.947722,26.0,94.6819,LOW,0.2,0.005,0.0
1774254974.2742066,330.150,-9999.000000,21.946944,26.0,94.6975,LOW,0.2,0.005,0.0
1774254974.3342907,330.210,-9999.000000,21.943453,26.0,94.7673,LOW,0.2,0.005,0.0
1774254974.3966076,330.272,-9999.000000,21.941514,26.0,94.8061,LOW,0.2,0.005,0.0
1774254974.4646158,330.340,-9999.000000,21.941901,26.0,94.7983,LOW,0.2,0.005,0.0
1774254974.5266402,330.402,-9999.000000,21.944228,26.0,94.7518,LOW,0.2,0.005,0.0
1774254974.593859,330.469,-9999.000000,21.948496,26.0,94.6664,LOW,0.2,0.005,0.0
1774254974.654337,330.530,-9999.000000,21.946170,26.0,94.7130,LOW,0.2,0.005,0.0
1774254974.7163224,330.592,-9999.000000,21.945005,26.0,94.7363,LOW,0.2,0.005,0.0
1774254974.7848175,330.660,-9999.000000,21.941901,26.0,94.7983,LOW,0.2,0.005,0.0
1774254974.8445349,330.720,-9999.000000,21.940737,26.0,94.8216,LOW,0.2,0.005,0.0
1774254974.9146466,330.790,-9999.000000,21.941514,26.0,94.8061,LOW,0.2,0.005,0.0
1774254974.9748027,330.850,-9999.000000,21.944618,26.0,94.7440,LOW,0.2,0.005,0.0
1774254975.040107,330.916,-9999.000000,21.945783,26.0,94.7207,LOW,0.2,0.005,0.0
1774254975.106286,330.982,-9999.000000,21.944228,26.0,94.7518,LOW,0.2,0.005,0.0
1774254975.1643074,331.040,-9999.000000,21.941514,26.0,94.8061,LOW,0.2,0.005,0.0
1774254975.2343957,331.110,-9999.000000,21.939185,26.0,94.8527,LOW,0.2,0.005,0.0
1774254975.2960994,331.172,-9999.000000,21.939185,26.0,94.8527,LOW,0.2,0.005,0.0
1774254975.3548596,331.230,-9999.000000,21.942676,26.0,94.7828,LOW,0.2,0.005,0.0
1774254975.4242864,331.300,-9999.000000,21.945005,26.0,94.7363,LOW,0.2,0.005,0.0
1774254975.487126,331.363,-9999.000000,21.945005,26.0,94.7363,LOW,0.2,0.005,0.0
1774254975.5548472,331.430,-9999.000000,21.941124,26.0,94.8139,LOW,0.2,0.005,0.0
1774254975.6164892,331.492,-9999.000000,21.938020,26.0,94.8760,LOW,0.2,0.005,0.0
1774254975.674704,331.550,-9999.000000,21.941901,26.0,94.7983,LOW,0.2,0.005,0.0
1774254975.7443063,331.620,-9999.000000,21.941514,26.0,94.8061,LOW,0.2,0.005,0.0
1774254975.8069513,331.683,-9999.000000,21.944618,26.0,94.7440,LOW,0.2,0.005,0.0
1774254975.8743594,331.750,-9999.000000,21.944228,26.0,94.7518,LOW,0.2,0.005,0.0
1774254975.9273286,331.803,-9999.000000,21.941901,26.0,94.7983,LOW,0.2,0.005,0.0
1774254975.9949656,331.871,-9999.000000,21.937633,26.0,94.8837,LOW,0.2,0.005,0.0
1774254976.0567992,331.932,-9999.000000,21.944228,26.0,94.7518,LOW,0.2,0.005,0.0
1774254976.107779,331.983,-9999.000000,21.941901,26.0,94.7983,LOW,0.2,0.005,0.0
1774254976.1759975,332.052,-9999.000000,21.943453,26.0,94.7673,LOW,0.2,0.005,0.0
1774254976.2344131,332.110,-9999.000000,21.943840,26.0,94.7596,LOW,0.2,0.005,0.0
1774254976.304943,332.181,-9999.000000,21.942288,26.0,94.7906,LOW,0.2,0.005,0.0
1774254976.3696294,332.245,-9999.000000,21.938020,26.0,94.8760,LOW,0.2,0.005,0.0
1774254976.4242454,332.300,-9999.000000,21.938407,26.0,94.8682,LOW,0.2,0.005,0.0
1774254976.4948819,332.370,-9999.000000,21.941514,26.0,94.8061,LOW,0.2,0.005,0.0
1774254976.5576167,332.433,-9999.000000,21.943453,26.0,94.7673,LOW,0.2,0.005,0.0
1774254976.6165156,332.492,-9999.000000,21.939959,26.0,94.8372,LOW,0.2,0.005,0.0
1774254976.6875296,332.563,-9999.000000,21.938407,26.0,94.8682,LOW,0.2,0.005,0.0
1774254976.7447922,332.620,-9999.000000,21.936855,26.0,94.8993,LOW,0.2,0.005,0.0
1774254976.7947953,332.670,-9999.000000,21.937245,26.0,94.8915,LOW,0.2,0.005,0.0
1774254976.857482,332.733,-9999.000000,21.941514,26.0,94.8061,LOW,0.2,0.005,0.0
1774254976.9246926,332.800,-9999.000000,21.941901,26.0,94.7983,LOW,0.2,0.005,0.0
1774254976.9872127,332.863,-9999.000000,21.939572,26.0,94.8449,LOW,0.2,0.005,0.0
1774254977.044381,332.920,-9999.000000,21.936468,26.0,94.9070,LOW,0.2,0.005,0.0
1774254977.114842,332.990,-9999.000000,21.935693,26.0,94.9225,LOW,0.2,0.005,0.0
1774254977.175806,333.051,-9999.000000,21.938797,26.0,94.8604,LOW,0.2,0.005,0.0
1774254977.2442312,333.120,-9999.000000,21.941124,26.0,94.8139,LOW,0.2,0.005,0.0
1774254977.3042874,333.180,-9999.000000,21.941124,26.0,94.8139,LOW,0.2,0.005,0.0
1774254977.3718042,333.247,-9999.000000,21.939572,26.0,94.8449,LOW,0.2,0.005,0.0
1774254977.4342854,333.310,-9999.000000,21.937245,26.0,94.8915,LOW,0.2,0.005,0.0
1774254977.4967656,333.372,-9999.000000,21.934916,26.0,94.9380,LOW,0.2,0.005,0.0
1774254977.548401,333.424,-9999.000000,21.934916,26.0,94.9380,LOW,0.2,0.005,0.0
1774254977.604905,333.480,-9999.000000,21.940737,26.0,94.8216,LOW,0.2,0.005,0.0
1774254977.6744556,333.550,-9999.000000,21.940349,26.0,94.8294,LOW,0.2,0.005,0.0
1774254977.7361307,333.612,-9999.000000,21.938407,26.0,94.8682,LOW,0.2,0.005,0.0
1774254977.7945683,333.670,-9999.000000,21.935303,26.0,94.9303,LOW,0.2,0.005,0.0
1774254977.866559,333.742,-9999.000000,21.935303,26.0,94.9303,LOW,0.2,0.005,0.0
1774254977.9247622,333.800,-9999.000000,21.937633,26.0,94.8837,LOW,0.2,0.005,0.0
1774254977.9935856,333.869,-9999.000000,21.939572,26.0,94.8449,LOW,0.2,0.005,0.0
1774254978.0557663,333.931,-9999.000000,21.938797,26.0,94.8604,LOW,0.2,0.005,0.0
1774254978.1144798,333.990,-9999.000000,21.934916,26.0,94.9380,LOW,0.2,0.005,0.0
1774254978.183669,334.059,-9999.000000,21.933751,26.0,94.9613,LOW,0.2,0.005,0.0
1774254978.2460742,334.122,-9999.000000,21.937245,26.0,94.8915,LOW,0.2,0.005,0.0
1774254978.3042767,334.180,-9999.000000,21.939959,26.0,94.8372,LOW,0.2,0.005,0.0
1774254978.373904,334.249,-9999.000000,21.939185,26.0,94.8527,LOW,0.2,0.005,0.0
1774254978.4343324,334.310,-9999.000000,21.935693,26.0,94.9225,LOW,0.2,0.005,0.0
1774254978.49612,334.372,-9999.000000,21.932977,26.0,94.9768,LOW,0.2,0.005,0.0
1774254978.5478482,334.423,-9999.000000,21.934529,26.0,94.9458,LOW,0.2,0.005,0.0
1774254978.604391,334.480,-9999.000000,21.938020,26.0,94.8760,LOW,0.2,0.005,0.0
1774254978.6746137,334.550,-9999.000000,21.939572,26.0,94.8449,LOW,0.2,0.005,0.0
1774254978.7346594,334.610,-9999.000000,21.938407,26.0,94.8682,LOW,0.2,0.005,0.0
1774254978.8034723,334.679,-9999.000000,21.934139,26.0,94.9536,LOW,0.2,0.005,0.0
1774254978.866275,334.742,-9999.000000,21.932199,26.0,94.9924,LOW,0.2,0.005,0.0
1774254978.924597,334.800,-9999.000000,21.935693,26.0,94.9225,LOW,0.2,0.005,0.0
1774254978.9860716,334.862,-9999.000000,21.938407,26.0,94.8682,LOW,0.2,0.005,0.0
1774254979.0557868,334.931,-9999.000000,21.937245,26.0,94.8915,LOW,0.2,0.005,0.0
1774254979.114733,334.990,-9999.000000,21.932977,26.0,94.9768,LOW,0.2,0.005,0.0
1774254979.1839225,335.059,-9999.000000,21.931812,26.0,95.0001,LOW,0.2,0.005,0.0
1774254979.246721,335.122,-9999.000000,21.932199,26.0,94.9924,LOW,0.2,0.005,0.0
1774254979.3136609,335.189,-9999.000000,21.935693,26.0,94.9225,LOW,0.2,0.005,0.0
1774254979.3648736,335.240,-9999.000000,21.932199,26.0,94.9924,LOW,0.2,0.005,0.0
1774254979.434329,335.310,-9999.000000,21.935693,26.0,94.9225,LOW,0.2,0.005,0.0
1774254979.5040472,335.380,-9999.000000,21.932977,26.0,94.9768,LOW,0.2,0.005,0.0
1774254979.5664184,335.442,-9999.000000,21.931035,26.0,95.0157,LOW,0.2,0.005,0.0
1774254979.6280565,335.504,-9999.000000,21.931425,26.0,95.0079,LOW,0.2,0.005,0.0
1774254979.696986,335.573,-9999.000000,21.933751,26.0,94.9613,LOW,0.2,0.005,0.0
1774254979.7564473,335.632,-9999.000000,21.937245,26.0,94.8915,LOW,0.2,0.005,0.0
1774254979.8246927,335.700,-9999.000000,21.936468,26.0,94.9070,LOW,0.2,0.005,0.0
1774254979.8846223,335.760,-9999.000000,21.934529,26.0,94.9458,LOW,0.2,0.005,0.0
1774254979.9449499,335.821,-9999.000000,21.931812,26.0,95.0001,LOW,0.2,0.005,0.0
1774254980.0155199,335.891,-9999.000000,21.930647,26.0,95.0234,LOW,0.2,0.005,0.0
1774254980.0772655,335.953,-9999.000000,21.933364,26.0,94.9691,LOW,0.2,0.005,0.0
1774254980.1441302,336.020,-9999.000000,21.935693,26.0,94.9225,LOW,0.2,0.005,0.0
1774254980.204231,336.080,-9999.000000,21.936468,26.0,94.9070,LOW,0.2,0.005,0.0
1774254980.2677817,336.143,-9999.000000,21.933364,26.0,94.9691,LOW,0.2,0.005,0.0
1774254980.3345768,336.210,-9999.000000,21.930260,26.0,95.0312,LOW,0.2,0.005,0.0
1774254980.3948288,336.270,-9999.000000,21.929483,26.0,95.0467,LOW,0.2,0.005,0.0
1774254980.4641294,336.340,-9999.000000,21.932587,26.0,94.9846,LOW,0.2,0.005,0.0
1774254980.5244448,336.400,-9999.000000,21.934529,26.0,94.9458,LOW,0.2,0.005,0.0
1774254980.5862353,336.462,-9999.000000,21.935303,26.0,94.9303,LOW,0.2,0.005,0.0
1774254980.6564996,336.532,-9999.000000,21.933751,26.0,94.9613,LOW,0.2,0.005,0.0
1774254980.704705,336.580,-9999.000000,21.932977,26.0,94.9768,LOW,0.2,0.005,0.0
1774254980.7648034,336.640,-9999.000000,21.929483,26.0,95.0467,LOW,0.2,0.005,0.0
1774254980.8246431,336.700,-9999.000000,21.930260,26.0,95.0312,LOW,0.2,0.005,0.0
1774254980.8956344,336.771,-9999.000000,21.931812,26.0,95.0001,LOW,0.2,0.005,0.0
1774254980.9563456,336.832,-9999.000000,21.935303,26.0,94.9303,LOW,0.2,0.005,0.0
1774254981.0247438,336.900,-9999.000000,21.934139,26.0,94.9536,LOW,0.2,0.005,0.0
1774254981.0848293,336.960,-9999.000000,21.928708,26.0,95.0622,LOW,0.2,0.005,0.0
1774254981.1459942,337.022,-9999.000000,21.928708,26.0,95.0622,LOW,0.2,0.005,0.0
1774254981.2159407,337.092,-9999.000000,21.928708,26.0,95.0622,LOW,0.2,0.005,0.0
1774254981.2791927,337.155,-9999.000000,21.929483,26.0,95.0467,LOW,0.2,0.005,0.0
1774254981.327034,337.203,-9999.000000,21.932587,26.0,94.9846,LOW,0.2,0.005,0.0
1774254981.3937576,337.269,-9999.000000,21.933751,26.0,94.9613,LOW,0.2,0.005,0.0
1774254981.454918,337.330,-9999.000000,21.932587,26.0,94.9846,LOW,0.2,0.005,0.0
1774254981.5169144,337.392,-9999.000000,21.929483,26.0,95.0467,LOW,0.2,0.005,0.0
1774254981.58446,337.460,-9999.000000,21.927544,26.0,95.0855,LOW,0.2,0.005,0.0
1774254981.6445425,337.520,-9999.000000,21.928708,26.0,95.0622,LOW,0.2,0.005,0.0
1774254981.706928,337.582,-9999.000000,21.932199,26.0,94.9924,LOW,0.2,0.005,0.0
1774254981.776483,337.652,-9999.000000,21.932977,26.0,94.9768,LOW,0.2,0.005,0.0
1774254981.8345642,337.710,-9999.000000,21.932587,26.0,94.9846,LOW,0.2,0.005,0.0
1774254981.9042482,337.780,-9999.000000,21.930260,26.0,95.0312,LOW,0.2,0.005,0.0
1774254981.9681284,337.844,-9999.000000,21.928708,26.0,95.0622,LOW,0.2,0.005,0.0
1774254982.0243556,337.900,-9999.000000,21.931812,26.0,95.0001,LOW,0.2,0.005,0.0
1774254982.0806246,337.956,-9999.000000,21.928708,26.0,95.0622,LOW,0.2,0.005,0.0
1774254982.1442406,338.020,-9999.000000,21.931812,26.0,95.0001,LOW,0.2,0.005,0.0
1774254982.2070422,338.083,-9999.000000,21.932199,26.0,94.9924,LOW,0.2,0.005,0.0
1774254982.264542,338.140,-9999.000000,21.930260,26.0,95.0312,LOW,0.2,0.005,0.0
1774254982.3349717,338.211,-9999.000000,21.926766,26.0,95.1010,LOW,0.2,0.005,0.0
1774254982.3962455,338.272,-9999.000000,21.925604,26.0,95.1243,LOW,0.2,0.005,0.0
1774254982.4545965,338.330,-9999.000000,21.930647,26.0,95.0234,LOW,0.2,0.005,0.0
1774254982.5303798,338.406,-9999.000000,21.928708,26.0,95.0622,LOW,0.2,0.005,0.0
1774254982.5858457,338.461,-9999.000000,21.926379,26.0,95.1088,LOW,0.2,0.005,0.0
1774254982.647343,338.523,-9999.000000,21.925214,26.0,95.1321,LOW,0.2,0.005,0.0
1774254982.7044573,338.580,-9999.000000,21.927544,26.0,95.0855,LOW,0.2,0.005,0.0
1774254982.7686174,338.644,-9999.000000,21.927931,26.0,95.0777,LOW,0.2,0.005,0.0
1774254982.8442826,338.720,-9999.000000,21.929096,26.0,95.0545,LOW,0.2,0.005,0.0
1774254982.9063287,338.782,-9999.000000,21.931812,26.0,95.0001,LOW,0.2,0.005,0.0
1774254982.9642026,338.840,-9999.000000,21.929096,26.0,95.0545,LOW,0.2,0.005,0.0
1774254983.0344465,338.910,-9999.000000,21.928318,26.0,95.0700,LOW,0.2,0.005,0.0
1774254983.096271,338.972,-9999.000000,21.924440,26.0,95.1476,LOW,0.2,0.005,0.0
1774254983.1661973,339.042,-9999.000000,21.924440,26.0,95.1476,LOW,0.2,0.005,0.0
1774254983.2243915,339.100,-9999.000000,21.924827,26.0,95.1398,LOW,0.2,0.005,0.0
1774254983.2948039,339.170,-9999.000000,21.928318,26.0,95.0700,LOW,0.2,0.005,0.0
1774254983.347563,339.223,-9999.000000,21.924050,26.0,95.1554,LOW,0.2,0.005,0.0
1774254983.4203968,339.296,-9999.000000,21.926766,26.0,95.1010,LOW,0.2,0.005,0.0
1774254983.4850488,339.361,-9999.000000,21.923662,26.0,95.1631,LOW,0.2,0.005,0.0
1774254983.5446918,339.420,-9999.000000,21.924440,26.0,95.1476,LOW,0.2,0.005,0.0
1774254983.6111977,339.487,-9999.000000,21.926379,26.0,95.1088,LOW,0.2,0.005,0.0
1774254983.6764019,339.552,-9999.000000,21.928708,26.0,95.0622,LOW,0.2,0.005,0.0
1774254983.7342188,339.610,-9999.000000,21.929096,26.0,95.0545,LOW,0.2,0.005,0.0
1774254983.804758,339.680,-9999.000000,21.926379,26.0,95.1088,LOW,0.2,0.005,0.0
1774254983.868301,339.744,-9999.000000,21.924050,26.0,95.1554,LOW,0.2,0.005,0.0
1774254983.9247665,339.800,-9999.000000,21.922888,26.0,95.1786,LOW,0.2,0.005,0.0
1774254983.995104,339.871,-9999.000000,21.926379,26.0,95.1088,LOW,0.2,0.005,0.0
1774254984.0599687,339.936,-9999.000000,21.928318,26.0,95.0700,LOW,0.2,0.005,0.0
1774254984.1164215,339.992,-9999.000000,21.926766,26.0,95.1010,LOW,0.2,0.005,0.0
1774254984.18683,340.062,-9999.000000,21.924050,26.0,95.1554,LOW,0.2,0.005,0.0
1774254984.2439423,340.120,-9999.000000,21.927931,26.0,95.0777,LOW,0.2,0.005,0.0
1774254984.3144991,340.190,-9999.000000,21.925214,26.0,95.1321,LOW,0.2,0.005,0.0
1774254984.3749042,340.250,-9999.000000,21.928708,26.0,95.0622,LOW,0.2,0.005,0.0
1774254984.4348211,340.310,-9999.000000,21.927156,26.0,95.0932,LOW,0.2,0.005,0.0
1774254984.5048347,340.380,-9999.000000,21.928318,26.0,95.0700,LOW,0.2,0.005,0.0
1774254984.5647547,340.440,-9999.000000,21.925992,26.0,95.1165,LOW,0.2,0.005,0.0
1774254984.6380599,340.514,-9999.000000,21.925214,26.0,95.1321,LOW,0.2,0.005,0.0
1774254984.6940756,340.570,-9999.000000,21.927544,26.0,95.0855,LOW,0.2,0.005,0.0
1774254984.75467,340.630,-9999.000000,21.922888,26.0,95.1786,LOW,0.2,0.005,0.0
1774254984.8272097,340.703,-9999.000000,21.925214,26.0,95.1321,LOW,0.2,0.005,0.0
1774254984.8749259,340.750,-9999.000000,21.926766,26.0,95.1010,LOW,0.2,0.005,0.0
1774254984.9346797,340.810,-9999.000000,21.926766,26.0,95.1010,LOW,0.2,0.005,0.0
1774254985.005042,340.881,-9999.000000,21.924827,26.0,95.1398,LOW,0.2,0.005,0.0
1774254985.066478,340.942,-9999.000000,21.922111,26.0,95.1942,LOW,0.2,0.005,0.0
1774254985.124478,341.000,-9999.000000,21.922498,26.0,95.1864,LOW,0.2,0.005,0.0
1774254985.1946764,341.070,-9999.000000,21.924827,26.0,95.1398,LOW,0.2,0.005,0.0
1774254985.256095,341.132,-9999.000000,21.925992,26.0,95.1165,LOW,0.2,0.005,0.0
1774254985.3144665,341.190,-9999.000000,21.923275,26.0,95.1709,LOW,0.2,0.005,0.0
1774254985.3849547,341.261,-9999.000000,21.920559,26.0,95.2252,LOW,0.2,0.005,0.0
1774254985.43906,341.315,-9999.000000,21.927156,26.0,95.0932,LOW,0.2,0.005,0.0
1774254985.5072405,341.383,-9999.000000,21.923662,26.0,95.1631,LOW,0.2,0.005,0.0
1774254985.5757544,341.451,-9999.000000,21.926379,26.0,95.1088,LOW,0.2,0.005,0.0
1774254985.634231,341.510,-9999.000000,21.921723,26.0,95.2019,LOW,0.2,0.005,0.0
1774254985.7044487,341.580,-9999.000000,21.921336,26.0,95.2096,LOW,0.2,0.005,0.0
1774254985.7541099,341.630,-9999.000000,21.922111,26.0,95.1942,LOW,0.2,0.005,0.0
1774254985.8247674,341.700,-9999.000000,21.920946,26.0,95.2174,LOW,0.2,0.005,0.0
1774254985.89463,341.770,-9999.000000,21.924050,26.0,95.1554,LOW,0.2,0.005,0.0
1774254985.9560156,341.832,-9999.000000,21.924827,26.0,95.1398,LOW,0.2,0.005,0.0
1774254986.023754,341.899,-9999.000000,21.923662,26.0,95.1631,LOW,0.2,0.005,0.0
1774254986.084905,341.960,-9999.000000,21.919394,26.0,95.2485,LOW,0.2,0.005,0.0
1774254986.1448905,342.020,-9999.000000,21.919007,26.0,95.2562,LOW,0.2,0.005,0.0
1774254986.2138495,342.089,-9999.000000,21.922111,26.0,95.1942,LOW,0.2,0.005,0.0
1774254986.268965,342.145,-9999.000000,21.919007,26.0,95.2562,LOW,0.2,0.005,0.0
1774254986.3343043,342.210,-9999.000000,21.924050,26.0,95.1554,LOW,0.2,0.005,0.0
1774254986.4045386,342.280,-9999.000000,21.923275,26.0,95.1709,LOW,0.2,0.005,0.0
1774254986.4660957,342.342,-9999.000000,21.919007,26.0,95.2562,LOW,0.2,0.005,0.0
1774254986.524332,342.400,-9999.000000,21.919394,26.0,95.2485,LOW,0.2,0.005,0.0
1774254986.5762975,342.452,-9999.000000,21.922888,26.0,95.1786,LOW,0.2,0.005,0.0
1774254986.6347132,342.510,-9999.000000,21.924050,26.0,95.1554,LOW,0.2,0.005,0.0
1774254986.7046933,342.580,-9999.000000,21.923275,26.0,95.1709,LOW,0.2,0.005,0.0
1774254986.7658997,342.641,-9999.000000,21.920171,26.0,95.2329,LOW,0.2,0.005,0.0
1774254986.8346014,342.710,-9999.000000,21.918229,26.0,95.2718,LOW,0.2,0.005,0.0
1774254986.8950498,342.771,-9999.000000,21.917455,26.0,95.2873,LOW,0.2,0.005,0.0
1774254986.963922,342.839,-9999.000000,21.920171,26.0,95.2329,LOW,0.2,0.005,0.0
1774254987.0244923,342.900,-9999.000000,21.922888,26.0,95.1786,LOW,0.2,0.005,0.0
1774254987.0871325,342.963,-9999.000000,21.922888,26.0,95.1786,LOW,0.2,0.005,0.0
1774254987.1560378,343.032,-9999.000000,21.921336,26.0,95.2096,LOW,0.2,0.005,0.0
1774254987.2103832,343.086,-9999.000000,21.923662,26.0,95.1631,LOW,0.2,0.005,0.0
1774254987.2646885,343.140,-9999.000000,21.918229,26.0,95.2718,LOW,0.2,0.005,0.0
1774254987.3274906,343.203,-9999.000000,21.916678,26.0,95.3028,LOW,0.2,0.005,0.0
1774254987.3961034,343.272,-9999.000000,21.919781,26.0,95.2407,LOW,0.2,0.005,0.0
1774254987.456248,343.332,-9999.000000,21.923275,26.0,95.1709,LOW,0.2,0.005,0.0
1774254987.524283,343.400,-9999.000000,21.922111,26.0,95.1942,LOW,0.2,0.005,0.0
1774254987.5846312,343.460,-9999.000000,21.919007,26.0,95.2562,LOW,0.2,0.005,0.0
1774254987.6510453,343.527,-9999.000000,21.916290,26.0,95.3106,LOW,0.2,0.005,0.0
1774254987.7164593,343.592,-9999.000000,21.916290,26.0,95.3106,LOW,0.2,0.005,0.0
1774254987.7746067,343.650,-9999.000000,21.919394,26.0,95.2485,LOW,0.2,0.005,0.0
1774254987.83785,343.713,-9999.000000,21.922111,26.0,95.1942,LOW,0.2,0.005,0.0
1774254987.8846233,343.760,-9999.000000,21.922111,26.0,95.1942,LOW,0.2,0.005,0.0
1774254987.9549649,343.831,-9999.000000,21.920559,26.0,95.2252,LOW,0.2,0.005,0.0
1774254988.016245,343.892,-9999.000000,21.916678,26.0,95.3028,LOW,0.2,0.005,0.0
1774254988.0744472,343.950,-9999.000000,21.916290,26.0,95.3106,LOW,0.2,0.005,0.0
1774254988.14458,344.020,-9999.000000,21.919007,26.0,95.2562,LOW,0.2,0.005,0.0
1774254988.2065346,344.082,-9999.000000,21.920559,26.0,95.2252,LOW,0.2,0.005,0.0
1774254988.2757683,344.151,-9999.000000,21.921336,26.0,95.2096,LOW,0.2,0.005,0.0
1774254988.3347328,344.210,-9999.000000,21.921336,26.0,95.2096,LOW,0.2,0.005,0.0
1774254988.3944814,344.270,-9999.000000,21.918620,26.0,95.2640,LOW,0.2,0.005,0.0
1774254988.4681597,344.344,-9999.000000,21.916678,26.0,95.3028,LOW,0.2,0.005,0.0
1774254988.5148916,344.390,-9999.000000,21.914739,26.0,95.3416,LOW,0.2,0.005,0.0
1774254988.575716,344.451,-9999.000000,21.916290,26.0,95.3106,LOW,0.2,0.005,0.0
1774254988.6461189,344.522,-9999.000000,21.919394,26.0,95.2485,LOW,0.2,0.005,0.0
1774254988.704705,344.580,-9999.000000,21.922111,26.0,95.1942,LOW,0.2,0.005,0.0
1774254988.7661881,344.642,-9999.000000,21.919007,26.0,95.2562,LOW,0.2,0.005,0.0
1774254988.8343098,344.710,-9999.000000,21.916678,26.0,95.3028,LOW,0.2,0.005,0.0
1774254988.9012969,344.777,-9999.000000,21.914351,26.0,95.3493,LOW,0.2,0.005,0.0
1774254988.9543371,344.830,-9999.000000,21.920171,26.0,95.2329,LOW,0.2,0.005,0.0
1774254989.0270777,344.903,-9999.000000,21.920171,26.0,95.2329,LOW,0.2,0.005,0.0
1774254989.0863717,344.962,-9999.000000,21.920559,26.0,95.2252,LOW,0.2,0.005,0.0
1774254989.1556747,345.031,-9999.000000,21.919781,26.0,95.2407,LOW,0.2,0.005,0.0
1774254989.2048714,345.080,-9999.000000,21.916678,26.0,95.3028,LOW,0.2,0.005,0.0
1774254989.2646976,345.140,-9999.000000,21.914739,26.0,95.3416,LOW,0.2,0.005,0.0
1774254989.3337584,345.209,-9999.000000,21.915126,26.0,95.3338,LOW,0.2,0.005,0.0
1774254989.3948982,345.270,-9999.000000,21.915903,26.0,95.3183,LOW,0.2,0.005,0.0
1774254989.4562545,345.332,-9999.000000,21.919394,26.0,95.2485,LOW,0.2,0.005,0.0
1774254989.5269387,345.403,-9999.000000,21.920171,26.0,95.2329,LOW,0.2,0.005,0.0
1774254989.5847669,345.460,-9999.000000,21.919007,26.0,95.2562,LOW,0.2,0.005,0.0
1774254989.65431,345.530,-9999.000000,21.917068,26.0,95.2950,LOW,0.2,0.005,0.0
1774254989.7048416,345.580,-9999.000000,21.915903,26.0,95.3183,LOW,0.2,0.005,0.0
1774254989.7645185,345.640,-9999.000000,21.912409,26.0,95.3882,LOW,0.2,0.005,0.0
1774254989.8280973,345.704,-9999.000000,21.913574,26.0,95.3649,LOW,0.2,0.005,0.0
1774254989.895829,345.771,-9999.000000,21.917455,26.0,95.2873,LOW,0.2,0.005,0.0
1774254989.9547439,345.830,-9999.000000,21.919394,26.0,95.2485,LOW,0.2,0.005,0.0
1774254990.0241165,345.900,-9999.000000,21.918620,26.0,95.2640,LOW,0.2,0.005,0.0
1774254990.086224,345.962,-9999.000000,21.916290,26.0,95.3106,LOW,0.2,0.005,0.0
1774254990.153732,346.029,-9999.000000,21.913574,26.0,95.3649,LOW,0.2,0.005,0.0
1774254990.2144353,346.090,-9999.000000,21.913187,26.0,95.3726,LOW,0.2,0.005,0.0
1774254990.274656,346.150,-9999.000000,21.915516,26.0,95.3260,LOW,0.2,0.005,0.0
1774254990.3247259,346.200,-9999.000000,21.916290,26.0,95.3106,LOW,0.2,0.005,0.0
1774254990.3863626,346.262,-9999.000000,21.919007,26.0,95.2562,LOW,0.2,0.005,0.0
1774254990.4561365,346.332,-9999.000000,21.918229,26.0,95.2718,LOW,0.2,0.005,0.0
1774254990.5147862,346.390,-9999.000000,21.914739,26.0,95.3416,LOW,0.2,0.005,0.0
1774254990.5847805,346.460,-9999.000000,21.912409,26.0,95.3882,LOW,0.2,0.005,0.0
1774254990.6479738,346.524,-9999.000000,21.912022,26.0,95.3959,LOW,0.2,0.005,0.0
1774254990.7149918,346.591,-9999.000000,21.912409,26.0,95.3882,LOW,0.2,0.005,0.0
1774254990.7742472,346.650,-9999.000000,21.913961,26.0,95.3571,LOW,0.2,0.005,0.0
1774254990.8456357,346.721,-9999.000000,21.915903,26.0,95.3183,LOW,0.2,0.005,0.0
1774254990.8985064,346.774,-9999.000000,21.913187,26.0,95.3726,LOW,0.2,0.005,0.0
1774254990.9543045,346.830,-9999.000000,21.916290,26.0,95.3106,LOW,0.2,0.005,0.0
1774254991.016279,346.892,-9999.000000,21.913574,26.0,95.3649,LOW,0.2,0.005,0.0
1774254991.0843036,346.960,-9999.000000,21.911635,26.0,95.4037,LOW,0.2,0.005,0.0
1774254991.149022,347.025,-9999.000000,21.911635,26.0,95.4037,LOW,0.2,0.005,0.0
1774254991.2148871,347.090,-9999.000000,21.911635,26.0,95.4037,LOW,0.2,0.005,0.0
1774254991.274265,347.150,-9999.000000,21.915126,26.0,95.3338,LOW,0.2,0.005,0.0
1774254991.3437288,347.219,-9999.000000,21.916290,26.0,95.3106,LOW,0.2,0.005,0.0
1774254991.4068835,347.282,-9999.000000,21.916290,26.0,95.3106,LOW,0.2,0.005,0.0
1774254991.4548185,347.330,-9999.000000,21.913961,26.0,95.3571,LOW,0.2,0.005,0.0
1774254991.5143592,347.390,-9999.000000,21.910858,26.0,95.4192,LOW,0.2,0.005,0.0
1774254991.5744731,347.450,-9999.000000,21.912022,26.0,95.3959,LOW,0.2,0.005,0.0
1774254991.6448612,347.520,-9999.000000,21.913187,26.0,95.3726,LOW,0.2,0.005,0.0
1774254991.7095242,347.585,-9999.000000,21.916290,26.0,95.3106,LOW,0.2,0.005,0.0
1774254991.7742834,347.650,-9999.000000,21.916290,26.0,95.3106,LOW,0.2,0.005,0.0
1774254991.8349352,347.711,-9999.000000,21.913187,26.0,95.3726,LOW,0.2,0.005,0.0
1774254991.896187,347.772,-9999.000000,21.910083,26.0,95.4347,LOW,0.2,0.005,0.0
1774254991.9642339,347.840,-9999.000000,21.912800,26.0,95.3804,LOW,0.2,0.005,0.0
1774254992.0248935,347.900,-9999.000000,21.916290,26.0,95.3106,LOW,0.2,0.005,0.0
1774254992.0869188,347.962,-9999.000000,21.914739,26.0,95.3416,LOW,0.2,0.005,0.0
1774254992.1544,348.030,-9999.000000,21.911248,26.0,95.4114,LOW,0.2,0.005,0.0
1774254992.214592,348.090,-9999.000000,21.908141,26.0,95.4735,LOW,0.2,0.005,0.0
1774254992.274577,348.150,-9999.000000,21.912022,26.0,95.3959,LOW,0.2,0.005,0.0
1774254992.3248558,348.200,-9999.000000,21.912800,26.0,95.3804,LOW,0.2,0.005,0.0
1774254992.394161,348.270,-9999.000000,21.915126,26.0,95.3338,LOW,0.2,0.005,0.0
1774254992.4559433,348.332,-9999.000000,21.914351,26.0,95.3493,LOW,0.2,0.005,0.0
1774254992.5146506,348.390,-9999.000000,21.911635,26.0,95.4037,LOW,0.2,0.005,0.0
1774254992.5877533,348.463,-9999.000000,21.909693,26.0,95.4425,LOW,0.2,0.005,0.0
1774254992.6447525,348.520,-9999.000000,21.908919,26.0,95.4580,LOW,0.2,0.005,0.0
1774254992.7146604,348.590,-9999.000000,21.910083,26.0,95.4347,LOW,0.2,0.005,0.0
1774254992.7760644,348.652,-9999.000000,21.912409,26.0,95.3882,LOW,0.2,0.005,0.0
1774254992.8435442,348.719,-9999.000000,21.912800,26.0,95.3804,LOW,0.2,0.005,0.0
1774254992.904734,348.780,-9999.000000,21.912409,26.0,95.3882,LOW,0.2,0.005,0.0
1774254992.9547548,348.830,-9999.000000,21.910083,26.0,95.4347,LOW,0.2,0.005,0.0
1774254993.0145507,348.890,-9999.000000,21.906589,26.0,95.5046,LOW,0.2,0.005,0.0
1774254993.0771294,348.953,-9999.000000,21.908531,26.0,95.4657,LOW,0.2,0.005,0.0
1774254993.144746,349.020,-9999.000000,21.910858,26.0,95.4192,LOW,0.2,0.005,0.0
1774254993.2044315,349.080,-9999.000000,21.912800,26.0,95.3804,LOW,0.2,0.005,0.0
1774254993.2677693,349.143,-9999.000000,21.911635,26.0,95.4037,LOW,0.2,0.005,0.0
1774254993.334861,349.210,-9999.000000,21.908919,26.0,95.4580,LOW,0.2,0.005,0.0
1774254993.3949664,349.271,-9999.000000,21.906980,26.0,95.4968,LOW,0.2,0.005,0.0
1774254993.4647357,349.340,-9999.000000,21.908141,26.0,95.4735,LOW,0.2,0.005,0.0
1774254993.5262961,349.402,-9999.000000,21.911635,26.0,95.4037,LOW,0.2,0.005,0.0
1774254993.5846634,349.460,-9999.000000,21.912800,26.0,95.3804,LOW,0.2,0.005,0.0
1774254993.6558816,349.531,-9999.000000,21.911248,26.0,95.4114,LOW,0.2,0.005,0.0
1774254993.7177818,349.593,-9999.000000,21.908141,26.0,95.4735,LOW,0.2,0.005,0.0
1774254993.7845035,349.660,-9999.000000,21.906202,26.0,95.5123,LOW,0.2,0.005,0.0
1774254993.8477051,349.723,-9999.000000,21.905815,26.0,95.5201,LOW,0.2,0.005,0.0
1774254993.9114277,349.787,-9999.000000,21.910858,26.0,95.4192,LOW,0.2,0.005,0.0
1774254993.9742854,349.850,-9999.000000,21.910858,26.0,95.4192,LOW,0.2,0.005,0.0
1774254994.036426,349.912,-9999.000000,21.910470,26.0,95.4270,LOW,0.2,0.005,0.0
1774254994.104838,349.980,-9999.000000,21.910083,26.0,95.4347,LOW,0.2,0.005,0.0
1774254994.1599388,350.036,-9999.000000,21.911248,26.0,95.4114,LOW,0.2,0.005,0.0
1774254994.2346964,350.110,-9999.000000,21.905428,26.0,95.5278,LOW,0.2,0.005,0.0
1774254994.2744105,350.150,-9999.000000,21.905038,26.0,95.5356,LOW,0.2,0.005,0.0
1774254994.3449686,350.221,-9999.000000,21.907754,26.0,95.4813,LOW,0.2,0.005,0.0
1774254994.4062197,350.282,-9999.000000,21.910858,26.0,95.4192,LOW,0.2,0.005,0.0
1774254994.4742968,350.350,-9999.000000,21.909693,26.0,95.4425,LOW,0.2,0.005,0.0
1774254994.5348127,350.410,-9999.000000,21.905815,26.0,95.5201,LOW,0.2,0.005,0.0
1774254994.5944612,350.470,-9999.000000,21.904650,26.0,95.5434,LOW,0.2,0.005,0.0
1774254994.6646616,350.540,-9999.000000,21.904650,26.0,95.5434,LOW,0.2,0.005,0.0
1774254994.7272968,350.603,-9999.000000,21.907367,26.0,95.4890,LOW,0.2,0.005,0.0
1774254994.7945962,350.670,-9999.000000,21.909306,26.0,95.4502,LOW,0.2,0.005,0.0
1774254994.854886,350.730,-9999.000000,21.908919,26.0,95.4580,LOW,0.2,0.005,0.0
1774254994.916409,350.792,-9999.000000,21.905815,26.0,95.5201,LOW,0.2,0.005,0.0
1774254994.9848473,350.860,-9999.000000,21.903873,26.0,95.5589,LOW,0.2,0.005,0.0
1774254995.0338986,350.909,-9999.000000,21.903486,26.0,95.5666,LOW,0.2,0.005,0.0
1774254995.0976393,350.973,-9999.000000,21.905428,26.0,95.5278,LOW,0.2,0.005,0.0
1774254995.1549044,351.030,-9999.000000,21.908141,26.0,95.4735,LOW,0.2,0.005,0.0
1774254995.2249653,351.101,-9999.000000,21.908141,26.0,95.4735,LOW,0.2,0.005,0.0
1774254995.2870655,351.163,-9999.000000,21.905815,26.0,95.5201,LOW,0.2,0.005,0.0
1774254995.344376,351.220,-9999.000000,21.903486,26.0,95.5666,LOW,0.2,0.005,0.0
1774254995.4156556,351.291,-9999.000000,21.903486,26.0,95.5666,LOW,0.2,0.005,0.0
1774254995.476556,351.352,-9999.000000,21.905815,26.0,95.5201,LOW,0.2,0.005,0.0
1774254995.5441768,351.420,-9999.000000,21.908141,26.0,95.4735,LOW,0.2,0.005,0.0
1774254995.6079383,351.484,-9999.000000,21.908141,26.0,95.4735,LOW,0.2,0.005,0.0
1774254995.6679783,351.544,-9999.000000,21.905428,26.0,95.5278,LOW,0.2,0.005,0.0
1774254995.7346032,351.610,-9999.000000,21.902321,26.0,95.5899,LOW,0.2,0.005,0.0
1774254995.7972748,351.673,-9999.000000,21.901934,26.0,95.5977,LOW,0.2,0.005,0.0
1774254995.8644981,351.740,-9999.000000,21.904263,26.0,95.5511,LOW,0.2,0.005,0.0
1774254995.9288719,351.804,-9999.000000,21.906589,26.0,95.5046,LOW,0.2,0.005,0.0
1774254995.9873967,351.863,-9999.000000,21.908141,26.0,95.4735,LOW,0.2,0.005,0.0
1774254996.0555966,351.931,-9999.000000,21.906980,26.0,95.4968,LOW,0.2,0.005,0.0
1774254996.1177647,351.993,-9999.000000,21.903873,26.0,95.5589,LOW,0.2,0.005,0.0
1774254996.1775575,352.053,-9999.000000,21.906589,26.0,95.5046,LOW,0.2,0.005,0.0
1774254996.2481995,352.124,-9999.000000,21.901934,26.0,95.5977,LOW,0.2,0.005,0.0
1774254996.304512,352.180,-9999.000000,21.903873,26.0,95.5589,LOW,0.2,0.005,0.0
1774254996.3579223,352.233,-9999.000000,21.906202,26.0,95.5123,LOW,0.2,0.005,0.0
1774254996.4243832,352.300,-9999.000000,21.907367,26.0,95.4890,LOW,0.2,0.005,0.0
1774254996.4845936,352.360,-9999.000000,21.905815,26.0,95.5201,LOW,0.2,0.005,0.0
1774254996.55485,352.430,-9999.000000,21.902321,26.0,95.5899,LOW,0.2,0.005,0.0
1774254996.6147833,352.490,-9999.000000,21.899995,26.0,95.6365,LOW,0.2,0.005,0.0
1774254996.6745875,352.550,-9999.000000,21.905815,26.0,95.5201,LOW,0.2,0.005,0.0
1774254996.7467344,352.622,-9999.000000,21.903486,26.0,95.5666,LOW,0.2,0.005,0.0
1774254996.8044572,352.680,-9999.000000,21.906589,26.0,95.5046,LOW,0.2,0.005,0.0
1774254996.874333,352.750,-9999.000000,21.905428,26.0,95.5278,LOW,0.2,0.005,0.0
1774254996.9365582,352.812,-9999.000000,21.903099,26.0,95.5744,LOW,0.2,0.005,0.0
1774254996.9867191,352.862,-9999.000000,21.900382,26.0,95.6287,LOW,0.2,0.005,0.0
1774254997.0642297,352.940,-9999.000000,21.901160,26.0,95.6132,LOW,0.2,0.005,0.0
1774254997.1249175,353.000,-9999.000000,21.904263,26.0,95.5511,LOW,0.2,0.005,0.0
1774254997.1883252,353.064,-9999.000000,21.905428,26.0,95.5278,LOW,0.2,0.005,0.0
1774254997.2559428,353.132,-9999.000000,21.902711,26.0,95.5821,LOW,0.2,0.005,0.0
1774254997.3167424,353.192,-9999.000000,21.900382,26.0,95.6287,LOW,0.2,0.005,0.0
1774254997.3848755,353.260,-9999.000000,21.899995,26.0,95.6365,LOW,0.2,0.005,0.0
1774254997.4464478,353.322,-9999.000000,21.900382,26.0,95.6287,LOW,0.2,0.005,0.0
1774254997.513626,353.389,-9999.000000,21.903873,26.0,95.5589,LOW,0.2,0.005,0.0
1774254997.5748746,353.450,-9999.000000,21.905038,26.0,95.5356,LOW,0.2,0.005,0.0
1774254997.6381228,353.514,-9999.000000,21.905038,26.0,95.5356,LOW,0.2,0.005,0.0
1774254997.694396,353.570,-9999.000000,21.905428,26.0,95.5278,LOW,0.2,0.005,0.0
1774254997.7479465,353.624,-9999.000000,21.899995,26.0,95.6365,LOW,0.2,0.005,0.0
1774254997.8163214,353.692,-9999.000000,21.899995,26.0,95.6365,LOW,0.2,0.005,0.0
1774254997.8749633,353.751,-9999.000000,21.902711,26.0,95.5821,LOW,0.2,0.005,0.0
1774254997.9444237,353.820,-9999.000000,21.905038,26.0,95.5356,LOW,0.2,0.005,0.0
1774254998.0068805,353.882,-9999.000000,21.904263,26.0,95.5511,LOW,0.2,0.005,0.0
1774254998.0643666,353.940,-9999.000000,21.901160,26.0,95.6132,LOW,0.2,0.005,0.0
1774254998.1346643,354.010,-9999.000000,21.901160,26.0,95.6132,LOW,0.2,0.005,0.0
1774254998.1945333,354.070,-9999.000000,21.898443,26.0,95.6675,LOW,0.2,0.005,0.0
1774254998.2648945,354.140,-9999.000000,21.898831,26.0,95.6598,LOW,0.2,0.005,0.0
1774254998.3153803,354.191,-9999.000000,21.898831,26.0,95.6598,LOW,0.2,0.005,0.0
1774254998.3763177,354.252,-9999.000000,21.903099,26.0,95.5744,LOW,0.2,0.005,0.0
1774254998.4342542,354.310,-9999.000000,21.903486,26.0,95.5666,LOW,0.2,0.005,0.0
1774254998.504611,354.380,-9999.000000,21.901547,26.0,95.6054,LOW,0.2,0.005,0.0
1774254998.5644605,354.440,-9999.000000,21.898053,26.0,95.6753,LOW,0.2,0.005,0.0
1774254998.6321917,354.508,-9999.000000,21.898831,26.0,95.6598,LOW,0.2,0.005,0.0
1774254998.696346,354.572,-9999.000000,21.900770,26.0,95.6210,LOW,0.2,0.005,0.0
1774254998.7637472,354.639,-9999.000000,21.901160,26.0,95.6132,LOW,0.2,0.005,0.0
1774254998.824505,354.700,-9999.000000,21.903873,26.0,95.5589,LOW,0.2,0.005,0.0
1774254998.8785644,354.754,-9999.000000,21.898831,26.0,95.6598,LOW,0.2,0.005,0.0
1774254998.9447558,354.820,-9999.000000,21.898443,26.0,95.6675,LOW,0.2,0.005,0.0
1774254999.0039988,354.880,-9999.000000,21.898831,26.0,95.6598,LOW,0.2,0.005,0.0
1774254999.0643673,354.940,-9999.000000,21.900382,26.0,95.6287,LOW,0.2,0.005,0.0
1774254999.1247745,355.000,-9999.000000,21.901547,26.0,95.6054,LOW,0.2,0.005,0.0
1774254999.1870055,355.063,-9999.000000,21.902711,26.0,95.5821,LOW,0.2,0.005,0.0
1774254999.2559316,355.131,-9999.000000,21.901934,26.0,95.5977,LOW,0.2,0.005,0.0
1774254999.31572,355.191,-9999.000000,21.896502,26.0,95.7063,LOW,0.2,0.005,0.0
1774254999.3764045,355.252,-9999.000000,21.898053,26.0,95.6753,LOW,0.2,0.005,0.0
1774254999.4446929,355.320,-9999.000000,21.901160,26.0,95.6132,LOW,0.2,0.005,0.0
1774254999.5043368,355.380,-9999.000000,21.903099,26.0,95.5744,LOW,0.2,0.005,0.0
1774254999.5737512,355.449,-9999.000000,21.901160,26.0,95.6132,LOW,0.2,0.005,0.0
1774254999.6371539,355.513,-9999.000000,21.898443,26.0,95.6675,LOW,0.2,0.005,0.0
1774254999.6962929,355.572,-9999.000000,21.896502,26.0,95.7063,LOW,0.2,0.005,0.0
1774254999.7639146,355.639,-9999.000000,21.899995,26.0,95.6365,LOW,0.2,0.005,0.0
1774254999.8180509,355.694,-9999.000000,21.897279,26.0,95.6908,LOW,0.2,0.005,0.0
1774254999.886815,355.762,-9999.000000,21.902321,26.0,95.5899,LOW,0.2,0.005,0.0
1774254999.9565082,355.832,-9999.000000,21.900770,26.0,95.6210,LOW,0.2,0.005,0.0
1774255000.0178394,355.893,-9999.000000,21.897666,26.0,95.6830,LOW,0.2,0.005,0.0
1774255000.083596,355.959,-9999.000000,21.895727,26.0,95.7218,LOW,0.2,0.005,0.0
1774255000.1445417,356.020,-9999.000000,21.896892,26.0,95.6985,LOW,0.2,0.005,0.0
1774255000.2059364,356.082,-9999.000000,21.901160,26.0,95.6132,LOW,0.2,0.005,0.0
1774255000.2748237,356.150,-9999.000000,21.902321,26.0,95.5899,LOW,0.2,0.005,0.0
1774255000.3344588,356.210,-9999.000000,21.898443,26.0,95.6675,LOW,0.2,0.005,0.0
1774255000.3961456,356.272,-9999.000000,21.896892,26.0,95.6985,LOW,0.2,0.005,0.0
1774255000.466254,356.342,-9999.000000,21.895727,26.0,95.7218,LOW,0.2,0.005,0.0
1774255000.5248125,356.400,-9999.000000,21.899218,26.0,95.6520,LOW,0.2,0.005,0.0
1774255000.594102,356.470,-9999.000000,21.901160,26.0,95.6132,LOW,0.2,0.005,0.0
1774255000.6542706,356.530,-9999.000000,21.900382,26.0,95.6287,LOW,0.2,0.005,0.0
1774255000.7182336,356.594,-9999.000000,21.897666,26.0,95.6830,LOW,0.2,0.005,0.0
1774255000.7865825,356.662,-9999.000000,21.894950,26.0,95.7374,LOW,0.2,0.005,0.0
1774255000.8445668,356.720,-9999.000000,21.894950,26.0,95.7374,LOW,0.2,0.005,0.0
1774255000.9148042,356.790,-9999.000000,21.896502,26.0,95.7063,LOW,0.2,0.005,0.0
1774255000.9774814,356.853,-9999.000000,21.899995,26.0,95.6365,LOW,0.2,0.005,0.0
1774255001.0348754,356.910,-9999.000000,21.899995,26.0,95.6365,LOW,0.2,0.005,0.0
1774255001.1071465,356.983,-9999.000000,21.899608,26.0,95.6442,LOW,0.2,0.005,0.0
1774255001.1650212,357.041,-9999.000000,21.894950,26.0,95.7374,LOW,0.2,0.005,0.0
1774255001.2349749,357.111,-9999.000000,21.894563,26.0,95.7451,LOW,0.2,0.005,0.0
1774255001.2890131,357.165,-9999.000000,21.900770,26.0,95.6210,LOW,0.2,0.005,0.0
1774255001.3463757,357.222,-9999.000000,21.898443,26.0,95.6675,LOW,0.2,0.005,0.0
1774255001.404963,357.281,-9999.000000,21.900382,26.0,95.6287,LOW,0.2,0.005,0.0
1774255001.4657629,357.341,-9999.000000,21.897666,26.0,95.6830,LOW,0.2,0.005,0.0
1774255001.5362446,357.412,-9999.000000,21.895340,26.0,95.7296,LOW,0.2,0.005,0.0
1774255001.5947008,357.470,-9999.000000,21.893398,26.0,95.7684,LOW,0.2,0.005,0.0
1774255001.6544986,357.530,-9999.000000,21.897279,26.0,95.6908,LOW,0.2,0.005,0.0
1774255001.7243412,357.600,-9999.000000,21.899995,26.0,95.6365,LOW,0.2,0.005,0.0
1774255001.786114,357.662,-9999.000000,21.898443,26.0,95.6675,LOW,0.2,0.005,0.0
1774255001.8546724,357.730,-9999.000000,21.896502,26.0,95.7063,LOW,0.2,0.005,0.0
1774255001.914765,357.790,-9999.000000,21.892624,26.0,95.7839,LOW,0.2,0.005,0.0
1774255001.9755902,357.851,-9999.000000,21.893785,26.0,95.7607,LOW,0.2,0.005,0.0
1774255002.0462148,357.922,-9999.000000,21.896502,26.0,95.7063,LOW,0.2,0.005,0.0
1774255002.1075923,357.983,-9999.000000,21.899608,26.0,95.6442,LOW,0.2,0.005,0.0
1774255002.1561866,358.032,-9999.000000,21.898053,26.0,95.6753,LOW,0.2,0.005,0.0
1774255002.221202,358.097,-9999.000000,21.895340,26.0,95.7296,LOW,0.2,0.005,0.0
1774255002.284662,358.160,-9999.000000,21.893011,26.0,95.7761,LOW,0.2,0.005,0.0
1774255002.3472767,358.223,-9999.000000,21.892234,26.0,95.7917,LOW,0.2,0.005,0.0
1774255002.4143279,358.290,-9999.000000,21.895340,26.0,95.7296,LOW,0.2,0.005,0.0
1774255002.4742167,358.350,-9999.000000,21.898053,26.0,95.6753,LOW,0.2,0.005,0.0
1774255002.534612,358.410,-9999.000000,21.898053,26.0,95.6753,LOW,0.2,0.005,0.0
1774255002.60442,358.480,-9999.000000,21.896892,26.0,95.6985,LOW,0.2,0.005,0.0
1774255002.666923,358.542,-9999.000000,21.892234,26.0,95.7917,LOW,0.2,0.005,0.0
1774255002.7343426,358.610,-9999.000000,21.892234,26.0,95.7917,LOW,0.2,0.005,0.0
1774255002.794784,358.670,-9999.000000,21.892624,26.0,95.7839,LOW,0.2,0.005,0.0
1774255002.8562737,358.732,-9999.000000,21.896892,26.0,95.6985,LOW,0.2,0.005,0.0
1774255002.9276173,358.803,-9999.000000,21.897279,26.0,95.6908,LOW,0.2,0.005,0.0
1774255002.9847388,358.860,-9999.000000,21.896502,26.0,95.7063,LOW,0.2,0.005,0.0
1774255003.0543191,358.930,-9999.000000,21.891459,26.0,95.8072,LOW,0.2,0.005,0.0
1774255003.1164389,358.992,-9999.000000,21.891459,26.0,95.8072,LOW,0.2,0.005,0.0
1774255003.1760988,359.052,-9999.000000,21.891072,26.0,95.8149,LOW,0.2,0.005,0.0
1774255003.246019,359.122,-9999.000000,21.894950,26.0,95.7374,LOW,0.2,0.005,0.0
1774255003.304758,359.180,-9999.000000,21.896114,26.0,95.7141,LOW,0.2,0.005,0.0
1774255003.368223,359.244,-9999.000000,21.894563,26.0,95.7451,LOW,0.2,0.005,0.0
1774255003.4357407,359.311,-9999.000000,21.891846,26.0,95.7994,LOW,0.2,0.005,0.0
1774255003.4948025,359.370,-9999.000000,21.890295,26.0,95.8305,LOW,0.2,0.005,0.0
1774255003.554781,359.430,-9999.000000,21.892624,26.0,95.7839,LOW,0.2,0.005,0.0
1774255003.60492,359.480,-9999.000000,21.894950,26.0,95.7374,LOW,0.2,0.005,0.0
1774255003.6749032,359.550,-9999.000000,21.896114,26.0,95.7141,LOW,0.2,0.005,0.0
1774255003.736099,359.612,-9999.000000,21.894563,26.0,95.7451,LOW,0.2,0.005,0.0
1774255003.804982,359.681,-9999.000000,21.892624,26.0,95.7839,LOW,0.2,0.005,0.0
1774255003.8645046,359.740,-9999.000000,21.889130,26.0,95.8538,LOW,0.2,0.005,0.0
1774255003.9260328,359.802,-9999.000000,21.890682,26.0,95.8227,LOW,0.2,0.005,0.0
1774255003.9949086,359.870,-9999.000000,21.894563,26.0,95.7451,LOW,0.2,0.005,0.0
1774255004.0546272,359.930,-9999.000000,21.895727,26.0,95.7218,LOW,0.2,0.005,0.0
1774255004.1244626,360.000,-9999.000000,21.894950,26.0,95.7374,LOW,0.2,0.005,0.0
1774255004.184611,360.060,-9999.000000,21.891459,26.0,95.8072,LOW,0.2,0.005,0.0
1774255004.2536108,360.129,-9999.000000,21.889520,26.0,95.8460,LOW,0.2,0.005,0.0
1774255004.31616,360.192,-9999.000000,21.889908,26.0,95.8382,LOW,0.2,0.005,0.0
1774255004.374533,360.250,-9999.000000,21.889908,26.0,95.8382,LOW,0.2,0.005,0.0
1774255004.4436774,360.319,-9999.000000,21.894175,26.0,95.7529,LOW,0.2,0.005,0.0
1774255004.5074027,360.383,-9999.000000,21.894563,26.0,95.7451,LOW,0.2,0.005,0.0
1774255004.5646122,360.440,-9999.000000,21.890295,26.0,95.8305,LOW,0.2,0.005,0.0
1774255004.6340644,360.510,-9999.000000,21.888356,26.0,95.8692,LOW,0.2,0.005,0.0
1774255004.694733,360.570,-9999.000000,21.891459,26.0,95.8072,LOW,0.2,0.005,0.0
1774255004.756524,360.632,-9999.000000,21.893785,26.0,95.7607,LOW,0.2,0.005,0.0
1774255004.8234785,360.699,-9999.000000,21.893398,26.0,95.7684,LOW,0.2,0.005,0.0
1774255004.8843653,360.760,-9999.000000,21.890295,26.0,95.8305,LOW,0.2,0.005,0.0
1774255004.9480891,360.824,-9999.000000,21.887966,26.0,95.8770,LOW,0.2,0.005,0.0
1774255005.0046215,360.880,-9999.000000,21.893398,26.0,95.7684,LOW,0.2,0.005,0.0
1774255005.0779743,360.954,-9999.000000,21.893398,26.0,95.7684,LOW,0.2,0.005,0.0
1774255005.1260836,361.002,-9999.000000,21.890682,26.0,95.8227,LOW,0.2,0.005,0.0
1774255005.184939,361.061,-9999.000000,21.891846,26.0,95.7994,LOW,0.2,0.005,0.0
1774255005.2537785,361.129,-9999.000000,21.887579,26.0,95.8848,LOW,0.2,0.005,0.0
1774255005.316164,361.192,-9999.000000,21.887191,26.0,95.8925,LOW,0.2,0.005,0.0
1774255005.3777943,361.253,-9999.000000,21.888743,26.0,95.8615,LOW,0.2,0.005,0.0
1774255005.4444003,361.320,-9999.000000,21.893011,26.0,95.7761,LOW,0.2,0.005,0.0
1774255005.5074487,361.383,-9999.000000,21.892624,26.0,95.7839,LOW,0.2,0.005,0.0
1774255005.5646188,361.440,-9999.000000,21.887191,26.0,95.8925,LOW,0.2,0.005,0.0
1774255005.6345549,361.510,-9999.000000,21.886414,26.0,95.9081,LOW,0.2,0.005,0.0
1774255005.6949656,361.571,-9999.000000,21.888356,26.0,95.8692,LOW,0.2,0.005,0.0
1774255005.7563653,361.632,-9999.000000,21.892234,26.0,95.7917,LOW,0.2,0.005,0.0
1774255005.8242333,361.700,-9999.000000,21.891846,26.0,95.7994,LOW,0.2,0.005,0.0
1774255005.8844302,361.760,-9999.000000,21.888356,26.0,95.8692,LOW,0.2,0.005,0.0
1774255005.9539309,361.829,-9999.000000,21.886414,26.0,95.9081,LOW,0.2,0.005,0.0
1774255005.9946613,361.870,-9999.000000,21.885640,26.0,95.9236,LOW,0.2,0.005,0.0
1774255006.0646877,361.940,-9999.000000,21.885640,26.0,95.9236,LOW,0.2,0.005,0.0
1774255006.1293364,362.005,-9999.000000,21.887191,26.0,95.8925,LOW,0.2,0.005,0.0
1774255006.195259,362.071,-9999.000000,21.889130,26.0,95.8538,LOW,0.2,0.005,0.0
1774255006.25441,362.130,-9999.000000,21.891846,26.0,95.7994,LOW,0.2,0.005,0.0
1774255006.3247209,362.200,-9999.000000,21.890295,26.0,95.8305,LOW,0.2,0.005,0.0
1774255006.3860507,362.262,-9999.000000,21.886027,26.0,95.9158,LOW,0.2,0.005,0.0
1774255006.444766,362.320,-9999.000000,21.884475,26.0,95.9469,LOW,0.2,0.005,0.0
1774255006.505884,362.381,-9999.000000,21.890295,26.0,95.8305,LOW,0.2,0.005,0.0
1774255006.576282,362.452,-9999.000000,21.888743,26.0,95.8615,LOW,0.2,0.005,0.0
1774255006.624751,362.500,-9999.000000,21.890295,26.0,95.8305,LOW,0.2,0.005,0.0
1774255006.68692,362.562,-9999.000000,21.888356,26.0,95.8692,LOW,0.2,0.005,0.0
1774255006.7543886,362.630,-9999.000000,21.886414,26.0,95.9081,LOW,0.2,0.005,0.0
1774255006.8144302,362.690,-9999.000000,21.884088,26.0,95.9546,LOW,0.2,0.005,0.0
1774255006.8762014,362.752,-9999.000000,21.886027,26.0,95.9158,LOW,0.2,0.005,0.0
1774255006.9451485,362.821,-9999.000000,21.888743,26.0,95.8615,LOW,0.2,0.005,0.0
1774255007.0048523,362.880,-9999.000000,21.889130,26.0,95.8538,LOW,0.2,0.005,0.0
1774255007.0645852,362.940,-9999.000000,21.886414,26.0,95.9081,LOW,0.2,0.005,0.0
1774255007.1358688,363.011,-9999.000000,21.884862,26.0,95.9391,LOW,0.2,0.005,0.0
1774255007.196014,363.072,-9999.000000,21.882536,26.0,95.9856,LOW,0.2,0.005,0.0
1774255007.2666502,363.142,-9999.000000,21.882924,26.0,95.9779,LOW,0.2,0.005,0.0
1774255007.3147876,363.190,-9999.000000,21.885253,26.0,95.9313,LOW,0.2,0.005,0.0
1774255007.3747413,363.250,-9999.000000,21.887191,26.0,95.8925,LOW,0.2,0.005,0.0
1774255007.4342556,363.310,-9999.000000,21.887966,26.0,95.8770,LOW,0.2,0.005,0.0
1774255007.5042484,363.380,-9999.000000,21.886027,26.0,95.9158,LOW,0.2,0.005,0.0
1774255007.5659585,363.442,-9999.000000,21.882924,26.0,95.9779,LOW,0.2,0.005,0.0
1774255007.6348393,363.510,-9999.000000,21.881759,26.0,96.0012,LOW,0.2,0.005,0.0
1774255007.694981,363.571,-9999.000000,21.884475,26.0,95.9469,LOW,0.2,0.005,0.0
1774255007.7524066,363.628,-9999.000000,21.881372,26.0,96.0089,LOW,0.2,0.005,0.0
1774255007.8250663,363.701,-9999.000000,21.887191,26.0,95.8925,LOW,0.2,0.005,0.0
1774255007.8843045,363.760,-9999.000000,21.886027,26.0,95.9158,LOW,0.2,0.005,0.0
1774255007.9548445,363.830,-9999.000000,21.883698,26.0,95.9624,LOW,0.2,0.005,0.0
1774255008.0149128,363.890,-9999.000000,21.881372,26.0,96.0089,LOW,0.2,0.005,0.0
1774255008.076321,363.952,-9999.000000,21.881372,26.0,96.0089,LOW,0.2,0.005,0.0
1774255008.1480696,364.024,-9999.000000,21.883698,26.0,95.9624,LOW,0.2,0.005,0.0
1774255008.204259,364.080,-9999.000000,21.887191,26.0,95.8925,LOW,0.2,0.005,0.0
1774255008.274636,364.150,-9999.000000,21.886414,26.0,95.9081,LOW,0.2,0.005,0.0
1774255008.3360164,364.212,-9999.000000,21.882924,26.0,95.9779,LOW,0.2,0.005,0.0
1774255008.394456,364.270,-9999.000000,21.880207,26.0,96.0322,LOW,0.2,0.005,0.0
1774255008.4643106,364.340,-9999.000000,21.880985,26.0,96.0167,LOW,0.2,0.005,0.0
1774255008.5261385,364.402,-9999.000000,21.882924,26.0,95.9779,LOW,0.2,0.005,0.0
1774255008.5944993,364.470,-9999.000000,21.884475,26.0,95.9469,LOW,0.2,0.005,0.0
1774255008.655854,364.531,-9999.000000,21.885640,26.0,95.9236,LOW,0.2,0.005,0.0
1774255008.724442,364.600,-9999.000000,21.885253,26.0,95.9313,LOW,0.2,0.005,0.0
1774255008.784893,364.660,-9999.000000,21.883698,26.0,95.9624,LOW,0.2,0.005,0.0
1774255008.8549507,364.731,-9999.000000,21.881372,26.0,96.0089,LOW,0.2,0.005,0.0
1774255008.9159818,364.792,-9999.000000,21.878656,26.0,96.0632,LOW,0.2,0.005,0.0
1774255008.9744258,364.850,-9999.000000,21.879820,26.0,96.0400,LOW,0.2,0.005,0.0
1774255009.0476995,364.923,-9999.000000,21.882924,26.0,95.9779,LOW,0.2,0.005,0.0
1774255009.1036937,364.979,-9999.000000,21.879433,26.0,96.0477,LOW,0.2,0.005,0.0
1774255009.156762,365.032,-9999.000000,21.884475,26.0,95.9469,LOW,0.2,0.005,0.0
1774255009.2159727,365.092,-9999.000000,21.880985,26.0,96.0167,LOW,0.2,0.005,0.0
1774255009.2864304,365.162,-9999.000000,21.878656,26.0,96.0632,LOW,0.2,0.005,0.0
1774255009.3444743,365.220,-9999.000000,21.880595,26.0,96.0245,LOW,0.2,0.005,0.0
1774255009.406979,365.283,-9999.000000,21.883311,26.0,95.9701,LOW,0.2,0.005,0.0
1774255009.4743185,365.350,-9999.000000,21.882924,26.0,95.9779,LOW,0.2,0.005,0.0
1774255009.536152,365.412,-9999.000000,21.880985,26.0,96.0167,LOW,0.2,0.005,0.0
1774255009.594382,365.470,-9999.000000,21.877491,26.0,96.0865,LOW,0.2,0.005,0.0
1774255009.6639733,365.540,-9999.000000,21.880207,26.0,96.0322,LOW,0.2,0.005,0.0
1774255009.7261386,365.602,-9999.000000,21.882536,26.0,95.9856,LOW,0.2,0.005,0.0
1774255009.7879908,365.664,-9999.000000,21.883311,26.0,95.9701,LOW,0.2,0.005,0.0
1774255009.8544056,365.730,-9999.000000,21.880985,26.0,96.0167,LOW,0.2,0.005,0.0
1774255009.9178572,365.793,-9999.000000,21.878656,26.0,96.0632,LOW,0.2,0.005,0.0
1774255009.9742842,365.850,-9999.000000,21.882924,26.0,95.9779,LOW,0.2,0.005,0.0
1774255010.0442536,365.920,-9999.000000,21.881372,26.0,96.0089,LOW,0.2,0.005,0.0
1774255010.1048834,365.980,-9999.000000,21.882924,26.0,95.9779,LOW,0.2,0.005,0.0
1774255010.164042,366.040,-9999.000000,21.879433,26.0,96.0477,LOW,0.2,0.005,0.0
1774255010.216461,366.092,-9999.000000,21.879433,26.0,96.0477,LOW,0.2,0.005,0.0
1774255010.2881105,366.164,-9999.000000,21.878656,26.0,96.0632,LOW,0.2,0.005,0.0
1774255010.3447905,366.220,-9999.000000,21.876327,26.0,96.1098,LOW,0.2,0.005,0.0
1774255010.4143205,366.290,-9999.000000,21.877491,26.0,96.0865,LOW,0.2,0.005,0.0
1774255010.4762862,366.352,-9999.000000,21.879820,26.0,96.0400,LOW,0.2,0.005,0.0
1774255010.544309,366.420,-9999.000000,21.881372,26.0,96.0089,LOW,0.2,0.005,0.0
1774255010.5973418,366.473,-9999.000000,21.876327,26.0,96.1098,LOW,0.2,0.005,0.0
1774255010.664985,366.541,-9999.000000,21.877879,26.0,96.0788,LOW,0.2,0.005,0.0
1774255010.7339137,366.609,-9999.000000,21.875165,26.0,96.1331,LOW,0.2,0.005,0.0
1774255010.7957616,366.671,-9999.000000,21.876717,26.0,96.1020,LOW,0.2,0.005,0.0
1774255010.8458486,366.721,-9999.000000,21.880207,26.0,96.0322,LOW,0.2,0.005,0.0
1774255010.904774,366.780,-9999.000000,21.880985,26.0,96.0167,LOW,0.2,0.005,0.0
1774255010.9748275,366.850,-9999.000000,21.880985,26.0,96.0167,LOW,0.2,0.005,0.0
1774255011.0345693,366.910,-9999.000000,21.877104,26.0,96.0943,LOW,0.2,0.005,0.0
1774255011.0964117,366.972,-9999.000000,21.874775,26.0,96.1409,LOW,0.2,0.005,0.0
1774255011.1649404,367.041,-9999.000000,21.874775,26.0,96.1409,LOW,0.2,0.005,0.0
1774255011.2242472,367.100,-9999.000000,21.877879,26.0,96.0788,LOW,0.2,0.005,0.0
1774255011.294563,367.170,-9999.000000,21.879820,26.0,96.0400,LOW,0.2,0.005,0.0
1774255011.3564382,367.232,-9999.000000,21.879820,26.0,96.0400,LOW,0.2,0.005,0.0
1774255011.4144301,367.290,-9999.000000,21.878269,26.0,96.0710,LOW,0.2,0.005,0.0
1774255011.4682634,367.344,-9999.000000,21.876717,26.0,96.1020,LOW,0.2,0.005,0.0
1774255011.5348804,367.410,-9999.000000,21.874001,26.0,96.1563,LOW,0.2,0.005,0.0
1774255011.5946188,367.470,-9999.000000,21.875165,26.0,96.1331,LOW,0.2,0.005,0.0
1774255011.6565044,367.532,-9999.000000,21.879820,26.0,96.0400,LOW,0.2,0.005,0.0
1774255011.7249599,367.601,-9999.000000,21.879820,26.0,96.0400,LOW,0.2,0.005,0.0
1774255011.7843716,367.660,-9999.000000,21.876717,26.0,96.1020,LOW,0.2,0.005,0.0
1774255011.8537898,367.729,-9999.000000,21.874388,26.0,96.1486,LOW,0.2,0.005,0.0
1774255011.9080184,367.784,-9999.000000,21.879043,26.0,96.0555,LOW,0.2,0.005,0.0
1774255011.9748645,367.850,-9999.000000,21.874001,26.0,96.1563,LOW,0.2,0.005,0.0
1774255012.0448828,367.920,-9999.000000,21.877104,26.0,96.0943,LOW,0.2,0.005,0.0
1774255012.0992513,367.975,-9999.000000,21.873224,26.0,96.1719,LOW,0.2,0.005,0.0
1774255012.1548626,368.030,-9999.000000,21.879043,26.0,96.0555,LOW,0.2,0.005,0.0
1774255012.2164948,368.092,-9999.000000,21.874001,26.0,96.1563,LOW,0.2,0.005,0.0
1774255012.2848368,368.160,-9999.000000,21.872837,26.0,96.1796,LOW,0.2,0.005,0.0
1774255012.3448927,368.220,-9999.000000,21.872837,26.0,96.1796,LOW,0.2,0.005,0.0
1774255012.4042575,368.280,-9999.000000,21.877879,26.0,96.0788,LOW,0.2,0.005,0.0
1774255012.4664063,368.342,-9999.000000,21.874001,26.0,96.1563,LOW,0.2,0.005,0.0
1774255012.5358598,368.411,-9999.000000,21.874001,26.0,96.1563,LOW,0.2,0.005,0.0
1774255012.5976384,368.473,-9999.000000,21.872449,26.0,96.1874,LOW,0.2,0.005,0.0
1774255012.664501,368.540,-9999.000000,21.871672,26.0,96.2029,LOW,0.2,0.005,0.0
1774255012.7281137,368.604,-9999.000000,21.875165,26.0,96.1331,LOW,0.2,0.005,0.0
1774255012.7942407,368.670,-9999.000000,21.876717,26.0,96.1020,LOW,0.2,0.005,0.0
1774255012.8548222,368.730,-9999.000000,21.878269,26.0,96.0710,LOW,0.2,0.005,0.0
1774255012.906439,368.782,-9999.000000,21.877879,26.0,96.0788,LOW,0.2,0.005,0.0
1774255012.9646618,368.840,-9999.000000,21.872837,26.0,96.1796,LOW,0.2,0.005,0.0
1774255013.0343742,368.910,-9999.000000,21.871285,26.0,96.2107,LOW,0.2,0.005,0.0
1774255013.0964668,368.972,-9999.000000,21.871285,26.0,96.2107,LOW,0.2,0.005,0.0
1774255013.1638098,369.039,-9999.000000,21.874388,26.0,96.1486,LOW,0.2,0.005,0.0
1774255013.2249606,369.101,-9999.000000,21.877104,26.0,96.0943,LOW,0.2,0.005,0.0
1774255013.293611,369.169,-9999.000000,21.877879,26.0,96.0788,LOW,0.2,0.005,0.0
1774255013.356262,369.232,-9999.000000,21.876717,26.0,96.1020,LOW,0.2,0.005,0.0
1774255013.4164526,369.292,-9999.000000,21.872449,26.0,96.1874,LOW,0.2,0.005,0.0
1774255013.4662812,369.342,-9999.000000,21.873611,26.0,96.1641,LOW,0.2,0.005,0.0
1774255013.5443807,369.420,-9999.000000,21.872449,26.0,96.1874,LOW,0.2,0.005,0.0
1774255013.6062877,369.482,-9999.000000,21.875165,26.0,96.1331,LOW,0.2,0.005,0.0
1774255013.6764367,369.552,-9999.000000,21.876717,26.0,96.1020,LOW,0.2,0.005,0.0
1774255013.737411,369.613,-9999.000000,21.877104,26.0,96.0943,LOW,0.2,0.005,0.0
1774255013.804092,369.680,-9999.000000,21.871672,26.0,96.2029,LOW,0.2,0.005,0.0
1774255013.8669972,369.743,-9999.000000,21.870121,26.0,96.2340,LOW,0.2,0.005,0.0
1774255013.9346514,369.810,-9999.000000,21.870121,26.0,96.2340,LOW,0.2,0.005,0.0
1774255013.9947903,369.870,-9999.000000,21.871672,26.0,96.2029,LOW,0.2,0.005,0.0
1774255014.0547907,369.930,-9999.000000,21.874775,26.0,96.1409,LOW,0.2,0.005,0.0
1774255014.1277232,370.003,-9999.000000,21.876327,26.0,96.1098,LOW,0.2,0.005,0.0
1774255014.18627,370.062,-9999.000000,21.875553,26.0,96.1253,LOW,0.2,0.005,0.0
1774255014.2549891,370.131,-9999.000000,21.872449,26.0,96.1874,LOW,0.2,0.005,0.0
1774255014.3143528,370.190,-9999.000000,21.870121,26.0,96.2340,LOW,0.2,0.005,0.0
1774255014.375793,370.251,-9999.000000,21.870121,26.0,96.2340,LOW,0.2,0.005,0.0
1774255014.444227,370.320,-9999.000000,21.875553,26.0,96.1253,LOW,0.2,0.005,0.0
1774255014.5049143,370.380,-9999.000000,21.875165,26.0,96.1331,LOW,0.2,0.005,0.0
1774255014.5645242,370.440,-9999.000000,21.872837,26.0,96.1796,LOW,0.2,0.005,0.0
1774255014.6349661,370.511,-9999.000000,21.871672,26.0,96.2029,LOW,0.2,0.005,0.0
1774255014.6913884,370.567,-9999.000000,21.875165,26.0,96.1331,LOW,0.2,0.005,0.0
1774255014.7665722,370.642,-9999.000000,21.869733,26.0,96.2417,LOW,0.2,0.005,0.0
1774255014.824207,370.700,-9999.000000,21.871672,26.0,96.2029,LOW,0.2,0.005,0.0
1774255014.894868,370.770,-9999.000000,21.875165,26.0,96.1331,LOW,0.2,0.005,0.0
1774255014.9558852,370.831,-9999.000000,21.874001,26.0,96.1563,LOW,0.2,0.005,0.0
1774255015.0176146,370.893,-9999.000000,21.869733,26.0,96.2417,LOW,0.2,0.005,0.0
1774255015.0838845,370.959,-9999.000000,21.868956,26.0,96.2572,LOW,0.2,0.005,0.0
1774255015.15006,371.026,-9999.000000,21.870121,26.0,96.2340,LOW,0.2,0.005,0.0
1774255015.205778,371.081,-9999.000000,21.874001,26.0,96.1563,LOW,0.2,0.005,0.0
1774255015.2748415,371.150,-9999.000000,21.874775,26.0,96.1409,LOW,0.2,0.005,0.0
1774255015.3342743,371.210,-9999.000000,21.871672,26.0,96.2029,LOW,0.2,0.005,0.0
1774255015.4036188,371.279,-9999.000000,21.869346,26.0,96.2494,LOW,0.2,0.005,0.0
1774255015.4662225,371.342,-9999.000000,21.868569,26.0,96.2650,LOW,0.2,0.005,0.0
1774255015.524369,371.400,-9999.000000,21.869733,26.0,96.2417,LOW,0.2,0.005,0.0
1774255015.5941758,371.470,-9999.000000,21.874001,26.0,96.1563,LOW,0.2,0.005,0.0
1774255015.6443489,371.520,-9999.000000,21.875165,26.0,96.1331,LOW,0.2,0.005,0.0
1774255015.70435,371.580,-9999.000000,21.872837,26.0,96.1796,LOW,0.2,0.005,0.0
1774255015.7666492,371.642,-9999.000000,21.869346,26.0,96.2494,LOW,0.2,0.005,0.0
1774255015.834311,371.710,-9999.000000,21.867405,26.0,96.2883,LOW,0.2,0.005,0.0
1774255015.8981295,371.774,-9999.000000,21.868182,26.0,96.2727,LOW,0.2,0.005,0.0
1774255015.955855,371.831,-9999.000000,21.872837,26.0,96.1796,LOW,0.2,0.005,0.0
1774255016.0259616,371.902,-9999.000000,21.873611,26.0,96.1641,LOW,0.2,0.005,0.0
1774255016.0846207,371.960,-9999.000000,21.872059,26.0,96.1952,LOW,0.2,0.005,0.0
1774255016.1531093,372.029,-9999.000000,21.868569,26.0,96.2650,LOW,0.2,0.005,0.0
1774255016.214916,372.090,-9999.000000,21.867405,26.0,96.2883,LOW,0.2,0.005,0.0
1774255016.2740417,372.150,-9999.000000,21.872449,26.0,96.1874,LOW,0.2,0.005,0.0
1774255016.3270333,372.203,-9999.000000,21.870121,26.0,96.2340,LOW,0.2,0.005,0.0
1774255016.3943436,372.270,-9999.000000,21.872449,26.0,96.1874,LOW,0.2,0.005,0.0
1774255016.4542515,372.330,-9999.000000,21.872059,26.0,96.1952,LOW,0.2,0.005,0.0
1774255016.514232,372.390,-9999.000000,21.868569,26.0,96.2650,LOW,0.2,0.005,0.0
1774255016.584285,372.460,-9999.000000,21.868182,26.0,96.2727,LOW,0.2,0.005,0.0
1774255016.6464653,372.522,-9999.000000,21.867792,26.0,96.2805,LOW,0.2,0.005,0.0
1774255016.704658,372.580,-9999.000000,21.870508,26.0,96.2262,LOW,0.2,0.005,0.0
1774255016.7749465,372.651,-9999.000000,21.872449,26.0,96.1874,LOW,0.2,0.005,0.0
1774255016.8362594,372.712,-9999.000000,21.870121,26.0,96.2340,LOW,0.2,0.005,0.0
1774255016.9042914,372.780,-9999.000000,21.868182,26.0,96.2727,LOW,0.2,0.005,0.0
1774255016.958305,372.834,-9999.000000,21.872059,26.0,96.1952,LOW,0.2,0.005,0.0
1774255017.0246909,372.900,-9999.000000,21.867017,26.0,96.2960,LOW,0.2,0.005,0.0
1774255017.0960267,372.972,-9999.000000,21.870121,26.0,96.2340,LOW,0.2,0.005,0.0
1774255017.156352,373.032,-9999.000000,21.872449,26.0,96.1874,LOW,0.2,0.005,0.0
1774255017.2247436,373.100,-9999.000000,21.870898,26.0,96.2184,LOW,0.2,0.005,0.0
1774255017.2843308,373.160,-9999.000000,21.867792,26.0,96.2805,LOW,0.2,0.005,0.0
1774255017.3466032,373.222,-9999.000000,21.865466,26.0,96.3270,LOW,0.2,0.005,0.0
1774255017.4164193,373.292,-9999.000000,21.865466,26.0,96.3270,LOW,0.2,0.005,0.0
1774255017.477661,373.353,-9999.000000,21.868182,26.0,96.2727,LOW,0.2,0.005,0.0
1774255017.5449286,373.420,-9999.000000,21.871285,26.0,96.2107,LOW,0.2,0.005,0.0
1774255017.6046312,373.480,-9999.000000,21.870508,26.0,96.2262,LOW,0.2,0.005,0.0
1774255017.6691072,373.545,-9999.000000,21.867792,26.0,96.2805,LOW,0.2,0.005,0.0
1774255017.7166758,373.592,-9999.000000,21.866630,26.0,96.3038,LOW,0.2,0.005,0.0
1774255017.7842374,373.660,-9999.000000,21.865853,26.0,96.3193,LOW,0.2,0.005,0.0
1774255017.8443413,373.720,-9999.000000,21.867405,26.0,96.2883,LOW,0.2,0.005,0.0
1774255017.9137962,373.789,-9999.000000,21.868569,26.0,96.2650,LOW,0.2,0.005,0.0
1774255017.9742987,373.850,-9999.000000,21.870121,26.0,96.2340,LOW,0.2,0.005,0.0
1774255018.0348213,373.910,-9999.000000,21.867792,26.0,96.2805,LOW,0.2,0.005,0.0
1774255018.0943117,373.970,-9999.000000,21.864302,26.0,96.3503,LOW,0.2,0.005,0.0
1774255018.1644623,374.040,-9999.000000,21.864302,26.0,96.3503,LOW,0.2,0.005,0.0
1774255018.2288532,374.104,-9999.000000,21.865853,26.0,96.3193,LOW,0.2,0.005,0.0
1774255018.2759373,374.152,-9999.000000,21.863914,26.0,96.3581,LOW,0.2,0.005,0.0
1774255018.3580463,374.234,-9999.000000,21.868569,26.0,96.2650,LOW,0.2,0.005,0.0
1774255018.4119709,374.288,-9999.000000,21.867017,26.0,96.2960,LOW,0.2,0.005,0.0
1774255018.4843974,374.360,-9999.000000,21.862750,26.0,96.3814,LOW,0.2,0.005,0.0
1774255018.5446875,374.420,-9999.000000,21.864689,26.0,96.3426,LOW,0.2,0.005,0.0
1774255018.6044157,374.480,-9999.000000,21.867405,26.0,96.2883,LOW,0.2,0.005,0.0
1774255018.674437,374.550,-9999.000000,21.868569,26.0,96.2650,LOW,0.2,0.005,0.0
1774255018.7367256,374.612,-9999.000000,21.865466,26.0,96.3270,LOW,0.2,0.005,0.0
1774255018.7950442,374.671,-9999.000000,21.862750,26.0,96.3814,LOW,0.2,0.005,0.0
1774255018.864276,374.740,-9999.000000,21.865079,26.0,96.3348,LOW,0.2,0.005,0.0
1774255018.926682,374.802,-9999.000000,21.867405,26.0,96.2883,LOW,0.2,0.005,0.0
1774255018.984709,374.860,-9999.000000,21.868569,26.0,96.2650,LOW,0.2,0.005,0.0
1774255019.0548859,374.930,-9999.000000,21.866630,26.0,96.3038,LOW,0.2,0.005,0.0
1774255019.1149325,374.990,-9999.000000,21.863137,26.0,96.3736,LOW,0.2,0.005,0.0
1774255019.1845562,375.060,-9999.000000,21.862363,26.0,96.3891,LOW,0.2,0.005,0.0
1774255019.2376003,375.113,-9999.000000,21.866630,26.0,96.3038,LOW,0.2,0.005,0.0
1774255019.3043985,375.180,-9999.000000,21.866630,26.0,96.3038,LOW,0.2,0.005,0.0
1774255019.3642957,375.240,-9999.000000,21.863524,26.0,96.3659,LOW,0.2,0.005,0.0
1774255019.4166734,375.292,-9999.000000,21.865466,26.0,96.3270,LOW,0.2,0.005,0.0
1774255019.4861443,375.362,-9999.000000,21.863524,26.0,96.3659,LOW,0.2,0.005,0.0
1774255019.5465286,375.422,-9999.000000,21.861973,26.0,96.3969,LOW,0.2,0.005,0.0
1774255019.6045177,375.480,-9999.000000,21.865466,26.0,96.3270,LOW,0.2,0.005,0.0
1774255019.6752365,375.551,-9999.000000,21.867017,26.0,96.2960,LOW,0.2,0.005,0.0
1774255019.7374895,375.613,-9999.000000,21.865466,26.0,96.3270,LOW,0.2,0.005,0.0
1774255019.80464,375.680,-9999.000000,21.862363,26.0,96.3891,LOW,0.2,0.005,0.0
1774255019.864449,375.740,-9999.000000,21.860811,26.0,96.4201,LOW,0.2,0.005,0.0
1774255019.9259055,375.801,-9999.000000,21.861973,26.0,96.3969,LOW,0.2,0.005,0.0
1774255019.9950123,375.871,-9999.000000,21.864689,26.0,96.3426,LOW,0.2,0.005,0.0
1774255020.0590875,375.935,-9999.000000,21.866240,26.0,96.3116,LOW,0.2,0.005,0.0
1774255020.1140797,375.990,-9999.000000,21.863524,26.0,96.3659,LOW,0.2,0.005,0.0
1774255020.1845875,376.060,-9999.000000,21.863524,26.0,96.3659,LOW,0.2,0.005,0.0
1774255020.2539623,376.130,-9999.000000,21.861973,26.0,96.3969,LOW,0.2,0.005,0.0
1774255020.3162646,376.192,-9999.000000,21.860034,26.0,96.4357,LOW,0.2,0.005,0.0
1774255020.3742678,376.250,-9999.000000,21.864302,26.0,96.3503,LOW,0.2,0.005,0.0
1774255020.4438121,376.319,-9999.000000,21.866240,26.0,96.3116,LOW,0.2,0.005,0.0
1774255020.4964466,376.372,-9999.000000,21.859647,26.0,96.4434,LOW,0.2,0.005,0.0
1774255020.5642712,376.440,-9999.000000,21.861586,26.0,96.4047,LOW,0.2,0.005,0.0
1774255020.6348674,376.510,-9999.000000,21.859260,26.0,96.4512,LOW,0.2,0.005,0.0
1774255020.6942046,376.570,-9999.000000,21.861198,26.0,96.4124,LOW,0.2,0.005,0.0
1774255020.7607574,376.636,-9999.000000,21.866240,26.0,96.3116,LOW,0.2,0.005,0.0
1774255020.8255725,376.701,-9999.000000,21.865079,26.0,96.3348,LOW,0.2,0.005,0.0
1774255020.8802474,376.756,-9999.000000,21.863137,26.0,96.3736,LOW,0.2,0.005,0.0
1774255020.9542692,376.830,-9999.000000,21.861198,26.0,96.4124,LOW,0.2,0.005,0.0
1774255021.0182648,376.894,-9999.000000,21.859260,26.0,96.4512,LOW,0.2,0.005,0.0
1774255021.0744548,376.950,-9999.000000,21.861198,26.0,96.4124,LOW,0.2,0.005,0.0
1774255021.1447306,377.020,-9999.000000,21.862363,26.0,96.3891,LOW,0.2,0.005,0.0
1774255021.2047834,377.080,-9999.000000,21.863914,26.0,96.3581,LOW,0.2,0.005,0.0
1774255021.274262,377.150,-9999.000000,21.864302,26.0,96.3503,LOW,0.2,0.005,0.0
1774255021.3277075,377.203,-9999.000000,21.862363,26.0,96.3891,LOW,0.2,0.005,0.0
1774255021.395034,377.271,-9999.000000,21.858095,26.0,96.4745,LOW,0.2,0.005,0.0
1774255021.4642298,377.340,-9999.000000,21.858483,26.0,96.4667,LOW,0.2,0.005,0.0
1774255021.5195444,377.395,-9999.000000,21.860811,26.0,96.4201,LOW,0.2,0.005,0.0
1774255021.5939922,377.470,-9999.000000,21.863914,26.0,96.3581,LOW,0.2,0.005,0.0
1774255021.6548038,377.530,-9999.000000,21.863524,26.0,96.3659,LOW,0.2,0.005,0.0
1774255021.7236137,377.599,-9999.000000,21.861198,26.0,96.4124,LOW,0.2,0.005,0.0
1774255021.7880764,377.664,-9999.000000,21.859260,26.0,96.4512,LOW,0.2,0.005,0.0
1774255021.846319,377.722,-9999.000000,21.857705,26.0,96.4823,LOW,0.2,0.005,0.0
1774255021.9150186,377.791,-9999.000000,21.860034,26.0,96.4357,LOW,0.2,0.005,0.0
1774255021.9772017,377.853,-9999.000000,21.862750,26.0,96.3814,LOW,0.2,0.005,0.0
1774255022.0362377,377.912,-9999.000000,21.862750,26.0,96.3814,LOW,0.2,0.005,0.0
1774255022.1069343,377.983,-9999.000000,21.861586,26.0,96.4047,LOW,0.2,0.005,0.0
1774255022.1648538,378.040,-9999.000000,21.858095,26.0,96.4745,LOW,0.2,0.005,0.0
1774255022.23425,378.110,-9999.000000,21.856544,26.0,96.5055,LOW,0.2,0.005,0.0
1774255022.2949202,378.170,-9999.000000,21.858483,26.0,96.4667,LOW,0.2,0.005,0.0
1774255022.3562224,378.232,-9999.000000,21.862363,26.0,96.3891,LOW,0.2,0.005,0.0
1774255022.4263966,378.302,-9999.000000,21.863137,26.0,96.3736,LOW,0.2,0.005,0.0
1774255022.4887273,378.364,-9999.000000,21.861198,26.0,96.4124,LOW,0.2,0.005,0.0
1774255022.5549061,378.430,-9999.000000,21.858870,26.0,96.4590,LOW,0.2,0.005,0.0
1774255022.616609,378.492,-9999.000000,21.855767,26.0,96.5210,LOW,0.2,0.005,0.0
1774255022.674816,378.550,-9999.000000,21.856931,26.0,96.4977,LOW,0.2,0.005,0.0
1774255022.7449331,378.620,-9999.000000,21.860421,26.0,96.4279,LOW,0.2,0.005,0.0
1774255022.8078358,378.683,-9999.000000,21.862750,26.0,96.3814,LOW,0.2,0.005,0.0
1774255022.8743436,378.750,-9999.000000,21.860421,26.0,96.4279,LOW,0.2,0.005,0.0
1774255022.9282525,378.804,-9999.000000,21.860421,26.0,96.4279,LOW,0.2,0.005,0.0
1774255022.986331,378.862,-9999.000000,21.855767,26.0,96.5210,LOW,0.2,0.005,0.0
1774255023.0642538,378.940,-9999.000000,21.858483,26.0,96.4667,LOW,0.2,0.005,0.0
1774255023.127025,379.003,-9999.000000,21.861198,26.0,96.4124,LOW,0.2,0.005,0.0
1774255023.1846437,379.060,-9999.000000,21.860421,26.0,96.4279,LOW,0.2,0.005,0.0
1774255023.2537868,379.129,-9999.000000,21.855767,26.0,96.5210,LOW,0.2,0.005,0.0
1774255023.3164122,379.192,-9999.000000,21.854215,26.0,96.5521,LOW,0.2,0.005,0.0
1774255023.3746245,379.250,-9999.000000,21.859647,26.0,96.4434,LOW,0.2,0.005,0.0
1774255023.43432,379.310,-9999.000000,21.860421,26.0,96.4279,LOW,0.2,0.005,0.0
1774255023.5044708,379.380,-9999.000000,21.859647,26.0,96.4434,LOW,0.2,0.005,0.0
1774255023.5684578,379.444,-9999.000000,21.854992,26.0,96.5365,LOW,0.2,0.005,0.0
1774255023.6343095,379.510,-9999.000000,21.854602,26.0,96.5443,LOW,0.2,0.005,0.0
1774255023.694459,379.570,-9999.000000,21.858095,26.0,96.4745,LOW,0.2,0.005,0.0
1774255023.7562902,379.632,-9999.000000,21.860811,26.0,96.4201,LOW,0.2,0.005,0.0
1774255023.8242958,379.700,-9999.000000,21.859260,26.0,96.4512,LOW,0.2,0.005,0.0
1774255023.884729,379.760,-9999.000000,21.855767,26.0,96.5210,LOW,0.2,0.005,0.0
1774255023.9445586,379.820,-9999.000000,21.854215,26.0,96.5521,LOW,0.2,0.005,0.0
1774255024.0063226,379.882,-9999.000000,21.860034,26.0,96.4357,LOW,0.2,0.005,0.0
1774255024.0762186,379.952,-9999.000000,21.859260,26.0,96.4512,LOW,0.2,0.005,0.0
1774255024.1342275,380.010,-9999.000000,21.857705,26.0,96.4823,LOW,0.2,0.005,0.0
1774255024.2036016,380.079,-9999.000000,21.853438,26.0,96.5676,LOW,0.2,0.005,0.0
1774255024.2459722,380.122,-9999.000000,21.853051,26.0,96.5753,LOW,0.2,0.005,0.0
1774255024.3145652,380.190,-9999.000000,21.855380,26.0,96.5288,LOW,0.2,0.005,0.0
1774255024.3761547,380.252,-9999.000000,21.858483,26.0,96.4667,LOW,0.2,0.005,0.0
1774255024.4437153,380.319,-9999.000000,21.858483,26.0,96.4667,LOW,0.2,0.005,0.0
1774255024.5045943,380.380,-9999.000000,21.856931,26.0,96.4977,LOW,0.2,0.005,0.0
1774255024.5700912,380.446,-9999.000000,21.854215,26.0,96.5521,LOW,0.2,0.005,0.0
1774255024.636325,380.512,-9999.000000,21.852664,26.0,96.5831,LOW,0.2,0.005,0.0
1774255024.694769,380.570,-9999.000000,21.853051,26.0,96.5753,LOW,0.2,0.005,0.0
1774255024.7637782,380.639,-9999.000000,21.856544,26.0,96.5055,LOW,0.2,0.005,0.0
1774255024.8279314,380.703,-9999.000000,21.858483,26.0,96.4667,LOW,0.2,0.005,0.0
1774255024.879965,380.756,-9999.000000,21.855380,26.0,96.5288,LOW,0.2,0.005,0.0
1774255024.9543548,380.830,-9999.000000,21.853051,26.0,96.5753,LOW,0.2,0.005,0.0
1774255025.0146356,380.890,-9999.000000,21.851112,26.0,96.6141,LOW,0.2,0.005,0.0
1774255025.0767899,380.952,-9999.000000,21.853438,26.0,96.5676,LOW,0.2,0.005,0.0
1774255025.1446438,381.020,-9999.000000,21.857318,26.0,96.4900,LOW,0.2,0.005,0.0
1774255025.204559,381.080,-9999.000000,21.856544,26.0,96.5055,LOW,0.2,0.005,0.0
1774255025.2723334,381.148,-9999.000000,21.853438,26.0,96.5676,LOW,0.2,0.005,0.0
1774255025.3348992,381.210,-9999.000000,21.851499,26.0,96.6064,LOW,0.2,0.005,0.0
1774255025.394278,381.270,-9999.000000,21.851499,26.0,96.6064,LOW,0.2,0.005,0.0
1774255025.464178,381.340,-9999.000000,21.855380,26.0,96.5288,LOW,0.2,0.005,0.0
1774255025.5184908,381.394,-9999.000000,21.851112,26.0,96.6141,LOW,0.2,0.005,0.0
1774255025.5863402,381.462,-9999.000000,21.855767,26.0,96.5210,LOW,0.2,0.005,0.0
1774255025.656562,381.532,-9999.000000,21.853438,26.0,96.5676,LOW,0.2,0.005,0.0
1774255025.7047174,381.580,-9999.000000,21.852277,26.0,96.5908,LOW,0.2,0.005,0.0
1774255025.764835,381.640,-9999.000000,21.850725,26.0,96.6219,LOW,0.2,0.005,0.0
1774255025.824805,381.700,-9999.000000,21.854215,26.0,96.5521,LOW,0.2,0.005,0.0
1774255025.8949268,381.770,-9999.000000,21.856154,26.0,96.5133,LOW,0.2,0.005,0.0
1774255025.9565005,381.832,-9999.000000,21.855380,26.0,96.5288,LOW,0.2,0.005,0.0
1774255026.0146172,381.890,-9999.000000,21.852277,26.0,96.5908,LOW,0.2,0.005,0.0
1774255026.0843115,381.960,-9999.000000,21.849174,26.0,96.6529,LOW,0.2,0.005,0.0
1774255026.1401324,382.016,-9999.000000,21.855767,26.0,96.5210,LOW,0.2,0.005,0.0
1774255026.2141032,382.090,-9999.000000,21.853438,26.0,96.5676,LOW,0.2,0.005,0.0
1774255026.2777193,382.153,-9999.000000,21.855767,26.0,96.5210,LOW,0.2,0.005,0.0
1774255026.333701,382.209,-9999.000000,21.850725,26.0,96.6219,LOW,0.2,0.005,0.0
1774255026.404751,382.280,-9999.000000,21.850725,26.0,96.6219,LOW,0.2,0.005,0.0
1774255026.4660363,382.342,-9999.000000,21.849948,26.0,96.6374,LOW,0.2,0.005,0.0
1774255026.5342228,382.410,-9999.000000,21.849174,26.0,96.6529,LOW,0.2,0.005,0.0
1774255026.594928,382.470,-9999.000000,21.852664,26.0,96.5831,LOW,0.2,0.005,0.0
1774255026.6565015,382.532,-9999.000000,21.854602,26.0,96.5443,LOW,0.2,0.005,0.0
1774255026.7249274,382.600,-9999.000000,21.854602,26.0,96.5443,LOW,0.2,0.005,0.0
1774255026.7849214,382.660,-9999.000000,21.851499,26.0,96.6064,LOW,0.2,0.005,0.0
1774255026.854616,382.730,-9999.000000,21.849174,26.0,96.6529,LOW,0.2,0.005,0.0
1774255026.9165123,382.792,-9999.000000,21.849948,26.0,96.6374,LOW,0.2,0.005,0.0
1774255026.9751964,382.851,-9999.000000,21.853438,26.0,96.5676,LOW,0.2,0.005,0.0
1774255027.0443692,382.920,-9999.000000,21.854215,26.0,96.5521,LOW,0.2,0.005,0.0
1774255027.1048486,382.980,-9999.000000,21.853051,26.0,96.5753,LOW,0.2,0.005,0.0
1774255027.165086,383.041,-9999.000000,21.851499,26.0,96.6064,LOW,0.2,0.005,0.0
1774255027.2173433,383.093,-9999.000000,21.848396,26.0,96.6684,LOW,0.2,0.005,0.0
1774255027.2847939,383.160,-9999.000000,21.848784,26.0,96.6607,LOW,0.2,0.005,0.0
1774255027.3447697,383.220,-9999.000000,21.851499,26.0,96.6064,LOW,0.2,0.005,0.0
1774255027.4137094,383.289,-9999.000000,21.853051,26.0,96.5753,LOW,0.2,0.005,0.0
1774255027.4754825,383.351,-9999.000000,21.853051,26.0,96.5753,LOW,0.2,0.005,0.0
1774255027.534937,383.411,-9999.000000,21.851112,26.0,96.6141,LOW,0.2,0.005,0.0
1774255027.604028,383.480,-9999.000000,21.847619,26.0,96.6840,LOW,0.2,0.005,0.0
1774255027.664466,383.540,-9999.000000,21.847619,26.0,96.6840,LOW,0.2,0.005,0.0
1774255027.727602,383.603,-9999.000000,21.849948,26.0,96.6374,LOW,0.2,0.005,0.0
1774255027.7960932,383.672,-9999.000000,21.852664,26.0,96.5831,LOW,0.2,0.005,0.0
1774255027.8550284,383.731,-9999.000000,21.853438,26.0,96.5676,LOW,0.2,0.005,0.0
1774255027.9062881,383.782,-9999.000000,21.852277,26.0,96.5908,LOW,0.2,0.005,0.0
1774255027.9646912,383.840,-9999.000000,21.848396,26.0,96.6684,LOW,0.2,0.005,0.0
1774255028.0343204,383.910,-9999.000000,21.846068,26.0,96.7150,LOW,0.2,0.005,0.0
1774255028.0965643,383.972,-9999.000000,21.849174,26.0,96.6529,LOW,0.2,0.005,0.0
1774255028.1648364,384.040,-9999.000000,21.850335,26.0,96.6297,LOW,0.2,0.005,0.0
1774255028.2249246,384.100,-9999.000000,21.852277,26.0,96.5908,LOW,0.2,0.005,0.0
1774255028.2867203,384.162,-9999.000000,21.852277,26.0,96.5908,LOW,0.2,0.005,0.0
1774255028.354799,384.230,-9999.000000,21.848784,26.0,96.6607,LOW,0.2,0.005,0.0
1774255028.4097252,384.285,-9999.000000,21.852664,26.0,96.5831,LOW,0.2,0.005,0.0
1774255028.478349,384.354,-9999.000000,21.849561,26.0,96.6451,LOW,0.2,0.005,0.0
1774255028.5363553,384.412,-9999.000000,21.849561,26.0,96.6451,LOW,0.2,0.005,0.0
1774255028.6086974,384.484,-9999.000000,21.852664,26.0,96.5831,LOW,0.2,0.005,0.0
1774255028.6645336,384.540,-9999.000000,21.850725,26.0,96.6219,LOW,0.2,0.005,0.0
1774255028.7144792,384.590,-9999.000000,21.846845,26.0,96.6995,LOW,0.2,0.005,0.0
1774255028.784387,384.660,-9999.000000,21.846458,26.0,96.7072,LOW,0.2,0.005,0.0
1774255028.8447213,384.720,-9999.000000,21.848396,26.0,96.6684,LOW,0.2,0.005,0.0
1774255028.9135668,384.789,-9999.000000,21.851887,26.0,96.5986,LOW,0.2,0.005,0.0
1774255028.9766166,384.852,-9999.000000,21.852664,26.0,96.5831,LOW,0.2,0.005,0.0
1774255029.0347228,384.910,-9999.000000,21.848396,26.0,96.6684,LOW,0.2,0.005,0.0
1774255029.1046166,384.980,-9999.000000,21.845681,26.0,96.7227,LOW,0.2,0.005,0.0
1774255029.1662157,385.042,-9999.000000,21.846068,26.0,96.7150,LOW,0.2,0.005,0.0
1774255029.224874,385.100,-9999.000000,21.849174,26.0,96.6529,LOW,0.2,0.005,0.0
1774255029.2944043,385.170,-9999.000000,21.851112,26.0,96.6141,LOW,0.2,0.005,0.0
1774255029.3548138,385.230,-9999.000000,21.851499,26.0,96.6064,LOW,0.2,0.005,0.0
1774255029.4042094,385.280,-9999.000000,21.850335,26.0,96.6297,LOW,0.2,0.005,0.0
1774255029.4666736,385.342,-9999.000000,21.846068,26.0,96.7150,LOW,0.2,0.005,0.0
1774255029.5344145,385.410,-9999.000000,21.845294,26.0,96.7305,LOW,0.2,0.005,0.0
1774255029.5942695,385.470,-9999.000000,21.849174,26.0,96.6529,LOW,0.2,0.005,0.0
1774255029.6638072,385.539,-9999.000000,21.851112,26.0,96.6141,LOW,0.2,0.005,0.0
1774255029.7244954,385.600,-9999.000000,21.850335,26.0,96.6297,LOW,0.2,0.005,0.0
1774255029.7860837,385.662,-9999.000000,21.846845,26.0,96.6995,LOW,0.2,0.005,0.0
1774255029.8446035,385.720,-9999.000000,21.844906,26.0,96.7382,LOW,0.2,0.005,0.0
1774255029.9142427,385.790,-9999.000000,21.848396,26.0,96.6684,LOW,0.2,0.005,0.0
1774255029.9765258,385.852,-9999.000000,21.850725,26.0,96.6219,LOW,0.2,0.005,0.0
1774255030.0345664,385.910,-9999.000000,21.844906,26.0,96.7382,LOW,0.2,0.005,0.0
1774255030.1046183,385.980,-9999.000000,21.847232,26.0,96.6917,LOW,0.2,0.005,0.0
1774255030.1736765,386.049,-9999.000000,21.846068,26.0,96.7150,LOW,0.2,0.005,0.0
1774255030.226277,386.102,-9999.000000,21.850335,26.0,96.6297,LOW,0.2,0.005,0.0
1774255030.2844913,386.160,-9999.000000,21.845681,26.0,96.7227,LOW,0.2,0.005,0.0
1774255030.348423,386.224,-9999.000000,21.848396,26.0,96.6684,LOW,0.2,0.005,0.0
1774255030.4042735,386.280,-9999.000000,21.849948,26.0,96.6374,LOW,0.2,0.005,0.0
1774255030.474945,386.351,-9999.000000,21.849174,26.0,96.6529,LOW,0.2,0.005,0.0
1774255030.5380065,386.414,-9999.000000,21.845681,26.0,96.7227,LOW,0.2,0.005,0.0
1774255030.604249,386.480,-9999.000000,21.844129,26.0,96.7538,LOW,0.2,0.005,0.0
1774255030.6649685,386.541,-9999.000000,21.844129,26.0,96.7538,LOW,0.2,0.005,0.0
1774255030.72147,386.597,-9999.000000,21.844906,26.0,96.7382,LOW,0.2,0.005,0.0
1774255030.7947733,386.670,-9999.000000,21.848784,26.0,96.6607,LOW,0.2,0.005,0.0
1774255030.8564897,386.732,-9999.000000,21.849174,26.0,96.6529,LOW,0.2,0.005,0.0
1774255030.907121,386.783,-9999.000000,21.848009,26.0,96.6762,LOW,0.2,0.005,0.0
1774255030.9739194,386.849,-9999.000000,21.845294,26.0,96.7305,LOW,0.2,0.005,0.0
1774255031.0348654,386.910,-9999.000000,21.844516,26.0,96.7460,LOW,0.2,0.005,0.0
1774255031.0966144,386.972,-9999.000000,21.846068,26.0,96.7150,LOW,0.2,0.005,0.0
1774255031.1647272,387.040,-9999.000000,21.848396,26.0,96.6684,LOW,0.2,0.005,0.0
1774255031.21791,387.093,-9999.000000,21.844129,26.0,96.7538,LOW,0.2,0.005,0.0
1774255031.2849586,387.161,-9999.000000,21.846845,26.0,96.6995,LOW,0.2,0.005,0.0
1774255031.3543892,387.230,-9999.000000,21.843742,26.0,96.7615,LOW,0.2,0.005,0.0
1774255031.4146173,387.290,-9999.000000,21.847619,26.0,96.6840,LOW,0.2,0.005,0.0
1774255031.4857314,387.361,-9999.000000,21.843742,26.0,96.7615,LOW,0.2,0.005,0.0
1774255031.5248728,387.400,-9999.000000,21.846845,26.0,96.6995,LOW,0.2,0.005,0.0
1774255031.5949981,387.471,-9999.000000,21.849174,26.0,96.6529,LOW,0.2,0.005,0.0
1774255031.6544507,387.530,-9999.000000,21.847232,26.0,96.6917,LOW,0.2,0.005,0.0
1774255031.724252,387.600,-9999.000000,21.845294,26.0,96.7305,LOW,0.2,0.005,0.0
1774255031.7867677,387.662,-9999.000000,21.842965,26.0,96.7771,LOW,0.2,0.005,0.0
1774255031.8444383,387.720,-9999.000000,21.844129,26.0,96.7538,LOW,0.2,0.005,0.0
1774255031.9148443,387.790,-9999.000000,21.846068,26.0,96.7150,LOW,0.2,0.005,0.0
1774255031.9695208,387.845,-9999.000000,21.841801,26.0,96.8004,LOW,0.2,0.005,0.0
1774255032.0437808,387.919,-9999.000000,21.847232,26.0,96.6917,LOW,0.2,0.005,0.0
1774255032.1084454,387.984,-9999.000000,21.845294,26.0,96.7305,LOW,0.2,0.005,0.0
1774255032.1646748,388.040,-9999.000000,21.841801,26.0,96.8004,LOW,0.2,0.005,0.0
1774255032.2272813,388.103,-9999.000000,21.848009,26.0,96.6762,LOW,0.2,0.005,0.0
1774255032.295889,388.171,-9999.000000,21.846845,26.0,96.6995,LOW,0.2,0.005,0.0
1774255032.3641195,388.240,-9999.000000,21.847619,26.0,96.6840,LOW,0.2,0.005,0.0
1774255032.424357,388.300,-9999.000000,21.848009,26.0,96.6762,LOW,0.2,0.005,0.0
1774255032.489914,388.365,-9999.000000,21.846458,26.0,96.7072,LOW,0.2,0.005,0.0
1774255032.5560498,388.432,-9999.000000,21.842965,26.0,96.7771,LOW,0.2,0.005,0.0
1774255032.614809,388.490,-9999.000000,21.841801,26.0,96.8004,LOW,0.2,0.005,0.0
1774255032.6849205,388.560,-9999.000000,21.843352,26.0,96.7693,LOW,0.2,0.005,0.0
1774255032.7449343,388.621,-9999.000000,21.846068,26.0,96.7150,LOW,0.2,0.005,0.0
1774255032.7945004,388.670,-9999.000000,21.844516,26.0,96.7460,LOW,0.2,0.005,0.0
1774255032.8764067,388.752,-9999.000000,21.847232,26.0,96.6917,LOW,0.2,0.005,0.0
1774255032.9344532,388.810,-9999.000000,21.842578,26.0,96.7848,LOW,0.2,0.005,0.0
1774255033.0049517,388.881,-9999.000000,21.840639,26.0,96.8236,LOW,0.2,0.005,0.0
1774255033.0681255,388.944,-9999.000000,21.841801,26.0,96.8004,LOW,0.2,0.005,0.0
1774255033.1243281,389.000,-9999.000000,21.846458,26.0,96.7072,LOW,0.2,0.005,0.0
1774255033.1943986,389.070,-9999.000000,21.847232,26.0,96.6917,LOW,0.2,0.005,0.0
1774255033.2544394,389.130,-9999.000000,21.845681,26.0,96.7227,LOW,0.2,0.005,0.0
1774255033.327913,389.203,-9999.000000,21.846068,26.0,96.7150,LOW,0.2,0.005,0.0
1774255033.3799539,389.256,-9999.000000,21.844516,26.0,96.7460,LOW,0.2,0.005,0.0
1774255033.4547381,389.330,-9999.000000,21.840249,26.0,96.8314,LOW,0.2,0.005,0.0
1774255033.514923,389.390,-9999.000000,21.841414,26.0,96.8081,LOW,0.2,0.005,0.0
1774255033.5841994,389.460,-9999.000000,21.843742,26.0,96.7615,LOW,0.2,0.005,0.0
1774255033.6473556,389.523,-9999.000000,21.845681,26.0,96.7227,LOW,0.2,0.005,0.0
1774255033.7048736,389.580,-9999.000000,21.844906,26.0,96.7382,LOW,0.2,0.005,0.0
1774255033.773759,389.649,-9999.000000,21.841414,26.0,96.8081,LOW,0.2,0.005,0.0
1774255033.8365822,389.712,-9999.000000,21.839862,26.0,96.8391,LOW,0.2,0.005,0.0
1774255033.9000595,389.776,-9999.000000,21.839862,26.0,96.8391,LOW,0.2,0.005,0.0
1774255033.9648442,389.840,-9999.000000,21.844516,26.0,96.7460,LOW,0.2,0.005,0.0
1774255034.027999,389.904,-9999.000000,21.845681,26.0,96.7227,LOW,0.2,0.005,0.0
1774255034.0862818,389.962,-9999.000000,21.840249,26.0,96.8314,LOW,0.2,0.005,0.0
1774255034.135805,390.011,-9999.000000,21.842191,26.0,96.7925,LOW,0.2,0.005,0.0
1774255034.206157,390.082,-9999.000000,21.839088,26.0,96.8546,LOW,0.2,0.005,0.0
1774255034.2645748,390.140,-9999.000000,21.838698,26.0,96.8624,LOW,0.2,0.005,0.0
1774255034.334988,390.211,-9999.000000,21.841414,26.0,96.8081,LOW,0.2,0.005,0.0
1774255034.3968973,390.272,-9999.000000,21.843742,26.0,96.7615,LOW,0.2,0.005,0.0
1774255034.457456,390.333,-9999.000000,21.844516,26.0,96.7460,LOW,0.2,0.005,0.0
1774255034.5244079,390.400,-9999.000000,21.839475,26.0,96.8469,LOW,0.2,0.005,0.0
1774255034.5846598,390.460,-9999.000000,21.838698,26.0,96.8624,LOW,0.2,0.005,0.0
1774255034.642847,390.518,-9999.000000,21.841414,26.0,96.8081,LOW,0.2,0.005,0.0
1774255034.7147415,390.590,-9999.000000,21.842965,26.0,96.7771,LOW,0.2,0.005,0.0
1774255034.774725,390.650,-9999.000000,21.843742,26.0,96.7615,LOW,0.2,0.005,0.0
1774255034.8444045,390.720,-9999.000000,21.843352,26.0,96.7693,LOW,0.2,0.005,0.0
1774255034.9044492,390.780,-9999.000000,21.841026,26.0,96.8158,LOW,0.2,0.005,0.0
1774255034.9664662,390.842,-9999.000000,21.837146,26.0,96.8934,LOW,0.2,0.005,0.0
1774255035.0358176,390.911,-9999.000000,21.838698,26.0,96.8624,LOW,0.2,0.005,0.0
1774255035.0980575,390.974,-9999.000000,21.841026,26.0,96.8158,LOW,0.2,0.005,0.0
1774255035.1563702,391.032,-9999.000000,21.841026,26.0,96.8158,LOW,0.2,0.005,0.0
1774255035.2270267,391.103,-9999.000000,21.843742,26.0,96.7615,LOW,0.2,0.005,0.0
1774255035.2938218,391.169,-9999.000000,21.841414,26.0,96.8081,LOW,0.2,0.005,0.0
1774255035.3463001,391.222,-9999.000000,21.838311,26.0,96.8701,LOW,0.2,0.005,0.0
1774255035.4142127,391.290,-9999.000000,21.837146,26.0,96.8934,LOW,0.2,0.005,0.0
1774255035.4843788,391.360,-9999.000000,21.837534,26.0,96.8857,LOW,0.2,0.005,0.0
1774255035.5467503,391.422,-9999.000000,21.841801,26.0,96.8004,LOW,0.2,0.005,0.0
1774255035.6140213,391.490,-9999.000000,21.842965,26.0,96.7771,LOW,0.2,0.005,0.0
1774255035.6744292,391.550,-9999.000000,21.842578,26.0,96.7848,LOW,0.2,0.005,0.0
1774255035.7364547,391.612,-9999.000000,21.837534,26.0,96.8857,LOW,0.2,0.005,0.0
1774255035.8043067,391.680,-9999.000000,21.835208,26.0,96.9322,LOW,0.2,0.005,0.0
1774255035.8642938,391.740,-9999.000000,21.837534,26.0,96.8857,LOW,0.2,0.005,0.0
1774255035.9280279,391.804,-9999.000000,21.841414,26.0,96.8081,LOW,0.2,0.005,0.0
1774255035.9949687,391.871,-9999.000000,21.842965,26.0,96.7771,LOW,0.2,0.005,0.0
1774255036.0581164,391.934,-9999.000000,21.840639,26.0,96.8236,LOW,0.2,0.005,0.0
1774255036.1139927,391.990,-9999.000000,21.842191,26.0,96.7925,LOW,0.2,0.005,0.0
1774255036.1884105,392.064,-9999.000000,21.836372,26.0,96.9089,LOW,0.2,0.005,0.0
1774255036.2458613,392.121,-9999.000000,21.837534,26.0,96.8857,LOW,0.2,0.005,0.0
1774255036.3160076,392.192,-9999.000000,21.839475,26.0,96.8469,LOW,0.2,0.005,0.0
1774255036.3749146,392.250,-9999.000000,21.842191,26.0,96.7925,LOW,0.2,0.005,0.0
1774255036.4442792,392.320,-9999.000000,21.841026,26.0,96.8158,LOW,0.2,0.005,0.0
1774255036.5060055,392.382,-9999.000000,21.837146,26.0,96.8934,LOW,0.2,0.005,0.0
1774255036.5646071,392.440,-9999.000000,21.835208,26.0,96.9322,LOW,0.2,0.005,0.0
1774255036.6363473,392.512,-9999.000000,21.835595,26.0,96.9245,LOW,0.2,0.005,0.0
1774255036.7011073,392.577,-9999.000000,21.837146,26.0,96.8934,LOW,0.2,0.005,0.0
1774255036.7582319,392.634,-9999.000000,21.835982,26.0,96.9167,LOW,0.2,0.005,0.0
1774255036.8260992,392.702,-9999.000000,21.841414,26.0,96.8081,LOW,0.2,0.005,0.0
1774255036.884656,392.760,-9999.000000,21.836759,26.0,96.9012,LOW,0.2,0.005,0.0
1774255036.9365592,392.812,-9999.000000,21.835208,26.0,96.9322,LOW,0.2,0.005,0.0
1774255037.0039709,392.880,-9999.000000,21.834044,26.0,96.9555,LOW,0.2,0.005,0.0
1774255037.068113,392.944,-9999.000000,21.836759,26.0,96.9012,LOW,0.2,0.005,0.0
1774255037.1261392,393.002,-9999.000000,21.839088,26.0,96.8546,LOW,0.2,0.005,0.0
1774255037.1950853,393.071,-9999.000000,21.839862,26.0,96.8391,LOW,0.2,0.005,0.0
1774255037.2544153,393.130,-9999.000000,21.835982,26.0,96.9167,LOW,0.2,0.005,0.0
1774255037.3172853,393.193,-9999.000000,21.833657,26.0,96.9632,LOW,0.2,0.005,0.0
1774255037.3863318,393.262,-9999.000000,21.834431,26.0,96.9477,LOW,0.2,0.005,0.0
1774255037.4449732,393.321,-9999.000000,21.839475,26.0,96.8469,LOW,0.2,0.005,0.0
1774255037.5139656,393.390,-9999.000000,21.839475,26.0,96.8469,LOW,0.2,0.005,0.0
1774255037.5761147,393.452,-9999.000000,21.837146,26.0,96.8934,LOW,0.2,0.005,0.0
1774255037.6365755,393.512,-9999.000000,21.833657,26.0,96.9632,LOW,0.2,0.005,0.0
1774255037.6861885,393.562,-9999.000000,21.832492,26.0,96.9865,LOW,0.2,0.005,0.0
1774255037.754789,393.630,-9999.000000,21.833267,26.0,96.9710,LOW,0.2,0.005,0.0
1774255037.814323,393.690,-9999.000000,21.835982,26.0,96.9167,LOW,0.2,0.005,0.0
1774255037.876056,393.752,-9999.000000,21.838311,26.0,96.8701,LOW,0.2,0.005,0.0
1774255037.947014,393.823,-9999.000000,21.838698,26.0,96.8624,LOW,0.2,0.005,0.0
1774255038.0076623,393.883,-9999.000000,21.836372,26.0,96.9089,LOW,0.2,0.005,0.0
1774255038.0749722,393.951,-9999.000000,21.832879,26.0,96.9788,LOW,0.2,0.005,0.0
1774255038.1346025,394.010,-9999.000000,21.832492,26.0,96.9865,LOW,0.2,0.005,0.0
1774255038.1965709,394.072,-9999.000000,21.833657,26.0,96.9632,LOW,0.2,0.005,0.0
1774255038.264711,394.140,-9999.000000,21.837924,26.0,96.8779,LOW,0.2,0.005,0.0
1774255038.3246205,394.200,-9999.000000,21.837534,26.0,96.8857,LOW,0.2,0.005,0.0
1774255038.376071,394.252,-9999.000000,21.834821,26.0,96.9399,LOW,0.2,0.005,0.0
1774255038.4378388,394.313,-9999.000000,21.832492,26.0,96.9865,LOW,0.2,0.005,0.0
1774255038.5043993,394.380,-9999.000000,21.830941,26.0,97.0175,LOW,0.2,0.005,0.0
1774255038.567591,394.443,-9999.000000,21.832105,26.0,96.9943,LOW,0.2,0.005,0.0
1774255038.62464,394.500,-9999.000000,21.836372,26.0,96.9089,LOW,0.2,0.005,0.0
1774255038.69493,394.570,-9999.000000,21.836759,26.0,96.9012,LOW,0.2,0.005,0.0
1774255038.7565532,394.632,-9999.000000,21.835208,26.0,96.9322,LOW,0.2,0.005,0.0
1774255038.8243518,394.700,-9999.000000,21.832105,26.0,96.9943,LOW,0.2,0.005,0.0
1774255038.8844335,394.760,-9999.000000,21.830164,26.0,97.0331,LOW,0.2,0.005,0.0
1774255038.953696,394.829,-9999.000000,21.832492,26.0,96.9865,LOW,0.2,0.005,0.0
1774255039.0160737,394.892,-9999.000000,21.834431,26.0,96.9477,LOW,0.2,0.005,0.0
1774255039.064433,394.940,-9999.000000,21.835982,26.0,96.9167,LOW,0.2,0.005,0.0
1774255039.1288996,395.004,-9999.000000,21.835208,26.0,96.9322,LOW,0.2,0.005,0.0
1774255039.1844213,395.060,-9999.000000,21.830941,26.0,97.0175,LOW,0.2,0.005,0.0
1774255039.2542095,395.130,-9999.000000,21.829390,26.0,97.0486,LOW,0.2,0.005,0.0
1774255039.3172572,395.193,-9999.000000,21.829390,26.0,97.0486,LOW,0.2,0.005,0.0
1774255039.3843937,395.260,-9999.000000,21.832492,26.0,96.9865,LOW,0.2,0.005,0.0
1774255039.4371746,395.313,-9999.000000,21.829390,26.0,97.0486,LOW,0.2,0.005,0.0
1774255039.5083385,395.384,-9999.000000,21.833657,26.0,96.9632,LOW,0.2,0.005,0.0
1774255039.5744686,395.450,-9999.000000,21.829777,26.0,97.0408,LOW,0.2,0.005,0.0
1774255039.6359148,395.511,-9999.000000,21.829003,26.0,97.0563,LOW,0.2,0.005,0.0
1774255039.694836,395.570,-9999.000000,21.832105,26.0,96.9943,LOW,0.2,0.005,0.0
1774255039.764684,395.640,-9999.000000,21.834044,26.0,96.9555,LOW,0.2,0.005,0.0
1774255039.8273907,395.703,-9999.000000,21.834431,26.0,96.9477,LOW,0.2,0.005,0.0
1774255039.8848476,395.760,-9999.000000,21.829390,26.0,97.0486,LOW,0.2,0.005,0.0
1774255039.9546614,395.830,-9999.000000,21.827838,26.0,97.0796,LOW,0.2,0.005,0.0
1774255040.0142214,395.890,-9999.000000,21.829390,26.0,97.0486,LOW,0.2,0.005,0.0
1774255040.075956,395.952,-9999.000000,21.833657,26.0,96.9632,LOW,0.2,0.005,0.0
1774255040.146245,396.022,-9999.000000,21.833267,26.0,96.9710,LOW,0.2,0.005,0.0
1774255040.2092474,396.085,-9999.000000,21.829390,26.0,97.0486,LOW,0.2,0.005,0.0
1774255040.273923,396.149,-9999.000000,21.827061,26.0,97.0951,LOW,0.2,0.005,0.0
1774255040.3380046,396.214,-9999.000000,21.827061,26.0,97.0951,LOW,0.2,0.005,0.0
1774255040.394688,396.270,-9999.000000,21.832105,26.0,96.9943,LOW,0.2,0.005,0.0
1774255040.463918,396.339,-9999.000000,21.833657,26.0,96.9632,LOW,0.2,0.005,0.0
1774255040.5247142,396.400,-9999.000000,21.829390,26.0,97.0486,LOW,0.2,0.005,0.0
1774255040.5801613,396.456,-9999.000000,21.833267,26.0,96.9710,LOW,0.2,0.005,0.0
1774255040.6545453,396.530,-9999.000000,21.827061,26.0,97.0951,LOW,0.2,0.005,0.0
1774255040.7142825,396.590,-9999.000000,21.832879,26.0,96.9788,LOW,0.2,0.005,0.0
1774255040.7694914,396.645,-9999.000000,21.827448,26.0,97.0874,LOW,0.2,0.005,0.0
1774255040.824267,396.700,-9999.000000,21.832492,26.0,96.9865,LOW,0.2,0.005,0.0
1774255040.9079046,396.783,-9999.000000,21.826674,26.0,97.1029,LOW,0.2,0.005,0.0
1774255040.9648185,396.840,-9999.000000,21.832105,26.0,96.9943,LOW,0.2,0.005,0.0
1774255041.0143147,396.890,-9999.000000,21.831715,26.0,97.0021,LOW,0.2,0.005,0.0
1774255041.0765479,396.952,-9999.000000,21.831328,26.0,97.0098,LOW,0.2,0.005,0.0
1774255041.1446397,397.020,-9999.000000,21.830941,26.0,97.0175,LOW,0.2,0.005,0.0
1774255041.2081518,397.084,-9999.000000,21.827061,26.0,97.0951,LOW,0.2,0.005,0.0
1774255041.2677145,397.143,-9999.000000,21.826287,26.0,97.1106,LOW,0.2,0.005,0.0
1774255041.3348072,397.210,-9999.000000,21.828225,26.0,97.0719,LOW,0.2,0.005,0.0
1774255041.3979783,397.274,-9999.000000,21.830164,26.0,97.0331,LOW,0.2,0.005,0.0
1774255041.4649444,397.341,-9999.000000,21.830941,26.0,97.0175,LOW,0.2,0.005,0.0
1774255041.5247197,397.400,-9999.000000,21.830164,26.0,97.0331,LOW,0.2,0.005,0.0
1774255041.5866303,397.462,-9999.000000,21.825510,26.0,97.1262,LOW,0.2,0.005,0.0
1774255041.6564298,397.532,-9999.000000,21.825123,26.0,97.1339,LOW,0.2,0.005,0.0
1774255041.7054675,397.581,-9999.000000,21.825897,26.0,97.1184,LOW,0.2,0.005,0.0
1774255041.7649527,397.641,-9999.000000,21.830554,26.0,97.0253,LOW,0.2,0.005,0.0
1774255041.8336694,397.709,-9999.000000,21.830941,26.0,97.0175,LOW,0.2,0.005,0.0
1774255041.8948672,397.770,-9999.000000,21.829777,26.0,97.0408,LOW,0.2,0.005,0.0
1774255041.9563618,397.832,-9999.000000,21.827838,26.0,97.0796,LOW,0.2,0.005,0.0
1774255042.0241945,397.900,-9999.000000,21.824736,26.0,97.1417,LOW,0.2,0.005,0.0
1774255042.0842128,397.960,-9999.000000,21.824346,26.0,97.1495,LOW,0.2,0.005,0.0
1774255042.1539254,398.029,-9999.000000,21.826674,26.0,97.1029,LOW,0.2,0.005,0.0
1774255042.215756,398.091,-9999.000000,21.828225,26.0,97.0719,LOW,0.2,0.005,0.0
1774255042.2809145,398.156,-9999.000000,21.829777,26.0,97.0408,LOW,0.2,0.005,0.0
1774255042.3340826,398.210,-9999.000000,21.827838,26.0,97.0796,LOW,0.2,0.005,0.0
1774255042.3844364,398.260,-9999.000000,21.825510,26.0,97.1262,LOW,0.2,0.005,0.0
1774255042.4549527,398.331,-9999.000000,21.823571,26.0,97.1649,LOW,0.2,0.005,0.0
1774255042.5164938,398.392,-9999.000000,21.825123,26.0,97.1339,LOW,0.2,0.005,0.0
1774255042.5849392,398.461,-9999.000000,21.826287,26.0,97.1106,LOW,0.2,0.005,0.0
1774255042.6446738,398.520,-9999.000000,21.829003,26.0,97.0563,LOW,0.2,0.005,0.0
1774255042.7137825,398.589,-9999.000000,21.828612,26.0,97.0641,LOW,0.2,0.005,0.0
1774255042.7748723,398.650,-9999.000000,21.825123,26.0,97.1339,LOW,0.2,0.005,0.0
1774255042.8301275,398.706,-9999.000000,21.829003,26.0,97.0563,LOW,0.2,0.005,0.0
1774255042.904666,398.780,-9999.000000,21.823571,26.0,97.1649,LOW,0.2,0.005,0.0
1774255042.9693062,398.845,-9999.000000,21.826674,26.0,97.1029,LOW,0.2,0.005,0.0
1774255043.0263946,398.902,-9999.000000,21.828612,26.0,97.0641,LOW,0.2,0.005,0.0
1774255043.0959098,398.971,-9999.000000,21.828612,26.0,97.0641,LOW,0.2,0.005,0.0
1774255043.154774,399.030,-9999.000000,21.825510,26.0,97.1262,LOW,0.2,0.005,0.0
1774255043.224346,399.100,-9999.000000,21.822794,26.0,97.1805,LOW,0.2,0.005,0.0
1774255043.2870142,399.163,-9999.000000,21.822794,26.0,97.1805,LOW,0.2,0.005,0.0
1774255043.3449519,399.221,-9999.000000,21.827061,26.0,97.0951,LOW,0.2,0.005,0.0
1774255043.415378,399.291,-9999.000000,21.829003,26.0,97.0563,LOW,0.2,0.005,0.0
1774255043.474228,399.350,-9999.000000,21.827838,26.0,97.0796,LOW,0.2,0.005,0.0
1774255043.544068,399.420,-9999.000000,21.825510,26.0,97.1262,LOW,0.2,0.005,0.0
1774255043.60581,399.481,-9999.000000,21.823181,26.0,97.1727,LOW,0.2,0.005,0.0
1774255043.6680732,399.544,-9999.000000,21.821630,26.0,97.2038,LOW,0.2,0.005,0.0
1774255043.7371824,399.613,-9999.000000,21.822407,26.0,97.1882,LOW,0.2,0.005,0.0
1774255043.7964888,399.672,-9999.000000,21.827448,26.0,97.0874,LOW,0.2,0.005,0.0
1774255043.8643248,399.740,-9999.000000,21.827838,26.0,97.0796,LOW,0.2,0.005,0.0
1774255043.9246387,399.800,-9999.000000,21.825510,26.0,97.1262,LOW,0.2,0.005,0.0
1774255043.9848578,399.860,-9999.000000,21.822407,26.0,97.1882,LOW,0.2,0.005,0.0
1774255044.05481,399.930,-9999.000000,21.821630,26.0,97.2038,LOW,0.2,0.005,0.0
1774255044.1163578,399.992,-9999.000000,21.823958,26.0,97.1572,LOW,0.2,0.005,0.0
1774255044.1848936,400.060,-9999.000000,21.826287,26.0,97.1106,LOW,0.2,0.005,0.0
1774255044.2447999,400.120,-9999.000000,21.827448,26.0,97.0874,LOW,0.2,0.005,0.0
1774255044.302472,400.178,-9999.000000,21.826674,26.0,97.1029,LOW,0.2,0.005,0.0
1774255044.37594,400.252,-9999.000000,21.822407,26.0,97.1882,LOW,0.2,0.005,0.0
1774255044.4379814,400.314,-9999.000000,21.822020,26.0,97.1960,LOW,0.2,0.005,0.0
1774255044.504216,400.380,-9999.000000,21.822794,26.0,97.1805,LOW,0.2,0.005,0.0
1774255044.5647552,400.440,-9999.000000,21.825123,26.0,97.1339,LOW,0.2,0.005,0.0
1774255044.6261988,400.502,-9999.000000,21.826674,26.0,97.1029,LOW,0.2,0.005,0.0
1774255044.6950285,400.571,-9999.000000,21.825123,26.0,97.1339,LOW,0.2,0.005,0.0
1774255044.7546494,400.630,-9999.000000,21.820856,26.0,97.2192,LOW,0.2,0.005,0.0
1774255044.8181112,400.694,-9999.000000,21.821243,26.0,97.2115,LOW,0.2,0.005,0.0
1774255044.8846855,400.760,-9999.000000,21.825510,26.0,97.1262,LOW,0.2,0.005,0.0
1774255044.948043,400.824,-9999.000000,21.826287,26.0,97.1106,LOW,0.2,0.005,0.0
1774255045.0048394,400.880,-9999.000000,21.824736,26.0,97.1417,LOW,0.2,0.005,0.0
1774255045.0748456,400.950,-9999.000000,21.822020,26.0,97.1960,LOW,0.2,0.005,0.0
1774255045.137554,401.013,-9999.000000,21.820856,26.0,97.2192,LOW,0.2,0.005,0.0
1774255045.2044246,401.080,-9999.000000,21.822020,26.0,97.1960,LOW,0.2,0.005,0.0
1774255045.2450116,401.121,-9999.000000,21.824736,26.0,97.1417,LOW,0.2,0.005,0.0
1774255045.3147798,401.190,-9999.000000,21.826287,26.0,97.1106,LOW,0.2,0.005,0.0
1774255045.3762467,401.252,-9999.000000,21.825897,26.0,97.1184,LOW,0.2,0.005,0.0
1774255045.4441032,401.320,-9999.000000,21.822020,26.0,97.1960,LOW,0.2,0.005,0.0
1774255045.5045023,401.380,-9999.000000,21.820856,26.0,97.2192,LOW,0.2,0.005,0.0
1774255045.5642982,401.440,-9999.000000,21.820469,26.0,97.2270,LOW,0.2,0.005,0.0
1774255045.6355968,401.511,-9999.000000,21.822407,26.0,97.1882,LOW,0.2,0.005,0.0
1774255045.6958363,401.571,-9999.000000,21.825123,26.0,97.1339,LOW,0.2,0.005,0.0
1774255045.7648659,401.640,-9999.000000,21.826287,26.0,97.1106,LOW,0.2,0.005,0.0
1774255045.8246903,401.700,-9999.000000,21.823571,26.0,97.1649,LOW,0.2,0.005,0.0
1774255045.8759644,401.752,-9999.000000,21.820469,26.0,97.2270,LOW,0.2,0.005,0.0
1774255045.934576,401.810,-9999.000000,21.820079,26.0,97.2348,LOW,0.2,0.005,0.0
1774255046.004286,401.880,-9999.000000,21.821243,26.0,97.2115,LOW,0.2,0.005,0.0
1774255046.0675719,401.943,-9999.000000,21.823181,26.0,97.1727,LOW,0.2,0.005,0.0
1774255046.1247118,402.000,-9999.000000,21.825510,26.0,97.1262,LOW,0.2,0.005,0.0
1774255046.1960385,402.072,-9999.000000,21.824346,26.0,97.1495,LOW,0.2,0.005,0.0
1774255046.255969,402.132,-9999.000000,21.821243,26.0,97.2115,LOW,0.2,0.005,0.0
1774255046.324334,402.200,-9999.000000,21.820079,26.0,97.2348,LOW,0.2,0.005,0.0
1774255046.384266,402.260,-9999.000000,21.818917,26.0,97.2580,LOW,0.2,0.005,0.0
1774255046.4443254,402.320,-9999.000000,21.822407,26.0,97.1882,LOW,0.2,0.005,0.0
1774255046.5143282,402.390,-9999.000000,21.824346,26.0,97.1495,LOW,0.2,0.005,0.0
1774255046.5758014,402.451,-9999.000000,21.821630,26.0,97.2038,LOW,0.2,0.005,0.0
1774255046.6346364,402.510,-9999.000000,21.817363,26.0,97.2891,LOW,0.2,0.005,0.0
1774255046.703642,402.579,-9999.000000,21.819305,26.0,97.2503,LOW,0.2,0.005,0.0
1774255046.765697,402.641,-9999.000000,21.824346,26.0,97.1495,LOW,0.2,0.005,0.0
1774255046.813625,402.689,-9999.000000,21.823958,26.0,97.1572,LOW,0.2,0.005,0.0
1774255046.8758056,402.751,-9999.000000,21.820079,26.0,97.2348,LOW,0.2,0.005,0.0
1774255046.9362328,402.812,-9999.000000,21.818527,26.0,97.2658,LOW,0.2,0.005,0.0
1774255047.0045993,402.880,-9999.000000,21.818527,26.0,97.2658,LOW,0.2,0.005,0.0
1774255047.0682843,402.944,-9999.000000,21.822407,26.0,97.1882,LOW,0.2,0.005,0.0
1774255047.1245606,403.000,-9999.000000,21.823181,26.0,97.1727,LOW,0.2,0.005,0.0
1774255047.194814,403.070,-9999.000000,21.821630,26.0,97.2038,LOW,0.2,0.005,0.0
1774255047.2575824,403.133,-9999.000000,21.818917,26.0,97.2580,LOW,0.2,0.005,0.0
1774255047.3146539,403.190,-9999.000000,21.818917,26.0,97.2580,LOW,0.2,0.005,0.0
1774255047.3845134,403.260,-9999.000000,21.822794,26.0,97.1805,LOW,0.2,0.005,0.0
1774255047.4372106,403.313,-9999.000000,21.817753,26.0,97.2813,LOW,0.2,0.005,0.0
1774255047.505854,403.381,-9999.000000,21.819305,26.0,97.2503,LOW,0.2,0.005,0.0
1774255047.574783,403.450,-9999.000000,21.816202,26.0,97.3123,LOW,0.2,0.005,0.0
1774255047.6261833,403.502,-9999.000000,21.820079,26.0,97.2348,LOW,0.2,0.005,0.0
1774255047.7038844,403.579,-9999.000000,21.819305,26.0,97.2503,LOW,0.2,0.005,0.0
1774255047.7445102,403.620,-9999.000000,21.821243,26.0,97.2115,LOW,0.2,0.005,0.0
1774255047.814637,403.690,-9999.000000,21.822020,26.0,97.1960,LOW,0.2,0.005,0.0
1774255047.8765469,403.752,-9999.000000,21.821630,26.0,97.2038,LOW,0.2,0.005,0.0
1774255047.934638,403.810,-9999.000000,21.816976,26.0,97.2968,LOW,0.2,0.005,0.0
1774255048.0046268,403.880,-9999.000000,21.816202,26.0,97.3123,LOW,0.2,0.005,0.0
1774255048.0666358,403.942,-9999.000000,21.816976,26.0,97.2968,LOW,0.2,0.005,0.0
1774255048.1349573,404.011,-9999.000000,21.819305,26.0,97.2503,LOW,0.2,0.005,0.0
1774255048.1906078,404.066,-9999.000000,21.816202,26.0,97.3123,LOW,0.2,0.005,0.0
1774255048.2654965,404.141,-9999.000000,21.822020,26.0,97.1960,LOW,0.2,0.005,0.0
1774255048.324662,404.200,-9999.000000,21.820469,26.0,97.2270,LOW,0.2,0.005,0.0
1774255048.394733,404.270,-9999.000000,21.818917,26.0,97.2580,LOW,0.2,0.005,0.0
1774255048.4566262,404.332,-9999.000000,21.816589,26.0,97.3046,LOW,0.2,0.005,0.0
1774255048.5147252,404.390,-9999.000000,21.818140,26.0,97.2736,LOW,0.2,0.005,0.0
1774255048.5842023,404.460,-9999.000000,21.820856,26.0,97.2192,LOW,0.2,0.005,0.0
1774255048.646885,404.522,-9999.000000,21.822407,26.0,97.1882,LOW,0.2,0.005,0.0
1774255048.7142723,404.590,-9999.000000,21.820469,26.0,97.2270,LOW,0.2,0.005,0.0
1774255048.7748632,404.650,-9999.000000,21.818140,26.0,97.2736,LOW,0.2,0.005,0.0
1774255048.836083,404.712,-9999.000000,21.816589,26.0,97.3046,LOW,0.2,0.005,0.0
1774255048.9048605,404.780,-9999.000000,21.815038,26.0,97.3356,LOW,0.2,0.005,0.0
1774255048.9661632,404.842,-9999.000000,21.819305,26.0,97.2503,LOW,0.2,0.005,0.0
1774255049.0326529,404.908,-9999.000000,21.821243,26.0,97.2115,LOW,0.2,0.005,0.0
1774255049.0944605,404.970,-9999.000000,21.820469,26.0,97.2270,LOW,0.2,0.005,0.0
1774255049.1557739,405.031,-9999.000000,21.815038,26.0,97.3356,LOW,0.2,0.005,0.0
1774255049.214389,405.090,-9999.000000,21.814651,26.0,97.3433,LOW,0.2,0.005,0.0
1774255049.2843187,405.160,-9999.000000,21.816589,26.0,97.3046,LOW,0.2,0.005,0.0
1774255049.3475542,405.223,-9999.000000,21.820079,26.0,97.2348,LOW,0.2,0.005,0.0
1774255049.413665,405.289,-9999.000000,21.819692,26.0,97.2425,LOW,0.2,0.005,0.0
1774255049.4779582,405.354,-9999.000000,21.818527,26.0,97.2658,LOW,0.2,0.005,0.0
1774255049.5414214,405.417,-9999.000000,21.814261,26.0,97.3511,LOW,0.2,0.005,0.0
1774255049.5961585,405.472,-9999.000000,21.820079,26.0,97.2348,LOW,0.2,0.005,0.0
1774255049.6664276,405.542,-9999.000000,21.817753,26.0,97.2813,LOW,0.2,0.005,0.0
1774255049.7348945,405.610,-9999.000000,21.818917,26.0,97.2580,LOW,0.2,0.005,0.0
1774255049.774422,405.650,-9999.000000,21.820469,26.0,97.2270,LOW,0.2,0.005,0.0
1774255049.8449717,405.721,-9999.000000,21.818917,26.0,97.2580,LOW,0.2,0.005,0.0
1774255049.9088016,405.784,-9999.000000,21.814651,26.0,97.3433,LOW,0.2,0.005,0.0
1774255049.9743998,405.850,-9999.000000,21.813487,26.0,97.3666,LOW,0.2,0.005,0.0
1774255050.035926,405.911,-9999.000000,21.815812,26.0,97.3201,LOW,0.2,0.005,0.0
1774255050.0972524,405.973,-9999.000000,21.818140,26.0,97.2736,LOW,0.2,0.005,0.0
1774255050.1648324,406.040,-9999.000000,21.818140,26.0,97.2736,LOW,0.2,0.005,0.0
1774255050.2288074,406.104,-9999.000000,21.816976,26.0,97.2968,LOW,0.2,0.005,0.0
1774255050.2846189,406.160,-9999.000000,21.813487,26.0,97.3666,LOW,0.2,0.005,0.0
1774255050.3542736,406.230,-9999.000000,21.813487,26.0,97.3666,LOW,0.2,0.005,0.0
1774255050.4167447,406.292,-9999.000000,21.817363,26.0,97.2891,LOW,0.2,0.005,0.0
1774255050.4848177,406.360,-9999.000000,21.817753,26.0,97.2813,LOW,0.2,0.005,0.0
1774255050.5480392,406.424,-9999.000000,21.819305,26.0,97.2503,LOW,0.2,0.005,0.0
1774255050.6043007,406.480,-9999.000000,21.817363,26.0,97.2891,LOW,0.2,0.005,0.0
1774255050.6748793,406.550,-9999.000000,21.815038,26.0,97.3356,LOW,0.2,0.005,0.0
1774255050.73635,406.612,-9999.000000,21.812709,26.0,97.3822,LOW,0.2,0.005,0.0
1774255050.8039663,406.680,-9999.000000,21.815425,26.0,97.3279,LOW,0.2,0.005,0.0
1774255050.870163,406.746,-9999.000000,21.815812,26.0,97.3201,LOW,0.2,0.005,0.0
1774255050.931673,406.807,-9999.000000,21.818140,26.0,97.2736,LOW,0.2,0.005,0.0
1774255050.994322,406.870,-9999.000000,21.818140,26.0,97.2736,LOW,0.2,0.005,0.0
1774255051.0576165,406.933,-9999.000000,21.814261,26.0,97.3511,LOW,0.2,0.005,0.0
1774255051.1178918,406.993,-9999.000000,21.811935,26.0,97.3977,LOW,0.2,0.005,0.0
1774255051.1844122,407.060,-9999.000000,21.816202,26.0,97.3123,LOW,0.2,0.005,0.0
1774255051.2469265,407.122,-9999.000000,21.817363,26.0,97.2891,LOW,0.2,0.005,0.0
1774255051.304453,407.180,-9999.000000,21.817363,26.0,97.2891,LOW,0.2,0.005,0.0
1774255051.354692,407.230,-9999.000000,21.814261,26.0,97.3511,LOW,0.2,0.005,0.0
1774255051.4251704,407.301,-9999.000000,21.812322,26.0,97.3899,LOW,0.2,0.005,0.0
1774255051.4844844,407.360,-9999.000000,21.812322,26.0,97.3899,LOW,0.2,0.005,0.0
1774255051.5473835,407.423,-9999.000000,21.815812,26.0,97.3201,LOW,0.2,0.005,0.0
1774255051.6143348,407.490,-9999.000000,21.816976,26.0,97.2968,LOW,0.2,0.005,0.0
1774255051.6747055,407.550,-9999.000000,21.814261,26.0,97.3511,LOW,0.2,0.005,0.0
1774255051.7358062,407.611,-9999.000000,21.810771,26.0,97.4209,LOW,0.2,0.005,0.0
1774255051.8047602,407.680,-9999.000000,21.811158,26.0,97.4132,LOW,0.2,0.005,0.0
1774255051.8648908,407.740,-9999.000000,21.816202,26.0,97.3123,LOW,0.2,0.005,0.0
1774255051.9246137,407.800,-9999.000000,21.816976,26.0,97.2968,LOW,0.2,0.005,0.0
1774255051.9949584,407.871,-9999.000000,21.815038,26.0,97.3356,LOW,0.2,0.005,0.0
1774255052.0559533,407.932,-9999.000000,21.810384,26.0,97.4287,LOW,0.2,0.005,0.0
1774255052.1240442,408.000,-9999.000000,21.809994,26.0,97.4365,LOW,0.2,0.005,0.0
1774255052.184936,408.061,-9999.000000,21.811158,26.0,97.4132,LOW,0.2,0.005,0.0
1774255052.2359908,408.112,-9999.000000,21.813874,26.0,97.3589,LOW,0.2,0.005,0.0
1774255052.2965636,408.172,-9999.000000,21.815812,26.0,97.3201,LOW,0.2,0.005,0.0
1774255052.3645728,408.240,-9999.000000,21.815425,26.0,97.3279,LOW,0.2,0.005,0.0
1774255052.426294,408.302,-9999.000000,21.812322,26.0,97.3899,LOW,0.2,0.005,0.0
1774255052.486608,408.362,-9999.000000,21.809607,26.0,97.4442,LOW,0.2,0.005,0.0
1774255052.5549989,408.431,-9999.000000,21.809220,26.0,97.4520,LOW,0.2,0.005,0.0
1774255052.617735,408.493,-9999.000000,21.812322,26.0,97.3899,LOW,0.2,0.005,0.0
1774255052.6843498,408.560,-9999.000000,21.815038,26.0,97.3356,LOW,0.2,0.005,0.0
1774255052.736337,408.612,-9999.000000,21.811935,26.0,97.3977,LOW,0.2,0.005,0.0
1774255052.8061197,408.682,-9999.000000,21.813097,26.0,97.3744,LOW,0.2,0.005,0.0
1774255052.8760674,408.752,-9999.000000,21.809994,26.0,97.4365,LOW,0.2,0.005,0.0
1774255052.9355235,408.811,-9999.000000,21.808833,26.0,97.4597,LOW,0.2,0.005,0.0
1774255053.0056453,408.881,-9999.000000,21.809607,26.0,97.4442,LOW,0.2,0.005,0.0
1774255053.0649118,408.940,-9999.000000,21.813487,26.0,97.3666,LOW,0.2,0.005,0.0
1774255053.126974,409.003,-9999.000000,21.813487,26.0,97.3666,LOW,0.2,0.005,0.0
1774255053.1949368,409.071,-9999.000000,21.813097,26.0,97.3744,LOW,0.2,0.005,0.0
1774255053.2563488,409.132,-9999.000000,21.808833,26.0,97.4597,LOW,0.2,0.005,0.0
1774255053.3240058,409.200,-9999.000000,21.807669,26.0,97.4830,LOW,0.2,0.005,0.0
1774255053.3869596,409.263,-9999.000000,21.811545,26.0,97.4055,LOW,0.2,0.005,0.0
1774255053.444548,409.320,-9999.000000,21.812322,26.0,97.3899,LOW,0.2,0.005,0.0
1774255053.5043473,409.380,-9999.000000,21.808833,26.0,97.4597,LOW,0.2,0.005,0.0
1774255053.5775585,409.453,-9999.000000,21.810384,26.0,97.4287,LOW,0.2,0.005,0.0
1774255053.6339278,409.509,-9999.000000,21.814261,26.0,97.3511,LOW,0.2,0.005,0.0
1774255053.6856492,409.561,-9999.000000,21.807669,26.0,97.4830,LOW,0.2,0.005,0.0
1774255053.7542107,409.630,-9999.000000,21.809607,26.0,97.4442,LOW,0.2,0.005,0.0
1774255053.8149996,409.691,-9999.000000,21.812322,26.0,97.3899,LOW,0.2,0.005,0.0
1774255053.8746758,409.750,-9999.000000,21.812709,26.0,97.3822,LOW,0.2,0.005,0.0
1774255053.944736,409.820,-9999.000000,21.811158,26.0,97.4132,LOW,0.2,0.005,0.0
1774255054.0062134,409.882,-9999.000000,21.807669,26.0,97.4830,LOW,0.2,0.005,0.0
1774255054.074202,409.950,-9999.000000,21.806504,26.0,97.5063,LOW,0.2,0.005,0.0
1774255054.136493,410.012,-9999.000000,21.806504,26.0,97.5063,LOW,0.2,0.005,0.0
1774255054.1958544,410.071,-9999.000000,21.811158,26.0,97.4132,LOW,0.2,0.005,0.0
1774255054.2646177,410.140,-9999.000000,21.813097,26.0,97.3744,LOW,0.2,0.005,0.0
1774255054.3143904,410.190,-9999.000000,21.812322,26.0,97.3899,LOW,0.2,0.005,0.0
1774255054.376558,410.252,-9999.000000,21.808443,26.0,97.4675,LOW,0.2,0.005,0.0
1774255054.4370267,410.313,-9999.000000,21.806117,26.0,97.5140,LOW,0.2,0.005,0.0
1774255054.504356,410.380,-9999.000000,21.806117,26.0,97.5140,LOW,0.2,0.005,0.0
1774255054.566626,410.442,-9999.000000,21.808443,26.0,97.4675,LOW,0.2,0.005,0.0
1774255054.6347365,410.510,-9999.000000,21.810384,26.0,97.4287,LOW,0.2,0.005,0.0
1774255054.694963,410.571,-9999.000000,21.810771,26.0,97.4209,LOW,0.2,0.005,0.0
1774255054.756362,410.632,-9999.000000,21.806504,26.0,97.5063,LOW,0.2,0.005,0.0
1774255054.8240771,410.700,-9999.000000,21.806117,26.0,97.5140,LOW,0.2,0.005,0.0
1774255054.8842835,410.760,-9999.000000,21.804566,26.0,97.5450,LOW,0.2,0.005,0.0
1774255054.944348,410.820,-9999.000000,21.808443,26.0,97.4675,LOW,0.2,0.005,0.0
1774255055.014976,410.891,-9999.000000,21.811545,26.0,97.4055,LOW,0.2,0.005,0.0
1774255055.064105,410.940,-9999.000000,21.810771,26.0,97.4209,LOW,0.2,0.005,0.0
1774255055.1283572,411.004,-9999.000000,21.808833,26.0,97.4597,LOW,0.2,0.005,0.0
1774255055.188718,411.064,-9999.000000,21.804953,26.0,97.5373,LOW,0.2,0.005,0.0
1774255055.254915,411.130,-9999.000000,21.804953,26.0,97.5373,LOW,0.2,0.005,0.0
1774255055.3179636,411.194,-9999.000000,21.807279,26.0,97.4908,LOW,0.2,0.005,0.0
1774255055.384452,411.260,-9999.000000,21.809994,26.0,97.4365,LOW,0.2,0.005,0.0
1774255055.4469593,411.323,-9999.000000,21.810384,26.0,97.4287,LOW,0.2,0.005,0.0
1774255055.5135696,411.389,-9999.000000,21.808056,26.0,97.4752,LOW,0.2,0.005,0.0
1774255055.5668147,411.442,-9999.000000,21.808833,26.0,97.4597,LOW,0.2,0.005,0.0
1774255055.6411023,411.517,-9999.000000,21.805340,26.0,97.5296,LOW,0.2,0.005,0.0
1774255055.6879356,411.564,-9999.000000,21.804176,26.0,97.5528,LOW,0.2,0.005,0.0
1774255055.7648995,411.640,-9999.000000,21.809994,26.0,97.4365,LOW,0.2,0.005,0.0
1774255055.8242943,411.700,-9999.000000,21.808833,26.0,97.4597,LOW,0.2,0.005,0.0
1774255055.895538,411.771,-9999.000000,21.807279,26.0,97.4908,LOW,0.2,0.005,0.0
1774255055.9563475,411.832,-9999.000000,21.805340,26.0,97.5296,LOW,0.2,0.005,0.0
1774255056.0239458,411.900,-9999.000000,21.804566,26.0,97.5450,LOW,0.2,0.005,0.0
1774255056.0846367,411.960,-9999.000000,21.806117,26.0,97.5140,LOW,0.2,0.005,0.0
1774255056.1463168,412.022,-9999.000000,21.809994,26.0,97.4365,LOW,0.2,0.005,0.0
1774255056.2148004,412.090,-9999.000000,21.809220,26.0,97.4520,LOW,0.2,0.005,0.0
1774255056.274923,412.150,-9999.000000,21.808443,26.0,97.4675,LOW,0.2,0.005,0.0
1774255056.3458447,412.221,-9999.000000,21.808833,26.0,97.4597,LOW,0.2,0.005,0.0
1774255056.4065216,412.282,-9999.000000,21.803402,26.0,97.5683,LOW,0.2,0.005,0.0
1774255056.4679441,412.344,-9999.000000,21.804176,26.0,97.5528,LOW,0.2,0.005,0.0
1774255056.536138,412.412,-9999.000000,21.807279,26.0,97.4908,LOW,0.2,0.005,0.0
1774255056.594754,412.470,-9999.000000,21.809994,26.0,97.4365,LOW,0.2,0.005,0.0
1774255056.6643467,412.540,-9999.000000,21.808443,26.0,97.4675,LOW,0.2,0.005,0.0
1774255056.726607,412.602,-9999.000000,21.805727,26.0,97.5218,LOW,0.2,0.005,0.0
1774255056.7847376,412.660,-9999.000000,21.804176,26.0,97.5528,LOW,0.2,0.005,0.0
1774255056.8542717,412.730,-9999.000000,21.803789,26.0,97.5606,LOW,0.2,0.005,0.0
1774255056.917471,412.793,-9999.000000,21.806504,26.0,97.5063,LOW,0.2,0.005,0.0
1774255056.9837184,412.859,-9999.000000,21.808833,26.0,97.4597,LOW,0.2,0.005,0.0
1774255057.044928,412.920,-9999.000000,21.808056,26.0,97.4752,LOW,0.2,0.005,0.0
1774255057.1045847,412.980,-9999.000000,21.806504,26.0,97.5063,LOW,0.2,0.005,0.0
1774255057.175951,413.052,-9999.000000,21.802625,26.0,97.5839,LOW,0.2,0.005,0.0
1774255057.2363613,413.112,-9999.000000,21.802238,26.0,97.5916,LOW,0.2,0.005,0.0
1774255057.3041127,413.180,-9999.000000,21.805340,26.0,97.5296,LOW,0.2,0.005,0.0
1774255057.368259,413.244,-9999.000000,21.807279,26.0,97.4908,LOW,0.2,0.005,0.0
1774255057.4345865,413.310,-9999.000000,21.806117,26.0,97.5140,LOW,0.2,0.005,0.0
1774255057.4960966,413.372,-9999.000000,21.808443,26.0,97.4675,LOW,0.2,0.005,0.0
1774255057.546113,413.422,-9999.000000,21.808056,26.0,97.4752,LOW,0.2,0.005,0.0
1774255057.6065397,413.482,-9999.000000,21.806504,26.0,97.5063,LOW,0.2,0.005,0.0
1774255057.676124,413.552,-9999.000000,21.802625,26.0,97.5839,LOW,0.2,0.005,0.0
1774255057.7348888,413.610,-9999.000000,21.802238,26.0,97.5916,LOW,0.2,0.005,0.0
1774255057.8049588,413.681,-9999.000000,21.802238,26.0,97.5916,LOW,0.2,0.005,0.0
1774255057.8682702,413.744,-9999.000000,21.806117,26.0,97.5140,LOW,0.2,0.005,0.0
1774255057.925082,413.801,-9999.000000,21.807669,26.0,97.4830,LOW,0.2,0.005,0.0
1774255057.9949515,413.871,-9999.000000,21.806117,26.0,97.5140,LOW,0.2,0.005,0.0
1774255058.0543535,413.930,-9999.000000,21.803402,26.0,97.5683,LOW,0.2,0.005,0.0
1774255058.1242535,414.000,-9999.000000,21.802238,26.0,97.5916,LOW,0.2,0.005,0.0
1774255058.1866972,414.062,-9999.000000,21.803012,26.0,97.5761,LOW,0.2,0.005,0.0
1774255058.250838,414.126,-9999.000000,21.808056,26.0,97.4752,LOW,0.2,0.005,0.0
1774255058.304104,414.180,-9999.000000,21.804953,26.0,97.5373,LOW,0.2,0.005,0.0
1774255058.3557863,414.231,-9999.000000,21.805340,26.0,97.5296,LOW,0.2,0.005,0.0
1774255058.4276588,414.303,-9999.000000,21.803789,26.0,97.5606,LOW,0.2,0.005,0.0
1774255058.486035,414.362,-9999.000000,21.801461,26.0,97.6071,LOW,0.2,0.005,0.0
1774255058.5542583,414.430,-9999.000000,21.802625,26.0,97.5839,LOW,0.2,0.005,0.0
1774255058.6148064,414.490,-9999.000000,21.805727,26.0,97.5218,LOW,0.2,0.005,0.0
1774255058.6760514,414.552,-9999.000000,21.807279,26.0,97.4908,LOW,0.2,0.005,0.0
1774255058.7461941,414.622,-9999.000000,21.806892,26.0,97.4985,LOW,0.2,0.005,0.0
1774255058.8093908,414.685,-9999.000000,21.805340,26.0,97.5296,LOW,0.2,0.005,0.0
1774255058.8649435,414.741,-9999.000000,21.807669,26.0,97.4830,LOW,0.2,0.005,0.0
1774255058.935918,414.811,-9999.000000,21.801851,26.0,97.5993,LOW,0.2,0.005,0.0
1774255059.0039158,414.879,-9999.000000,21.804953,26.0,97.5373,LOW,0.2,0.005,0.0
1774255059.0646672,414.940,-9999.000000,21.806892,26.0,97.4985,LOW,0.2,0.005,0.0
1774255059.1250246,415.001,-9999.000000,21.806504,26.0,97.5063,LOW,0.2,0.005,0.0
1774255059.1949162,415.070,-9999.000000,21.804953,26.0,97.5373,LOW,0.2,0.005,0.0
1774255059.255863,415.131,-9999.000000,21.802625,26.0,97.5839,LOW,0.2,0.005,0.0
1774255059.3262424,415.202,-9999.000000,21.800687,26.0,97.6226,LOW,0.2,0.005,0.0
1774255059.3847823,415.260,-9999.000000,21.801851,26.0,97.5993,LOW,0.2,0.005,0.0
1774255059.4536471,415.329,-9999.000000,21.804566,26.0,97.5450,LOW,0.2,0.005,0.0
1774255059.5069742,415.383,-9999.000000,21.801074,26.0,97.6149,LOW,0.2,0.005,0.0
1774255059.564405,415.440,-9999.000000,21.806504,26.0,97.5063,LOW,0.2,0.005,0.0
1774255059.6288881,415.504,-9999.000000,21.803789,26.0,97.5606,LOW,0.2,0.005,0.0
1774255059.6843789,415.560,-9999.000000,21.799910,26.0,97.6382,LOW,0.2,0.005,0.0
1774255059.7547195,415.630,-9999.000000,21.800300,26.0,97.6304,LOW,0.2,0.005,0.0
1774255059.8208919,415.696,-9999.000000,21.803402,26.0,97.5683,LOW,0.2,0.005,0.0
1774255059.8839896,415.760,-9999.000000,21.806504,26.0,97.5063,LOW,0.2,0.005,0.0
1774255059.9443555,415.820,-9999.000000,21.805340,26.0,97.5296,LOW,0.2,0.005,0.0
1774255060.0047386,415.880,-9999.000000,21.802625,26.0,97.5839,LOW,0.2,0.005,0.0
1774255060.0749857,415.951,-9999.000000,21.800687,26.0,97.6226,LOW,0.2,0.005,0.0
1774255060.1380997,416.014,-9999.000000,21.800300,26.0,97.6304,LOW,0.2,0.005,0.0
1774255060.1935902,416.069,-9999.000000,21.800687,26.0,97.6226,LOW,0.2,0.005,0.0
1774255060.2643812,416.140,-9999.000000,21.806117,26.0,97.5140,LOW,0.2,0.005,0.0
1774255060.32603,416.202,-9999.000000,21.803789,26.0,97.5606,LOW,0.2,0.005,0.0
1774255060.3761983,416.252,-9999.000000,21.801461,26.0,97.6071,LOW,0.2,0.005,0.0
1774255060.437357,416.313,-9999.000000,21.799910,26.0,97.6382,LOW,0.2,0.005,0.0
1774255060.494596,416.370,-9999.000000,21.803402,26.0,97.5683,LOW,0.2,0.005,0.0
1774255060.5667984,416.442,-9999.000000,21.806117,26.0,97.5140,LOW,0.2,0.005,0.0
1774255060.628032,416.504,-9999.000000,21.805340,26.0,97.5296,LOW,0.2,0.005,0.0
1774255060.6847854,416.560,-9999.000000,21.800300,26.0,97.6304,LOW,0.2,0.005,0.0
1774255060.7561796,416.632,-9999.000000,21.799910,26.0,97.6382,LOW,0.2,0.005,0.0
1774255060.8164508,416.692,-9999.000000,21.802625,26.0,97.5839,LOW,0.2,0.005,0.0
1774255060.8847227,416.760,-9999.000000,21.804566,26.0,97.5450,LOW,0.2,0.005,0.0
1774255060.9447286,416.820,-9999.000000,21.804176,26.0,97.5528,LOW,0.2,0.005,0.0
1774255061.0003297,416.876,-9999.000000,21.803402,26.0,97.5683,LOW,0.2,0.005,0.0
1774255061.0744214,416.950,-9999.000000,21.798748,26.0,97.6614,LOW,0.2,0.005,0.0
1774255061.1360652,417.012,-9999.000000,21.799136,26.0,97.6537,LOW,0.2,0.005,0.0
1774255061.2047324,417.080,-9999.000000,21.801074,26.0,97.6149,LOW,0.2,0.005,0.0
1774255061.2443423,417.120,-9999.000000,21.802625,26.0,97.5839,LOW,0.2,0.005,0.0
1774255061.3150253,417.191,-9999.000000,21.805340,26.0,97.5296,LOW,0.2,0.005,0.0
1774255061.3800955,417.256,-9999.000000,21.804566,26.0,97.5450,LOW,0.2,0.005,0.0
1774255061.4442232,417.320,-9999.000000,21.801074,26.0,97.6149,LOW,0.2,0.005,0.0
1774255061.5060997,417.382,-9999.000000,21.799136,26.0,97.6537,LOW,0.2,0.005,0.0
1774255061.564477,417.440,-9999.000000,21.802238,26.0,97.5916,LOW,0.2,0.005,0.0
1774255061.6342108,417.510,-9999.000000,21.799523,26.0,97.6459,LOW,0.2,0.005,0.0
1774255061.6961186,417.572,-9999.000000,21.803402,26.0,97.5683,LOW,0.2,0.005,0.0
1774255061.7643638,417.640,-9999.000000,21.804566,26.0,97.5450,LOW,0.2,0.005,0.0
1774255061.824535,417.700,-9999.000000,21.801851,26.0,97.5993,LOW,0.2,0.005,0.0
1774255061.876914,417.752,-9999.000000,21.798358,26.0,97.6692,LOW,0.2,0.005,0.0
1774255061.9348695,417.810,-9999.000000,21.797971,26.0,97.6769,LOW,0.2,0.005,0.0
1774255062.00397,417.880,-9999.000000,21.802238,26.0,97.5916,LOW,0.2,0.005,0.0
1774255062.0662906,417.942,-9999.000000,21.804566,26.0,97.5450,LOW,0.2,0.005,0.0
1774255062.1245363,418.000,-9999.000000,21.802625,26.0,97.5839,LOW,0.2,0.005,0.0
1774255062.1860101,418.062,-9999.000000,21.798748,26.0,97.6614,LOW,0.2,0.005,0.0
1774255062.2559202,418.131,-9999.000000,21.797971,26.0,97.6769,LOW,0.2,0.005,0.0
1774255062.3147433,418.190,-9999.000000,21.802238,26.0,97.5916,LOW,0.2,0.005,0.0
1774255062.3838341,418.259,-9999.000000,21.804176,26.0,97.5528,LOW,0.2,0.005,0.0
1774255062.4449928,418.321,-9999.000000,21.803789,26.0,97.5606,LOW,0.2,0.005,0.0
1774255062.514548,418.390,-9999.000000,21.803789,26.0,97.5606,LOW,0.2,0.005,0.0
1774255062.564725,418.440,-9999.000000,21.803789,26.0,97.5606,LOW,0.2,0.005,0.0
1774255062.626102,418.502,-9999.000000,21.801074,26.0,97.6149,LOW,0.2,0.005,0.0
1774255062.6943362,418.570,-9999.000000,21.799136,26.0,97.6537,LOW,0.2,0.005,0.0
1774255062.7588165,418.634,-9999.000000,21.797584,26.0,97.6847,LOW,0.2,0.005,0.0
1774255062.8149722,418.691,-9999.000000,21.798358,26.0,97.6692,LOW,0.2,0.005,0.0
1774255062.8843544,418.760,-9999.000000,21.802238,26.0,97.5916,LOW,0.2,0.005,0.0
1774255062.9449825,418.821,-9999.000000,21.803012,26.0,97.5761,LOW,0.2,0.005,0.0
1774255063.0042176,418.880,-9999.000000,21.798748,26.0,97.6614,LOW,0.2,0.005,0.0
1774255063.077117,418.953,-9999.000000,21.801461,26.0,97.6071,LOW,0.2,0.005,0.0
1774255063.144153,419.020,-9999.000000,21.798358,26.0,97.6692,LOW,0.2,0.005,0.0
1774255063.2059462,419.082,-9999.000000,21.796807,26.0,97.7002,LOW,0.2,0.005,0.0
1774255063.2736838,419.149,-9999.000000,21.797194,26.0,97.6925,LOW,0.2,0.005,0.0
1774255063.3348658,419.210,-9999.000000,21.798358,26.0,97.6692,LOW,0.2,0.005,0.0
1774255063.3942626,419.270,-9999.000000,21.801851,26.0,97.5993,LOW,0.2,0.005,0.0
1774255063.4642873,419.340,-9999.000000,21.802238,26.0,97.5916,LOW,0.2,0.005,0.0
1774255063.5209725,419.397,-9999.000000,21.799523,26.0,97.6459,LOW,0.2,0.005,0.0
1774255063.594866,419.470,-9999.000000,21.799136,26.0,97.6537,LOW,0.2,0.005,0.0
1774255063.6542377,419.530,-9999.000000,21.797194,26.0,97.6925,LOW,0.2,0.005,0.0
1774255063.7239397,419.600,-9999.000000,21.796033,26.0,97.7157,LOW,0.2,0.005,0.0
1774255063.7862673,419.662,-9999.000000,21.798358,26.0,97.6692,LOW,0.2,0.005,0.0
1774255063.8443396,419.720,-9999.000000,21.801074,26.0,97.6149,LOW,0.2,0.005,0.0
1774255063.914694,419.790,-9999.000000,21.801074,26.0,97.6149,LOW,0.2,0.005,0.0
1774255063.9772348,419.853,-9999.000000,21.801851,26.0,97.5993,LOW,0.2,0.005,0.0
1774255064.0448518,419.920,-9999.000000,21.797971,26.0,97.6769,LOW,0.2,0.005,0.0
1774255064.1066928,419.982,-9999.000000,21.795256,26.0,97.7312,LOW,0.2,0.005,0.0
1774255064.1682339,420.044,-9999.000000,21.796033,26.0,97.7157,LOW,0.2,0.005,0.0
1774255064.2343395,420.110,-9999.000000,21.799523,26.0,97.6459,LOW,0.2,0.005,0.0
1774255064.2976103,420.173,-9999.000000,21.801074,26.0,97.6149,LOW,0.2,0.005,0.0
1774255064.364217,420.240,-9999.000000,21.801074,26.0,97.6149,LOW,0.2,0.005,0.0
1774255064.4281702,420.304,-9999.000000,21.799136,26.0,97.6537,LOW,0.2,0.005,0.0
1774255064.487558,420.363,-9999.000000,21.797194,26.0,97.6925,LOW,0.2,0.005,0.0
1774255064.5557914,420.431,-9999.000000,21.794482,26.0,97.7467,LOW,0.2,0.005,0.0
1774255064.6180685,420.494,-9999.000000,21.796420,26.0,97.7080,LOW,0.2,0.005,0.0
1774255064.6843631,420.560,-9999.000000,21.799136,26.0,97.6537,LOW,0.2,0.005,0.0
1774255064.7470415,420.623,-9999.000000,21.801074,26.0,97.6149,LOW,0.2,0.005,0.0
1774255064.794492,420.670,-9999.000000,21.801074,26.0,97.6149,LOW,0.2,0.005,0.0
1774255064.856411,420.732,-9999.000000,21.796807,26.0,97.7002,LOW,0.2,0.005,0.0
1774255064.9271185,420.803,-9999.000000,21.796033,26.0,97.7157,LOW,0.2,0.005,0.0
1774255064.9846058,420.860,-9999.000000,21.794092,26.0,97.7545,LOW,0.2,0.005,0.0
1774255065.0446668,420.920,-9999.000000,21.800300,26.0,97.6304,LOW,0.2,0.005,0.0
1774255065.114798,420.990,-9999.000000,21.801461,26.0,97.6071,LOW,0.2,0.005,0.0
1774255065.1763356,421.052,-9999.000000,21.799910,26.0,97.6382,LOW,0.2,0.005,0.0
1774255065.2446306,421.120,-9999.000000,21.797584,26.0,97.6847,LOW,0.2,0.005,0.0
1774255065.30466,421.180,-9999.000000,21.795256,26.0,97.7312,LOW,0.2,0.005,0.0
1774255065.374049,421.250,-9999.000000,21.794482,26.0,97.7467,LOW,0.2,0.005,0.0
1774255065.4363961,421.312,-9999.000000,21.795256,26.0,97.7312,LOW,0.2,0.005,0.0
1774255065.4849203,421.360,-9999.000000,21.797584,26.0,97.6847,LOW,0.2,0.005,0.0
1774255065.546226,421.422,-9999.000000,21.800300,26.0,97.6304,LOW,0.2,0.005,0.0
1774255065.6148453,421.490,-9999.000000,21.800300,26.0,97.6304,LOW,0.2,0.005,0.0
1774255065.674593,421.550,-9999.000000,21.798358,26.0,97.6692,LOW,0.2,0.005,0.0
1774255065.7448237,421.620,-9999.000000,21.796420,26.0,97.7080,LOW,0.2,0.005,0.0
1774255065.8063278,421.682,-9999.000000,21.794482,26.0,97.7467,LOW,0.2,0.005,0.0
1774255065.8743365,421.750,-9999.000000,21.794092,26.0,97.7545,LOW,0.2,0.005,0.0
1774255065.9264522,421.802,-9999.000000,21.798358,26.0,97.6692,LOW,0.2,0.005,0.0
1774255065.9943995,421.870,-9999.000000,21.799523,26.0,97.6459,LOW,0.2,0.005,0.0
1774255066.0450091,421.921,-9999.000000,21.799136,26.0,97.6537,LOW,0.2,0.005,0.0
1774255066.106634,421.982,-9999.000000,21.796807,26.0,97.7002,LOW,0.2,0.005,0.0
1774255066.1760533,422.052,-9999.000000,21.794869,26.0,97.7390,LOW,0.2,0.005,0.0
1774255066.2342343,422.110,-9999.000000,21.793318,26.0,97.7700,LOW,0.2,0.005,0.0
1774255066.304298,422.180,-9999.000000,21.794869,26.0,97.7390,LOW,0.2,0.005,0.0
1774255066.3663614,422.242,-9999.000000,21.798358,26.0,97.6692,LOW,0.2,0.005,0.0
1774255066.4243941,422.300,-9999.000000,21.798748,26.0,97.6614,LOW,0.2,0.005,0.0
1774255066.486402,422.362,-9999.000000,21.794869,26.0,97.7390,LOW,0.2,0.005,0.0
1774255066.554816,422.430,-9999.000000,21.794869,26.0,97.7390,LOW,0.2,0.005,0.0
1774255066.624433,422.500,-9999.000000,21.793318,26.0,97.7700,LOW,0.2,0.005,0.0
1774255066.6864932,422.562,-9999.000000,21.794092,26.0,97.7545,LOW,0.2,0.005,0.0
1774255066.7538974,422.629,-9999.000000,21.797194,26.0,97.6925,LOW,0.2,0.005,0.0
1774255066.8147027,422.690,-9999.000000,21.799523,26.0,97.6459,LOW,0.2,0.005,0.0
1774255066.8765128,422.752,-9999.000000,21.798358,26.0,97.6692,LOW,0.2,0.005,0.0
1774255066.9443197,422.820,-9999.000000,21.794092,26.0,97.7545,LOW,0.2,0.005,0.0
1774255067.004351,422.880,-9999.000000,21.793318,26.0,97.7700,LOW,0.2,0.005,0.0
1774255067.0642135,422.940,-9999.000000,21.795256,26.0,97.7312,LOW,0.2,0.005,0.0
1774255067.1348708,423.010,-9999.000000,21.798358,26.0,97.6692,LOW,0.2,0.005,0.0
1774255067.1965039,423.072,-9999.000000,21.798358,26.0,97.6692,LOW,0.2,0.005,0.0
1774255067.2586417,423.134,-9999.000000,21.795643,26.0,97.7235,LOW,0.2,0.005,0.0
1774255067.3260765,423.202,-9999.000000,21.794092,26.0,97.7545,LOW,0.2,0.005,0.0
1774255067.3803446,423.256,-9999.000000,21.797194,26.0,97.6925,LOW,0.2,0.005,0.0
1774255067.434978,423.311,-9999.000000,21.793318,26.0,97.7700,LOW,0.2,0.005,0.0
1774255067.4960947,423.372,-9999.000000,21.796420,26.0,97.7080,LOW,0.2,0.005,0.0
1774255067.5666661,423.442,-9999.000000,21.798358,26.0,97.6692,LOW,0.2,0.005,0.0
1774255067.627876,423.503,-9999.000000,21.798358,26.0,97.6692,LOW,0.2,0.005,0.0
1774255067.694754,423.570,-9999.000000,21.794482,26.0,97.7467,LOW,0.2,0.005,0.0
1774255067.7560647,423.632,-9999.000000,21.792928,26.0,97.7778,LOW,0.2,0.005,0.0
1774255067.8237238,423.699,-9999.000000,21.792541,26.0,97.7855,LOW,0.2,0.005,0.0
1774255067.884379,423.760,-9999.000000,21.794869,26.0,97.7390,LOW,0.2,0.005,0.0
1774255067.9461513,423.822,-9999.000000,21.797584,26.0,97.6847,LOW,0.2,0.005,0.0
1774255068.0142877,423.890,-9999.000000,21.797194,26.0,97.6925,LOW,0.2,0.005,0.0
1774255068.0763674,423.952,-9999.000000,21.792541,26.0,97.7855,LOW,0.2,0.005,0.0
1774255068.1344166,424.010,-9999.000000,21.791377,26.0,97.8088,LOW,0.2,0.005,0.0
1774255068.2043638,424.080,-9999.000000,21.792928,26.0,97.7778,LOW,0.2,0.005,0.0
1774255068.2662847,424.142,-9999.000000,21.797584,26.0,97.6847,LOW,0.2,0.005,0.0
1774255068.3142369,424.190,-9999.000000,21.797194,26.0,97.6925,LOW,0.2,0.005,0.0
1774255068.3756788,424.251,-9999.000000,21.793318,26.0,97.7700,LOW,0.2,0.005,0.0
1774255068.43474,424.310,-9999.000000,21.790990,26.0,97.8166,LOW,0.2,0.005,0.0
1774255068.5045714,424.380,-9999.000000,21.790603,26.0,97.8243,LOW,0.2,0.005,0.0
1774255068.5675046,424.443,-9999.000000,21.796033,26.0,97.7157,LOW,0.2,0.005,0.0
1774255068.6250474,424.501,-9999.000000,21.796033,26.0,97.7157,LOW,0.2,0.005,0.0
1774255068.6949587,424.571,-9999.000000,21.794092,26.0,97.7545,LOW,0.2,0.005,0.0
1774255068.756683,424.632,-9999.000000,21.790603,26.0,97.8243,LOW,0.2,0.005,0.0
1774255068.8143263,424.690,-9999.000000,21.792154,26.0,97.7933,LOW,0.2,0.005,0.0
1774255068.8843055,424.760,-9999.000000,21.794869,26.0,97.7390,LOW,0.2,0.005,0.0
1774255068.9445846,424.820,-9999.000000,21.797584,26.0,97.6847,LOW,0.2,0.005,0.0
1774255069.0063,424.882,-9999.000000,21.795643,26.0,97.7235,LOW,0.2,0.005,0.0
1774255069.0746746,424.950,-9999.000000,21.792928,26.0,97.7778,LOW,0.2,0.005,0.0
1774255069.1403291,425.016,-9999.000000,21.791377,26.0,97.8088,LOW,0.2,0.005,0.0
1774255069.2047014,425.080,-9999.000000,21.790990,26.0,97.8166,LOW,0.2,0.005,0.0
1774255069.266029,425.142,-9999.000000,21.796033,26.0,97.7157,LOW,0.2,0.005,0.0
1774255069.3242805,425.200,-9999.000000,21.796420,26.0,97.7080,LOW,0.2,0.005,0.0
1774255069.3946064,425.270,-9999.000000,21.793705,26.0,97.7623,LOW,0.2,0.005,0.0
1774255069.454777,425.330,-9999.000000,21.789826,26.0,97.8399,LOW,0.2,0.005,0.0
1774255069.516086,425.392,-9999.000000,21.792541,26.0,97.7855,LOW,0.2,0.005,0.0
1774255069.5838308,425.459,-9999.000000,21.796807,26.0,97.7002,LOW,0.2,0.005,0.0
1774255069.6447115,425.520,-9999.000000,21.795643,26.0,97.7235,LOW,0.2,0.005,0.0
1774255069.707972,425.584,-9999.000000,21.792541,26.0,97.7855,LOW,0.2,0.005,0.0
1774255069.776291,425.652,-9999.000000,21.791377,26.0,97.8088,LOW,0.2,0.005,0.0
1774255069.834968,425.711,-9999.000000,21.790216,26.0,97.8321,LOW,0.2,0.005,0.0
1774255069.894259,425.770,-9999.000000,21.792541,26.0,97.7855,LOW,0.2,0.005,0.0
1774255069.967993,425.844,-9999.000000,21.795256,26.0,97.7312,LOW,0.2,0.005,0.0
1774255070.0243852,425.900,-9999.000000,21.790216,26.0,97.8321,LOW,0.2,0.005,0.0
1774255070.0802412,425.956,-9999.000000,21.794869,26.0,97.7390,LOW,0.2,0.005,0.0
1774255070.144807,426.020,-9999.000000,21.792154,26.0,97.7933,LOW,0.2,0.005,0.0
1774255070.2044404,426.080,-9999.000000,21.789826,26.0,97.8399,LOW,0.2,0.005,0.0
1774255070.2738574,426.149,-9999.000000,21.790603,26.0,97.8243,LOW,0.2,0.005,0.0
1774255070.3362932,426.212,-9999.000000,21.790990,26.0,97.8166,LOW,0.2,0.005,0.0
1774255070.394745,426.270,-9999.000000,21.794092,26.0,97.7545,LOW,0.2,0.005,0.0
1774255070.4647644,426.340,-9999.000000,21.795643,26.0,97.7235,LOW,0.2,0.005,0.0
1774255070.5242934,426.400,-9999.000000,21.793318,26.0,97.7700,LOW,0.2,0.005,0.0
1774255070.574917,426.450,-9999.000000,21.794482,26.0,97.7467,LOW,0.2,0.005,0.0
1774255070.6559973,426.532,-9999.000000,21.789052,26.0,97.8553,LOW,0.2,0.005,0.0
1774255070.7141356,426.590,-9999.000000,21.794482,26.0,97.7467,LOW,0.2,0.005,0.0
1774255070.768254,426.644,-9999.000000,21.793318,26.0,97.7700,LOW,0.2,0.005,0.0
1774255070.82462,426.700,-9999.000000,21.794869,26.0,97.7390,LOW,0.2,0.005,0.0
1774255070.894922,426.770,-9999.000000,21.793705,26.0,97.7623,LOW,0.2,0.005,0.0
1774255070.9573863,426.833,-9999.000000,21.790603,26.0,97.8243,LOW,0.2,0.005,0.0
1774255071.0263507,426.902,-9999.000000,21.789439,26.0,97.8476,LOW,0.2,0.005,0.0
1774255071.084402,426.960,-9999.000000,21.789052,26.0,97.8553,LOW,0.2,0.005,0.0
1774255071.146299,427.022,-9999.000000,21.795256,26.0,97.7312,LOW,0.2,0.005,0.0
1774255071.2156851,427.091,-9999.000000,21.794482,26.0,97.7467,LOW,0.2,0.005,0.0
1774255071.2744396,427.150,-9999.000000,21.793318,26.0,97.7700,LOW,0.2,0.005,0.0
1774255071.3361561,427.212,-9999.000000,21.789826,26.0,97.8399,LOW,0.2,0.005,0.0
1774255071.4063687,427.282,-9999.000000,21.788275,26.0,97.8709,LOW,0.2,0.005,0.0
1774255071.466354,427.342,-9999.000000,21.790990,26.0,97.8166,LOW,0.2,0.005,0.0
1774255071.5336618,427.409,-9999.000000,21.794092,26.0,97.7545,LOW,0.2,0.005,0.0
1774255071.5747595,427.450,-9999.000000,21.792928,26.0,97.7778,LOW,0.2,0.005,0.0
1774255071.64421,427.520,-9999.000000,21.790603,26.0,97.8243,LOW,0.2,0.005,0.0
1774255071.7076163,427.583,-9999.000000,21.788665,26.0,97.8631,LOW,0.2,0.005,0.0
1774255071.764416,427.640,-9999.000000,21.789439,26.0,97.8476,LOW,0.2,0.005,0.0
1774255071.8334906,427.709,-9999.000000,21.794869,26.0,97.7390,LOW,0.2,0.005,0.0
1774255071.8946164,427.770,-9999.000000,21.792541,26.0,97.7855,LOW,0.2,0.005,0.0
1774255071.9557302,427.831,-9999.000000,21.790216,26.0,97.8321,LOW,0.2,0.005,0.0
1774255072.0248504,427.900,-9999.000000,21.787888,26.0,97.8786,LOW,0.2,0.005,0.0
1774255072.0842385,427.960,-9999.000000,21.787110,26.0,97.8942,LOW,0.2,0.005,0.0
1774255072.1459398,428.022,-9999.000000,21.792154,26.0,97.7933,LOW,0.2,0.005,0.0
1774255072.2163236,428.092,-9999.000000,21.790990,26.0,97.8166,LOW,0.2,0.005,0.0
1774255072.2745397,428.150,-9999.000000,21.792928,26.0,97.7778,LOW,0.2,0.005,0.0
1774255072.3266444,428.202,-9999.000000,21.791767,26.0,97.8010,LOW,0.2,0.005,0.0
1774255072.3942132,428.270,-9999.000000,21.789826,26.0,97.8399,LOW,0.2,0.005,0.0
1774255072.4549594,428.331,-9999.000000,21.787110,26.0,97.8942,LOW,0.2,0.005,0.0
1774255072.5162308,428.392,-9999.000000,21.787500,26.0,97.8864,LOW,0.2,0.005,0.0
1774255072.585814,428.461,-9999.000000,21.789826,26.0,97.8399,LOW,0.2,0.005,0.0
1774255072.6450484,428.521,-9999.000000,21.792154,26.0,97.7933,LOW,0.2,0.005,0.0
1774255072.7145982,428.590,-9999.000000,21.792928,26.0,97.7778,LOW,0.2,0.005,0.0
1774255072.7763317,428.652,-9999.000000,21.790603,26.0,97.8243,LOW,0.2,0.005,0.0
1774255072.8358846,428.711,-9999.000000,21.787110,26.0,97.8942,LOW,0.2,0.005,0.0
1774255072.9046478,428.780,-9999.000000,21.786723,26.0,97.9019,LOW,0.2,0.005,0.0
1774255072.9642546,428.840,-9999.000000,21.792154,26.0,97.7933,LOW,0.2,0.005,0.0
1774255073.0212748,428.897,-9999.000000,21.785949,26.0,97.9174,LOW,0.2,0.005,0.0
1774255073.0948083,428.970,-9999.000000,21.790603,26.0,97.8243,LOW,0.2,0.005,0.0
1774255073.1547744,429.030,-9999.000000,21.787110,26.0,97.8942,LOW,0.2,0.005,0.0
1774255073.216294,429.092,-9999.000000,21.785172,26.0,97.9329,LOW,0.2,0.005,0.0
1774255073.2859695,429.162,-9999.000000,21.788275,26.0,97.8709,LOW,0.2,0.005,0.0
1774255073.3449733,429.221,-9999.000000,21.791767,26.0,97.8010,LOW,0.2,0.005,0.0
1774255073.4142895,429.290,-9999.000000,21.790990,26.0,97.8166,LOW,0.2,0.005,0.0
1774255073.4743152,429.350,-9999.000000,21.789439,26.0,97.8476,LOW,0.2,0.005,0.0
1774255073.536317,429.412,-9999.000000,21.785172,26.0,97.9329,LOW,0.2,0.005,0.0
1774255073.6059914,429.482,-9999.000000,21.785559,26.0,97.9252,LOW,0.2,0.005,0.0
1774255073.6644194,429.540,-9999.000000,21.787110,26.0,97.8942,LOW,0.2,0.005,0.0
1774255073.733886,429.609,-9999.000000,21.789826,26.0,97.8399,LOW,0.2,0.005,0.0
1774255073.7969358,429.673,-9999.000000,21.790216,26.0,97.8321,LOW,0.2,0.005,0.0
1774255073.854807,429.730,-9999.000000,21.787888,26.0,97.8786,LOW,0.2,0.005,0.0
1774255073.9243617,429.800,-9999.000000,21.786336,26.0,97.9096,LOW,0.2,0.005,0.0
1774255073.9884372,429.864,-9999.000000,21.785172,26.0,97.9329,LOW,0.2,0.005,0.0
1774255074.0542266,429.930,-9999.000000,21.785559,26.0,97.9252,LOW,0.2,0.005,0.0
1774255074.116475,429.992,-9999.000000,21.788275,26.0,97.8709,LOW,0.2,0.005,0.0
1774255074.174366,430.050,-9999.000000,21.789826,26.0,97.8399,LOW,0.2,0.005,0.0
1774255074.244992,430.121,-9999.000000,21.788665,26.0,97.8631,LOW,0.2,0.005,0.0
1774255074.3062816,430.182,-9999.000000,21.787500,26.0,97.8864,LOW,0.2,0.005,0.0
1774255074.3748672,430.250,-9999.000000,21.784008,26.0,97.9562,LOW,0.2,0.005,0.0
1774255074.4280615,430.304,-9999.000000,21.790603,26.0,97.8243,LOW,0.2,0.005,0.0
1774255074.485872,430.361,-9999.000000,21.784785,26.0,97.9407,LOW,0.2,0.005,0.0
1774255074.5482917,430.424,-9999.000000,21.788275,26.0,97.8709,LOW,0.2,0.005,0.0
1774255074.6149373,430.491,-9999.000000,21.789826,26.0,97.8399,LOW,0.2,0.005,0.0
1774255074.6771886,430.553,-9999.000000,21.788275,26.0,97.8709,LOW,0.2,0.005,0.0
1774255074.7343178,430.610,-9999.000000,21.783234,26.0,97.9717,LOW,0.2,0.005,0.0
1774255074.8044703,430.680,-9999.000000,21.783621,26.0,97.9639,LOW,0.2,0.005,0.0
1774255074.864804,430.740,-9999.000000,21.785172,26.0,97.9329,LOW,0.2,0.005,0.0
1774255074.9342196,430.810,-9999.000000,21.787888,26.0,97.8786,LOW,0.2,0.005,0.0
1774255074.9978235,430.873,-9999.000000,21.789052,26.0,97.8553,LOW,0.2,0.005,0.0
1774255075.0547652,430.930,-9999.000000,21.788275,26.0,97.8709,LOW,0.2,0.005,0.0
1774255075.124644,431.000,-9999.000000,21.784008,26.0,97.9562,LOW,0.2,0.005,0.0
1774255075.1866364,431.062,-9999.000000,21.782844,26.0,97.9795,LOW,0.2,0.005,0.0
1774255075.2544396,431.130,-9999.000000,21.782070,26.0,97.9950,LOW,0.2,0.005,0.0
1774255075.3147898,431.190,-9999.000000,21.785559,26.0,97.9252,LOW,0.2,0.005,0.0
1774255075.377649,431.253,-9999.000000,21.789439,26.0,97.8476,LOW,0.2,0.005,0.0
1774255075.4444056,431.320,-9999.000000,21.788275,26.0,97.8709,LOW,0.2,0.005,0.0
1774255075.5042803,431.380,-9999.000000,21.784008,26.0,97.9562,LOW,0.2,0.005,0.0
1774255075.5756042,431.451,-9999.000000,21.783621,26.0,97.9639,LOW,0.2,0.005,0.0
1774255075.628649,431.504,-9999.000000,21.788275,26.0,97.8709,LOW,0.2,0.005,0.0
1774255075.697647,431.573,-9999.000000,21.784398,26.0,97.9484,LOW,0.2,0.005,0.0
1774255075.7649364,431.641,-9999.000000,21.787888,26.0,97.8786,LOW,0.2,0.005,0.0
1774255075.8200874,431.696,-9999.000000,21.782457,26.0,97.9872,LOW,0.2,0.005,0.0
1774255075.878187,431.754,-9999.000000,21.786723,26.0,97.9019,LOW,0.2,0.005,0.0
1774255075.9345608,431.810,-9999.000000,21.782070,26.0,97.9950,LOW,0.2,0.005,0.0
1774255076.0061138,431.882,-9999.000000,21.780906,26.0,98.0182,LOW,0.2,0.005,0.0
1774255076.067872,431.943,-9999.000000,21.781293,26.0,98.0105,LOW,0.2,0.005,0.0
1774255076.1338518,432.009,-9999.000000,21.785559,26.0,97.9252,LOW,0.2,0.005,0.0
1774255076.1949952,432.071,-9999.000000,21.786723,26.0,97.9019,LOW,0.2,0.005,0.0
1774255076.2518725,432.127,-9999.000000,21.781293,26.0,98.0105,LOW,0.2,0.005,0.0
1774255076.324893,432.200,-9999.000000,21.784398,26.0,97.9484,LOW,0.2,0.005,0.0
1774255076.3806696,432.256,-9999.000000,21.786336,26.0,97.9096,LOW,0.2,0.005,0.0
1774255076.4546268,432.330,-9999.000000,21.780519,26.0,98.0260,LOW,0.2,0.005,0.0
1774255076.5243254,432.400,-9999.000000,21.786723,26.0,97.9019,LOW,0.2,0.005,0.0
1774255076.5764747,432.452,-9999.000000,21.785949,26.0,97.9174,LOW,0.2,0.005,0.0
1774255076.6345253,432.510,-9999.000000,21.783234,26.0,97.9717,LOW,0.2,0.005,0.0
1774255076.7042263,432.580,-9999.000000,21.781683,26.0,98.0027,LOW,0.2,0.005,0.0
1774255076.7669556,432.643,-9999.000000,21.780132,26.0,98.0337,LOW,0.2,0.005,0.0
1774255076.8350406,432.711,-9999.000000,21.781683,26.0,98.0027,LOW,0.2,0.005,0.0
1774255076.8954294,432.771,-9999.000000,21.784008,26.0,97.9562,LOW,0.2,0.005,0.0
1774255076.964093,432.840,-9999.000000,21.785559,26.0,97.9252,LOW,0.2,0.005,0.0
1774255077.0243783,432.900,-9999.000000,21.782844,26.0,97.9795,LOW,0.2,0.005,0.0
1774255077.0810087,432.957,-9999.000000,21.784785,26.0,97.9407,LOW,0.2,0.005,0.0
1774255077.1557977,433.031,-9999.000000,21.779355,26.0,98.0493,LOW,0.2,0.005,0.0
1774255077.214872,433.090,-9999.000000,21.779355,26.0,98.0493,LOW,0.2,0.005,0.0
1774255077.2847533,433.160,-9999.000000,21.783234,26.0,97.9717,LOW,0.2,0.005,0.0
1774255077.346085,433.222,-9999.000000,21.784398,26.0,97.9484,LOW,0.2,0.005,0.0
1774255077.404583,433.280,-9999.000000,21.784785,26.0,97.9407,LOW,0.2,0.005,0.0
1774255077.474454,433.350,-9999.000000,21.782070,26.0,97.9950,LOW,0.2,0.005,0.0
1774255077.536321,433.412,-9999.000000,21.778581,26.0,98.0647,LOW,0.2,0.005,0.0
1774255077.6041338,433.480,-9999.000000,21.778581,26.0,98.0647,LOW,0.2,0.005,0.0
1774255077.6663268,433.542,-9999.000000,21.780906,26.0,98.0182,LOW,0.2,0.005,0.0
1774255077.7245488,433.600,-9999.000000,21.784398,26.0,97.9484,LOW,0.2,0.005,0.0
1774255077.7946815,433.670,-9999.000000,21.784398,26.0,97.9484,LOW,0.2,0.005,0.0
1774255077.8577075,433.733,-9999.000000,21.781293,26.0,98.0105,LOW,0.2,0.005,0.0
1774255077.9063766,433.782,-9999.000000,21.779355,26.0,98.0493,LOW,0.2,0.005,0.0
1774255077.964581,433.840,-9999.000000,21.778191,26.0,98.0725,LOW,0.2,0.005,0.0
1774255078.0342722,433.910,-9999.000000,21.778191,26.0,98.0725,LOW,0.2,0.005,0.0
1774255078.0985646,433.974,-9999.000000,21.781293,26.0,98.0105,LOW,0.2,0.005,0.0
1774255078.156885,434.032,-9999.000000,21.779742,26.0,98.0415,LOW,0.2,0.005,0.0
1774255078.228439,434.104,-9999.000000,21.782844,26.0,97.9795,LOW,0.2,0.005,0.0
1774255078.2843785,434.160,-9999.000000,21.778968,26.0,98.0570,LOW,0.2,0.005,0.0
1774255078.3548195,434.230,-9999.000000,21.777027,26.0,98.0958,LOW,0.2,0.005,0.0
1774255078.4184117,434.294,-9999.000000,21.778191,26.0,98.0725,LOW,0.2,0.005,0.0
1774255078.4744284,434.350,-9999.000000,21.779355,26.0,98.0493,LOW,0.2,0.005,0.0
1774255078.5449262,434.420,-9999.000000,21.782844,26.0,97.9795,LOW,0.2,0.005,0.0
1774255078.6045914,434.480,-9999.000000,21.783234,26.0,97.9717,LOW,0.2,0.005,0.0
1774255078.67491,434.550,-9999.000000,21.779742,26.0,98.0415,LOW,0.2,0.005,0.0
1774255078.73728,434.613,-9999.000000,21.777417,26.0,98.0880,LOW,0.2,0.005,0.0
1774255078.8008366,434.676,-9999.000000,21.777417,26.0,98.0880,LOW,0.2,0.005,0.0
1774255078.8645043,434.740,-9999.000000,21.781293,26.0,98.0105,LOW,0.2,0.005,0.0
1774255078.9266403,434.802,-9999.000000,21.782457,26.0,97.9872,LOW,0.2,0.005,0.0
1774255078.9943979,434.870,-9999.000000,21.782070,26.0,97.9950,LOW,0.2,0.005,0.0
1774255079.0548136,434.930,-9999.000000,21.778968,26.0,98.0570,LOW,0.2,0.005,0.0
1774255079.1146789,434.990,-9999.000000,21.782457,26.0,97.9872,LOW,0.2,0.005,0.0
1774255079.1848888,435.060,-9999.000000,21.777804,26.0,98.0803,LOW,0.2,0.005,0.0
1774255079.2390676,435.115,-9999.000000,21.776640,26.0,98.1036,LOW,0.2,0.005,0.0
1774255079.3043976,435.180,-9999.000000,21.781683,26.0,98.0027,LOW,0.2,0.005,0.0
1774255079.3673627,435.243,-9999.000000,21.777027,26.0,98.0958,LOW,0.2,0.005,0.0
1774255079.4245024,435.300,-9999.000000,21.778968,26.0,98.0570,LOW,0.2,0.005,0.0
1774255079.4869025,435.362,-9999.000000,21.777027,26.0,98.0958,LOW,0.2,0.005,0.0
1774255079.5446715,435.420,-9999.000000,21.778191,26.0,98.0725,LOW,0.2,0.005,0.0
1774255079.6150126,435.491,-9999.000000,21.782070,26.0,97.9950,LOW,0.2,0.005,0.0
1774255079.6742847,435.550,-9999.000000,21.780906,26.0,98.0182,LOW,0.2,0.005,0.0
1774255079.7362041,435.612,-9999.000000,21.778191,26.0,98.0725,LOW,0.2,0.005,0.0
1774255079.806006,435.682,-9999.000000,21.777417,26.0,98.0880,LOW,0.2,0.005,0.0
1774255079.864825,435.740,-9999.000000,21.775866,26.0,98.1190,LOW,0.2,0.005,0.0
1774255079.9344153,435.810,-9999.000000,21.779742,26.0,98.0415,LOW,0.2,0.005,0.0
1774255079.995642,435.871,-9999.000000,21.781683,26.0,98.0027,LOW,0.2,0.005,0.0
1774255080.0548136,435.930,-9999.000000,21.780906,26.0,98.0182,LOW,0.2,0.005,0.0
1774255080.124492,436.000,-9999.000000,21.780132,26.0,98.0337,LOW,0.2,0.005,0.0
1774255080.1850247,436.061,-9999.000000,21.777027,26.0,98.0958,LOW,0.2,0.005,0.0
1774255080.254833,436.130,-9999.000000,21.775089,26.0,98.1346,LOW,0.2,0.005,0.0
1774255080.3158813,436.191,-9999.000000,21.774315,26.0,98.1501,LOW,0.2,0.005,0.0
1774255080.384914,436.260,-9999.000000,21.776640,26.0,98.1036,LOW,0.2,0.005,0.0
1774255080.444822,436.320,-9999.000000,21.781293,26.0,98.0105,LOW,0.2,0.005,0.0
1774255080.500843,436.376,-9999.000000,21.776253,26.0,98.1113,LOW,0.2,0.005,0.0
1774255080.5748649,436.450,-9999.000000,21.777417,26.0,98.0880,LOW,0.2,0.005,0.0
1774255080.6344182,436.510,-9999.000000,21.775476,26.0,98.1268,LOW,0.2,0.005,0.0
1774255080.6948984,436.570,-9999.000000,21.780906,26.0,98.0182,LOW,0.2,0.005,0.0
1774255080.764219,436.640,-9999.000000,21.777417,26.0,98.0880,LOW,0.2,0.005,0.0
1774255080.8144562,436.690,-9999.000000,21.780132,26.0,98.0337,LOW,0.2,0.005,0.0
1774255080.8760045,436.752,-9999.000000,21.780906,26.0,98.0182,LOW,0.2,0.005,0.0
1774255080.934807,436.810,-9999.000000,21.777804,26.0,98.0803,LOW,0.2,0.005,0.0
1774255081.0062935,436.882,-9999.000000,21.775089,26.0,98.1346,LOW,0.2,0.005,0.0
1774255081.0650294,436.941,-9999.000000,21.774702,26.0,98.1423,LOW,0.2,0.005,0.0
1774255081.1344092,437.010,-9999.000000,21.777804,26.0,98.0803,LOW,0.2,0.005,0.0
1774255081.1957898,437.071,-9999.000000,21.781293,26.0,98.0105,LOW,0.2,0.005,0.0
1774255081.2545896,437.130,-9999.000000,21.779355,26.0,98.0493,LOW,0.2,0.005,0.0
1774255081.3247578,437.200,-9999.000000,21.778581,26.0,98.0647,LOW,0.2,0.005,0.0
1774255081.3806632,437.256,-9999.000000,21.780132,26.0,98.0337,LOW,0.2,0.005,0.0
1774255081.435974,437.312,-9999.000000,21.774702,26.0,98.1423,LOW,0.2,0.005,0.0
1774255081.5038831,437.379,-9999.000000,21.774315,26.0,98.1501,LOW,0.2,0.005,0.0
1774255081.5684154,437.444,-9999.000000,21.775476,26.0,98.1268,LOW,0.2,0.005,0.0
1774255081.624524,437.500,-9999.000000,21.778191,26.0,98.0725,LOW,0.2,0.005,0.0
1774255081.6944463,437.570,-9999.000000,21.780906,26.0,98.0182,LOW,0.2,0.005,0.0
1774255081.755817,437.631,-9999.000000,21.777804,26.0,98.0803,LOW,0.2,0.005,0.0
1774255081.8242898,437.700,-9999.000000,21.775866,26.0,98.1190,LOW,0.2,0.005,0.0
1774255081.8843613,437.760,-9999.000000,21.773925,26.0,98.1579,LOW,0.2,0.005,0.0
1774255081.9471135,437.823,-9999.000000,21.773925,26.0,98.1579,LOW,0.2,0.005,0.0
1774255082.0143404,437.890,-9999.000000,21.778581,26.0,98.0647,LOW,0.2,0.005,0.0
1774255082.0778167,437.953,-9999.000000,21.779742,26.0,98.0415,LOW,0.2,0.005,0.0
1774255082.1435776,438.019,-9999.000000,21.777027,26.0,98.0958,LOW,0.2,0.005,0.0
1774255082.2049222,438.080,-9999.000000,21.776640,26.0,98.1036,LOW,0.2,0.005,0.0
1774255082.2679908,438.144,-9999.000000,21.774315,26.0,98.1501,LOW,0.2,0.005,0.0
1774255082.3346806,438.210,-9999.000000,21.774702,26.0,98.1423,LOW,0.2,0.005,0.0
1774255082.3948448,438.270,-9999.000000,21.778968,26.0,98.0570,LOW,0.2,0.005,0.0
1774255082.4559832,438.332,-9999.000000,21.779742,26.0,98.0415,LOW,0.2,0.005,0.0
1774255082.526955,438.403,-9999.000000,21.778581,26.0,98.0647,LOW,0.2,0.005,0.0
1774255082.5842333,438.460,-9999.000000,21.775476,26.0,98.1268,LOW,0.2,0.005,0.0
1774255082.6540427,438.530,-9999.000000,21.772761,26.0,98.1811,LOW,0.2,0.005,0.0
1774255082.7155435,438.591,-9999.000000,21.776640,26.0,98.1036,LOW,0.2,0.005,0.0
1774255082.7701015,438.646,-9999.000000,21.773151,26.0,98.1733,LOW,0.2,0.005,0.0
1774255082.844074,438.720,-9999.000000,21.778581,26.0,98.0647,LOW,0.2,0.005,0.0
1774255082.8935866,438.769,-9999.000000,21.777804,26.0,98.0803,LOW,0.2,0.005,0.0
1774255082.954774,438.830,-9999.000000,21.774702,26.0,98.1423,LOW,0.2,0.005,0.0
1774255083.0181875,438.894,-9999.000000,21.772761,26.0,98.1811,LOW,0.2,0.005,0.0
1774255083.0843468,438.960,-9999.000000,21.773538,26.0,98.1656,LOW,0.2,0.005,0.0
1774255083.1466463,439.022,-9999.000000,21.776640,26.0,98.1036,LOW,0.2,0.005,0.0
1774255083.2138398,439.089,-9999.000000,21.778581,26.0,98.0647,LOW,0.2,0.005,0.0
1774255083.277942,439.154,-9999.000000,21.777804,26.0,98.0803,LOW,0.2,0.005,0.0
1774255083.336203,439.212,-9999.000000,21.772761,26.0,98.1811,LOW,0.2,0.005,0.0
1774255083.4063072,439.282,-9999.000000,21.772374,26.0,98.1889,LOW,0.2,0.005,0.0
1774255083.4547749,439.330,-9999.000000,21.771600,26.0,98.2044,LOW,0.2,0.005,0.0
1774255083.5150318,439.391,-9999.000000,21.773925,26.0,98.1579,LOW,0.2,0.005,0.0
1774255083.5798821,439.455,-9999.000000,21.776253,26.0,98.1113,LOW,0.2,0.005,0.0
1774255083.6450303,439.521,-9999.000000,21.778968,26.0,98.0570,LOW,0.2,0.005,0.0
1774255083.7066972,439.582,-9999.000000,21.776640,26.0,98.1036,LOW,0.2,0.005,0.0
1774255083.7649355,439.641,-9999.000000,21.772761,26.0,98.1811,LOW,0.2,0.005,0.0
1774255083.8349895,439.711,-9999.000000,21.771600,26.0,98.2044,LOW,0.2,0.005,0.0
1774255083.8963492,439.772,-9999.000000,21.774315,26.0,98.1501,LOW,0.2,0.005,0.0
1774255083.9647057,439.840,-9999.000000,21.777417,26.0,98.0880,LOW,0.2,0.005,0.0
1774255084.024255,439.900,-9999.000000,21.778968,26.0,98.0570,LOW,0.2,0.005,0.0
1774255084.0936918,439.969,-9999.000000,21.776640,26.0,98.1036,LOW,0.2,0.005,0.0
1774255084.1548383,440.030,-9999.000000,21.772761,26.0,98.1811,LOW,0.2,0.005,0.0
1774255084.210357,440.086,-9999.000000,21.777804,26.0,98.0803,LOW,0.2,0.005,0.0
1774255084.2680297,440.144,-9999.000000,21.771987,26.0,98.1966,LOW,0.2,0.005,0.0
1774255084.3246963,440.200,-9999.000000,21.774702,26.0,98.1423,LOW,0.2,0.005,0.0
1774255084.3944635,440.270,-9999.000000,21.777804,26.0,98.0803,LOW,0.2,0.005,0.0
1774255084.454387,440.330,-9999.000000,21.776640,26.0,98.1036,LOW,0.2,0.005,0.0
1774255084.5242827,440.400,-9999.000000,21.774702,26.0,98.1423,LOW,0.2,0.005,0.0
1774255084.5870552,440.463,-9999.000000,21.771210,26.0,98.2122,LOW,0.2,0.005,0.0
1774255084.644636,440.520,-9999.000000,21.772374,26.0,98.1889,LOW,0.2,0.005,0.0
1774255084.7148318,440.590,-9999.000000,21.775866,26.0,98.1190,LOW,0.2,0.005,0.0
1774255084.7775302,440.653,-9999.000000,21.776640,26.0,98.1036,LOW,0.2,0.005,0.0
1774255084.834776,440.710,-9999.000000,21.770436,26.0,98.2276,LOW,0.2,0.005,0.0
1774255084.9048061,440.780,-9999.000000,21.771987,26.0,98.1966,LOW,0.2,0.005,0.0
1774255084.9602153,440.836,-9999.000000,21.776253,26.0,98.1113,LOW,0.2,0.005,0.0
1774255085.0160074,440.892,-9999.000000,21.771600,26.0,98.2044,LOW,0.2,0.005,0.0
1774255085.0776458,440.953,-9999.000000,21.774315,26.0,98.1501,LOW,0.2,0.005,0.0
1774255085.1461463,441.022,-9999.000000,21.777027,26.0,98.0958,LOW,0.2,0.005,0.0
1774255085.2049813,441.081,-9999.000000,21.776253,26.0,98.1113,LOW,0.2,0.005,0.0
1774255085.2747757,441.150,-9999.000000,21.773925,26.0,98.1579,LOW,0.2,0.005,0.0
1774255085.3373585,441.213,-9999.000000,21.771600,26.0,98.2044,LOW,0.2,0.005,0.0
1774255085.3914437,441.267,-9999.000000,21.775089,26.0,98.1346,LOW,0.2,0.005,0.0
1774255085.464751,441.340,-9999.000000,21.771987,26.0,98.1966,LOW,0.2,0.005,0.0
1774255085.520509,441.396,-9999.000000,21.769659,26.0,98.2432,LOW,0.2,0.005,0.0
1774255085.594235,441.470,-9999.000000,21.776253,26.0,98.1113,LOW,0.2,0.005,0.0
1774255085.6561396,441.532,-9999.000000,21.775476,26.0,98.1268,LOW,0.2,0.005,0.0
1774255085.7242134,441.600,-9999.000000,21.772761,26.0,98.1811,LOW,0.2,0.005,0.0
1774255085.7849772,441.661,-9999.000000,21.771600,26.0,98.2044,LOW,0.2,0.005,0.0
1774255085.8543892,441.730,-9999.000000,21.770436,26.0,98.2276,LOW,0.2,0.005,0.0
1774255085.9172785,441.793,-9999.000000,21.770436,26.0,98.2276,LOW,0.2,0.005,0.0
1774255085.9742897,441.850,-9999.000000,21.773925,26.0,98.1579,LOW,0.2,0.005,0.0
1774255086.045042,441.921,-9999.000000,21.775866,26.0,98.1190,LOW,0.2,0.005,0.0
1774255086.1048748,441.980,-9999.000000,21.775089,26.0,98.1346,LOW,0.2,0.005,0.0
1774255086.1543295,442.030,-9999.000000,21.773925,26.0,98.1579,LOW,0.2,0.005,0.0
1774255086.2185528,442.094,-9999.000000,21.770436,26.0,98.2276,LOW,0.2,0.005,0.0
1774255086.2865872,442.162,-9999.000000,21.769659,26.0,98.2432,LOW,0.2,0.005,0.0
1774255086.3445997,442.220,-9999.000000,21.773925,26.0,98.1579,LOW,0.2,0.005,0.0
1774255086.4080052,442.284,-9999.000000,21.775476,26.0,98.1268,LOW,0.2,0.005,0.0
1774255086.4747524,442.350,-9999.000000,21.773925,26.0,98.1579,LOW,0.2,0.005,0.0
1774255086.5360696,442.412,-9999.000000,21.771210,26.0,98.2122,LOW,0.2,0.005,0.0
1774255086.6043365,442.480,-9999.000000,21.769272,26.0,98.2509,LOW,0.2,0.005,0.0
1774255086.6647773,442.540,-9999.000000,21.768108,26.0,98.2742,LOW,0.2,0.005,0.0
1774255086.726414,442.602,-9999.000000,21.771600,26.0,98.2044,LOW,0.2,0.005,0.0
1774255086.7948806,442.670,-9999.000000,21.774315,26.0,98.1501,LOW,0.2,0.005,0.0
1774255086.8549006,442.730,-9999.000000,21.773925,26.0,98.1579,LOW,0.2,0.005,0.0
1774255086.9042354,442.780,-9999.000000,21.773925,26.0,98.1579,LOW,0.2,0.005,0.0
1774255086.9737098,442.849,-9999.000000,21.771210,26.0,98.2122,LOW,0.2,0.005,0.0
1774255087.0360548,442.912,-9999.000000,21.768108,26.0,98.2742,LOW,0.2,0.005,0.0
1774255087.0962517,442.972,-9999.000000,21.770049,26.0,98.2354,LOW,0.2,0.005,0.0
1774255087.1639452,443.040,-9999.000000,21.773151,26.0,98.1733,LOW,0.2,0.005,0.0
1774255087.2246106,443.100,-9999.000000,21.774702,26.0,98.1423,LOW,0.2,0.005,0.0
1774255087.2939816,443.170,-9999.000000,21.775476,26.0,98.1268,LOW,0.2,0.005,0.0
1774255087.3564365,443.232,-9999.000000,21.771987,26.0,98.1966,LOW,0.2,0.005,0.0
1774255087.4114804,443.287,-9999.000000,21.774315,26.0,98.1501,LOW,0.2,0.005,0.0
1774255087.4859815,443.362,-9999.000000,21.768108,26.0,98.2742,LOW,0.2,0.005,0.0
1774255087.5365853,443.412,-9999.000000,21.767334,26.0,98.2897,LOW,0.2,0.005,0.0
1774255087.5947073,443.470,-9999.000000,21.772374,26.0,98.1889,LOW,0.2,0.005,0.0
1774255087.6557431,443.531,-9999.000000,21.773925,26.0,98.1579,LOW,0.2,0.005,0.0
1774255087.7235277,443.599,-9999.000000,21.770823,26.0,98.2199,LOW,0.2,0.005,0.0
1774255087.7845857,443.660,-9999.000000,21.767721,26.0,98.2819,LOW,0.2,0.005,0.0
1774255087.848031,443.724,-9999.000000,21.767334,26.0,98.2897,LOW,0.2,0.005,0.0
1774255087.9159353,443.792,-9999.000000,21.768885,26.0,98.2587,LOW,0.2,0.005,0.0
1774255087.9775376,443.853,-9999.000000,21.773151,26.0,98.1733,LOW,0.2,0.005,0.0
1774255088.0343726,443.910,-9999.000000,21.766557,26.0,98.3052,LOW,0.2,0.005,0.0
1774255088.1048846,443.980,-9999.000000,21.773151,26.0,98.1733,LOW,0.2,0.005,0.0
1774255088.1645358,444.040,-9999.000000,21.770436,26.0,98.2276,LOW,0.2,0.005,0.0
1774255088.2358046,444.111,-9999.000000,21.766557,26.0,98.3052,LOW,0.2,0.005,0.0
1774255088.294204,444.170,-9999.000000,21.767721,26.0,98.2819,LOW,0.2,0.005,0.0
1774255088.3648055,444.240,-9999.000000,21.771210,26.0,98.2122,LOW,0.2,0.005,0.0
1774255088.4265049,444.302,-9999.000000,21.773925,26.0,98.1579,LOW,0.2,0.005,0.0
1774255088.4847436,444.360,-9999.000000,21.772374,26.0,98.1889,LOW,0.2,0.005,0.0
1774255088.5565197,444.432,-9999.000000,21.769272,26.0,98.2509,LOW,0.2,0.005,0.0
1774255088.6148813,444.490,-9999.000000,21.766944,26.0,98.2975,LOW,0.2,0.005,0.0
1774255088.684294,444.560,-9999.000000,21.765783,26.0,98.3207,LOW,0.2,0.005,0.0
1774255088.745947,444.622,-9999.000000,21.766557,26.0,98.3052,LOW,0.2,0.005,0.0
1774255088.796081,444.672,-9999.000000,21.767334,26.0,98.2897,LOW,0.2,0.005,0.0
1774255088.8545613,444.730,-9999.000000,21.771987,26.0,98.1966,LOW,0.2,0.005,0.0
1774255088.924979,444.801,-9999.000000,21.771987,26.0,98.1966,LOW,0.2,0.005,0.0
1774255088.984261,444.860,-9999.000000,21.770436,26.0,98.2276,LOW,0.2,0.005,0.0
1774255089.0546467,444.930,-9999.000000,21.767334,26.0,98.2897,LOW,0.2,0.005,0.0
1774255089.1157923,444.991,-9999.000000,21.765006,26.0,98.3362,LOW,0.2,0.005,0.0
1774255089.1846914,445.060,-9999.000000,21.766170,26.0,98.3130,LOW,0.2,0.005,0.0
1774255089.2443686,445.120,-9999.000000,21.768498,26.0,98.2664,LOW,0.2,0.005,0.0
1774255089.3063173,445.182,-9999.000000,21.770823,26.0,98.2199,LOW,0.2,0.005,0.0
1774255089.3550577,445.231,-9999.000000,21.771210,26.0,98.2122,LOW,0.2,0.005,0.0
1774255089.4259117,445.301,-9999.000000,21.770823,26.0,98.2199,LOW,0.2,0.005,0.0
1774255089.4870248,445.363,-9999.000000,21.766944,26.0,98.2975,LOW,0.2,0.005,0.0
1774255089.554875,445.430,-9999.000000,21.765393,26.0,98.3285,LOW,0.2,0.005,0.0
1774255089.6142902,445.490,-9999.000000,21.764619,26.0,98.3440,LOW,0.2,0.005,0.0
1774255089.6761723,445.552,-9999.000000,21.768108,26.0,98.2742,LOW,0.2,0.005,0.0
1774255089.7448578,445.620,-9999.000000,21.768885,26.0,98.2587,LOW,0.2,0.005,0.0
1774255089.8047373,445.680,-9999.000000,21.771210,26.0,98.2122,LOW,0.2,0.005,0.0
1774255089.8740435,445.750,-9999.000000,21.768498,26.0,98.2664,LOW,0.2,0.005,0.0
1774255089.9347625,445.810,-9999.000000,21.765393,26.0,98.3285,LOW,0.2,0.005,0.0
1774255089.9846668,445.860,-9999.000000,21.764232,26.0,98.3517,LOW,0.2,0.005,0.0
1774255090.046944,445.923,-9999.000000,21.766170,26.0,98.3130,LOW,0.2,0.005,0.0
1774255090.1147382,445.990,-9999.000000,21.768108,26.0,98.2742,LOW,0.2,0.005,0.0
1774255090.1749017,446.050,-9999.000000,21.770049,26.0,98.2354,LOW,0.2,0.005,0.0
1774255090.2439773,446.120,-9999.000000,21.770823,26.0,98.2199,LOW,0.2,0.005,0.0
1774255090.306693,446.182,-9999.000000,21.766557,26.0,98.3052,LOW,0.2,0.005,0.0
1774255090.3645456,446.240,-9999.000000,21.765006,26.0,98.3362,LOW,0.2,0.005,0.0
1774255090.434935,446.311,-9999.000000,21.764232,26.0,98.3517,LOW,0.2,0.005,0.0
1774255090.4947903,446.370,-9999.000000,21.767721,26.0,98.2819,LOW,0.2,0.005,0.0
1774255090.5526786,446.428,-9999.000000,21.763842,26.0,98.3595,LOW,0.2,0.005,0.0
1774255090.606748,446.482,-9999.000000,21.770049,26.0,98.2354,LOW,0.2,0.005,0.0
1774255090.6763144,446.552,-9999.000000,21.770049,26.0,98.2354,LOW,0.2,0.005,0.0
1774255090.734362,446.610,-9999.000000,21.768108,26.0,98.2742,LOW,0.2,0.005,0.0
1774255090.8048725,446.680,-9999.000000,21.765393,26.0,98.3285,LOW,0.2,0.005,0.0
1774255090.8642302,446.740,-9999.000000,21.763455,26.0,98.3673,LOW,0.2,0.005,0.0
1774255090.9339437,446.810,-9999.000000,21.764619,26.0,98.3440,LOW,0.2,0.005,0.0
1774255090.9964159,446.872,-9999.000000,21.768108,26.0,98.2742,LOW,0.2,0.005,0.0
1774255091.0606468,446.936,-9999.000000,21.769272,26.0,98.2509,LOW,0.2,0.005,0.0
1774255091.1145062,446.990,-9999.000000,21.764619,26.0,98.3440,LOW,0.2,0.005,0.0
1774255091.1870697,447.063,-9999.000000,21.763455,26.0,98.3673,LOW,0.2,0.005,0.0
1774255091.2349656,447.111,-9999.000000,21.762678,26.0,98.3828,LOW,0.2,0.005,0.0
1774255091.2958918,447.171,-9999.000000,21.762678,26.0,98.3828,LOW,0.2,0.005,0.0
1774255091.3648763,447.240,-9999.000000,21.766170,26.0,98.3130,LOW,0.2,0.005,0.0
1774255091.4245553,447.300,-9999.000000,21.767334,26.0,98.2897,LOW,0.2,0.005,0.0
1774255091.488032,447.364,-9999.000000,21.768108,26.0,98.2742,LOW,0.2,0.005,0.0
1774255091.5464928,447.422,-9999.000000,21.764232,26.0,98.3517,LOW,0.2,0.005,0.0
1774255091.6148756,447.490,-9999.000000,21.762291,26.0,98.3905,LOW,0.2,0.005,0.0
1774255091.6849854,447.561,-9999.000000,21.762291,26.0,98.3905,LOW,0.2,0.005,0.0
1774255091.7476256,447.623,-9999.000000,21.764232,26.0,98.3517,LOW,0.2,0.005,0.0
1774255091.8016055,447.677,-9999.000000,21.762291,26.0,98.3905,LOW,0.2,0.005,0.0
1774255091.8757243,447.751,-9999.000000,21.768108,26.0,98.2742,LOW,0.2,0.005,0.0
1774255091.936705,447.812,-9999.000000,21.764619,26.0,98.3440,LOW,0.2,0.005,0.0
1774255091.984877,447.860,-9999.000000,21.765006,26.0,98.3362,LOW,0.2,0.005,0.0
1774255092.0470564,447.923,-9999.000000,21.762678,26.0,98.3828,LOW,0.2,0.005,0.0
1774255092.1146383,447.990,-9999.000000,21.766170,26.0,98.3130,LOW,0.2,0.005,0.0
1774255092.1749036,448.050,-9999.000000,21.767721,26.0,98.2819,LOW,0.2,0.005,0.0
1774255092.2367713,448.112,-9999.000000,21.766170,26.0,98.3130,LOW,0.2,0.005,0.0
1774255092.304548,448.180,-9999.000000,21.763455,26.0,98.3673,LOW,0.2,0.005,0.0
1774255092.3663409,448.242,-9999.000000,21.761904,26.0,98.3983,LOW,0.2,0.005,0.0
1774255092.4247975,448.300,-9999.000000,21.763068,26.0,98.3750,LOW,0.2,0.005,0.0
1774255092.4955807,448.371,-9999.000000,21.766170,26.0,98.3130,LOW,0.2,0.005,0.0
1774255092.55605,448.432,-9999.000000,21.766944,26.0,98.2975,LOW,0.2,0.005,0.0
1774255092.614198,448.490,-9999.000000,21.765783,26.0,98.3207,LOW,0.2,0.005,0.0
1774255092.687585,448.563,-9999.000000,21.763068,26.0,98.3750,LOW,0.2,0.005,0.0
1774255092.7362704,448.612,-9999.000000,21.761127,26.0,98.4138,LOW,0.2,0.005,0.0
1774255092.794848,448.670,-9999.000000,21.761127,26.0,98.4138,LOW,0.2,0.005,0.0
1774255092.864214,448.740,-9999.000000,21.764232,26.0,98.3517,LOW,0.2,0.005,0.0
1774255092.9266727,448.802,-9999.000000,21.766557,26.0,98.3052,LOW,0.2,0.005,0.0
1774255092.99421,448.870,-9999.000000,21.767334,26.0,98.2897,LOW,0.2,0.005,0.0
1774255093.054531,448.930,-9999.000000,21.762678,26.0,98.3828,LOW,0.2,0.005,0.0
1774255093.1175754,448.993,-9999.000000,21.761517,26.0,98.4060,LOW,0.2,0.005,0.0
1774255093.1839206,449.059,-9999.000000,21.761127,26.0,98.4138,LOW,0.2,0.005,0.0
1774255093.2444434,449.120,-9999.000000,21.761127,26.0,98.4138,LOW,0.2,0.005,0.0
1774255093.310625,449.186,-9999.000000,21.764619,26.0,98.3440,LOW,0.2,0.005,0.0
1774255093.3669066,449.242,-9999.000000,21.761127,26.0,98.4138,LOW,0.2,0.005,0.0
1774255093.4385426,449.314,-9999.000000,21.763455,26.0,98.3673,LOW,0.2,0.005,0.0
1774255093.5039964,449.380,-9999.000000,21.760353,26.0,98.4293,LOW,0.2,0.005,0.0
1774255093.564345,449.440,-9999.000000,21.759966,26.0,98.4370,LOW,0.2,0.005,0.0
1774255093.634433,449.510,-9999.000000,21.760740,26.0,98.4216,LOW,0.2,0.005,0.0
1774255093.6977637,449.573,-9999.000000,21.759966,26.0,98.4370,LOW,0.2,0.005,0.0
1774255093.7648246,449.640,-9999.000000,21.761904,26.0,98.3983,LOW,0.2,0.005,0.0
1774255093.8186626,449.694,-9999.000000,21.760353,26.0,98.4293,LOW,0.2,0.005,0.0
1774255093.875002,449.751,-9999.000000,21.765393,26.0,98.3285,LOW,0.2,0.005,0.0
1774255093.9399946,449.816,-9999.000000,21.763842,26.0,98.3595,LOW,0.2,0.005,0.0
1774255093.99738,449.873,-9999.000000,21.758415,26.0,98.4681,LOW,0.2,0.005,0.0
1774255094.0661142,449.942,-9999.000000,21.759189,26.0,98.4526,LOW,0.2,0.005,0.0
1774255094.1245275,450.000,-9999.000000,21.763842,26.0,98.3595,LOW,0.2,0.005,0.0
1774255094.1846886,450.060,-9999.000000,21.765006,26.0,98.3362,LOW,0.2,0.005,0.0
1774255094.2546282,450.130,-9999.000000,21.760740,26.0,98.4216,LOW,0.2,0.005,0.0
1774255094.3162692,450.192,-9999.000000,21.759189,26.0,98.4526,LOW,0.2,0.005,0.0
1774255094.374704,450.250,-9999.000000,21.760353,26.0,98.4293,LOW,0.2,0.005,0.0
1774255094.4443827,450.320,-9999.000000,21.764619,26.0,98.3440,LOW,0.2,0.005,0.0
1774255094.5072165,450.383,-9999.000000,21.764232,26.0,98.3517,LOW,0.2,0.005,0.0
1774255094.5646052,450.440,-9999.000000,21.760353,26.0,98.4293,LOW,0.2,0.005,0.0
1774255094.635011,450.511,-9999.000000,21.758415,26.0,98.4681,LOW,0.2,0.005,0.0
1774255094.6947012,450.570,-9999.000000,21.759189,26.0,98.4526,LOW,0.2,0.005,0.0
1774255094.7563932,450.632,-9999.000000,21.763068,26.0,98.3750,LOW,0.2,0.005,0.0
1774255094.8262527,450.702,-9999.000000,21.764232,26.0,98.3517,LOW,0.2,0.005,0.0
1774255094.8843932,450.760,-9999.000000,21.761517,26.0,98.4060,LOW,0.2,0.005,0.0
1774255094.9460726,450.822,-9999.000000,21.758025,26.0,98.4759,LOW,0.2,0.005,0.0
1774255095.0161505,450.892,-9999.000000,21.758025,26.0,98.4759,LOW,0.2,0.005,0.0
1774255095.0645916,450.940,-9999.000000,21.761127,26.0,98.4138,LOW,0.2,0.005,0.0
1774255095.1248693,451.000,-9999.000000,21.765006,26.0,98.3362,LOW,0.2,0.005,0.0
1774255095.184395,451.060,-9999.000000,21.762291,26.0,98.3905,LOW,0.2,0.005,0.0
1774255095.2544255,451.130,-9999.000000,21.759576,26.0,98.4448,LOW,0.2,0.005,0.0
1774255095.315905,451.191,-9999.000000,21.758025,26.0,98.4759,LOW,0.2,0.005,0.0
1774255095.374224,451.250,-9999.000000,21.761127,26.0,98.4138,LOW,0.2,0.005,0.0
1774255095.4450135,451.321,-9999.000000,21.763455,26.0,98.3673,LOW,0.2,0.005,0.0
1774255095.5067992,451.382,-9999.000000,21.763842,26.0,98.3595,LOW,0.2,0.005,0.0
1774255095.5749536,451.451,-9999.000000,21.763068,26.0,98.3750,LOW,0.2,0.005,0.0
1774255095.6378677,451.513,-9999.000000,21.759966,26.0,98.4370,LOW,0.2,0.005,0.0
1774255095.692096,451.568,-9999.000000,21.763068,26.0,98.3750,LOW,0.2,0.005,0.0
1774255095.764962,451.641,-9999.000000,21.758025,26.0,98.4759,LOW,0.2,0.005,0.0
1774255095.814077,451.690,-9999.000000,21.761127,26.0,98.4138,LOW,0.2,0.005,0.0
1774255095.8763258,451.752,-9999.000000,21.763455,26.0,98.3673,LOW,0.2,0.005,0.0
1774255095.9429717,451.819,-9999.000000,21.763068,26.0,98.3750,LOW,0.2,0.005,0.0
1774255096.0046065,451.880,-9999.000000,21.761127,26.0,98.4138,LOW,0.2,0.005,0.0
1774255096.064808,451.940,-9999.000000,21.756861,26.0,98.4991,LOW,0.2,0.005,0.0
1774255096.1263373,452.002,-9999.000000,21.758025,26.0,98.4759,LOW,0.2,0.005,0.0
1774255096.1964455,452.072,-9999.000000,21.759966,26.0,98.4370,LOW,0.2,0.005,0.0
1774255096.2549915,452.131,-9999.000000,21.761517,26.0,98.4060,LOW,0.2,0.005,0.0
1774255096.325906,452.201,-9999.000000,21.763068,26.0,98.3750,LOW,0.2,0.005,0.0
1774255096.3875635,452.263,-9999.000000,21.759966,26.0,98.4370,LOW,0.2,0.005,0.0
1774255096.453937,452.330,-9999.000000,21.757251,26.0,98.4913,LOW,0.2,0.005,0.0
1774255096.4945889,452.370,-9999.000000,21.756087,26.0,98.5146,LOW,0.2,0.005,0.0
1774255096.5661294,452.442,-9999.000000,21.755310,26.0,98.5302,LOW,0.2,0.005,0.0
1774255096.624214,452.500,-9999.000000,21.761517,26.0,98.4060,LOW,0.2,0.005,0.0
1774255096.694201,452.570,-9999.000000,21.761904,26.0,98.3983,LOW,0.2,0.005,0.0
1774255096.756084,452.632,-9999.000000,21.762291,26.0,98.3905,LOW,0.2,0.005,0.0
1774255096.8144166,452.690,-9999.000000,21.759576,26.0,98.4448,LOW,0.2,0.005,0.0
1774255096.886165,452.762,-9999.000000,21.757251,26.0,98.4913,LOW,0.2,0.005,0.0
1774255096.938374,452.814,-9999.000000,21.759966,26.0,98.4370,LOW,0.2,0.005,0.0
1774255097.0045722,452.880,-9999.000000,21.761904,26.0,98.3983,LOW,0.2,0.005,0.0
1774255097.074555,452.950,-9999.000000,21.762291,26.0,98.3905,LOW,0.2,0.005,0.0
1774255097.1348193,453.010,-9999.000000,21.758802,26.0,98.4603,LOW,0.2,0.005,0.0
1774255097.195966,453.072,-9999.000000,21.755310,26.0,98.5302,LOW,0.2,0.005,0.0
1774255097.2658834,453.141,-9999.000000,21.756861,26.0,98.4991,LOW,0.2,0.005,0.0
1774255097.3143268,453.190,-9999.000000,21.758415,26.0,98.4681,LOW,0.2,0.005,0.0
1774255097.3742695,453.250,-9999.000000,21.761904,26.0,98.3983,LOW,0.2,0.005,0.0
1774255097.4346273,453.310,-9999.000000,21.762291,26.0,98.3905,LOW,0.2,0.005,0.0
1774255097.504271,453.380,-9999.000000,21.759189,26.0,98.4526,LOW,0.2,0.005,0.0
1774255097.5679424,453.444,-9999.000000,21.757251,26.0,98.4913,LOW,0.2,0.005,0.0
1774255097.6339316,453.509,-9999.000000,21.755700,26.0,98.5224,LOW,0.2,0.005,0.0
1774255097.697567,453.573,-9999.000000,21.757251,26.0,98.4913,LOW,0.2,0.005,0.0
1774255097.7562892,453.632,-9999.000000,21.761517,26.0,98.4060,LOW,0.2,0.005,0.0
1774255097.826124,453.702,-9999.000000,21.761517,26.0,98.4060,LOW,0.2,0.005,0.0
1774255097.8786259,453.754,-9999.000000,21.759966,26.0,98.4370,LOW,0.2,0.005,0.0
1774255097.9474928,453.823,-9999.000000,21.754923,26.0,98.5379,LOW,0.2,0.005,0.0
1774255098.0162334,453.892,-9999.000000,21.755310,26.0,98.5302,LOW,0.2,0.005,0.0
1774255098.0644,453.940,-9999.000000,21.758802,26.0,98.4603,LOW,0.2,0.005,0.0
1774255098.126331,454.002,-9999.000000,21.760353,26.0,98.4293,LOW,0.2,0.005,0.0
1774255098.1871607,454.063,-9999.000000,21.761127,26.0,98.4138,LOW,0.2,0.005,0.0
1774255098.254338,454.130,-9999.000000,21.758025,26.0,98.4759,LOW,0.2,0.005,0.0
1774255098.316406,454.192,-9999.000000,21.754536,26.0,98.5456,LOW,0.2,0.005,0.0
1774255098.3775754,454.253,-9999.000000,21.756474,26.0,98.5069,LOW,0.2,0.005,0.0
1774255098.4447486,454.320,-9999.000000,21.759966,26.0,98.4370,LOW,0.2,0.005,0.0
1774255098.507342,454.383,-9999.000000,21.761127,26.0,98.4138,LOW,0.2,0.005,0.0
1774255098.5735178,454.449,-9999.000000,21.757638,26.0,98.4836,LOW,0.2,0.005,0.0
1774255098.6346858,454.510,-9999.000000,21.754536,26.0,98.5456,LOW,0.2,0.005,0.0
1774255098.6980703,454.574,-9999.000000,21.755700,26.0,98.5224,LOW,0.2,0.005,0.0
1774255098.7498183,454.625,-9999.000000,21.755310,26.0,98.5302,LOW,0.2,0.005,0.0
1774255098.826751,454.702,-9999.000000,21.760740,26.0,98.4216,LOW,0.2,0.005,0.0
1774255098.88087,454.756,-9999.000000,21.757251,26.0,98.4913,LOW,0.2,0.005,0.0
1774255098.9546008,454.830,-9999.000000,21.755700,26.0,98.5224,LOW,0.2,0.005,0.0
1774255099.0078056,454.883,-9999.000000,21.758415,26.0,98.4681,LOW,0.2,0.005,0.0
1774255099.0649567,454.941,-9999.000000,21.755700,26.0,98.5224,LOW,0.2,0.005,0.0
1774255099.126674,455.002,-9999.000000,21.759189,26.0,98.4526,LOW,0.2,0.005,0.0
1774255099.1846309,455.060,-9999.000000,21.760353,26.0,98.4293,LOW,0.2,0.005,0.0
1774255099.2544146,455.130,-9999.000000,21.756087,26.0,98.5146,LOW,0.2,0.005,0.0
1774255099.3163164,455.192,-9999.000000,21.755310,26.0,98.5302,LOW,0.2,0.005,0.0
1774255099.374448,455.250,-9999.000000,21.756861,26.0,98.4991,LOW,0.2,0.005,0.0
1774255099.4468706,455.322,-9999.000000,21.757251,26.0,98.4913,LOW,0.2,0.005,0.0
1774255099.5044777,455.380,-9999.000000,21.758415,26.0,98.4681,LOW,0.2,0.005,0.0
1774255099.5743346,455.450,-9999.000000,21.760353,26.0,98.4293,LOW,0.2,0.005,0.0
1774255099.63079,455.506,-9999.000000,21.756474,26.0,98.5069,LOW,0.2,0.005,0.0
1774255099.6948686,455.570,-9999.000000,21.756861,26.0,98.4991,LOW,0.2,0.005,0.0
1774255099.7536669,455.629,-9999.000000,21.754149,26.0,98.5534,LOW,0.2,0.005,0.0
1774255099.814287,455.690,-9999.000000,21.754149,26.0,98.5534,LOW,0.2,0.005,0.0
1774255099.8746834,455.750,-9999.000000,21.757638,26.0,98.4836,LOW,0.2,0.005,0.0
1774255099.9447029,455.820,-9999.000000,21.759576,26.0,98.4448,LOW,0.2,0.005,0.0
1774255100.0067155,455.882,-9999.000000,21.759189,26.0,98.4526,LOW,0.2,0.005,0.0
1774255100.064519,455.940,-9999.000000,21.756474,26.0,98.5069,LOW,0.2,0.005,0.0
1774255100.1270642,456.003,-9999.000000,21.754923,26.0,98.5379,LOW,0.2,0.005,0.0
1774255100.1962867,456.072,-9999.000000,21.753759,26.0,98.5612,LOW,0.2,0.005,0.0
1774255100.264283,456.140,-9999.000000,21.755700,26.0,98.5224,LOW,0.2,0.005,0.0
1774255100.3243573,456.200,-9999.000000,21.759576,26.0,98.4448,LOW,0.2,0.005,0.0
1774255100.3820202,456.258,-9999.000000,21.754149,26.0,98.5534,LOW,0.2,0.005,0.0
1774255100.437037,456.313,-9999.000000,21.755310,26.0,98.5302,LOW,0.2,0.005,0.0
1774255100.503918,456.379,-9999.000000,21.754536,26.0,98.5456,LOW,0.2,0.005,0.0
1774255100.5664513,456.442,-9999.000000,21.753759,26.0,98.5612,LOW,0.2,0.005,0.0
1774255100.6244805,456.500,-9999.000000,21.755700,26.0,98.5224,LOW,0.2,0.005,0.0
1774255100.6943243,456.570,-9999.000000,21.758802,26.0,98.4603,LOW,0.2,0.005,0.0
1774255100.75592,456.631,-9999.000000,21.759189,26.0,98.4526,LOW,0.2,0.005,0.0
1774255100.8164895,456.692,-9999.000000,21.754149,26.0,98.5534,LOW,0.2,0.005,0.0
1774255100.8863928,456.762,-9999.000000,21.752985,26.0,98.5767,LOW,0.2,0.005,0.0
1774255100.944626,456.820,-9999.000000,21.752595,26.0,98.5845,LOW,0.2,0.005,0.0
1774255101.0064979,456.882,-9999.000000,21.758415,26.0,98.4681,LOW,0.2,0.005,0.0
1774255101.0759933,456.952,-9999.000000,21.758415,26.0,98.4681,LOW,0.2,0.005,0.0
1774255101.1260178,457.002,-9999.000000,21.757638,26.0,98.4836,LOW,0.2,0.005,0.0
1774255101.1844728,457.060,-9999.000000,21.757638,26.0,98.4836,LOW,0.2,0.005,0.0
1774255101.2560885,457.132,-9999.000000,21.755700,26.0,98.5224,LOW,0.2,0.005,0.0
1774255101.3149934,457.191,-9999.000000,21.752595,26.0,98.5845,LOW,0.2,0.005,0.0
1774255101.3844252,457.260,-9999.000000,21.751434,26.0,98.6077,LOW,0.2,0.005,0.0
1774255101.437955,457.314,-9999.000000,21.756474,26.0,98.5069,LOW,0.2,0.005,0.0
1774255101.5136526,457.389,-9999.000000,21.756474,26.0,98.5069,LOW,0.2,0.005,0.0
1774255101.5744174,457.450,-9999.000000,21.758025,26.0,98.4759,LOW,0.2,0.005,0.0
1774255101.6363692,457.512,-9999.000000,21.754923,26.0,98.5379,LOW,0.2,0.005,0.0
1774255101.7042258,457.580,-9999.000000,21.752595,26.0,98.5845,LOW,0.2,0.005,0.0
1774255101.745996,457.622,-9999.000000,21.752208,26.0,98.5922,LOW,0.2,0.005,0.0
1774255101.814765,457.690,-9999.000000,21.753372,26.0,98.5689,LOW,0.2,0.005,0.0
1774255102.1045108,457.980,-9999.000000,21.753759,26.0,98.5612,LOW,0.2,0.005,0.0
1774255102.1742842,458.050,-9999.000000,21.757251,26.0,98.4913,LOW,0.2,0.005,0.0
1774255102.282419,458.158,-9999.000000,21.752595,26.0,98.5845,LOW,0.2,0.005,0.0
1774255102.3321714,458.208,-9999.000000,21.753372,26.0,98.5689,LOW,0.2,0.005,0.0
1774255102.4046366,458.280,-9999.000000,21.752985,26.0,98.5767,LOW,0.2,0.005,0.0
1774255102.4747546,458.350,-9999.000000,21.757638,26.0,98.4836,LOW,0.2,0.005,0.0
1774255102.5443416,458.420,-9999.000000,21.752208,26.0,98.5922,LOW,0.2,0.005,0.0
1774255102.6445396,458.520,-9999.000000,21.756474,26.0,98.5069,LOW,0.2,0.005,0.0
1774255102.7070928,458.583,-9999.000000,21.755310,26.0,98.5302,LOW,0.2,0.005,0.0
1774255102.7773015,458.653,-9999.000000,21.756861,26.0,98.4991,LOW,0.2,0.005,0.0
1774255102.8375285,458.713,-9999.000000,21.752208,26.0,98.5922,LOW,0.2,0.005,0.0
1774255102.9068847,458.782,-9999.000000,21.755310,26.0,98.5302,LOW,0.2,0.005,0.0
1774255102.9775465,458.853,-9999.000000,21.756861,26.0,98.4991,LOW,0.2,0.005,0.0
1774255103.0745509,458.950,-9999.000000,21.756087,26.0,98.5146,LOW,0.2,0.005,0.0
1774255103.159987,459.036,-9999.000000,21.755310,26.0,98.5302,LOW,0.2,0.005,0.0
1774255103.2246847,459.100,-9999.000000,21.754536,26.0,98.5456,LOW,0.2,0.005,0.0
1774255103.2935205,459.169,-9999.000000,21.756087,26.0,98.5146,LOW,0.2,0.005,0.0
1774255103.3561373,459.232,-9999.000000,21.754923,26.0,98.5379,LOW,0.2,0.005,0.0
1774255103.4447358,459.320,-9999.000000,21.754149,26.0,98.5534,LOW,0.2,0.005,0.0
1774255103.5078747,459.383,-9999.000000,21.756087,26.0,98.5146,LOW,0.2,0.005,0.0
1774255103.571376,459.447,-9999.000000,21.752595,26.0,98.5845,LOW,0.2,0.005,0.0
1774255103.63432,459.510,-9999.000000,21.750270,26.0,98.6310,LOW,0.2,0.005,0.0
1774255103.6981986,459.574,-9999.000000,21.749493,26.0,98.6465,LOW,0.2,0.005,0.0
1774255103.7743797,459.650,-9999.000000,21.754923,26.0,98.5379,LOW,0.2,0.005,0.0
1774255103.8393903,459.715,-9999.000000,21.754149,26.0,98.5534,LOW,0.2,0.005,0.0
1774255103.9069715,459.783,-9999.000000,21.753372,26.0,98.5689,LOW,0.2,0.005,0.0
1774255103.965885,459.841,-9999.000000,21.749883,26.0,98.6387,LOW,0.2,0.005,0.0
1774255104.0246015,459.900,-9999.000000,21.754149,26.0,98.5534,LOW,0.2,0.005,0.0
1774255104.0839863,459.960,-9999.000000,21.749883,26.0,98.6387,LOW,0.2,0.005,0.0
1774255104.140309,460.016,-9999.000000,21.755310,26.0,98.5302,LOW,0.2,0.005,0.0
1774255104.1945553,460.070,-9999.000000,21.748719,26.0,98.6620,LOW,0.2,0.005,0.0
1774255104.2612772,460.137,-9999.000000,21.753759,26.0,98.5612,LOW,0.2,0.005,0.0
1774255104.3442788,460.220,-9999.000000,21.752985,26.0,98.5767,LOW,0.2,0.005,0.0
1774255104.4068484,460.282,-9999.000000,21.752985,26.0,98.5767,LOW,0.2,0.005,0.0
1774255104.4745262,460.350,-9999.000000,21.752985,26.0,98.5767,LOW,0.2,0.005,0.0
1774255104.5445538,460.420,-9999.000000,21.754536,26.0,98.5456,LOW,0.2,0.005,0.0
1774255104.6059573,460.482,-9999.000000,21.754536,26.0,98.5456,LOW,0.2,0.005,0.0
1774255104.6647167,460.540,-9999.000000,21.748719,26.0,98.6620,LOW,0.2,0.005,0.0
1774255104.7265334,460.602,-9999.000000,21.754149,26.0,98.5534,LOW,0.2,0.005,0.0
1774255104.7844026,460.660,-9999.000000,21.748719,26.0,98.6620,LOW,0.2,0.005,0.0
1774255104.844682,460.720,-9999.000000,21.752985,26.0,98.5767,LOW,0.2,0.005,0.0
1774255104.904844,460.780,-9999.000000,21.750270,26.0,98.6310,LOW,0.2,0.005,0.0
1774255104.9616704,460.837,-9999.000000,21.753759,26.0,98.5612,LOW,0.2,0.005,0.0
1774255105.045625,460.921,-9999.000000,21.752595,26.0,98.5845,LOW,0.2,0.005,0.0
1774255105.1045153,460.980,-9999.000000,21.750270,26.0,98.6310,LOW,0.2,0.005,0.0
1774255105.174664,461.050,-9999.000000,21.753759,26.0,98.5612,LOW,0.2,0.005,0.0
1774255105.2447271,461.120,-9999.000000,21.751434,26.0,98.6077,LOW,0.2,0.005,0.0
1774255105.3348596,461.210,-9999.000000,21.748719,26.0,98.6620,LOW,0.2,0.005,0.0
1774255105.4046755,461.280,-9999.000000,21.754149,26.0,98.5534,LOW,0.2,0.005,0.0
1774255105.4848907,461.360,-9999.000000,21.747555,26.0,98.6853,LOW,0.2,0.005,0.0
1774255105.534631,461.410,-9999.000000,21.747555,26.0,98.6853,LOW,0.2,0.005,0.0
1774255105.5877848,461.463,-9999.000000,21.753372,26.0,98.5689,LOW,0.2,0.005,0.0
1774255105.6510403,461.527,-9999.000000,21.747555,26.0,98.6853,LOW,0.2,0.005,0.0
1774255105.7047975,461.580,-9999.000000,21.753372,26.0,98.5689,LOW,0.2,0.005,0.0
1774255105.7935665,461.669,-9999.000000,21.752985,26.0,98.5767,LOW,0.2,0.005,0.0
1774255105.843886,461.719,-9999.000000,21.753372,26.0,98.5689,LOW,0.2,0.005,0.0
1774255105.8946512,461.770,-9999.000000,21.746391,26.0,98.7085,LOW,0.2,0.005,0.0
1774255105.9565494,461.832,-9999.000000,21.752985,26.0,98.5767,LOW,0.2,0.005,0.0
1774255106.0467737,461.922,-9999.000000,21.752208,26.0,98.5922,LOW,0.2,0.005,0.0
1774255106.094354,461.970,-9999.000000,21.752985,26.0,98.5767,LOW,0.2,0.005,0.0
1774255106.163253,462.039,-9999.000000,21.751821,26.0,98.5999,LOW,0.2,0.005,0.0
1774255106.2248025,462.100,-9999.000000,21.752595,26.0,98.5845,LOW,0.2,0.005,0.0
1774255106.2765512,462.152,-9999.000000,21.748332,26.0,98.6697,LOW,0.2,0.005,0.0
1774255106.3660784,462.242,-9999.000000,21.747168,26.0,98.6930,LOW,0.2,0.005,0.0
1774255106.4160368,462.292,-9999.000000,21.746004,26.0,98.7163,LOW,0.2,0.005,0.0
1774255106.4753237,462.351,-9999.000000,21.749493,26.0,98.6465,LOW,0.2,0.005,0.0
1774255106.5388744,462.414,-9999.000000,21.751044,26.0,98.6155,LOW,0.2,0.005,0.0
1774255106.6021283,462.478,-9999.000000,21.745228,26.0,98.7318,LOW,0.2,0.005,0.0
1774255106.6646836,462.540,-9999.000000,21.747168,26.0,98.6930,LOW,0.2,0.005,0.0
1774255106.7245822,462.600,-9999.000000,21.751821,26.0,98.5999,LOW,0.2,0.005,0.0
1774255106.783662,462.659,-9999.000000,21.746004,26.0,98.7163,LOW,0.2,0.005,0.0
1774255106.8435864,462.719,-9999.000000,21.751821,26.0,98.5999,LOW,0.2,0.005,0.0
1774255106.903553,462.779,-9999.000000,21.746778,26.0,98.7008,LOW,0.2,0.005,0.0
1774255106.964499,462.840,-9999.000000,21.746004,26.0,98.7163,LOW,0.2,0.005,0.0
1774255107.0336518,462.909,-9999.000000,21.746391,26.0,98.7085,LOW,0.2,0.005,0.0
1774255107.089854,462.965,-9999.000000,21.750270,26.0,98.6310,LOW,0.2,0.005,0.0
1774255107.1443872,463.020,-9999.000000,21.748332,26.0,98.6697,LOW,0.2,0.005,0.0
1774255107.232429,463.108,-9999.000000,21.746778,26.0,98.7008,LOW,0.2,0.005,0.0
1774255107.294393,463.170,-9999.000000,21.749883,26.0,98.6387,LOW,0.2,0.005,0.0
1774255107.3545678,463.230,-9999.000000,21.751434,26.0,98.6077,LOW,0.2,0.005,0.0
1774255107.4168315,463.292,-9999.000000,21.745617,26.0,98.7240,LOW,0.2,0.005,0.0
1774255107.47444,463.350,-9999.000000,21.745228,26.0,98.7318,LOW,0.2,0.005,0.0
1774255107.5546527,463.430,-9999.000000,21.745617,26.0,98.7240,LOW,0.2,0.005,0.0
1774255107.612038,463.488,-9999.000000,21.751044,26.0,98.6155,LOW,0.2,0.005,0.0
1774255107.6668746,463.542,-9999.000000,21.744841,26.0,98.7396,LOW,0.2,0.005,0.0
1774255107.7372215,463.613,-9999.000000,21.746391,26.0,98.7085,LOW,0.2,0.005,0.0
1774255107.7945838,463.670,-9999.000000,21.750657,26.0,98.6232,LOW,0.2,0.005,0.0
1774255107.8538954,463.729,-9999.000000,21.744841,26.0,98.7396,LOW,0.2,0.005,0.0
1774255107.9062572,463.782,-9999.000000,21.750270,26.0,98.6310,LOW,0.2,0.005,0.0
1774255107.966035,463.842,-9999.000000,21.744841,26.0,98.7396,LOW,0.2,0.005,0.0
1774255108.0245235,463.900,-9999.000000,21.751434,26.0,98.6077,LOW,0.2,0.005,0.0
1774255108.0849116,463.960,-9999.000000,21.744454,26.0,98.7473,LOW,0.2,0.005,0.0
1774255108.1665401,464.042,-9999.000000,21.744454,26.0,98.7473,LOW,0.2,0.005,0.0
1774255108.2247515,464.100,-9999.000000,21.751434,26.0,98.6077,LOW,0.2,0.005,0.0
1774255108.2947433,464.170,-9999.000000,21.748332,26.0,98.6697,LOW,0.2,0.005,0.0
1774255108.3546958,464.230,-9999.000000,21.746778,26.0,98.7008,LOW,0.2,0.005,0.0
1774255108.414761,464.290,-9999.000000,21.746778,26.0,98.7008,LOW,0.2,0.005,0.0
1774255108.4677887,464.343,-9999.000000,21.745617,26.0,98.7240,LOW,0.2,0.005,0.0
1774255108.53042,464.406,-9999.000000,21.748719,26.0,98.6620,LOW,0.2,0.005,0.0
1774255108.5848312,464.460,-9999.000000,21.745617,26.0,98.7240,LOW,0.2,0.005,0.0
1774255108.6671722,464.543,-9999.000000,21.745228,26.0,98.7318,LOW,0.2,0.005,0.0
1774255108.7345843,464.610,-9999.000000,21.742903,26.0,98.7783,LOW,0.2,0.005,0.0
1774255108.79466,464.670,-9999.000000,21.747168,26.0,98.6930,LOW,0.2,0.005,0.0
1774255108.8562932,464.732,-9999.000000,21.748719,26.0,98.6620,LOW,0.2,0.005,0.0
1774255108.9143462,464.790,-9999.000000,21.743677,26.0,98.7628,LOW,0.2,0.005,0.0
1774255108.9843717,464.860,-9999.000000,21.743290,26.0,98.7706,LOW,0.2,0.005,0.0
1774255109.0545256,464.930,-9999.000000,21.743677,26.0,98.7628,LOW,0.2,0.005,0.0
1774255109.124334,465.000,-9999.000000,21.749106,26.0,98.6542,LOW,0.2,0.005,0.0
1774255109.224663,465.100,-9999.000000,21.748332,26.0,98.6697,LOW,0.2,0.005,0.0
1774255109.2845995,465.160,-9999.000000,21.742513,26.0,98.7861,LOW,0.2,0.005,0.0
1774255109.35367,465.229,-9999.000000,21.742126,26.0,98.7938,LOW,0.2,0.005,0.0
1774255109.4238853,465.299,-9999.000000,21.746391,26.0,98.7085,LOW,0.2,0.005,0.0
1774255109.4947362,465.370,-9999.000000,21.748332,26.0,98.6697,LOW,0.2,0.005,0.0
1774255109.544444,465.420,-9999.000000,21.742903,26.0,98.7783,LOW,0.2,0.005,0.0
1774255109.6081555,465.484,-9999.000000,21.748719,26.0,98.6620,LOW,0.2,0.005,0.0
1774255109.669093,465.545,-9999.000000,21.742126,26.0,98.7938,LOW,0.2,0.005,0.0
1774255109.7517066,465.627,-9999.000000,21.741352,26.0,98.8093,LOW,0.2,0.005,0.0
1774255109.804352,465.680,-9999.000000,21.742126,26.0,98.7938,LOW,0.2,0.005,0.0
1774255109.8642485,465.740,-9999.000000,21.745617,26.0,98.7240,LOW,0.2,0.005,0.0
1774255109.9146478,465.790,-9999.000000,21.744067,26.0,98.7550,LOW,0.2,0.005,0.0
1774255109.9846668,465.860,-9999.000000,21.740962,26.0,98.8171,LOW,0.2,0.005,0.0
1774255110.0714138,465.947,-9999.000000,21.743677,26.0,98.7628,LOW,0.2,0.005,0.0
1774255110.1201437,465.996,-9999.000000,21.742513,26.0,98.7861,LOW,0.2,0.005,0.0
1774255110.1762543,466.052,-9999.000000,21.745617,26.0,98.7240,LOW,0.2,0.005,0.0
1774255110.264463,466.140,-9999.000000,21.741352,26.0,98.8093,LOW,0.2,0.005,0.0
1774255110.3145676,466.190,-9999.000000,21.744841,26.0,98.7396,LOW,0.2,0.005,0.0
1774255110.3700175,466.246,-9999.000000,21.742513,26.0,98.7861,LOW,0.2,0.005,0.0
1774255110.457304,466.333,-9999.000000,21.744067,26.0,98.7550,LOW,0.2,0.005,0.0
1774255110.5164137,466.392,-9999.000000,21.742513,26.0,98.7861,LOW,0.2,0.005,0.0
1774255110.5764651,466.452,-9999.000000,21.746391,26.0,98.7085,LOW,0.2,0.005,0.0
1774255110.644827,466.520,-9999.000000,21.745228,26.0,98.7318,LOW,0.2,0.005,0.0
1774255110.717411,466.593,-9999.000000,21.739801,26.0,98.8403,LOW,0.2,0.005,0.0
1774255110.8146565,466.690,-9999.000000,21.740188,26.0,98.8326,LOW,0.2,0.005,0.0
1774255110.876677,466.752,-9999.000000,21.746004,26.0,98.7163,LOW,0.2,0.005,0.0
1774255110.934548,466.810,-9999.000000,21.745228,26.0,98.7318,LOW,0.2,0.005,0.0
1774255111.0143418,466.890,-9999.000000,21.743677,26.0,98.7628,LOW,0.2,0.005,0.0
1774255111.0843422,466.960,-9999.000000,21.739801,26.0,98.8403,LOW,0.2,0.005,0.0
1774255111.184603,467.060,-9999.000000,21.740188,26.0,98.8326,LOW,0.2,0.005,0.0
1774255111.2547305,467.130,-9999.000000,21.746004,26.0,98.7163,LOW,0.2,0.005,0.0
1774255111.3047285,467.180,-9999.000000,21.744454,26.0,98.7473,LOW,0.2,0.005,0.0
1774255111.3937216,467.269,-9999.000000,21.744841,26.0,98.7396,LOW,0.2,0.005,0.0
1774255111.4389796,467.315,-9999.000000,21.745228,26.0,98.7318,LOW,0.2,0.005,0.0
1774255111.494448,467.370,-9999.000000,21.738637,26.0,98.8636,LOW,0.2,0.005,0.0
1774255111.571186,467.447,-9999.000000,21.741739,26.0,98.8016,LOW,0.2,0.005,0.0
1774255111.6342905,467.510,-9999.000000,21.744841,26.0,98.7396,LOW,0.2,0.005,0.0
1774255111.7046795,467.580,-9999.000000,21.740575,26.0,98.8249,LOW,0.2,0.005,0.0
1774255111.7944722,467.670,-9999.000000,21.738250,26.0,98.8714,LOW,0.2,0.005,0.0
1774255111.883899,467.759,-9999.000000,21.739411,26.0,98.8481,LOW,0.2,0.005,0.0
1774255111.9349616,467.811,-9999.000000,21.738637,26.0,98.8636,LOW,0.2,0.005,0.0
1774255111.986523,467.862,-9999.000000,21.744067,26.0,98.7550,LOW,0.2,0.005,0.0
1774255112.0746472,467.950,-9999.000000,21.745228,26.0,98.7318,LOW,0.2,0.005,0.0
1774255112.1373622,468.013,-9999.000000,21.739024,26.0,98.8559,LOW,0.2,0.005,0.0
1774255112.204748,468.080,-9999.000000,21.738637,26.0,98.8636,LOW,0.2,0.005,0.0
1774255112.254416,468.130,-9999.000000,21.744454,26.0,98.7473,LOW,0.2,0.005,0.0
1774255112.316275,468.192,-9999.000000,21.739411,26.0,98.8481,LOW,0.2,0.005,0.0
1774255112.3786561,468.254,-9999.000000,21.744454,26.0,98.7473,LOW,0.2,0.005,0.0
1774255112.4348276,468.310,-9999.000000,21.738250,26.0,98.8714,LOW,0.2,0.005,0.0
1774255112.5204833,468.396,-9999.000000,21.739024,26.0,98.8559,LOW,0.2,0.005,0.0
1774255112.5838842,468.459,-9999.000000,21.739411,26.0,98.8481,LOW,0.2,0.005,0.0
1774255112.6375494,468.513,-9999.000000,21.740575,26.0,98.8249,LOW,0.2,0.005,0.0
1774255112.7116134,468.587,-9999.000000,21.744454,26.0,98.7473,LOW,0.2,0.005,0.0
1774255112.7947133,468.670,-9999.000000,21.737860,26.0,98.8792,LOW,0.2,0.005,0.0
1774255112.8647814,468.740,-9999.000000,21.740575,26.0,98.8249,LOW,0.2,0.005,0.0
1774255112.93432,468.810,-9999.000000,21.736696,26.0,98.9024,LOW,0.2,0.005,0.0
1774255113.0047176,468.880,-9999.000000,21.742903,26.0,98.7783,LOW,0.2,0.005,0.0
1774255113.0774713,468.953,-9999.000000,21.741739,26.0,98.8016,LOW,0.2,0.005,0.0
1774255113.1463678,469.022,-9999.000000,21.737086,26.0,98.8946,LOW,0.2,0.005,0.0
1774255113.2496543,469.125,-9999.000000,21.737086,26.0,98.8946,LOW,0.2,0.005,0.0
1774255113.3145957,469.190,-9999.000000,21.740188,26.0,98.8326,LOW,0.2,0.005,0.0
1774255113.3875268,469.263,-9999.000000,21.736696,26.0,98.9024,LOW,0.2,0.005,0.0
1774255113.4535437,469.329,-9999.000000,21.736309,26.0,98.9102,LOW,0.2,0.005,0.0
1774255113.51488,469.390,-9999.000000,21.737086,26.0,98.8946,LOW,0.2,0.005,0.0
1774255113.574486,469.450,-9999.000000,21.740962,26.0,98.8171,LOW,0.2,0.005,0.0
1774255113.6343522,469.510,-9999.000000,21.737086,26.0,98.8946,LOW,0.2,0.005,0.0
1774255113.6946485,469.570,-9999.000000,21.740575,26.0,98.8249,LOW,0.2,0.005,0.0
1774255113.75632,469.632,-9999.000000,21.739411,26.0,98.8481,LOW,0.2,0.005,0.0
1774255113.814742,469.690,-9999.000000,21.741352,26.0,98.8093,LOW,0.2,0.005,0.0
1774255113.8745303,469.750,-9999.000000,21.742126,26.0,98.7938,LOW,0.2,0.005,0.0
1774255113.937387,469.813,-9999.000000,21.735922,26.0,98.9179,LOW,0.2,0.005,0.0
1774255114.006207,469.882,-9999.000000,21.738637,26.0,98.8636,LOW,0.2,0.005,0.0
1774255114.064555,469.940,-9999.000000,21.740188,26.0,98.8326,LOW,0.2,0.005,0.0
1774255114.1145477,469.990,-9999.000000,21.737473,26.0,98.8869,LOW,0.2,0.005,0.0
1774255114.2047818,470.080,-9999.000000,21.738637,26.0,98.8636,LOW,0.2,0.005,0.0
1774255114.2646656,470.140,-9999.000000,21.740188,26.0,98.8326,LOW,0.2,0.005,0.0
1774255114.3369758,470.213,-9999.000000,21.735922,26.0,98.9179,LOW,0.2,0.005,0.0
1774255114.4044511,470.280,-9999.000000,21.735922,26.0,98.9179,LOW,0.2,0.005,0.0
1774255114.4847088,470.360,-9999.000000,21.736696,26.0,98.9024,LOW,0.2,0.005,0.0
1774255114.5753474,470.451,-9999.000000,21.740962,26.0,98.8171,LOW,0.2,0.005,0.0
1774255114.6373074,470.513,-9999.000000,21.735535,26.0,98.9257,LOW,0.2,0.005,0.0
1774255114.7075613,470.583,-9999.000000,21.738250,26.0,98.8714,LOW,0.2,0.005,0.0
1774255114.7648811,470.640,-9999.000000,21.735145,26.0,98.9335,LOW,0.2,0.005,0.0
1774255114.8262084,470.702,-9999.000000,21.740188,26.0,98.8326,LOW,0.2,0.005,0.0
1774255114.8844953,470.760,-9999.000000,21.736696,26.0,98.9024,LOW,0.2,0.005,0.0
1774255114.9448984,470.820,-9999.000000,21.740575,26.0,98.8249,LOW,0.2,0.005,0.0
1774255115.0278647,470.903,-9999.000000,21.739411,26.0,98.8481,LOW,0.2,0.005,0.0
1774255115.0769558,470.953,-9999.000000,21.740962,26.0,98.8171,LOW,0.2,0.005,0.0
1774255115.134422,471.010,-9999.000000,21.735145,26.0,98.9335,LOW,0.2,0.005,0.0
1774255115.2193618,471.095,-9999.000000,21.735922,26.0,98.9179,LOW,0.2,0.005,0.0
1774255115.2664368,471.142,-9999.000000,21.735145,26.0,98.9335,LOW,0.2,0.005,0.0
1774255115.3245142,471.200,-9999.000000,21.740575,26.0,98.8249,LOW,0.2,0.005,0.0
1774255115.394632,471.270,-9999.000000,21.739411,26.0,98.8481,LOW,0.2,0.005,0.0
1774255115.464769,471.340,-9999.000000,21.739801,26.0,98.8403,LOW,0.2,0.005,0.0
1774255115.5356493,471.411,-9999.000000,21.734758,26.0,98.9412,LOW,0.2,0.005,0.0
1774255115.6043158,471.480,-9999.000000,21.740188,26.0,98.8326,LOW,0.2,0.005,0.0
1774255115.70763,471.583,-9999.000000,21.737860,26.0,98.8792,LOW,0.2,0.005,0.0
1774255115.794662,471.670,-9999.000000,21.739801,26.0,98.8403,LOW,0.2,0.005,0.0
1774255115.8545957,471.730,-9999.000000,21.735535,26.0,98.9257,LOW,0.2,0.005,0.0
1774255115.9243429,471.800,-9999.000000,21.737086,26.0,98.8946,LOW,0.2,0.005,0.0
1774255115.981882,471.857,-9999.000000,21.737860,26.0,98.8792,LOW,0.2,0.005,0.0
1774255116.0563962,471.932,-9999.000000,21.738250,26.0,98.8714,LOW,0.2,0.005,0.0
1774255116.114613,471.990,-9999.000000,21.735922,26.0,98.9179,LOW,0.2,0.005,0.0
1774255116.174298,472.050,-9999.000000,21.735535,26.0,98.9257,LOW,0.2,0.005,0.0
1774255116.22484,472.100,-9999.000000,21.737473,26.0,98.8869,LOW,0.2,0.005,0.0
1774255116.286546,472.162,-9999.000000,21.735922,26.0,98.9179,LOW,0.2,0.005,0.0
1774255116.3484378,472.224,-9999.000000,21.738250,26.0,98.8714,LOW,0.2,0.005,0.0
1774255116.4059234,472.281,-9999.000000,21.734372,26.0,98.9489,LOW,0.2,0.005,0.0
1774255116.4936476,472.369,-9999.000000,21.739024,26.0,98.8559,LOW,0.2,0.005,0.0
1774255116.5545049,472.430,-9999.000000,21.735145,26.0,98.9335,LOW,0.2,0.005,0.0
1774255116.6539612,472.530,-9999.000000,21.732821,26.0,98.9800,LOW,0.2,0.005,0.0
1774255116.706166,472.582,-9999.000000,21.736696,26.0,98.9024,LOW,0.2,0.005,0.0
1774255116.7938867,472.669,-9999.000000,21.738250,26.0,98.8714,LOW,0.2,0.005,0.0
1774255116.8563457,472.732,-9999.000000,21.734758,26.0,98.9412,LOW,0.2,0.005,0.0
1774255116.9245465,472.800,-9999.000000,21.739024,26.0,98.8559,LOW,0.2,0.005,0.0
1774255116.993764,472.869,-9999.000000,21.738250,26.0,98.8714,LOW,0.2,0.005,0.0
1774255117.0844405,472.960,-9999.000000,21.736696,26.0,98.9024,LOW,0.2,0.005,0.0
1774255117.154512,473.030,-9999.000000,21.732044,26.0,98.9955,LOW,0.2,0.005,0.0
1774255117.2243328,473.100,-9999.000000,21.738637,26.0,98.8636,LOW,0.2,0.005,0.0
1774255117.2943485,473.170,-9999.000000,21.735535,26.0,98.9257,LOW,0.2,0.005,0.0
1774255117.3645837,473.240,-9999.000000,21.732431,26.0,98.9877,LOW,0.2,0.005,0.0
1774255117.44235,473.318,-9999.000000,21.737086,26.0,98.8946,LOW,0.2,0.005,0.0
1774255117.537606,473.413,-9999.000000,21.732821,26.0,98.9800,LOW,0.2,0.005,0.0
1774255117.5945325,473.470,-9999.000000,21.739024,26.0,98.8559,LOW,0.2,0.005,0.0
1774255117.664629,473.540,-9999.000000,21.731657,26.0,99.0032,LOW,0.2,0.005,0.0
1774255117.7285779,473.604,-9999.000000,21.737473,26.0,98.8869,LOW,0.2,0.005,0.0
1774255117.7969494,473.673,-9999.000000,21.736309,26.0,98.9102,LOW,0.2,0.005,0.0
1774255117.8676639,473.743,-9999.000000,21.731657,26.0,99.0032,LOW,0.2,0.005,0.0
1774255117.964697,473.840,-9999.000000,21.734372,26.0,98.9489,LOW,0.2,0.005,0.0
1774255118.0247896,473.900,-9999.000000,21.736309,26.0,98.9102,LOW,0.2,0.005,0.0
1774255118.096607,473.972,-9999.000000,21.733208,26.0,98.9722,LOW,0.2,0.005,0.0
1774255118.1642678,474.040,-9999.000000,21.735535,26.0,98.9257,LOW,0.2,0.005,0.0
1774255118.224762,474.100,-9999.000000,21.736309,26.0,98.9102,LOW,0.2,0.005,0.0
1774255118.404259,474.280,-9999.000000,21.730493,26.0,99.0265,LOW,0.2,0.005,0.0
1774255118.464509,474.340,-9999.000000,21.734372,26.0,98.9489,LOW,0.2,0.005,0.0
1774255118.524585,474.400,-9999.000000,21.733985,26.0,98.9567,LOW,0.2,0.005,0.0
1774255118.5742915,474.450,-9999.000000,21.735922,26.0,98.9179,LOW,0.2,0.005,0.0
1774255118.6476457,474.523,-9999.000000,21.736309,26.0,98.9102,LOW,0.2,0.005,0.0
1774255118.704521,474.580,-9999.000000,21.735922,26.0,98.9179,LOW,0.2,0.005,0.0
1774255118.7673345,474.643,-9999.000000,21.729329,26.0,99.0498,LOW,0.2,0.005,0.0
1774255118.8356273,474.711,-9999.000000,21.730106,26.0,99.0342,LOW,0.2,0.005,0.0
1774255118.8942823,474.770,-9999.000000,21.731270,26.0,99.0110,LOW,0.2,0.005,0.0
1774255118.9641814,474.840,-9999.000000,21.735922,26.0,98.9179,LOW,0.2,0.005,0.0
1774255119.0268853,474.902,-9999.000000,21.736309,26.0,98.9102,LOW,0.2,0.005,0.0
1774255119.084308,474.960,-9999.000000,21.731657,26.0,99.0032,LOW,0.2,0.005,0.0
1774255119.1466527,475.022,-9999.000000,21.734372,26.0,98.9489,LOW,0.2,0.005,0.0
1774255119.2161386,475.092,-9999.000000,21.728555,26.0,99.0653,LOW,0.2,0.005,0.0
1774255119.264292,475.140,-9999.000000,21.732044,26.0,98.9955,LOW,0.2,0.005,0.0
1774255119.3276742,475.203,-9999.000000,21.733985,26.0,98.9567,LOW,0.2,0.005,0.0
1774255119.3846772,475.260,-9999.000000,21.734372,26.0,98.9489,LOW,0.2,0.005,0.0
1774255119.4578996,475.333,-9999.000000,21.732044,26.0,98.9955,LOW,0.2,0.005,0.0
1774255119.517152,475.393,-9999.000000,21.729329,26.0,99.0498,LOW,0.2,0.005,0.0
1774255119.5843976,475.460,-9999.000000,21.729329,26.0,99.0498,LOW,0.2,0.005,0.0
1774255119.6444008,475.520,-9999.000000,21.733208,26.0,98.9722,LOW,0.2,0.005,0.0
1774255119.704954,475.581,-9999.000000,21.734372,26.0,98.9489,LOW,0.2,0.005,0.0
1774255119.7749877,475.651,-9999.000000,21.733208,26.0,98.9722,LOW,0.2,0.005,0.0
1774255119.8365614,475.712,-9999.000000,21.728942,26.0,99.0575,LOW,0.2,0.005,0.0
1774255119.906256,475.782,-9999.000000,21.730493,26.0,99.0265,LOW,0.2,0.005,0.0
1774255119.959497,475.835,-9999.000000,21.733595,26.0,98.9645,LOW,0.2,0.005,0.0
1774255120.026268,475.902,-9999.000000,21.731657,26.0,99.0032,LOW,0.2,0.005,0.0
1774255120.0962596,475.972,-9999.000000,21.733208,26.0,98.9722,LOW,0.2,0.005,0.0
1774255120.1548653,476.030,-9999.000000,21.733208,26.0,98.9722,LOW,0.2,0.005,0.0
1774255120.2143006,476.090,-9999.000000,21.729719,26.0,99.0420,LOW,0.2,0.005,0.0
1774255120.2860858,476.162,-9999.000000,21.728168,26.0,99.0730,LOW,0.2,0.005,0.0
1774255120.3458922,476.221,-9999.000000,21.731270,26.0,99.0110,LOW,0.2,0.005,0.0
1774255120.4045427,476.280,-9999.000000,21.732431,26.0,98.9877,LOW,0.2,0.005,0.0
1774255120.474964,476.351,-9999.000000,21.730880,26.0,99.0188,LOW,0.2,0.005,0.0
1774255120.5360863,476.412,-9999.000000,21.727391,26.0,99.0885,LOW,0.2,0.005,0.0
1774255120.5942173,476.470,-9999.000000,21.730880,26.0,99.0188,LOW,0.2,0.005,0.0
1774255120.6642022,476.540,-9999.000000,21.732431,26.0,98.9877,LOW,0.2,0.005,0.0
1774255120.7175012,476.593,-9999.000000,21.728555,26.0,99.0653,LOW,0.2,0.005,0.0
1774255120.7879448,476.664,-9999.000000,21.730880,26.0,99.0188,LOW,0.2,0.005,0.0
1774255120.854592,476.730,-9999.000000,21.727004,26.0,99.0963,LOW,0.2,0.005,0.0
1774255120.9142313,476.790,-9999.000000,21.727391,26.0,99.0885,LOW,0.2,0.005,0.0
1774255120.984689,476.860,-9999.000000,21.728942,26.0,99.0575,LOW,0.2,0.005,0.0
1774255121.0464501,476.922,-9999.000000,21.732431,26.0,98.9877,LOW,0.2,0.005,0.0
1774255121.0942667,476.970,-9999.000000,21.732821,26.0,98.9800,LOW,0.2,0.005,0.0
1774255121.1547508,477.030,-9999.000000,21.729329,26.0,99.0498,LOW,0.2,0.005,0.0
1774255121.2145083,477.090,-9999.000000,21.727004,26.0,99.0963,LOW,0.2,0.005,0.0
1774255121.2848513,477.160,-9999.000000,21.727004,26.0,99.0963,LOW,0.2,0.005,0.0
