Timestamp_Unix,Time_Elapsed_s,Primary_Temp_C,Secondary_Temp_C,Setpoint_C,Duty_Cycle_Pct,Control_Mode,KP,KI,KD
1774496637.2472737,0.210,-9999.000000,22.537859,30.0,100.0000,LOW,0.2,0.005,0.0
1774496637.3271337,0.290,-9999.000000,22.535135,30.0,100.0000,LOW,0.2,0.005,0.0
1774496637.4057178,0.369,-9999.000000,22.533580,30.0,100.0000,LOW,0.2,0.005,0.0
1774496637.4882116,0.451,-9999.000000,22.531633,30.0,100.0000,LOW,0.2,0.005,0.0
1774496637.5863383,0.549,-9999.000000,22.530077,30.0,100.0000,LOW,0.2,0.005,0.0
1774496637.667086,0.630,-9999.000000,22.529301,30.0,100.0000,LOW,0.2,0.005,0.0
1774496637.7347023,0.698,-9999.000000,22.526966,30.0,100.0000,LOW,0.2,0.005,0.0
1774496637.8282135,0.791,-9999.000000,22.527354,30.0,100.0000,LOW,0.2,0.005,0.0
1774496637.8948529,0.858,-9999.000000,22.526966,30.0,100.0000,LOW,0.2,0.005,0.0
1774496637.9623117,0.925,-9999.000000,22.527354,30.0,100.0000,LOW,0.2,0.005,0.0
1774496638.0237582,0.987,-9999.000000,22.526578,30.0,100.0000,LOW,0.2,0.005,0.0
1774496638.0979981,1.061,-9999.000000,22.526966,30.0,100.0000,LOW,0.2,0.005,0.0
1774496638.1650386,1.128,-9999.000000,22.528134,30.0,100.0000,LOW,0.2,0.005,0.0
1774496638.2225275,1.185,-9999.000000,22.529689,30.0,100.0000,LOW,0.2,0.005,0.0
1774496638.2882612,1.251,-9999.000000,22.531633,30.0,100.0000,LOW,0.2,0.005,0.0
1774496638.3563144,1.319,-9999.000000,22.533580,30.0,100.0000,LOW,0.2,0.005,0.0
1774496638.4157984,1.379,-9999.000000,22.535912,30.0,100.0000,LOW,0.2,0.005,0.0
1774496638.4825454,1.445,-9999.000000,22.538635,30.0,100.0000,LOW,0.2,0.005,0.0
1774496638.5402937,1.503,-9999.000000,22.541358,30.0,100.0000,LOW,0.2,0.005,0.0
1774496638.604704,1.568,-9999.000000,22.543693,30.0,100.0000,LOW,0.2,0.005,0.0
1774496638.6616316,1.624,-9999.000000,22.546416,30.0,100.0000,LOW,0.2,0.005,0.0
1774496638.7279258,1.691,-9999.000000,22.550695,30.0,100.0000,LOW,0.2,0.005,0.0
1774496638.7828157,1.746,-9999.000000,22.554583,30.0,100.0000,LOW,0.2,0.005,0.0
1774496638.842941,1.806,-9999.000000,22.558862,30.0,100.0000,LOW,0.2,0.005,0.0
1774496638.9073884,1.870,-9999.000000,22.563921,30.0,100.0000,LOW,0.2,0.005,0.0
1774496638.9698033,1.933,-9999.000000,22.567809,30.0,100.0000,LOW,0.2,0.005,0.0
1774496639.0316615,1.994,-9999.000000,22.572480,30.0,100.0000,LOW,0.2,0.005,0.0
1774496639.0945206,2.057,-9999.000000,22.578315,30.0,100.0000,LOW,0.2,0.005,0.0
1774496639.1554124,2.118,-9999.000000,22.584151,30.0,100.0000,LOW,0.2,0.005,0.0
1774496639.2156084,2.178,-9999.000000,22.589598,30.0,100.0000,LOW,0.2,0.005,0.0
1774496639.284418,2.247,-9999.000000,22.595434,30.0,100.0000,LOW,0.2,0.005,0.0
1774496639.3600028,2.323,-9999.000000,22.603991,30.0,100.0000,LOW,0.2,0.005,0.0
1774496639.4553728,2.418,-9999.000000,22.614107,30.0,100.0000,LOW,0.2,0.005,0.0
1774496639.5245464,2.487,-9999.000000,22.622279,30.0,100.0000,LOW,0.2,0.005,0.0
1774496639.578231,2.541,-9999.000000,22.629284,30.0,100.0000,LOW,0.2,0.005,0.0
1774496639.6434252,2.606,-9999.000000,22.636289,30.0,100.0000,LOW,0.2,0.005,0.0
1774496639.7119226,2.675,-9999.000000,22.646406,30.0,100.0000,LOW,0.2,0.005,0.0
1774496639.7673187,2.730,-9999.000000,22.651464,30.0,100.0000,LOW,0.2,0.005,0.0
1774496639.8302147,2.793,-9999.000000,22.659249,30.0,100.0000,LOW,0.2,0.005,0.0
1774496639.9001544,2.863,-9999.000000,22.668588,30.0,100.0000,LOW,0.2,0.005,0.0
1774496639.956714,2.920,-9999.000000,22.677151,30.0,100.0000,LOW,0.2,0.005,0.0
1774496640.0174105,2.980,-9999.000000,22.686102,30.0,100.0000,LOW,0.2,0.005,0.0
1774496640.0807161,3.044,-9999.000000,22.695054,30.0,100.0000,LOW,0.2,0.005,0.0
1774496640.140797,3.104,-9999.000000,22.704009,30.0,100.0000,LOW,0.2,0.005,0.0
1774496640.2031283,3.166,-9999.000000,22.713350,30.0,100.0000,LOW,0.2,0.005,0.0
1774496640.2697659,3.233,-9999.000000,22.723471,30.0,100.0000,LOW,0.2,0.005,0.0
1774496640.3287222,3.292,-9999.000000,22.732816,30.0,100.0000,LOW,0.2,0.005,0.0
1774496640.3956094,3.358,-9999.000000,22.743715,30.0,100.0000,LOW,0.2,0.005,0.0
1774496640.4540107,3.417,-9999.000000,22.753449,30.0,100.0000,LOW,0.2,0.005,0.0
1774496640.519434,3.482,-9999.000000,22.764349,30.0,100.0000,LOW,0.2,0.005,0.0
1774496640.5851588,3.548,-9999.000000,22.775641,30.0,100.0000,LOW,0.2,0.005,0.0
1774496640.6462388,3.609,-9999.000000,22.785765,30.0,100.0000,LOW,0.2,0.005,0.0
1774496640.7116847,3.675,-9999.000000,22.797059,30.0,100.0000,LOW,0.2,0.005,0.0
1774496640.7770119,3.740,-9999.000000,22.807572,30.0,100.0000,LOW,0.2,0.005,0.0
1774496640.8448668,3.808,-9999.000000,22.820424,30.0,100.0000,LOW,0.2,0.005,0.0
1774496640.9087222,3.872,-9999.000000,22.831331,30.0,100.0000,LOW,0.2,0.005,0.0
1774496640.9715233,3.934,-9999.000000,22.843404,30.0,100.0000,LOW,0.2,0.005,0.0
1774496641.0317903,3.995,-9999.000000,22.853531,30.0,100.0000,LOW,0.2,0.005,0.0
1774496641.089216,4.052,-9999.000000,22.864828,30.0,100.0000,LOW,0.2,0.005,0.0
1774496641.1532123,4.116,-9999.000000,22.876903,30.0,100.0000,LOW,0.2,0.005,0.0
1774496641.212274,4.175,-9999.000000,22.887812,30.0,100.0000,LOW,0.2,0.005,0.0
1774496641.5708308,4.534,-9999.000000,22.957168,30.0,100.0000,LOW,0.2,0.005,0.0
1774496641.7062666,4.669,-9999.000000,22.985227,30.0,100.0000,LOW,0.2,0.005,0.0
1774496641.834614,4.797,-9999.000000,23.011731,30.0,100.0000,LOW,0.2,0.005,0.0
1774496641.9604533,4.923,-9999.000000,23.037461,30.0,100.0000,LOW,0.2,0.005,0.0
1774496642.0883458,5.051,-9999.000000,23.064753,30.0,100.0000,LOW,0.2,0.005,0.0
1774496642.2268836,5.190,-9999.000000,23.093997,30.0,100.0000,LOW,0.2,0.005,0.0
1774496642.3508184,5.314,-9999.000000,23.120125,30.0,100.0000,LOW,0.2,0.005,0.0
1774496642.479934,5.443,-9999.000000,23.149770,30.0,100.0000,LOW,0.2,0.005,0.0
1774496642.608382,5.571,-9999.000000,23.177855,30.0,100.0000,LOW,0.2,0.005,0.0
1774496642.734221,5.697,-9999.000000,23.205944,30.0,100.0000,LOW,0.2,0.005,0.0
1774496642.8651752,5.828,-9999.000000,23.235209,30.0,100.0000,LOW,0.2,0.005,0.0
1774496642.9980457,5.961,-9999.000000,23.265649,30.0,100.0000,LOW,0.2,0.005,0.0
1774496643.135728,6.099,-9999.000000,23.297265,30.0,100.0000,LOW,0.2,0.005,0.0
1774496643.2665043,6.229,-9999.000000,23.327715,30.0,100.0000,LOW,0.2,0.005,0.0
1774496643.3975797,6.360,-9999.000000,23.358561,30.0,100.0000,LOW,0.2,0.005,0.0
1774496643.53256,6.495,-9999.000000,23.390972,30.0,100.0000,LOW,0.2,0.005,0.0
1774496643.9334,6.896,-9999.000000,23.487067,30.0,100.0000,LOW,0.2,0.005,0.0
1774496644.0802362,7.043,-9999.000000,23.522628,30.0,100.0000,LOW,0.2,0.005,0.0
1774496644.228478,7.191,-9999.000000,23.559366,30.0,100.0000,LOW,0.2,0.005,0.0
1774496644.374012,7.337,-9999.000000,23.594938,30.0,100.0000,LOW,0.2,0.005,0.0
1774496644.5161011,7.479,-9999.000000,23.628955,30.0,100.0000,LOW,0.2,0.005,0.0
1774496644.6496787,7.613,-9999.000000,23.662196,30.0,100.0000,LOW,0.2,0.005,0.0
1774496644.7689571,7.732,-9999.000000,23.691920,30.0,100.0000,LOW,0.2,0.005,0.0
1774496644.8886602,7.851,-9999.000000,23.722042,30.0,100.0000,LOW,0.2,0.005,0.0
1774496645.0096178,7.972,-9999.000000,23.750211,30.0,100.0000,LOW,0.2,0.005,0.0
1774496645.1334429,8.096,-9999.000000,23.782692,30.0,100.0000,LOW,0.2,0.005,0.0
1774496645.2617378,8.225,-9999.000000,23.814392,30.0,100.0000,LOW,0.2,0.005,0.0
1774496645.3867214,8.350,-9999.000000,23.844534,30.0,100.0000,LOW,0.2,0.005,0.0
1774496645.5137045,8.477,-9999.000000,23.875857,30.0,100.0000,LOW,0.2,0.005,0.0
1774496645.6377127,8.601,-9999.000000,23.907967,30.0,100.0000,LOW,0.2,0.005,0.0
1774496645.762396,8.725,-9999.000000,23.938123,30.0,100.0000,LOW,0.2,0.005,0.0
1774496645.886247,8.849,-9999.000000,23.969462,30.0,100.0000,LOW,0.2,0.005,0.0
1774496646.0107265,8.974,-9999.000000,24.000804,30.0,100.0000,LOW,0.2,0.005,0.0
1774496646.1381626,9.101,-9999.000000,24.032155,30.0,100.0000,LOW,0.2,0.005,0.0
1774496646.2624888,9.225,-9999.000000,24.063117,30.0,100.0000,LOW,0.2,0.005,0.0
1774496646.38898,9.352,-9999.000000,24.094088,30.0,100.0000,LOW,0.2,0.005,0.0
1774496646.5117352,9.475,-9999.000000,24.123884,30.0,100.0000,LOW,0.2,0.005,0.0
1774496646.6566186,9.619,-9999.000000,24.161531,30.0,100.0000,LOW,0.2,0.005,0.0
1774496646.7816741,9.745,-9999.000000,24.191339,30.0,100.0000,LOW,0.2,0.005,0.0
1774496646.9156127,9.878,-9999.000000,24.223903,30.0,100.0000,LOW,0.2,0.005,0.0
1774496647.0416577,10.004,-9999.000000,24.255291,30.0,100.0000,LOW,0.2,0.005,0.0
1774496647.1745849,10.137,-9999.000000,24.288259,30.0,100.0000,LOW,0.2,0.005,0.0
1774496647.3045053,10.267,-9999.000000,24.320446,30.0,100.0000,LOW,0.2,0.005,0.0
1774496647.4318063,10.395,-9999.000000,24.352640,30.0,100.0000,LOW,0.2,0.005,0.0
1774496647.5639076,10.527,-9999.000000,24.384839,30.0,100.0000,LOW,0.2,0.005,0.0
1774496647.6897268,10.653,-9999.000000,24.416654,30.0,100.0000,LOW,0.2,0.005,0.0
1774496647.8087454,10.772,-9999.000000,24.445724,30.0,100.0000,LOW,0.2,0.005,0.0
1774496647.9276526,10.890,-9999.000000,24.475583,30.0,100.0000,LOW,0.2,0.005,0.0
1774496648.0476341,11.010,-9999.000000,24.503484,30.0,100.0000,LOW,0.2,0.005,0.0
1774496648.1718123,11.135,-9999.000000,24.534142,30.0,100.0000,LOW,0.2,0.005,0.0
1774496648.2926679,11.255,-9999.000000,24.564021,30.0,100.0000,LOW,0.2,0.005,0.0
1774496648.415582,11.378,-9999.000000,24.591937,30.0,100.0000,LOW,0.2,0.005,0.0
1774496648.53668,11.500,-9999.000000,24.621432,30.0,100.0000,LOW,0.2,0.005,0.0
1774496648.6566632,11.619,-9999.000000,24.650931,30.0,100.0000,LOW,0.2,0.005,0.0
1774496648.776717,11.740,-9999.000000,24.680437,30.0,100.0000,LOW,0.2,0.005,0.0
1774496648.9007304,11.864,-9999.000000,24.708374,30.0,100.0000,LOW,0.2,0.005,0.0
1774496649.024159,11.987,-9999.000000,24.739467,30.0,100.0000,LOW,0.2,0.005,0.0
1774496649.144302,12.107,-9999.000000,24.767808,30.0,100.0000,LOW,0.2,0.005,0.0
1774496649.266546,12.229,-9999.000000,24.795761,30.0,100.0000,LOW,0.2,0.005,0.0
1774496649.3922806,12.355,-9999.000000,24.826872,30.0,100.0000,LOW,0.2,0.005,0.0
1774496649.5130637,12.476,-9999.000000,24.853260,30.0,100.0000,LOW,0.2,0.005,0.0
1774496649.6414702,12.604,-9999.000000,24.885562,30.0,100.0000,LOW,0.2,0.005,0.0
1774496649.763484,12.726,-9999.000000,24.913537,30.0,100.0000,LOW,0.2,0.005,0.0
1774496649.8886979,12.852,-9999.000000,24.943093,30.0,100.0000,LOW,0.2,0.005,0.0
1774496650.0066786,12.970,-9999.000000,24.970288,30.0,100.0000,LOW,0.2,0.005,0.0
1774496650.121687,13.085,-9999.000000,24.997491,30.0,100.0000,LOW,0.2,0.005,0.0
1774496650.2390807,13.202,-9999.000000,25.023910,30.0,100.0000,LOW,0.2,0.005,0.0
1774496650.3641434,13.327,-9999.000000,25.052303,30.0,100.0000,LOW,0.2,0.005,0.0
1774496650.4796863,13.443,-9999.000000,25.078338,30.0,100.0000,LOW,0.2,0.005,0.0
1774496650.59598,13.559,-9999.000000,25.104770,30.0,100.0000,LOW,0.2,0.005,0.0
1774496650.7188823,13.682,-9999.000000,25.131998,30.0,100.0000,LOW,0.2,0.005,0.0
1774496650.8351383,13.798,-9999.000000,25.161204,30.0,100.0000,LOW,0.2,0.005,0.0
1774496650.9542463,13.917,-9999.000000,25.185282,30.0,100.0000,LOW,0.2,0.005,0.0
1774496651.0756712,14.038,-9999.000000,25.213710,30.0,100.0000,LOW,0.2,0.005,0.0
1774496651.1985471,14.161,-9999.000000,25.239770,30.0,100.0000,LOW,0.2,0.005,0.0
1774496651.3244352,14.287,-9999.000000,25.266629,30.0,100.0000,LOW,0.2,0.005,0.0
1774496651.4556274,14.418,-9999.000000,25.297045,30.0,100.0000,LOW,0.2,0.005,0.0
1774496651.5934374,14.556,-9999.000000,25.327470,30.0,100.0000,LOW,0.2,0.005,0.0
1774496651.7189517,14.682,-9999.000000,25.355529,30.0,100.0000,LOW,0.2,0.005,0.0
1774496651.846749,14.810,-9999.000000,25.383199,30.0,100.0000,LOW,0.2,0.005,0.0
1774496651.973482,14.936,-9999.000000,25.410480,30.0,100.0000,LOW,0.2,0.005,0.0
1774496652.1017735,15.065,-9999.000000,25.437368,30.0,100.0000,LOW,0.2,0.005,0.0
1774496652.2273107,15.190,-9999.000000,25.464262,30.0,100.0000,LOW,0.2,0.005,0.0
1774496652.3518417,15.315,-9999.000000,25.492746,30.0,100.0000,LOW,0.2,0.005,0.0
1774496652.4544802,15.417,-9999.000000,25.512527,30.0,100.0000,LOW,0.2,0.005,0.0
1774496652.552326,15.515,-9999.000000,25.533104,30.0,100.0000,LOW,0.2,0.005,0.0
1774496652.6562421,15.619,-9999.000000,25.558038,30.0,100.0000,LOW,0.2,0.005,0.0
1774496652.7551425,15.718,-9999.000000,25.577039,30.0,100.0000,LOW,0.2,0.005,0.0
1774496652.8604507,15.823,-9999.000000,25.598814,30.0,100.0000,LOW,0.2,0.005,0.0
1774496652.9646997,15.928,-9999.000000,25.620592,30.0,100.0000,LOW,0.2,0.005,0.0
1774496653.06766,16.030,-9999.000000,25.641580,30.0,100.0000,LOW,0.2,0.005,0.0
1774496653.1744978,16.137,-9999.000000,25.664156,30.0,100.0000,LOW,0.2,0.005,0.0
1774496653.2755601,16.238,-9999.000000,25.683965,30.0,100.0000,LOW,0.2,0.005,0.0
1774496653.379099,16.342,-9999.000000,25.706153,30.0,100.0000,LOW,0.2,0.005,0.0
1774496653.4816177,16.444,-9999.000000,25.725569,30.0,100.0000,LOW,0.2,0.005,0.0
1774496653.5818603,16.545,-9999.000000,25.745783,30.0,100.0000,LOW,0.2,0.005,0.0
1774496653.6872854,16.650,-9999.000000,25.767582,30.0,100.0000,LOW,0.2,0.005,0.0
1774496653.7927547,16.756,-9999.000000,25.789783,30.0,100.0000,LOW,0.2,0.005,0.0
1774496653.8942077,16.857,-9999.000000,25.811197,30.0,100.0000,LOW,0.2,0.005,0.0
1774496653.9994593,16.962,-9999.000000,25.831024,30.0,100.0000,LOW,0.2,0.005,0.0
1774496654.1064813,17.069,-9999.000000,25.852049,30.0,100.0000,LOW,0.2,0.005,0.0
1774496654.209062,17.172,-9999.000000,25.872677,30.0,100.0000,LOW,0.2,0.005,0.0
1774496654.315476,17.278,-9999.000000,25.894101,30.0,100.0000,LOW,0.2,0.005,0.0
1774496654.4243546,17.387,-9999.000000,25.914736,30.0,100.0000,LOW,0.2,0.005,0.0
1774496654.526296,17.489,-9999.000000,25.933787,30.0,100.0000,LOW,0.2,0.005,0.0
1774496654.6342828,17.597,-9999.000000,25.956016,30.0,100.0000,LOW,0.2,0.005,0.0
1774496654.737111,17.700,-9999.000000,25.975469,30.0,100.0000,LOW,0.2,0.005,0.0
1774496654.843531,17.806,-9999.000000,25.997705,30.0,100.0000,LOW,0.2,0.005,0.0
1774496654.9524062,17.915,-9999.000000,26.017168,30.0,100.0000,LOW,0.2,0.005,0.0
1774496655.059578,18.022,-9999.000000,26.038219,30.0,100.0000,LOW,0.2,0.005,0.0
1774496655.1625865,18.125,-9999.000000,26.057287,30.0,100.0000,LOW,0.2,0.005,0.0
1774496655.266585,18.229,-9999.000000,26.075960,30.0,100.0000,LOW,0.2,0.005,0.0
1774496655.3786056,18.341,-9999.000000,26.097023,30.0,100.0000,LOW,0.2,0.005,0.0
1774496655.4836664,18.446,-9999.000000,26.116101,30.0,100.0000,LOW,0.2,0.005,0.0
1774496655.5865693,18.549,-9999.000000,26.135578,30.0,100.0000,LOW,0.2,0.005,0.0
1774496655.694704,18.658,-9999.000000,26.156251,30.0,100.0000,LOW,0.2,0.005,0.0
1774496655.7991037,18.762,-9999.000000,26.173747,30.0,100.0000,LOW,0.2,0.005,0.0
1774496655.9073625,18.870,-9999.000000,26.194824,30.0,100.0000,LOW,0.2,0.005,0.0
1774496656.0157113,18.979,-9999.000000,26.214710,30.0,100.0000,LOW,0.2,0.005,0.0
1774496656.1208968,19.084,-9999.000000,26.232214,30.0,100.0000,LOW,0.2,0.005,0.0
1774496656.2264128,19.189,-9999.000000,26.250915,30.0,100.0000,LOW,0.2,0.005,0.0
1774496656.340221,19.303,-9999.000000,26.271607,30.0,100.0000,LOW,0.2,0.005,0.0
1774496656.4488792,19.412,-9999.000000,26.289913,30.0,100.0000,LOW,0.2,0.005,0.0
1774496656.5585086,19.521,-9999.000000,26.310612,30.0,100.0000,LOW,0.2,0.005,0.0
1774496656.6622357,19.625,-9999.000000,26.328129,30.0,100.0000,LOW,0.2,0.005,0.0
1774496656.771757,19.735,-9999.000000,26.346447,30.0,100.0000,LOW,0.2,0.005,0.0
1774496656.8889625,19.852,-9999.000000,26.367552,30.0,100.0000,LOW,0.2,0.005,0.0
1774496656.9991572,19.962,-9999.000000,26.386270,30.0,100.0000,LOW,0.2,0.005,0.0
1774496657.1076567,20.070,-9999.000000,26.403401,30.0,100.0000,LOW,0.2,0.005,0.0
1774496657.221531,20.184,-9999.000000,26.423720,30.0,100.0000,LOW,0.2,0.005,0.0
1774496657.32808,20.291,-9999.000000,26.440455,30.0,100.0000,LOW,0.2,0.005,0.0
1774496657.440041,20.403,-9999.000000,26.458389,30.0,100.0000,LOW,0.2,0.005,0.0
1774496657.553704,20.517,-9999.000000,26.476725,30.0,100.0000,LOW,0.2,0.005,0.0
1774496657.6639714,20.627,-9999.000000,26.495460,30.0,100.0000,LOW,0.2,0.005,0.0
1774496657.7687087,20.732,-9999.000000,26.511806,30.0,100.0000,LOW,0.2,0.005,0.0
1774496657.8830957,20.846,-9999.000000,26.530549,30.0,100.0000,LOW,0.2,0.005,0.0
1774496657.9944503,20.957,-9999.000000,26.548097,30.0,100.0000,LOW,0.2,0.005,0.0
1774496658.1085114,21.071,-9999.000000,26.567244,30.0,100.0000,LOW,0.2,0.005,0.0
1774496658.219851,21.183,-9999.000000,26.584795,30.0,100.0000,LOW,0.2,0.005,0.0
1774496658.331425,21.294,-9999.000000,26.601953,30.0,100.0000,LOW,0.2,0.005,0.0
1774496658.4466383,21.409,-9999.000000,26.620308,30.0,100.0000,LOW,0.2,0.005,0.0
1774496658.5587225,21.522,-9999.000000,26.637869,30.0,100.0000,LOW,0.2,0.005,0.0
1774496658.6723647,21.635,-9999.000000,26.655035,30.0,100.0000,LOW,0.2,0.005,0.0
1774496658.7863827,21.749,-9999.000000,26.673000,30.0,100.0000,LOW,0.2,0.005,0.0
1774496658.9027653,21.866,-9999.000000,26.690569,30.0,100.0000,LOW,0.2,0.005,0.0
1774496659.0184126,21.981,-9999.000000,26.708539,30.0,100.0000,LOW,0.2,0.005,0.0
1774496659.1315699,22.094,-9999.000000,26.725313,30.0,100.0000,LOW,0.2,0.005,0.0
1774496659.2432156,22.206,-9999.000000,26.742890,30.0,100.0000,LOW,0.2,0.005,0.0
1774496659.3575015,22.320,-9999.000000,26.759270,30.0,100.0000,LOW,0.2,0.005,0.0
1774496659.494592,22.457,-9999.000000,26.780447,30.0,100.0000,LOW,0.2,0.005,0.0
1774496659.7146618,22.677,-9999.000000,26.812022,30.0,100.0000,LOW,0.2,0.005,0.0
1774496659.8367975,22.800,-9999.000000,26.830809,30.0,100.0000,LOW,0.2,0.005,0.0
1774496659.9569142,22.920,-9999.000000,26.847603,30.0,100.0000,LOW,0.2,0.005,0.0
1774496660.072445,23.035,-9999.000000,26.864397,30.0,100.0000,LOW,0.2,0.005,0.0
1774496660.1899292,23.153,-9999.000000,26.881592,30.0,100.0000,LOW,0.2,0.005,0.0
1774496660.3058512,23.269,-9999.000000,26.897991,30.0,100.0000,LOW,0.2,0.005,0.0
1774496660.4243994,23.387,-9999.000000,26.915194,30.0,100.0000,LOW,0.2,0.005,0.0
1774496660.5414987,23.504,-9999.000000,26.932400,30.0,100.0000,LOW,0.2,0.005,0.0
1774496660.6603765,23.623,-9999.000000,26.947605,30.0,100.0000,LOW,0.2,0.005,0.0
1774496660.77681,23.740,-9999.000000,26.965215,30.0,100.0000,LOW,0.2,0.005,0.0
1774496660.8954353,23.858,-9999.000000,26.982827,30.0,100.0000,LOW,0.2,0.005,0.0
1774496661.0103242,23.973,-9999.000000,26.998438,30.0,100.0000,LOW,0.2,0.005,0.0
1774496661.1269438,24.090,-9999.000000,27.014854,30.0,100.0000,LOW,0.2,0.005,0.0
1774496661.2464328,24.209,-9999.000000,27.032474,30.0,100.0000,LOW,0.2,0.005,0.0
1774496661.3655734,24.328,-9999.000000,27.048092,30.0,100.0000,LOW,0.2,0.005,0.0
1774496661.483653,24.446,-9999.000000,27.064115,30.0,100.0000,LOW,0.2,0.005,0.0
1774496661.603216,24.566,-9999.000000,27.080540,30.0,100.0000,LOW,0.2,0.005,0.0
1774496661.7224436,24.685,-9999.000000,27.096967,30.0,100.0000,LOW,0.2,0.005,0.0
1774496661.8497083,24.813,-9999.000000,27.115402,30.0,100.0000,LOW,0.2,0.005,0.0
1774496661.9666731,24.930,-9999.000000,27.130632,30.0,100.0000,LOW,0.2,0.005,0.0
1774496662.08212,25.045,-9999.000000,27.146263,30.0,100.0000,LOW,0.2,0.005,0.0
1774496662.200295,25.163,-9999.000000,27.161899,30.0,100.0000,LOW,0.2,0.005,0.0
1774496662.3130822,25.276,-9999.000000,27.177535,30.0,100.0000,LOW,0.2,0.005,0.0
1774496662.4345922,25.397,-9999.000000,27.192776,30.0,100.0000,LOW,0.2,0.005,0.0
1774496662.5467863,25.510,-9999.000000,27.208015,30.0,100.0000,LOW,0.2,0.005,0.0
1774496662.6725624,25.635,-9999.000000,27.225665,30.0,100.0000,LOW,0.2,0.005,0.0
1774496662.810369,25.773,-9999.000000,27.243314,30.0,100.0000,LOW,0.2,0.005,0.0
1774496662.948325,25.911,-9999.000000,27.260168,30.0,100.0000,LOW,0.2,0.005,0.0
1774496663.0834126,26.046,-9999.000000,27.276621,30.0,99.9293,LOW,0.2,0.005,0.0
1774496663.223121,26.186,-9999.000000,27.295083,30.0,99.7490,LOW,0.2,0.005,0.0
1774496663.3670425,26.330,-9999.000000,27.312746,30.0,99.5891,LOW,0.2,0.005,0.0
1774496663.538158,26.501,-9999.000000,27.334829,30.0,99.3755,LOW,0.2,0.005,0.0
1774496663.694586,26.657,-9999.000000,27.351694,30.0,99.2453,LOW,0.2,0.005,0.0
1774496663.854792,26.818,-9999.000000,27.373784,30.0,99.0139,LOW,0.2,0.005,0.0
1774496664.0106268,26.973,-9999.000000,27.393468,30.0,98.8233,LOW,0.2,0.005,0.0
1774496664.1456573,27.108,-9999.000000,27.409539,30.0,98.6768,LOW,0.2,0.005,0.0
1774496664.2854354,27.248,-9999.000000,27.426415,30.0,98.5191,LOW,0.2,0.005,0.0
1774496664.4233968,27.386,-9999.000000,27.442492,30.0,98.3740,LOW,0.2,0.005,0.0
1774496664.5602043,27.523,-9999.000000,27.459373,30.0,98.2102,LOW,0.2,0.005,0.0
1774496664.6991885,27.662,-9999.000000,27.482291,30.0,97.9268,LOW,0.2,0.005,0.0
1774496664.8341043,27.797,-9999.000000,27.500786,30.0,97.7255,LOW,0.2,0.005,0.0
1774496664.9672623,27.930,-9999.000000,27.506015,30.0,97.7869,LOW,0.2,0.005,0.0
1774496665.1032367,28.066,-9999.000000,27.522505,30.0,97.6256,LOW,0.2,0.005,0.0
1774496665.2401433,28.203,-9999.000000,27.538997,30.0,97.4642,LOW,0.2,0.005,0.0
1774496665.377753,28.341,-9999.000000,27.555491,30.0,97.3025,LOW,0.2,0.005,0.0
1774496665.5245743,28.487,-9999.000000,27.588487,30.0,96.8196,LOW,0.2,0.005,0.0
1774496665.6556692,28.618,-9999.000000,27.588083,30.0,96.9858,LOW,0.2,0.005,0.0
1774496665.798938,28.762,-9999.000000,27.617467,30.0,96.5688,LOW,0.2,0.005,0.0
1774496665.9367187,28.900,-9999.000000,27.620687,30.0,96.6683,LOW,0.2,0.005,0.0
1774496666.0692275,29.032,-9999.000000,27.635583,30.0,96.5270,LOW,0.2,0.005,0.0
1774496666.215818,29.179,-9999.000000,27.653703,30.0,96.3366,LOW,0.2,0.005,0.0
1774496666.3543434,29.317,-9999.000000,27.671423,30.0,96.1435,LOW,0.2,0.005,0.0
1774496666.496836,29.460,-9999.000000,27.684314,30.0,96.0507,LOW,0.2,0.005,0.0
1774496666.636762,29.600,-9999.000000,27.698412,30.0,95.9297,LOW,0.2,0.005,0.0
1774496666.778128,29.741,-9999.000000,27.718960,30.0,95.6800,LOW,0.2,0.005,0.0
1774496666.9255204,29.888,-9999.000000,27.731049,30.0,95.6054,LOW,0.2,0.005,0.0
1774496667.0619264,30.025,-9999.000000,27.743946,30.0,95.5013,LOW,0.2,0.005,0.0
1774496667.198143,30.161,-9999.000000,27.758052,30.0,95.3719,LOW,0.2,0.005,0.0
1774496667.3362033,30.299,-9999.000000,27.772968,30.0,95.2274,LOW,0.2,0.005,0.0
1774496667.4761384,30.439,-9999.000000,27.787077,30.0,95.1000,LOW,0.2,0.005,0.0
1774496667.6161265,30.579,-9999.000000,27.799981,30.0,94.9959,LOW,0.2,0.005,0.0
1774496667.7503476,30.713,-9999.000000,27.813692,30.0,94.8684,LOW,0.2,0.005,0.0
1774496667.8917103,30.855,-9999.000000,27.826599,30.0,94.7639,LOW,0.2,0.005,0.0
1774496668.027674,30.991,-9999.000000,27.835068,30.0,94.7417,LOW,0.2,0.005,0.0
1774496668.1668892,31.130,-9999.000000,27.853627,30.0,94.5199,LOW,0.2,0.005,0.0
1774496668.3001437,31.263,-9999.000000,27.866536,30.0,94.4039,LOW,0.2,0.005,0.0
1774496668.4433331,31.406,-9999.000000,27.887117,30.0,94.1435,LOW,0.2,0.005,0.0
1774496668.5826035,31.545,-9999.000000,27.895593,30.0,94.1205,LOW,0.2,0.005,0.0
1774496668.7235234,31.686,-9999.000000,27.907702,30.0,94.0258,LOW,0.2,0.005,0.0
1774496668.8641768,31.827,-9999.000000,27.919003,30.0,93.9461,LOW,0.2,0.005,0.0
1774496669.0037274,31.967,-9999.000000,27.932326,30.0,93.8239,LOW,0.2,0.005,0.0
1774496669.1515005,32.114,-9999.000000,27.944845,30.0,93.7254,LOW,0.2,0.005,0.0
1774496669.2918487,32.255,-9999.000000,27.957362,30.0,93.6184,LOW,0.2,0.005,0.0
1774496669.434822,32.398,-9999.000000,27.969881,30.0,93.5132,LOW,0.2,0.005,0.0
1774496669.576405,32.539,-9999.000000,27.982807,30.0,93.3974,LOW,0.2,0.005,0.0
1774496669.7222924,32.685,-9999.000000,27.993713,30.0,93.3257,LOW,0.2,0.005,0.0
1774496669.8616295,32.824,-9999.000000,28.006642,30.0,93.2059,LOW,0.2,0.005,0.0
1774496670.0053983,32.968,-9999.000000,28.018360,30.0,93.1140,LOW,0.2,0.005,0.0
1774496670.1509972,33.114,-9999.000000,28.030077,30.0,93.0231,LOW,0.2,0.005,0.0
1774496670.2901433,33.253,-9999.000000,28.041394,30.0,92.9330,LOW,0.2,0.005,0.0
1774496670.4369726,33.400,-9999.000000,28.053116,30.0,92.8415,LOW,0.2,0.005,0.0
1774496670.588921,33.552,-9999.000000,28.065243,30.0,92.7460,LOW,0.2,0.005,0.0
1774496670.7390358,33.702,-9999.000000,28.076967,30.0,92.6558,LOW,0.2,0.005,0.0
1774496670.89167,33.854,-9999.000000,28.088690,30.0,92.5672,LOW,0.2,0.005,0.0
1774496671.0403383,34.003,-9999.000000,28.100014,30.0,92.4820,LOW,0.2,0.005,0.0
1774496671.1836693,34.146,-9999.000000,28.110529,30.0,92.4071,LOW,0.2,0.005,0.0
1774496671.3251245,34.288,-9999.000000,28.121448,30.0,92.3216,LOW,0.2,0.005,0.0
1774496671.4701297,34.433,-9999.000000,28.132369,30.0,92.2386,LOW,0.2,0.005,0.0
1774496671.613403,34.576,-9999.000000,28.142483,30.0,92.1694,LOW,0.2,0.005,0.0
1774496671.7649448,34.728,-9999.000000,28.153406,30.0,92.0908,LOW,0.2,0.005,0.0
1774496671.9177217,34.881,-9999.000000,28.164332,30.0,92.0125,LOW,0.2,0.005,0.0
1774496672.0636556,35.026,-9999.000000,28.175258,30.0,91.9272,LOW,0.2,0.005,0.0
1774496672.2088838,35.172,-9999.000000,28.186184,30.0,91.8403,LOW,0.2,0.005,0.0
1774496672.3500354,35.313,-9999.000000,28.195899,30.0,91.7734,LOW,0.2,0.005,0.0
1774496672.4950254,35.458,-9999.000000,28.205209,30.0,91.7173,LOW,0.2,0.005,0.0
1774496672.6420727,35.605,-9999.000000,28.225045,30.0,91.4511,LOW,0.2,0.005,0.0
1774496672.7857265,35.749,-9999.000000,28.221403,30.0,91.6517,LOW,0.2,0.005,0.0
1774496672.9364123,35.899,-9999.000000,28.245697,30.0,91.2979,LOW,0.2,0.005,0.0
1774496673.0846357,36.047,-9999.000000,28.246505,30.0,91.4117,LOW,0.2,0.005,0.0
1774496673.234563,36.197,-9999.000000,28.257035,30.0,91.3318,LOW,0.2,0.005,0.0
1774496673.3846478,36.347,-9999.000000,28.268377,30.0,91.2349,LOW,0.2,0.005,0.0
1774496673.5323207,36.495,-9999.000000,28.277289,30.0,91.1839,LOW,0.2,0.005,0.0
1774496673.6795967,36.642,-9999.000000,28.287417,30.0,91.1074,LOW,0.2,0.005,0.0
1774496673.8265643,36.789,-9999.000000,28.296735,30.0,91.0462,LOW,0.2,0.005,0.0
1774496673.9875367,36.950,-9999.000000,28.307269,30.0,90.9718,LOW,0.2,0.005,0.0
1774496674.1470916,37.110,-9999.000000,28.317805,30.0,90.8953,LOW,0.2,0.005,0.0
1774496674.3079896,37.271,-9999.000000,28.328342,30.0,90.8190,LOW,0.2,0.005,0.0
1774496674.4402025,37.403,-9999.000000,28.351040,30.0,90.4740,LOW,0.2,0.005,0.0
1774496674.57349,37.536,-9999.000000,28.344556,30.0,90.7141,LOW,0.2,0.005,0.0
1774496674.7297227,37.693,-9999.000000,28.355500,30.0,90.6236,LOW,0.2,0.005,0.0
1774496674.9459093,37.909,-9999.000000,28.369284,30.0,90.5242,LOW,0.2,0.005,0.0
1774496675.0342603,37.997,-9999.000000,28.373744,30.0,90.5069,LOW,0.2,0.005,0.0
1774496675.0987844,38.062,-9999.000000,28.378609,30.0,90.4619,LOW,0.2,0.005,0.0
1774496675.1716669,38.134,-9999.000000,28.382260,30.0,90.4478,LOW,0.2,0.005,0.0
1774496675.2286346,38.191,-9999.000000,28.385504,30.0,90.4289,LOW,0.2,0.005,0.0
1774496675.2884417,38.251,-9999.000000,28.388747,30.0,90.4122,LOW,0.2,0.005,0.0
1774496675.347132,38.310,-9999.000000,28.392804,30.0,90.3783,LOW,0.2,0.005,0.0
1774496675.4058886,38.369,-9999.000000,28.381852,30.0,90.6448,LOW,0.2,0.005,0.0
1774496675.4753788,38.438,-9999.000000,28.402536,30.0,90.2867,LOW,0.2,0.005,0.0
1774496675.5379214,38.501,-9999.000000,28.404158,30.0,90.3041,LOW,0.2,0.005,0.0
1774496675.6039767,38.567,-9999.000000,28.407402,30.0,90.2918,LOW,0.2,0.005,0.0
1774496675.661614,38.624,-9999.000000,28.419979,30.0,90.0858,LOW,0.2,0.005,0.0
1774496675.721878,38.685,-9999.000000,28.413486,30.0,90.2635,LOW,0.2,0.005,0.0
1774496675.79165,38.754,-9999.000000,28.418761,30.0,90.2132,LOW,0.2,0.005,0.0
1774496675.845965,38.809,-9999.000000,28.426063,30.0,90.1099,LOW,0.2,0.005,0.0
1774496675.9095502,38.872,-9999.000000,28.425251,30.0,90.1762,LOW,0.2,0.005,0.0
1774496675.9744704,38.937,-9999.000000,28.429308,30.0,90.1460,LOW,0.2,0.005,0.0
1774496676.0454974,39.008,-9999.000000,28.437017,30.0,90.0474,LOW,0.2,0.005,0.0
1774496676.1053398,39.068,-9999.000000,28.428904,30.0,90.2566,LOW,0.2,0.005,0.0
1774496676.1645677,39.127,-9999.000000,28.426063,30.0,90.3600,LOW,0.2,0.005,0.0
1774496676.2239957,39.187,-9999.000000,28.443102,30.0,90.0655,LOW,0.2,0.005,0.0
1774496676.2890458,39.252,-9999.000000,28.446753,30.0,90.0430,LOW,0.2,0.005,0.0
1774496676.3532789,39.316,-9999.000000,28.449594,30.0,90.0360,LOW,0.2,0.005,0.0
1774496676.417887,39.381,-9999.000000,28.454057,30.0,89.9967,LOW,0.2,0.005,0.0
1774496676.4832335,39.446,-9999.000000,28.456898,30.0,89.9903,LOW,0.2,0.005,0.0
1774496676.5401883,39.503,-9999.000000,28.476784,30.0,89.6359,LOW,0.2,0.005,0.0
1774496676.60884,39.572,-9999.000000,28.457303,30.0,90.0785,LOW,0.2,0.005,0.0
1774496676.6733458,39.636,-9999.000000,28.467855,30.0,89.9169,LOW,0.2,0.005,0.0
1774496676.7280345,39.691,-9999.000000,28.471104,30.0,89.8937,LOW,0.2,0.005,0.0
1774496676.7836194,39.746,-9999.000000,28.473942,30.0,89.8794,LOW,0.2,0.005,0.0
1774496676.8536751,39.817,-9999.000000,28.478002,30.0,89.8515,LOW,0.2,0.005,0.0
1774496676.9237113,39.887,-9999.000000,28.481654,30.0,89.8316,LOW,0.2,0.005,0.0
1774496676.9775946,39.940,-9999.000000,28.483685,30.0,89.8318,LOW,0.2,0.005,0.0
1774496677.0337183,39.997,-9999.000000,28.487337,30.0,89.8012,LOW,0.2,0.005,0.0
1774496677.1089392,40.072,-9999.000000,28.491803,30.0,89.7687,LOW,0.2,0.005,0.0
1774496677.1640074,40.127,-9999.000000,28.495458,30.0,89.7370,LOW,0.2,0.005,0.0
1774496677.228529,40.191,-9999.000000,28.497892,30.0,89.7368,LOW,0.2,0.005,0.0
1774496677.2851696,40.248,-9999.000000,28.506013,30.0,89.6166,LOW,0.2,0.005,0.0
1774496677.3474383,40.310,-9999.000000,28.503576,30.0,89.7120,LOW,0.2,0.005,0.0
1774496677.4102623,40.373,-9999.000000,28.508856,30.0,89.6532,LOW,0.2,0.005,0.0
1774496677.474116,40.437,-9999.000000,28.510480,30.0,89.6683,LOW,0.2,0.005,0.0
1774496677.5363078,40.499,-9999.000000,28.513319,30.0,89.6577,LOW,0.2,0.005,0.0
1774496677.5987792,40.562,-9999.000000,28.516975,30.0,89.6309,LOW,0.2,0.005,0.0
1774496677.6544611,40.617,-9999.000000,28.532000,30.0,89.3713,LOW,0.2,0.005,0.0
1774496677.769305,40.732,-9999.000000,28.525503,30.0,89.5859,LOW,0.2,0.005,0.0
1774496677.870738,40.834,-9999.000000,28.547838,30.0,89.2129,LOW,0.2,0.005,0.0
1774496678.0186121,40.981,-9999.000000,28.533624,30.0,89.6056,LOW,0.2,0.005,0.0
1774496678.122524,41.085,-9999.000000,28.544184,30.0,89.4700,LOW,0.2,0.005,0.0
1774496678.2849805,41.248,-9999.000000,28.560023,30.0,89.2702,LOW,0.2,0.005,0.0
1774496678.4500241,41.413,-9999.000000,28.570994,30.0,89.1687,LOW,0.2,0.005,0.0
1774496678.5667734,41.530,-9999.000000,28.566931,30.0,89.3336,LOW,0.2,0.005,0.0
1774496678.699239,41.662,-9999.000000,28.567336,30.0,89.4204,LOW,0.2,0.005,0.0
1774496678.8527284,41.816,-9999.000000,28.579524,30.0,89.2857,LOW,0.2,0.005,0.0
1774496679.0463963,42.009,-9999.000000,28.590497,30.0,89.2027,LOW,0.2,0.005,0.0
1774496679.2370887,42.200,-9999.000000,28.598217,30.0,89.1819,LOW,0.2,0.005,0.0
1774496679.3676262,42.330,-9999.000000,28.603093,30.0,89.1756,LOW,0.2,0.005,0.0
1774496679.5324497,42.495,-9999.000000,28.610409,30.0,89.1438,LOW,0.2,0.005,0.0
1774496679.6141028,42.577,-9999.000000,28.610409,30.0,89.2005,LOW,0.2,0.005,0.0
1774496679.689798,42.653,-9999.000000,28.618537,30.0,89.0903,LOW,0.2,0.005,0.0
1774496679.7653835,42.728,-9999.000000,28.620977,30.0,89.0936,LOW,0.2,0.005,0.0
1774496679.864715,42.828,-9999.000000,28.625448,30.0,89.0724,LOW,0.2,0.005,0.0
1774496679.9348848,42.898,-9999.000000,28.629105,30.0,89.0474,LOW,0.2,0.005,0.0
1774496680.0088654,42.972,-9999.000000,28.628699,30.0,89.1062,LOW,0.2,0.005,0.0
1774496680.109846,43.073,-9999.000000,28.637237,30.0,89.0043,LOW,0.2,0.005,0.0
1774496680.1823678,43.145,-9999.000000,28.639269,30.0,89.0130,LOW,0.2,0.005,0.0
1774496680.2564285,43.219,-9999.000000,28.642927,30.0,88.9901,LOW,0.2,0.005,0.0
1774496680.3601243,43.323,-9999.000000,28.647808,30.0,88.9626,LOW,0.2,0.005,0.0
1774496680.4315171,43.394,-9999.000000,28.651466,30.0,88.9375,LOW,0.2,0.005,0.0
1774496680.5026698,43.465,-9999.000000,28.653498,30.0,88.9448,LOW,0.2,0.005,0.0
1774496680.5849767,43.548,-9999.000000,28.656753,30.0,88.9350,LOW,0.2,0.005,0.0
1774496680.6619787,43.625,-9999.000000,28.661223,30.0,88.8971,LOW,0.2,0.005,0.0
1774496680.737066,43.700,-9999.000000,28.662852,30.0,88.9147,LOW,0.2,0.005,0.0
1774496680.8159919,43.779,-9999.000000,28.666917,30.0,88.8861,LOW,0.2,0.005,0.0
1774496680.9181614,43.881,-9999.000000,28.670984,30.0,88.8726,LOW,0.2,0.005,0.0
1774496680.9868073,43.950,-9999.000000,28.673426,30.0,88.8693,LOW,0.2,0.005,0.0
1774496681.059979,44.023,-9999.000000,28.677084,30.0,88.8445,LOW,0.2,0.005,0.0
1774496681.1377654,44.101,-9999.000000,28.679932,30.0,88.8389,LOW,0.2,0.005,0.0
1774496681.2493496,44.212,-9999.000000,28.686844,30.0,88.7739,LOW,0.2,0.005,0.0
1774496681.3201225,44.283,-9999.000000,28.687253,30.0,88.8122,LOW,0.2,0.005,0.0
1774496681.3965719,44.359,-9999.000000,28.690913,30.0,88.7891,LOW,0.2,0.005,0.0
1774496681.5815964,44.544,-9999.000000,28.699047,30.0,88.7467,LOW,0.2,0.005,0.0
1774496681.7670753,44.730,-9999.000000,28.705558,30.0,88.7366,LOW,0.2,0.005,0.0
1774496681.9695482,44.932,-9999.000000,28.713693,30.0,88.7041,LOW,0.2,0.005,0.0
1774496682.167375,45.130,-9999.000000,28.723051,30.0,88.6432,LOW,0.2,0.005,0.0
1774496682.3453946,45.308,-9999.000000,28.729969,30.0,88.6179,LOW,0.2,0.005,0.0
1774496682.424977,45.388,-9999.000000,28.733630,30.0,88.5951,LOW,0.2,0.005,0.0
1774496682.5036128,45.466,-9999.000000,28.742583,30.0,88.4654,LOW,0.2,0.005,0.0
1774496682.587212,45.550,-9999.000000,28.739734,30.0,88.5751,LOW,0.2,0.005,0.0
1774496682.668974,45.632,-9999.000000,28.748282,30.0,88.4553,LOW,0.2,0.005,0.0
1774496682.7502859,45.713,-9999.000000,28.746248,30.0,88.5470,LOW,0.2,0.005,0.0
1774496682.8343782,45.797,-9999.000000,28.749909,30.0,88.5263,LOW,0.2,0.005,0.0
1774496682.92614,45.889,-9999.000000,28.752353,30.0,88.5347,LOW,0.2,0.005,0.0
1774496683.0133824,45.976,-9999.000000,28.762526,30.0,88.3852,LOW,0.2,0.005,0.0
1774496683.106795,46.070,-9999.000000,28.759680,30.0,88.5001,LOW,0.2,0.005,0.0
1774496683.1918523,46.155,-9999.000000,28.762935,30.0,88.4876,LOW,0.2,0.005,0.0
1774496683.2884223,46.251,-9999.000000,28.773110,30.0,88.3433,LOW,0.2,0.005,0.0
1774496683.3724697,46.335,-9999.000000,28.760898,30.0,88.6396,LOW,0.2,0.005,0.0
1774496683.4633873,46.426,-9999.000000,28.756421,30.0,88.7857,LOW,0.2,0.005,0.0
1774496683.5573986,46.520,-9999.000000,28.776369,30.0,88.4442,LOW,0.2,0.005,0.0
1774496683.642441,46.605,-9999.000000,28.779626,30.0,88.4310,LOW,0.2,0.005,0.0
1774496683.734471,46.697,-9999.000000,28.783695,30.0,88.4056,LOW,0.2,0.005,0.0
1774496683.8188841,46.782,-9999.000000,28.786955,30.0,88.3916,LOW,0.2,0.005,0.0
1774496683.9423733,46.905,-9999.000000,28.791840,30.0,88.3685,LOW,0.2,0.005,0.0
1774496684.05987,47.023,-9999.000000,28.795913,30.0,88.3578,LOW,0.2,0.005,0.0
1774496684.1516867,47.115,-9999.000000,28.797948,30.0,88.3722,LOW,0.2,0.005,0.0
1774496684.2376974,47.201,-9999.000000,28.793469,30.0,88.5137,LOW,0.2,0.005,0.0
1774496684.324782,47.288,-9999.000000,28.802833,30.0,88.3785,LOW,0.2,0.005,0.0
1774496684.4118335,47.375,-9999.000000,28.808129,30.0,88.3245,LOW,0.2,0.005,0.0
1774496684.501212,47.464,-9999.000000,28.811386,30.0,88.3125,LOW,0.2,0.005,0.0
1774496684.5923302,47.555,-9999.000000,28.799576,30.0,88.6034,LOW,0.2,0.005,0.0
1774496684.6845467,47.647,-9999.000000,28.817089,30.0,88.3077,LOW,0.2,0.005,0.0
1774496684.771904,47.735,-9999.000000,28.819937,30.0,88.3022,LOW,0.2,0.005,0.0
1774496684.859418,47.822,-9999.000000,28.822789,30.0,88.2967,LOW,0.2,0.005,0.0
1774496684.9480667,47.911,-9999.000000,28.832972,30.0,88.1448,LOW,0.2,0.005,0.0
1774496685.070752,48.034,-9999.000000,28.829714,30.0,88.2817,LOW,0.2,0.005,0.0
1774496685.1546743,48.118,-9999.000000,28.832566,30.0,88.2737,LOW,0.2,0.005,0.0
1774496685.238138,48.201,-9999.000000,28.852121,30.0,87.9305,LOW,0.2,0.005,0.0
1774496685.326649,48.289,-9999.000000,28.838676,30.0,88.2508,LOW,0.2,0.005,0.0
1774496685.4152825,48.378,-9999.000000,28.842341,30.0,88.2288,LOW,0.2,0.005,0.0
1774496685.5031023,48.466,-9999.000000,28.843564,30.0,88.2551,LOW,0.2,0.005,0.0
1774496685.5982773,48.561,-9999.000000,28.863527,30.0,87.9099,LOW,0.2,0.005,0.0
1774496685.6947453,48.658,-9999.000000,28.851304,30.0,88.2098,LOW,0.2,0.005,0.0
1774496685.786688,48.750,-9999.000000,28.850491,30.0,88.2789,LOW,0.2,0.005,0.0
1774496685.8761747,48.839,-9999.000000,28.857822,30.0,88.1834,LOW,0.2,0.005,0.0
1774496685.9702902,48.933,-9999.000000,28.860268,30.0,88.1881,LOW,0.2,0.005,0.0
1774496686.0618663,49.025,-9999.000000,28.849268,30.0,88.4608,LOW,0.2,0.005,0.0
1774496686.150652,49.113,-9999.000000,28.866787,30.0,88.1607,LOW,0.2,0.005,0.0
1774496686.2337408,49.197,-9999.000000,28.870049,30.0,88.1424,LOW,0.2,0.005,0.0
1774496686.3218281,49.285,-9999.000000,28.865157,30.0,88.2902,LOW,0.2,0.005,0.0
1774496686.4401295,49.403,-9999.000000,28.876569,30.0,88.1285,LOW,0.2,0.005,0.0
1774496686.5170758,49.480,-9999.000000,28.887572,30.0,87.9512,LOW,0.2,0.005,0.0
1774496686.6102774,49.573,-9999.000000,28.882275,30.0,88.1092,LOW,0.2,0.005,0.0
1774496686.6975691,49.660,-9999.000000,28.885942,30.0,88.0845,LOW,0.2,0.005,0.0
1774496686.7871847,49.750,-9999.000000,28.896946,30.0,87.9139,LOW,0.2,0.005,0.0
1774496686.8738368,49.837,-9999.000000,28.891648,30.0,88.0678,LOW,0.2,0.005,0.0
1774496686.9615834,49.924,-9999.000000,28.894502,30.0,88.0592,LOW,0.2,0.005,0.0
1774496687.0502744,50.013,-9999.000000,28.897355,30.0,88.0511,LOW,0.2,0.005,0.0
1774496687.1361537,50.099,-9999.000000,28.892872,30.0,88.1883,LOW,0.2,0.005,0.0
1774496687.2258646,50.189,-9999.000000,28.903470,30.0,88.0255,LOW,0.2,0.005,0.0
1774496687.3076758,50.271,-9999.000000,28.906321,30.0,88.0132,LOW,0.2,0.005,0.0
1774496687.395677,50.359,-9999.000000,28.909174,30.0,88.0042,LOW,0.2,0.005,0.0
1774496687.4773812,50.440,-9999.000000,28.912438,30.0,87.9833,LOW,0.2,0.005,0.0
1774496687.5669272,50.530,-9999.000000,28.915289,30.0,87.9748,LOW,0.2,0.005,0.0
1774496687.6484103,50.611,-9999.000000,28.917737,30.0,87.9700,LOW,0.2,0.005,0.0
1774496687.7371986,50.700,-9999.000000,28.929155,30.0,87.7892,LOW,0.2,0.005,0.0
1774496687.823706,50.787,-9999.000000,28.921815,30.0,87.9826,LOW,0.2,0.005,0.0
1774496687.943722,50.907,-9999.000000,28.924669,30.0,87.9900,LOW,0.2,0.005,0.0
1774496688.022572,50.985,-9999.000000,28.928745,30.0,87.9508,LOW,0.2,0.005,0.0
1774496688.1101668,51.073,-9999.000000,28.932006,30.0,87.9323,LOW,0.2,0.005,0.0
1774496688.1985435,51.161,-9999.000000,28.934454,30.0,87.9305,LOW,0.2,0.005,0.0
1774496688.3193822,51.282,-9999.000000,28.938123,30.0,87.9212,LOW,0.2,0.005,0.0
1774496688.4264755,51.389,-9999.000000,28.940977,30.0,87.9208,LOW,0.2,0.005,0.0
1774496688.5017047,51.465,-9999.000000,28.934861,30.0,88.0832,LOW,0.2,0.005,0.0
1774496688.5908723,51.554,-9999.000000,28.946687,30.0,87.8937,LOW,0.2,0.005,0.0
1774496688.6772246,51.640,-9999.000000,28.951581,30.0,87.8411,LOW,0.2,0.005,0.0
1774496688.763122,51.726,-9999.000000,28.952805,30.0,87.8616,LOW,0.2,0.005,0.0
1774496688.8497257,51.813,-9999.000000,28.956067,30.0,87.8415,LOW,0.2,0.005,0.0
1774496688.9416924,51.905,-9999.000000,28.939757,30.0,88.2165,LOW,0.2,0.005,0.0
1774496689.0258157,51.989,-9999.000000,28.961778,30.0,87.8197,LOW,0.2,0.005,0.0
1774496689.109434,52.072,-9999.000000,28.964634,30.0,87.8059,LOW,0.2,0.005,0.0
1774496689.195933,52.159,-9999.000000,28.958923,30.0,87.9651,LOW,0.2,0.005,0.0
1774496689.3114831,52.274,-9999.000000,28.985029,30.0,87.5017,LOW,0.2,0.005,0.0
1774496689.3916805,52.355,-9999.000000,28.985440,30.0,87.5341,LOW,0.2,0.005,0.0
1774496689.4725025,52.435,-9999.000000,28.974422,30.0,87.7959,LOW,0.2,0.005,0.0
1774496689.5577292,52.521,-9999.000000,28.978503,30.0,87.7578,LOW,0.2,0.005,0.0
1774496689.6416187,52.604,-9999.000000,28.990335,30.0,87.5636,LOW,0.2,0.005,0.0
1774496689.7269547,52.690,-9999.000000,28.982990,30.0,87.7538,LOW,0.2,0.005,0.0
1774496689.8218172,52.785,-9999.000000,28.998494,30.0,87.4913,LOW,0.2,0.005,0.0
1774496689.924994,52.888,-9999.000000,28.980134,30.0,87.9111,LOW,0.2,0.005,0.0
1774496690.0191505,52.982,-9999.000000,28.991559,30.0,87.7300,LOW,0.2,0.005,0.0
1774496690.1188965,53.082,-9999.000000,28.993598,30.0,87.7395,LOW,0.2,0.005,0.0
1774496690.2176,53.180,-9999.000000,28.997272,30.0,87.7155,LOW,0.2,0.005,0.0
1774496690.310817,53.274,-9999.000000,28.994823,30.0,87.8113,LOW,0.2,0.005,0.0
1774496690.4051123,53.368,-9999.000000,29.002575,30.0,87.7033,LOW,0.2,0.005,0.0
1774496690.4971502,53.460,-9999.000000,29.005840,30.0,87.6837,LOW,0.2,0.005,0.0
1774496690.591741,53.555,-9999.000000,29.009514,30.0,87.6571,LOW,0.2,0.005,0.0
1774496690.6891704,53.652,-9999.000000,29.010736,30.0,87.6809,LOW,0.2,0.005,0.0
1774496690.788575,53.751,-9999.000000,29.014003,30.0,87.6645,LOW,0.2,0.005,0.0
1774496690.890878,53.854,-9999.000000,29.031959,30.0,87.3549,LOW,0.2,0.005,0.0
1774496690.9888906,53.952,-9999.000000,29.019307,30.0,87.6560,LOW,0.2,0.005,0.0
1774496691.0871465,54.050,-9999.000000,29.022572,30.0,87.6387,LOW,0.2,0.005,0.0
1774496691.1861835,54.149,-9999.000000,29.039717,30.0,87.3434,LOW,0.2,0.005,0.0
1774496691.2870448,54.250,-9999.000000,29.029104,30.0,87.6046,LOW,0.2,0.005,0.0
1774496691.386914,54.350,-9999.000000,29.030326,30.0,87.6286,LOW,0.2,0.005,0.0
1774496691.485557,54.448,-9999.000000,29.038900,30.0,87.5045,LOW,0.2,0.005,0.0
1774496691.5828006,54.546,-9999.000000,29.038082,30.0,87.5676,LOW,0.2,0.005,0.0
1774496691.678329,54.641,-9999.000000,29.040532,30.0,87.5645,LOW,0.2,0.005,0.0
1774496691.769186,54.732,-9999.000000,29.044205,30.0,87.5344,LOW,0.2,0.005,0.0
1774496691.8681493,54.831,-9999.000000,29.046248,30.0,87.5408,LOW,0.2,0.005,0.0
1774496691.9636965,54.927,-9999.000000,29.049106,30.0,87.5290,LOW,0.2,0.005,0.0
1774496692.0622249,55.025,-9999.000000,29.051965,30.0,87.5186,LOW,0.2,0.005,0.0
1774496692.1670697,55.130,-9999.000000,29.055230,30.0,87.5028,LOW,0.2,0.005,0.0
1774496692.2617078,55.225,-9999.000000,29.074012,30.0,87.1710,LOW,0.2,0.005,0.0
1774496692.3553023,55.318,-9999.000000,29.074419,30.0,87.2061,LOW,0.2,0.005,0.0
1774496692.450189,55.413,-9999.000000,29.060944,30.0,87.5202,LOW,0.2,0.005,0.0
1774496692.5429864,55.506,-9999.000000,29.064213,30.0,87.4982,LOW,0.2,0.005,0.0
1774496692.637686,55.601,-9999.000000,29.068705,30.0,87.4525,LOW,0.2,0.005,0.0
1774496692.7324765,55.695,-9999.000000,29.071153,30.0,87.4475,LOW,0.2,0.005,0.0
1774496692.8236237,55.786,-9999.000000,29.074012,30.0,87.4326,LOW,0.2,0.005,0.0
1774496692.9186723,55.882,-9999.000000,29.076871,30.0,87.4193,LOW,0.2,0.005,0.0
1774496693.0103593,55.973,-9999.000000,29.072786,30.0,87.5435,LOW,0.2,0.005,0.0
1774496693.10549,56.068,-9999.000000,29.082178,30.0,87.3993,LOW,0.2,0.005,0.0
1774496693.1956773,56.159,-9999.000000,29.084222,30.0,87.3997,LOW,0.2,0.005,0.0
1774496693.289972,56.253,-9999.000000,29.086263,30.0,87.4020,LOW,0.2,0.005,0.0
1774496693.3897834,56.353,-9999.000000,29.082589,30.0,87.5212,LOW,0.2,0.005,0.0
1774496693.489159,56.452,-9999.000000,29.091982,30.0,87.3785,LOW,0.2,0.005,0.0
1774496693.5814707,56.544,-9999.000000,29.094434,30.0,87.3712,LOW,0.2,0.005,0.0
1774496693.6741421,56.637,-9999.000000,29.097701,30.0,87.3477,LOW,0.2,0.005,0.0
1774496693.7751348,56.738,-9999.000000,29.101784,30.0,87.3114,LOW,0.2,0.005,0.0
1774496693.872603,56.835,-9999.000000,29.102194,30.0,87.3470,LOW,0.2,0.005,0.0
1774496693.9703562,56.933,-9999.000000,29.106277,30.0,87.3090,LOW,0.2,0.005,0.0
1774496694.0727084,57.036,-9999.000000,29.107503,30.0,87.3301,LOW,0.2,0.005,0.0
1774496694.1757452,57.139,-9999.000000,29.111589,30.0,87.2942,LOW,0.2,0.005,0.0
1774496694.2763402,57.239,-9999.000000,29.113631,30.0,87.2979,LOW,0.2,0.005,0.0
1774496694.3824997,57.345,-9999.000000,29.116491,30.0,87.2876,LOW,0.2,0.005,0.0
1774496694.4925902,57.455,-9999.000000,29.119351,30.0,87.2789,LOW,0.2,0.005,0.0
1774496694.5962212,57.559,-9999.000000,29.121804,30.0,87.2753,LOW,0.2,0.005,0.0
1774496694.7165563,57.679,-9999.000000,29.124661,30.0,87.2709,LOW,0.2,0.005,0.0
1774496694.8170831,57.780,-9999.000000,29.127521,30.0,87.2575,LOW,0.2,0.005,0.0
1774496694.9255838,57.888,-9999.000000,29.129566,30.0,87.2638,LOW,0.2,0.005,0.0
1774496695.0285923,57.991,-9999.000000,29.133650,30.0,87.2268,LOW,0.2,0.005,0.0
1774496695.130533,58.093,-9999.000000,29.149997,30.0,86.9432,LOW,0.2,0.005,0.0
1774496695.2335055,58.196,-9999.000000,29.131201,30.0,87.3638,LOW,0.2,0.005,0.0
1774496695.332648,58.295,-9999.000000,29.138964,30.0,87.2512,LOW,0.2,0.005,0.0
1774496695.4743388,58.437,-9999.000000,29.154085,30.0,87.0087,LOW,0.2,0.005,0.0
1774496695.5665169,58.529,-9999.000000,29.144275,30.0,87.2444,LOW,0.2,0.005,0.0
1774496695.6716585,58.634,-9999.000000,29.146728,30.0,87.2402,LOW,0.2,0.005,0.0
1774496695.7726648,58.735,-9999.000000,29.148771,30.0,87.2423,LOW,0.2,0.005,0.0
1774496695.8707418,58.834,-9999.000000,29.152043,30.0,87.2185,LOW,0.2,0.005,0.0
1774496695.9688265,58.932,-9999.000000,29.153677,30.0,87.2273,LOW,0.2,0.005,0.0
1774496696.0687177,59.032,-9999.000000,29.156536,30.0,87.2122,LOW,0.2,0.005,0.0
1774496696.1860836,59.149,-9999.000000,29.158989,30.0,87.2125,LOW,0.2,0.005,0.0
1774496696.2944307,59.257,-9999.000000,29.150405,30.0,87.4302,LOW,0.2,0.005,0.0
1774496696.3954775,59.358,-9999.000000,29.164304,30.0,87.1945,LOW,0.2,0.005,0.0
1774496696.488512,59.451,-9999.000000,29.171251,30.0,87.0941,LOW,0.2,0.005,0.0
1774496696.5826461,59.545,-9999.000000,29.168801,30.0,87.1822,LOW,0.2,0.005,0.0
1774496696.6781185,59.641,-9999.000000,29.171251,30.0,87.1728,LOW,0.2,0.005,0.0
1774496696.7717683,59.735,-9999.000000,29.173297,30.0,87.1706,LOW,0.2,0.005,0.0
1774496696.8665376,59.829,-9999.000000,29.174932,30.0,87.1769,LOW,0.2,0.005,0.0
1774496696.9663286,59.929,-9999.000000,29.178202,30.0,87.1526,LOW,0.2,0.005,0.0
1774496697.063122,60.026,-9999.000000,29.178610,30.0,87.1841,LOW,0.2,0.005,0.0
1774496697.1700542,60.133,-9999.000000,29.181472,30.0,87.1707,LOW,0.2,0.005,0.0
1774496697.2657273,60.229,-9999.000000,29.185150,30.0,87.1361,LOW,0.2,0.005,0.0
1774496697.3619218,60.325,-9999.000000,29.186378,30.0,87.1507,LOW,0.2,0.005,0.0
1774496697.455338,60.418,-9999.000000,29.187605,30.0,87.1641,LOW,0.2,0.005,0.0
1774496697.5492473,60.512,-9999.000000,29.191694,30.0,87.1202,LOW,0.2,0.005,0.0
1774496697.647335,60.610,-9999.000000,29.193330,30.0,87.1271,LOW,0.2,0.005,0.0
1774496697.741521,60.704,-9999.000000,29.194965,30.0,87.1323,LOW,0.2,0.005,0.0
1774496697.8456895,60.809,-9999.000000,29.198235,30.0,87.1087,LOW,0.2,0.005,0.0
1774496697.9454052,60.908,-9999.000000,29.201098,30.0,87.0912,LOW,0.2,0.005,0.0
1774496698.0433161,61.006,-9999.000000,29.202734,30.0,87.0976,LOW,0.2,0.005,0.0
1774496698.143177,61.106,-9999.000000,29.205596,30.0,87.0800,LOW,0.2,0.005,0.0
1774496698.2461905,61.209,-9999.000000,29.208048,30.0,87.0717,LOW,0.2,0.005,0.0
1774496698.34273,61.306,-9999.000000,29.209275,30.0,87.0853,LOW,0.2,0.005,0.0
1774496698.4446423,61.407,-9999.000000,29.212547,30.0,87.0600,LOW,0.2,0.005,0.0
1774496698.5477247,61.511,-9999.000000,29.215410,30.0,87.0432,LOW,0.2,0.005,0.0
1774496698.6603346,61.623,-9999.000000,29.216637,30.0,87.0628,LOW,0.2,0.005,0.0
1774496698.756523,61.719,-9999.000000,29.220317,30.0,87.0267,LOW,0.2,0.005,0.0
1774496698.8544831,61.817,-9999.000000,29.221544,30.0,87.0403,LOW,0.2,0.005,0.0
1774496698.9586346,61.921,-9999.000000,29.224000,30.0,87.0316,LOW,0.2,0.005,0.0
1774496699.0661042,62.029,-9999.000000,29.227679,30.0,86.9995,LOW,0.2,0.005,0.0
1774496699.1963928,62.159,-9999.000000,29.231362,30.0,86.9759,LOW,0.2,0.005,0.0
1774496699.3252726,62.288,-9999.000000,29.234226,30.0,86.9680,LOW,0.2,0.005,0.0
1774496699.4557068,62.419,-9999.000000,29.236270,30.0,86.9769,LOW,0.2,0.005,0.0
1774496699.5804338,62.543,-9999.000000,29.241587,30.0,86.9178,LOW,0.2,0.005,0.0
1774496699.6825075,62.645,-9999.000000,29.245270,30.0,86.8827,LOW,0.2,0.005,0.0
1774496699.776647,62.739,-9999.000000,29.247315,30.0,86.8772,LOW,0.2,0.005,0.0
1774496699.8741457,62.837,-9999.000000,29.258361,30.0,86.6925,LOW,0.2,0.005,0.0
1774496699.9743898,62.937,-9999.000000,29.253452,30.0,86.8281,LOW,0.2,0.005,0.0
1774496700.0770001,63.040,-9999.000000,29.256724,30.0,86.8008,LOW,0.2,0.005,0.0
1774496700.1831474,63.146,-9999.000000,29.260000,30.0,86.7745,LOW,0.2,0.005,0.0
1774496700.2825253,63.245,-9999.000000,29.268999,30.0,86.6308,LOW,0.2,0.005,0.0
1774496700.381648,63.344,-9999.000000,29.264909,30.0,86.7491,LOW,0.2,0.005,0.0
1774496700.4771643,63.440,-9999.000000,29.267363,30.0,86.7350,LOW,0.2,0.005,0.0
1774496700.576096,63.539,-9999.000000,29.271864,30.0,86.6810,LOW,0.2,0.005,0.0
1774496700.677596,63.640,-9999.000000,29.257952,30.0,86.9969,LOW,0.2,0.005,0.0
1774496700.7702336,63.733,-9999.000000,29.275549,30.0,86.6785,LOW,0.2,0.005,0.0
1774496700.864814,63.828,-9999.000000,29.279639,30.0,86.6308,LOW,0.2,0.005,0.0
1774496700.9649355,63.928,-9999.000000,29.282096,30.0,86.6176,LOW,0.2,0.005,0.0
1774496701.0634367,64.026,-9999.000000,29.300514,30.0,86.2837,LOW,0.2,0.005,0.0
1774496701.166019,64.129,-9999.000000,29.287826,30.0,86.5739,LOW,0.2,0.005,0.0
1774496701.2619221,64.225,-9999.000000,29.290280,30.0,86.5589,LOW,0.2,0.005,0.0
1774496701.3605416,64.323,-9999.000000,29.293146,30.0,86.5364,LOW,0.2,0.005,0.0
1774496701.459463,64.422,-9999.000000,29.295603,30.0,86.5221,LOW,0.2,0.005,0.0
1774496701.5600398,64.523,-9999.000000,29.298060,30.0,86.5083,LOW,0.2,0.005,0.0
1774496701.6626036,64.625,-9999.000000,29.296011,30.0,86.5854,LOW,0.2,0.005,0.0
1774496701.7646143,64.727,-9999.000000,29.305017,30.0,86.4407,LOW,0.2,0.005,0.0
1774496701.8723686,64.835,-9999.000000,29.313615,30.0,86.3057,LOW,0.2,0.005,0.0
1774496701.9716575,64.934,-9999.000000,29.290280,30.0,86.8077,LOW,0.2,0.005,0.0
1774496702.0681024,65.031,-9999.000000,29.314024,30.0,86.3659,LOW,0.2,0.005,0.0
1774496702.173249,65.136,-9999.000000,29.317298,30.0,86.3363,LOW,0.2,0.005,0.0
1774496702.2709584,65.234,-9999.000000,29.319756,30.0,86.3203,LOW,0.2,0.005,0.0
1774496702.365363,65.328,-9999.000000,29.323031,30.0,86.2868,LOW,0.2,0.005,0.0
1774496702.4670076,65.430,-9999.000000,29.326715,30.0,86.2473,LOW,0.2,0.005,0.0
1774496702.5617442,65.525,-9999.000000,29.324260,30.0,86.3284,LOW,0.2,0.005,0.0
1774496702.6623554,65.625,-9999.000000,29.331631,30.0,86.2147,LOW,0.2,0.005,0.0
1774496702.7569473,65.720,-9999.000000,29.334086,30.0,86.1970,LOW,0.2,0.005,0.0
1774496702.8533888,65.816,-9999.000000,29.345554,30.0,85.9992,LOW,0.2,0.005,0.0
1774496702.9524043,65.915,-9999.000000,29.339820,30.0,86.1466,LOW,0.2,0.005,0.0
1774496703.0523221,66.015,-9999.000000,29.345962,30.0,86.0564,LOW,0.2,0.005,0.0
1774496703.149216,66.112,-9999.000000,29.345145,30.0,86.1045,LOW,0.2,0.005,0.0
1774496703.2426665,66.205,-9999.000000,29.352105,30.0,85.9956,LOW,0.2,0.005,0.0
1774496703.3331923,66.296,-9999.000000,29.351697,30.0,86.0331,LOW,0.2,0.005,0.0
1774496703.4334695,66.396,-9999.000000,29.353335,30.0,86.0327,LOW,0.2,0.005,0.0
1774496703.5271726,66.490,-9999.000000,29.365623,30.0,85.8167,LOW,0.2,0.005,0.0
1774496703.623712,66.587,-9999.000000,29.359478,30.0,85.9705,LOW,0.2,0.005,0.0
1774496703.7170553,66.680,-9999.000000,29.362755,30.0,85.9347,LOW,0.2,0.005,0.0
1774496703.8125496,66.775,-9999.000000,29.370537,30.0,85.8091,LOW,0.2,0.005,0.0
1774496703.9174387,66.880,-9999.000000,29.367670,30.0,85.8997,LOW,0.2,0.005,0.0
1774496704.012319,66.975,-9999.000000,29.370129,30.0,85.8804,LOW,0.2,0.005,0.0
1774496704.1085145,67.071,-9999.000000,29.372176,30.0,85.8696,LOW,0.2,0.005,0.0
1774496704.2003143,67.163,-9999.000000,29.375453,30.0,85.8327,LOW,0.2,0.005,0.0
1774496704.2950428,67.258,-9999.000000,29.377912,30.0,85.8130,LOW,0.2,0.005,0.0
1774496704.387845,67.351,-9999.000000,29.379959,30.0,85.8008,LOW,0.2,0.005,0.0
1774496704.4792762,67.442,-9999.000000,29.382827,30.0,85.7717,LOW,0.2,0.005,0.0
1774496704.570035,67.533,-9999.000000,29.385287,30.0,85.7504,LOW,0.2,0.005,0.0
1774496704.6701458,67.633,-9999.000000,29.384466,30.0,85.7976,LOW,0.2,0.005,0.0
1774496704.7679284,67.731,-9999.000000,29.391024,30.0,85.6962,LOW,0.2,0.005,0.0
1774496704.861585,67.824,-9999.000000,29.397170,30.0,85.6015,LOW,0.2,0.005,0.0
1774496704.9606125,67.923,-9999.000000,29.370537,30.0,86.1654,LOW,0.2,0.005,0.0
1774496705.0502164,68.013,-9999.000000,29.398400,30.0,85.6351,LOW,0.2,0.005,0.0
1774496705.1460905,68.109,-9999.000000,29.406594,30.0,85.4996,LOW,0.2,0.005,0.0
1774496705.2386239,68.201,-9999.000000,29.403725,30.0,85.5846,LOW,0.2,0.005,0.0
1774496705.32824,68.291,-9999.000000,29.407003,30.0,85.5456,LOW,0.2,0.005,0.0
1774496705.4230385,68.386,-9999.000000,29.409463,30.0,85.5244,LOW,0.2,0.005,0.0
1774496705.5122766,68.475,-9999.000000,29.411102,30.0,85.5179,LOW,0.2,0.005,0.0
1774496705.600061,68.563,-9999.000000,29.401678,30.0,85.7326,LOW,0.2,0.005,0.0
1774496705.6946898,68.658,-9999.000000,29.416429,30.0,85.4652,LOW,0.2,0.005,0.0
1774496705.7942703,68.757,-9999.000000,29.419298,30.0,85.4368,LOW,0.2,0.005,0.0
1774496705.8876934,68.851,-9999.000000,29.421759,30.0,85.4146,LOW,0.2,0.005,0.0
1774496705.9770277,68.940,-9999.000000,29.424219,30.0,85.3911,LOW,0.2,0.005,0.0
1774496706.0717826,69.035,-9999.000000,29.433234,30.0,85.2376,LOW,0.2,0.005,0.0
1774496706.1625364,69.125,-9999.000000,29.429137,30.0,85.3455,LOW,0.2,0.005,0.0
1774496706.2550578,69.218,-9999.000000,29.432007,30.0,85.3143,LOW,0.2,0.005,0.0
1774496706.3452609,69.308,-9999.000000,29.431186,30.0,85.3564,LOW,0.2,0.005,0.0
1774496706.4724393,69.435,-9999.000000,29.437334,30.0,85.2692,LOW,0.2,0.005,0.0
1774496706.5823526,69.545,-9999.000000,29.439795,30.0,85.2508,LOW,0.2,0.005,0.0
1774496706.6596186,69.622,-9999.000000,29.439383,30.0,85.2807,LOW,0.2,0.005,0.0
1774496706.7848175,69.748,-9999.000000,29.415611,30.0,85.7927,LOW,0.2,0.005,0.0
1774496706.9103756,69.873,-9999.000000,29.447175,30.0,85.1962,LOW,0.2,0.005,0.0
1774496707.025503,69.988,-9999.000000,29.446354,30.0,85.2444,LOW,0.2,0.005,0.0
1774496707.1036615,70.066,-9999.000000,29.452094,30.0,85.1510,LOW,0.2,0.005,0.0
1774496707.2074974,70.170,-9999.000000,29.454553,30.0,85.1302,LOW,0.2,0.005,0.0
1774496707.2953825,70.258,-9999.000000,29.454965,30.0,85.1459,LOW,0.2,0.005,0.0
1774496707.3891563,70.352,-9999.000000,29.458245,30.0,85.1057,LOW,0.2,0.005,0.0
1774496707.4786382,70.441,-9999.000000,29.459885,30.0,85.0971,LOW,0.2,0.005,0.0
1774496707.5695705,70.532,-9999.000000,29.462755,30.0,85.0641,LOW,0.2,0.005,0.0
1774496707.6619358,70.625,-9999.000000,29.464395,30.0,85.0560,LOW,0.2,0.005,0.0
1774496707.7522979,70.715,-9999.000000,29.467266,30.0,85.0227,LOW,0.2,0.005,0.0
1774496707.842955,70.806,-9999.000000,29.468497,30.0,85.0222,LOW,0.2,0.005,0.0
1774496707.9363043,70.899,-9999.000000,29.477107,30.0,84.8744,LOW,0.2,0.005,0.0
1774496708.1079345,71.071,-9999.000000,29.474648,30.0,84.9686,LOW,0.2,0.005,0.0
1774496708.2763078,71.239,-9999.000000,29.477929,30.0,84.9470,LOW,0.2,0.005,0.0
1774496708.419907,71.383,-9999.000000,29.482849,30.0,84.8857,LOW,0.2,0.005,0.0
1774496708.4860892,71.449,-9999.000000,29.487361,30.0,84.8124,LOW,0.2,0.005,0.0
1774496708.550783,71.514,-9999.000000,29.482440,30.0,84.9276,LOW,0.2,0.005,0.0
1774496708.6155024,71.578,-9999.000000,29.496386,30.0,84.6650,LOW,0.2,0.005,0.0
1774496708.679681,71.643,-9999.000000,29.478338,30.0,85.0427,LOW,0.2,0.005,0.0
1774496708.738254,71.701,-9999.000000,29.488180,30.0,84.8608,LOW,0.2,0.005,0.0
1774496708.803936,71.767,-9999.000000,29.489823,30.0,84.8447,LOW,0.2,0.005,0.0
1774496708.8733635,71.836,-9999.000000,29.491464,30.0,84.8295,LOW,0.2,0.005,0.0
1774496708.9399338,71.903,-9999.000000,29.492283,30.0,84.8301,LOW,0.2,0.005,0.0
1774496708.9725268,71.935,-9999.000000,29.492283,30.0,84.8383,LOW,0.2,0.005,0.0
1774496709.0434911,72.006,-9999.000000,29.494745,30.0,84.8070,LOW,0.2,0.005,0.0
1774496709.1082826,72.071,-9999.000000,29.496795,30.0,84.7823,LOW,0.2,0.005,0.0
1774496709.1696327,72.132,-9999.000000,29.496795,30.0,84.7977,LOW,0.2,0.005,0.0
1774496709.2359307,72.199,-9999.000000,29.511564,30.0,84.5185,LOW,0.2,0.005,0.0
1774496709.3023534,72.265,-9999.000000,29.500076,30.0,84.7649,LOW,0.2,0.005,0.0
1774496709.3701017,72.333,-9999.000000,29.511155,30.0,84.5599,LOW,0.2,0.005,0.0
1774496709.4461837,72.409,-9999.000000,29.501717,30.0,84.7676,LOW,0.2,0.005,0.0
1774496709.5142303,72.477,-9999.000000,29.505001,30.0,84.7188,LOW,0.2,0.005,0.0
1774496709.5714214,72.534,-9999.000000,29.505820,30.0,84.7165,LOW,0.2,0.005,0.0
1774496709.6414268,72.604,-9999.000000,29.507461,30.0,84.7009,LOW,0.2,0.005,0.0
1774496709.7033715,72.666,-9999.000000,29.509924,30.0,84.6669,LOW,0.2,0.005,0.0
1774496709.7666628,72.729,-9999.000000,29.510333,30.0,84.6742,LOW,0.2,0.005,0.0
1774496709.8415992,72.804,-9999.000000,29.511564,30.0,84.6679,LOW,0.2,0.005,0.0
1774496709.914494,72.877,-9999.000000,29.513205,30.0,84.6528,LOW,0.2,0.005,0.0
1774496710.0074859,72.970,-9999.000000,29.515256,30.0,84.6343,LOW,0.2,0.005,0.0
1774496710.073682,73.037,-9999.000000,29.517309,30.0,84.6092,LOW,0.2,0.005,0.0
1774496710.1401718,73.103,-9999.000000,29.519360,30.0,84.5842,LOW,0.2,0.005,0.0
1774496710.204136,73.167,-9999.000000,29.517719,30.0,84.6324,LOW,0.2,0.005,0.0
1774496710.2904603,73.253,-9999.000000,29.521001,30.0,84.5875,LOW,0.2,0.005,0.0
1774496710.380678,73.344,-9999.000000,29.527565,30.0,84.4775,LOW,0.2,0.005,0.0
1774496710.4497402,73.413,-9999.000000,29.522232,30.0,84.6006,LOW,0.2,0.005,0.0
1774496710.5219114,73.485,-9999.000000,29.526336,30.0,84.5356,LOW,0.2,0.005,0.0
1774496710.5888927,73.552,-9999.000000,29.526336,30.0,84.5515,LOW,0.2,0.005,0.0
1774496710.657973,73.621,-9999.000000,29.527978,30.0,84.5350,LOW,0.2,0.005,0.0
1774496710.7364225,73.699,-9999.000000,29.530847,30.0,84.4960,LOW,0.2,0.005,0.0
1774496710.8365483,73.799,-9999.000000,29.532492,30.0,84.4865,LOW,0.2,0.005,0.0
1774496710.9143426,73.877,-9999.000000,29.522232,30.0,84.7103,LOW,0.2,0.005,0.0
1774496711.0045865,73.967,-9999.000000,29.537825,30.0,84.4193,LOW,0.2,0.005,0.0
1774496711.0877054,74.051,-9999.000000,29.537825,30.0,84.4385,LOW,0.2,0.005,0.0
1774496711.1501455,74.113,-9999.000000,29.539057,30.0,84.4283,LOW,0.2,0.005,0.0
1774496711.219411,74.182,-9999.000000,29.544803,30.0,84.3291,LOW,0.2,0.005,0.0
1774496711.2874765,74.250,-9999.000000,29.541108,30.0,84.4186,LOW,0.2,0.005,0.0
1774496711.3741302,74.337,-9999.000000,29.543162,30.0,84.3973,LOW,0.2,0.005,0.0
1774496711.4534667,74.416,-9999.000000,29.538234,30.0,84.5142,LOW,0.2,0.005,0.0
1774496711.526128,74.489,-9999.000000,29.546445,30.0,84.3665,LOW,0.2,0.005,0.0
1774496711.5957825,74.559,-9999.000000,29.548086,30.0,84.3494,LOW,0.2,0.005,0.0
1774496711.6746337,74.637,-9999.000000,29.556704,30.0,84.1945,LOW,0.2,0.005,0.0
1774496711.7569299,74.720,-9999.000000,29.550959,30.0,84.3279,LOW,0.2,0.005,0.0
1774496711.838461,74.801,-9999.000000,29.537006,30.0,84.6258,LOW,0.2,0.005,0.0
1774496711.9232166,74.886,-9999.000000,29.554243,30.0,84.3000,LOW,0.2,0.005,0.0
1774496712.0093026,74.972,-9999.000000,29.559168,30.0,84.2204,LOW,0.2,0.005,0.0
1774496712.080894,75.044,-9999.000000,29.557526,30.0,84.2691,LOW,0.2,0.005,0.0
1774496712.144146,75.107,-9999.000000,29.558758,30.0,84.2584,LOW,0.2,0.005,0.0
1774496712.2105381,75.173,-9999.000000,29.564093,30.0,84.1662,LOW,0.2,0.005,0.0
1774496712.273966,75.237,-9999.000000,29.546854,30.0,84.5253,LOW,0.2,0.005,0.0
1774496712.3563118,75.319,-9999.000000,29.563683,30.0,84.2067,LOW,0.2,0.005,0.0
1774496712.453669,75.416,-9999.000000,29.566967,30.0,84.1621,LOW,0.2,0.005,0.0
1774496712.527,75.490,-9999.000000,29.566147,30.0,84.1944,LOW,0.2,0.005,0.0
1774496712.6070573,75.570,-9999.000000,29.569021,30.0,84.1542,LOW,0.2,0.005,0.0
1774496712.6905687,75.653,-9999.000000,29.570663,30.0,84.1393,LOW,0.2,0.005,0.0
1774496712.759455,75.722,-9999.000000,29.572305,30.0,84.1212,LOW,0.2,0.005,0.0
1774496712.8200302,75.783,-9999.000000,29.571892,30.0,84.1424,LOW,0.2,0.005,0.0
1774496712.882458,75.845,-9999.000000,29.573947,30.0,84.1146,LOW,0.2,0.005,0.0
1774496712.9561265,75.919,-9999.000000,29.575589,30.0,84.0974,LOW,0.2,0.005,0.0
1774496713.0292237,75.992,-9999.000000,29.576409,30.0,84.0965,LOW,0.2,0.005,0.0
1774496713.0904925,76.053,-9999.000000,29.578463,30.0,84.0683,LOW,0.2,0.005,0.0
1774496713.1535814,76.116,-9999.000000,29.594885,30.0,83.7527,LOW,0.2,0.005,0.0
1774496713.2327895,76.196,-9999.000000,29.578051,30.0,84.1061,LOW,0.2,0.005,0.0
1774496713.315679,76.279,-9999.000000,29.583390,30.0,84.0165,LOW,0.2,0.005,0.0
1774496713.3904524,76.353,-9999.000000,29.583799,30.0,84.0239,LOW,0.2,0.005,0.0
1774496713.4640915,76.427,-9999.000000,29.582157,30.0,84.0721,LOW,0.2,0.005,0.0
1774496713.5251036,76.488,-9999.000000,29.585854,30.0,84.0108,LOW,0.2,0.005,0.0
1774496713.587651,76.550,-9999.000000,29.587906,30.0,83.9827,LOW,0.2,0.005,0.0
1774496713.6557178,76.619,-9999.000000,29.589549,30.0,83.9638,LOW,0.2,0.005,0.0
1774496713.7600226,76.723,-9999.000000,29.590781,30.0,83.9605,LOW,0.2,0.005,0.0
1774496713.8398542,76.803,-9999.000000,29.592833,30.0,83.9357,LOW,0.2,0.005,0.0
1774496713.9274185,76.890,-9999.000000,29.594066,30.0,83.9288,LOW,0.2,0.005,0.0
1774496714.015395,76.978,-9999.000000,29.596118,30.0,83.9055,LOW,0.2,0.005,0.0
1774496714.0952277,77.058,-9999.000000,29.597760,30.0,83.8888,LOW,0.2,0.005,0.0
1774496714.189306,77.152,-9999.000000,29.605153,30.0,83.7595,LOW,0.2,0.005,0.0
1774496714.254818,77.218,-9999.000000,29.601048,30.0,83.8546,LOW,0.2,0.005,0.0
1774496714.324975,77.288,-9999.000000,29.602691,30.0,83.8357,LOW,0.2,0.005,0.0
1774496714.3979235,77.361,-9999.000000,29.589549,30.0,84.1135,LOW,0.2,0.005,0.0
1774496714.4674504,77.430,-9999.000000,29.577641,30.0,84.3664,LOW,0.2,0.005,0.0
1774496714.534698,77.498,-9999.000000,29.621173,30.0,83.5085,LOW,0.2,0.005,0.0
1774496714.6250215,77.588,-9999.000000,29.607618,30.0,83.7973,LOW,0.2,0.005,0.0
1774496714.6966715,77.660,-9999.000000,29.608438,30.0,83.7949,LOW,0.2,0.005,0.0
1774496714.7699142,77.733,-9999.000000,29.610081,30.0,83.7763,LOW,0.2,0.005,0.0
1774496714.8430262,77.806,-9999.000000,29.610903,30.0,83.7741,LOW,0.2,0.005,0.0
1774496714.9071033,77.870,-9999.000000,29.612956,30.0,83.7455,LOW,0.2,0.005,0.0
1774496714.9977841,77.961,-9999.000000,29.613369,30.0,83.7547,LOW,0.2,0.005,0.0
1774496715.0678113,78.031,-9999.000000,29.615421,30.0,83.7271,LOW,0.2,0.005,0.0
1774496715.1423411,78.105,-9999.000000,29.616654,30.0,83.7168,LOW,0.2,0.005,0.0
1774496715.2184408,78.181,-9999.000000,29.617064,30.0,83.7232,LOW,0.2,0.005,0.0
1774496715.3191183,78.282,-9999.000000,29.632263,30.0,83.4377,LOW,0.2,0.005,0.0
1774496715.3772807,78.340,-9999.000000,29.621583,30.0,83.6623,LOW,0.2,0.005,0.0
1774496715.4436884,78.407,-9999.000000,29.621583,30.0,83.6749,LOW,0.2,0.005,0.0
1774496715.5001984,78.463,-9999.000000,29.622816,30.0,83.6609,LOW,0.2,0.005,0.0
1774496715.5755172,78.538,-9999.000000,29.625691,30.0,83.6174,LOW,0.2,0.005,0.0
1774496715.631639,78.594,-9999.000000,29.625691,30.0,83.6279,LOW,0.2,0.005,0.0
1774496715.7027075,78.666,-9999.000000,29.626511,30.0,83.6248,LOW,0.2,0.005,0.0
1774496715.7889137,78.752,-9999.000000,29.627334,30.0,83.6244,LOW,0.2,0.005,0.0
1774496715.8515494,78.814,-9999.000000,29.629797,30.0,83.5868,LOW,0.2,0.005,0.0
1774496715.913601,78.876,-9999.000000,29.631030,30.0,83.5735,LOW,0.2,0.005,0.0
1774496716.0215225,78.984,-9999.000000,29.632263,30.0,83.5687,LOW,0.2,0.005,0.0
1774496716.132622,79.095,-9999.000000,29.632263,30.0,83.5892,LOW,0.2,0.005,0.0
1774496716.2541785,79.217,-9999.000000,29.635959,30.0,83.5374,LOW,0.2,0.005,0.0
1774496716.3827968,79.346,-9999.000000,29.634729,30.0,83.5855,LOW,0.2,0.005,0.0
1774496716.5152256,79.478,-9999.000000,29.640479,30.0,83.4943,LOW,0.2,0.005,0.0
1774496716.6427107,79.606,-9999.000000,29.635139,30.0,83.6243,LOW,0.2,0.005,0.0
1774496716.7704768,79.733,-9999.000000,29.644998,30.0,83.4498,LOW,0.2,0.005,0.0
1774496716.8871593,79.850,-9999.000000,29.646641,30.0,83.4376,LOW,0.2,0.005,0.0
1774496716.9553006,79.918,-9999.000000,29.647875,30.0,83.4249,LOW,0.2,0.005,0.0
1774496717.0416048,80.004,-9999.000000,29.649108,30.0,83.4154,LOW,0.2,0.005,0.0
1774496717.1054373,80.068,-9999.000000,29.650341,30.0,83.4019,LOW,0.2,0.005,0.0
1774496717.1793623,80.142,-9999.000000,29.651574,30.0,83.3901,LOW,0.2,0.005,0.0
1774496717.2470415,80.210,-9999.000000,29.649931,30.0,83.4348,LOW,0.2,0.005,0.0
1774496717.3784335,80.341,-9999.000000,29.655681,30.0,83.3424,LOW,0.2,0.005,0.0
1774496717.506564,80.469,-9999.000000,29.656505,30.0,83.3480,LOW,0.2,0.005,0.0
1774496717.6303425,80.593,-9999.000000,29.658968,30.0,83.3198,LOW,0.2,0.005,0.0
1774496717.765962,80.729,-9999.000000,29.660615,30.0,83.3099,LOW,0.2,0.005,0.0
1774496717.8504906,80.813,-9999.000000,29.663489,30.0,83.2666,LOW,0.2,0.005,0.0
1774496717.9329672,80.896,-9999.000000,29.679519,30.0,82.9592,LOW,0.2,0.005,0.0
1774496718.0058541,80.969,-9999.000000,29.664722,30.0,83.2674,LOW,0.2,0.005,0.0
1774496718.0989504,81.062,-9999.000000,29.665546,30.0,83.2665,LOW,0.2,0.005,0.0
1774496718.1690195,81.132,-9999.000000,29.667189,30.0,83.2453,LOW,0.2,0.005,0.0
1774496718.2369394,81.200,-9999.000000,29.680339,30.0,82.9931,LOW,0.2,0.005,0.0
1774496718.3026576,81.265,-9999.000000,29.670887,30.0,83.1930,LOW,0.2,0.005,0.0
1774496718.3677664,81.331,-9999.000000,29.682807,30.0,82.9649,LOW,0.2,0.005,0.0
1774496718.4391322,81.402,-9999.000000,29.672120,30.0,83.1903,LOW,0.2,0.005,0.0
1774496718.5222278,81.485,-9999.000000,29.674998,30.0,83.1463,LOW,0.2,0.005,0.0
1774496718.610006,81.573,-9999.000000,29.674174,30.0,83.1771,LOW,0.2,0.005,0.0
1774496718.677193,81.640,-9999.000000,29.685274,30.0,82.9656,LOW,0.2,0.005,0.0
1774496718.7456179,81.708,-9999.000000,29.677052,30.0,83.1411,LOW,0.2,0.005,0.0
1774496718.8173878,81.780,-9999.000000,29.677052,30.0,83.1527,LOW,0.2,0.005,0.0
1774496718.9052014,81.868,-9999.000000,29.679929,30.0,83.1092,LOW,0.2,0.005,0.0
1774496718.9674294,81.930,-9999.000000,29.679519,30.0,83.1274,LOW,0.2,0.005,0.0
1774496719.0389273,82.002,-9999.000000,29.681573,30.0,83.0977,LOW,0.2,0.005,0.0
1774496719.1292236,82.092,-9999.000000,29.683217,30.0,83.0791,LOW,0.2,0.005,0.0
1774496719.2124414,82.175,-9999.000000,29.692674,30.0,82.9028,LOW,0.2,0.005,0.0
1774496719.2906306,82.253,-9999.000000,29.686505,30.0,83.0384,LOW,0.2,0.005,0.0
1774496719.35626,82.319,-9999.000000,29.688562,30.0,83.0075,LOW,0.2,0.005,0.0
1774496719.4226208,82.385,-9999.000000,29.695138,30.0,82.8861,LOW,0.2,0.005,0.0
1774496719.487298,82.450,-9999.000000,29.695138,30.0,82.8959,LOW,0.2,0.005,0.0
1774496719.5775647,82.540,-9999.000000,29.691027,30.0,82.9921,LOW,0.2,0.005,0.0
1774496719.6423042,82.605,-9999.000000,29.695549,30.0,82.9072,LOW,0.2,0.005,0.0
1774496719.7137809,82.677,-9999.000000,29.694318,30.0,82.9318,LOW,0.2,0.005,0.0
1774496719.7834523,82.746,-9999.000000,29.695138,30.0,82.9154,LOW,0.2,0.005,0.0
1774496719.8523378,82.815,-9999.000000,29.698427,30.0,82.8496,LOW,0.2,0.005,0.0
1774496719.9251878,82.888,-9999.000000,29.698016,30.0,82.8579,LOW,0.2,0.005,0.0
1774496720.0282204,82.991,-9999.000000,29.698840,30.0,82.8414,LOW,0.2,0.005,0.0
1774496720.08846,83.051,-9999.000000,29.700071,30.0,82.8168,LOW,0.2,0.005,0.0
1774496720.1597834,83.123,-9999.000000,29.700895,30.0,82.8003,LOW,0.2,0.005,0.0
1774496720.229543,83.192,-9999.000000,29.702129,30.0,82.7756,LOW,0.2,0.005,0.0
1774496720.2969582,83.260,-9999.000000,29.708296,30.0,82.6523,LOW,0.2,0.005,0.0
1774496720.3578734,83.321,-9999.000000,29.704183,30.0,82.7345,LOW,0.2,0.005,0.0
1774496720.4230762,83.386,-9999.000000,29.713639,30.0,82.5454,LOW,0.2,0.005,0.0
1774496720.4877603,83.451,-9999.000000,29.706238,30.0,82.6934,LOW,0.2,0.005,0.0
1774496720.5537655,83.517,-9999.000000,29.707062,30.0,82.6770,LOW,0.2,0.005,0.0
1774496720.619965,83.583,-9999.000000,29.698840,30.0,82.8414,LOW,0.2,0.005,0.0
1774496720.7056603,83.668,-9999.000000,29.709116,30.0,82.6359,LOW,0.2,0.005,0.0
1774496720.7826767,83.746,-9999.000000,29.710761,30.0,82.6030,LOW,0.2,0.005,0.0
1774496720.843701,83.807,-9999.000000,29.709940,30.0,82.6194,LOW,0.2,0.005,0.0
1774496720.911538,83.874,-9999.000000,29.726799,30.0,82.2822,LOW,0.2,0.005,0.0
1774496720.9731433,83.936,-9999.000000,29.714463,30.0,82.5289,LOW,0.2,0.005,0.0
1774496721.0389023,84.002,-9999.000000,29.714463,30.0,82.5289,LOW,0.2,0.005,0.0
1774496721.1545463,84.117,-9999.000000,29.717342,30.0,82.4713,LOW,0.2,0.005,0.0
1774496721.2570007,84.220,-9999.000000,29.719397,30.0,82.4302,LOW,0.2,0.005,0.0
1774496721.3406625,84.303,-9999.000000,29.698427,30.0,82.8496,LOW,0.2,0.005,0.0
1774496721.4194622,84.382,-9999.000000,29.721452,30.0,82.3891,LOW,0.2,0.005,0.0
1774496721.4957285,84.459,-9999.000000,29.723920,30.0,82.3398,LOW,0.2,0.005,0.0
1774496721.5985088,84.561,-9999.000000,29.725154,30.0,82.3151,LOW,0.2,0.005,0.0
1774496721.6674373,84.630,-9999.000000,29.732557,30.0,82.1670,LOW,0.2,0.005,0.0
1774496721.7530394,84.716,-9999.000000,29.728033,30.0,82.2575,LOW,0.2,0.005,0.0
1774496721.8552063,84.818,-9999.000000,29.729678,30.0,82.2246,LOW,0.2,0.005,0.0
1774496721.9259987,84.889,-9999.000000,29.733789,30.0,82.1424,LOW,0.2,0.005,0.0
1774496722.0157788,84.979,-9999.000000,29.722275,30.0,82.3727,LOW,0.2,0.005,0.0
1774496722.0986722,85.062,-9999.000000,29.735023,30.0,82.1177,LOW,0.2,0.005,0.0
1774496722.1689851,85.132,-9999.000000,29.736258,30.0,82.0930,LOW,0.2,0.005,0.0
1774496722.2515585,85.214,-9999.000000,29.727210,30.0,82.2740,LOW,0.2,0.005,0.0
1774496722.3408797,85.304,-9999.000000,29.735847,30.0,82.1012,LOW,0.2,0.005,0.0
1774496722.425041,85.388,-9999.000000,29.740782,30.0,82.0025,LOW,0.2,0.005,0.0
1774496722.5173523,85.480,-9999.000000,29.743251,30.0,81.9532,LOW,0.2,0.005,0.0
1774496722.5846703,85.547,-9999.000000,29.744896,30.0,81.9203,LOW,0.2,0.005,0.0
1774496722.6483517,85.611,-9999.000000,29.744896,30.0,81.9203,LOW,0.2,0.005,0.0
1774496722.7217014,85.685,-9999.000000,29.748186,30.0,81.8545,LOW,0.2,0.005,0.0
1774496722.7866292,85.749,-9999.000000,29.751066,30.0,81.7969,LOW,0.2,0.005,0.0
1774496722.858941,85.822,-9999.000000,29.748597,30.0,81.8462,LOW,0.2,0.005,0.0
1774496722.9398737,85.903,-9999.000000,29.750652,30.0,81.8051,LOW,0.2,0.005,0.0
1774496723.0334806,85.996,-9999.000000,29.752301,30.0,81.7722,LOW,0.2,0.005,0.0
1774496723.1062703,86.069,-9999.000000,29.769989,30.0,81.4184,LOW,0.2,0.005,0.0
1774496723.1839159,86.147,-9999.000000,29.754767,30.0,81.7228,LOW,0.2,0.005,0.0
1774496723.2752292,86.238,-9999.000000,29.752711,30.0,81.7640,LOW,0.2,0.005,0.0
1774496723.3403332,86.303,-9999.000000,29.766698,30.0,81.4842,LOW,0.2,0.005,0.0
1774496723.4118114,86.375,-9999.000000,29.764642,30.0,81.5253,LOW,0.2,0.005,0.0
1774496723.4840107,86.447,-9999.000000,29.759292,30.0,81.6323,LOW,0.2,0.005,0.0
1774496723.548985,86.512,-9999.000000,29.760527,30.0,81.6076,LOW,0.2,0.005,0.0
1774496723.616233,86.579,-9999.000000,29.766698,30.0,81.4842,LOW,0.2,0.005,0.0
1774496723.701888,86.665,-9999.000000,29.769168,30.0,81.4348,LOW,0.2,0.005,0.0
1774496723.779878,86.743,-9999.000000,29.762996,30.0,81.5583,LOW,0.2,0.005,0.0
1774496723.8463442,86.809,-9999.000000,29.766698,30.0,81.4842,LOW,0.2,0.005,0.0
1774496723.9064124,86.869,-9999.000000,29.776985,30.0,81.2785,LOW,0.2,0.005,0.0
1774496723.9704669,86.933,-9999.000000,29.770813,30.0,81.4019,LOW,0.2,0.005,0.0
1774496724.0324905,86.995,-9999.000000,29.767522,30.0,81.4677,LOW,0.2,0.005,0.0
1774496724.099024,87.062,-9999.000000,29.768343,30.0,81.4513,LOW,0.2,0.005,0.0
1774496724.1680572,87.131,-9999.000000,29.769989,30.0,81.4184,LOW,0.2,0.005,0.0
1774496724.2358859,87.199,-9999.000000,29.784803,30.0,81.1221,LOW,0.2,0.005,0.0
1774496724.3000972,87.263,-9999.000000,29.770813,30.0,81.4019,LOW,0.2,0.005,0.0
1774496724.3647203,87.328,-9999.000000,29.771634,30.0,81.3855,LOW,0.2,0.005,0.0
1774496724.437383,87.400,-9999.000000,29.774515,30.0,81.3279,LOW,0.2,0.005,0.0
1774496724.5174587,87.480,-9999.000000,29.775750,30.0,81.3032,LOW,0.2,0.005,0.0
1774496724.5816092,87.544,-9999.000000,29.776160,30.0,81.2950,LOW,0.2,0.005,0.0
1774496724.6457605,87.609,-9999.000000,29.778630,30.0,81.2456,LOW,0.2,0.005,0.0
1774496724.7077465,87.671,-9999.000000,29.779041,30.0,81.2374,LOW,0.2,0.005,0.0
1774496724.786458,87.749,-9999.000000,29.780687,30.0,81.2044,LOW,0.2,0.005,0.0
1774496724.8442402,87.807,-9999.000000,29.781097,30.0,81.1962,LOW,0.2,0.005,0.0
1774496724.9108646,87.874,-9999.000000,29.788094,30.0,81.0563,LOW,0.2,0.005,0.0
1774496724.9735029,87.936,-9999.000000,29.784803,30.0,81.1221,LOW,0.2,0.005,0.0
1774496725.0348358,87.998,-9999.000000,29.773280,30.0,81.3526,LOW,0.2,0.005,0.0
1774496725.0970888,88.060,-9999.000000,29.785624,30.0,81.1057,LOW,0.2,0.005,0.0
1774496725.1632643,88.126,-9999.000000,29.787684,30.0,81.0645,LOW,0.2,0.005,0.0
1774496725.2417262,88.205,-9999.000000,29.786859,30.0,81.0810,LOW,0.2,0.005,0.0
1774496725.3862815,88.349,-9999.000000,29.790975,30.0,80.9987,LOW,0.2,0.005,0.0
1774496725.5355408,88.498,-9999.000000,29.792210,30.0,80.9740,LOW,0.2,0.005,0.0
1774496725.7023683,88.665,-9999.000000,29.797148,30.0,80.8752,LOW,0.2,0.005,0.0
1774496725.85436,88.817,-9999.000000,29.811553,30.0,80.5871,LOW,0.2,0.005,0.0
1774496725.9252398,88.888,-9999.000000,29.792621,30.0,80.9658,LOW,0.2,0.005,0.0
1774496726.002587,88.965,-9999.000000,29.800440,30.0,80.8094,LOW,0.2,0.005,0.0
1774496726.1424937,89.105,-9999.000000,29.802911,30.0,80.7600,LOW,0.2,0.005,0.0
1774496726.2058685,89.169,-9999.000000,29.803322,30.0,80.7517,LOW,0.2,0.005,0.0
1774496726.285195,89.248,-9999.000000,29.805379,30.0,80.7106,LOW,0.2,0.005,0.0
1774496726.3698168,89.333,-9999.000000,29.796738,30.0,80.8834,LOW,0.2,0.005,0.0
1774496726.4715202,89.434,-9999.000000,29.805793,30.0,80.7023,LOW,0.2,0.005,0.0
1774496726.539732,89.503,-9999.000000,29.815259,30.0,80.5130,LOW,0.2,0.005,0.0
1774496726.6180434,89.581,-9999.000000,29.810320,30.0,80.6118,LOW,0.2,0.005,0.0
1774496726.704344,89.667,-9999.000000,29.809906,30.0,80.6201,LOW,0.2,0.005,0.0
1774496726.7899566,89.753,-9999.000000,29.793443,30.0,80.9493,LOW,0.2,0.005,0.0
1774496726.8864527,89.849,-9999.000000,29.812788,30.0,80.5624,LOW,0.2,0.005,0.0
1774496726.9753494,89.938,-9999.000000,29.818552,30.0,80.4471,LOW,0.2,0.005,0.0
1774496727.0587378,90.022,-9999.000000,29.814845,30.0,80.5213,LOW,0.2,0.005,0.0
1774496727.160306,90.123,-9999.000000,29.815670,30.0,80.5048,LOW,0.2,0.005,0.0
1774496727.2241054,90.187,-9999.000000,29.816495,30.0,80.4883,LOW,0.2,0.005,0.0
1774496727.3034012,90.266,-9999.000000,29.793443,30.0,80.9493,LOW,0.2,0.005,0.0
1774496727.4214349,90.384,-9999.000000,29.818963,30.0,80.4389,LOW,0.2,0.005,0.0
1774496727.4934914,90.456,-9999.000000,29.819787,30.0,80.4224,LOW,0.2,0.005,0.0
1774496727.6035826,90.566,-9999.000000,29.820609,30.0,80.4356,HIGH,0.6,0.015,0.001
1774496727.6660252,90.629,-9999.000000,29.820198,30.0,80.4785,HIGH,0.6,0.015,0.001
1774496727.7371113,90.700,-9999.000000,29.821434,30.0,80.4210,HIGH,0.6,0.015,0.001
1774496727.812755,90.776,-9999.000000,29.822256,30.0,80.3925,HIGH,0.6,0.015,0.001
1774496727.8941677,90.857,-9999.000000,29.822670,30.0,80.3899,HIGH,0.6,0.015,0.001
1774496727.9673772,90.930,-9999.000000,29.823491,30.0,80.3594,HIGH,0.6,0.015,0.001
1774496728.035617,90.998,-9999.000000,29.823491,30.0,80.3786,HIGH,0.6,0.015,0.001
1774496728.1122317,91.075,-9999.000000,29.824727,30.0,80.3230,HIGH,0.6,0.015,0.001
1774496728.2257183,91.189,-9999.000000,29.824727,30.0,80.3544,HIGH,0.6,0.015,0.001
1774496728.2958195,91.259,-9999.000000,29.825549,30.0,80.3223,HIGH,0.6,0.015,0.001
1774496728.3714576,91.334,-9999.000000,29.826373,30.0,80.2926,HIGH,0.6,0.015,0.001
1774496728.4849954,91.448,-9999.000000,29.831727,30.0,79.9964,HIGH,0.6,0.015,0.001
1774496728.5550199,91.518,-9999.000000,29.826784,30.0,80.3230,HIGH,0.6,0.015,0.001
1774496728.6634002,91.626,-9999.000000,29.824727,30.0,80.4697,HIGH,0.6,0.015,0.001
1774496728.7315986,91.694,-9999.000000,29.828431,30.0,80.2577,HIGH,0.6,0.015,0.001
1774496728.8096719,91.773,-9999.000000,29.837078,30.0,79.7523,HIGH,0.6,0.015,0.001
1774496728.9129531,91.876,-9999.000000,29.829256,30.0,80.2668,HIGH,0.6,0.015,0.001
1774496728.9819324,91.945,-9999.000000,29.829667,30.0,80.2516,HIGH,0.6,0.015,0.001
1774496729.06187,92.025,-9999.000000,29.830491,30.0,80.2220,HIGH,0.6,0.015,0.001
1774496729.1425292,92.105,-9999.000000,29.831313,30.0,80.1931,HIGH,0.6,0.015,0.001
1774496729.218497,92.181,-9999.000000,29.829667,30.0,80.3145,HIGH,0.6,0.015,0.001
1774496729.297739,92.261,-9999.000000,29.831727,30.0,80.2061,HIGH,0.6,0.015,0.001
1774496729.4086177,92.371,-9999.000000,29.831727,30.0,80.2367,HIGH,0.6,0.015,0.001
1774496729.49403,92.457,-9999.000000,29.834196,30.0,80.1069,HIGH,0.6,0.015,0.001
1774496729.5757484,92.539,-9999.000000,29.832549,30.0,80.2311,HIGH,0.6,0.015,0.001
1774496729.6618836,92.625,-9999.000000,29.833374,30.0,80.2002,HIGH,0.6,0.015,0.001
1774496729.7433438,92.706,-9999.000000,29.850256,30.0,79.1858,HIGH,0.6,0.015,0.001
1774496729.8145108,92.777,-9999.000000,29.844079,30.0,79.6024,HIGH,0.6,0.015,0.001
1774496729.9259112,92.889,-9999.000000,29.834606,30.0,80.1983,HIGH,0.6,0.015,0.001
1774496729.994879,92.958,-9999.000000,29.840782,30.0,79.8267,HIGH,0.6,0.015,0.001
1774496730.0716782,93.035,-9999.000000,29.834196,30.0,80.2586,HIGH,0.6,0.015,0.001
1774496730.1737182,93.137,-9999.000000,29.835020,30.0,80.2249,HIGH,0.6,0.015,0.001
1774496730.2358983,93.199,-9999.000000,29.835431,30.0,80.2158,HIGH,0.6,0.015,0.001
1774496730.3083985,93.271,-9999.000000,29.837489,30.0,80.1078,HIGH,0.6,0.015,0.001
1774496730.3790166,93.342,-9999.000000,29.842018,30.0,79.8492,HIGH,0.6,0.015,0.001
1774496730.4902368,93.453,-9999.000000,29.836667,30.0,80.2088,HIGH,0.6,0.015,0.001
1774496730.5624948,93.525,-9999.000000,29.835020,30.0,80.3229,HIGH,0.6,0.015,0.001
1774496730.6667788,93.630,-9999.000000,29.837489,30.0,80.1956,HIGH,0.6,0.015,0.001
1774496730.7335386,93.696,-9999.000000,29.842018,30.0,79.9352,HIGH,0.6,0.015,0.001
1774496730.80869,93.772,-9999.000000,29.854786,30.0,79.1753,HIGH,0.6,0.015,0.001
1774496730.882427,93.845,-9999.000000,29.837903,30.0,80.2461,HIGH,0.6,0.015,0.001
1774496730.960023,93.923,-9999.000000,29.839550,30.0,80.1410,HIGH,0.6,0.015,0.001
1774496731.0345051,93.997,-9999.000000,29.839550,30.0,80.1610,HIGH,0.6,0.015,0.001
1774496731.1100876,94.073,-9999.000000,29.839550,30.0,80.1792,HIGH,0.6,0.015,0.001
1774496731.186372,94.149,-9999.000000,29.840372,30.0,80.1471,HIGH,0.6,0.015,0.001
1774496731.2634087,94.226,-9999.000000,29.846137,30.0,79.8125,HIGH,0.6,0.015,0.001
1774496731.3679771,94.331,-9999.000000,29.840372,30.0,80.1965,HIGH,0.6,0.015,0.001
1774496731.43883,94.402,-9999.000000,29.842018,30.0,80.1066,HIGH,0.6,0.015,0.001
1774496731.5548415,94.518,-9999.000000,29.842429,30.0,80.1114,HIGH,0.6,0.015,0.001
1774496731.632374,94.595,-9999.000000,29.842429,30.0,80.1301,HIGH,0.6,0.015,0.001
1774496731.739895,94.703,-9999.000000,29.843254,30.0,80.1051,HIGH,0.6,0.015,0.001
1774496731.8384705,94.801,-9999.000000,29.849431,30.0,79.7512,HIGH,0.6,0.015,0.001
1774496731.9102206,94.873,-9999.000000,29.845312,30.0,80.0270,HIGH,0.6,0.015,0.001
1774496732.0143788,94.977,-9999.000000,29.844490,30.0,80.0957,HIGH,0.6,0.015,0.001
1774496732.080508,95.043,-9999.000000,29.845726,30.0,80.0342,HIGH,0.6,0.015,0.001
1774496732.167297,95.130,-9999.000000,29.829667,30.0,81.0403,HIGH,0.6,0.015,0.001
1774496732.2734807,95.236,-9999.000000,29.852725,30.0,79.6400,HIGH,0.6,0.015,0.001
1774496732.3686018,95.331,-9999.000000,29.846959,30.0,80.0356,HIGH,0.6,0.015,0.001
1774496732.4398386,95.403,-9999.000000,29.848195,30.0,79.9699,HIGH,0.6,0.015,0.001
1774496732.514701,95.478,-9999.000000,29.848195,30.0,79.9887,HIGH,0.6,0.015,0.001
1774496732.597589,95.560,-9999.000000,29.823902,30.0,81.4974,HIGH,0.6,0.015,0.001
1774496732.675949,95.639,-9999.000000,29.849842,30.0,79.8963,HIGH,0.6,0.015,0.001
1774496732.7515204,95.714,-9999.000000,29.849020,30.0,79.9969,HIGH,0.6,0.015,0.001
1774496732.8279693,95.791,-9999.000000,29.855608,30.0,79.6085,HIGH,0.6,0.015,0.001
1774496732.9042377,95.867,-9999.000000,29.849842,30.0,79.9878,HIGH,0.6,0.015,0.001
1774496733.014809,95.978,-9999.000000,29.851078,30.0,79.9297,HIGH,0.6,0.015,0.001
1774496733.0841622,96.047,-9999.000000,29.851489,30.0,79.9210,HIGH,0.6,0.015,0.001
1774496733.1994865,96.162,-9999.000000,29.853136,30.0,79.8467,HIGH,0.6,0.015,0.001
1774496733.2648983,96.228,-9999.000000,29.853961,30.0,79.8117,HIGH,0.6,0.015,0.001
1774496733.34159,96.304,-9999.000000,29.854372,30.0,79.8045,HIGH,0.6,0.015,0.001
1774496733.440071,96.403,-9999.000000,29.854372,30.0,79.8266,HIGH,0.6,0.015,0.001
1774496733.5099428,96.473,-9999.000000,29.854786,30.0,79.8164,HIGH,0.6,0.015,0.001
1774496733.5848305,96.548,-9999.000000,29.856019,30.0,79.7575,HIGH,0.6,0.015,0.001
1774496733.6836987,96.647,-9999.000000,29.871258,30.0,78.8485,HIGH,0.6,0.015,0.001
1774496733.744773,96.708,-9999.000000,29.856844,30.0,79.7654,HIGH,0.6,0.015,0.001
1774496733.8117204,96.775,-9999.000000,29.827198,30.0,81.5822,HIGH,0.6,0.015,0.001
1774496733.8831637,96.846,-9999.000000,29.856433,30.0,79.7583,HIGH,0.6,0.015,0.001
1774496733.9544091,96.917,-9999.000000,29.859316,30.0,79.6372,HIGH,0.6,0.015,0.001
1774496734.0302308,96.993,-9999.000000,29.859316,30.0,79.6573,HIGH,0.6,0.015,0.001
1774496734.1383343,97.101,-9999.000000,29.858902,30.0,79.7054,HIGH,0.6,0.015,0.001
1774496734.211039,97.174,-9999.000000,29.860549,30.0,79.6191,HIGH,0.6,0.015,0.001
1774496734.3163178,97.279,-9999.000000,29.860549,30.0,79.6434,HIGH,0.6,0.015,0.001
1774496734.3841925,97.347,-9999.000000,29.861786,30.0,79.5815,HIGH,0.6,0.015,0.001
1774496734.470261,97.433,-9999.000000,29.863433,30.0,79.5002,HIGH,0.6,0.015,0.001
1774496734.5508645,97.514,-9999.000000,29.863844,30.0,79.4934,HIGH,0.6,0.015,0.001
1774496734.623189,97.586,-9999.000000,29.863844,30.0,79.5087,HIGH,0.6,0.015,0.001
1774496734.69722,97.660,-9999.000000,29.865080,30.0,79.4478,HIGH,0.6,0.015,0.001
1774496734.7675295,97.730,-9999.000000,29.879909,30.0,78.5513,HIGH,0.6,0.015,0.001
1774496734.8344488,97.797,-9999.000000,29.865905,30.0,79.4470,HIGH,0.6,0.015,0.001
1774496734.9360065,97.899,-9999.000000,29.860138,30.0,79.7991,HIGH,0.6,0.015,0.001
1774496734.997635,97.960,-9999.000000,29.870436,30.0,79.1708,HIGH,0.6,0.015,0.001
1774496735.0756466,98.038,-9999.000000,29.867141,30.0,79.4050,HIGH,0.6,0.015,0.001
1774496735.1599216,98.123,-9999.000000,29.868789,30.0,79.3166,HIGH,0.6,0.015,0.001
1774496735.2708232,98.234,-9999.000000,29.869611,30.0,79.2901,HIGH,0.6,0.015,0.001
1774496735.368986,98.332,-9999.000000,29.870436,30.0,79.2596,HIGH,0.6,0.015,0.001
1774496735.4378343,98.401,-9999.000000,29.879909,30.0,78.6907,HIGH,0.6,0.015,0.001
1774496735.5077126,98.471,-9999.000000,29.871672,30.0,79.2239,HIGH,0.6,0.015,0.001
1774496735.5831697,98.546,-9999.000000,29.872905,30.0,79.1509,HIGH,0.6,0.015,0.001
1774496735.6949317,98.658,-9999.000000,29.873320,30.0,79.1485,HIGH,0.6,0.015,0.001
1774496735.765435,98.728,-9999.000000,29.874142,30.0,79.1117,HIGH,0.6,0.015,0.001
1774496735.875476,98.838,-9999.000000,29.875378,30.0,79.0581,HIGH,0.6,0.015,0.001
1774496735.945818,98.909,-9999.000000,29.875789,30.0,79.0471,HIGH,0.6,0.015,0.001
1774496736.0180166,98.981,-9999.000000,29.875789,30.0,79.0612,HIGH,0.6,0.015,0.001
1774496736.1287117,99.092,-9999.000000,29.877437,30.0,78.9812,HIGH,0.6,0.015,0.001
1774496736.195426,99.158,-9999.000000,29.877851,30.0,78.9694,HIGH,0.6,0.015,0.001
1774496736.2742648,99.237,-9999.000000,29.878262,30.0,78.9592,HIGH,0.6,0.015,0.001
1774496736.3787417,99.342,-9999.000000,29.879498,30.0,78.9033,HIGH,0.6,0.015,0.001
1774496736.4457095,99.409,-9999.000000,29.880321,30.0,78.8659,HIGH,0.6,0.015,0.001
1774496736.5254447,99.488,-9999.000000,29.880735,30.0,78.8561,HIGH,0.6,0.015,0.001
1774496736.633433,99.596,-9999.000000,29.881557,30.0,78.8257,HIGH,0.6,0.015,0.001
1774496736.700082,99.663,-9999.000000,29.882382,30.0,78.7874,HIGH,0.6,0.015,0.001
1774496736.7776797,99.741,-9999.000000,29.882793,30.0,78.7771,HIGH,0.6,0.015,0.001
1774496736.8555868,99.818,-9999.000000,29.881146,30.0,78.8925,HIGH,0.6,0.015,0.001
1774496736.959809,99.923,-9999.000000,29.885678,30.0,78.6320,HIGH,0.6,0.015,0.001
1774496737.0564084,100.019,-9999.000000,29.885678,30.0,78.6529,HIGH,0.6,0.015,0.001
1774496737.122508,100.085,-9999.000000,29.886914,30.0,78.5881,HIGH,0.6,0.015,0.001
1774496737.2031152,100.166,-9999.000000,29.887325,30.0,78.5784,HIGH,0.6,0.015,0.001
1774496737.2801683,100.243,-9999.000000,29.887736,30.0,78.5667,HIGH,0.6,0.015,0.001
1774496737.3895304,100.352,-9999.000000,29.888973,30.0,78.5101,HIGH,0.6,0.015,0.001
1774496737.459289,100.422,-9999.000000,29.890621,30.0,78.4214,HIGH,0.6,0.015,0.001
1774496737.5315185,100.494,-9999.000000,29.890621,30.0,78.4357,HIGH,0.6,0.015,0.001
1774496737.6398463,100.603,-9999.000000,29.892268,30.0,78.3528,HIGH,0.6,0.015,0.001
1774496737.7377436,100.701,-9999.000000,29.891857,30.0,78.3953,HIGH,0.6,0.015,0.001
1774496737.8081481,100.771,-9999.000000,29.893094,30.0,78.3302,HIGH,0.6,0.015,0.001
1774496737.878416,100.841,-9999.000000,29.893916,30.0,78.2926,HIGH,0.6,0.015,0.001
1774496737.9505072,100.913,-9999.000000,29.891446,30.0,78.4572,HIGH,0.6,0.015,0.001
1774496738.021142,100.984,-9999.000000,29.890621,30.0,78.5160,HIGH,0.6,0.015,0.001
1774496738.1207066,101.084,-9999.000000,29.896800,30.0,78.1533,HIGH,0.6,0.015,0.001
1774496738.1842468,101.147,-9999.000000,29.896389,30.0,78.1947,HIGH,0.6,0.015,0.001
1774496738.2601438,101.223,-9999.000000,29.899685,30.0,78.0033,HIGH,0.6,0.015,0.001
1774496738.334535,101.297,-9999.000000,29.898037,30.0,78.1202,HIGH,0.6,0.015,0.001
1774496738.4062586,101.369,-9999.000000,29.907514,30.0,77.5461,HIGH,0.6,0.015,0.001
1774496738.4794877,101.442,-9999.000000,29.900922,30.0,77.9747,HIGH,0.6,0.015,0.001
1774496738.5504265,101.513,-9999.000000,29.901333,30.0,77.9509,HIGH,0.6,0.015,0.001
1774496738.651899,101.615,-9999.000000,29.902570,30.0,77.8909,HIGH,0.6,0.015,0.001
1774496738.716327,101.679,-9999.000000,29.910810,30.0,77.3936,HIGH,0.6,0.015,0.001
1774496738.7874975,101.750,-9999.000000,29.903806,30.0,77.8467,HIGH,0.6,0.015,0.001
1774496738.8602996,101.823,-9999.000000,29.894327,30.0,78.4301,HIGH,0.6,0.015,0.001
1774496738.9673772,101.930,-9999.000000,29.905454,30.0,77.7543,HIGH,0.6,0.015,0.001
1774496739.0326324,101.995,-9999.000000,29.906277,30.0,77.7232,HIGH,0.6,0.015,0.001
1774496739.1054394,102.068,-9999.000000,29.893094,30.0,78.5453,HIGH,0.6,0.015,0.001
1774496739.1794894,102.142,-9999.000000,29.907925,30.0,77.6275,HIGH,0.6,0.015,0.001
1774496739.2860553,102.249,-9999.000000,29.908750,30.0,77.6118,HIGH,0.6,0.015,0.001
1774496739.3699968,102.333,-9999.000000,29.909162,30.0,77.5989,HIGH,0.6,0.015,0.001
1774496739.4638531,102.427,-9999.000000,29.910810,30.0,77.5113,HIGH,0.6,0.015,0.001
1774496739.5600326,102.523,-9999.000000,29.912872,30.0,77.3997,HIGH,0.6,0.015,0.001
1774496739.6373653,102.600,-9999.000000,29.912458,30.0,77.4374,HIGH,0.6,0.015,0.001
1774496739.7141669,102.677,-9999.000000,29.913695,30.0,77.3710,HIGH,0.6,0.015,0.001
1774496739.7877247,102.751,-9999.000000,29.914106,30.0,77.3568,HIGH,0.6,0.015,0.001
1774496739.8640165,102.827,-9999.000000,29.914932,30.0,77.3165,HIGH,0.6,0.015,0.001
1774496739.9489307,102.912,-9999.000000,29.915754,30.0,77.2780,HIGH,0.6,0.015,0.001
1774496740.0243292,102.987,-9999.000000,29.916580,30.0,77.2378,HIGH,0.6,0.015,0.001
1774496740.1035903,103.066,-9999.000000,29.912046,30.0,77.5270,HIGH,0.6,0.015,0.001
1774496740.2080746,103.171,-9999.000000,29.919054,30.0,77.1069,HIGH,0.6,0.015,0.001
1774496740.2766888,103.240,-9999.000000,29.919465,30.0,77.0966,HIGH,0.6,0.015,0.001
1774496740.348783,103.312,-9999.000000,29.919465,30.0,77.1059,HIGH,0.6,0.015,0.001
1774496740.4184313,103.381,-9999.000000,29.920702,30.0,77.0382,HIGH,0.6,0.015,0.001
1774496740.5152705,103.478,-9999.000000,29.896800,30.0,78.5137,HIGH,0.6,0.015,0.001
1774496740.5738392,103.537,-9999.000000,29.922761,30.0,76.8938,HIGH,0.6,0.015,0.001
1774496740.6446846,103.608,-9999.000000,29.922350,30.0,76.9717,HIGH,0.6,0.015,0.001
1774496740.719613,103.682,-9999.000000,29.918639,30.0,77.2078,HIGH,0.6,0.015,0.001
1774496740.7971969,103.760,-9999.000000,29.923998,30.0,76.8833,HIGH,0.6,0.015,0.001
1774496740.902572,103.865,-9999.000000,29.926469,30.0,76.7512,HIGH,0.6,0.015,0.001
1774496740.972383,103.935,-9999.000000,29.926884,30.0,76.7357,HIGH,0.6,0.015,0.001
1774496741.0747774,104.038,-9999.000000,29.920702,30.0,77.1255,HIGH,0.6,0.015,0.001
1774496741.1396415,104.102,-9999.000000,29.909573,30.0,77.8131,HIGH,0.6,0.015,0.001
1774496741.2127173,104.176,-9999.000000,29.928944,30.0,76.6150,HIGH,0.6,0.015,0.001
1774496741.289968,104.253,-9999.000000,29.938423,30.0,76.0676,HIGH,0.6,0.015,0.001
1774496741.3698707,104.333,-9999.000000,29.943784,30.0,75.7583,HIGH,0.6,0.015,0.001
1774496741.445187,104.408,-9999.000000,29.931418,30.0,76.5311,HIGH,0.6,0.015,0.001
1774496741.5166614,104.479,-9999.000000,29.931829,30.0,76.4967,HIGH,0.6,0.015,0.001
1774496741.6155438,104.578,-9999.000000,29.941721,30.0,75.9025,HIGH,0.6,0.015,0.001
1774496741.6823728,104.645,-9999.000000,29.933066,30.0,76.4514,HIGH,0.6,0.015,0.001
1774496741.7569957,104.720,-9999.000000,29.934303,30.0,76.3699,HIGH,0.6,0.015,0.001
1774496741.8320916,104.795,-9999.000000,29.933889,30.0,76.4044,HIGH,0.6,0.015,0.001
1774496741.9415643,104.904,-9999.000000,29.935126,30.0,76.3392,HIGH,0.6,0.015,0.001
1774496742.008532,104.971,-9999.000000,29.931829,30.0,76.5499,HIGH,0.6,0.015,0.001
1774496742.085436,105.048,-9999.000000,29.945844,30.0,75.6921,HIGH,0.6,0.015,0.001
1774496742.2016506,105.164,-9999.000000,29.935952,30.0,76.3235,HIGH,0.6,0.015,0.001
1774496742.3133345,105.276,-9999.000000,29.935952,30.0,76.3257,HIGH,0.6,0.015,0.001
1774496742.3799973,105.343,-9999.000000,29.937186,30.0,76.2561,HIGH,0.6,0.015,0.001
1774496742.4576626,105.420,-9999.000000,29.937601,30.0,76.2398,HIGH,0.6,0.015,0.001
1774496742.5590675,105.522,-9999.000000,29.937601,30.0,76.2499,HIGH,0.6,0.015,0.001
1774496742.6276846,105.591,-9999.000000,29.937186,30.0,76.2818,HIGH,0.6,0.015,0.001
1774496742.7080464,105.671,-9999.000000,29.938012,30.0,76.2381,HIGH,0.6,0.015,0.001
1774496742.8136878,105.777,-9999.000000,29.936363,30.0,76.3497,HIGH,0.6,0.015,0.001
1774496742.879655,105.842,-9999.000000,29.953676,30.0,75.2877,HIGH,0.6,0.015,0.001
1774496742.9542913,105.917,-9999.000000,29.938012,30.0,76.2817,HIGH,0.6,0.015,0.001
1774496743.0575128,106.020,-9999.000000,29.939249,30.0,76.1947,HIGH,0.6,0.015,0.001
1774496743.1187341,106.082,-9999.000000,29.939660,30.0,76.1761,HIGH,0.6,0.015,0.001
1774496743.1925719,106.155,-9999.000000,29.937601,30.0,76.3101,HIGH,0.6,0.015,0.001
1774496743.2625818,106.225,-9999.000000,29.939249,30.0,76.2124,HIGH,0.6,0.015,0.001
1774496743.3736386,106.336,-9999.000000,29.938012,30.0,76.3004,HIGH,0.6,0.015,0.001
1774496743.4397902,106.403,-9999.000000,29.940486,30.0,76.1530,HIGH,0.6,0.015,0.001
1774496743.5078862,106.471,-9999.000000,29.932652,30.0,76.6452,HIGH,0.6,0.015,0.001
1774496743.606407,106.569,-9999.000000,29.940072,30.0,76.1898,HIGH,0.6,0.015,0.001
1774496743.672413,106.635,-9999.000000,29.940072,30.0,76.2033,HIGH,0.6,0.015,0.001
1774496743.744171,106.707,-9999.000000,29.940072,30.0,76.2097,HIGH,0.6,0.015,0.001
1774496743.8178923,106.781,-9999.000000,29.939660,30.0,76.2416,HIGH,0.6,0.015,0.001
1774496743.890465,106.853,-9999.000000,29.942135,30.0,76.0955,HIGH,0.6,0.015,0.001
1774496743.9943929,106.957,-9999.000000,29.941309,30.0,76.1584,HIGH,0.6,0.015,0.001
1774496744.0582454,107.021,-9999.000000,29.940898,30.0,76.1886,HIGH,0.6,0.015,0.001
1774496744.126113,107.089,-9999.000000,29.941309,30.0,76.1686,HIGH,0.6,0.015,0.001
1774496744.195556,107.158,-9999.000000,29.951616,30.0,75.5410,HIGH,0.6,0.015,0.001
1774496744.2727246,107.236,-9999.000000,29.941309,30.0,76.1944,HIGH,0.6,0.015,0.001
1774496744.374812,107.338,-9999.000000,29.942546,30.0,76.1144,HIGH,0.6,0.015,0.001
1774496744.444862,107.408,-9999.000000,29.943369,30.0,76.0710,HIGH,0.6,0.015,0.001
1774496744.5179644,107.481,-9999.000000,29.940072,30.0,76.2811,HIGH,0.6,0.015,0.001
1774496744.6188369,107.582,-9999.000000,29.941309,30.0,76.2101,HIGH,0.6,0.015,0.001
1774496744.6841705,107.647,-9999.000000,29.944195,30.0,76.0392,HIGH,0.6,0.015,0.001
1774496744.7726283,107.735,-9999.000000,29.944606,30.0,76.0258,HIGH,0.6,0.015,0.001
1774496744.864237,107.827,-9999.000000,29.950790,30.0,75.6552,HIGH,0.6,0.015,0.001
1774496744.948063,107.911,-9999.000000,29.945021,30.0,76.0219,HIGH,0.6,0.015,0.001
1774496745.0283127,107.991,-9999.000000,29.946255,30.0,75.9459,HIGH,0.6,0.015,0.001
1774496745.1145494,108.077,-9999.000000,29.950790,30.0,75.6765,HIGH,0.6,0.015,0.001
1774496745.1974535,108.160,-9999.000000,29.942135,30.0,76.2187,HIGH,0.6,0.015,0.001
1774496745.3102765,108.273,-9999.000000,29.946255,30.0,75.9665,HIGH,0.6,0.015,0.001
1774496745.3837602,108.347,-9999.000000,29.940072,30.0,76.3562,HIGH,0.6,0.015,0.001
1774496745.5056608,108.468,-9999.000000,29.947081,30.0,75.9311,HIGH,0.6,0.015,0.001
1774496745.6188486,108.582,-9999.000000,29.947081,30.0,75.9458,HIGH,0.6,0.015,0.001
1774496745.6933637,108.656,-9999.000000,29.948318,30.0,75.8757,HIGH,0.6,0.015,0.001
1774496745.8103058,108.773,-9999.000000,29.948730,30.0,75.8613,HIGH,0.6,0.015,0.001
1774496745.8801754,108.843,-9999.000000,29.947904,30.0,75.9179,HIGH,0.6,0.015,0.001
1774496745.9987373,108.962,-9999.000000,29.947904,30.0,75.9260,HIGH,0.6,0.015,0.001
1774496746.070831,109.034,-9999.000000,29.950379,30.0,75.7794,HIGH,0.6,0.015,0.001
1774496746.1859736,109.149,-9999.000000,29.949141,30.0,75.8670,HIGH,0.6,0.015,0.001
1774496746.257772,109.221,-9999.000000,29.948730,30.0,75.8967,HIGH,0.6,0.015,0.001
1774496746.3725033,109.335,-9999.000000,29.949553,30.0,75.8547,HIGH,0.6,0.015,0.001
1774496746.4400482,109.403,-9999.000000,29.948730,30.0,75.9112,HIGH,0.6,0.015,0.001
1774496746.5534613,109.516,-9999.000000,29.944195,30.0,76.1955,HIGH,0.6,0.015,0.001
1774496746.6222491,109.585,-9999.000000,29.949553,30.0,75.8675,HIGH,0.6,0.015,0.001
1774496746.7007601,109.664,-9999.000000,29.949967,30.0,75.8558,HIGH,0.6,0.015,0.001
1774496746.813382,109.776,-9999.000000,29.950379,30.0,75.8396,HIGH,0.6,0.015,0.001
1774496746.883606,109.846,-9999.000000,29.945021,30.0,76.1749,HIGH,0.6,0.015,0.001
1774496746.9968092,109.960,-9999.000000,29.951616,30.0,75.7739,HIGH,0.6,0.015,0.001
1774496747.0676281,110.030,-9999.000000,29.947493,30.0,76.0386,HIGH,0.6,0.015,0.001
1774496747.1801689,110.143,-9999.000000,29.951616,30.0,75.7898,HIGH,0.6,0.015,0.001
1774496747.2494473,110.212,-9999.000000,29.949553,30.0,75.9255,HIGH,0.6,0.015,0.001
1774496747.3273668,110.290,-9999.000000,29.950790,30.0,75.8525,HIGH,0.6,0.015,0.001
1774496747.4115493,110.374,-9999.000000,29.950790,30.0,75.8603,HIGH,0.6,0.015,0.001
1774496747.4898942,110.453,-9999.000000,29.949967,30.0,75.9166,HIGH,0.6,0.015,0.001
1774496747.5725372,110.535,-9999.000000,29.932240,30.0,77.0090,HIGH,0.6,0.015,0.001
1774496747.6918895,110.655,-9999.000000,29.950790,30.0,75.8678,HIGH,0.6,0.015,0.001
1774496747.789573,110.752,-9999.000000,29.950790,30.0,75.8906,HIGH,0.6,0.015,0.001
1774496747.8596282,110.822,-9999.000000,29.951616,30.0,75.8449,HIGH,0.6,0.015,0.001
1774496747.9380813,110.901,-9999.000000,29.949967,30.0,75.9530,HIGH,0.6,0.015,0.001
1774496748.0205462,110.983,-9999.000000,29.950790,30.0,75.9066,HIGH,0.6,0.015,0.001
1774496748.100391,111.063,-9999.000000,29.950379,30.0,75.9388,HIGH,0.6,0.015,0.001
1774496748.1794412,111.142,-9999.000000,29.951616,30.0,75.8682,HIGH,0.6,0.015,0.001
1774496748.25663,111.219,-9999.000000,29.950790,30.0,75.9261,HIGH,0.6,0.015,0.001
1774496748.353501,111.316,-9999.000000,29.953676,30.0,75.7556,HIGH,0.6,0.015,0.001
1774496748.417142,111.380,-9999.000000,29.945844,30.0,76.2460,HIGH,0.6,0.015,0.001
1774496748.4966674,111.459,-9999.000000,29.951205,30.0,75.9111,HIGH,0.6,0.015,0.001
1774496748.5770862,111.540,-9999.000000,29.951616,30.0,75.8985,HIGH,0.6,0.015,0.001
1774496748.6766224,111.639,-9999.000000,29.951616,30.0,75.9062,HIGH,0.6,0.015,0.001
1774496748.7462811,111.709,-9999.000000,29.952854,30.0,75.8351,HIGH,0.6,0.015,0.001
1774496748.8244357,111.787,-9999.000000,29.950790,30.0,75.9691,HIGH,0.6,0.015,0.001
1774496748.9295688,111.892,-9999.000000,29.951616,30.0,75.9238,HIGH,0.6,0.015,0.001
1774496749.0086231,111.971,-9999.000000,29.951616,30.0,75.9303,HIGH,0.6,0.015,0.001
1774496749.119506,112.082,-9999.000000,29.952028,30.0,75.9132,HIGH,0.6,0.015,0.001
1774496749.1814632,112.144,-9999.000000,29.951616,30.0,75.9434,HIGH,0.6,0.015,0.001
1774496749.2624495,112.225,-9999.000000,29.942958,30.0,76.4799,HIGH,0.6,0.015,0.001
1774496749.3615136,112.324,-9999.000000,29.949967,30.0,76.0490,HIGH,0.6,0.015,0.001
1774496749.4288998,112.392,-9999.000000,29.952439,30.0,75.9089,HIGH,0.6,0.015,0.001
1774496749.50031,112.463,-9999.000000,29.952439,30.0,75.9177,HIGH,0.6,0.015,0.001
1774496749.576676,112.540,-9999.000000,29.952028,30.0,75.9484,HIGH,0.6,0.015,0.001
1774496749.6519473,112.615,-9999.000000,29.947904,30.0,76.2066,HIGH,0.6,0.015,0.001
1774496749.755629,112.718,-9999.000000,29.952854,30.0,75.9067,HIGH,0.6,0.015,0.001
1774496749.8247952,112.788,-9999.000000,29.953265,30.0,75.8911,HIGH,0.6,0.015,0.001
1774496749.9391756,112.902,-9999.000000,29.952439,30.0,75.9501,HIGH,0.6,0.015,0.001
1774496750.0041778,112.967,-9999.000000,29.953265,30.0,75.9031,HIGH,0.6,0.015,0.001
1774496750.0770195,113.040,-9999.000000,29.942958,30.0,76.5432,HIGH,0.6,0.015,0.001
1774496750.1903372,113.153,-9999.000000,29.953265,30.0,75.9095,HIGH,0.6,0.015,0.001
1774496750.2671978,113.230,-9999.000000,29.953676,30.0,75.8987,HIGH,0.6,0.015,0.001
1774496750.3477387,113.311,-9999.000000,29.957389,30.0,75.6770,HIGH,0.6,0.015,0.001
1774496750.458989,113.422,-9999.000000,29.954502,30.0,75.8650,HIGH,0.6,0.015,0.001
1774496750.5277958,113.491,-9999.000000,29.970170,30.0,74.9027,HIGH,0.6,0.015,0.001
1774496750.6042993,113.567,-9999.000000,29.954088,30.0,75.9166,HIGH,0.6,0.015,0.001
1774496750.7082815,113.671,-9999.000000,29.956563,30.0,75.7515,HIGH,0.6,0.015,0.001
1774496750.7844088,113.747,-9999.000000,29.955325,30.0,75.8349,HIGH,0.6,0.015,0.001
1774496750.9047563,113.868,-9999.000000,29.955325,30.0,75.8413,HIGH,0.6,0.015,0.001
1774496751.0182006,113.981,-9999.000000,29.958623,30.0,75.6476,HIGH,0.6,0.015,0.001
1774496751.0931897,114.056,-9999.000000,29.958212,30.0,75.6804,HIGH,0.6,0.015,0.001
1774496751.2186766,114.182,-9999.000000,29.955325,30.0,75.8638,HIGH,0.6,0.015,0.001
1774496751.3233972,114.286,-9999.000000,29.956974,30.0,75.7677,HIGH,0.6,0.015,0.001
1774496751.399209,114.362,-9999.000000,29.956974,30.0,75.7742,HIGH,0.6,0.015,0.001
1774496751.4794264,114.442,-9999.000000,29.956563,30.0,75.8046,HIGH,0.6,0.015,0.001
1774496751.5631092,114.526,-9999.000000,29.961098,30.0,75.5314,HIGH,0.6,0.015,0.001
1774496751.6422336,114.605,-9999.000000,29.970170,30.0,74.9846,HIGH,0.6,0.015,0.001
1774496751.7255223,114.688,-9999.000000,29.956974,30.0,75.8090,HIGH,0.6,0.015,0.001
1774496751.8122149,114.775,-9999.000000,29.950790,30.0,76.1778,HIGH,0.6,0.015,0.001
1774496751.891659,114.854,-9999.000000,29.956974,30.0,75.7969,HIGH,0.6,0.015,0.001
1774496751.9846492,114.947,-9999.000000,29.957800,30.0,75.7602,HIGH,0.6,0.015,0.001
1774496752.0701494,115.033,-9999.000000,29.957800,30.0,75.7665,HIGH,0.6,0.015,0.001
1774496752.1558013,115.119,-9999.000000,29.958212,30.0,75.7467,HIGH,0.6,0.015,0.001
1774496752.2769043,115.240,-9999.000000,29.975529,30.0,74.6983,HIGH,0.6,0.015,0.001
1774496752.3877168,115.351,-9999.000000,29.967695,30.0,75.1951,HIGH,0.6,0.015,0.001
1774496752.4641535,115.427,-9999.000000,29.960272,30.0,75.6476,HIGH,0.6,0.015,0.001
1774496752.5762115,115.539,-9999.000000,29.959861,30.0,75.6697,HIGH,0.6,0.015,0.001
1774496752.6492207,115.612,-9999.000000,29.961510,30.0,75.5723,HIGH,0.6,0.015,0.001
1774496752.7326772,115.696,-9999.000000,29.961098,30.0,75.6047,HIGH,0.6,0.015,0.001
1774496752.8124404,115.775,-9999.000000,29.961510,30.0,75.5836,HIGH,0.6,0.015,0.001
1774496752.8972554,115.860,-9999.000000,29.961924,30.0,75.5636,HIGH,0.6,0.015,0.001
1774496752.9845912,115.947,-9999.000000,29.961510,30.0,75.5944,HIGH,0.6,0.015,0.001
1774496753.0636244,116.026,-9999.000000,29.962747,30.0,75.5226,HIGH,0.6,0.015,0.001
1774496753.1542568,116.117,-9999.000000,29.961924,30.0,75.5796,HIGH,0.6,0.015,0.001
1774496753.2692497,116.232,-9999.000000,29.963573,30.0,75.4846,HIGH,0.6,0.015,0.001
1774496753.3398793,116.303,-9999.000000,29.962336,30.0,75.5660,HIGH,0.6,0.015,0.001
1774496753.4536886,116.417,-9999.000000,29.963159,30.0,75.5205,HIGH,0.6,0.015,0.001
1774496753.5255,116.488,-9999.000000,29.958623,30.0,75.8041,HIGH,0.6,0.015,0.001
1774496753.6084192,116.571,-9999.000000,29.964808,30.0,75.4236,HIGH,0.6,0.015,0.001
1774496753.6918552,116.655,-9999.000000,29.965222,30.0,75.4100,HIGH,0.6,0.015,0.001
1774496753.7663326,116.729,-9999.000000,29.964396,30.0,75.4652,HIGH,0.6,0.015,0.001
1774496753.836522,116.799,-9999.000000,29.964808,30.0,75.4425,HIGH,0.6,0.015,0.001
1774496753.906342,116.869,-9999.000000,29.964396,30.0,75.4721,HIGH,0.6,0.015,0.001
1774496754.0091953,116.972,-9999.000000,29.961924,30.0,75.6281,HIGH,0.6,0.015,0.001
1774496754.080835,117.044,-9999.000000,29.942546,30.0,76.8216,HIGH,0.6,0.015,0.001
1774496754.1553001,117.118,-9999.000000,29.961924,30.0,75.6101,HIGH,0.6,0.015,0.001
1774496754.2615407,117.224,-9999.000000,29.971819,30.0,75.0376,HIGH,0.6,0.015,0.001
1774496754.3341987,117.297,-9999.000000,29.963985,30.0,75.5317,HIGH,0.6,0.015,0.001
1774496754.4123974,117.375,-9999.000000,29.962336,30.0,75.6264,HIGH,0.6,0.015,0.001
1774496754.527228,117.490,-9999.000000,29.965634,30.0,75.4294,HIGH,0.6,0.015,0.001
1774496754.6371498,117.600,-9999.000000,29.963985,30.0,75.5387,HIGH,0.6,0.015,0.001
1774496754.7067132,117.670,-9999.000000,29.978005,30.0,74.6782,HIGH,0.6,0.015,0.001
1774496754.7885036,117.751,-9999.000000,29.963159,30.0,75.6117,HIGH,0.6,0.015,0.001
1774496754.8756733,117.839,-9999.000000,29.963159,30.0,75.5984,HIGH,0.6,0.015,0.001
1774496754.9540548,117.917,-9999.000000,29.962336,30.0,75.6533,HIGH,0.6,0.015,0.001
1774496755.0336237,117.996,-9999.000000,29.963159,30.0,75.6062,HIGH,0.6,0.015,0.001
1774496755.1152549,118.078,-9999.000000,29.945844,30.0,76.6740,HIGH,0.6,0.015,0.001
1774496755.1923969,118.155,-9999.000000,29.962747,30.0,75.6209,HIGH,0.6,0.015,0.001
1774496755.2714584,118.234,-9999.000000,29.973057,30.0,75.0144,HIGH,0.6,0.015,0.001
1774496755.3506126,118.313,-9999.000000,29.962336,30.0,75.6888,HIGH,0.6,0.015,0.001
1774496755.4332888,118.396,-9999.000000,29.962747,30.0,75.6546,HIGH,0.6,0.015,0.001
1774496755.5104654,118.473,-9999.000000,29.961924,30.0,75.7100,HIGH,0.6,0.015,0.001
1774496755.5946352,118.557,-9999.000000,29.962336,30.0,75.6885,HIGH,0.6,0.015,0.001
1774496755.7116334,118.674,-9999.000000,29.976355,30.0,74.8400,HIGH,0.6,0.015,0.001
1774496755.8194618,118.782,-9999.000000,29.964396,30.0,75.5864,HIGH,0.6,0.015,0.001
1774496755.893255,118.856,-9999.000000,29.963985,30.0,75.6045,HIGH,0.6,0.015,0.001
1774496755.9782588,118.941,-9999.000000,29.963985,30.0,75.6085,HIGH,0.6,0.015,0.001
1774496756.056283,119.019,-9999.000000,29.964808,30.0,75.5622,HIGH,0.6,0.015,0.001
1774496756.133803,119.097,-9999.000000,29.964396,30.0,75.5926,HIGH,0.6,0.015,0.001
1774496756.2124288,119.175,-9999.000000,29.964808,30.0,75.5710,HIGH,0.6,0.015,0.001
1774496756.3166518,119.279,-9999.000000,29.964808,30.0,75.5771,HIGH,0.6,0.015,0.001
1774496756.3842902,119.347,-9999.000000,29.964808,30.0,75.5806,HIGH,0.6,0.015,0.001
1774496756.4609237,119.424,-9999.000000,29.982541,30.0,74.4955,HIGH,0.6,0.015,0.001
1774496756.5358589,119.499,-9999.000000,29.966045,30.0,75.5342,HIGH,0.6,0.015,0.001
1774496756.6415868,119.604,-9999.000000,29.982953,30.0,74.4845,HIGH,0.6,0.015,0.001
1774496756.7041502,119.667,-9999.000000,29.967283,30.0,75.4688,HIGH,0.6,0.015,0.001
1774496756.7844384,119.747,-9999.000000,29.967283,30.0,75.4477,HIGH,0.6,0.015,0.001
1774496756.8971956,119.860,-9999.000000,29.968109,30.0,75.4028,HIGH,0.6,0.015,0.001
1774496756.9674058,119.930,-9999.000000,29.968521,30.0,75.3815,HIGH,0.6,0.015,0.001
1774496757.0824833,120.045,-9999.000000,29.969758,30.0,75.3120,HIGH,0.6,0.015,0.001
1774496757.1571636,120.120,-9999.000000,29.969344,30.0,75.3419,HIGH,0.6,0.015,0.001
1774496757.2727478,120.236,-9999.000000,29.970170,30.0,75.2963,HIGH,0.6,0.015,0.001
1774496757.3431575,120.306,-9999.000000,29.970993,30.0,75.2495,HIGH,0.6,0.015,0.001
1774496757.458407,120.421,-9999.000000,29.971408,30.0,75.2304,HIGH,0.6,0.015,0.001
1774496757.5336194,120.496,-9999.000000,29.972231,30.0,75.1834,HIGH,0.6,0.015,0.001
1774496757.6469347,120.610,-9999.000000,29.972231,30.0,75.1892,HIGH,0.6,0.015,0.001
1774496757.7164998,120.679,-9999.000000,29.985840,30.0,74.3546,HIGH,0.6,0.015,0.001
1774496757.8330963,120.796,-9999.000000,29.974706,30.0,75.0561,HIGH,0.6,0.015,0.001
1774496757.906056,120.869,-9999.000000,29.974706,30.0,75.0494,HIGH,0.6,0.015,0.001
1774496757.9936092,120.956,-9999.000000,29.956974,30.0,76.1392,HIGH,0.6,0.015,0.001
1774496758.075279,121.038,-9999.000000,29.976767,30.0,74.9100,HIGH,0.6,0.015,0.001
1774496758.1579864,121.121,-9999.000000,29.977181,30.0,74.9117,HIGH,0.6,0.015,0.001
1774496758.2457066,121.209,-9999.000000,29.989139,30.0,74.1825,HIGH,0.6,0.015,0.001
1774496758.3237426,121.287,-9999.000000,29.976355,30.0,74.9823,HIGH,0.6,0.015,0.001
1774496758.401617,121.364,-9999.000000,29.977593,30.0,74.8927,HIGH,0.6,0.015,0.001
1774496758.5153015,121.478,-9999.000000,29.980065,30.0,74.7472,HIGH,0.6,0.015,0.001
1774496758.5923197,121.555,-9999.000000,29.978416,30.0,74.8529,HIGH,0.6,0.015,0.001
1774496758.701663,121.664,-9999.000000,29.980065,30.0,74.7536,HIGH,0.6,0.015,0.001
1774496758.770478,121.733,-9999.000000,29.980480,30.0,74.7316,HIGH,0.6,0.015,0.001
1774496758.8862894,121.849,-9999.000000,29.980892,30.0,74.7105,HIGH,0.6,0.015,0.001
1774496758.9570518,121.920,-9999.000000,29.982130,30.0,74.6367,HIGH,0.6,0.015,0.001
1774496759.0343366,121.997,-9999.000000,29.982953,30.0,74.5900,HIGH,0.6,0.015,0.001
1774496759.1175697,122.080,-9999.000000,29.983367,30.0,74.5678,HIGH,0.6,0.015,0.001
1774496759.200362,122.163,-9999.000000,29.984602,30.0,74.4946,HIGH,0.6,0.015,0.001
1774496759.2799404,122.243,-9999.000000,30.001101,30.0,73.4853,HIGH,0.6,0.015,0.001
1774496759.3661604,122.329,-9999.000000,29.986666,30.0,74.3906,HIGH,0.6,0.015,0.001
1774496759.4540887,122.417,-9999.000000,29.959861,30.0,76.0179,HIGH,0.6,0.015,0.001
1774496759.539986,122.503,-9999.000000,29.986666,30.0,74.3496,HIGH,0.6,0.015,0.001
1774496759.6325662,122.595,-9999.000000,29.987490,30.0,74.3323,HIGH,0.6,0.015,0.001
1774496759.7302554,122.693,-9999.000000,29.990377,30.0,74.1584,HIGH,0.6,0.015,0.001
1774496759.8174365,122.780,-9999.000000,29.988316,30.0,74.2889,HIGH,0.6,0.015,0.001
1774496759.9042537,122.867,-9999.000000,29.987490,30.0,74.3387,HIGH,0.6,0.015,0.001
1774496759.9968443,122.960,-9999.000000,29.988727,30.0,74.2637,HIGH,0.6,0.015,0.001
1774496760.0760796,123.039,-9999.000000,29.989554,30.0,74.2157,HIGH,0.6,0.015,0.001
1774496760.1526926,123.116,-9999.000000,29.989965,30.0,74.1926,HIGH,0.6,0.015,0.001
1774496760.2642016,123.227,-9999.000000,29.990377,30.0,74.1697,HIGH,0.6,0.015,0.001
1774496760.333318,123.296,-9999.000000,29.990789,30.0,74.1457,HIGH,0.6,0.015,0.001
1774496760.446643,123.409,-9999.000000,29.991615,30.0,74.0974,HIGH,0.6,0.015,0.001
1774496760.5130873,123.476,-9999.000000,29.991615,30.0,74.0990,HIGH,0.6,0.015,0.001
1774496760.5866542,123.549,-9999.000000,29.992438,30.0,74.0493,HIGH,0.6,0.015,0.001
1774496760.6956234,123.658,-9999.000000,29.991615,30.0,74.1020,HIGH,0.6,0.015,0.001
1774496760.763231,123.726,-9999.000000,29.988316,30.0,74.3052,HIGH,0.6,0.015,0.001
1774496760.841621,123.804,-9999.000000,29.992853,30.0,74.0232,HIGH,0.6,0.015,0.001
1774496760.942662,123.905,-9999.000000,29.985017,30.0,74.5092,HIGH,0.6,0.015,0.001
1774496761.0126116,123.975,-9999.000000,29.993265,30.0,73.9955,HIGH,0.6,0.015,0.001
1774496761.0875833,124.050,-9999.000000,29.993676,30.0,73.9827,HIGH,0.6,0.015,0.001
1774496761.2015836,124.164,-9999.000000,29.994914,30.0,73.9088,HIGH,0.6,0.015,0.001
1774496761.2726514,124.235,-9999.000000,29.984191,30.0,74.5700,HIGH,0.6,0.015,0.001
1774496761.3825023,124.345,-9999.000000,29.996152,30.0,73.8270,HIGH,0.6,0.015,0.001
1774496761.4500015,124.413,-9999.000000,30.011004,30.0,72.9237,HIGH,0.6,0.015,0.001
1774496761.5255914,124.488,-9999.000000,29.996152,30.0,73.8569,HIGH,0.6,0.015,0.001
1774496761.6064508,124.569,-9999.000000,29.996564,30.0,73.8124,HIGH,0.6,0.015,0.001
1774496761.689992,124.653,-9999.000000,29.998214,30.0,73.7122,HIGH,0.6,0.015,0.001
1774496761.767979,124.731,-9999.000000,29.966872,30.0,75.6388,HIGH,0.6,0.015,0.001
1774496761.8422804,124.805,-9999.000000,29.998214,30.0,73.6761,HIGH,0.6,0.015,0.001
1774496761.9562054,124.919,-9999.000000,29.998628,30.0,73.6932,HIGH,0.6,0.015,0.001
1774496762.0262427,124.989,-9999.000000,29.999040,30.0,73.6684,HIGH,0.6,0.015,0.001
1774496762.1382759,125.101,-9999.000000,29.996564,30.0,73.8203,HIGH,0.6,0.015,0.001
1774496762.2055113,125.168,-9999.000000,30.000690,30.0,73.5644,HIGH,0.6,0.015,0.001
1774496762.312285,125.275,-9999.000000,29.970993,30.0,75.3848,HIGH,0.6,0.015,0.001
1774496762.3780751,125.341,-9999.000000,29.999040,30.0,73.6316,HIGH,0.6,0.015,0.001
1774496762.4539523,125.417,-9999.000000,30.001101,30.0,73.5477,HIGH,0.6,0.015,0.001
1774496762.55677,125.520,-9999.000000,30.002339,30.0,73.4746,HIGH,0.6,0.015,0.001
1774496762.625714,125.589,-9999.000000,30.003163,30.0,73.4249,HIGH,0.6,0.015,0.001
1774496762.700795,125.664,-9999.000000,30.003578,30.0,73.4002,HIGH,0.6,0.015,0.001
1774496762.7743454,125.737,-9999.000000,30.004816,30.0,73.3243,HIGH,0.6,0.015,0.001
1774496762.88723,125.850,-9999.000000,30.005227,30.0,73.3000,HIGH,0.6,0.015,0.001
1774496762.9553483,125.918,-9999.000000,30.005227,30.0,73.2998,HIGH,0.6,0.015,0.001
1774496763.0706792,126.034,-9999.000000,30.007289,30.0,73.1731,HIGH,0.6,0.015,0.001
1774496763.137112,126.100,-9999.000000,30.006466,30.0,73.2249,HIGH,0.6,0.015,0.001
1774496763.215617,126.178,-9999.000000,30.008115,30.0,73.1216,HIGH,0.6,0.015,0.001
1774496763.3300343,126.293,-9999.000000,30.008115,30.0,73.1223,HIGH,0.6,0.015,0.001
1774496763.3975787,126.360,-9999.000000,30.008115,30.0,73.1215,HIGH,0.6,0.015,0.001
1774496763.4757342,126.439,-9999.000000,30.009354,30.0,73.0445,HIGH,0.6,0.015,0.001
1774496763.5783038,126.541,-9999.000000,30.008939,30.0,73.0700,HIGH,0.6,0.015,0.001
1774496763.6452425,126.608,-9999.000000,30.009765,30.0,73.0178,HIGH,0.6,0.015,0.001
1774496763.723051,126.686,-9999.000000,30.008939,30.0,73.0686,HIGH,0.6,0.015,0.001
1774496763.82518,126.788,-9999.000000,30.010589,30.0,72.9653,HIGH,0.6,0.015,0.001
1774496763.8934026,126.856,-9999.000000,30.011415,30.0,72.9150,HIGH,0.6,0.015,0.001
1774496763.9903002,126.953,-9999.000000,30.012654,30.0,72.8388,HIGH,0.6,0.015,0.001
1774496764.074699,127.038,-9999.000000,30.012239,30.0,72.8639,HIGH,0.6,0.015,0.001
1774496764.1595757,127.122,-9999.000000,30.030393,30.0,71.7489,HIGH,0.6,0.015,0.001
1774496764.242691,127.206,-9999.000000,30.009765,30.0,73.0315,HIGH,0.6,0.015,0.001
1774496764.3205116,127.283,-9999.000000,30.013889,30.0,72.7524,HIGH,0.6,0.015,0.001
1774496764.3980234,127.361,-9999.000000,30.028743,30.0,71.8439,HIGH,0.6,0.015,0.001
1774496764.5170896,127.480,-9999.000000,29.994914,30.0,73.9221,HIGH,0.6,0.015,0.001
1774496764.5850372,127.548,-9999.000000,30.017192,30.0,72.5225,HIGH,0.6,0.015,0.001
1774496764.6562579,127.619,-9999.000000,30.015127,30.0,72.6805,HIGH,0.6,0.015,0.001
1774496764.7615592,127.724,-9999.000000,30.015127,30.0,72.6752,HIGH,0.6,0.015,0.001
1774496764.825431,127.788,-9999.000000,30.016365,30.0,72.5974,HIGH,0.6,0.015,0.001
1774496764.8988323,127.862,-9999.000000,30.018015,30.0,72.4961,HIGH,0.6,0.015,0.001
1774496765.0131562,127.976,-9999.000000,30.017192,30.0,72.5455,HIGH,0.6,0.015,0.001
1774496765.0800822,128.043,-9999.000000,30.017192,30.0,72.5431,HIGH,0.6,0.015,0.001
1774496765.1553352,128.118,-9999.000000,30.015954,30.0,72.6172,HIGH,0.6,0.015,0.001
1774496765.2576122,128.220,-9999.000000,30.015954,30.0,72.6131,HIGH,0.6,0.015,0.001
1774496765.3222377,128.285,-9999.000000,30.015954,30.0,72.6116,HIGH,0.6,0.015,0.001
1774496765.3934965,128.356,-9999.000000,30.015954,30.0,72.6099,HIGH,0.6,0.015,0.001
1774496765.4677603,128.431,-9999.000000,30.028743,30.0,71.8221,HIGH,0.6,0.015,0.001
1774496765.5709207,128.534,-9999.000000,30.016365,30.0,72.5914,HIGH,0.6,0.015,0.001
1774496765.638698,128.602,-9999.000000,30.018015,30.0,72.4762,HIGH,0.6,0.015,0.001
1774496765.7090306,128.672,-9999.000000,30.015542,30.0,72.6289,HIGH,0.6,0.015,0.001
1774496765.7798812,128.743,-9999.000000,30.016777,30.0,72.5477,HIGH,0.6,0.015,0.001
1774496765.8907151,128.854,-9999.000000,30.018015,30.0,72.4711,HIGH,0.6,0.015,0.001
1774496765.9620419,128.925,-9999.000000,30.013889,30.0,72.7241,HIGH,0.6,0.015,0.001
1774496766.0396276,129.002,-9999.000000,30.016777,30.0,72.5393,HIGH,0.6,0.015,0.001
1774496766.1556196,129.118,-9999.000000,30.016365,30.0,72.5653,HIGH,0.6,0.015,0.001
1774496766.2606428,129.223,-9999.000000,30.016365,30.0,72.5623,HIGH,0.6,0.015,0.001
1774496766.33084,129.294,-9999.000000,30.017192,30.0,72.5098,HIGH,0.6,0.015,0.001
1774496766.4076564,129.370,-9999.000000,30.016365,30.0,72.5597,HIGH,0.6,0.015,0.001
1774496766.4959953,129.459,-9999.000000,30.015127,30.0,72.6323,HIGH,0.6,0.015,0.001
1774496766.5762205,129.539,-9999.000000,30.011415,30.0,72.8569,HIGH,0.6,0.015,0.001
1774496766.6605067,129.623,-9999.000000,30.015127,30.0,72.6232,HIGH,0.6,0.015,0.001
1774496766.7725878,129.735,-9999.000000,30.021316,30.0,72.2472,HIGH,0.6,0.015,0.001
1774496766.8398662,129.803,-9999.000000,30.015954,30.0,72.5808,HIGH,0.6,0.015,0.001
1774496766.9606907,129.924,-9999.000000,30.015542,30.0,72.5951,HIGH,0.6,0.015,0.001
1774496767.0279925,129.991,-9999.000000,30.015127,30.0,72.6187,HIGH,0.6,0.015,0.001
1774496767.1390493,130.102,-9999.000000,30.015542,30.0,72.5903,HIGH,0.6,0.015,0.001
1774496767.209151,130.172,-9999.000000,30.015542,30.0,72.5890,HIGH,0.6,0.015,0.001
1774496767.2854228,130.248,-9999.000000,30.015127,30.0,72.6127,HIGH,0.6,0.015,0.001
1774496767.3975217,130.360,-9999.000000,30.019665,30.0,72.3325,HIGH,0.6,0.015,0.001
1774496767.4658437,130.429,-9999.000000,30.003578,30.0,73.3250,HIGH,0.6,0.015,0.001
1774496767.57538,130.538,-9999.000000,30.015542,30.0,72.5701,HIGH,0.6,0.015,0.001
1774496767.6442542,130.607,-9999.000000,30.015127,30.0,72.6050,HIGH,0.6,0.015,0.001
1774496767.7197804,130.683,-9999.000000,30.014715,30.0,72.6279,HIGH,0.6,0.015,0.001
1774496767.8376124,130.800,-9999.000000,30.014304,30.0,72.6499,HIGH,0.6,0.015,0.001
1774496767.9602408,130.923,-9999.000000,30.013065,30.0,72.7225,HIGH,0.6,0.015,0.001
1774496768.033195,130.996,-9999.000000,30.013889,30.0,72.6694,HIGH,0.6,0.015,0.001
1774496768.1594675,131.122,-9999.000000,30.013065,30.0,72.7181,HIGH,0.6,0.015,0.001
1774496768.279318,131.242,-9999.000000,30.013065,30.0,72.7151,HIGH,0.6,0.015,0.001
1774496768.3907037,131.354,-9999.000000,29.995326,30.0,73.7962,HIGH,0.6,0.015,0.001
1774496768.4652014,131.428,-9999.000000,30.012654,30.0,72.7159,HIGH,0.6,0.015,0.001
1774496768.5831118,131.546,-9999.000000,30.011415,30.0,72.8125,HIGH,0.6,0.015,0.001
1774496768.660562,131.623,-9999.000000,30.011004,30.0,72.8354,HIGH,0.6,0.015,0.001
1774496768.7790186,131.742,-9999.000000,30.011004,30.0,72.8329,HIGH,0.6,0.015,0.001
1774496768.8797905,131.843,-9999.000000,30.011004,30.0,72.8313,HIGH,0.6,0.015,0.001
1774496768.9487011,131.912,-9999.000000,30.010177,30.0,72.8810,HIGH,0.6,0.015,0.001
1774496769.0204144,131.983,-9999.000000,30.005639,30.0,73.1578,HIGH,0.6,0.015,0.001
1774496769.096971,132.060,-9999.000000,30.022966,30.0,72.0866,HIGH,0.6,0.015,0.001
1774496769.1869066,132.150,-9999.000000,30.018015,30.0,72.4094,HIGH,0.6,0.015,0.001
1774496769.262606,132.225,-9999.000000,30.018427,30.0,72.3765,HIGH,0.6,0.015,0.001
1774496769.341677,132.305,-9999.000000,30.024204,30.0,72.0203,HIGH,0.6,0.015,0.001
1774496769.458819,132.422,-9999.000000,30.006877,30.0,73.0808,HIGH,0.6,0.015,0.001
1774496769.5369692,132.500,-9999.000000,30.022966,30.0,72.0774,HIGH,0.6,0.015,0.001
1774496769.6325905,132.595,-9999.000000,30.006466,30.0,73.1043,HIGH,0.6,0.015,0.001
1774496769.7147212,132.678,-9999.000000,30.005227,30.0,73.1622,HIGH,0.6,0.015,0.001
1774496769.8326101,132.795,-9999.000000,30.004816,30.0,73.1849,HIGH,0.6,0.015,0.001
1774496769.9042668,132.867,-9999.000000,30.004401,30.0,73.2095,HIGH,0.6,0.015,0.001
1774496770.0224366,132.985,-9999.000000,30.003989,30.0,73.2333,HIGH,0.6,0.015,0.001
1774496770.0955217,133.058,-9999.000000,30.000690,30.0,73.4354,HIGH,0.6,0.015,0.001
1774496770.2080507,133.171,-9999.000000,30.002339,30.0,73.3300,HIGH,0.6,0.015,0.001
1774496770.2745485,133.237,-9999.000000,30.001101,30.0,73.4075,HIGH,0.6,0.015,0.001
1774496770.3891742,133.352,-9999.000000,30.001101,30.0,73.4054,HIGH,0.6,0.015,0.001
1774496770.4609025,133.424,-9999.000000,30.001101,30.0,73.4053,HIGH,0.6,0.015,0.001
1774496770.5415826,133.504,-9999.000000,30.000690,30.0,73.4305,HIGH,0.6,0.015,0.001
1774496770.6230335,133.586,-9999.000000,29.999040,30.0,73.5311,HIGH,0.6,0.015,0.001
1774496770.7024934,133.665,-9999.000000,29.999452,30.0,73.5039,HIGH,0.6,0.015,0.001
1774496770.7809885,133.744,-9999.000000,29.997802,30.0,73.6058,HIGH,0.6,0.015,0.001
1774496770.8915398,133.854,-9999.000000,30.007701,30.0,72.9995,HIGH,0.6,0.015,0.001
1774496770.9569597,133.920,-9999.000000,30.003163,30.0,73.2874,HIGH,0.6,0.015,0.001
1774496771.0348887,133.998,-9999.000000,29.998214,30.0,73.5839,HIGH,0.6,0.015,0.001
1774496771.1387734,134.102,-9999.000000,29.997390,30.0,73.6282,HIGH,0.6,0.015,0.001
1774496771.2075891,134.170,-9999.000000,29.996564,30.0,73.6785,HIGH,0.6,0.015,0.001
1774496771.2806308,134.243,-9999.000000,29.995326,30.0,73.7538,HIGH,0.6,0.015,0.001
1774496771.3918505,134.355,-9999.000000,29.999452,30.0,73.5010,HIGH,0.6,0.015,0.001
1774496771.4619875,134.425,-9999.000000,29.995326,30.0,73.7586,HIGH,0.6,0.015,0.001
1774496771.540391,134.503,-9999.000000,29.993265,30.0,73.8798,HIGH,0.6,0.015,0.001
1774496771.6569605,134.620,-9999.000000,29.993265,30.0,73.8783,HIGH,0.6,0.015,0.001
1774496771.762653,134.725,-9999.000000,29.992438,30.0,73.9299,HIGH,0.6,0.015,0.001
1774496771.829156,134.792,-9999.000000,29.989139,30.0,74.1331,HIGH,0.6,0.015,0.001
1774496771.9074154,134.870,-9999.000000,29.991615,30.0,73.9774,HIGH,0.6,0.015,0.001
1774496772.0162919,134.979,-9999.000000,29.991203,30.0,74.0071,HIGH,0.6,0.015,0.001
1774496772.0790758,135.042,-9999.000000,29.989139,30.0,74.1349,HIGH,0.6,0.015,0.001
1774496772.152555,135.115,-9999.000000,29.990377,30.0,74.0567,HIGH,0.6,0.015,0.001
1774496772.2614524,135.224,-9999.000000,29.996975,30.0,73.6569,HIGH,0.6,0.015,0.001
1774496772.3274121,135.290,-9999.000000,29.987904,30.0,74.2222,HIGH,0.6,0.015,0.001
1774496772.4041529,135.367,-9999.000000,29.989554,30.0,74.1085,HIGH,0.6,0.015,0.001
1774496772.5100253,135.473,-9999.000000,29.989139,30.0,74.1377,HIGH,0.6,0.015,0.001
1774496772.5782292,135.541,-9999.000000,29.988316,30.0,74.1891,HIGH,0.6,0.015,0.001
1774496772.6518745,135.615,-9999.000000,29.988727,30.0,74.1639,HIGH,0.6,0.015,0.001
1774496772.7633832,135.726,-9999.000000,29.987904,30.0,74.2166,HIGH,0.6,0.015,0.001
1774496772.8292584,135.792,-9999.000000,29.988316,30.0,74.1917,HIGH,0.6,0.015,0.001
1774496772.9087214,135.872,-9999.000000,29.986252,30.0,74.3204,HIGH,0.6,0.015,0.001
1774496773.0155532,135.978,-9999.000000,29.985428,30.0,74.3703,HIGH,0.6,0.015,0.001
1774496773.0791652,136.042,-9999.000000,29.985840,30.0,74.3455,HIGH,0.6,0.015,0.001
1774496773.1515968,136.114,-9999.000000,29.988316,30.0,74.1955,HIGH,0.6,0.015,0.001
1774496773.2594957,136.222,-9999.000000,29.987904,30.0,74.2259,HIGH,0.6,0.015,0.001
1774496773.328188,136.291,-9999.000000,29.987490,30.0,74.2523,HIGH,0.6,0.015,0.001
1774496773.4057114,136.369,-9999.000000,29.986252,30.0,74.3292,HIGH,0.6,0.015,0.001
1774496773.514244,136.477,-9999.000000,29.964396,30.0,75.6648,HIGH,0.6,0.015,0.001
1774496773.5870073,136.550,-9999.000000,29.987490,30.0,74.2287,HIGH,0.6,0.015,0.001
1774496773.6668587,136.630,-9999.000000,29.987904,30.0,74.2365,HIGH,0.6,0.015,0.001
1774496773.7441347,136.707,-9999.000000,29.986666,30.0,74.3145,HIGH,0.6,0.015,0.001
1774496773.8207855,136.784,-9999.000000,29.996152,30.0,73.7318,HIGH,0.6,0.015,0.001
1774496773.8951666,136.858,-9999.000000,29.987904,30.0,74.2515,HIGH,0.6,0.015,0.001
1774496773.9714987,136.934,-9999.000000,29.988727,30.0,74.1912,HIGH,0.6,0.015,0.001
1774496774.0774748,137.040,-9999.000000,29.987904,30.0,74.2444,HIGH,0.6,0.015,0.001
1774496774.1471648,137.110,-9999.000000,29.987904,30.0,74.2449,HIGH,0.6,0.015,0.001
1774496774.2229896,137.186,-9999.000000,29.989139,30.0,74.1704,HIGH,0.6,0.015,0.001
1774496774.3299618,137.293,-9999.000000,29.988727,30.0,74.1989,HIGH,0.6,0.015,0.001
1774496774.398072,137.361,-9999.000000,29.989139,30.0,74.1743,HIGH,0.6,0.015,0.001
1774496774.4726472,137.435,-9999.000000,29.989554,30.0,74.1506,HIGH,0.6,0.015,0.001
1774496774.580374,137.543,-9999.000000,29.991615,30.0,74.0270,HIGH,0.6,0.015,0.001
1774496774.6461742,137.609,-9999.000000,30.006466,30.0,73.1146,HIGH,0.6,0.015,0.001
1774496774.722186,137.685,-9999.000000,29.989139,30.0,74.2008,HIGH,0.6,0.015,0.001
1774496774.8325133,137.795,-9999.000000,29.990789,30.0,74.0791,HIGH,0.6,0.015,0.001
1774496774.8997347,137.863,-9999.000000,29.997390,30.0,73.6749,HIGH,0.6,0.015,0.001
1774496775.0105793,137.973,-9999.000000,29.991203,30.0,74.0630,HIGH,0.6,0.015,0.001
1774496775.0750334,138.038,-9999.000000,29.992027,30.0,74.0075,HIGH,0.6,0.015,0.001
1774496775.159572,138.122,-9999.000000,29.995326,30.0,73.8075,HIGH,0.6,0.015,0.001
1774496775.266147,138.229,-9999.000000,29.995326,30.0,73.8122,HIGH,0.6,0.015,0.001
1774496775.3323555,138.295,-9999.000000,29.992438,30.0,73.9906,HIGH,0.6,0.015,0.001
1774496775.4091933,138.372,-9999.000000,29.992853,30.0,73.9616,HIGH,0.6,0.015,0.001
1774496775.5156562,138.478,-9999.000000,29.992853,30.0,73.9633,HIGH,0.6,0.015,0.001
1774496775.580277,138.543,-9999.000000,29.994503,30.0,73.8623,HIGH,0.6,0.015,0.001
1774496775.659249,138.622,-9999.000000,29.995326,30.0,73.8150,HIGH,0.6,0.015,0.001
1774496775.771567,138.734,-9999.000000,29.994914,30.0,73.8419,HIGH,0.6,0.015,0.001
1774496775.843813,138.807,-9999.000000,29.994914,30.0,73.8421,HIGH,0.6,0.015,0.001
1774496775.9516416,138.914,-9999.000000,29.995326,30.0,73.8178,HIGH,0.6,0.015,0.001
1774496776.0204668,138.983,-9999.000000,30.009765,30.0,72.9298,HIGH,0.6,0.015,0.001
1774496776.0947793,139.058,-9999.000000,29.990377,30.0,74.1412,HIGH,0.6,0.015,0.001
1774496776.1979744,139.161,-9999.000000,29.996152,30.0,73.7636,HIGH,0.6,0.015,0.001
1774496776.2645376,139.227,-9999.000000,29.996975,30.0,73.7189,HIGH,0.6,0.015,0.001
1774496776.34045,139.303,-9999.000000,29.996975,30.0,73.7205,HIGH,0.6,0.015,0.001
1774496776.4445124,139.407,-9999.000000,29.996152,30.0,73.7713,HIGH,0.6,0.015,0.001
1774496776.5083623,139.471,-9999.000000,29.985840,30.0,74.4067,HIGH,0.6,0.015,0.001
1774496776.5923097,139.555,-9999.000000,29.995741,30.0,73.7853,HIGH,0.6,0.015,0.001
1774496776.7117925,139.675,-9999.000000,29.996564,30.0,73.7476,HIGH,0.6,0.015,0.001
1774496776.783523,139.746,-9999.000000,29.997802,30.0,73.6725,HIGH,0.6,0.015,0.001
1774496776.8982317,139.861,-9999.000000,29.997802,30.0,73.6746,HIGH,0.6,0.015,0.001
1774496777.0088928,139.972,-9999.000000,29.998214,30.0,73.6499,HIGH,0.6,0.015,0.001
1774496777.0764225,140.039,-9999.000000,29.997390,30.0,73.7011,HIGH,0.6,0.015,0.001
1774496777.1558092,140.119,-9999.000000,29.999040,30.0,73.5989,HIGH,0.6,0.015,0.001
1774496777.2590866,140.222,-9999.000000,29.999452,30.0,73.5760,HIGH,0.6,0.015,0.001
1774496777.3245318,140.287,-9999.000000,30.000690,30.0,73.5002,HIGH,0.6,0.015,0.001
1774496777.3965738,140.359,-9999.000000,30.000278,30.0,73.5273,HIGH,0.6,0.015,0.001
1774496777.481604,140.444,-9999.000000,30.000278,30.0,73.5267,HIGH,0.6,0.015,0.001
1774496777.5825877,140.545,-9999.000000,30.000690,30.0,73.5015,HIGH,0.6,0.015,0.001
1774496777.6471848,140.610,-9999.000000,30.001101,30.0,73.4764,HIGH,0.6,0.015,0.001
1774496777.7198834,140.683,-9999.000000,30.000690,30.0,73.5023,HIGH,0.6,0.015,0.001
1774496777.8265357,140.789,-9999.000000,30.001101,30.0,73.4764,HIGH,0.6,0.015,0.001
1774496777.8902194,140.853,-9999.000000,30.000690,30.0,73.5021,HIGH,0.6,0.015,0.001
1774496777.967615,140.930,-9999.000000,30.002339,30.0,73.4001,HIGH,0.6,0.015,0.001
1774496778.0731149,141.036,-9999.000000,29.989139,30.0,74.2085,HIGH,0.6,0.015,0.001
1774496778.1389399,141.102,-9999.000000,30.001513,30.0,73.4346,HIGH,0.6,0.015,0.001
1774496778.2099905,141.173,-9999.000000,30.001513,30.0,73.4532,HIGH,0.6,0.015,0.001
1774496778.2863274,141.249,-9999.000000,30.001928,30.0,73.4275,HIGH,0.6,0.015,0.001
1774496778.3880806,141.351,-9999.000000,30.001928,30.0,73.4278,HIGH,0.6,0.015,0.001
1774496778.4515462,141.414,-9999.000000,30.002751,30.0,73.3768,HIGH,0.6,0.015,0.001
1774496778.5268865,141.490,-9999.000000,30.001928,30.0,73.4284,HIGH,0.6,0.015,0.001
1774496778.63153,141.594,-9999.000000,30.002339,30.0,73.4019,HIGH,0.6,0.015,0.001
1774496778.6978493,141.661,-9999.000000,30.002339,30.0,73.4020,HIGH,0.6,0.015,0.001
1774496778.7718382,141.735,-9999.000000,30.003163,30.0,73.3512,HIGH,0.6,0.015,0.001
1774496778.8458068,141.809,-9999.000000,30.003989,30.0,73.3011,HIGH,0.6,0.015,0.001
1774496778.951532,141.914,-9999.000000,30.003163,30.0,73.3521,HIGH,0.6,0.015,0.001
1774496779.0155168,141.978,-9999.000000,30.004401,30.0,73.2747,HIGH,0.6,0.015,0.001
1774496779.1068459,142.070,-9999.000000,30.003989,30.0,73.3012,HIGH,0.6,0.015,0.001
1774496779.1948242,142.158,-9999.000000,30.003578,30.0,73.3255,HIGH,0.6,0.015,0.001
1774496779.2858322,142.249,-9999.000000,30.003989,30.0,73.2993,HIGH,0.6,0.015,0.001
1774496779.3788912,142.342,-9999.000000,30.006051,30.0,73.1730,HIGH,0.6,0.015,0.001
1774496779.4577088,142.421,-9999.000000,30.003578,30.0,73.3263,HIGH,0.6,0.015,0.001
1774496779.5598629,142.523,-9999.000000,30.012239,30.0,72.7932,HIGH,0.6,0.015,0.001
1774496779.624395,142.587,-9999.000000,30.004816,30.0,73.2581,HIGH,0.6,0.015,0.001
1774496779.6963356,142.659,-9999.000000,30.005639,30.0,73.1954,HIGH,0.6,0.015,0.001
1774496779.7744694,142.737,-9999.000000,30.007701,30.0,73.0693,HIGH,0.6,0.015,0.001
1774496779.879311,142.842,-9999.000000,30.004401,30.0,73.2724,HIGH,0.6,0.015,0.001
1774496779.9463172,142.909,-9999.000000,30.005639,30.0,73.1925,HIGH,0.6,0.015,0.001
1774496780.0203826,142.983,-9999.000000,30.006877,30.0,73.1177,HIGH,0.6,0.015,0.001
1774496780.1273813,143.090,-9999.000000,30.006466,30.0,73.1434,HIGH,0.6,0.015,0.001
1774496780.1895366,143.152,-9999.000000,30.007701,30.0,73.0662,HIGH,0.6,0.015,0.001
1774496780.2660728,143.229,-9999.000000,30.007701,30.0,73.0673,HIGH,0.6,0.015,0.001
1774496780.3726587,143.335,-9999.000000,30.006877,30.0,73.1164,HIGH,0.6,0.015,0.001
1774496780.4367733,143.400,-9999.000000,30.008527,30.0,73.0132,HIGH,0.6,0.015,0.001
1774496780.509455,143.472,-9999.000000,30.009765,30.0,72.9387,HIGH,0.6,0.015,0.001
1774496780.5816116,143.544,-9999.000000,30.008527,30.0,73.0155,HIGH,0.6,0.015,0.001
1774496780.6831117,143.646,-9999.000000,30.025854,30.0,71.9531,HIGH,0.6,0.015,0.001
1774496780.7516325,143.714,-9999.000000,30.010177,30.0,72.9327,HIGH,0.6,0.015,0.001
1774496780.8217173,143.785,-9999.000000,30.000690,30.0,73.4925,HIGH,0.6,0.015,0.001
1774496780.9004176,143.863,-9999.000000,30.010177,30.0,72.8965,HIGH,0.6,0.015,0.001
1774496780.9806676,143.943,-9999.000000,30.010177,30.0,72.9073,HIGH,0.6,0.015,0.001
1774496781.0922284,144.055,-9999.000000,30.011415,30.0,72.8300,HIGH,0.6,0.015,0.001
1774496781.1558285,144.119,-9999.000000,30.011415,30.0,72.8300,HIGH,0.6,0.015,0.001
1774496781.2278416,144.191,-9999.000000,30.010589,30.0,72.8796,HIGH,0.6,0.015,0.001
1774496781.3352935,144.298,-9999.000000,30.012654,30.0,72.7506,HIGH,0.6,0.015,0.001
1774496781.400328,144.363,-9999.000000,30.013065,30.0,72.7259,HIGH,0.6,0.015,0.001
1774496781.474208,144.437,-9999.000000,30.012654,30.0,72.7504,HIGH,0.6,0.015,0.001
1774496781.5482178,144.511,-9999.000000,30.013065,30.0,72.7231,HIGH,0.6,0.015,0.001
1774496781.6522026,144.615,-9999.000000,30.013889,30.0,72.6713,HIGH,0.6,0.015,0.001
1774496781.7181568,144.681,-9999.000000,30.031632,30.0,71.5775,HIGH,0.6,0.015,0.001
1774496781.7937112,144.757,-9999.000000,30.013889,30.0,72.6909,HIGH,0.6,0.015,0.001
1774496781.895666,144.858,-9999.000000,30.014715,30.0,72.6148,HIGH,0.6,0.015,0.001
1774496781.976051,144.939,-9999.000000,30.015542,30.0,72.5631,HIGH,0.6,0.015,0.001
1774496782.0478485,145.011,-9999.000000,30.029155,30.0,71.7252,HIGH,0.6,0.015,0.001
1774496782.1556604,145.118,-9999.000000,30.015954,30.0,72.5459,HIGH,0.6,0.015,0.001
1774496782.2200475,145.183,-9999.000000,30.018015,30.0,72.4050,HIGH,0.6,0.015,0.001
1774496782.2925947,145.255,-9999.000000,30.016365,30.0,72.5077,HIGH,0.6,0.015,0.001
1774496782.3956666,145.358,-9999.000000,30.018427,30.0,72.3769,HIGH,0.6,0.015,0.001
1774496782.456566,145.419,-9999.000000,30.001101,30.0,73.4468,HIGH,0.6,0.015,0.001
1774496782.5269403,145.490,-9999.000000,30.003989,30.0,73.2406,HIGH,0.6,0.015,0.001
1774496782.597078,145.560,-9999.000000,30.017192,30.0,72.4319,HIGH,0.6,0.015,0.001
1774496782.670179,145.633,-9999.000000,30.018842,30.0,72.3474,HIGH,0.6,0.015,0.001
1774496782.7817018,145.745,-9999.000000,30.018842,30.0,72.3465,HIGH,0.6,0.015,0.001
1774496782.846179,145.809,-9999.000000,30.019665,30.0,72.2939,HIGH,0.6,0.015,0.001
1774496782.9185557,145.881,-9999.000000,30.021316,30.0,72.1916,HIGH,0.6,0.015,0.001
1774496783.0336716,145.997,-9999.000000,30.021730,30.0,72.1648,HIGH,0.6,0.015,0.001
1774496783.0985823,146.061,-9999.000000,30.021730,30.0,72.1631,HIGH,0.6,0.015,0.001
1774496783.1716435,146.134,-9999.000000,30.017192,30.0,72.4397,HIGH,0.6,0.015,0.001
1774496783.2761729,146.239,-9999.000000,30.022966,30.0,72.0780,HIGH,0.6,0.015,0.001
1774496783.3399165,146.303,-9999.000000,30.023792,30.0,72.0303,HIGH,0.6,0.015,0.001
1774496783.4157596,146.379,-9999.000000,30.022554,30.0,72.1050,HIGH,0.6,0.015,0.001
1774496783.5282516,146.491,-9999.000000,30.033282,30.0,71.4445,HIGH,0.6,0.015,0.001
1774496783.602413,146.565,-9999.000000,30.035759,30.0,71.2981,HIGH,0.6,0.015,0.001
1774496783.716612,146.679,-9999.000000,30.024616,30.0,71.9756,HIGH,0.6,0.015,0.001
1774496783.7835057,146.746,-9999.000000,30.027093,30.0,71.8108,HIGH,0.6,0.015,0.001
1774496783.85569,146.819,-9999.000000,30.026681,30.0,71.8369,HIGH,0.6,0.015,0.001
1774496783.9560199,146.919,-9999.000000,30.028331,30.0,71.7314,HIGH,0.6,0.015,0.001
1774496784.024094,146.987,-9999.000000,30.028331,30.0,71.7301,HIGH,0.6,0.015,0.001
1774496784.0946097,147.057,-9999.000000,30.028743,30.0,71.7018,HIGH,0.6,0.015,0.001
1774496784.167385,147.130,-9999.000000,30.030393,30.0,71.5978,HIGH,0.6,0.015,0.001
1774496784.271719,147.235,-9999.000000,30.040711,30.0,70.9647,HIGH,0.6,0.015,0.001
1774496784.3451972,147.308,-9999.000000,30.030808,30.0,71.5789,HIGH,0.6,0.015,0.001
1774496784.4176593,147.380,-9999.000000,30.031632,30.0,71.5114,HIGH,0.6,0.015,0.001
1774496784.5251188,147.488,-9999.000000,30.025031,30.0,71.9107,HIGH,0.6,0.015,0.001
1774496784.5897455,147.553,-9999.000000,30.032459,30.0,71.4443,HIGH,0.6,0.015,0.001
1774496784.6616657,147.624,-9999.000000,30.032459,30.0,71.4522,HIGH,0.6,0.015,0.001
1774496784.7346182,147.697,-9999.000000,30.032459,30.0,71.4487,HIGH,0.6,0.015,0.001
1774496784.8504343,147.813,-9999.000000,30.034109,30.0,71.3423,HIGH,0.6,0.015,0.001
1774496784.9488695,147.912,-9999.000000,30.034933,30.0,71.2883,HIGH,0.6,0.015,0.001
1774496785.0244675,147.987,-9999.000000,30.035759,30.0,71.2344,HIGH,0.6,0.015,0.001
1774496785.1109426,148.074,-9999.000000,30.036171,30.0,71.2056,HIGH,0.6,0.015,0.001
1774496785.2244763,148.187,-9999.000000,30.036998,30.0,71.1495,HIGH,0.6,0.015,0.001
1774496785.32156,148.284,-9999.000000,30.053504,30.0,70.1351,HIGH,0.6,0.015,0.001
1774496785.3936563,148.356,-9999.000000,30.037822,30.0,71.1107,HIGH,0.6,0.015,0.001
1774496785.4676416,148.430,-9999.000000,30.055154,30.0,70.0194,HIGH,0.6,0.015,0.001
1774496785.5457094,148.509,-9999.000000,30.022554,30.0,72.0380,HIGH,0.6,0.015,0.001
1774496785.6525307,148.615,-9999.000000,30.041534,30.0,70.8329,HIGH,0.6,0.015,0.001
1774496785.7201352,148.683,-9999.000000,30.040299,30.0,70.9226,HIGH,0.6,0.015,0.001
1774496785.7935448,148.756,-9999.000000,30.041122,30.0,70.8657,HIGH,0.6,0.015,0.001
1774496785.8946493,148.857,-9999.000000,30.041534,30.0,70.8354,HIGH,0.6,0.015,0.001
1774496785.9570973,148.920,-9999.000000,30.058459,30.0,69.7877,HIGH,0.6,0.015,0.001
1774496786.0360537,148.999,-9999.000000,30.042361,30.0,70.7961,HIGH,0.6,0.015,0.001
1774496786.1423023,149.105,-9999.000000,30.042361,30.0,70.7689,HIGH,0.6,0.015,0.001
1774496786.2077172,149.171,-9999.000000,30.043600,30.0,70.6885,HIGH,0.6,0.015,0.001
1774496786.2833328,149.246,-9999.000000,30.044424,30.0,70.6348,HIGH,0.6,0.015,0.001
1774496786.3566844,149.320,-9999.000000,30.046489,30.0,70.5040,HIGH,0.6,0.015,0.001
1774496786.4573915,149.420,-9999.000000,30.045662,30.0,70.5504,HIGH,0.6,0.015,0.001
1774496786.5208092,149.484,-9999.000000,30.045250,30.0,70.5706,HIGH,0.6,0.015,0.001
1774496786.5944238,149.557,-9999.000000,30.046489,30.0,70.4888,HIGH,0.6,0.015,0.001
1774496786.6668031,149.630,-9999.000000,30.047728,30.0,70.4093,HIGH,0.6,0.015,0.001
1774496786.7718916,149.735,-9999.000000,30.049379,30.0,70.3026,HIGH,0.6,0.015,0.001
1774496786.839559,149.802,-9999.000000,30.049790,30.0,70.2738,HIGH,0.6,0.015,0.001
1774496786.9132695,149.876,-9999.000000,30.048552,30.0,70.3450,HIGH,0.6,0.015,0.001
1774496787.0230677,149.986,-9999.000000,30.049379,30.0,70.2849,HIGH,0.6,0.015,0.001
1774496787.0874677,150.050,-9999.000000,30.048552,30.0,70.3318,HIGH,0.6,0.015,0.001
1774496787.1616285,150.124,-9999.000000,30.054743,30.0,69.9446,HIGH,0.6,0.015,0.001
1774496787.267634,150.230,-9999.000000,30.049790,30.0,70.2469,HIGH,0.6,0.015,0.001
1774496787.3295105,150.292,-9999.000000,30.050202,30.0,70.2122,HIGH,0.6,0.015,0.001
1774496787.401677,150.365,-9999.000000,30.055569,30.0,69.8774,HIGH,0.6,0.015,0.001
1774496787.4759862,150.439,-9999.000000,30.050202,30.0,70.2084,HIGH,0.6,0.015,0.001
1774496787.5820067,150.545,-9999.000000,30.051441,30.0,70.1175,HIGH,0.6,0.015,0.001
1774496787.6482835,150.611,-9999.000000,30.052680,30.0,70.0373,HIGH,0.6,0.015,0.001
1774496787.7233934,150.686,-9999.000000,30.051853,30.0,70.0840,HIGH,0.6,0.015,0.001
1774496787.8285148,150.791,-9999.000000,30.053092,30.0,69.9990,HIGH,0.6,0.015,0.001
1774496787.893943,150.857,-9999.000000,30.053504,30.0,69.9696,HIGH,0.6,0.015,0.001
1774496787.9677527,150.931,-9999.000000,30.053919,30.0,69.9388,HIGH,0.6,0.015,0.001
1774496788.0427022,151.006,-9999.000000,30.054743,30.0,69.8827,HIGH,0.6,0.015,0.001
1774496788.126318,151.089,-9999.000000,30.055981,30.0,69.8010,HIGH,0.6,0.015,0.001
1774496788.202108,151.165,-9999.000000,30.072079,30.0,68.8072,HIGH,0.6,0.015,0.001
1774496788.2847774,151.248,-9999.000000,30.054331,30.0,69.9080,HIGH,0.6,0.015,0.001
1774496788.390478,151.353,-9999.000000,30.056393,30.0,69.7519,HIGH,0.6,0.015,0.001
1774496788.455155,151.418,-9999.000000,30.056393,30.0,69.7484,HIGH,0.6,0.015,0.001
1774496788.5299,151.493,-9999.000000,30.045662,30.0,70.4015,HIGH,0.6,0.015,0.001
1774496788.6039152,151.567,-9999.000000,30.057220,30.0,69.6717,HIGH,0.6,0.015,0.001
1774496788.707353,151.670,-9999.000000,30.057632,30.0,69.6532,HIGH,0.6,0.015,0.001
1774496788.7771227,151.740,-9999.000000,30.058044,30.0,69.6223,HIGH,0.6,0.015,0.001
1774496788.8531823,151.816,-9999.000000,30.058459,30.0,69.5907,HIGH,0.6,0.015,0.001
1774496788.9609516,151.924,-9999.000000,30.059283,30.0,69.5315,HIGH,0.6,0.015,0.001
1774496789.0266595,151.989,-9999.000000,30.060110,30.0,69.4755,HIGH,0.6,0.015,0.001
1774496789.1036434,152.066,-9999.000000,30.059695,30.0,69.4953,HIGH,0.6,0.015,0.001
1774496789.2149851,152.178,-9999.000000,30.058871,30.0,69.5351,HIGH,0.6,0.015,0.001
1774496789.2809575,152.244,-9999.000000,30.065063,30.0,69.1470,HIGH,0.6,0.015,0.001
1774496789.3854008,152.348,-9999.000000,30.071667,30.0,68.7426,HIGH,0.6,0.015,0.001
1774496789.4488525,152.412,-9999.000000,30.060934,30.0,69.4040,HIGH,0.6,0.015,0.001
1774496789.5240035,152.487,-9999.000000,30.055981,30.0,69.6845,HIGH,0.6,0.015,0.001
1774496789.5953145,152.558,-9999.000000,30.060934,30.0,69.3673,HIGH,0.6,0.015,0.001
1774496789.6975417,152.660,-9999.000000,30.062173,30.0,69.2892,HIGH,0.6,0.015,0.001
1774496789.7671041,152.730,-9999.000000,30.062585,30.0,69.2586,HIGH,0.6,0.015,0.001
1774496789.842683,152.806,-9999.000000,30.062997,30.0,69.2268,HIGH,0.6,0.015,0.001
1774496789.9192328,152.882,-9999.000000,30.062173,30.0,69.2707,HIGH,0.6,0.015,0.001
1774496790.0206978,152.984,-9999.000000,30.065063,30.0,69.0834,HIGH,0.6,0.015,0.001
1774496790.0875885,153.050,-9999.000000,30.063412,30.0,69.1815,HIGH,0.6,0.015,0.001
1774496790.1599827,153.123,-9999.000000,30.064236,30.0,69.1214,HIGH,0.6,0.015,0.001
1774496790.264689,153.228,-9999.000000,30.040711,30.0,70.5502,HIGH,0.6,0.015,0.001
1774496790.3287992,153.292,-9999.000000,30.065063,30.0,69.0223,HIGH,0.6,0.015,0.001
1774496790.4048367,153.368,-9999.000000,30.066714,30.0,68.9515,HIGH,0.6,0.015,0.001
1774496790.4844475,153.447,-9999.000000,30.066302,30.0,68.9710,HIGH,0.6,0.015,0.001
1774496790.5626152,153.525,-9999.000000,30.065887,30.0,68.9881,HIGH,0.6,0.015,0.001
1774496790.6437695,153.607,-9999.000000,30.066302,30.0,68.9541,HIGH,0.6,0.015,0.001
1774496790.7235172,153.686,-9999.000000,30.061346,30.0,69.2509,HIGH,0.6,0.015,0.001
1774496790.8353083,153.798,-9999.000000,30.067538,30.0,68.8563,HIGH,0.6,0.015,0.001
1774496790.9025822,153.865,-9999.000000,30.068365,30.0,68.8041,HIGH,0.6,0.015,0.001
1774496790.9758263,153.939,-9999.000000,30.068365,30.0,68.7978,HIGH,0.6,0.015,0.001
1774496791.0791569,154.042,-9999.000000,30.068777,30.0,68.7620,HIGH,0.6,0.015,0.001
1774496791.146977,154.110,-9999.000000,30.069192,30.0,68.7299,HIGH,0.6,0.015,0.001
1774496791.220802,154.184,-9999.000000,30.070016,30.0,68.6722,HIGH,0.6,0.015,0.001
1774496791.298268,154.261,-9999.000000,30.070016,30.0,68.6651,HIGH,0.6,0.015,0.001
1774496791.3702073,154.333,-9999.000000,30.070428,30.0,68.6322,HIGH,0.6,0.015,0.001
1774496791.4732232,154.436,-9999.000000,30.064236,30.0,69.0004,HIGH,0.6,0.015,0.001
1774496791.5390093,154.502,-9999.000000,30.060522,30.0,69.2169,HIGH,0.6,0.015,0.001
1774496791.6124897,154.575,-9999.000000,30.070016,30.0,68.6210,HIGH,0.6,0.015,0.001
1774496791.686929,154.650,-9999.000000,30.070843,30.0,68.5753,HIGH,0.6,0.015,0.001
1774496791.7989273,154.762,-9999.000000,30.057220,30.0,69.3963,HIGH,0.6,0.015,0.001
1774496791.8650763,154.828,-9999.000000,30.084880,30.0,67.6743,HIGH,0.6,0.015,0.001
1774496791.944517,154.907,-9999.000000,30.072906,30.0,68.4410,HIGH,0.6,0.015,0.001
1774496792.0515854,155.014,-9999.000000,30.071255,30.0,68.5150,HIGH,0.6,0.015,0.001
1774496792.1187456,155.082,-9999.000000,30.072494,30.0,68.4300,HIGH,0.6,0.015,0.001
1774496792.2367642,155.200,-9999.000000,30.072494,30.0,68.4190,HIGH,0.6,0.015,0.001
1774496792.3043046,155.267,-9999.000000,30.054743,30.0,69.5048,HIGH,0.6,0.015,0.001
1774496792.377163,155.340,-9999.000000,30.072079,30.0,68.4067,HIGH,0.6,0.015,0.001
1774496792.4837162,155.447,-9999.000000,30.072079,30.0,68.4190,HIGH,0.6,0.015,0.001
1774496792.550118,155.513,-9999.000000,30.072079,30.0,68.4118,HIGH,0.6,0.015,0.001
1774496792.6245716,155.587,-9999.000000,30.087770,30.0,67.4394,HIGH,0.6,0.015,0.001
1774496792.74428,155.707,-9999.000000,30.071255,30.0,68.4524,HIGH,0.6,0.015,0.001
1774496792.8104248,155.773,-9999.000000,30.086531,30.0,67.4904,HIGH,0.6,0.015,0.001
1774496792.914336,155.877,-9999.000000,30.072079,30.0,68.3833,HIGH,0.6,0.015,0.001
1774496792.9815865,155.944,-9999.000000,30.072079,30.0,68.3621,HIGH,0.6,0.015,0.001
1774496793.0547044,156.018,-9999.000000,30.077035,30.0,68.0495,HIGH,0.6,0.015,0.001
1774496793.1364372,156.099,-9999.000000,30.072906,30.0,68.3002,HIGH,0.6,0.015,0.001
1774496793.2154229,156.178,-9999.000000,30.071667,30.0,68.3625,HIGH,0.6,0.015,0.001
1774496793.2981462,156.261,-9999.000000,30.072079,30.0,68.3268,HIGH,0.6,0.015,0.001
1774496793.3725963,156.335,-9999.000000,30.065475,30.0,68.7251,HIGH,0.6,0.015,0.001
1774496793.480874,156.444,-9999.000000,30.072079,30.0,68.3022,HIGH,0.6,0.015,0.001
1774496793.5448625,156.508,-9999.000000,30.072494,30.0,68.2758,HIGH,0.6,0.015,0.001
1774496793.6249437,156.588,-9999.000000,30.074557,30.0,68.1411,HIGH,0.6,0.015,0.001
1774496793.727198,156.690,-9999.000000,30.070843,30.0,68.3593,HIGH,0.6,0.015,0.001
1774496793.7917736,156.755,-9999.000000,30.070843,30.0,68.3488,HIGH,0.6,0.015,0.001
1774496793.8656301,156.828,-9999.000000,30.070428,30.0,68.3665,HIGH,0.6,0.015,0.001
1774496793.9378216,156.901,-9999.000000,30.070016,30.0,68.3836,HIGH,0.6,0.015,0.001
1774496794.044767,157.008,-9999.000000,30.074557,30.0,68.0944,HIGH,0.6,0.015,0.001
1774496794.1115258,157.074,-9999.000000,30.068777,30.0,68.4472,HIGH,0.6,0.015,0.001
1774496794.1844573,157.147,-9999.000000,30.070016,30.0,68.3548,HIGH,0.6,0.015,0.001
1774496794.2590306,157.222,-9999.000000,30.079926,30.0,67.7397,HIGH,0.6,0.015,0.001
1774496794.3703227,157.333,-9999.000000,30.072079,30.0,68.2188,HIGH,0.6,0.015,0.001
1774496794.433616,157.396,-9999.000000,30.067953,30.0,68.4594,HIGH,0.6,0.015,0.001
1774496794.503744,157.467,-9999.000000,30.055981,30.0,69.1823,HIGH,0.6,0.015,0.001
1774496794.574786,157.538,-9999.000000,30.068777,30.0,68.3722,HIGH,0.6,0.015,0.001
1774496794.6467862,157.610,-9999.000000,30.067953,30.0,68.4335,HIGH,0.6,0.015,0.001
1774496794.755693,157.719,-9999.000000,30.067538,30.0,68.4466,HIGH,0.6,0.015,0.001
1774496794.8194275,157.782,-9999.000000,30.066714,30.0,68.4906,HIGH,0.6,0.015,0.001
1774496794.893912,157.857,-9999.000000,30.068365,30.0,68.3803,HIGH,0.6,0.015,0.001
1774496794.9999492,157.963,-9999.000000,30.066714,30.0,68.4726,HIGH,0.6,0.015,0.001
1774496795.0701766,158.033,-9999.000000,30.067538,30.0,68.4133,HIGH,0.6,0.015,0.001
1774496795.1490211,158.112,-9999.000000,30.067126,30.0,68.4318,HIGH,0.6,0.015,0.001
1774496795.2525458,158.215,-9999.000000,30.068777,30.0,68.3199,HIGH,0.6,0.015,0.001
1774496795.319945,158.283,-9999.000000,30.065887,30.0,68.4925,HIGH,0.6,0.015,0.001
1774496795.394262,158.357,-9999.000000,30.067953,30.0,68.3539,HIGH,0.6,0.015,0.001
1774496795.4974031,158.460,-9999.000000,30.061761,30.0,68.7247,HIGH,0.6,0.015,0.001
1774496795.563738,158.527,-9999.000000,30.064651,30.0,68.5345,HIGH,0.6,0.015,0.001
1774496795.6356564,158.598,-9999.000000,30.063824,30.0,68.5827,HIGH,0.6,0.015,0.001
1774496795.710366,158.673,-9999.000000,30.065063,30.0,68.4983,HIGH,0.6,0.015,0.001
1774496795.8182862,158.781,-9999.000000,30.055981,30.0,69.0442,HIGH,0.6,0.015,0.001
1774496795.883871,158.847,-9999.000000,30.072079,30.0,68.0383,HIGH,0.6,0.015,0.001
1774496795.956492,158.919,-9999.000000,30.063824,30.0,68.5625,HIGH,0.6,0.015,0.001
1774496796.0685072,159.031,-9999.000000,30.062173,30.0,68.6412,HIGH,0.6,0.015,0.001
1774496796.1364822,159.099,-9999.000000,30.062585,30.0,68.6081,HIGH,0.6,0.015,0.001
1774496796.2080681,159.171,-9999.000000,30.061761,30.0,68.6526,HIGH,0.6,0.015,0.001
1774496796.3134768,159.276,-9999.000000,30.061346,30.0,68.6671,HIGH,0.6,0.015,0.001
1774496796.3832207,159.346,-9999.000000,30.064236,30.0,68.4824,HIGH,0.6,0.015,0.001
1774496796.458393,159.421,-9999.000000,30.061346,30.0,68.6569,HIGH,0.6,0.015,0.001
1774496796.564324,159.527,-9999.000000,30.060522,30.0,68.6936,HIGH,0.6,0.015,0.001
1774496796.6630728,159.626,-9999.000000,30.060934,30.0,68.6587,HIGH,0.6,0.015,0.001
1774496796.731634,159.694,-9999.000000,30.060522,30.0,68.6782,HIGH,0.6,0.015,0.001
1774496796.804484,159.767,-9999.000000,30.060110,30.0,68.6963,HIGH,0.6,0.015,0.001
1774496796.912516,159.875,-9999.000000,30.057632,30.0,68.8374,HIGH,0.6,0.015,0.001
1774496796.9847288,159.948,-9999.000000,30.060110,30.0,68.6765,HIGH,0.6,0.015,0.001
1774496797.0908864,160.054,-9999.000000,30.058871,30.0,68.7460,HIGH,0.6,0.015,0.001
1774496797.156307,160.119,-9999.000000,30.059695,30.0,68.6883,HIGH,0.6,0.015,0.001
1774496797.2317538,160.195,-9999.000000,30.058044,30.0,68.7842,HIGH,0.6,0.015,0.001
1774496797.3081565,160.271,-9999.000000,30.058044,30.0,68.7754,HIGH,0.6,0.015,0.001
1774496797.417179,160.380,-9999.000000,30.056393,30.0,68.8667,HIGH,0.6,0.015,0.001
1774496797.4825163,160.445,-9999.000000,30.057220,30.0,68.8087,HIGH,0.6,0.015,0.001
1774496797.5571373,160.520,-9999.000000,30.048964,30.0,69.3110,HIGH,0.6,0.015,0.001
1774496797.6626203,160.625,-9999.000000,30.065475,30.0,68.2833,HIGH,0.6,0.015,0.001
1774496797.7268274,160.690,-9999.000000,30.055569,30.0,68.9033,HIGH,0.6,0.015,0.001
1774496797.8004653,160.763,-9999.000000,30.055981,30.0,68.8564,HIGH,0.6,0.015,0.001
1774496797.9064229,160.869,-9999.000000,30.055981,30.0,68.8481,HIGH,0.6,0.015,0.001
1774496797.9746714,160.938,-9999.000000,30.054743,30.0,68.9186,HIGH,0.6,0.015,0.001
1774496798.0517936,161.015,-9999.000000,30.049379,30.0,69.2399,HIGH,0.6,0.015,0.001
1774496798.1562803,161.119,-9999.000000,30.046901,30.0,69.3766,HIGH,0.6,0.015,0.001
1774496798.2223923,161.185,-9999.000000,30.055154,30.0,68.8611,HIGH,0.6,0.015,0.001
1774496798.3023674,161.265,-9999.000000,30.053092,30.0,68.9935,HIGH,0.6,0.015,0.001
1774496798.4074316,161.370,-9999.000000,30.054331,30.0,68.9069,HIGH,0.6,0.015,0.001
1774496798.4723065,161.435,-9999.000000,30.046074,30.0,69.4117,HIGH,0.6,0.015,0.001
1774496798.543826,161.507,-9999.000000,30.064651,30.0,68.2514,HIGH,0.6,0.015,0.001
1774496798.6179116,161.581,-9999.000000,30.052680,30.0,69.0060,HIGH,0.6,0.015,0.001
1774496798.721855,161.685,-9999.000000,30.042773,30.0,69.5871,HIGH,0.6,0.015,0.001
1774496798.787446,161.750,-9999.000000,30.053504,30.0,68.9121,HIGH,0.6,0.015,0.001
1774496798.8606358,161.823,-9999.000000,30.052265,30.0,68.9987,HIGH,0.6,0.015,0.001
1774496798.9927087,161.956,-9999.000000,30.052265,30.0,68.9867,HIGH,0.6,0.015,0.001
1774496799.0990994,162.062,-9999.000000,30.050614,30.0,69.0792,HIGH,0.6,0.015,0.001
1774496799.1706715,162.134,-9999.000000,30.049379,30.0,69.1482,HIGH,0.6,0.015,0.001
1774496799.2432435,162.206,-9999.000000,30.050202,30.0,69.0905,HIGH,0.6,0.015,0.001
1774496799.3170836,162.280,-9999.000000,30.048552,30.0,69.1875,HIGH,0.6,0.015,0.001
1774496799.3935823,162.356,-9999.000000,30.049379,30.0,69.1289,HIGH,0.6,0.015,0.001
1774496799.50238,162.465,-9999.000000,30.048140,30.0,69.1976,HIGH,0.6,0.015,0.001
1774496799.5680988,162.531,-9999.000000,30.046901,30.0,69.2680,HIGH,0.6,0.015,0.001
1774496799.6408708,162.604,-9999.000000,30.044424,30.0,69.4134,HIGH,0.6,0.015,0.001
1774496799.7489705,162.712,-9999.000000,30.046074,30.0,69.3019,HIGH,0.6,0.015,0.001
1774496799.8146358,162.777,-9999.000000,30.046489,30.0,69.2733,HIGH,0.6,0.015,0.001
1774496799.8923736,162.855,-9999.000000,30.046074,30.0,69.2940,HIGH,0.6,0.015,0.001
1774496800.012306,162.975,-9999.000000,30.049790,30.0,69.0585,HIGH,0.6,0.015,0.001
1774496800.0845084,163.047,-9999.000000,30.045250,30.0,69.3354,HIGH,0.6,0.015,0.001
1774496800.1979518,163.161,-9999.000000,30.051029,30.0,68.9686,HIGH,0.6,0.015,0.001
1774496800.2664845,163.229,-9999.000000,30.044839,30.0,69.3495,HIGH,0.6,0.015,0.001
1774496800.3785477,163.341,-9999.000000,30.044012,30.0,69.3834,HIGH,0.6,0.015,0.001
1774496800.45368,163.417,-9999.000000,30.043600,30.0,69.4030,HIGH,0.6,0.015,0.001
1774496800.5300686,163.493,-9999.000000,30.043600,30.0,69.3975,HIGH,0.6,0.015,0.001
1774496800.6044507,163.567,-9999.000000,30.043600,30.0,69.3926,HIGH,0.6,0.015,0.001
1774496800.7127447,163.676,-9999.000000,30.043188,30.0,69.4107,HIGH,0.6,0.015,0.001
1774496800.777459,163.740,-9999.000000,30.041949,30.0,69.4825,HIGH,0.6,0.015,0.001
1774496800.8493984,163.812,-9999.000000,30.042361,30.0,69.4507,HIGH,0.6,0.015,0.001
1774496800.9244251,163.887,-9999.000000,30.042773,30.0,69.4212,HIGH,0.6,0.015,0.001
1774496801.033531,163.996,-9999.000000,30.041949,30.0,69.4651,HIGH,0.6,0.015,0.001
1774496801.1037793,164.067,-9999.000000,30.041949,30.0,69.4599,HIGH,0.6,0.015,0.001
1774496801.1778805,164.141,-9999.000000,30.045662,30.0,69.2270,HIGH,0.6,0.015,0.001
1774496801.2805912,164.243,-9999.000000,30.041122,30.0,69.5025,HIGH,0.6,0.015,0.001
1774496801.347307,164.310,-9999.000000,30.041122,30.0,69.4940,HIGH,0.6,0.015,0.001
1774496801.420953,164.384,-9999.000000,30.016777,30.0,70.9859,HIGH,0.6,0.015,0.001
1774496801.5297158,164.493,-9999.000000,30.041122,30.0,69.4630,HIGH,0.6,0.015,0.001
1774496801.5941124,164.557,-9999.000000,30.040711,30.0,69.5068,HIGH,0.6,0.015,0.001
1774496801.6726987,164.636,-9999.000000,30.051853,30.0,68.8174,HIGH,0.6,0.015,0.001
1774496801.7487931,164.712,-9999.000000,30.040299,30.0,69.5354,HIGH,0.6,0.015,0.001
1774496801.8334727,164.796,-9999.000000,30.040711,30.0,69.4898,HIGH,0.6,0.015,0.001
1774496801.915804,164.879,-9999.000000,30.031632,30.0,70.0422,HIGH,0.6,0.015,0.001
1774496802.037537,165.000,-9999.000000,30.047313,30.0,69.0688,HIGH,0.6,0.015,0.001
1774496802.1532965,165.116,-9999.000000,30.039884,30.0,69.5269,HIGH,0.6,0.015,0.001
1774496802.2304695,165.193,-9999.000000,30.040299,30.0,69.4904,HIGH,0.6,0.015,0.001
1774496802.320127,165.283,-9999.000000,30.039060,30.0,69.5613,HIGH,0.6,0.015,0.001
1774496802.4021885,165.365,-9999.000000,30.042361,30.0,69.3527,HIGH,0.6,0.015,0.001
1774496802.4758835,165.439,-9999.000000,30.010177,30.0,71.3303,HIGH,0.6,0.015,0.001
1774496802.580189,165.543,-9999.000000,30.040299,30.0,69.4441,HIGH,0.6,0.015,0.001
1774496802.6666715,165.630,-9999.000000,30.039472,30.0,69.5184,HIGH,0.6,0.015,0.001
1774496802.762364,165.725,-9999.000000,30.048140,30.0,68.9815,HIGH,0.6,0.015,0.001
1774496802.840871,165.804,-9999.000000,30.027919,30.0,70.2262,HIGH,0.6,0.015,0.001
1774496802.9345143,165.897,-9999.000000,30.039060,30.0,69.5146,HIGH,0.6,0.015,0.001
1774496803.0199656,165.983,-9999.000000,30.010589,30.0,71.2668,HIGH,0.6,0.015,0.001
1774496803.1033404,166.066,-9999.000000,30.040711,30.0,69.3849,HIGH,0.6,0.015,0.001
1774496803.1879506,166.151,-9999.000000,30.040299,30.0,69.4411,HIGH,0.6,0.015,0.001
1774496803.2746572,166.237,-9999.000000,30.040299,30.0,69.4354,HIGH,0.6,0.015,0.001
1774496803.3566966,166.320,-9999.000000,30.056393,30.0,68.4432,HIGH,0.6,0.015,0.001
1774496803.4533083,166.416,-9999.000000,30.039884,30.0,69.4647,HIGH,0.6,0.015,0.001
1774496803.5402694,166.503,-9999.000000,30.042361,30.0,69.2906,HIGH,0.6,0.015,0.001
1774496803.614689,166.578,-9999.000000,30.041534,30.0,69.3395,HIGH,0.6,0.015,0.001
1774496803.7215457,166.684,-9999.000000,30.044839,30.0,69.1298,HIGH,0.6,0.015,0.001
1774496803.790728,166.754,-9999.000000,30.043188,30.0,69.2299,HIGH,0.6,0.015,0.001
1774496803.9223099,166.885,-9999.000000,30.043600,30.0,69.1939,HIGH,0.6,0.015,0.001
1774496804.0346208,166.997,-9999.000000,30.043600,30.0,69.1868,HIGH,0.6,0.015,0.001
1774496804.1045587,167.067,-9999.000000,30.043188,30.0,69.2076,HIGH,0.6,0.015,0.001
1774496804.1782541,167.141,-9999.000000,30.044424,30.0,69.1263,HIGH,0.6,0.015,0.001
1774496804.2723844,167.235,-9999.000000,30.044839,30.0,69.0963,HIGH,0.6,0.015,0.001
1774496804.3648758,167.328,-9999.000000,30.044839,30.0,69.0905,HIGH,0.6,0.015,0.001
1774496804.4735627,167.436,-9999.000000,30.045662,30.0,69.0329,HIGH,0.6,0.015,0.001
1774496804.5742495,167.537,-9999.000000,30.044839,30.0,69.0771,HIGH,0.6,0.015,0.001
1774496804.6722307,167.635,-9999.000000,30.064236,30.0,67.8832,HIGH,0.6,0.015,0.001
1774496804.7492864,167.712,-9999.000000,30.045662,30.0,69.0363,HIGH,0.6,0.015,0.001
1774496804.8595421,167.822,-9999.000000,30.042773,30.0,69.1811,HIGH,0.6,0.015,0.001
1774496804.9782248,167.941,-9999.000000,30.048140,30.0,68.8433,HIGH,0.6,0.015,0.001
1774496805.055507,168.018,-9999.000000,30.046489,30.0,68.9436,HIGH,0.6,0.015,0.001
1774496805.1575706,168.120,-9999.000000,30.049790,30.0,68.7326,HIGH,0.6,0.015,0.001
1774496805.230254,168.193,-9999.000000,30.048964,30.0,68.7812,HIGH,0.6,0.015,0.001
1774496805.303164,168.266,-9999.000000,30.048964,30.0,68.7747,HIGH,0.6,0.015,0.001
1774496805.4123664,168.375,-9999.000000,30.050614,30.0,68.6659,HIGH,0.6,0.015,0.001
1774496805.4897091,168.453,-9999.000000,30.050614,30.0,68.6615,HIGH,0.6,0.015,0.001
1774496805.5779479,168.541,-9999.000000,30.051853,30.0,68.5789,HIGH,0.6,0.015,0.001
1774496805.6807714,168.644,-9999.000000,30.064236,30.0,67.8154,HIGH,0.6,0.015,0.001
1774496805.773146,168.736,-9999.000000,30.052265,30.0,68.5514,HIGH,0.6,0.015,0.001
1774496805.8548517,168.818,-9999.000000,30.051853,30.0,68.5573,HIGH,0.6,0.015,0.001
1774496805.952396,168.915,-9999.000000,30.051029,30.0,68.5996,HIGH,0.6,0.015,0.001
1774496806.04001,169.003,-9999.000000,30.052680,30.0,68.4909,HIGH,0.6,0.015,0.001
1774496806.1151347,169.078,-9999.000000,30.054331,30.0,68.3855,HIGH,0.6,0.015,0.001
1774496806.1916718,169.155,-9999.000000,30.054331,30.0,68.3814,HIGH,0.6,0.015,0.001
1774496806.301551,169.264,-9999.000000,30.053504,30.0,68.4230,HIGH,0.6,0.015,0.001
1774496806.3696592,169.332,-9999.000000,30.055154,30.0,68.3151,HIGH,0.6,0.015,0.001
1774496806.4573169,169.420,-9999.000000,30.055154,30.0,68.3103,HIGH,0.6,0.015,0.001
1774496806.5504498,169.513,-9999.000000,30.053504,30.0,68.4036,HIGH,0.6,0.015,0.001
1774496806.6476467,169.610,-9999.000000,30.055569,30.0,68.2677,HIGH,0.6,0.015,0.001
1774496806.7349746,169.698,-9999.000000,30.070428,30.0,67.3521,HIGH,0.6,0.015,0.001
1774496806.8215923,169.784,-9999.000000,30.055981,30.0,68.2453,HIGH,0.6,0.015,0.001
1774496806.9218996,169.885,-9999.000000,30.056805,30.0,68.1698,HIGH,0.6,0.015,0.001
1774496807.0241885,169.987,-9999.000000,30.055154,30.0,68.2628,HIGH,0.6,0.015,0.001
1774496807.1188629,170.082,-9999.000000,30.032044,30.0,69.6677,HIGH,0.6,0.015,0.001
1774496807.2224643,170.185,-9999.000000,30.058459,30.0,68.0238,HIGH,0.6,0.015,0.001
1774496807.3320687,170.295,-9999.000000,30.058044,30.0,68.0650,HIGH,0.6,0.015,0.001
1774496807.4407191,170.404,-9999.000000,30.067953,30.0,67.4499,HIGH,0.6,0.015,0.001
1774496807.5502954,170.513,-9999.000000,30.060110,30.0,67.9269,HIGH,0.6,0.015,0.001
1774496807.6132066,170.576,-9999.000000,30.059695,30.0,67.9397,HIGH,0.6,0.015,0.001
1774496807.7182002,170.681,-9999.000000,30.060522,30.0,67.8791,HIGH,0.6,0.015,0.001
1774496807.8026018,170.765,-9999.000000,30.060934,30.0,67.8469,HIGH,0.6,0.015,0.001
1774496807.89019,170.853,-9999.000000,30.063824,30.0,67.6624,HIGH,0.6,0.015,0.001
1774496807.9796872,170.943,-9999.000000,30.060934,30.0,67.8341,HIGH,0.6,0.015,0.001
1774496808.0579824,171.021,-9999.000000,30.061761,30.0,67.7729,HIGH,0.6,0.015,0.001
1774496808.1425276,171.105,-9999.000000,30.062173,30.0,67.7409,HIGH,0.6,0.015,0.001
1774496808.2294052,171.192,-9999.000000,30.061346,30.0,67.7840,HIGH,0.6,0.015,0.001
1774496808.3358643,171.299,-9999.000000,30.070428,30.0,67.2183,HIGH,0.6,0.015,0.001
1774496808.424684,171.388,-9999.000000,30.069192,30.0,67.2932,HIGH,0.6,0.015,0.001
1774496808.5253308,171.488,-9999.000000,30.073318,30.0,67.0291,HIGH,0.6,0.015,0.001
1774496808.6085522,171.571,-9999.000000,30.058044,30.0,67.9607,HIGH,0.6,0.015,0.001
1774496808.6931086,171.656,-9999.000000,30.064651,30.0,67.5299,HIGH,0.6,0.015,0.001
1774496808.7842484,171.747,-9999.000000,30.064236,30.0,67.5543,HIGH,0.6,0.015,0.001
1774496808.870518,171.833,-9999.000000,30.066302,30.0,67.4189,HIGH,0.6,0.015,0.001
1774496808.9533,171.916,-9999.000000,30.065887,30.0,67.4385,HIGH,0.6,0.015,0.001
1774496809.0436397,172.006,-9999.000000,30.066714,30.0,67.3785,HIGH,0.6,0.015,0.001
1774496809.140217,172.103,-9999.000000,30.080750,30.0,66.5110,HIGH,0.6,0.015,0.001
1774496809.237914,172.201,-9999.000000,30.066714,30.0,67.3723,HIGH,0.6,0.015,0.001
1774496809.3565493,172.319,-9999.000000,30.066302,30.0,67.3712,HIGH,0.6,0.015,0.001
1774496809.4323378,172.395,-9999.000000,30.065475,30.0,67.4141,HIGH,0.6,0.015,0.001
1774496809.5178666,172.481,-9999.000000,30.058459,30.0,67.8346,HIGH,0.6,0.015,0.001
1774496809.605821,172.569,-9999.000000,30.067538,30.0,67.2625,HIGH,0.6,0.015,0.001
1774496809.6873426,172.650,-9999.000000,30.067126,30.0,67.2898,HIGH,0.6,0.015,0.001
1774496809.8118205,172.775,-9999.000000,30.066714,30.0,67.3019,HIGH,0.6,0.015,0.001
1774496809.9245183,172.887,-9999.000000,30.067126,30.0,67.2652,HIGH,0.6,0.015,0.001
1774496810.0081198,172.971,-9999.000000,30.067953,30.0,67.2064,HIGH,0.6,0.015,0.001
1774496810.09784,173.061,-9999.000000,30.068777,30.0,67.1478,HIGH,0.6,0.015,0.001
1774496810.177946,173.141,-9999.000000,30.068365,30.0,67.1657,HIGH,0.6,0.015,0.001
1774496810.2673106,173.230,-9999.000000,30.067953,30.0,67.1813,HIGH,0.6,0.015,0.001
1774496810.3787556,173.342,-9999.000000,30.069192,30.0,67.0938,HIGH,0.6,0.015,0.001
1774496810.4788473,173.442,-9999.000000,30.070016,30.0,67.0341,HIGH,0.6,0.015,0.001
1774496810.5723157,173.535,-9999.000000,30.069192,30.0,67.0756,HIGH,0.6,0.015,0.001
1774496810.6636631,173.626,-9999.000000,30.069192,30.0,67.0652,HIGH,0.6,0.015,0.001
1774496810.7558243,173.719,-9999.000000,30.069192,30.0,67.0556,HIGH,0.6,0.015,0.001
1774496810.845165,173.808,-9999.000000,30.069192,30.0,67.0464,HIGH,0.6,0.015,0.001
1774496810.933421,173.896,-9999.000000,30.066714,30.0,67.1890,HIGH,0.6,0.015,0.001
1774496811.02223,173.985,-9999.000000,30.070428,30.0,66.9498,HIGH,0.6,0.015,0.001
1774496811.1039567,174.067,-9999.000000,30.071667,30.0,66.8693,HIGH,0.6,0.015,0.001
1774496811.1967926,174.160,-9999.000000,30.070428,30.0,66.9367,HIGH,0.6,0.015,0.001
1774496811.2860637,174.249,-9999.000000,30.070428,30.0,66.9260,HIGH,0.6,0.015,0.001
1774496811.3666236,174.329,-9999.000000,30.069604,30.0,66.9680,HIGH,0.6,0.015,0.001
1774496811.453559,174.416,-9999.000000,30.080750,30.0,66.2749,HIGH,0.6,0.015,0.001
1774496811.5458217,174.509,-9999.000000,30.071255,30.0,66.8578,HIGH,0.6,0.015,0.001
1774496811.6262672,174.589,-9999.000000,30.071667,30.0,66.8137,HIGH,0.6,0.015,0.001
1774496811.716765,174.680,-9999.000000,30.070843,30.0,66.8549,HIGH,0.6,0.015,0.001
1774496811.798474,174.761,-9999.000000,30.071667,30.0,66.7948,HIGH,0.6,0.015,0.001
1774496811.9148257,174.878,-9999.000000,30.072079,30.0,66.7581,HIGH,0.6,0.015,0.001
1774496811.9843097,174.947,-9999.000000,30.071255,30.0,66.8017,HIGH,0.6,0.015,0.001
1774496812.077906,175.041,-9999.000000,30.072079,30.0,66.7400,HIGH,0.6,0.015,0.001
1774496812.1582959,175.121,-9999.000000,30.072494,30.0,66.7068,HIGH,0.6,0.015,0.001
1774496812.2408597,175.204,-9999.000000,30.072906,30.0,66.6730,HIGH,0.6,0.015,0.001
1774496812.3182294,175.281,-9999.000000,30.072906,30.0,66.6651,HIGH,0.6,0.015,0.001
1774496812.407942,175.371,-9999.000000,30.072494,30.0,66.6805,HIGH,0.6,0.015,0.001
1774496812.4909225,175.454,-9999.000000,30.072079,30.0,66.6965,HIGH,0.6,0.015,0.001
1774496812.6159885,175.579,-9999.000000,30.071667,30.0,66.7076,HIGH,0.6,0.015,0.001
1774496812.6871455,175.650,-9999.000000,30.071255,30.0,66.7249,HIGH,0.6,0.015,0.001
1774496812.7807717,175.744,-9999.000000,30.070843,30.0,66.7396,HIGH,0.6,0.015,0.001
1774496812.8744526,175.837,-9999.000000,30.072079,30.0,66.6535,HIGH,0.6,0.015,0.001
1774496812.9831276,175.946,-9999.000000,30.081989,30.0,66.0377,HIGH,0.6,0.015,0.001
1774496813.0523443,176.015,-9999.000000,30.047728,30.0,68.1471,HIGH,0.6,0.015,0.001
1774496813.1300812,176.093,-9999.000000,30.070016,30.0,66.7235,HIGH,0.6,0.015,0.001
1774496813.2386868,176.202,-9999.000000,30.086119,30.0,65.7571,HIGH,0.6,0.015,0.001
1774496813.3506758,176.314,-9999.000000,30.069192,30.0,66.7910,HIGH,0.6,0.015,0.001
1774496813.4215808,176.384,-9999.000000,30.069192,30.0,66.7686,HIGH,0.6,0.015,0.001
1774496813.4973938,176.460,-9999.000000,30.068365,30.0,66.8115,HIGH,0.6,0.015,0.001
1774496813.6169388,176.580,-9999.000000,30.065887,30.0,66.9493,HIGH,0.6,0.015,0.001
1774496813.7326324,176.695,-9999.000000,30.068777,30.0,66.7594,HIGH,0.6,0.015,0.001
1774496813.8075461,176.770,-9999.000000,30.065887,30.0,66.9318,HIGH,0.6,0.015,0.001
1774496813.9283278,176.891,-9999.000000,30.067126,30.0,66.8404,HIGH,0.6,0.015,0.001
1774496814.0329928,176.996,-9999.000000,30.070843,30.0,66.6037,HIGH,0.6,0.015,0.001
1774496814.1016245,177.064,-9999.000000,30.065475,30.0,66.9305,HIGH,0.6,0.015,0.001
1774496814.19465,177.157,-9999.000000,30.064651,30.0,66.9639,HIGH,0.6,0.015,0.001
1774496814.2886307,177.251,-9999.000000,30.065063,30.0,66.9287,HIGH,0.6,0.015,0.001
1774496814.3748825,177.338,-9999.000000,30.064236,30.0,66.9714,HIGH,0.6,0.015,0.001
1774496814.4552321,177.418,-9999.000000,30.064651,30.0,66.9373,HIGH,0.6,0.015,0.001
1774496814.5358999,177.499,-9999.000000,30.046489,30.0,68.0444,HIGH,0.6,0.015,0.001
1774496814.6278188,177.591,-9999.000000,30.064236,30.0,66.9289,HIGH,0.6,0.015,0.001
1774496814.7050889,177.668,-9999.000000,30.064236,30.0,66.9407,HIGH,0.6,0.015,0.001
1774496814.788794,177.752,-9999.000000,30.063824,30.0,66.9579,HIGH,0.6,0.015,0.001
1774496814.8781655,177.841,-9999.000000,30.062997,30.0,66.9996,HIGH,0.6,0.015,0.001
1774496814.9615433,177.924,-9999.000000,30.061346,30.0,67.0920,HIGH,0.6,0.015,0.001
1774496815.0616658,178.024,-9999.000000,30.033282,30.0,68.7969,HIGH,0.6,0.015,0.001
1774496815.172715,178.136,-9999.000000,30.060934,30.0,67.0747,HIGH,0.6,0.015,0.001
1774496815.2434435,178.206,-9999.000000,30.063824,30.0,66.9153,HIGH,0.6,0.015,0.001
1774496815.3598812,178.323,-9999.000000,30.060522,30.0,67.1098,HIGH,0.6,0.015,0.001
1774496815.4756804,178.439,-9999.000000,30.059283,30.0,67.1721,HIGH,0.6,0.015,0.001
1774496815.556317,178.519,-9999.000000,30.059695,30.0,67.1385,HIGH,0.6,0.015,0.001
1774496815.6676664,178.630,-9999.000000,30.064236,30.0,66.8518,HIGH,0.6,0.015,0.001
1774496815.7345326,178.697,-9999.000000,30.058871,30.0,67.1799,HIGH,0.6,0.015,0.001
1774496815.8125124,178.775,-9999.000000,30.075796,30.0,66.1258,HIGH,0.6,0.015,0.001
1774496815.9008505,178.864,-9999.000000,30.032044,30.0,68.8179,HIGH,0.6,0.015,0.001
1774496815.9786792,178.942,-9999.000000,30.057220,30.0,67.2188,HIGH,0.6,0.015,0.001
1774496816.0561733,179.019,-9999.000000,30.028331,30.0,69.0184,HIGH,0.6,0.015,0.001
1774496816.1635149,179.126,-9999.000000,30.057220,30.0,67.2117,HIGH,0.6,0.015,0.001
1774496816.228973,179.192,-9999.000000,30.056393,30.0,67.2839,HIGH,0.6,0.015,0.001
1774496816.3178961,179.281,-9999.000000,30.071255,30.0,66.3648,HIGH,0.6,0.015,0.001
1774496816.4110255,179.374,-9999.000000,30.030393,30.0,68.8728,HIGH,0.6,0.015,0.001
1774496816.4856324,179.448,-9999.000000,30.054331,30.0,67.3545,HIGH,0.6,0.015,0.001
1774496816.5626872,179.526,-9999.000000,30.054331,30.0,67.3803,HIGH,0.6,0.015,0.001
1774496816.69163,179.654,-9999.000000,30.053919,30.0,67.3949,HIGH,0.6,0.015,0.001
1774496816.7849512,179.748,-9999.000000,30.053092,30.0,67.4377,HIGH,0.6,0.015,0.001
1774496816.8482742,179.811,-9999.000000,30.052265,30.0,67.4828,HIGH,0.6,0.015,0.001
1774496816.9217029,179.885,-9999.000000,30.036171,30.0,68.4650,HIGH,0.6,0.015,0.001
1774496817.0002818,179.963,-9999.000000,30.051441,30.0,67.5014,HIGH,0.6,0.015,0.001
1774496817.0757525,180.039,-9999.000000,30.042361,30.0,68.0729,HIGH,0.6,0.015,0.001
1774496817.185566,180.148,-9999.000000,30.049790,30.0,67.6001,HIGH,0.6,0.015,0.001
1774496817.2622113,180.225,-9999.000000,30.052680,30.0,67.4237,HIGH,0.6,0.015,0.001
1774496817.3718994,180.335,-9999.000000,30.051853,30.0,67.4693,HIGH,0.6,0.015,0.001
1774496817.4390047,180.402,-9999.000000,30.051029,30.0,67.5141,HIGH,0.6,0.015,0.001
1774496817.5123732,180.475,-9999.000000,30.066714,30.0,66.5430,HIGH,0.6,0.015,0.001
1774496817.644818,180.608,-9999.000000,30.051029,30.0,67.5072,HIGH,0.6,0.015,0.001
1774496817.7356515,180.698,-9999.000000,30.050614,30.0,67.5138,HIGH,0.6,0.015,0.001
1774496817.800655,180.763,-9999.000000,30.050202,30.0,67.5338,HIGH,0.6,0.015,0.001
1774496817.8714786,180.834,-9999.000000,30.051029,30.0,67.4770,HIGH,0.6,0.015,0.001
1774496817.9487078,180.912,-9999.000000,30.050202,30.0,67.5230,HIGH,0.6,0.015,0.001
1774496818.0646238,181.027,-9999.000000,30.049790,30.0,67.5383,HIGH,0.6,0.015,0.001
1774496818.1365364,181.099,-9999.000000,30.050202,30.0,67.5073,HIGH,0.6,0.015,0.001
1774496818.2425363,181.205,-9999.000000,30.052680,30.0,67.3485,HIGH,0.6,0.015,0.001
1774496818.320931,181.284,-9999.000000,30.030808,30.0,68.6874,HIGH,0.6,0.015,0.001
1774496818.4337544,181.397,-9999.000000,30.052680,30.0,67.3189,HIGH,0.6,0.015,0.001
1774496818.5033095,181.466,-9999.000000,30.050614,30.0,67.4599,HIGH,0.6,0.015,0.001
1774496818.579666,181.542,-9999.000000,30.051441,30.0,67.4004,HIGH,0.6,0.015,0.001
1774496818.6868463,181.650,-9999.000000,30.052265,30.0,67.3428,HIGH,0.6,0.015,0.001
1774496818.7553563,181.718,-9999.000000,30.050614,30.0,67.4399,HIGH,0.6,0.015,0.001
1774496818.8674314,181.830,-9999.000000,30.059695,30.0,66.8745,HIGH,0.6,0.015,0.001
1774496818.9333453,181.896,-9999.000000,30.051853,30.0,67.3599,HIGH,0.6,0.015,0.001
1774496819.015804,181.979,-9999.000000,30.051853,30.0,67.3416,HIGH,0.6,0.015,0.001
1774496819.1168678,182.080,-9999.000000,30.052680,30.0,67.2831,HIGH,0.6,0.015,0.001
1774496819.179286,182.142,-9999.000000,30.052680,30.0,67.2790,HIGH,0.6,0.015,0.001
1774496819.2479467,182.211,-9999.000000,30.053092,30.0,67.2482,HIGH,0.6,0.015,0.001
1774496819.3245418,182.287,-9999.000000,30.052680,30.0,67.2680,HIGH,0.6,0.015,0.001
1774496819.4448714,182.408,-9999.000000,30.053504,30.0,67.2077,HIGH,0.6,0.015,0.001
1774496819.5246572,182.487,-9999.000000,30.054331,30.0,67.1513,HIGH,0.6,0.015,0.001
1774496819.608206,182.571,-9999.000000,30.053919,30.0,67.1707,HIGH,0.6,0.015,0.001
1774496819.679595,182.642,-9999.000000,30.054331,30.0,67.1391,HIGH,0.6,0.015,0.001
1774496819.7604744,182.723,-9999.000000,30.055154,30.0,67.0826,HIGH,0.6,0.015,0.001
1774496819.8715348,182.834,-9999.000000,30.054331,30.0,67.1247,HIGH,0.6,0.015,0.001
1774496819.9348085,182.898,-9999.000000,30.050614,30.0,67.3480,HIGH,0.6,0.015,0.001
1774496820.0115783,182.974,-9999.000000,30.061761,30.0,66.6517,HIGH,0.6,0.015,0.001
1774496820.1080034,183.071,-9999.000000,30.055154,30.0,67.0615,HIGH,0.6,0.015,0.001
1774496820.1795642,183.142,-9999.000000,30.053504,30.0,67.1503,HIGH,0.6,0.015,0.001
1774496820.2545838,183.217,-9999.000000,30.049379,30.0,67.3954,HIGH,0.6,0.015,0.001
1774496820.3720064,183.335,-9999.000000,30.070428,30.0,66.0966,HIGH,0.6,0.015,0.001
1774496820.4474523,183.410,-9999.000000,30.055154,30.0,67.0450,HIGH,0.6,0.015,0.001
1774496820.5553875,183.518,-9999.000000,30.049790,30.0,67.3435,HIGH,0.6,0.015,0.001
1774496820.630336,183.593,-9999.000000,30.058871,30.0,66.7749,HIGH,0.6,0.015,0.001
1774496820.7278743,183.691,-9999.000000,30.055154,30.0,67.0058,HIGH,0.6,0.015,0.001
1774496820.7915163,183.754,-9999.000000,30.055981,30.0,66.9457,HIGH,0.6,0.015,0.001
1774496820.8617957,183.825,-9999.000000,30.065475,30.0,66.3570,HIGH,0.6,0.015,0.001
1774496820.9308221,183.894,-9999.000000,30.067126,30.0,66.2621,HIGH,0.6,0.015,0.001
1774496821.0015278,183.964,-9999.000000,30.061346,30.0,66.6129,HIGH,0.6,0.015,0.001
1774496821.104539,184.067,-9999.000000,30.054743,30.0,66.9989,HIGH,0.6,0.015,0.001
1774496821.170659,184.133,-9999.000000,30.055569,30.0,66.9361,HIGH,0.6,0.015,0.001
1774496821.239442,184.202,-9999.000000,30.054331,30.0,67.0079,HIGH,0.6,0.015,0.001
1774496821.312574,184.275,-9999.000000,30.055981,30.0,66.8987,HIGH,0.6,0.015,0.001
1774496821.440057,184.403,-9999.000000,30.055569,30.0,66.9153,HIGH,0.6,0.015,0.001
1774496821.5034578,184.466,-9999.000000,30.055154,30.0,66.9353,HIGH,0.6,0.015,0.001
1774496821.5753124,184.538,-9999.000000,30.068365,30.0,66.1163,HIGH,0.6,0.015,0.001
1774496821.6761537,184.639,-9999.000000,30.058871,30.0,66.7048,HIGH,0.6,0.015,0.001
1774496821.737999,184.701,-9999.000000,30.055154,30.0,66.9193,HIGH,0.6,0.015,0.001
1774496821.810421,184.773,-9999.000000,30.055569,30.0,66.8818,HIGH,0.6,0.015,0.001
1774496821.882611,184.845,-9999.000000,30.053919,30.0,66.9778,HIGH,0.6,0.015,0.001
1774496821.9526122,184.915,-9999.000000,30.055981,30.0,66.8430,HIGH,0.6,0.015,0.001
1774496822.0516193,185.014,-9999.000000,30.055154,30.0,66.8882,HIGH,0.6,0.015,0.001
1774496822.1165931,185.079,-9999.000000,30.058871,30.0,66.6529,HIGH,0.6,0.015,0.001
1774496822.1924229,185.155,-9999.000000,30.054743,30.0,66.9055,HIGH,0.6,0.015,0.001
1774496822.2653017,185.228,-9999.000000,30.054743,30.0,66.8941,HIGH,0.6,0.015,0.001
1774496822.3759758,185.339,-9999.000000,30.054331,30.0,66.9102,HIGH,0.6,0.015,0.001
1774496822.4409802,185.404,-9999.000000,30.063824,30.0,66.3194,HIGH,0.6,0.015,0.001
1774496822.511668,185.474,-9999.000000,30.055569,30.0,66.8350,HIGH,0.6,0.015,0.001
1774496822.6123855,185.575,-9999.000000,30.056393,30.0,66.7646,HIGH,0.6,0.015,0.001
1774496822.6803658,185.643,-9999.000000,30.056393,30.0,66.7596,HIGH,0.6,0.015,0.001
1774496822.7568145,185.720,-9999.000000,30.054331,30.0,66.8799,HIGH,0.6,0.015,0.001
1774496822.8260639,185.789,-9999.000000,30.061346,30.0,66.4398,HIGH,0.6,0.015,0.001
1774496822.9371624,185.900,-9999.000000,30.055569,30.0,66.7924,HIGH,0.6,0.015,0.001
1774496822.9983127,185.961,-9999.000000,30.055569,30.0,66.7821,HIGH,0.6,0.015,0.001
1774496823.0688236,186.032,-9999.000000,30.042361,30.0,67.5889,HIGH,0.6,0.015,0.001
1774496823.180661,186.143,-9999.000000,30.058459,30.0,66.5801,HIGH,0.6,0.015,0.001
1774496823.2460525,186.209,-9999.000000,30.058459,30.0,66.5887,HIGH,0.6,0.015,0.001
1774496823.3224702,186.285,-9999.000000,30.055981,30.0,66.7342,HIGH,0.6,0.015,0.001
1774496823.4056005,186.368,-9999.000000,30.055981,30.0,66.7240,HIGH,0.6,0.015,0.001
1774496823.4801946,186.443,-9999.000000,30.055981,30.0,66.7177,HIGH,0.6,0.015,0.001
1774496823.5625467,186.525,-9999.000000,30.056393,30.0,66.6855,HIGH,0.6,0.015,0.001
1774496823.6676936,186.631,-9999.000000,30.056393,30.0,66.6771,HIGH,0.6,0.015,0.001
1774496823.7376642,186.700,-9999.000000,30.056393,30.0,66.6712,HIGH,0.6,0.015,0.001
1774496823.8077822,186.771,-9999.000000,30.055981,30.0,66.6906,HIGH,0.6,0.015,0.001
1774496823.8798711,186.843,-9999.000000,30.057632,30.0,66.5825,HIGH,0.6,0.015,0.001
1774496823.9556086,186.918,-9999.000000,30.056805,30.0,66.6290,HIGH,0.6,0.015,0.001
1774496824.0381403,187.001,-9999.000000,30.056393,30.0,66.6462,HIGH,0.6,0.015,0.001
1774496824.11085,187.074,-9999.000000,30.063824,30.0,66.1827,HIGH,0.6,0.015,0.001
1774496824.189061,187.152,-9999.000000,30.057220,30.0,66.5908,HIGH,0.6,0.015,0.001
1774496824.2601483,187.223,-9999.000000,30.067953,30.0,65.9161,HIGH,0.6,0.015,0.001
1774496824.3631635,187.326,-9999.000000,30.051441,30.0,66.9300,HIGH,0.6,0.015,0.001
1774496824.4362555,187.399,-9999.000000,30.057220,30.0,66.5530,HIGH,0.6,0.015,0.001
1774496824.504873,187.468,-9999.000000,30.069604,30.0,65.7927,HIGH,0.6,0.015,0.001
1774496824.584839,187.548,-9999.000000,30.068777,30.0,65.8531,HIGH,0.6,0.015,0.001
1774496824.685734,187.649,-9999.000000,30.057632,30.0,66.5231,HIGH,0.6,0.015,0.001
1774496824.7500947,187.713,-9999.000000,30.059283,30.0,66.4047,HIGH,0.6,0.015,0.001
1774496824.8224645,187.785,-9999.000000,30.058871,30.0,66.4262,HIGH,0.6,0.015,0.001
1774496824.943239,187.906,-9999.000000,30.058871,30.0,66.4149,HIGH,0.6,0.015,0.001
1774496825.0400193,188.003,-9999.000000,30.060110,30.0,66.3306,HIGH,0.6,0.015,0.001
1774496825.105687,188.069,-9999.000000,30.061761,30.0,66.2242,HIGH,0.6,0.015,0.001
1774496825.1857302,188.149,-9999.000000,30.060522,30.0,66.2954,HIGH,0.6,0.015,0.001
1774496825.2591221,188.222,-9999.000000,30.061346,30.0,66.2365,HIGH,0.6,0.015,0.001
1774496825.3601053,188.323,-9999.000000,30.060934,30.0,66.2535,HIGH,0.6,0.015,0.001
1774496825.4315114,188.394,-9999.000000,30.061346,30.0,66.2213,HIGH,0.6,0.015,0.001
1774496825.5026224,188.465,-9999.000000,30.062173,30.0,66.1644,HIGH,0.6,0.015,0.001
1774496825.5774002,188.540,-9999.000000,30.062585,30.0,66.1333,HIGH,0.6,0.015,0.001
1774496825.658719,188.622,-9999.000000,30.063412,30.0,66.0755,HIGH,0.6,0.015,0.001
1774496825.7371132,188.700,-9999.000000,30.063824,30.0,66.0437,HIGH,0.6,0.015,0.001
1774496825.8166838,188.780,-9999.000000,30.064236,30.0,66.0114,HIGH,0.6,0.015,0.001
1774496825.9208512,188.884,-9999.000000,30.065887,30.0,65.9009,HIGH,0.6,0.015,0.001
1774496825.9898603,188.953,-9999.000000,30.066714,30.0,65.8448,HIGH,0.6,0.015,0.001
1774496826.060684,189.024,-9999.000000,30.067126,30.0,65.8136,HIGH,0.6,0.015,0.001
1774496826.134501,189.097,-9999.000000,30.074145,30.0,65.3753,HIGH,0.6,0.015,0.001
1774496826.2290635,189.192,-9999.000000,30.068365,30.0,65.7280,HIGH,0.6,0.015,0.001
1774496826.300927,189.264,-9999.000000,30.068365,30.0,65.7145,HIGH,0.6,0.015,0.001
1774496826.3754065,189.338,-9999.000000,30.076620,30.0,65.1996,HIGH,0.6,0.015,0.001
1774496826.4950752,189.458,-9999.000000,30.083228,30.0,64.7937,HIGH,0.6,0.015,0.001
1774496826.5616353,189.524,-9999.000000,30.070843,30.0,65.5539,HIGH,0.6,0.015,0.001
1774496826.6378176,189.601,-9999.000000,30.053504,30.0,66.5923,HIGH,0.6,0.015,0.001
1774496826.7367692,189.700,-9999.000000,30.072906,30.0,65.3749,HIGH,0.6,0.015,0.001
1774496826.8000238,189.763,-9999.000000,30.073318,30.0,65.3622,HIGH,0.6,0.015,0.001
1774496826.8698258,189.833,-9999.000000,30.079098,30.0,64.9995,HIGH,0.6,0.015,0.001
1774496826.940757,189.904,-9999.000000,30.074145,30.0,65.3041,HIGH,0.6,0.015,0.001
1774496827.0475833,190.010,-9999.000000,30.073730,30.0,65.3106,HIGH,0.6,0.015,0.001
1774496827.1154342,190.078,-9999.000000,30.075384,30.0,65.2008,HIGH,0.6,0.015,0.001
1774496827.1935465,190.156,-9999.000000,30.076208,30.0,65.1438,HIGH,0.6,0.015,0.001
1774496827.299476,190.262,-9999.000000,30.081989,30.0,64.7795,HIGH,0.6,0.015,0.001
1774496827.3617935,190.325,-9999.000000,30.077447,30.0,65.0575,HIGH,0.6,0.015,0.001
1774496827.445489,190.408,-9999.000000,30.077447,30.0,65.0405,HIGH,0.6,0.015,0.001
1774496827.5614314,190.524,-9999.000000,30.080338,30.0,64.8506,HIGH,0.6,0.015,0.001
1774496827.6248438,190.588,-9999.000000,30.090246,30.0,64.2345,HIGH,0.6,0.015,0.001
1774496827.7314856,190.694,-9999.000000,30.079098,30.0,64.9167,HIGH,0.6,0.015,0.001
1774496827.7935936,190.756,-9999.000000,30.083228,30.0,64.6441,HIGH,0.6,0.015,0.001
1774496827.8634322,190.826,-9999.000000,30.081577,30.0,64.7436,HIGH,0.6,0.015,0.001
1774496827.9333358,190.896,-9999.000000,30.082813,30.0,64.6566,HIGH,0.6,0.015,0.001
1774496828.0017586,190.965,-9999.000000,30.082813,30.0,64.6499,HIGH,0.6,0.015,0.001
1774496828.103913,191.067,-9999.000000,30.083228,30.0,64.6118,HIGH,0.6,0.015,0.001
1774496828.1973445,191.160,-9999.000000,30.083228,30.0,64.6006,HIGH,0.6,0.015,0.001
1774496828.2605052,191.223,-9999.000000,30.084464,30.0,64.5164,HIGH,0.6,0.015,0.001
1774496828.3440046,191.307,-9999.000000,30.085292,30.0,64.4571,HIGH,0.6,0.015,0.001
1774496828.442753,191.406,-9999.000000,30.085704,30.0,64.4203,HIGH,0.6,0.015,0.001
1774496828.5062816,191.469,-9999.000000,30.085704,30.0,64.4125,HIGH,0.6,0.015,0.001
1774496828.5850806,191.548,-9999.000000,30.086943,30.0,64.3263,HIGH,0.6,0.015,0.001
1774496828.6845057,191.647,-9999.000000,30.086943,30.0,64.3149,HIGH,0.6,0.015,0.001
1774496828.749852,191.713,-9999.000000,30.087355,30.0,64.2810,HIGH,0.6,0.015,0.001
1774496828.819448,191.782,-9999.000000,30.087770,30.0,64.2469,HIGH,0.6,0.015,0.001
1774496828.8866358,191.849,-9999.000000,30.086531,30.0,64.3150,HIGH,0.6,0.015,0.001
1774496828.9593222,191.922,-9999.000000,30.088594,30.0,64.1769,HIGH,0.6,0.015,0.001
1774496829.0571165,192.020,-9999.000000,30.086943,30.0,64.2677,HIGH,0.6,0.015,0.001
1774496829.1207054,192.084,-9999.000000,30.090246,30.0,64.0541,HIGH,0.6,0.015,0.001
1774496829.1953232,192.158,-9999.000000,30.090246,30.0,64.0492,HIGH,0.6,0.015,0.001
1774496829.264718,192.228,-9999.000000,30.090246,30.0,64.0398,HIGH,0.6,0.015,0.001
1774496829.365384,192.328,-9999.000000,30.090661,30.0,64.0008,HIGH,0.6,0.015,0.001
1774496829.435167,192.398,-9999.000000,30.091073,30.0,63.9663,HIGH,0.6,0.015,0.001
1774496829.5125988,192.475,-9999.000000,30.092312,30.0,63.8802,HIGH,0.6,0.015,0.001
1774496829.6204593,192.583,-9999.000000,30.091897,30.0,63.8923,HIGH,0.6,0.015,0.001
1774496829.6824005,192.645,-9999.000000,30.092312,30.0,63.8577,HIGH,0.6,0.015,0.001
1774496829.7559752,192.719,-9999.000000,30.092724,30.0,63.8229,HIGH,0.6,0.015,0.001
1774496829.8341608,192.797,-9999.000000,30.096855,30.0,63.5590,HIGH,0.6,0.015,0.001
1774496829.9126923,192.876,-9999.000000,30.093137,30.0,63.7811,HIGH,0.6,0.015,0.001
1774496829.9866793,192.950,-9999.000000,30.081989,30.0,64.4512,HIGH,0.6,0.015,0.001
1774496830.0585587,193.021,-9999.000000,30.096440,30.0,63.5386,HIGH,0.6,0.015,0.001
1774496830.1631613,193.126,-9999.000000,30.095200,30.0,63.6193,HIGH,0.6,0.015,0.001
1774496830.2430665,193.206,-9999.000000,30.095615,30.0,63.5812,HIGH,0.6,0.015,0.001
1774496830.3252268,193.288,-9999.000000,30.095200,30.0,63.5954,HIGH,0.6,0.015,0.001
1774496830.434431,193.397,-9999.000000,30.095200,30.0,63.5793,HIGH,0.6,0.015,0.001
1774496830.4965243,193.459,-9999.000000,30.093964,30.0,63.6468,HIGH,0.6,0.015,0.001
1774496830.5744176,193.537,-9999.000000,30.096855,30.0,63.4563,HIGH,0.6,0.015,0.001
1774496830.684588,193.647,-9999.000000,30.096440,30.0,63.4693,HIGH,0.6,0.015,0.001
1774496830.7500823,193.713,-9999.000000,30.097267,30.0,63.4085,HIGH,0.6,0.015,0.001
1774496830.8303676,193.793,-9999.000000,30.097267,30.0,63.3981,HIGH,0.6,0.015,0.001
1774496830.929039,193.892,-9999.000000,30.097267,30.0,63.3837,HIGH,0.6,0.015,0.001
1774496830.9930282,193.956,-9999.000000,30.099743,30.0,63.2217,HIGH,0.6,0.015,0.001
1774496831.06841,194.031,-9999.000000,30.098918,30.0,63.2649,HIGH,0.6,0.015,0.001
1774496831.1723015,194.135,-9999.000000,30.098091,30.0,63.2990,HIGH,0.6,0.015,0.001
1774496831.2353745,194.198,-9999.000000,30.098091,30.0,63.2889,HIGH,0.6,0.015,0.001
1774496831.308047,194.271,-9999.000000,30.099743,30.0,63.1766,HIGH,0.6,0.015,0.001
1774496831.3774128,194.340,-9999.000000,30.099743,30.0,63.1685,HIGH,0.6,0.015,0.001
1774496831.4478228,194.411,-9999.000000,30.114611,30.0,62.2432,HIGH,0.6,0.015,0.001
1774496831.5233624,194.486,-9999.000000,30.102634,30.0,62.9872,HIGH,0.6,0.015,0.001
1774496831.6267378,194.590,-9999.000000,30.099331,30.0,63.1573,HIGH,0.6,0.015,0.001
1774496831.720431,194.683,-9999.000000,30.100158,30.0,63.0895,HIGH,0.6,0.015,0.001
1774496831.794382,194.757,-9999.000000,30.099743,30.0,63.1048,HIGH,0.6,0.015,0.001
1774496831.8801,194.843,-9999.000000,30.099743,30.0,63.0914,HIGH,0.6,0.015,0.001
1774496832.0033045,194.966,-9999.000000,30.097679,30.0,63.1989,HIGH,0.6,0.015,0.001
1774496832.115407,195.078,-9999.000000,30.099331,30.0,63.0799,HIGH,0.6,0.015,0.001
1774496832.1842055,195.147,-9999.000000,30.100158,30.0,63.0202,HIGH,0.6,0.015,0.001
1774496832.2535868,195.216,-9999.000000,30.100158,30.0,63.0110,HIGH,0.6,0.015,0.001
1774496832.322373,195.285,-9999.000000,30.103049,30.0,62.8227,HIGH,0.6,0.015,0.001
1774496832.3923562,195.355,-9999.000000,30.103873,30.0,62.7654,HIGH,0.6,0.015,0.001
1774496832.4922752,195.455,-9999.000000,30.100158,30.0,62.9782,HIGH,0.6,0.015,0.001
1774496832.5544217,195.517,-9999.000000,30.099743,30.0,62.9907,HIGH,0.6,0.015,0.001
1774496832.6247158,195.588,-9999.000000,30.099743,30.0,62.9796,HIGH,0.6,0.015,0.001
1774496832.6973288,195.660,-9999.000000,30.100158,30.0,62.9432,HIGH,0.6,0.015,0.001
1774496832.7822373,195.745,-9999.000000,30.100158,30.0,62.9310,HIGH,0.6,0.015,0.001
1774496832.8677623,195.831,-9999.000000,30.104701,30.0,62.6397,HIGH,0.6,0.015,0.001
1774496832.945853,195.909,-9999.000000,30.099331,30.0,62.9624,HIGH,0.6,0.015,0.001
1774496833.0656948,196.029,-9999.000000,30.088594,30.0,63.5928,HIGH,0.6,0.015,0.001
1774496833.176286,196.139,-9999.000000,30.100982,30.0,62.8126,HIGH,0.6,0.015,0.001
1774496833.2466886,196.210,-9999.000000,30.112960,30.0,62.0762,HIGH,0.6,0.015,0.001
1774496833.320641,196.283,-9999.000000,30.098918,30.0,62.9437,HIGH,0.6,0.015,0.001
1774496833.4298618,196.393,-9999.000000,30.100982,30.0,62.7824,HIGH,0.6,0.015,0.001
1774496833.4943273,196.457,-9999.000000,30.101810,30.0,62.7236,HIGH,0.6,0.015,0.001
1774496833.569898,196.533,-9999.000000,30.100982,30.0,62.7641,HIGH,0.6,0.015,0.001
1774496833.6625354,196.625,-9999.000000,30.117915,30.0,61.7124,HIGH,0.6,0.015,0.001
1774496833.7537951,196.717,-9999.000000,30.101810,30.0,62.7007,HIGH,0.6,0.015,0.001
1774496833.8614256,196.824,-9999.000000,30.101810,30.0,62.6666,HIGH,0.6,0.015,0.001
1774496833.9298089,196.893,-9999.000000,30.102222,30.0,62.6308,HIGH,0.6,0.015,0.001
1774496834.004498,196.967,-9999.000000,30.102222,30.0,62.6200,HIGH,0.6,0.015,0.001
1774496834.0807288,197.044,-9999.000000,30.097267,30.0,62.9126,HIGH,0.6,0.015,0.001
1774496834.1673267,197.130,-9999.000000,30.110068,30.0,62.1090,HIGH,0.6,0.015,0.001
1774496834.2435467,197.206,-9999.000000,30.102634,30.0,62.5678,HIGH,0.6,0.015,0.001
1774496834.3191483,197.282,-9999.000000,30.102222,30.0,62.5718,HIGH,0.6,0.015,0.001
1774496834.401699,197.365,-9999.000000,30.101810,30.0,62.5838,HIGH,0.6,0.015,0.001
1774496834.5023005,197.465,-9999.000000,30.102634,30.0,62.5176,HIGH,0.6,0.015,0.001
1774496834.6126041,197.575,-9999.000000,30.102634,30.0,62.5014,HIGH,0.6,0.015,0.001
1774496834.6903894,197.653,-9999.000000,30.103873,30.0,62.4133,HIGH,0.6,0.015,0.001
1774496834.7668912,197.730,-9999.000000,30.107177,30.0,62.2001,HIGH,0.6,0.015,0.001
1774496834.880678,197.844,-9999.000000,30.101810,30.0,62.5138,HIGH,0.6,0.015,0.001
1774496834.9852817,197.948,-9999.000000,30.095615,30.0,62.8717,HIGH,0.6,0.015,0.001
1774496835.0555034,198.018,-9999.000000,30.103461,30.0,62.3729,HIGH,0.6,0.015,0.001
1774496835.132702,198.096,-9999.000000,30.119155,30.0,61.4083,HIGH,0.6,0.015,0.001
1774496835.242538,198.205,-9999.000000,30.112547,30.0,61.8126,HIGH,0.6,0.015,0.001
1774496835.3095036,198.272,-9999.000000,30.074557,30.0,64.1352,HIGH,0.6,0.015,0.001
1774496835.3895023,198.352,-9999.000000,30.104285,30.0,62.2451,HIGH,0.6,0.015,0.001
1774496835.497449,198.460,-9999.000000,30.115439,30.0,61.5840,HIGH,0.6,0.015,0.001
1774496835.5627477,198.526,-9999.000000,30.107592,30.0,62.0667,HIGH,0.6,0.015,0.001
1774496835.636812,198.600,-9999.000000,30.108829,30.0,61.9667,HIGH,0.6,0.015,0.001
1774496835.7415307,198.704,-9999.000000,30.104701,30.0,62.2035,HIGH,0.6,0.015,0.001
1774496835.8124044,198.775,-9999.000000,30.108004,30.0,61.9852,HIGH,0.6,0.015,0.001
1774496835.883602,198.846,-9999.000000,30.104285,30.0,62.2071,HIGH,0.6,0.015,0.001
1774496835.99354,198.956,-9999.000000,30.104285,30.0,62.1847,HIGH,0.6,0.015,0.001
1774496836.0615406,199.024,-9999.000000,30.113787,30.0,61.5890,HIGH,0.6,0.015,0.001
1774496836.1389117,199.102,-9999.000000,30.104285,30.0,62.1733,HIGH,0.6,0.015,0.001
1774496836.244698,199.208,-9999.000000,30.103049,30.0,62.2200,HIGH,0.6,0.015,0.001
1774496836.313431,199.276,-9999.000000,30.104285,30.0,62.1321,HIGH,0.6,0.015,0.001
1774496836.3889132,199.352,-9999.000000,30.103873,30.0,62.1474,HIGH,0.6,0.015,0.001
1774496836.4947658,199.458,-9999.000000,30.104285,30.0,62.1052,HIGH,0.6,0.015,0.001
1774496836.5587885,199.522,-9999.000000,30.104285,30.0,62.0956,HIGH,0.6,0.015,0.001
1774496836.6366847,199.600,-9999.000000,30.105113,30.0,62.0326,HIGH,0.6,0.015,0.001
1774496836.738465,199.701,-9999.000000,30.103873,30.0,62.0934,HIGH,0.6,0.015,0.001
1774496836.8027394,199.766,-9999.000000,30.104285,30.0,62.0567,HIGH,0.6,0.015,0.001
1774496836.8736496,199.836,-9999.000000,30.102634,30.0,62.1479,HIGH,0.6,0.015,0.001
1774496836.9460857,199.909,-9999.000000,30.106352,30.0,61.9057,HIGH,0.6,0.015,0.001
1774496837.0478806,200.011,-9999.000000,30.103873,30.0,62.0462,HIGH,0.6,0.015,0.001
1774496837.111659,200.074,-9999.000000,30.106352,30.0,61.8809,HIGH,0.6,0.015,0.001
1774496837.1827345,200.146,-9999.000000,30.101810,30.0,62.1529,HIGH,0.6,0.015,0.001
1774496837.2590415,200.222,-9999.000000,30.102634,30.0,62.0843,HIGH,0.6,0.015,0.001
1774496837.363706,200.327,-9999.000000,30.103049,30.0,62.0439,HIGH,0.6,0.015,0.001
1774496837.425692,200.389,-9999.000000,30.103461,30.0,62.0092,HIGH,0.6,0.015,0.001
1774496837.4969425,200.460,-9999.000000,30.102634,30.0,62.0497,HIGH,0.6,0.015,0.001
1774496837.572523,200.535,-9999.000000,30.103049,30.0,62.0114,HIGH,0.6,0.015,0.001
1774496837.691905,200.655,-9999.000000,30.104701,30.0,61.8927,HIGH,0.6,0.015,0.001
1774496837.7556777,200.719,-9999.000000,30.101810,30.0,62.0624,HIGH,0.6,0.015,0.001
1774496837.8265414,200.789,-9999.000000,30.103049,30.0,61.9708,HIGH,0.6,0.015,0.001
1774496837.9250824,200.888,-9999.000000,30.103049,30.0,61.9573,HIGH,0.6,0.015,0.001
1774496837.9915915,200.954,-9999.000000,30.102634,30.0,61.9726,HIGH,0.6,0.015,0.001
1774496838.0634062,201.026,-9999.000000,30.101810,30.0,62.0116,HIGH,0.6,0.015,0.001
1774496838.134505,201.097,-9999.000000,30.101810,30.0,61.9996,HIGH,0.6,0.015,0.001
1774496838.205584,201.168,-9999.000000,30.103873,30.0,61.8618,HIGH,0.6,0.015,0.001
1774496838.309248,201.272,-9999.000000,30.097267,30.0,62.2524,HIGH,0.6,0.015,0.001
1774496838.3774707,201.340,-9999.000000,30.101397,30.0,61.9817,HIGH,0.6,0.015,0.001
1774496838.483079,201.446,-9999.000000,30.100982,30.0,61.9971,HIGH,0.6,0.015,0.001
1774496838.5531418,201.516,-9999.000000,30.100570,30.0,62.0114,HIGH,0.6,0.015,0.001
1774496838.6282177,201.591,-9999.000000,30.100570,30.0,61.9995,HIGH,0.6,0.015,0.001
1774496838.7380493,201.701,-9999.000000,30.100570,30.0,61.9830,HIGH,0.6,0.015,0.001
1774496838.8080456,201.771,-9999.000000,30.100158,30.0,61.9978,HIGH,0.6,0.015,0.001
1774496838.8778667,201.841,-9999.000000,30.099743,30.0,62.0122,HIGH,0.6,0.015,0.001
1774496838.9544404,201.917,-9999.000000,30.097267,30.0,62.1522,HIGH,0.6,0.015,0.001
1774496839.064449,202.027,-9999.000000,30.098506,30.0,62.0573,HIGH,0.6,0.015,0.001
1774496839.1330562,202.096,-9999.000000,30.098918,30.0,62.0229,HIGH,0.6,0.015,0.001
1774496839.2085228,202.171,-9999.000000,30.097679,30.0,62.0884,HIGH,0.6,0.015,0.001
1774496839.3185768,202.281,-9999.000000,30.096855,30.0,62.1210,HIGH,0.6,0.015,0.001
1774496839.4025712,202.365,-9999.000000,30.096440,30.0,62.1335,HIGH,0.6,0.015,0.001
1774496839.5258863,202.489,-9999.000000,30.095615,30.0,62.1654,HIGH,0.6,0.015,0.001
1774496839.6253493,202.588,-9999.000000,30.096027,30.0,62.1253,HIGH,0.6,0.015,0.001
1774496839.698982,202.662,-9999.000000,30.095615,30.0,62.1405,HIGH,0.6,0.015,0.001
1774496839.7814786,202.744,-9999.000000,30.093549,30.0,62.2548,HIGH,0.6,0.015,0.001
1774496839.8823025,202.845,-9999.000000,30.093549,30.0,62.2382,HIGH,0.6,0.015,0.001
1774496839.9465668,202.909,-9999.000000,30.092312,30.0,62.3054,HIGH,0.6,0.015,0.001
1774496840.0188937,202.982,-9999.000000,30.084880,30.0,62.7505,HIGH,0.6,0.015,0.001
1774496840.0901852,203.053,-9999.000000,30.091073,30.0,62.3502,HIGH,0.6,0.015,0.001
1774496840.1870413,203.150,-9999.000000,30.090246,30.0,62.3962,HIGH,0.6,0.015,0.001
1774496840.250599,203.213,-9999.000000,30.092312,30.0,62.2593,HIGH,0.6,0.015,0.001
1774496840.3277273,203.291,-9999.000000,30.089422,30.0,62.4294,HIGH,0.6,0.015,0.001
1774496840.3983073,203.361,-9999.000000,30.074969,30.0,63.3054,HIGH,0.6,0.015,0.001
1774496840.4665942,203.429,-9999.000000,30.087355,30.0,62.5147,HIGH,0.6,0.015,0.001
1774496840.5786748,203.542,-9999.000000,30.085292,30.0,62.6441,HIGH,0.6,0.015,0.001
1774496840.6427639,203.606,-9999.000000,30.086119,30.0,62.5831,HIGH,0.6,0.015,0.001
1774496840.7246892,203.688,-9999.000000,30.086119,30.0,62.5738,HIGH,0.6,0.015,0.001
1774496840.8264422,203.789,-9999.000000,30.085292,30.0,62.6112,HIGH,0.6,0.015,0.001
1774496840.8899474,203.853,-9999.000000,30.084464,30.0,62.6533,HIGH,0.6,0.015,0.001
1774496840.9599493,203.923,-9999.000000,30.084052,30.0,62.6685,HIGH,0.6,0.015,0.001
1774496841.070461,204.033,-9999.000000,30.091485,30.0,62.2000,HIGH,0.6,0.015,0.001
1774496841.1398604,204.103,-9999.000000,30.082401,30.0,62.7563,HIGH,0.6,0.015,0.001
1774496841.2467735,204.210,-9999.000000,30.081162,30.0,62.8057,HIGH,0.6,0.015,0.001
1774496841.3144639,204.277,-9999.000000,30.080750,30.0,62.8217,HIGH,0.6,0.015,0.001
1774496841.3861084,204.349,-9999.000000,30.079926,30.0,62.8631,HIGH,0.6,0.015,0.001
1774496841.4695158,204.432,-9999.000000,30.079098,30.0,62.9026,HIGH,0.6,0.015,0.001
1774496841.5550091,204.518,-9999.000000,30.080338,30.0,62.8156,HIGH,0.6,0.015,0.001
1774496841.6380892,204.601,-9999.000000,30.077035,30.0,63.0095,HIGH,0.6,0.015,0.001
1774496841.7277567,204.691,-9999.000000,30.076208,30.0,63.0458,HIGH,0.6,0.015,0.001
1774496841.809991,204.773,-9999.000000,30.078271,30.0,62.9090,HIGH,0.6,0.015,0.001
1774496841.8959877,204.859,-9999.000000,30.076620,30.0,63.0026,HIGH,0.6,0.015,0.001
1774496842.015214,204.978,-9999.000000,30.078271,30.0,62.8862,HIGH,0.6,0.015,0.001
1774496842.1406527,205.103,-9999.000000,30.072906,30.0,63.2001,HIGH,0.6,0.015,0.001
1774496842.2623174,205.225,-9999.000000,30.072906,30.0,63.1825,HIGH,0.6,0.015,0.001
1774496842.3346488,205.297,-9999.000000,30.072494,30.0,63.1999,HIGH,0.6,0.015,0.001
1774496842.4457185,205.409,-9999.000000,30.071255,30.0,63.2629,HIGH,0.6,0.015,0.001
1774496842.5150867,205.478,-9999.000000,30.074969,30.0,63.0258,HIGH,0.6,0.015,0.001
1774496842.5958052,205.559,-9999.000000,30.070016,30.0,63.3260,HIGH,0.6,0.015,0.001
1774496842.6831224,205.646,-9999.000000,30.069604,30.0,63.3360,HIGH,0.6,0.015,0.001
1774496842.7678967,205.731,-9999.000000,30.065887,30.0,63.5545,HIGH,0.6,0.015,0.001
1774496842.8870075,205.850,-9999.000000,30.068365,30.0,63.3872,HIGH,0.6,0.015,0.001
1774496842.9576404,205.920,-9999.000000,30.067538,30.0,63.4329,HIGH,0.6,0.015,0.001
1774496843.075431,206.038,-9999.000000,30.066714,30.0,63.4701,HIGH,0.6,0.015,0.001
1774496843.1484814,206.111,-9999.000000,30.067126,30.0,63.4367,HIGH,0.6,0.015,0.001
1774496843.2687175,206.232,-9999.000000,30.066714,30.0,63.4503,HIGH,0.6,0.015,0.001
1774496843.392578,206.355,-9999.000000,30.065475,30.0,63.5132,HIGH,0.6,0.015,0.001
1774496843.5242856,206.487,-9999.000000,30.076208,30.0,62.8449,HIGH,0.6,0.015,0.001
1774496843.6400104,206.603,-9999.000000,30.076208,30.0,62.8399,HIGH,0.6,0.015,0.001
1774496843.7474997,206.710,-9999.000000,30.055981,30.0,64.0633,HIGH,0.6,0.015,0.001
1774496843.8152435,206.778,-9999.000000,30.066714,30.0,63.3779,HIGH,0.6,0.015,0.001
1774496843.8950117,206.858,-9999.000000,30.066714,30.0,63.3857,HIGH,0.6,0.015,0.001
1774496844.0123377,206.975,-9999.000000,30.066714,30.0,63.3740,HIGH,0.6,0.015,0.001
1774496844.082272,207.045,-9999.000000,30.066302,30.0,63.3924,HIGH,0.6,0.015,0.001
1774496844.169193,207.132,-9999.000000,30.079098,30.0,62.5989,HIGH,0.6,0.015,0.001
1774496844.2473717,207.210,-9999.000000,30.064651,30.0,63.4914,HIGH,0.6,0.015,0.001
1774496844.3241029,207.287,-9999.000000,30.065887,30.0,63.3896,HIGH,0.6,0.015,0.001
1774496844.401557,207.364,-9999.000000,30.066714,30.0,63.3327,HIGH,0.6,0.015,0.001
1774496844.5129292,207.476,-9999.000000,30.066714,30.0,63.3227,HIGH,0.6,0.015,0.001
1774496844.5986342,207.561,-9999.000000,30.066714,30.0,63.3141,HIGH,0.6,0.015,0.001
1774496844.696675,207.660,-9999.000000,30.067126,30.0,63.2791,HIGH,0.6,0.015,0.001
1774496844.7792983,207.742,-9999.000000,30.067538,30.0,63.2459,HIGH,0.6,0.015,0.001
1774496844.8947725,207.858,-9999.000000,30.082401,30.0,62.3275,HIGH,0.6,0.015,0.001
1774496844.963259,207.926,-9999.000000,30.068777,30.0,63.1706,HIGH,0.6,0.015,0.001
1774496845.0747008,208.038,-9999.000000,30.067126,30.0,63.2401,HIGH,0.6,0.015,0.001
1774496845.143869,208.107,-9999.000000,30.067953,30.0,63.1807,HIGH,0.6,0.015,0.001
1774496845.244558,208.207,-9999.000000,30.067953,30.0,63.1716,HIGH,0.6,0.015,0.001
1774496845.320824,208.284,-9999.000000,30.068365,30.0,63.1386,HIGH,0.6,0.015,0.001
1774496845.3968635,208.360,-9999.000000,30.062585,30.0,63.4864,HIGH,0.6,0.015,0.001
1774496845.5085118,208.471,-9999.000000,30.068777,30.0,63.0902,HIGH,0.6,0.015,0.001
1774496845.5752664,208.538,-9999.000000,30.068777,30.0,63.0888,HIGH,0.6,0.015,0.001
1774496845.6504612,208.613,-9999.000000,30.069604,30.0,63.0303,HIGH,0.6,0.015,0.001
1774496845.7402701,208.703,-9999.000000,30.070428,30.0,62.9715,HIGH,0.6,0.015,0.001
1774496845.8247354,208.788,-9999.000000,30.070428,30.0,62.9635,HIGH,0.6,0.015,0.001
1774496845.9055517,208.868,-9999.000000,30.070016,30.0,62.9803,HIGH,0.6,0.015,0.001
1774496845.9870594,208.950,-9999.000000,30.070843,30.0,62.9204,HIGH,0.6,0.015,0.001
1774496846.0635235,209.026,-9999.000000,30.083640,30.0,62.1273,HIGH,0.6,0.015,0.001
1774496846.1415868,209.104,-9999.000000,30.072079,30.0,62.8441,HIGH,0.6,0.015,0.001
1774496846.2196772,209.183,-9999.000000,30.071667,30.0,62.8461,HIGH,0.6,0.015,0.001
1774496846.2944787,209.257,-9999.000000,30.072906,30.0,62.7614,HIGH,0.6,0.015,0.001
1774496846.403102,209.366,-9999.000000,30.073730,30.0,62.7009,HIGH,0.6,0.015,0.001
1774496846.4715958,209.434,-9999.000000,30.073318,30.0,62.7194,HIGH,0.6,0.015,0.001
1774496846.555218,209.518,-9999.000000,30.074969,30.0,62.6084,HIGH,0.6,0.015,0.001
1774496846.6646338,209.627,-9999.000000,30.075384,30.0,62.5727,HIGH,0.6,0.015,0.001
1774496846.7348313,209.698,-9999.000000,30.075384,30.0,62.5651,HIGH,0.6,0.015,0.001
1774496846.8423853,209.805,-9999.000000,30.076620,30.0,62.4774,HIGH,0.6,0.015,0.001
1774496846.9124238,209.875,-9999.000000,30.058871,30.0,63.5627,HIGH,0.6,0.015,0.001
1774496846.989576,209.952,-9999.000000,30.076620,30.0,62.4405,HIGH,0.6,0.015,0.001
1774496847.1016161,210.064,-9999.000000,30.076620,30.0,62.4507,HIGH,0.6,0.015,0.001
1774496847.167455,210.130,-9999.000000,30.078686,30.0,62.3158,HIGH,0.6,0.015,0.001
1774496847.2784417,210.241,-9999.000000,30.079098,30.0,62.2806,HIGH,0.6,0.015,0.001
1774496847.3451505,210.308,-9999.000000,30.079098,30.0,62.2731,HIGH,0.6,0.015,0.001
1774496847.4192317,210.382,-9999.000000,30.080338,30.0,62.1882,HIGH,0.6,0.015,0.001
1774496847.5247924,210.488,-9999.000000,30.080750,30.0,62.1519,HIGH,0.6,0.015,0.001
1774496847.5924108,210.555,-9999.000000,30.081577,30.0,62.0932,HIGH,0.6,0.015,0.001
1774496847.667734,210.631,-9999.000000,30.089422,30.0,61.6032,HIGH,0.6,0.015,0.001
1774496847.7824082,210.745,-9999.000000,30.086119,30.0,61.7999,HIGH,0.6,0.015,0.001
1774496847.8496077,210.812,-9999.000000,30.082813,30.0,61.9919,HIGH,0.6,0.015,0.001
1774496847.9263728,210.889,-9999.000000,30.081577,30.0,62.0534,HIGH,0.6,0.015,0.001
1774496848.0380158,211.001,-9999.000000,30.081577,30.0,62.0381,HIGH,0.6,0.015,0.001
1774496848.1377785,211.101,-9999.000000,30.089422,30.0,61.5462,HIGH,0.6,0.015,0.001
1774496848.205391,211.168,-9999.000000,30.083640,30.0,61.9010,HIGH,0.6,0.015,0.001
1774496848.2835507,211.246,-9999.000000,30.082813,30.0,61.9334,HIGH,0.6,0.015,0.001
1774496848.3762085,211.339,-9999.000000,30.077447,30.0,62.2493,HIGH,0.6,0.015,0.001
1774496848.4533553,211.416,-9999.000000,30.086119,30.0,61.7020,HIGH,0.6,0.015,0.001
1774496848.532288,211.495,-9999.000000,30.084052,30.0,61.8299,HIGH,0.6,0.015,0.001
1774496848.6083581,211.571,-9999.000000,30.100158,30.0,60.8284,HIGH,0.6,0.015,0.001
1774496848.714889,211.678,-9999.000000,30.084464,30.0,61.7924,HIGH,0.6,0.015,0.001
1774496848.7841105,211.747,-9999.000000,30.084880,30.0,61.7433,HIGH,0.6,0.015,0.001
1774496848.861831,211.825,-9999.000000,30.084052,30.0,61.7848,HIGH,0.6,0.015,0.001
1774496848.9422226,211.905,-9999.000000,30.092312,30.0,61.2668,HIGH,0.6,0.015,0.001
1774496849.026123,211.989,-9999.000000,30.082401,30.0,61.8732,HIGH,0.6,0.015,0.001
1774496849.1152568,212.078,-9999.000000,30.084880,30.0,61.6985,HIGH,0.6,0.015,0.001
1774496849.1953986,212.158,-9999.000000,30.083640,30.0,61.7671,HIGH,0.6,0.015,0.001
1774496849.2727256,212.236,-9999.000000,30.097267,30.0,60.9191,HIGH,0.6,0.015,0.001
1774496849.3501534,212.313,-9999.000000,30.069604,30.0,62.6241,HIGH,0.6,0.015,0.001
1774496849.4634056,212.426,-9999.000000,30.084880,30.0,61.6440,HIGH,0.6,0.015,0.001
1774496849.5323086,212.495,-9999.000000,30.084464,30.0,61.6742,HIGH,0.6,0.015,0.001
1774496849.6036198,212.566,-9999.000000,30.083640,30.0,61.7153,HIGH,0.6,0.015,0.001
1774496849.7104478,212.673,-9999.000000,30.084464,30.0,61.6504,HIGH,0.6,0.015,0.001
1774496849.7816997,212.745,-9999.000000,30.085704,30.0,61.5659,HIGH,0.6,0.015,0.001
1774496849.8968112,212.860,-9999.000000,30.083640,30.0,61.6788,HIGH,0.6,0.015,0.001
1774496849.973073,212.936,-9999.000000,30.099331,30.0,60.7036,HIGH,0.6,0.015,0.001
1774496850.0835037,213.046,-9999.000000,30.084052,30.0,61.6408,HIGH,0.6,0.015,0.001
1774496850.1497974,213.113,-9999.000000,30.083640,30.0,61.6440,HIGH,0.6,0.015,0.001
1774496850.2251112,213.188,-9999.000000,30.084052,30.0,61.6086,HIGH,0.6,0.015,0.001
1774496850.3091924,213.272,-9999.000000,30.084052,30.0,61.5986,HIGH,0.6,0.015,0.001
1774496850.3862052,213.349,-9999.000000,30.084464,30.0,61.5636,HIGH,0.6,0.015,0.001
1774496850.4665365,213.429,-9999.000000,30.085704,30.0,61.4779,HIGH,0.6,0.015,0.001
1774496850.536373,213.499,-9999.000000,30.086119,30.0,61.4449,HIGH,0.6,0.015,0.001
1774496850.6116014,213.574,-9999.000000,30.090661,30.0,61.1567,HIGH,0.6,0.015,0.001
1774496850.7165537,213.679,-9999.000000,30.084464,30.0,61.5271,HIGH,0.6,0.015,0.001
1774496850.789037,213.752,-9999.000000,30.084052,30.0,61.5374,HIGH,0.6,0.015,0.001
1774496850.9055772,213.868,-9999.000000,30.083228,30.0,61.5724,HIGH,0.6,0.015,0.001
1774496850.9746392,213.937,-9999.000000,30.084880,30.0,61.4614,HIGH,0.6,0.015,0.001
1774496851.0563083,214.019,-9999.000000,30.085292,30.0,61.4282,HIGH,0.6,0.015,0.001
1774496851.1346025,214.097,-9999.000000,30.085704,30.0,61.3933,HIGH,0.6,0.015,0.001
1774496851.2054327,214.168,-9999.000000,30.072906,30.0,62.1721,HIGH,0.6,0.015,0.001
1774496851.2816339,214.244,-9999.000000,30.093964,30.0,60.8521,HIGH,0.6,0.015,0.001
1774496851.3577905,214.321,-9999.000000,30.085292,30.0,61.4018,HIGH,0.6,0.015,0.001
1774496851.464284,214.427,-9999.000000,30.085704,30.0,61.3516,HIGH,0.6,0.015,0.001
1774496851.5301676,214.493,-9999.000000,30.083640,30.0,61.4706,HIGH,0.6,0.015,0.001
1774496851.6063635,214.569,-9999.000000,30.084880,30.0,61.3818,HIGH,0.6,0.015,0.001
1774496851.7175622,214.680,-9999.000000,30.086119,30.0,61.2936,HIGH,0.6,0.015,0.001
1774496851.7845795,214.747,-9999.000000,30.085292,30.0,61.3370,HIGH,0.6,0.015,0.001
1774496851.8626697,214.825,-9999.000000,30.085704,30.0,61.3005,HIGH,0.6,0.015,0.001
1774496851.9681838,214.931,-9999.000000,30.086119,30.0,61.2621,HIGH,0.6,0.015,0.001
1774496852.0327022,214.996,-9999.000000,30.086531,30.0,61.2287,HIGH,0.6,0.015,0.001
1774496852.1083484,215.071,-9999.000000,30.084464,30.0,61.3465,HIGH,0.6,0.015,0.001
1774496852.2184541,215.181,-9999.000000,30.086531,30.0,61.2036,HIGH,0.6,0.015,0.001
1774496852.2959826,215.259,-9999.000000,30.086119,30.0,61.2207,HIGH,0.6,0.015,0.001
1774496852.4067698,215.370,-9999.000000,30.086119,30.0,61.2059,HIGH,0.6,0.015,0.001
1774496852.4735107,215.436,-9999.000000,30.084880,30.0,61.2736,HIGH,0.6,0.015,0.001
1774496852.5824814,215.545,-9999.000000,30.086943,30.0,61.1318,HIGH,0.6,0.015,0.001
1774496852.6504867,215.613,-9999.000000,30.085292,30.0,61.2265,HIGH,0.6,0.015,0.001
1774496852.7258441,215.689,-9999.000000,30.097267,30.0,60.4787,HIGH,0.6,0.015,0.001
1774496852.8369634,215.800,-9999.000000,30.084052,30.0,61.2854,HIGH,0.6,0.015,0.001
1774496852.9042027,215.867,-9999.000000,30.075384,30.0,61.7988,HIGH,0.6,0.015,0.001
1774496852.980316,215.943,-9999.000000,30.082401,30.0,61.3463,HIGH,0.6,0.015,0.001
1774496853.090727,216.054,-9999.000000,30.084052,30.0,61.2410,HIGH,0.6,0.015,0.001
1774496853.1591704,216.122,-9999.000000,30.083228,30.0,61.2846,HIGH,0.6,0.015,0.001
1774496853.266643,216.229,-9999.000000,30.081989,30.0,61.3457,HIGH,0.6,0.015,0.001
1774496853.3343644,216.297,-9999.000000,30.079511,30.0,61.4889,HIGH,0.6,0.015,0.001
1774496853.4122863,216.375,-9999.000000,30.082813,30.0,61.2731,HIGH,0.6,0.015,0.001
1774496853.488974,216.452,-9999.000000,30.082401,30.0,61.2932,HIGH,0.6,0.015,0.001
1774496853.5945513,216.557,-9999.000000,30.082401,30.0,61.2796,HIGH,0.6,0.015,0.001
1774496853.661522,216.624,-9999.000000,30.087770,30.0,60.9406,HIGH,0.6,0.015,0.001
1774496853.7387984,216.702,-9999.000000,30.082401,30.0,61.2681,HIGH,0.6,0.015,0.001
1774496853.845943,216.809,-9999.000000,30.098091,30.0,60.2894,HIGH,0.6,0.015,0.001
1774496853.925203,216.888,-9999.000000,30.075384,30.0,61.6861,HIGH,0.6,0.015,0.001
1774496853.9990034,216.962,-9999.000000,30.074145,30.0,61.7253,HIGH,0.6,0.015,0.001
1774496854.0761776,217.039,-9999.000000,30.082813,30.0,61.1827,HIGH,0.6,0.015,0.001
1774496854.185756,217.149,-9999.000000,30.085292,30.0,61.0290,HIGH,0.6,0.015,0.001
1774496854.2550752,217.218,-9999.000000,30.081162,30.0,61.2765,HIGH,0.6,0.015,0.001
1774496854.3286164,217.291,-9999.000000,30.081989,30.0,61.2108,HIGH,0.6,0.015,0.001
1774496854.4436004,217.406,-9999.000000,30.081989,30.0,61.1978,HIGH,0.6,0.015,0.001
1774496854.510619,217.473,-9999.000000,30.082813,30.0,61.1388,HIGH,0.6,0.015,0.001
1774496854.585801,217.549,-9999.000000,30.082813,30.0,61.1306,HIGH,0.6,0.015,0.001
1774496854.6952486,217.658,-9999.000000,30.082813,30.0,61.1171,HIGH,0.6,0.015,0.001
1774496854.7626407,217.725,-9999.000000,30.082401,30.0,61.1341,HIGH,0.6,0.015,0.001
1774496854.8404412,217.803,-9999.000000,30.083228,30.0,61.0730,HIGH,0.6,0.015,0.001
1774496854.9536486,217.916,-9999.000000,30.078686,30.0,61.3373,HIGH,0.6,0.015,0.001
1774496855.0596867,218.023,-9999.000000,30.077447,30.0,61.3964,HIGH,0.6,0.015,0.001
1774496855.1285765,218.091,-9999.000000,30.071667,30.0,61.7431,HIGH,0.6,0.015,0.001
1774496855.2030845,218.166,-9999.000000,30.067538,30.0,61.9804,HIGH,0.6,0.015,0.001
1774496855.3153872,218.278,-9999.000000,30.082401,30.0,61.0560,HIGH,0.6,0.015,0.001
1774496855.3822632,218.345,-9999.000000,30.083228,30.0,61.0100,HIGH,0.6,0.015,0.001
1774496855.458194,218.421,-9999.000000,30.082401,30.0,61.0526,HIGH,0.6,0.015,0.001
1774496855.5663795,218.529,-9999.000000,30.084052,30.0,60.9372,HIGH,0.6,0.015,0.001
1774496855.6324894,218.595,-9999.000000,30.082813,30.0,61.0068,HIGH,0.6,0.015,0.001
1774496855.7104502,218.673,-9999.000000,30.082401,30.0,61.0205,HIGH,0.6,0.015,0.001
1774496855.81863,218.781,-9999.000000,30.082813,30.0,60.9815,HIGH,0.6,0.015,0.001
1774496855.889159,218.852,-9999.000000,30.082813,30.0,60.9731,HIGH,0.6,0.015,0.001
1774496856.0043437,218.967,-9999.000000,30.084052,30.0,60.8831,HIGH,0.6,0.015,0.001
1774496856.0719242,219.035,-9999.000000,30.083228,30.0,60.9264,HIGH,0.6,0.015,0.001
1774496856.1814842,219.144,-9999.000000,30.085292,30.0,60.7855,HIGH,0.6,0.015,0.001
1774496856.2487736,219.212,-9999.000000,30.075384,30.0,61.3889,HIGH,0.6,0.015,0.001
1774496856.325216,219.288,-9999.000000,30.084880,30.0,60.7823,HIGH,0.6,0.015,0.001
1774496856.4299784,219.393,-9999.000000,30.099331,30.0,59.8983,HIGH,0.6,0.015,0.001
1774496856.4985042,219.461,-9999.000000,30.084052,30.0,60.8424,HIGH,0.6,0.015,0.001
1774496856.5742922,219.537,-9999.000000,30.084052,30.0,60.8106,HIGH,0.6,0.015,0.001
1774496856.680445,219.643,-9999.000000,30.099743,30.0,59.8385,HIGH,0.6,0.015,0.001
1774496856.7484326,219.711,-9999.000000,30.084880,30.0,60.7583,HIGH,0.6,0.015,0.001
1774496856.8322008,219.795,-9999.000000,30.086119,30.0,60.6498,HIGH,0.6,0.015,0.001
1774496856.9402328,219.903,-9999.000000,30.085704,30.0,60.6627,HIGH,0.6,0.015,0.001
1774496857.017209,219.980,-9999.000000,30.086119,30.0,60.6269,HIGH,0.6,0.015,0.001
1774496857.1258433,220.089,-9999.000000,30.086531,30.0,60.5882,HIGH,0.6,0.015,0.001
1774496857.192752,220.156,-9999.000000,30.085704,30.0,60.6309,HIGH,0.6,0.015,0.001
1774496857.2695868,220.232,-9999.000000,30.086943,30.0,60.5436,HIGH,0.6,0.015,0.001
1774496857.3782074,220.341,-9999.000000,30.087355,30.0,60.5059,HIGH,0.6,0.015,0.001
1774496857.4477243,220.411,-9999.000000,30.086531,30.0,60.5479,HIGH,0.6,0.015,0.001
1774496857.5575209,220.520,-9999.000000,30.086119,30.0,60.5576,HIGH,0.6,0.015,0.001
1774496857.6265485,220.589,-9999.000000,30.086119,30.0,60.5483,HIGH,0.6,0.015,0.001
1774496857.705696,220.669,-9999.000000,30.087355,30.0,60.4622,HIGH,0.6,0.015,0.001
1774496857.8102276,220.773,-9999.000000,30.086943,30.0,60.4753,HIGH,0.6,0.015,0.001
1774496857.879804,220.843,-9999.000000,30.101810,30.0,59.5509,HIGH,0.6,0.015,0.001
1774496857.9575837,220.920,-9999.000000,30.087770,30.0,60.4224,HIGH,0.6,0.015,0.001
1774496858.0452068,221.008,-9999.000000,30.089422,30.0,60.2917,HIGH,0.6,0.015,0.001
1774496858.1209598,221.084,-9999.000000,30.086943,30.0,60.4357,HIGH,0.6,0.015,0.001
1774496858.200482,221.163,-9999.000000,30.091073,30.0,60.1685,HIGH,0.6,0.015,0.001
1774496858.3122914,221.275,-9999.000000,30.086119,30.0,60.4610,HIGH,0.6,0.015,0.001
1774496858.387719,221.351,-9999.000000,30.065063,30.0,61.7404,HIGH,0.6,0.015,0.001
1774496858.5048797,221.468,-9999.000000,30.086943,30.0,60.3658,HIGH,0.6,0.015,0.001
1774496858.6378272,221.601,-9999.000000,30.077035,30.0,60.9710,HIGH,0.6,0.015,0.001
1774496858.7424307,221.705,-9999.000000,30.085292,30.0,60.4469,HIGH,0.6,0.015,0.001
1774496858.8088138,221.772,-9999.000000,30.084880,30.0,60.4717,HIGH,0.6,0.015,0.001
1774496858.8843098,221.847,-9999.000000,30.084880,30.0,60.4614,HIGH,0.6,0.015,0.001
1774496858.9944177,221.957,-9999.000000,30.084052,30.0,60.4979,HIGH,0.6,0.015,0.001
1774496859.0653985,222.028,-9999.000000,30.083228,30.0,60.5389,HIGH,0.6,0.015,0.001
1774496859.1401923,222.103,-9999.000000,30.084052,30.0,60.4778,HIGH,0.6,0.015,0.001
1774496859.2487977,222.212,-9999.000000,30.083228,30.0,60.5155,HIGH,0.6,0.015,0.001
1774496859.315707,222.279,-9999.000000,30.081989,30.0,60.5828,HIGH,0.6,0.015,0.001
1774496859.3999243,222.363,-9999.000000,30.081989,30.0,60.5706,HIGH,0.6,0.015,0.001
1774496859.481855,222.445,-9999.000000,30.080338,30.0,60.6618,HIGH,0.6,0.015,0.001
1774496859.5583296,222.521,-9999.000000,30.072906,30.0,61.1070,HIGH,0.6,0.015,0.001
1774496859.6462758,222.609,-9999.000000,30.079926,30.0,60.6576,HIGH,0.6,0.015,0.001
1774496859.7351959,222.698,-9999.000000,30.086531,30.0,60.2503,HIGH,0.6,0.015,0.001
1774496859.8215241,222.784,-9999.000000,30.077859,30.0,60.7780,HIGH,0.6,0.015,0.001
1774496859.9133248,222.876,-9999.000000,30.077035,30.0,60.8077,HIGH,0.6,0.015,0.001
1774496859.9979794,222.961,-9999.000000,30.077035,30.0,60.7970,HIGH,0.6,0.015,0.001
1774496860.0793784,223.042,-9999.000000,30.077859,30.0,60.7370,HIGH,0.6,0.015,0.001
1774496860.19371,223.157,-9999.000000,30.074145,30.0,60.9514,HIGH,0.6,0.015,0.001
1774496860.2615051,223.224,-9999.000000,30.072494,30.0,61.0423,HIGH,0.6,0.015,0.001
1774496860.3622668,223.325,-9999.000000,30.072906,30.0,61.0037,HIGH,0.6,0.015,0.001
1774496860.4414785,223.404,-9999.000000,30.072494,30.0,61.0208,HIGH,0.6,0.015,0.001
1774496860.522545,223.485,-9999.000000,30.066302,30.0,61.3913,HIGH,0.6,0.015,0.001
1774496860.5997708,223.563,-9999.000000,30.076208,30.0,60.7677,HIGH,0.6,0.015,0.001
1774496860.7276566,223.690,-9999.000000,30.068777,30.0,61.2190,HIGH,0.6,0.015,0.001
1774496860.8286495,223.791,-9999.000000,30.068365,30.0,61.2280,HIGH,0.6,0.015,0.001
1774496860.9055812,223.868,-9999.000000,30.067538,30.0,61.2705,HIGH,0.6,0.015,0.001
1774496861.0132525,223.976,-9999.000000,30.067126,30.0,61.2836,HIGH,0.6,0.015,0.001
1774496861.092579,224.055,-9999.000000,30.060934,30.0,61.6553,HIGH,0.6,0.015,0.001
1774496861.2037017,224.167,-9999.000000,30.064236,30.0,61.4357,HIGH,0.6,0.015,0.001
1774496861.2701278,224.233,-9999.000000,30.063824,30.0,61.4577,HIGH,0.6,0.015,0.001
1774496861.349867,224.313,-9999.000000,30.062173,30.0,61.5507,HIGH,0.6,0.015,0.001
1774496861.4574628,224.420,-9999.000000,30.062173,30.0,61.5386,HIGH,0.6,0.015,0.001
1774496861.5247774,224.488,-9999.000000,30.067538,30.0,61.2020,HIGH,0.6,0.015,0.001
1774496861.6356475,224.598,-9999.000000,30.060522,30.0,61.6271,HIGH,0.6,0.015,0.001
1774496861.7024822,224.665,-9999.000000,30.053504,30.0,62.0470,HIGH,0.6,0.015,0.001
1774496861.7791197,224.742,-9999.000000,30.058871,30.0,61.7007,HIGH,0.6,0.015,0.001
1774496861.888038,224.851,-9999.000000,30.057632,30.0,61.7738,HIGH,0.6,0.015,0.001
1774496861.9599268,224.923,-9999.000000,30.055981,30.0,61.8679,HIGH,0.6,0.015,0.001
1774496862.0666456,225.029,-9999.000000,30.053919,30.0,61.9827,HIGH,0.6,0.015,0.001
1774496862.1376166,225.100,-9999.000000,30.046489,30.0,62.4321,HIGH,0.6,0.015,0.001
1774496862.2251003,225.188,-9999.000000,30.055154,30.0,61.8845,HIGH,0.6,0.015,0.001
1774496862.3037162,225.267,-9999.000000,30.056393,30.0,61.8119,HIGH,0.6,0.015,0.001
1774496862.3797154,225.343,-9999.000000,30.053504,30.0,61.9845,HIGH,0.6,0.015,0.001
1774496862.4576437,225.420,-9999.000000,30.052680,30.0,62.0251,HIGH,0.6,0.015,0.001
1774496862.5336227,225.496,-9999.000000,30.060522,30.0,61.5363,HIGH,0.6,0.015,0.001
1774496862.6417694,225.605,-9999.000000,30.050614,30.0,62.1420,HIGH,0.6,0.015,0.001
1774496862.7077346,225.671,-9999.000000,30.067126,30.0,61.1105,HIGH,0.6,0.015,0.001
1774496862.8186574,225.781,-9999.000000,30.050614,30.0,62.1327,HIGH,0.6,0.015,0.001
1774496862.8872948,225.850,-9999.000000,30.049379,30.0,62.1886,HIGH,0.6,0.015,0.001
1774496862.9688337,225.932,-9999.000000,30.049790,30.0,62.1555,HIGH,0.6,0.015,0.001
1774496863.0787966,226.042,-9999.000000,30.049379,30.0,62.1730,HIGH,0.6,0.015,0.001
1774496863.1534545,226.116,-9999.000000,30.058871,30.0,61.5837,HIGH,0.6,0.015,0.001
1774496863.2496881,226.213,-9999.000000,30.048140,30.0,62.2445,HIGH,0.6,0.015,0.001
1774496863.3247654,226.288,-9999.000000,30.048140,30.0,62.2280,HIGH,0.6,0.015,0.001
1774496863.4077814,226.371,-9999.000000,30.050202,30.0,62.0955,HIGH,0.6,0.015,0.001
1774496863.5131688,226.476,-9999.000000,30.052680,30.0,61.9386,HIGH,0.6,0.015,0.001
1774496863.5825038,226.545,-9999.000000,30.046074,30.0,62.3421,HIGH,0.6,0.015,0.001
1774496863.6941695,226.657,-9999.000000,30.047313,30.0,62.2492,HIGH,0.6,0.015,0.001
1774496863.7602222,226.723,-9999.000000,30.044839,30.0,62.3981,HIGH,0.6,0.015,0.001
1774496863.8356955,226.799,-9999.000000,30.044012,30.0,62.4400,HIGH,0.6,0.015,0.001
1774496863.9433155,226.906,-9999.000000,30.042361,30.0,62.5327,HIGH,0.6,0.015,0.001
1774496864.0117583,226.975,-9999.000000,30.041949,30.0,62.5521,HIGH,0.6,0.015,0.001
1774496864.0896149,227.052,-9999.000000,30.039884,30.0,62.6735,HIGH,0.6,0.015,0.001
1774496864.2031329,227.166,-9999.000000,30.055569,30.0,61.7064,HIGH,0.6,0.015,0.001
1774496864.2701354,227.233,-9999.000000,30.023381,30.0,63.6972,HIGH,0.6,0.015,0.001
1774496864.3843389,227.347,-9999.000000,30.036998,30.0,62.8139,HIGH,0.6,0.015,0.001
1774496864.4535964,227.416,-9999.000000,30.035759,30.0,62.8982,HIGH,0.6,0.015,0.001
1774496864.582605,227.545,-9999.000000,30.037410,30.0,62.7889,HIGH,0.6,0.015,0.001
1774496864.6836638,227.646,-9999.000000,30.049379,30.0,62.0527,HIGH,0.6,0.015,0.001
1774496864.750271,227.713,-9999.000000,30.032870,30.0,63.0765,HIGH,0.6,0.015,0.001
1774496864.8272235,227.790,-9999.000000,30.032044,30.0,63.0987,HIGH,0.6,0.015,0.001
1774496864.9133604,227.876,-9999.000000,30.031220,30.0,63.1440,HIGH,0.6,0.015,0.001
1774496865.0002658,227.963,-9999.000000,30.030808,30.0,63.1642,HIGH,0.6,0.015,0.001
1774496865.076599,228.039,-9999.000000,30.029570,30.0,63.2363,HIGH,0.6,0.015,0.001
1774496865.1564279,228.119,-9999.000000,30.026269,30.0,63.4337,HIGH,0.6,0.015,0.001
1774496865.2707546,228.234,-9999.000000,30.028331,30.0,63.2991,HIGH,0.6,0.015,0.001
1774496865.3461003,228.309,-9999.000000,30.020904,30.0,63.7541,HIGH,0.6,0.015,0.001
1774496865.4252408,228.388,-9999.000000,30.027919,30.0,63.3111,HIGH,0.6,0.015,0.001
1774496865.537812,228.501,-9999.000000,30.039884,30.0,62.5848,HIGH,0.6,0.015,0.001
1774496865.6415074,228.604,-9999.000000,30.027093,30.0,63.3710,HIGH,0.6,0.015,0.001
1774496865.7114615,228.674,-9999.000000,30.025854,30.0,63.4320,HIGH,0.6,0.015,0.001
1774496865.7894323,228.752,-9999.000000,30.026269,30.0,63.4017,HIGH,0.6,0.015,0.001
1774496865.8657794,228.829,-9999.000000,30.026269,30.0,63.3993,HIGH,0.6,0.015,0.001
1774496865.978817,228.942,-9999.000000,30.025031,30.0,63.4704,HIGH,0.6,0.015,0.001
1774496866.0719235,229.035,-9999.000000,30.024616,30.0,63.4912,HIGH,0.6,0.015,0.001
1774496866.1564612,229.119,-9999.000000,30.024204,30.0,63.5129,HIGH,0.6,0.015,0.001
1774496866.2550526,229.218,-9999.000000,30.024204,30.0,63.5088,HIGH,0.6,0.015,0.001
1774496866.3535419,229.316,-9999.000000,30.023381,30.0,63.5556,HIGH,0.6,0.015,0.001
1774496866.4629643,229.426,-9999.000000,30.021730,30.0,63.6517,HIGH,0.6,0.015,0.001
1774496866.5670316,229.530,-9999.000000,30.027093,30.0,63.3191,HIGH,0.6,0.015,0.001
1774496866.6462533,229.609,-9999.000000,30.020904,30.0,63.7009,HIGH,0.6,0.015,0.001
1774496866.7236834,229.687,-9999.000000,30.021730,30.0,63.6399,HIGH,0.6,0.015,0.001
1774496866.79905,229.762,-9999.000000,30.020904,30.0,63.6893,HIGH,0.6,0.015,0.001
1774496866.9088821,229.872,-9999.000000,30.019665,30.0,63.7604,HIGH,0.6,0.015,0.001
1774496866.9761646,229.939,-9999.000000,30.020492,30.0,63.7064,HIGH,0.6,0.015,0.001
1774496867.0545795,230.017,-9999.000000,30.020492,30.0,63.7052,HIGH,0.6,0.015,0.001
1774496867.1381848,230.101,-9999.000000,30.019665,30.0,63.7533,HIGH,0.6,0.015,0.001
1774496867.2395928,230.202,-9999.000000,30.019254,30.0,63.7745,HIGH,0.6,0.015,0.001
1774496867.338522,230.301,-9999.000000,30.018842,30.0,63.7964,HIGH,0.6,0.015,0.001
1774496867.4186678,230.381,-9999.000000,30.018842,30.0,63.7938,HIGH,0.6,0.015,0.001
1774496867.5330503,230.496,-9999.000000,30.017604,30.0,63.8661,HIGH,0.6,0.015,0.001
1774496867.602595,230.565,-9999.000000,30.018427,30.0,63.8125,HIGH,0.6,0.015,0.001
1774496867.7195823,230.682,-9999.000000,30.018842,30.0,63.7852,HIGH,0.6,0.015,0.001
1774496867.7889569,230.752,-9999.000000,30.016777,30.0,63.9106,HIGH,0.6,0.015,0.001
1774496867.8973966,230.860,-9999.000000,30.025854,30.0,63.3504,HIGH,0.6,0.015,0.001
1774496867.9773893,230.940,-9999.000000,30.017192,30.0,63.8873,HIGH,0.6,0.015,0.001
1774496868.097976,231.061,-9999.000000,30.016777,30.0,63.8987,HIGH,0.6,0.015,0.001
1774496868.2044091,231.167,-9999.000000,30.016365,30.0,63.9208,HIGH,0.6,0.015,0.001
1774496868.2769244,231.240,-9999.000000,30.018015,30.0,63.8172,HIGH,0.6,0.015,0.001
1774496868.3582342,231.321,-9999.000000,30.015542,30.0,63.9690,HIGH,0.6,0.015,0.001
1774496868.44176,231.405,-9999.000000,30.016777,30.0,63.8883,HIGH,0.6,0.015,0.001
1774496868.5223029,231.485,-9999.000000,30.017604,30.0,63.8370,HIGH,0.6,0.015,0.001
1774496868.6026797,231.566,-9999.000000,30.015127,30.0,63.9879,HIGH,0.6,0.015,0.001
1774496868.7180767,231.681,-9999.000000,30.013889,30.0,64.0578,HIGH,0.6,0.015,0.001
1774496868.7949615,231.758,-9999.000000,30.010177,30.0,64.2831,HIGH,0.6,0.015,0.001
1774496868.9099987,231.873,-9999.000000,30.013065,30.0,64.1002,HIGH,0.6,0.015,0.001
1774496868.9827194,231.946,-9999.000000,30.013477,30.0,64.0760,HIGH,0.6,0.015,0.001
1774496869.0677586,232.031,-9999.000000,30.012654,30.0,64.1253,HIGH,0.6,0.015,0.001
1774496869.1546874,232.118,-9999.000000,30.006877,30.0,64.4767,HIGH,0.6,0.015,0.001
1774496869.2365918,232.199,-9999.000000,30.011004,30.0,64.2160,HIGH,0.6,0.015,0.001
1774496869.351602,232.314,-9999.000000,30.022966,30.0,63.4890,HIGH,0.6,0.015,0.001
1774496869.4316711,232.394,-9999.000000,30.026681,30.0,63.2686,HIGH,0.6,0.015,0.001
1774496869.5135458,232.476,-9999.000000,30.010177,30.0,64.2824,HIGH,0.6,0.015,0.001
1774496869.5966945,232.560,-9999.000000,30.009765,30.0,64.2862,HIGH,0.6,0.015,0.001
1774496869.6894464,232.652,-9999.000000,30.007701,30.0,64.4108,HIGH,0.6,0.015,0.001
1774496869.7716637,232.734,-9999.000000,30.013889,30.0,64.0280,HIGH,0.6,0.015,0.001
1774496869.8627627,232.826,-9999.000000,30.008939,30.0,64.3368,HIGH,0.6,0.015,0.001
1774496869.947484,232.910,-9999.000000,30.008939,30.0,64.3302,HIGH,0.6,0.015,0.001
1774496870.0299606,232.993,-9999.000000,30.008527,30.0,64.3543,HIGH,0.6,0.015,0.001
1774496870.1134777,233.076,-9999.000000,30.008527,30.0,64.3528,HIGH,0.6,0.015,0.001
1774496870.2157714,233.179,-9999.000000,30.008527,30.0,64.3515,HIGH,0.6,0.015,0.001
1774496870.2973764,233.260,-9999.000000,30.008115,30.0,64.3757,HIGH,0.6,0.015,0.001
1774496870.3781202,233.341,-9999.000000,30.008115,30.0,64.3742,HIGH,0.6,0.015,0.001
1774496870.4610095,233.424,-9999.000000,30.007701,30.0,64.3986,HIGH,0.6,0.015,0.001
1774496870.541701,233.505,-9999.000000,30.020904,30.0,63.5870,HIGH,0.6,0.015,0.001
1774496870.6252759,233.588,-9999.000000,30.007289,30.0,64.4357,HIGH,0.6,0.015,0.001
1774496870.7416246,233.704,-9999.000000,30.016777,30.0,63.8390,HIGH,0.6,0.015,0.001
1774496870.8330348,233.796,-9999.000000,30.008939,30.0,64.3248,HIGH,0.6,0.015,0.001
1774496870.9447036,233.908,-9999.000000,30.001513,30.0,64.7682,HIGH,0.6,0.015,0.001
1774496871.0242004,233.987,-9999.000000,30.001928,30.0,64.7359,HIGH,0.6,0.015,0.001
1774496871.106019,234.069,-9999.000000,30.011827,30.0,64.1289,HIGH,0.6,0.015,0.001
1774496871.219983,234.183,-9999.000000,30.008527,30.0,64.3404,HIGH,0.6,0.015,0.001
1774496871.2892036,234.252,-9999.000000,30.006051,30.0,64.4891,HIGH,0.6,0.015,0.001
1774496871.3686466,234.331,-9999.000000,30.008115,30.0,64.3580,HIGH,0.6,0.015,0.001
1774496871.4433355,234.406,-9999.000000,30.008527,30.0,64.3344,HIGH,0.6,0.015,0.001
1774496871.5535789,234.516,-9999.000000,29.995326,30.0,65.1398,HIGH,0.6,0.015,0.001
1774496871.625675,234.589,-9999.000000,30.017192,30.0,63.7837,HIGH,0.6,0.015,0.001
1774496871.7426202,234.705,-9999.000000,30.009765,30.0,64.2642,HIGH,0.6,0.015,0.001
1774496871.8505225,234.813,-9999.000000,30.009765,30.0,64.2563,HIGH,0.6,0.015,0.001
1774496871.923389,234.886,-9999.000000,30.008939,30.0,64.3061,HIGH,0.6,0.015,0.001
1774496872.012633,234.975,-9999.000000,30.009765,30.0,64.2531,HIGH,0.6,0.015,0.001
1774496872.0986607,235.061,-9999.000000,30.010177,30.0,64.2275,HIGH,0.6,0.015,0.001
1774496872.1997654,235.163,-9999.000000,30.010177,30.0,64.2265,HIGH,0.6,0.015,0.001
1774496872.3000343,235.263,-9999.000000,30.015954,30.0,63.8717,HIGH,0.6,0.015,0.001
1774496872.3873649,235.350,-9999.000000,30.010589,30.0,64.2041,HIGH,0.6,0.015,0.001
1774496872.4647691,235.428,-9999.000000,30.006051,30.0,64.4754,HIGH,0.6,0.015,0.001
1774496872.5431888,235.506,-9999.000000,30.009354,30.0,64.2661,HIGH,0.6,0.015,0.001
1774496872.6192222,235.582,-9999.000000,30.011415,30.0,64.1426,HIGH,0.6,0.015,0.001
1774496872.722531,235.685,-9999.000000,30.010589,30.0,64.1940,HIGH,0.6,0.015,0.001
1774496872.7916338,235.754,-9999.000000,30.010589,30.0,64.1921,HIGH,0.6,0.015,0.001
1774496872.8614693,235.824,-9999.000000,30.010589,30.0,64.1910,HIGH,0.6,0.015,0.001
1774496872.9330196,235.896,-9999.000000,30.010589,30.0,64.1899,HIGH,0.6,0.015,0.001
1774496873.0416005,236.004,-9999.000000,30.011004,30.0,64.1628,HIGH,0.6,0.015,0.001
1774496873.1188889,236.082,-9999.000000,29.997802,30.0,64.9726,HIGH,0.6,0.015,0.001
1774496873.236564,236.199,-9999.000000,30.011827,30.0,64.1001,HIGH,0.6,0.015,0.001
1774496873.3043041,236.267,-9999.000000,30.011415,30.0,64.1361,HIGH,0.6,0.015,0.001
1774496873.379192,236.342,-9999.000000,30.011415,30.0,64.1342,HIGH,0.6,0.015,0.001
1774496873.4808822,236.444,-9999.000000,30.012239,30.0,64.0822,HIGH,0.6,0.015,0.001
1774496873.5441995,236.507,-9999.000000,30.011827,30.0,64.1072,HIGH,0.6,0.015,0.001
1774496873.6146061,236.577,-9999.000000,30.012239,30.0,64.0800,HIGH,0.6,0.015,0.001
1774496873.685017,236.648,-9999.000000,30.023792,30.0,63.3684,HIGH,0.6,0.015,0.001
1774496873.7855268,236.748,-9999.000000,30.011415,30.0,64.1380,HIGH,0.6,0.015,0.001
1774496873.8532777,236.816,-9999.000000,30.012654,30.0,64.0483,HIGH,0.6,0.015,0.001
1774496873.9222758,236.885,-9999.000000,30.012654,30.0,64.0488,HIGH,0.6,0.015,0.001
1774496873.9916854,236.955,-9999.000000,30.011415,30.0,64.1237,HIGH,0.6,0.015,0.001
1774496874.0634565,237.026,-9999.000000,30.011004,30.0,64.1460,HIGH,0.6,0.015,0.001
1774496874.1656125,237.128,-9999.000000,30.018427,30.0,63.6899,HIGH,0.6,0.015,0.001
1774496874.2390776,237.202,-9999.000000,30.011415,30.0,64.1262,HIGH,0.6,0.015,0.001
1774496874.3335288,237.296,-9999.000000,29.985840,30.0,65.6803,HIGH,0.6,0.015,0.001
1774496874.414846,237.378,-9999.000000,30.020904,30.0,63.5037,HIGH,0.6,0.015,0.001
1774496874.4952698,237.458,-9999.000000,30.027919,30.0,63.1138,HIGH,0.6,0.015,0.001
1774496874.6175466,237.580,-9999.000000,30.011415,30.0,64.1242,HIGH,0.6,0.015,0.001
1774496874.733366,237.696,-9999.000000,30.011415,30.0,64.1087,HIGH,0.6,0.015,0.001
1774496874.8543704,237.817,-9999.000000,30.012239,30.0,64.0564,HIGH,0.6,0.015,0.001
1774496874.9278262,237.891,-9999.000000,30.009765,30.0,64.2077,HIGH,0.6,0.015,0.001
1774496875.049436,238.012,-9999.000000,30.011004,30.0,64.1271,HIGH,0.6,0.015,0.001
1774496875.157782,238.121,-9999.000000,30.005639,30.0,64.4540,HIGH,0.6,0.015,0.001
1774496875.2331893,238.196,-9999.000000,30.008527,30.0,64.2710,HIGH,0.6,0.015,0.001
1774496875.316438,238.279,-9999.000000,30.011415,30.0,64.0966,HIGH,0.6,0.015,0.001
1774496875.4040606,238.367,-9999.000000,30.011004,30.0,64.1238,HIGH,0.6,0.015,0.001
1774496875.4933257,238.456,-9999.000000,30.010589,30.0,64.1473,HIGH,0.6,0.015,0.001
1774496875.584136,238.547,-9999.000000,30.015954,30.0,63.8168,HIGH,0.6,0.015,0.001
1774496875.6664002,238.629,-9999.000000,30.009354,30.0,64.2256,HIGH,0.6,0.015,0.001
1774496875.749574,238.712,-9999.000000,30.014715,30.0,63.8876,HIGH,0.6,0.015,0.001
1774496875.8368409,238.800,-9999.000000,30.008115,30.0,64.2965,HIGH,0.6,0.015,0.001
1774496875.917993,238.881,-9999.000000,30.009354,30.0,64.2120,HIGH,0.6,0.015,0.001
1774496876.0186572,238.981,-9999.000000,30.008527,30.0,64.2627,HIGH,0.6,0.015,0.001
1774496876.1001897,239.063,-9999.000000,30.008527,30.0,64.2608,HIGH,0.6,0.015,0.001
1774496876.1915991,239.154,-9999.000000,30.007289,30.0,64.3354,HIGH,0.6,0.015,0.001
1774496876.300056,239.263,-9999.000000,30.006877,30.0,64.3581,HIGH,0.6,0.015,0.001
1774496876.3725286,239.335,-9999.000000,30.007701,30.0,64.3063,HIGH,0.6,0.015,0.001
1774496876.487404,239.450,-9999.000000,30.006877,30.0,64.3564,HIGH,0.6,0.015,0.001
1774496876.5571249,239.520,-9999.000000,30.006877,30.0,64.3549,HIGH,0.6,0.015,0.001
1774496876.637449,239.600,-9999.000000,29.994914,30.0,65.0882,HIGH,0.6,0.015,0.001
1774496876.7164211,239.679,-9999.000000,30.006466,30.0,64.3649,HIGH,0.6,0.015,0.001
1774496876.8004847,239.763,-9999.000000,30.006466,30.0,64.3787,HIGH,0.6,0.015,0.001
1774496876.911828,239.875,-9999.000000,30.006877,30.0,64.3524,HIGH,0.6,0.015,0.001
1774496876.9834254,239.946,-9999.000000,30.006051,30.0,64.4029,HIGH,0.6,0.015,0.001
1774496877.057983,240.021,-9999.000000,30.006051,30.0,64.4011,HIGH,0.6,0.015,0.001
1774496877.1365423,240.099,-9999.000000,30.006051,30.0,64.4004,HIGH,0.6,0.015,0.001
1774496877.2175937,240.180,-9999.000000,30.003163,30.0,64.5768,HIGH,0.6,0.015,0.001
1774496877.299741,240.263,-9999.000000,30.007289,30.0,64.3198,HIGH,0.6,0.015,0.001
1774496877.393327,240.356,-9999.000000,30.006051,30.0,64.3996,HIGH,0.6,0.015,0.001
1774496877.5089695,240.472,-9999.000000,30.019254,30.0,63.5913,HIGH,0.6,0.015,0.001
1774496877.5779505,240.541,-9999.000000,30.004401,30.0,64.5150,HIGH,0.6,0.015,0.001
1774496877.6599398,240.623,-9999.000000,30.015542,30.0,63.8095,HIGH,0.6,0.015,0.001
1774496877.7404606,240.703,-9999.000000,30.005639,30.0,64.4288,HIGH,0.6,0.015,0.001
1774496877.8193004,240.782,-9999.000000,30.006051,30.0,64.3906,HIGH,0.6,0.015,0.001
1774496877.8968709,240.860,-9999.000000,30.005639,30.0,64.4157,HIGH,0.6,0.015,0.001
1774496878.0058258,240.969,-9999.000000,30.005227,30.0,64.4394,HIGH,0.6,0.015,0.001
1774496878.0717666,241.035,-9999.000000,30.005227,30.0,64.4385,HIGH,0.6,0.015,0.001
1774496878.1465633,241.109,-9999.000000,30.001513,30.0,64.6662,HIGH,0.6,0.015,0.001
1774496878.235588,241.198,-9999.000000,30.004816,30.0,64.4587,HIGH,0.6,0.015,0.001
1774496878.3122833,241.275,-9999.000000,30.005639,30.0,64.4113,HIGH,0.6,0.015,0.001
1774496878.3984797,241.361,-9999.000000,30.021316,30.0,63.4508,HIGH,0.6,0.015,0.001
1774496878.4749184,241.438,-9999.000000,30.004401,30.0,64.5055,HIGH,0.6,0.015,0.001
1774496878.548245,241.511,-9999.000000,30.005227,30.0,64.4321,HIGH,0.6,0.015,0.001
1774496878.6274576,241.590,-9999.000000,30.004401,30.0,64.4833,HIGH,0.6,0.015,0.001
1774496878.7306204,241.693,-9999.000000,30.003989,30.0,64.5068,HIGH,0.6,0.015,0.001
1774496878.798339,241.761,-9999.000000,30.020492,30.0,63.4897,HIGH,0.6,0.015,0.001
1774496878.8684857,241.831,-9999.000000,30.019254,30.0,63.5881,HIGH,0.6,0.015,0.001
1774496878.9425306,241.905,-9999.000000,30.004401,30.0,64.4971,HIGH,0.6,0.015,0.001
1774496879.0444214,242.007,-9999.000000,30.005227,30.0,64.4259,HIGH,0.6,0.015,0.001
1774496879.109663,242.072,-9999.000000,30.003989,30.0,64.5025,HIGH,0.6,0.015,0.001
1774496879.1869204,242.150,-9999.000000,29.992438,30.0,65.2095,HIGH,0.6,0.015,0.001
1774496879.2623367,242.225,-9999.000000,30.003989,30.0,64.4857,HIGH,0.6,0.015,0.001
1774496879.3773232,242.340,-9999.000000,30.003578,30.0,64.5254,HIGH,0.6,0.015,0.001
1774496879.4748316,242.438,-9999.000000,30.004401,30.0,64.4742,HIGH,0.6,0.015,0.001
1774496879.5401561,242.503,-9999.000000,30.003989,30.0,64.5000,HIGH,0.6,0.015,0.001
1774496879.6137836,242.577,-9999.000000,30.006877,30.0,64.3214,HIGH,0.6,0.015,0.001
1774496879.6854444,242.648,-9999.000000,30.004816,30.0,64.4514,HIGH,0.6,0.015,0.001
1774496879.76311,242.726,-9999.000000,30.005639,30.0,64.3974,HIGH,0.6,0.015,0.001
1774496879.8746321,242.837,-9999.000000,30.005639,30.0,64.3975,HIGH,0.6,0.015,0.001
1774496879.9933825,242.956,-9999.000000,30.022142,30.0,63.3894,HIGH,0.6,0.015,0.001
1774496880.1107435,243.074,-9999.000000,30.006466,30.0,64.3562,HIGH,0.6,0.015,0.001
1774496880.2082853,243.171,-9999.000000,30.018015,30.0,63.6353,HIGH,0.6,0.015,0.001
1774496880.3225682,243.285,-9999.000000,30.014715,30.0,63.8456,HIGH,0.6,0.015,0.001
1774496880.3974357,243.360,-9999.000000,30.008115,30.0,64.2466,HIGH,0.6,0.015,0.001
1774496880.5132911,243.476,-9999.000000,30.011004,30.0,64.0600,HIGH,0.6,0.015,0.001
1774496880.5832634,243.546,-9999.000000,30.011415,30.0,64.0361,HIGH,0.6,0.015,0.001
1774496880.69971,243.663,-9999.000000,30.009354,30.0,64.1605,HIGH,0.6,0.015,0.001
1774496880.7706132,243.733,-9999.000000,30.009354,30.0,64.1577,HIGH,0.6,0.015,0.001
1774496880.8801942,243.843,-9999.000000,30.009765,30.0,64.1310,HIGH,0.6,0.015,0.001
1774496880.9479504,243.911,-9999.000000,30.015954,30.0,63.7494,HIGH,0.6,0.015,0.001
1774496881.0255084,243.988,-9999.000000,30.009765,30.0,64.1366,HIGH,0.6,0.015,0.001
1774496881.1450944,244.108,-9999.000000,30.010177,30.0,64.1018,HIGH,0.6,0.015,0.001
1774496881.262068,244.225,-9999.000000,30.006466,30.0,64.3268,HIGH,0.6,0.015,0.001
1774496881.3337803,244.297,-9999.000000,30.010177,30.0,64.0947,HIGH,0.6,0.015,0.001
1774496881.4432304,244.406,-9999.000000,30.017604,30.0,63.6446,HIGH,0.6,0.015,0.001
1774496881.5124147,244.475,-9999.000000,30.011004,30.0,64.0558,HIGH,0.6,0.015,0.001
1774496881.593102,244.556,-9999.000000,30.023381,30.0,63.2855,HIGH,0.6,0.015,0.001
1774496881.6717079,244.635,-9999.000000,30.012239,30.0,63.9821,HIGH,0.6,0.015,0.001
1774496881.7567472,244.720,-9999.000000,30.010589,30.0,64.0675,HIGH,0.6,0.015,0.001
1774496881.834055,244.797,-9999.000000,30.011827,30.0,63.9883,HIGH,0.6,0.015,0.001
1774496881.9209082,244.884,-9999.000000,30.011004,30.0,64.0388,HIGH,0.6,0.015,0.001
1774496881.999992,244.963,-9999.000000,30.008939,30.0,64.1633,HIGH,0.6,0.015,0.001
1774496882.079771,245.043,-9999.000000,30.011415,30.0,64.0076,HIGH,0.6,0.015,0.001
1774496882.180833,245.144,-9999.000000,30.008115,30.0,64.2107,HIGH,0.6,0.015,0.001
1774496882.2595553,245.222,-9999.000000,30.011415,30.0,64.0039,HIGH,0.6,0.015,0.001
1774496882.3355145,245.298,-9999.000000,30.005227,30.0,64.3870,HIGH,0.6,0.015,0.001
1774496882.4130619,245.376,-9999.000000,30.025443,30.0,63.1369,HIGH,0.6,0.015,0.001
1774496882.52382,245.487,-9999.000000,30.011415,30.0,64.0153,HIGH,0.6,0.015,0.001
1774496882.5942242,245.557,-9999.000000,30.012239,30.0,63.9508,HIGH,0.6,0.015,0.001
1774496882.7037592,245.667,-9999.000000,30.012654,30.0,63.9246,HIGH,0.6,0.015,0.001
1774496882.7762578,245.739,-9999.000000,29.994503,30.0,65.0397,HIGH,0.6,0.015,0.001
1774496882.8694453,245.832,-9999.000000,30.012239,30.0,63.9298,HIGH,0.6,0.015,0.001
1774496882.9460645,245.909,-9999.000000,30.001513,30.0,64.6062,HIGH,0.6,0.015,0.001
1774496883.0225482,245.985,-9999.000000,30.013889,30.0,63.8318,HIGH,0.6,0.015,0.001
1774496883.1151059,246.078,-9999.000000,29.987078,30.0,65.4874,HIGH,0.6,0.015,0.001
1774496883.2015252,246.164,-9999.000000,30.013065,30.0,63.8675,HIGH,0.6,0.015,0.001
1774496883.275284,246.238,-9999.000000,30.011827,30.0,63.9722,HIGH,0.6,0.015,0.001
1774496883.3478005,246.311,-9999.000000,30.018015,30.0,63.5887,HIGH,0.6,0.015,0.001
1774496883.4599254,246.423,-9999.000000,30.013477,30.0,63.8713,HIGH,0.6,0.015,0.001
1774496883.5231733,246.486,-9999.000000,30.012654,30.0,63.9168,HIGH,0.6,0.015,0.001
1774496883.5930436,246.556,-9999.000000,30.012654,30.0,63.9142,HIGH,0.6,0.015,0.001
1774496883.6958578,246.659,-9999.000000,30.004816,30.0,64.3913,HIGH,0.6,0.015,0.001
1774496883.7583287,246.721,-9999.000000,30.013065,30.0,63.8743,HIGH,0.6,0.015,0.001
1774496883.8300693,246.793,-9999.000000,30.008115,30.0,64.1905,HIGH,0.6,0.015,0.001
1774496883.9047499,246.868,-9999.000000,30.008939,30.0,64.1321,HIGH,0.6,0.015,0.001
1774496884.0046947,246.968,-9999.000000,30.008939,30.0,64.1319,HIGH,0.6,0.015,0.001
1774496884.0675936,247.030,-9999.000000,30.015127,30.0,63.7493,HIGH,0.6,0.015,0.001
1774496884.1401303,247.103,-9999.000000,30.013065,30.0,63.8843,HIGH,0.6,0.015,0.001
1774496884.2150486,247.178,-9999.000000,30.002751,30.0,64.5137,HIGH,0.6,0.015,0.001
1774496884.2859335,247.249,-9999.000000,30.013477,30.0,63.8399,HIGH,0.6,0.015,0.001
1774496884.3890982,247.352,-9999.000000,30.014304,30.0,63.8024,HIGH,0.6,0.015,0.001
1774496884.4534395,247.416,-9999.000000,30.014715,30.0,63.7764,HIGH,0.6,0.015,0.001
1774496884.5275567,247.490,-9999.000000,30.014304,30.0,63.8007,HIGH,0.6,0.015,0.001
1774496884.6289134,247.592,-9999.000000,30.013889,30.0,63.8234,HIGH,0.6,0.015,0.001
1774496884.6901321,247.653,-9999.000000,30.015127,30.0,63.7452,HIGH,0.6,0.015,0.001
1774496884.7614706,247.724,-9999.000000,30.014304,30.0,63.7963,HIGH,0.6,0.015,0.001
1774496884.8318243,247.795,-9999.000000,30.022142,30.0,63.3113,HIGH,0.6,0.015,0.001
1774496884.907403,247.870,-9999.000000,30.015127,30.0,63.7510,HIGH,0.6,0.015,0.001
1774496885.0092514,247.972,-9999.000000,30.015127,30.0,63.7394,HIGH,0.6,0.015,0.001
1774496885.0730584,248.036,-9999.000000,30.015127,30.0,63.7379,HIGH,0.6,0.015,0.001
1774496885.1542683,248.117,-9999.000000,30.015127,30.0,63.7361,HIGH,0.6,0.015,0.001
1774496885.2375062,248.200,-9999.000000,30.015542,30.0,63.7088,HIGH,0.6,0.015,0.001
1774496885.3090591,248.272,-9999.000000,30.015542,30.0,63.7076,HIGH,0.6,0.015,0.001
1774496885.3795042,248.342,-9999.000000,30.016365,30.0,63.6553,HIGH,0.6,0.015,0.001
1774496885.4552932,248.418,-9999.000000,30.015542,30.0,63.7052,HIGH,0.6,0.015,0.001
1774496885.556715,248.520,-9999.000000,30.015954,30.0,63.6765,HIGH,0.6,0.015,0.001
1774496885.6290874,248.592,-9999.000000,30.015954,30.0,63.6752,HIGH,0.6,0.015,0.001
1774496885.7015455,248.664,-9999.000000,30.032870,30.0,62.6333,HIGH,0.6,0.015,0.001
1774496885.775618,248.738,-9999.000000,30.017192,30.0,63.6166,HIGH,0.6,0.015,0.001
1774496885.8769884,248.840,-9999.000000,30.015127,30.0,63.7191,HIGH,0.6,0.015,0.001
1774496885.9452636,248.908,-9999.000000,30.010589,30.0,63.9949,HIGH,0.6,0.015,0.001
1774496886.0158508,248.979,-9999.000000,30.018015,30.0,63.5302,HIGH,0.6,0.015,0.001
1774496886.0849447,249.048,-9999.000000,29.996152,30.0,64.8846,HIGH,0.6,0.015,0.001
1774496886.193647,249.156,-9999.000000,30.017604,30.0,63.5432,HIGH,0.6,0.015,0.001
1774496886.263336,249.226,-9999.000000,30.018015,30.0,63.5358,HIGH,0.6,0.015,0.001
1774496886.3337133,249.297,-9999.000000,30.018015,30.0,63.5345,HIGH,0.6,0.015,0.001
1774496886.432315,249.395,-9999.000000,30.018015,30.0,63.5318,HIGH,0.6,0.015,0.001
1774496886.4968443,249.460,-9999.000000,30.022554,30.0,63.2503,HIGH,0.6,0.015,0.001
1774496886.5650496,249.528,-9999.000000,30.013477,30.0,63.8139,HIGH,0.6,0.015,0.001
1774496886.635776,249.599,-9999.000000,30.016777,30.0,63.5961,HIGH,0.6,0.015,0.001
1774496886.7096233,249.672,-9999.000000,30.019254,30.0,63.4467,HIGH,0.6,0.015,0.001
1774496886.7801113,249.743,-9999.000000,30.024616,30.0,63.1181,HIGH,0.6,0.015,0.001
1774496886.8601477,249.823,-9999.000000,30.019665,30.0,63.4266,HIGH,0.6,0.015,0.001
1774496886.9734132,249.936,-9999.000000,30.019254,30.0,63.4422,HIGH,0.6,0.015,0.001
1774496887.0663824,250.029,-9999.000000,30.032044,30.0,62.6562,HIGH,0.6,0.015,0.001
1774496887.1297216,250.093,-9999.000000,30.020080,30.0,63.4047,HIGH,0.6,0.015,0.001
1774496887.1985273,250.161,-9999.000000,30.020492,30.0,63.3584,HIGH,0.6,0.015,0.001
1774496887.2793932,250.242,-9999.000000,30.019254,30.0,63.4325,HIGH,0.6,0.015,0.001
1774496887.3496397,250.312,-9999.000000,30.020492,30.0,63.3528,HIGH,0.6,0.015,0.001
1774496887.4196873,250.383,-9999.000000,30.014715,30.0,63.7078,HIGH,0.6,0.015,0.001
1774496887.4898906,250.453,-9999.000000,30.019665,30.0,63.3935,HIGH,0.6,0.015,0.001
1774496887.5577388,250.521,-9999.000000,30.021316,30.0,63.2969,HIGH,0.6,0.015,0.001
1774496887.6264315,250.589,-9999.000000,30.036171,30.0,62.3826,HIGH,0.6,0.015,0.001
1774496887.7347934,250.698,-9999.000000,29.995326,30.0,64.8934,HIGH,0.6,0.015,0.001
1774496887.7979476,250.761,-9999.000000,30.021316,30.0,63.2532,HIGH,0.6,0.015,0.001
1774496887.867021,250.830,-9999.000000,30.022142,30.0,63.2413,HIGH,0.6,0.015,0.001
1774496887.9348485,250.898,-9999.000000,30.022142,30.0,63.2402,HIGH,0.6,0.015,0.001
1774496888.043538,251.006,-9999.000000,30.022142,30.0,63.2366,HIGH,0.6,0.015,0.001
1774496888.1062121,251.069,-9999.000000,30.023381,30.0,63.1581,HIGH,0.6,0.015,0.001
1774496888.1765304,251.139,-9999.000000,30.022142,30.0,63.2338,HIGH,0.6,0.015,0.001
1774496888.247913,251.211,-9999.000000,30.022966,30.0,63.1790,HIGH,0.6,0.015,0.001
1774496888.3525429,251.315,-9999.000000,30.022966,30.0,63.1766,HIGH,0.6,0.015,0.001
1774496888.422623,251.385,-9999.000000,30.023381,30.0,63.1486,HIGH,0.6,0.015,0.001
1774496888.4932516,251.456,-9999.000000,30.020492,30.0,63.3245,HIGH,0.6,0.015,0.001
1774496888.5702586,251.533,-9999.000000,30.025031,30.0,63.0393,HIGH,0.6,0.015,0.001
1774496888.6706944,251.634,-9999.000000,30.027919,30.0,62.8647,HIGH,0.6,0.015,0.001
1774496888.7335434,251.696,-9999.000000,30.023381,30.0,63.1450,HIGH,0.6,0.015,0.001
1774496888.8020706,251.765,-9999.000000,30.024616,30.0,63.0593,HIGH,0.6,0.015,0.001
1774496888.8724873,251.835,-9999.000000,30.023792,30.0,63.1092,HIGH,0.6,0.015,0.001
1774496888.9686582,251.931,-9999.000000,30.024616,30.0,63.0542,HIGH,0.6,0.015,0.001
1774496889.0335243,251.996,-9999.000000,30.024204,30.0,63.0780,HIGH,0.6,0.015,0.001
1774496889.1037517,252.067,-9999.000000,30.022966,30.0,63.1510,HIGH,0.6,0.015,0.001
1774496889.1722293,252.135,-9999.000000,30.025031,30.0,63.0198,HIGH,0.6,0.015,0.001
1774496889.2446623,252.207,-9999.000000,30.025443,30.0,62.9948,HIGH,0.6,0.015,0.001
1774496889.3525517,252.315,-9999.000000,30.025031,30.0,63.0164,HIGH,0.6,0.015,0.001
1774496889.4175715,252.380,-9999.000000,30.025443,30.0,62.9882,HIGH,0.6,0.015,0.001
1774496889.488403,252.451,-9999.000000,30.025031,30.0,63.0114,HIGH,0.6,0.015,0.001
1774496889.5559666,252.519,-9999.000000,30.036171,30.0,62.3223,HIGH,0.6,0.015,0.001
1774496889.6257117,252.589,-9999.000000,30.025443,30.0,62.9952,HIGH,0.6,0.015,0.001
1774496889.7239914,252.687,-9999.000000,30.021730,30.0,63.2031,HIGH,0.6,0.015,0.001
1774496889.785404,252.748,-9999.000000,30.042361,30.0,61.9240,HIGH,0.6,0.015,0.001
1774496889.8551795,252.818,-9999.000000,30.025854,30.0,62.9690,HIGH,0.6,0.015,0.001
1774496889.9245143,252.887,-9999.000000,30.025443,30.0,62.9679,HIGH,0.6,0.015,0.001
1774496889.9940994,252.957,-9999.000000,30.026681,30.0,62.8885,HIGH,0.6,0.015,0.001
1774496890.0947585,253.058,-9999.000000,30.026681,30.0,62.8862,HIGH,0.6,0.015,0.001
1774496890.1586359,253.121,-9999.000000,30.023792,30.0,63.0618,HIGH,0.6,0.015,0.001
1774496890.2302966,253.193,-9999.000000,30.026269,30.0,62.9024,HIGH,0.6,0.015,0.001
1774496890.3033347,253.266,-9999.000000,30.024204,30.0,63.0299,HIGH,0.6,0.015,0.001
1774496890.3734546,253.336,-9999.000000,30.013477,30.0,63.6846,HIGH,0.6,0.015,0.001
1774496890.4844112,253.447,-9999.000000,30.027093,30.0,62.8356,HIGH,0.6,0.015,0.001
1774496890.5656521,253.528,-9999.000000,30.027505,30.0,62.8193,HIGH,0.6,0.015,0.001
1774496890.665658,253.628,-9999.000000,30.029570,30.0,62.6894,HIGH,0.6,0.015,0.001
1774496890.7280955,253.691,-9999.000000,30.027505,30.0,62.8161,HIGH,0.6,0.015,0.001
1774496890.7987218,253.762,-9999.000000,30.027505,30.0,62.8099,HIGH,0.6,0.015,0.001
1774496890.8747241,253.838,-9999.000000,30.026269,30.0,62.8826,HIGH,0.6,0.015,0.001
1774496890.9723165,253.935,-9999.000000,30.026681,30.0,62.8520,HIGH,0.6,0.015,0.001
1774496891.0765605,254.039,-9999.000000,30.026269,30.0,62.8734,HIGH,0.6,0.015,0.001
1774496891.167325,254.130,-9999.000000,30.027505,30.0,62.7937,HIGH,0.6,0.015,0.001
1774496891.240579,254.203,-9999.000000,30.026269,30.0,62.8680,HIGH,0.6,0.015,0.001
1774496891.3179815,254.281,-9999.000000,30.015542,30.0,63.5220,HIGH,0.6,0.015,0.001
1774496891.4068177,254.370,-9999.000000,30.027093,30.0,62.7985,HIGH,0.6,0.015,0.001
1774496891.4814725,254.444,-9999.000000,30.025443,30.0,62.9099,HIGH,0.6,0.015,0.001
1774496891.5534785,254.516,-9999.000000,30.026681,30.0,62.8288,HIGH,0.6,0.015,0.001
1774496891.6261742,254.589,-9999.000000,30.026269,30.0,62.8529,HIGH,0.6,0.015,0.001
1774496891.7222857,254.685,-9999.000000,30.025443,30.0,62.8991,HIGH,0.6,0.015,0.001
1774496891.7822356,254.745,-9999.000000,29.999040,30.0,64.5265,HIGH,0.6,0.015,0.001
1774496891.8514545,254.814,-9999.000000,30.026269,30.0,62.8067,HIGH,0.6,0.015,0.001
1774496891.9196396,254.882,-9999.000000,30.025854,30.0,62.8689,HIGH,0.6,0.015,0.001
1774496891.9979181,254.961,-9999.000000,30.025443,30.0,62.8905,HIGH,0.6,0.015,0.001
1774496892.1034336,255.066,-9999.000000,30.025854,30.0,62.8608,HIGH,0.6,0.015,0.001
1774496892.1655717,255.128,-9999.000000,30.027093,30.0,62.7824,HIGH,0.6,0.015,0.001
1774496892.2345366,255.197,-9999.000000,30.029155,30.0,62.6546,HIGH,0.6,0.015,0.001
1774496892.31536,255.278,-9999.000000,30.026269,30.0,62.8311,HIGH,0.6,0.015,0.001
1774496892.4064074,255.369,-9999.000000,30.026681,30.0,62.7988,HIGH,0.6,0.015,0.001
1774496892.4837544,255.447,-9999.000000,30.027093,30.0,62.7708,HIGH,0.6,0.015,0.001
1774496892.5707104,255.534,-9999.000000,30.027505,30.0,62.7426,HIGH,0.6,0.015,0.001
1774496892.6697073,255.633,-9999.000000,30.028331,30.0,62.6884,HIGH,0.6,0.015,0.001
1774496892.7307425,255.694,-9999.000000,30.027919,30.0,62.7121,HIGH,0.6,0.015,0.001
1774496892.8005092,255.763,-9999.000000,30.027505,30.0,62.7340,HIGH,0.6,0.015,0.001
1774496892.9245656,255.887,-9999.000000,30.028331,30.0,62.6779,HIGH,0.6,0.015,0.001
1774496893.0124998,255.975,-9999.000000,30.028331,30.0,62.6748,HIGH,0.6,0.015,0.001
1774496893.0855122,256.048,-9999.000000,30.028331,30.0,62.6717,HIGH,0.6,0.015,0.001
1774496893.1806564,256.143,-9999.000000,30.028743,30.0,62.6425,HIGH,0.6,0.015,0.001
1774496893.2816684,256.244,-9999.000000,30.028743,30.0,62.6386,HIGH,0.6,0.015,0.001
1774496893.3523493,256.315,-9999.000000,30.027919,30.0,62.6862,HIGH,0.6,0.015,0.001
1774496893.43226,256.395,-9999.000000,30.028743,30.0,62.6311,HIGH,0.6,0.015,0.001
1774496893.5366294,256.499,-9999.000000,30.029155,30.0,62.6025,HIGH,0.6,0.015,0.001
1774496893.5970929,256.560,-9999.000000,30.029155,30.0,62.6002,HIGH,0.6,0.015,0.001
1774496893.6853187,256.648,-9999.000000,30.029570,30.0,62.5710,HIGH,0.6,0.015,0.001
1774496893.7881882,256.751,-9999.000000,30.029981,30.0,62.5417,HIGH,0.6,0.015,0.001
1774496893.8482409,256.811,-9999.000000,30.030808,30.0,62.4883,HIGH,0.6,0.015,0.001
1774496893.9187605,256.882,-9999.000000,30.031220,30.0,62.4611,HIGH,0.6,0.015,0.001
1774496893.9887767,256.952,-9999.000000,30.030393,30.0,62.5093,HIGH,0.6,0.015,0.001
1774496894.0624506,257.025,-9999.000000,30.023381,30.0,62.9358,HIGH,0.6,0.015,0.001
1774496894.1634104,257.126,-9999.000000,30.030808,30.0,62.4686,HIGH,0.6,0.015,0.001
1774496894.2234948,257.186,-9999.000000,30.031632,30.0,62.4223,HIGH,0.6,0.015,0.001
1774496894.2915306,257.254,-9999.000000,30.031220,30.0,62.4458,HIGH,0.6,0.015,0.001
1774496894.3625314,257.325,-9999.000000,30.031632,30.0,62.4166,HIGH,0.6,0.015,0.001
1774496894.444675,257.408,-9999.000000,30.037822,30.0,62.0336,HIGH,0.6,0.015,0.001
1774496894.5478168,257.511,-9999.000000,30.032044,30.0,62.3884,HIGH,0.6,0.015,0.001
1774496894.6156583,257.578,-9999.000000,30.032044,30.0,62.3796,HIGH,0.6,0.015,0.001
1774496894.6908648,257.654,-9999.000000,30.031632,30.0,62.4013,HIGH,0.6,0.015,0.001
1774496894.7851927,257.748,-9999.000000,30.032870,30.0,62.3204,HIGH,0.6,0.015,0.001
1774496894.847072,257.810,-9999.000000,30.032459,30.0,62.3441,HIGH,0.6,0.015,0.001
1774496894.9148948,257.878,-9999.000000,30.032459,30.0,62.3401,HIGH,0.6,0.015,0.001
1774496894.9815066,257.944,-9999.000000,30.023792,30.0,62.8707,HIGH,0.6,0.015,0.001
1774496895.0525017,258.015,-9999.000000,30.032870,30.0,62.2968,HIGH,0.6,0.015,0.001
1774496895.1209147,258.084,-9999.000000,30.032459,30.0,62.3315,HIGH,0.6,0.015,0.001
1774496895.2190833,258.182,-9999.000000,30.032870,30.0,62.3010,HIGH,0.6,0.015,0.001
1774496895.2862775,258.249,-9999.000000,30.027919,30.0,62.6030,HIGH,0.6,0.015,0.001
1774496895.3565195,258.319,-9999.000000,30.027505,30.0,62.6182,HIGH,0.6,0.015,0.001
1774496895.4278889,258.391,-9999.000000,30.032044,30.0,62.3355,HIGH,0.6,0.015,0.001
1774496895.4973898,258.460,-9999.000000,30.032044,30.0,62.3385,HIGH,0.6,0.015,0.001
1774496895.5968149,258.560,-9999.000000,30.031220,30.0,62.3841,HIGH,0.6,0.015,0.001
1774496895.6570892,258.620,-9999.000000,30.031220,30.0,62.3804,HIGH,0.6,0.015,0.001
1774496895.7260926,258.689,-9999.000000,30.031220,30.0,62.3772,HIGH,0.6,0.015,0.001
1774496895.7944913,258.757,-9999.000000,30.031220,30.0,62.3740,HIGH,0.6,0.015,0.001
1774496895.861858,258.825,-9999.000000,30.028331,30.0,62.5488,HIGH,0.6,0.015,0.001
1774496895.9302583,258.893,-9999.000000,30.031220,30.0,62.3637,HIGH,0.6,0.015,0.001
1774496895.996888,258.960,-9999.000000,30.031220,30.0,62.3648,HIGH,0.6,0.015,0.001
1774496896.0925257,259.055,-9999.000000,30.029981,30.0,62.4361,HIGH,0.6,0.015,0.001
1774496896.1557183,259.119,-9999.000000,30.030393,30.0,62.4066,HIGH,0.6,0.015,0.001
1774496896.2223854,259.185,-9999.000000,30.029570,30.0,62.4549,HIGH,0.6,0.015,0.001
1774496896.2950099,259.258,-9999.000000,30.028743,30.0,62.5013,HIGH,0.6,0.015,0.001
1774496896.3689091,259.332,-9999.000000,30.036171,30.0,62.0404,HIGH,0.6,0.015,0.001
1774496896.4668868,259.430,-9999.000000,30.028743,30.0,62.4995,HIGH,0.6,0.015,0.001
1774496896.5257032,259.489,-9999.000000,30.028331,30.0,62.5148,HIGH,0.6,0.015,0.001
1774496896.5980403,259.561,-9999.000000,30.027919,30.0,62.5364,HIGH,0.6,0.015,0.001
1774496896.6709194,259.634,-9999.000000,30.026681,30.0,62.6089,HIGH,0.6,0.015,0.001
1774496896.7386754,259.702,-9999.000000,30.034109,30.0,62.1471,HIGH,0.6,0.015,0.001
1774496896.8060215,259.769,-9999.000000,30.020080,30.0,63.0186,HIGH,0.6,0.015,0.001
1774496896.8726063,259.835,-9999.000000,30.025854,30.0,62.6401,HIGH,0.6,0.015,0.001
1774496896.967094,259.930,-9999.000000,30.026269,30.0,62.6197,HIGH,0.6,0.015,0.001
1774496897.0297337,259.993,-9999.000000,30.024616,30.0,62.7196,HIGH,0.6,0.015,0.001
1774496897.0975597,260.060,-9999.000000,30.039060,30.0,61.8251,HIGH,0.6,0.015,0.001
1774496897.170299,260.133,-9999.000000,30.023792,30.0,62.7808,HIGH,0.6,0.015,0.001
1774496897.2397146,260.203,-9999.000000,30.023792,30.0,62.7574,HIGH,0.6,0.015,0.001
1774496897.3083127,260.271,-9999.000000,30.038233,30.0,61.8659,HIGH,0.6,0.015,0.001
1774496897.4116707,260.374,-9999.000000,30.013477,30.0,63.3942,HIGH,0.6,0.015,0.001
1774496897.4729712,260.436,-9999.000000,30.023792,30.0,62.7323,HIGH,0.6,0.015,0.001
1774496897.5742745,260.537,-9999.000000,30.022142,30.0,62.8464,HIGH,0.6,0.015,0.001
1774496897.6561897,260.619,-9999.000000,30.017604,30.0,63.1205,HIGH,0.6,0.015,0.001
1774496897.717179,260.680,-9999.000000,30.022966,30.0,62.7823,HIGH,0.6,0.015,0.001
1774496897.7865078,260.749,-9999.000000,30.021730,30.0,62.8648,HIGH,0.6,0.015,0.001
1774496897.8572285,260.820,-9999.000000,30.026269,30.0,62.5815,HIGH,0.6,0.015,0.001
1774496897.928199,260.891,-9999.000000,30.020904,30.0,62.9151,HIGH,0.6,0.015,0.001
1774496898.0004945,260.963,-9999.000000,30.020080,30.0,62.9559,HIGH,0.6,0.015,0.001
1774496898.1045964,261.067,-9999.000000,30.020080,30.0,62.9517,HIGH,0.6,0.015,0.001
1774496898.1668444,261.130,-9999.000000,30.029155,30.0,62.3899,HIGH,0.6,0.015,0.001
1774496898.237164,261.200,-9999.000000,30.022142,30.0,62.8329,HIGH,0.6,0.015,0.001
1774496898.306442,261.269,-9999.000000,30.020080,30.0,62.9475,HIGH,0.6,0.015,0.001
1774496898.4116354,261.374,-9999.000000,30.019254,30.0,62.9919,HIGH,0.6,0.015,0.001
1774496898.4783857,261.441,-9999.000000,30.019665,30.0,62.9638,HIGH,0.6,0.015,0.001
1774496898.5477965,261.511,-9999.000000,30.033694,30.0,62.0990,HIGH,0.6,0.015,0.001
1774496898.649724,261.613,-9999.000000,30.019665,30.0,62.9717,HIGH,0.6,0.015,0.001
1774496898.7094026,261.672,-9999.000000,30.018427,30.0,63.0326,HIGH,0.6,0.015,0.001
1774496898.7773507,261.740,-9999.000000,30.020080,30.0,62.9269,HIGH,0.6,0.015,0.001
1774496898.8475394,261.810,-9999.000000,30.017604,30.0,63.0796,HIGH,0.6,0.015,0.001
1774496898.9156501,261.878,-9999.000000,30.018427,30.0,63.0236,HIGH,0.6,0.015,0.001
1774496899.0034468,261.966,-9999.000000,30.017604,30.0,63.0728,HIGH,0.6,0.015,0.001
1774496899.0935905,262.056,-9999.000000,30.017604,30.0,63.0695,HIGH,0.6,0.015,0.001
1774496899.1803079,262.143,-9999.000000,30.016777,30.0,63.1178,HIGH,0.6,0.015,0.001
1774496899.2673101,262.230,-9999.000000,30.018015,30.0,63.0388,HIGH,0.6,0.015,0.001
1774496899.3468516,262.310,-9999.000000,30.016777,30.0,63.1141,HIGH,0.6,0.015,0.001
1774496899.4187193,262.382,-9999.000000,30.016777,30.0,63.1107,HIGH,0.6,0.015,0.001
1774496899.488634,262.451,-9999.000000,30.017192,30.0,63.0834,HIGH,0.6,0.015,0.001
1774496899.5581677,262.521,-9999.000000,30.016777,30.0,63.1078,HIGH,0.6,0.015,0.001
1774496899.6683514,262.631,-9999.000000,30.017604,30.0,63.0539,HIGH,0.6,0.015,0.001
1774496899.7304294,262.693,-9999.000000,29.987078,30.0,64.9366,HIGH,0.6,0.015,0.001
1774496899.796147,262.759,-9999.000000,30.016777,30.0,63.0586,HIGH,0.6,0.015,0.001
1774496899.8663855,262.829,-9999.000000,30.016365,30.0,63.1274,HIGH,0.6,0.015,0.001
1774496899.9662602,262.929,-9999.000000,30.017604,30.0,63.0486,HIGH,0.6,0.015,0.001
1774496900.0283344,262.991,-9999.000000,30.015542,30.0,63.1754,HIGH,0.6,0.015,0.001
1774496900.0973606,263.060,-9999.000000,30.015954,30.0,63.1452,HIGH,0.6,0.015,0.001
1774496900.1699464,263.133,-9999.000000,30.008115,30.0,63.6260,HIGH,0.6,0.015,0.001
1774496900.2444587,263.207,-9999.000000,30.015127,30.0,63.1834,HIGH,0.6,0.015,0.001
1774496900.3466024,263.309,-9999.000000,30.015127,30.0,63.1905,HIGH,0.6,0.015,0.001
1774496900.408789,263.372,-9999.000000,30.015542,30.0,63.1635,HIGH,0.6,0.015,0.001
1774496900.4774966,263.440,-9999.000000,30.015954,30.0,63.1372,HIGH,0.6,0.015,0.001
1774496900.5550761,263.518,-9999.000000,30.015542,30.0,63.1612,HIGH,0.6,0.015,0.001
1774496900.624589,263.587,-9999.000000,30.014715,30.0,63.2099,HIGH,0.6,0.015,0.001
1774496900.725746,263.689,-9999.000000,30.015127,30.0,63.1813,HIGH,0.6,0.015,0.001
1774496900.7857683,263.749,-9999.000000,30.015542,30.0,63.1547,HIGH,0.6,0.015,0.001
1774496900.8544362,263.817,-9999.000000,30.015127,30.0,63.1794,HIGH,0.6,0.015,0.001
1774496900.923454,263.886,-9999.000000,30.015127,30.0,63.1772,HIGH,0.6,0.015,0.001
1774496900.9946425,263.957,-9999.000000,30.015127,30.0,63.1756,HIGH,0.6,0.015,0.001
1774496901.0926552,264.055,-9999.000000,30.015954,30.0,63.1228,HIGH,0.6,0.015,0.001
1774496901.1561604,264.119,-9999.000000,30.015954,30.0,63.1221,HIGH,0.6,0.015,0.001
1774496901.227674,264.191,-9999.000000,30.015954,30.0,63.1204,HIGH,0.6,0.015,0.001
1774496901.3259592,264.289,-9999.000000,30.014715,30.0,63.1938,HIGH,0.6,0.015,0.001
1774496901.3950634,264.358,-9999.000000,30.013065,30.0,63.2926,HIGH,0.6,0.015,0.001
1774496901.4676573,264.430,-9999.000000,30.015954,30.0,63.1112,HIGH,0.6,0.015,0.001
1774496901.5383275,264.501,-9999.000000,30.015127,30.0,63.1643,HIGH,0.6,0.015,0.001
1774496901.6084185,264.571,-9999.000000,30.015127,30.0,63.1616,HIGH,0.6,0.015,0.001
1774496901.6807506,264.644,-9999.000000,30.015127,30.0,63.1599,HIGH,0.6,0.015,0.001
1774496901.7785234,264.741,-9999.000000,30.015542,30.0,63.1323,HIGH,0.6,0.015,0.001
1774496901.8579135,264.821,-9999.000000,30.015127,30.0,63.1564,HIGH,0.6,0.015,0.001
1774496901.9398413,264.903,-9999.000000,30.014304,30.0,63.2045,HIGH,0.6,0.015,0.001
1774496902.0271714,264.990,-9999.000000,30.017192,30.0,63.0246,HIGH,0.6,0.015,0.001
1774496902.1084652,265.071,-9999.000000,30.015127,30.0,63.1525,HIGH,0.6,0.015,0.001
1774496902.2162826,265.179,-9999.000000,30.016365,30.0,63.0719,HIGH,0.6,0.015,0.001
1774496902.313674,265.277,-9999.000000,30.015542,30.0,63.1210,HIGH,0.6,0.015,0.001
1774496902.4117079,265.375,-9999.000000,30.018427,30.0,62.9414,HIGH,0.6,0.015,0.001
1774496902.4823284,265.445,-9999.000000,30.016777,30.0,63.0439,HIGH,0.6,0.015,0.001
1774496902.557017,265.520,-9999.000000,30.024204,30.0,62.5833,HIGH,0.6,0.015,0.001
1774496902.6684537,265.631,-9999.000000,30.017604,30.0,62.9922,HIGH,0.6,0.015,0.001
1774496902.7347672,265.698,-9999.000000,30.003578,30.0,63.8487,HIGH,0.6,0.015,0.001
1774496902.8090348,265.772,-9999.000000,30.015954,30.0,63.0665,HIGH,0.6,0.015,0.001
1774496902.9145858,265.877,-9999.000000,30.013065,30.0,63.2572,HIGH,0.6,0.015,0.001
1774496902.975966,265.939,-9999.000000,30.016777,30.0,63.0241,HIGH,0.6,0.015,0.001
1774496903.1135375,266.076,-9999.000000,30.016365,30.0,63.0518,HIGH,0.6,0.015,0.001
1774496903.2051654,266.168,-9999.000000,30.018842,30.0,62.8976,HIGH,0.6,0.015,0.001
1774496903.299882,266.263,-9999.000000,30.015954,30.0,63.0744,HIGH,0.6,0.015,0.001
1774496903.3650367,266.328,-9999.000000,30.017604,30.0,62.9681,HIGH,0.6,0.015,0.001
1774496903.4718459,266.435,-9999.000000,30.032044,30.0,62.0856,HIGH,0.6,0.015,0.001
1774496903.5586033,266.521,-9999.000000,30.015954,30.0,63.0810,HIGH,0.6,0.015,0.001
1774496903.6698108,266.633,-9999.000000,30.018427,30.0,62.9087,HIGH,0.6,0.015,0.001
1774496903.7324142,266.695,-9999.000000,30.018427,30.0,62.9092,HIGH,0.6,0.015,0.001
1774496903.8048077,266.768,-9999.000000,30.018427,30.0,62.9072,HIGH,0.6,0.015,0.001
1774496903.8736973,266.837,-9999.000000,30.018015,30.0,62.9306,HIGH,0.6,0.015,0.001
1774496903.976975,266.940,-9999.000000,30.017604,30.0,62.9524,HIGH,0.6,0.015,0.001
1774496904.038908,267.002,-9999.000000,30.019665,30.0,62.8232,HIGH,0.6,0.015,0.001
1774496904.1080272,267.071,-9999.000000,30.018015,30.0,62.9260,HIGH,0.6,0.015,0.001
1774496904.1878471,267.151,-9999.000000,30.019665,30.0,62.8202,HIGH,0.6,0.015,0.001
1774496904.289999,267.253,-9999.000000,30.018842,30.0,62.8696,HIGH,0.6,0.015,0.001
1774496904.350097,267.313,-9999.000000,30.023381,30.0,62.5868,HIGH,0.6,0.015,0.001
1774496904.444025,267.407,-9999.000000,30.008527,30.0,63.5002,HIGH,0.6,0.015,0.001
1774496904.5245879,267.487,-9999.000000,30.018842,30.0,62.8504,HIGH,0.6,0.015,0.001
1774496904.6035035,267.566,-9999.000000,30.020904,30.0,62.7344,HIGH,0.6,0.015,0.001
1774496904.686831,267.650,-9999.000000,30.020080,30.0,62.7849,HIGH,0.6,0.015,0.001
1774496904.772235,267.735,-9999.000000,30.020904,30.0,62.7309,HIGH,0.6,0.015,0.001
1774496904.8556323,267.818,-9999.000000,30.021316,30.0,62.7040,HIGH,0.6,0.015,0.001
1774496904.9315019,267.894,-9999.000000,30.024204,30.0,62.5246,HIGH,0.6,0.015,0.001
1774496905.0570424,268.020,-9999.000000,30.020080,30.0,62.7753,HIGH,0.6,0.015,0.001
1774496905.1369462,268.100,-9999.000000,30.020492,30.0,62.7444,HIGH,0.6,0.015,0.001
1774496905.2486594,268.211,-9999.000000,30.020080,30.0,62.7666,HIGH,0.6,0.015,0.001
1774496905.3136775,268.277,-9999.000000,30.018427,30.0,62.8662,HIGH,0.6,0.015,0.001
1774496905.384438,268.347,-9999.000000,30.015954,30.0,63.0138,HIGH,0.6,0.015,0.001
1774496905.4551876,268.418,-9999.000000,30.020492,30.0,62.7294,HIGH,0.6,0.015,0.001
1774496905.566366,268.529,-9999.000000,30.020080,30.0,62.7576,HIGH,0.6,0.015,0.001
1774496905.6572,268.620,-9999.000000,30.020904,30.0,62.7040,HIGH,0.6,0.015,0.001
1774496905.7692363,268.732,-9999.000000,30.021316,30.0,62.6763,HIGH,0.6,0.015,0.001
1774496905.8404038,268.803,-9999.000000,30.022142,30.0,62.6235,HIGH,0.6,0.015,0.001
1774496905.9518778,268.915,-9999.000000,30.020904,30.0,62.6966,HIGH,0.6,0.015,0.001
1774496906.0201042,268.983,-9999.000000,30.022142,30.0,62.6171,HIGH,0.6,0.015,0.001
1774496906.1007495,269.064,-9999.000000,30.021316,30.0,62.6670,HIGH,0.6,0.015,0.001
1774496906.1834426,269.146,-9999.000000,30.004401,30.0,63.7007,HIGH,0.6,0.015,0.001
1774496906.2545252,269.217,-9999.000000,30.020904,30.0,62.6647,HIGH,0.6,0.015,0.001
1774496906.3248334,269.288,-9999.000000,30.022966,30.0,62.5588,HIGH,0.6,0.015,0.001
1774496906.3940775,269.357,-9999.000000,30.021730,30.0,62.6354,HIGH,0.6,0.015,0.001
1774496906.475869,269.439,-9999.000000,30.020904,30.0,62.6816,HIGH,0.6,0.015,0.001
1774496906.5605922,269.523,-9999.000000,30.033282,30.0,61.9191,HIGH,0.6,0.015,0.001
1774496906.6321838,269.595,-9999.000000,30.021730,30.0,62.6406,HIGH,0.6,0.015,0.001
1774496906.7025843,269.665,-9999.000000,30.020492,30.0,62.6984,HIGH,0.6,0.015,0.001
1774496906.7729027,269.736,-9999.000000,29.995326,30.0,64.2429,HIGH,0.6,0.015,0.001
1774496906.8609743,269.824,-9999.000000,30.021316,30.0,62.6154,HIGH,0.6,0.015,0.001
1774496906.935102,269.898,-9999.000000,30.027093,30.0,62.2874,HIGH,0.6,0.015,0.001
1774496907.009301,269.972,-9999.000000,30.020904,30.0,62.6726,HIGH,0.6,0.015,0.001
1774496907.080142,270.043,-9999.000000,30.030393,30.0,62.0783,HIGH,0.6,0.015,0.001
1774496907.19156,270.154,-9999.000000,30.019254,30.0,62.7668,HIGH,0.6,0.015,0.001
1774496907.2587955,270.222,-9999.000000,30.020904,30.0,62.6532,HIGH,0.6,0.015,0.001
1774496907.3324716,270.295,-9999.000000,30.020904,30.0,62.6534,HIGH,0.6,0.015,0.001
1774496907.4060166,270.369,-9999.000000,30.021316,30.0,62.6258,HIGH,0.6,0.015,0.001
1774496907.5136044,270.476,-9999.000000,30.018842,30.0,62.7740,HIGH,0.6,0.015,0.001
1774496907.5810647,270.544,-9999.000000,30.020080,30.0,62.6935,HIGH,0.6,0.015,0.001
1774496907.6574407,270.620,-9999.000000,30.020904,30.0,62.6425,HIGH,0.6,0.015,0.001
1774496907.7645514,270.727,-9999.000000,30.020492,30.0,62.6654,HIGH,0.6,0.015,0.001
1774496907.830192,270.793,-9999.000000,30.020904,30.0,62.6376,HIGH,0.6,0.015,0.001
1774496907.9068666,270.870,-9999.000000,30.021730,30.0,62.5850,HIGH,0.6,0.015,0.001
1774496908.0159507,270.979,-9999.000000,30.020904,30.0,62.6330,HIGH,0.6,0.015,0.001
1774496908.0830784,271.046,-9999.000000,30.020492,30.0,62.6555,HIGH,0.6,0.015,0.001
1774496908.158821,271.122,-9999.000000,30.021316,30.0,62.6020,HIGH,0.6,0.015,0.001
1774496908.2680092,271.231,-9999.000000,30.014715,30.0,63.0028,HIGH,0.6,0.015,0.001
1774496908.3348136,271.298,-9999.000000,30.029981,30.0,62.0549,HIGH,0.6,0.015,0.001
1774496908.4123838,271.375,-9999.000000,30.020080,30.0,62.6822,HIGH,0.6,0.015,0.001
1774496908.4960897,271.459,-9999.000000,30.021730,30.0,62.5658,HIGH,0.6,0.015,0.001
1774496908.5766406,271.539,-9999.000000,30.021730,30.0,62.5651,HIGH,0.6,0.015,0.001
1774496908.6527054,271.616,-9999.000000,30.012239,30.0,63.1457,HIGH,0.6,0.015,0.001
1774496908.779694,271.743,-9999.000000,30.027093,30.0,62.2251,HIGH,0.6,0.015,0.001
1774496908.8829832,271.846,-9999.000000,30.022142,30.0,62.5352,HIGH,0.6,0.015,0.001
1774496908.9790344,271.942,-9999.000000,30.020904,30.0,62.6030,HIGH,0.6,0.015,0.001
1774496909.0633724,272.026,-9999.000000,30.022142,30.0,62.5231,HIGH,0.6,0.015,0.001
1774496909.156448,272.119,-9999.000000,30.022142,30.0,62.5215,HIGH,0.6,0.015,0.001
1774496909.2418358,272.205,-9999.000000,30.022554,30.0,62.4934,HIGH,0.6,0.015,0.001
1774496909.3273656,272.290,-9999.000000,30.020904,30.0,62.5922,HIGH,0.6,0.015,0.001
1774496909.410041,272.373,-9999.000000,30.022554,30.0,62.4864,HIGH,0.6,0.015,0.001
1774496909.496288,272.459,-9999.000000,30.021730,30.0,62.5360,HIGH,0.6,0.015,0.001
1774496909.585493,272.548,-9999.000000,30.022554,30.0,62.4817,HIGH,0.6,0.015,0.001
1774496909.7063332,272.669,-9999.000000,30.022142,30.0,62.5036,HIGH,0.6,0.015,0.001
1774496909.78236,272.745,-9999.000000,30.020080,30.0,62.6274,HIGH,0.6,0.015,0.001
1774496909.872627,272.835,-9999.000000,30.022966,30.0,62.4453,HIGH,0.6,0.015,0.001
1774496909.9669626,272.930,-9999.000000,30.023381,30.0,62.4198,HIGH,0.6,0.015,0.001
1774496910.087708,273.051,-9999.000000,30.023381,30.0,62.4160,HIGH,0.6,0.015,0.001
1774496910.1888843,273.152,-9999.000000,30.025443,30.0,62.2864,HIGH,0.6,0.015,0.001
1774496910.2938404,273.257,-9999.000000,30.022966,30.0,62.4358,HIGH,0.6,0.015,0.001
1774496910.3798852,273.343,-9999.000000,30.023792,30.0,62.3798,HIGH,0.6,0.015,0.001
1774496910.458755,273.422,-9999.000000,30.029155,30.0,62.0488,HIGH,0.6,0.015,0.001
1774496910.5391736,273.502,-9999.000000,30.029570,30.0,62.0266,HIGH,0.6,0.015,0.001
1774496910.6432617,273.606,-9999.000000,30.024616,30.0,62.3253,HIGH,0.6,0.015,0.001
1774496910.7084658,273.671,-9999.000000,30.023381,30.0,62.3943,HIGH,0.6,0.015,0.001
1774496910.8108783,273.774,-9999.000000,30.023381,30.0,62.3888,HIGH,0.6,0.015,0.001
1774496910.8758543,273.839,-9999.000000,30.023792,30.0,62.3611,HIGH,0.6,0.015,0.001
1774496910.9616082,273.924,-9999.000000,30.017192,30.0,62.7633,HIGH,0.6,0.015,0.001
1774496911.0719414,274.035,-9999.000000,30.022966,30.0,62.4001,HIGH,0.6,0.015,0.001
1774496911.148849,274.112,-9999.000000,30.022966,30.0,62.4027,HIGH,0.6,0.015,0.001
1774496911.252057,274.215,-9999.000000,30.009354,30.0,63.2311,HIGH,0.6,0.015,0.001
1774496911.3146427,274.277,-9999.000000,30.022966,30.0,62.3773,HIGH,0.6,0.015,0.001
1774496911.3884876,274.351,-9999.000000,30.030808,30.0,61.9145,HIGH,0.6,0.015,0.001
1774496911.4606874,274.424,-9999.000000,30.022142,30.0,62.4547,HIGH,0.6,0.015,0.001
1774496911.5654173,274.528,-9999.000000,30.021730,30.0,62.4644,HIGH,0.6,0.015,0.001
1774496911.6301334,274.593,-9999.000000,30.021316,30.0,62.4874,HIGH,0.6,0.015,0.001
1774496911.7125988,274.675,-9999.000000,30.021316,30.0,62.4842,HIGH,0.6,0.015,0.001
1774496911.8155067,274.778,-9999.000000,30.021730,30.0,62.4555,HIGH,0.6,0.015,0.001
1774496911.8805707,274.843,-9999.000000,30.020904,30.0,62.5047,HIGH,0.6,0.015,0.001
1774496911.9522564,274.915,-9999.000000,30.011004,30.0,63.1101,HIGH,0.6,0.015,0.001
1774496912.058296,275.021,-9999.000000,30.021316,30.0,62.4645,HIGH,0.6,0.015,0.001
1774496912.1376553,275.100,-9999.000000,30.020904,30.0,62.4969,HIGH,0.6,0.015,0.001
1774496912.2080712,275.171,-9999.000000,30.025443,30.0,62.2149,HIGH,0.6,0.015,0.001
1774496912.2800856,275.243,-9999.000000,30.020080,30.0,62.5484,HIGH,0.6,0.015,0.001
1774496912.364826,275.328,-9999.000000,30.019665,30.0,62.5638,HIGH,0.6,0.015,0.001
1774496912.4358687,275.399,-9999.000000,30.011827,30.0,63.0434,HIGH,0.6,0.015,0.001
1774496912.5103016,275.473,-9999.000000,30.018015,30.0,62.6508,HIGH,0.6,0.015,0.001
1774496912.5863802,275.549,-9999.000000,30.018842,30.0,62.6062,HIGH,0.6,0.015,0.001
1774496912.6665158,275.629,-9999.000000,29.992438,30.0,64.2254,HIGH,0.6,0.015,0.001
1774496912.7716181,275.734,-9999.000000,29.999040,30.0,63.7902,HIGH,0.6,0.015,0.001
1774496912.8389978,275.802,-9999.000000,30.018015,30.0,62.6280,HIGH,0.6,0.015,0.001
1774496912.9429586,275.906,-9999.000000,30.024616,30.0,62.2499,HIGH,0.6,0.015,0.001
1774496913.008694,275.972,-9999.000000,30.026681,30.0,62.1266,HIGH,0.6,0.015,0.001
1774496913.0802739,276.043,-9999.000000,30.018427,30.0,62.6345,HIGH,0.6,0.015,0.001
1774496913.1536746,276.117,-9999.000000,30.017192,30.0,62.6969,HIGH,0.6,0.015,0.001
1774496913.25674,276.220,-9999.000000,30.018427,30.0,62.6171,HIGH,0.6,0.015,0.001
1774496913.323223,276.286,-9999.000000,30.029570,30.0,61.9300,HIGH,0.6,0.015,0.001
1774496913.398606,276.361,-9999.000000,30.017604,30.0,62.6786,HIGH,0.6,0.015,0.001
1774496913.4798717,276.443,-9999.000000,30.016777,30.0,62.7113,HIGH,0.6,0.015,0.001
1774496913.5789392,276.542,-9999.000000,30.018427,30.0,62.6069,HIGH,0.6,0.015,0.001
1774496913.64735,276.610,-9999.000000,30.025443,30.0,62.1748,HIGH,0.6,0.015,0.001
1774496913.7238777,276.687,-9999.000000,30.017604,30.0,62.6636,HIGH,0.6,0.015,0.001
1774496913.8154893,276.778,-9999.000000,30.017192,30.0,62.6761,HIGH,0.6,0.015,0.001
1774496913.8841665,276.847,-9999.000000,30.018842,30.0,62.5723,HIGH,0.6,0.015,0.001
1774496913.9537363,276.917,-9999.000000,30.018015,30.0,62.6236,HIGH,0.6,0.015,0.001
1774496914.0266483,276.989,-9999.000000,30.017192,30.0,62.6711,HIGH,0.6,0.015,0.001
1774496914.1356356,277.098,-9999.000000,29.994091,30.0,64.0782,HIGH,0.6,0.015,0.001
1774496914.2031457,277.166,-9999.000000,30.032870,30.0,61.6695,HIGH,0.6,0.015,0.001
1774496914.288537,277.251,-9999.000000,30.018427,30.0,62.6080,HIGH,0.6,0.015,0.001
1774496914.3948202,277.358,-9999.000000,30.017604,30.0,62.6385,HIGH,0.6,0.015,0.001
1774496914.4577663,277.421,-9999.000000,30.022142,30.0,62.3561,HIGH,0.6,0.015,0.001
1774496914.5287352,277.492,-9999.000000,30.016365,30.0,62.7163,HIGH,0.6,0.015,0.001
1774496914.6440842,277.607,-9999.000000,30.016365,30.0,62.7054,HIGH,0.6,0.015,0.001
1774496914.7083433,277.671,-9999.000000,30.017604,30.0,62.6274,HIGH,0.6,0.015,0.001
1774496914.8207786,277.784,-9999.000000,30.008527,30.0,63.1806,HIGH,0.6,0.015,0.001
1774496914.8827372,277.846,-9999.000000,30.018427,30.0,62.5608,HIGH,0.6,0.015,0.001
1774496914.955423,277.918,-9999.000000,30.018427,30.0,62.5748,HIGH,0.6,0.015,0.001
1774496915.0276687,277.990,-9999.000000,30.033694,30.0,61.6340,HIGH,0.6,0.015,0.001
1774496915.1422586,278.105,-9999.000000,30.034933,30.0,61.5737,HIGH,0.6,0.015,0.001
1774496915.206629,278.169,-9999.000000,30.018015,30.0,62.6144,HIGH,0.6,0.015,0.001
1774496915.2823093,278.245,-9999.000000,30.018842,30.0,62.5353,HIGH,0.6,0.015,0.001
1774496915.3899517,278.353,-9999.000000,30.018427,30.0,62.5587,HIGH,0.6,0.015,0.001
1774496915.4526534,278.415,-9999.000000,30.017604,30.0,62.6074,HIGH,0.6,0.015,0.001
1774496915.522506,278.485,-9999.000000,30.032459,30.0,61.6901,HIGH,0.6,0.015,0.001
1774496915.5952291,278.558,-9999.000000,30.017604,30.0,62.6212,HIGH,0.6,0.015,0.001
1774496915.7148523,278.678,-9999.000000,30.013889,30.0,62.8242,HIGH,0.6,0.015,0.001
1774496915.8135314,278.776,-9999.000000,30.023792,30.0,62.2134,HIGH,0.6,0.015,0.001
1774496915.9218514,278.885,-9999.000000,30.019254,30.0,62.4968,HIGH,0.6,0.015,0.001
1774496916.0200722,278.983,-9999.000000,30.015542,30.0,62.7168,HIGH,0.6,0.015,0.001
1774496916.1221006,279.085,-9999.000000,30.028743,30.0,61.9036,HIGH,0.6,0.015,0.001
1774496916.2005394,279.163,-9999.000000,29.991203,30.0,64.2178,HIGH,0.6,0.015,0.001
1774496916.2796881,279.243,-9999.000000,30.018015,30.0,62.5252,HIGH,0.6,0.015,0.001
1774496916.392245,279.355,-9999.000000,30.030393,30.0,61.8003,HIGH,0.6,0.015,0.001
1774496916.4635973,279.426,-9999.000000,30.019254,30.0,62.4932,HIGH,0.6,0.015,0.001
1774496916.603349,279.566,-9999.000000,30.019665,30.0,62.4485,HIGH,0.6,0.015,0.001
1774496916.6930902,279.656,-9999.000000,30.020080,30.0,62.4207,HIGH,0.6,0.015,0.001
1774496916.8007045,279.764,-9999.000000,29.989965,30.0,64.2577,HIGH,0.6,0.015,0.001
1774496916.9202538,279.883,-9999.000000,30.018842,30.0,62.4696,HIGH,0.6,0.015,0.001
1774496917.0188577,279.982,-9999.000000,30.018842,30.0,62.4909,HIGH,0.6,0.015,0.001
1774496917.1375117,280.100,-9999.000000,30.019665,30.0,62.4373,HIGH,0.6,0.015,0.001
1774496917.2078605,280.171,-9999.000000,30.025854,30.0,62.0552,HIGH,0.6,0.015,0.001
1774496917.2842782,280.247,-9999.000000,30.018427,30.0,62.5172,HIGH,0.6,0.015,0.001
1774496917.391801,280.355,-9999.000000,30.019665,30.0,62.4289,HIGH,0.6,0.015,0.001
1774496917.456028,280.419,-9999.000000,30.019254,30.0,62.4535,HIGH,0.6,0.015,0.001
1774496917.5259607,280.489,-9999.000000,30.018842,30.0,62.4762,HIGH,0.6,0.015,0.001
1774496917.5954056,280.558,-9999.000000,30.015542,30.0,62.6767,HIGH,0.6,0.015,0.001
1774496917.6998959,280.663,-9999.000000,30.013889,30.0,62.7706,HIGH,0.6,0.015,0.001
1774496917.7631881,280.726,-9999.000000,30.018427,30.0,62.4878,HIGH,0.6,0.015,0.001
1774496917.8369257,280.800,-9999.000000,30.019254,30.0,62.4421,HIGH,0.6,0.015,0.001
1774496917.9482317,280.911,-9999.000000,30.018842,30.0,62.4651,HIGH,0.6,0.015,0.001
1774496918.0258734,280.989,-9999.000000,30.017192,30.0,62.5639,HIGH,0.6,0.015,0.001
1774496918.1396892,281.103,-9999.000000,30.016777,30.0,62.5842,HIGH,0.6,0.015,0.001
1774496918.2089648,281.172,-9999.000000,30.018427,30.0,62.4805,HIGH,0.6,0.015,0.001
1774496918.2849503,281.248,-9999.000000,29.989554,30.0,64.2545,HIGH,0.6,0.015,0.001
1774496918.359826,281.323,-9999.000000,29.996152,30.0,63.8122,HIGH,0.6,0.015,0.001
1774496918.4349012,281.398,-9999.000000,30.010177,30.0,62.9597,HIGH,0.6,0.015,0.001
1774496918.514791,281.478,-9999.000000,30.002339,30.0,63.4581,HIGH,0.6,0.015,0.001
1774496918.5914397,281.554,-9999.000000,30.018015,30.0,62.4853,HIGH,0.6,0.015,0.001
1774496918.711492,281.674,-9999.000000,30.018842,30.0,62.4520,HIGH,0.6,0.015,0.001
1774496918.7822473,281.745,-9999.000000,30.017604,30.0,62.5269,HIGH,0.6,0.015,0.001
1774496918.8883357,281.851,-9999.000000,30.018015,30.0,62.4972,HIGH,0.6,0.015,0.001
1774496918.9491549,281.912,-9999.000000,30.008939,30.0,63.0563,HIGH,0.6,0.015,0.001
1774496919.0251322,281.988,-9999.000000,30.018015,30.0,62.4828,HIGH,0.6,0.015,0.001
1774496919.0962226,282.059,-9999.000000,30.018015,30.0,62.4928,HIGH,0.6,0.015,0.001
1774496919.2061067,282.169,-9999.000000,30.018842,30.0,62.4393,HIGH,0.6,0.015,0.001
1774496919.272399,282.235,-9999.000000,30.017604,30.0,62.5145,HIGH,0.6,0.015,0.001
1774496919.3624005,282.325,-9999.000000,30.017604,30.0,62.5103,HIGH,0.6,0.015,0.001
1774496919.4607155,282.424,-9999.000000,30.017192,30.0,62.5328,HIGH,0.6,0.015,0.001
1774496919.5875733,282.550,-9999.000000,30.016777,30.0,62.5545,HIGH,0.6,0.015,0.001
1774496919.7044518,282.667,-9999.000000,30.013889,30.0,62.7275,HIGH,0.6,0.015,0.001
1774496919.809254,282.772,-9999.000000,30.016365,30.0,62.5715,HIGH,0.6,0.015,0.001
1774496919.8991451,282.862,-9999.000000,30.012654,30.0,62.7990,HIGH,0.6,0.015,0.001
1774496920.0298722,282.993,-9999.000000,30.017192,30.0,62.5157,HIGH,0.6,0.015,0.001
1774496920.1243591,283.087,-9999.000000,30.010177,30.0,62.9460,HIGH,0.6,0.015,0.001
1774496920.19421,283.157,-9999.000000,30.010589,30.0,62.9122,HIGH,0.6,0.015,0.001
1774496920.2666264,283.229,-9999.000000,30.016365,30.0,62.5564,HIGH,0.6,0.015,0.001
1774496920.3785965,283.341,-9999.000000,30.001928,30.0,63.4432,HIGH,0.6,0.015,0.001
1774496920.4464965,283.409,-9999.000000,30.027093,30.0,61.8806,HIGH,0.6,0.015,0.001
1774496920.5197453,283.483,-9999.000000,30.016777,30.0,62.5489,HIGH,0.6,0.015,0.001
1774496920.6254413,283.588,-9999.000000,30.025854,30.0,61.9775,HIGH,0.6,0.015,0.001
1774496920.717326,283.680,-9999.000000,30.016777,30.0,62.5383,HIGH,0.6,0.015,0.001
1774496920.9255373,283.888,-9999.000000,30.018015,30.0,62.4479,HIGH,0.6,0.015,0.001
1774496920.9947307,283.958,-9999.000000,30.016777,30.0,62.5228,HIGH,0.6,0.015,0.001
1774496921.06605,284.029,-9999.000000,30.025854,30.0,61.9609,HIGH,0.6,0.015,0.001
1774496921.1376452,284.100,-9999.000000,30.017604,30.0,62.4783,HIGH,0.6,0.015,0.001
1774496921.2086039,284.171,-9999.000000,30.018015,30.0,62.4396,HIGH,0.6,0.015,0.001
1774496921.3126502,284.275,-9999.000000,30.016777,30.0,62.5130,HIGH,0.6,0.015,0.001
1774496921.376144,284.339,-9999.000000,30.018427,30.0,62.4085,HIGH,0.6,0.015,0.001
1774496921.4476244,284.410,-9999.000000,30.018015,30.0,62.4344,HIGH,0.6,0.015,0.001
1774496921.519686,284.483,-9999.000000,30.018427,30.0,62.4066,HIGH,0.6,0.015,0.001
1774496921.622283,284.585,-9999.000000,30.018842,30.0,62.3789,HIGH,0.6,0.015,0.001
1774496921.6877508,284.651,-9999.000000,30.018842,30.0,62.3775,HIGH,0.6,0.015,0.001
1774496921.7622733,284.725,-9999.000000,30.019254,30.0,62.3501,HIGH,0.6,0.015,0.001
1774496921.8322933,284.795,-9999.000000,30.018842,30.0,62.3739,HIGH,0.6,0.015,0.001
1774496921.9043283,284.867,-9999.000000,30.013889,30.0,62.6759,HIGH,0.6,0.015,0.001
1774496922.0399365,285.003,-9999.000000,30.020492,30.0,62.2638,HIGH,0.6,0.015,0.001
