Timestamp_Unix,Time_Elapsed_s,Primary_Temp_C,Secondary_Temp_C,Setpoint_C,Duty_Cycle_Pct,Control_Mode,KP,KI,KD
1774254087.3939798,0.092,-9999.000000,21.749883,26.0,98.6387,LOW,0.2,0.005,0.0
1774254087.4577675,0.156,-9999.000000,21.746004,26.0,98.7163,LOW,0.2,0.005,0.0
1774254087.5195503,0.217,-9999.000000,21.743677,26.0,98.7628,LOW,0.2,0.005,0.0
1774254087.5817704,0.280,-9999.000000,21.763068,26.0,98.3750,LOW,0.2,0.005,0.0
1774254087.6439962,0.342,-9999.000000,21.748332,26.0,98.6697,LOW,0.2,0.005,0.0
1774254087.7057953,0.404,-9999.000000,21.733208,26.0,98.9722,LOW,0.2,0.005,0.0
1774254087.7686303,0.467,-9999.000000,21.744841,26.0,98.7396,LOW,0.2,0.005,0.0
1774254087.8297575,0.528,-9999.000000,21.753372,26.0,98.5689,LOW,0.2,0.005,0.0
1774254087.8921013,0.590,-9999.000000,21.752595,26.0,98.5845,LOW,0.2,0.005,0.0
1774254087.9543462,0.652,-9999.000000,21.748332,26.0,98.6697,LOW,0.2,0.005,0.0
1774254088.0321689,0.730,-9999.000000,21.760353,26.0,98.4293,LOW,0.2,0.005,0.0
1774254088.095829,0.794,-9999.000000,21.764232,26.0,98.3517,LOW,0.2,0.005,0.0
1774254088.1588113,0.857,-9999.000000,21.766944,26.0,98.2975,LOW,0.2,0.005,0.0
1774254088.2221565,0.920,-9999.000000,21.778191,26.0,98.0725,LOW,0.2,0.005,0.0
1774254088.2840536,0.982,-9999.000000,21.779355,26.0,98.0493,LOW,0.2,0.005,0.0
1774254088.3472679,1.045,-9999.000000,21.790603,26.0,97.8243,LOW,0.2,0.005,0.0
1774254088.4123209,1.110,-9999.000000,21.797584,26.0,97.6847,LOW,0.2,0.005,0.0
1774254088.4755273,1.173,-9999.000000,21.806117,26.0,97.5140,LOW,0.2,0.005,0.0
1774254088.5361123,1.234,-9999.000000,21.818527,26.0,97.2658,LOW,0.2,0.005,0.0
1774254088.6015425,1.299,-9999.000000,21.826287,26.0,97.1106,LOW,0.2,0.005,0.0
1774254088.6596897,1.358,-9999.000000,21.842965,26.0,96.7771,LOW,0.2,0.005,0.0
1774254088.7251403,1.423,-9999.000000,21.852664,26.0,96.5831,LOW,0.2,0.005,0.0
1774254088.7895775,1.487,-9999.000000,21.867792,26.0,96.2805,LOW,0.2,0.005,0.0
1774254088.8547041,1.553,-9999.000000,21.880595,26.0,96.0245,LOW,0.2,0.005,0.0
1774254088.9166296,1.615,-9999.000000,21.895727,26.0,95.7218,LOW,0.2,0.005,0.0
1774254088.9794993,1.677,-9999.000000,21.916678,26.0,95.3028,LOW,0.2,0.005,0.0
1774254089.0431278,1.741,-9999.000000,21.929870,26.0,95.0390,LOW,0.2,0.005,0.0
1774254089.106612,1.804,-9999.000000,21.950049,26.0,94.6354,LOW,0.2,0.005,0.0
1774254089.1690352,1.867,-9999.000000,21.962855,26.0,94.3793,LOW,0.2,0.005,0.0
1774254089.2311585,1.929,-9999.000000,21.990800,26.0,93.8204,LOW,0.2,0.005,0.0
1774254089.2956357,1.994,-9999.000000,21.989248,26.0,93.8514,LOW,0.2,0.005,0.0
1774254089.3484657,2.046,-9999.000000,22.024568,26.0,93.2500,LOW,0.2,0.005,0.0
1774254089.415321,2.113,-9999.000000,22.043979,26.0,92.9940,LOW,0.2,0.005,0.0
1774254089.4811761,2.179,-9999.000000,22.081636,26.0,92.3699,LOW,0.2,0.005,0.0
1774254089.5337138,2.232,-9999.000000,22.082024,26.0,92.4651,LOW,0.2,0.005,0.0
1774254089.5967171,2.295,-9999.000000,22.122793,26.0,91.7718,LOW,0.2,0.005,0.0
1774254089.6599004,2.358,-9999.000000,22.131336,26.0,91.7232,LOW,0.2,0.005,0.0
1774254089.7229795,2.421,-9999.000000,22.148811,26.0,91.4952,LOW,0.2,0.005,0.0
1774254089.7862692,2.484,-9999.000000,22.174444,26.0,91.1036,LOW,0.2,0.005,0.0
1774254089.8496926,2.548,-9999.000000,22.202409,26.0,90.6647,LOW,0.2,0.005,0.0
1774254089.9116783,2.610,-9999.000000,22.238536,26.0,90.0587,LOW,0.2,0.005,0.0
1774254089.975175,2.673,-9999.000000,22.250194,26.0,89.9446,LOW,0.2,0.005,0.0
1774254090.0383306,2.736,-9999.000000,22.275059,26.0,89.5649,LOW,0.2,0.005,0.0
1774254090.099099,2.797,-9999.000000,22.305367,26.0,89.0710,LOW,0.2,0.005,0.0
1774254090.1649892,2.863,-9999.000000,22.329459,26.0,88.7101,LOW,0.2,0.005,0.0
1774254090.22842,2.926,-9999.000000,22.357057,26.0,88.2737,LOW,0.2,0.005,0.0
1774254090.489651,3.188,-9999.000000,22.482241,26.0,86.2295,LOW,0.2,0.005,0.0
1774254090.553272,3.251,-9999.000000,22.509464,26.0,85.7961,LOW,0.2,0.005,0.0
1774254090.6166432,3.315,-9999.000000,22.540191,26.0,85.2912,LOW,0.2,0.005,0.0
1774254090.7272396,3.425,-9999.000000,22.585706,26.0,84.5697,LOW,0.2,0.005,0.0
1774254090.8059158,3.504,-9999.000000,22.624615,26.0,83.9243,LOW,0.2,0.005,0.0
1774254090.8689055,3.567,-9999.000000,22.660806,26.0,83.3056,LOW,0.2,0.005,0.0
1774254090.9796045,3.677,-9999.000000,22.706734,26.0,82.5693,LOW,0.2,0.005,0.0
1774254091.0427792,3.741,-9999.000000,22.744883,26.0,81.9092,LOW,0.2,0.005,0.0
1774254091.106087,3.804,-9999.000000,22.774084,26.0,81.4273,LOW,0.2,0.005,0.0
1774254091.1688588,3.867,-9999.000000,22.806403,26.0,80.8811,LOW,0.2,0.005,0.0
1774254091.231991,3.930,-9999.000000,22.824320,26.0,80.6230,LOW,0.2,0.005,0.0
1774254091.304714,4.003,-9999.000000,22.886643,26.0,79.4898,LOW,0.2,0.005,0.0
1774254091.3586752,4.057,-9999.000000,22.899888,26.0,79.3085,LOW,0.2,0.005,0.0
1774254091.422385,4.120,-9999.000000,22.941580,26.0,78.5721,LOW,0.2,0.005,0.0
1774254091.485409,4.183,-9999.000000,22.966909,26.0,78.1611,LOW,0.2,0.005,0.0
1774254091.5488892,4.247,-9999.000000,23.001989,26.0,77.5547,LOW,0.2,0.005,0.0
1774254091.6282618,4.326,-9999.000000,23.035513,26.0,77.0018,LOW,0.2,0.005,0.0
1774254091.6915474,4.389,-9999.000000,23.067482,26.0,76.4552,LOW,0.2,0.005,0.0
1774254091.7682643,4.466,-9999.000000,23.102576,26.0,75.8645,LOW,0.2,0.005,0.0
1774254091.8499076,4.548,-9999.000000,23.152108,26.0,74.9901,LOW,0.2,0.005,0.0
1774254091.9133284,4.611,-9999.000000,23.151719,26.0,75.0882,LOW,0.2,0.005,0.0
1774254091.976804,4.675,-9999.000000,23.216481,26.0,73.8813,LOW,0.2,0.005,0.0
1774254092.0401723,4.738,-9999.000000,23.244576,26.0,73.4067,LOW,0.2,0.005,0.0
1774254092.1030157,4.801,-9999.000000,23.274628,26.0,72.8913,LOW,0.2,0.005,0.0
1774254092.1509206,4.849,-9999.000000,23.328497,26.0,71.8779,LOW,0.2,0.005,0.0
1774254092.2314813,4.929,-9999.000000,23.324592,26.0,72.0638,LOW,0.2,0.005,0.0
1774254092.2952704,4.993,-9999.000000,23.378474,26.0,71.0698,LOW,0.2,0.005,0.0
1774254092.342776,5.041,-9999.000000,23.406595,26.0,70.5689,LOW,0.2,0.005,0.0
1774254092.4221277,5.120,-9999.000000,23.449560,26.0,69.8108,LOW,0.2,0.005,0.0
1774254092.501156,5.199,-9999.000000,23.496053,26.0,68.9799,LOW,0.2,0.005,0.0
1774254092.5489733,5.247,-9999.000000,23.523018,26.0,68.4998,LOW,0.2,0.005,0.0
1774254092.6125305,5.310,-9999.000000,23.544904,26.0,68.1401,LOW,0.2,0.005,0.0
1774254092.659699,5.358,-9999.000000,23.581646,26.0,67.4623,LOW,0.2,0.005,0.0
1774254092.7550673,5.453,-9999.000000,23.615661,26.0,66.8957,LOW,0.2,0.005,0.0
1774254092.8498516,5.548,-9999.000000,23.675102,26.0,65.8171,LOW,0.2,0.005,0.0
1774254092.9133604,5.611,-9999.000000,23.686443,26.0,65.6637,LOW,0.2,0.005,0.0
1774254092.976608,5.674,-9999.000000,23.745516,26.0,64.5536,LOW,0.2,0.005,0.0
1774254093.0400333,5.738,-9999.000000,23.772517,26.0,64.0842,LOW,0.2,0.005,0.0
1774254093.0875173,5.785,-9999.000000,23.797172,26.0,63.6434,LOW,0.2,0.005,0.0
1774254093.1826997,5.881,-9999.000000,23.840228,26.0,62.8851,LOW,0.2,0.005,0.0
1774254093.245946,5.944,-9999.000000,23.877814,26.0,62.2004,LOW,0.2,0.005,0.0
1774254093.3093967,6.007,-9999.000000,23.906792,26.0,61.6873,LOW,0.2,0.005,0.0
1774254093.3572953,6.055,-9999.000000,23.900527,26.0,61.8629,LOW,0.2,0.005,0.0
1774254093.436289,6.134,-9999.000000,23.974162,26.0,60.4702,LOW,0.2,0.005,0.0
1774254093.5146377,6.213,-9999.000000,24.008643,26.0,59.8586,LOW,0.2,0.005,0.0
1774254093.609372,6.307,-9999.000000,24.050576,26.0,59.1123,LOW,0.2,0.005,0.0
1774254093.6724021,6.370,-9999.000000,24.090949,26.0,58.3650,LOW,0.2,0.005,0.0
1774254093.752046,6.450,-9999.000000,24.123493,26.0,57.7888,LOW,0.2,0.005,0.0
1774254093.8150027,6.513,-9999.000000,24.165060,26.0,57.0152,LOW,0.2,0.005,0.0
1774254093.8792,6.577,-9999.000000,24.188593,26.0,56.6027,LOW,0.2,0.005,0.0
1774254093.926699,6.625,-9999.000000,24.214485,26.0,56.1273,LOW,0.2,0.005,0.0
1774254093.9904213,6.688,-9999.000000,24.246267,26.0,55.5475,LOW,0.2,0.005,0.0
1774254094.0554583,6.753,-9999.000000,24.273345,26.0,55.0621,LOW,0.2,0.005,0.0
1774254094.1069467,6.805,-9999.000000,24.303960,26.0,54.4935,LOW,0.2,0.005,0.0
1774254094.2298424,6.928,-9999.000000,24.355780,26.0,53.5581,LOW,0.2,0.005,0.0
1774254094.293027,6.991,-9999.000000,24.391517,26.0,52.8942,LOW,0.2,0.005,0.0
1774254094.3404562,7.038,-9999.000000,24.411546,26.0,52.5313,LOW,0.2,0.005,0.0
1774254094.4074628,7.105,-9999.000000,24.446116,26.0,51.8919,LOW,0.2,0.005,0.0
1774254094.4988205,7.197,-9999.000000,24.479906,26.0,51.2856,LOW,0.2,0.005,0.0
1774254094.5620182,7.260,-9999.000000,24.512523,26.0,50.6802,LOW,0.2,0.005,0.0
1774254094.6253266,7.323,-9999.000000,24.544758,26.0,50.0816,LOW,0.2,0.005,0.0
1774254094.704343,7.402,-9999.000000,24.571883,26.0,49.5955,LOW,0.2,0.005,0.0
1774254094.8083208,7.506,-9999.000000,24.619859,26.0,48.7077,LOW,0.2,0.005,0.0
1774254094.877378,7.575,-9999.000000,24.654866,26.0,48.0540,LOW,0.2,0.005,0.0
1774254094.9561136,7.654,-9999.000000,24.683587,26.0,47.5314,LOW,0.2,0.005,0.0
1774254095.036289,7.734,-9999.000000,24.738286,26.0,46.4880,LOW,0.2,0.005,0.0
1774254095.1154962,7.813,-9999.000000,24.752457,26.0,46.2540,LOW,0.2,0.005,0.0
1774254095.1944492,7.892,-9999.000000,24.798124,26.0,45.3881,LOW,0.2,0.005,0.0
1774254095.2737222,7.972,-9999.000000,24.819783,26.0,45.0017,LOW,0.2,0.005,0.0
1774254095.352856,8.051,-9999.000000,24.859562,26.0,44.2513,LOW,0.2,0.005,0.0
1774254095.432186,8.130,-9999.000000,24.882804,26.0,43.8308,LOW,0.2,0.005,0.0
1774254095.4954638,8.193,-9999.000000,24.912747,26.0,43.2663,LOW,0.2,0.005,0.0
1774254095.5589793,8.257,-9999.000000,24.936788,26.0,42.8192,LOW,0.2,0.005,0.0
1774254095.6535022,8.351,-9999.000000,24.976597,26.0,42.0714,LOW,0.2,0.005,0.0
1774254095.7374508,8.435,-9999.000000,24.985271,26.0,41.9406,LOW,0.2,0.005,0.0
1774254095.795926,8.494,-9999.000000,25.036133,26.0,40.9515,LOW,0.2,0.005,0.0
1774254095.8435354,8.541,-9999.000000,25.054277,26.0,40.6111,LOW,0.2,0.005,0.0
1774254095.922981,8.621,-9999.000000,25.076366,26.0,40.2060,LOW,0.2,0.005,0.0
1774254096.0021408,8.700,-9999.000000,25.102799,26.0,39.7129,LOW,0.2,0.005,0.0
1774254096.0494988,8.747,-9999.000000,25.122526,26.0,39.3391,LOW,0.2,0.005,0.0
1774254096.1131172,8.811,-9999.000000,25.148967,26.0,38.8374,LOW,0.2,0.005,0.0
1774254096.192857,8.891,-9999.000000,25.176994,26.0,38.3096,LOW,0.2,0.005,0.0
1774254096.2566824,8.955,-9999.000000,25.199495,26.0,37.8852,LOW,0.2,0.005,0.0
1774254096.3522596,9.050,-9999.000000,25.228714,26.0,37.3376,LOW,0.2,0.005,0.0
1774254096.4154503,9.113,-9999.000000,25.251618,26.0,36.9032,LOW,0.2,0.005,0.0
1774254096.4949539,9.193,-9999.000000,25.279268,26.0,36.3789,LOW,0.2,0.005,0.0
1774254096.558115,9.256,-9999.000000,25.299811,26.0,35.9901,LOW,0.2,0.005,0.0
1774254096.621997,9.320,-9999.000000,25.317988,26.0,35.6484,LOW,0.2,0.005,0.0
1774254096.7174501,9.415,-9999.000000,25.355529,26.0,34.9283,LOW,0.2,0.005,0.0
1774254096.797258,9.495,-9999.000000,25.376477,26.0,34.5342,LOW,0.2,0.005,0.0
1774254096.876412,9.574,-9999.000000,25.401781,26.0,34.0518,LOW,0.2,0.005,0.0
1774254096.9240408,9.622,-9999.000000,25.417992,26.0,33.7415,LOW,0.2,0.005,0.0
1774254096.9874873,9.685,-9999.000000,25.446463,26.0,33.1896,LOW,0.2,0.005,0.0
1774254097.066874,9.765,-9999.000000,25.455957,26.0,33.0213,LOW,0.2,0.005,0.0
1774254097.1303487,9.828,-9999.000000,25.474941,26.0,32.6583,LOW,0.2,0.005,0.0
1774254097.1939085,9.892,-9999.000000,25.506987,26.0,32.0330,LOW,0.2,0.005,0.0
1774254097.289817,9.988,-9999.000000,25.524793,26.0,31.6997,LOW,0.2,0.005,0.0
1774254097.3694375,10.067,-9999.000000,25.544581,26.0,31.3221,LOW,0.2,0.005,0.0
1774254097.4332805,10.131,-9999.000000,25.560016,26.0,31.0274,LOW,0.2,0.005,0.0
1774254097.4967425,10.195,-9999.000000,25.577039,26.0,30.7004,LOW,0.2,0.005,0.0
1774254097.5599413,10.258,-9999.000000,25.598814,26.0,30.2776,LOW,0.2,0.005,0.0
1774254097.6125739,10.310,-9999.000000,25.609503,26.0,30.0741,LOW,0.2,0.005,0.0
1774254097.7033653,10.401,-9999.000000,25.627322,26.0,29.7346,LOW,0.2,0.005,0.0
1774254097.7671428,10.465,-9999.000000,25.641182,26.0,29.4688,LOW,0.2,0.005,0.0
1774254097.8310435,10.529,-9999.000000,25.662572,26.0,29.0518,LOW,0.2,0.005,0.0
1774254097.8950524,10.593,-9999.000000,25.684361,26.0,28.6261,LOW,0.2,0.005,0.0
1774254097.9426296,10.641,-9999.000000,25.701000,26.0,28.3005,LOW,0.2,0.005,0.0
1774254098.0068836,10.705,-9999.000000,25.711303,26.0,28.1037,LOW,0.2,0.005,0.0
1774254098.054589,10.752,-9999.000000,25.737459,26.0,27.5868,LOW,0.2,0.005,0.0
1774254098.1182644,10.816,-9999.000000,25.731909,26.0,27.7064,LOW,0.2,0.005,0.0
1774254098.1822922,10.880,-9999.000000,25.751330,26.0,27.3259,LOW,0.2,0.005,0.0
1774254098.2623765,10.960,-9999.000000,25.767981,26.0,27.0022,LOW,0.2,0.005,0.0
1774254098.326171,11.024,-9999.000000,25.777098,26.0,26.8269,LOW,0.2,0.005,0.0
1774254098.3899715,11.088,-9999.000000,25.794543,26.0,26.4846,LOW,0.2,0.005,0.0
1774254098.4858918,11.184,-9999.000000,25.814369,26.0,26.0970,LOW,0.2,0.005,0.0
1774254098.5657198,11.264,-9999.000000,25.819921,26.0,25.9931,LOW,0.2,0.005,0.0
1774254098.629195,11.327,-9999.000000,25.852444,26.0,25.3567,HIGH,0.6,0.015,0.001
1774254098.7153199,11.413,-9999.000000,25.858395,26.0,25.0623,HIGH,0.6,0.015,0.001
1774254098.8032515,11.501,-9999.000000,25.880215,26.0,23.7510,HIGH,0.6,0.015,0.001
1774254098.8826466,11.581,-9999.000000,25.888545,26.0,23.2788,HIGH,0.6,0.015,0.001
1774254098.946322,11.644,-9999.000000,25.902039,26.0,22.4678,HIGH,0.6,0.015,0.001
1774254099.0256023,11.723,-9999.000000,25.920689,26.0,21.3559,HIGH,0.6,0.015,0.001
1774254099.1208658,11.819,-9999.000000,25.925850,26.0,21.0749,HIGH,0.6,0.015,0.001
1774254099.2001023,11.898,-9999.000000,25.945695,26.0,19.8711,HIGH,0.6,0.015,0.001
1774254099.2632382,11.961,-9999.000000,25.955620,26.0,19.2891,HIGH,0.6,0.015,0.001
1774254099.3266885,12.025,-9999.000000,25.975868,26.0,18.0603,HIGH,0.6,0.015,0.001
1774254099.422618,12.120,-9999.000000,25.992941,26.0,17.0511,HIGH,0.6,0.015,0.001
1774254099.5025804,12.200,-9999.000000,25.991749,26.0,17.1429,HIGH,0.6,0.015,0.001
1774254099.565831,12.264,-9999.000000,26.008430,26.0,16.1134,HIGH,0.6,0.015,0.001
1774254099.645422,12.343,-9999.000000,26.014783,26.0,15.7488,HIGH,0.6,0.015,0.001
1774254099.6935155,12.391,-9999.000000,26.017960,26.0,15.5582,HIGH,0.6,0.015,0.001
1774254099.7569869,12.455,-9999.000000,26.034642,26.0,14.5344,HIGH,0.6,0.015,0.001
1774254099.820378,12.518,-9999.000000,26.040204,26.0,14.2143,HIGH,0.6,0.015,0.001
1774254099.884416,12.582,-9999.000000,26.044177,26.0,13.9743,HIGH,0.6,0.015,0.001
1774254099.9485056,12.646,-9999.000000,26.051328,26.0,13.5353,HIGH,0.6,0.015,0.001
1774254100.012943,12.711,-9999.000000,26.063643,26.0,12.7823,HIGH,0.6,0.015,0.001
1774254100.0769765,12.775,-9999.000000,26.060862,26.0,12.9668,HIGH,0.6,0.015,0.001
1774254100.1248474,12.823,-9999.000000,26.072385,26.0,12.2418,HIGH,0.6,0.015,0.001
1774254100.188398,12.886,-9999.000000,26.087484,26.0,11.3278,HIGH,0.6,0.015,0.001
1774254100.252425,12.950,-9999.000000,26.087484,26.0,11.3432,HIGH,0.6,0.015,0.001
1774254100.3171728,13.015,-9999.000000,26.099805,26.0,10.5752,HIGH,0.6,0.015,0.001
1774254100.380272,13.078,-9999.000000,26.100202,26.0,10.5603,HIGH,0.6,0.015,0.001
1774254100.4593675,13.157,-9999.000000,26.106560,26.0,10.1588,HIGH,0.6,0.015,0.001
1774254100.5390215,13.237,-9999.000000,26.109739,26.0,9.9589,HIGH,0.6,0.015,0.001
1774254100.6339078,13.332,-9999.000000,26.121663,26.0,9.2176,HIGH,0.6,0.015,0.001
1774254100.7182586,13.416,-9999.000000,26.127229,26.0,8.8735,HIGH,0.6,0.015,0.001
1774254100.793308,13.491,-9999.000000,26.131998,26.0,8.5728,HIGH,0.6,0.015,0.001
1774254100.8729498,13.571,-9999.000000,26.135181,26.0,8.3680,HIGH,0.6,0.015,0.001
1774254100.9523873,13.650,-9999.000000,26.141938,26.0,7.9412,HIGH,0.6,0.015,0.001
1774254101.0317876,13.730,-9999.000000,26.142334,26.0,7.9084,HIGH,0.6,0.015,0.001
1774254101.1115806,13.809,-9999.000000,26.163806,26.0,6.5742,HIGH,0.6,0.015,0.001
1774254101.2068212,13.905,-9999.000000,26.153071,26.0,7.2345,HIGH,0.6,0.015,0.001
1774254101.269818,13.968,-9999.000000,26.157445,26.0,6.9390,HIGH,0.6,0.015,0.001
1774254101.3497257,14.048,-9999.000000,26.157842,26.0,6.9027,HIGH,0.6,0.015,0.001
1774254101.444734,14.143,-9999.000000,26.163009,26.0,6.5645,HIGH,0.6,0.015,0.001
1774254101.5236497,14.222,-9999.000000,26.160625,26.0,6.6970,HIGH,0.6,0.015,0.001
1774254101.5872073,14.285,-9999.000000,26.171757,26.0,5.9922,HIGH,0.6,0.015,0.001
1774254101.6986933,14.397,-9999.000000,26.163009,26.0,6.5152,HIGH,0.6,0.015,0.001
1774254101.761944,14.460,-9999.000000,26.157045,26.0,6.8597,HIGH,0.6,0.015,0.001
1774254101.8415625,14.539,-9999.000000,26.169373,26.0,6.0749,HIGH,0.6,0.015,0.001
1774254101.905328,14.603,-9999.000000,26.170567,26.0,6.0005,HIGH,0.6,0.015,0.001
1774254101.9679546,14.666,-9999.000000,26.174144,26.0,5.7657,HIGH,0.6,0.015,0.001
1774254102.0476465,14.746,-9999.000000,26.172554,26.0,5.8482,HIGH,0.6,0.015,0.001
1774254102.1582172,14.856,-9999.000000,26.157045,26.0,6.7647,HIGH,0.6,0.015,0.001
1774254102.2381046,14.936,-9999.000000,26.161419,26.0,6.4634,HIGH,0.6,0.015,0.001
1774254102.3339648,15.032,-9999.000000,26.154264,26.0,6.8835,HIGH,0.6,0.015,0.001
1774254102.413557,15.111,-9999.000000,26.161419,26.0,6.4185,HIGH,0.6,0.015,0.001
1774254102.5216832,15.220,-9999.000000,26.131998,26.0,8.1985,HIGH,0.6,0.015,0.001
1774254102.588438,15.286,-9999.000000,26.150684,26.0,7.0070,HIGH,0.6,0.015,0.001
1774254102.651874,15.350,-9999.000000,26.152275,26.0,6.9226,HIGH,0.6,0.015,0.001
1774254102.7216256,15.420,-9999.000000,26.149891,26.0,7.0559,HIGH,0.6,0.015,0.001
1774254102.7798226,15.478,-9999.000000,26.143131,26.0,7.4572,HIGH,0.6,0.015,0.001
1774254102.8436434,15.542,-9999.000000,26.147504,26.0,7.1622,HIGH,0.6,0.015,0.001
1774254102.8912976,15.589,-9999.000000,26.136771,26.0,7.8258,HIGH,0.6,0.015,0.001
1774254102.95511,15.653,-9999.000000,26.141144,26.0,7.5205,HIGH,0.6,0.015,0.001
1774254103.0348501,15.733,-9999.000000,26.133988,26.0,7.9497,HIGH,0.6,0.015,0.001
1774254103.0982597,15.796,-9999.000000,26.131602,26.0,8.0751,HIGH,0.6,0.015,0.001
1774254103.1619499,15.860,-9999.000000,26.126832,26.0,8.3529,HIGH,0.6,0.015,0.001
1774254103.25746,15.955,-9999.000000,26.126436,26.0,8.3515,HIGH,0.6,0.015,0.001
1774254103.323185,16.021,-9999.000000,26.119677,26.0,8.7551,HIGH,0.6,0.015,0.001
1774254103.3852756,16.083,-9999.000000,26.118484,26.0,8.8073,HIGH,0.6,0.015,0.001
1774254103.4487998,16.147,-9999.000000,26.114111,26.0,9.0637,HIGH,0.6,0.015,0.001
1774254103.5287611,16.227,-9999.000000,26.107753,26.0,9.4334,HIGH,0.6,0.015,0.001
1774254103.5924816,16.290,-9999.000000,26.099805,26.0,9.9052,HIGH,0.6,0.015,0.001
1774254103.687969,16.386,-9999.000000,26.099009,26.0,9.9272,HIGH,0.6,0.015,0.001
1774254103.7513201,16.449,-9999.000000,26.091062,26.0,10.4070,HIGH,0.6,0.015,0.001
1774254103.8310483,16.529,-9999.000000,26.086291,26.0,10.6764,HIGH,0.6,0.015,0.001
1774254103.8948655,16.593,-9999.000000,26.081923,26.0,10.9315,HIGH,0.6,0.015,0.001
1774254103.9585822,16.656,-9999.000000,26.067221,26.0,11.8235,HIGH,0.6,0.015,0.001
1774254104.0379348,16.736,-9999.000000,26.071192,26.0,11.5486,HIGH,0.6,0.015,0.001
1774254104.1327982,16.831,-9999.000000,26.070399,26.0,11.5920,HIGH,0.6,0.015,0.001
1774254104.1967504,16.895,-9999.000000,26.061658,26.0,12.1234,HIGH,0.6,0.015,0.001
1774254104.2602768,16.958,-9999.000000,26.051725,26.0,12.7165,HIGH,0.6,0.015,0.001
1774254104.3396165,17.037,-9999.000000,26.050136,26.0,12.7922,HIGH,0.6,0.015,0.001
1774254104.3871422,17.085,-9999.000000,26.044574,26.0,13.1325,HIGH,0.6,0.015,0.001
1774254104.467098,17.165,-9999.000000,26.039807,26.0,13.4079,HIGH,0.6,0.015,0.001
1774254104.5304317,17.228,-9999.000000,26.049739,26.0,12.7856,HIGH,0.6,0.015,0.001
1774254104.6252408,17.323,-9999.000000,26.030672,26.0,13.9611,HIGH,0.6,0.015,0.001
1774254104.7049727,17.403,-9999.000000,26.017960,26.0,14.7175,HIGH,0.6,0.015,0.001
1774254104.7682111,17.466,-9999.000000,26.016372,26.0,14.7978,HIGH,0.6,0.015,0.001
1774254104.8313606,17.529,-9999.000000,26.012799,26.0,15.0141,HIGH,0.6,0.015,0.001
1774254104.8943696,17.592,-9999.000000,26.004854,26.0,15.4973,HIGH,0.6,0.015,0.001
1774254104.973291,17.671,-9999.000000,25.982617,26.0,16.8492,HIGH,0.6,0.015,0.001
1774254105.0368,17.735,-9999.000000,26.000485,26.0,15.7207,HIGH,0.6,0.015,0.001
1774254105.131855,17.830,-9999.000000,25.985793,26.0,16.6479,HIGH,0.6,0.015,0.001
1774254105.2111766,17.909,-9999.000000,25.987780,26.0,16.5121,HIGH,0.6,0.015,0.001
1774254105.2750888,17.973,-9999.000000,25.983016,26.0,16.8096,HIGH,0.6,0.015,0.001
1774254105.3391504,18.037,-9999.000000,25.968325,26.0,17.7095,HIGH,0.6,0.015,0.001
1774254105.3864977,18.084,-9999.000000,25.970309,26.0,17.5655,HIGH,0.6,0.015,0.001
1774254105.4657764,18.164,-9999.000000,25.960383,26.0,18.1825,HIGH,0.6,0.015,0.001
1774254105.5295806,18.227,-9999.000000,25.961178,26.0,18.1247,HIGH,0.6,0.015,0.001
1774254105.5931187,18.291,-9999.000000,25.948078,26.0,18.9375,HIGH,0.6,0.015,0.001
1774254105.6731973,18.371,-9999.000000,25.944503,26.0,19.1425,HIGH,0.6,0.015,0.001
1774254105.7369256,18.435,-9999.000000,25.946091,26.0,19.0455,HIGH,0.6,0.015,0.001
1774254105.816813,18.515,-9999.000000,25.938948,26.0,19.4928,HIGH,0.6,0.015,0.001
1774254105.9122684,18.610,-9999.000000,25.937757,26.0,19.5655,HIGH,0.6,0.015,0.001
1774254105.9759407,18.674,-9999.000000,25.930612,26.0,20.0108,HIGH,0.6,0.015,0.001
1774254106.0391364,18.737,-9999.000000,25.927437,26.0,20.2019,HIGH,0.6,0.015,0.001
1774254106.1339478,18.832,-9999.000000,25.914340,26.0,21.0087,HIGH,0.6,0.015,0.001
1774254106.213034,18.911,-9999.000000,25.907592,26.0,21.4193,HIGH,0.6,0.015,0.001
1774254106.2926767,18.991,-9999.000000,25.905213,26.0,21.5678,HIGH,0.6,0.015,0.001
1774254106.3559263,19.054,-9999.000000,25.906404,26.0,21.5004,HIGH,0.6,0.015,0.001
1774254106.4515078,19.149,-9999.000000,25.892910,26.0,22.3414,HIGH,0.6,0.015,0.001
1774254106.5306792,19.229,-9999.000000,25.887357,26.0,22.6808,HIGH,0.6,0.015,0.001
1774254106.594218,19.292,-9999.000000,25.885770,26.0,22.7824,HIGH,0.6,0.015,0.001
1774254106.6760082,19.374,-9999.000000,25.889340,26.0,22.5749,HIGH,0.6,0.015,0.001
1774254106.7375293,19.435,-9999.000000,25.880215,26.0,23.1527,HIGH,0.6,0.015,0.001
1774254106.8325474,19.530,-9999.000000,25.873469,26.0,23.5677,HIGH,0.6,0.015,0.001
1774254106.8963583,19.594,-9999.000000,25.868313,26.0,23.8907,HIGH,0.6,0.015,0.001
1774254106.9762678,19.674,-9999.000000,25.870296,26.0,23.7767,HIGH,0.6,0.015,0.001
1774254107.040004,19.738,-9999.000000,25.867122,26.0,23.9873,HIGH,0.6,0.015,0.001
1774254107.1196692,19.818,-9999.000000,25.874264,26.0,23.5599,HIGH,0.6,0.015,0.001
1774254107.2149217,19.913,-9999.000000,25.860377,26.0,24.4366,HIGH,0.6,0.015,0.001
1774254107.278064,19.976,-9999.000000,25.850462,26.0,25.0467,HIGH,0.6,0.015,0.001
1774254107.3490334,20.047,-9999.000000,25.852049,26.0,24.9494,HIGH,0.6,0.015,0.001
1774254107.4058514,20.104,-9999.000000,25.848477,26.0,25.1851,HIGH,0.6,0.015,0.001
1774254107.4693935,20.167,-9999.000000,25.847685,26.0,25.2421,HIGH,0.6,0.015,0.001
1774254107.5487592,20.247,-9999.000000,25.838959,26.0,25.7946,HIGH,0.6,0.015,0.001
1774254107.6299076,20.328,-9999.000000,25.840941,26.0,25.6816,HIGH,0.6,0.015,0.001
1774254107.7075062,20.405,-9999.000000,25.834200,26.0,26.1165,HIGH,0.6,0.015,0.001
1774254107.7709854,20.469,-9999.000000,25.835786,26.0,26.0257,HIGH,0.6,0.015,0.001
1774254107.834767,20.533,-9999.000000,25.837768,26.0,25.9217,HIGH,0.6,0.015,0.001
1774254107.89885,20.597,-9999.000000,25.826662,26.0,26.6252,HIGH,0.6,0.015,0.001
1774254107.9632077,20.661,-9999.000000,25.829837,26.0,26.4289,HIGH,0.6,0.015,0.001
1774254108.0427444,20.741,-9999.000000,25.823094,26.0,26.8680,HIGH,0.6,0.015,0.001
1774254108.1056705,20.804,-9999.000000,25.827852,26.0,26.5827,HIGH,0.6,0.015,0.001
1774254108.2010636,20.899,-9999.000000,25.823489,26.0,26.8818,HIGH,0.6,0.015,0.001
1774254108.2805703,20.978,-9999.000000,25.823489,26.0,26.8983,HIGH,0.6,0.015,0.001
1774254108.3502765,21.048,-9999.000000,25.813973,26.0,27.5024,HIGH,0.6,0.015,0.001
1774254108.407645,21.106,-9999.000000,25.819127,26.0,27.1861,HIGH,0.6,0.015,0.001
1774254108.47126,21.169,-9999.000000,25.823094,26.0,26.9677,HIGH,0.6,0.015,0.001
1774254108.5511615,21.249,-9999.000000,25.810006,26.0,27.7983,HIGH,0.6,0.015,0.001
1774254108.6147149,21.313,-9999.000000,25.815559,26.0,27.4577,HIGH,0.6,0.015,0.001
1774254108.7180395,21.416,-9999.000000,25.808816,26.0,27.9071,HIGH,0.6,0.015,0.001
1774254108.7900999,21.488,-9999.000000,25.812783,26.0,27.6773,HIGH,0.6,0.015,0.001
1774254108.8533676,21.551,-9999.000000,25.809611,26.0,27.8962,HIGH,0.6,0.015,0.001
1774254108.9012897,21.599,-9999.000000,25.811197,26.0,27.8063,HIGH,0.6,0.015,0.001
1774254108.980866,21.679,-9999.000000,25.810801,26.0,27.8565,HIGH,0.6,0.015,0.001
1774254109.060981,21.759,-9999.000000,25.810801,26.0,27.8787,HIGH,0.6,0.015,0.001
1774254109.1252685,21.823,-9999.000000,25.809611,26.0,27.9703,HIGH,0.6,0.015,0.001
1774254109.1728225,21.871,-9999.000000,25.820713,26.0,27.2918,HIGH,0.6,0.015,0.001
1774254109.2368584,21.935,-9999.000000,25.806439,26.0,28.2125,HIGH,0.6,0.015,0.001
1774254109.300543,21.998,-9999.000000,25.810402,26.0,27.9643,HIGH,0.6,0.015,0.001
1774254109.3484347,22.046,-9999.000000,25.811592,26.0,27.9101,HIGH,0.6,0.015,0.001
1774254109.442969,22.141,-9999.000000,25.807629,26.0,28.1819,HIGH,0.6,0.015,0.001
1774254109.505277,22.203,-9999.000000,25.804454,26.0,28.3915,HIGH,0.6,0.015,0.001
1774254109.5858428,22.284,-9999.000000,25.810402,26.0,28.0451,HIGH,0.6,0.015,0.001
1774254109.6656587,22.364,-9999.000000,25.809611,26.0,28.1238,HIGH,0.6,0.015,0.001
1774254109.7349007,22.433,-9999.000000,25.810006,26.0,28.1182,HIGH,0.6,0.015,0.001
1774254109.7930074,22.491,-9999.000000,25.811197,26.0,28.0617,HIGH,0.6,0.015,0.001
1774254109.8412278,22.539,-9999.000000,25.813973,26.0,27.9049,HIGH,0.6,0.015,0.001
1774254109.9355807,22.633,-9999.000000,25.821112,26.0,27.5001,HIGH,0.6,0.015,0.001
1774254110.0149171,22.713,-9999.000000,25.822299,26.0,27.4561,HIGH,0.6,0.015,0.001
1774254110.0942144,22.792,-9999.000000,25.814764,26.0,27.9412,HIGH,0.6,0.015,0.001
1774254110.1579947,22.856,-9999.000000,25.818335,26.0,27.7292,HIGH,0.6,0.015,0.001
1774254110.2374098,22.935,-9999.000000,25.814369,26.0,27.9999,HIGH,0.6,0.015,0.001
1774254110.3169923,23.015,-9999.000000,25.821903,26.0,27.5546,HIGH,0.6,0.015,0.001
1774254110.3803787,23.078,-9999.000000,25.819127,26.0,27.7523,HIGH,0.6,0.015,0.001
1774254110.4434078,23.141,-9999.000000,25.820317,26.0,27.6916,HIGH,0.6,0.015,0.001
1774254110.5390208,23.237,-9999.000000,25.823489,26.0,27.5251,HIGH,0.6,0.015,0.001
1774254110.6362493,23.334,-9999.000000,25.820317,26.0,27.7482,HIGH,0.6,0.015,0.001
1774254110.6975698,23.395,-9999.000000,25.840149,26.0,26.5374,HIGH,0.6,0.015,0.001
1774254110.761833,23.460,-9999.000000,25.826662,26.0,27.4167,HIGH,0.6,0.015,0.001
1774254110.836511,23.534,-9999.000000,25.832611,26.0,27.0496,HIGH,0.6,0.015,0.001
1774254110.9367511,23.635,-9999.000000,25.829837,26.0,27.2523,HIGH,0.6,0.015,0.001
1774254111.0084722,23.706,-9999.000000,25.831819,26.0,27.1460,HIGH,0.6,0.015,0.001
1774254111.0638242,23.762,-9999.000000,25.837768,26.0,26.7945,HIGH,0.6,0.015,0.001
1774254111.1372027,23.835,-9999.000000,25.836182,26.0,26.9206,HIGH,0.6,0.015,0.001
1774254111.190826,23.889,-9999.000000,25.841735,26.0,26.5876,HIGH,0.6,0.015,0.001
1774254111.2545981,23.952,-9999.000000,25.813973,26.0,28.3250,HIGH,0.6,0.015,0.001
1774254111.3186748,24.017,-9999.000000,25.840545,26.0,26.6610,HIGH,0.6,0.015,0.001
1774254111.38197,24.080,-9999.000000,25.844113,26.0,26.4976,HIGH,0.6,0.015,0.001
1774254111.445962,24.144,-9999.000000,25.852444,26.0,26.0045,HIGH,0.6,0.015,0.001
1774254111.5095055,24.207,-9999.000000,25.856013,26.0,25.8115,HIGH,0.6,0.015,0.001
1774254111.5728967,24.271,-9999.000000,25.854031,26.0,25.9530,HIGH,0.6,0.015,0.001
1774254111.6523192,24.350,-9999.000000,25.839354,26.0,26.8681,HIGH,0.6,0.015,0.001
1774254111.7155666,24.413,-9999.000000,25.853635,26.0,25.9841,HIGH,0.6,0.015,0.001
1774254111.779095,24.477,-9999.000000,25.858790,26.0,25.7027,HIGH,0.6,0.015,0.001
1774254111.8499484,24.548,-9999.000000,25.857999,26.0,25.7745,HIGH,0.6,0.015,0.001
1774254111.9383545,24.636,-9999.000000,25.860776,26.0,25.6221,HIGH,0.6,0.015,0.001
1774254112.0009813,24.699,-9999.000000,25.863949,26.0,25.4426,HIGH,0.6,0.015,0.001
1774254112.0802104,24.778,-9999.000000,25.863154,26.0,25.5126,HIGH,0.6,0.015,0.001
1774254112.1597342,24.858,-9999.000000,25.870296,26.0,25.0896,HIGH,0.6,0.015,0.001
1774254112.2391243,24.937,-9999.000000,25.882198,26.0,24.3835,HIGH,0.6,0.015,0.001
1774254112.3185472,25.016,-9999.000000,25.874660,26.0,24.8752,HIGH,0.6,0.015,0.001
1774254112.3982596,25.096,-9999.000000,25.883389,26.0,24.3450,HIGH,0.6,0.015,0.001
1774254112.477287,25.175,-9999.000000,25.882594,26.0,24.4185,HIGH,0.6,0.015,0.001
1774254112.5555072,25.253,-9999.000000,25.886166,26.0,24.2120,HIGH,0.6,0.015,0.001
1774254112.6399634,25.338,-9999.000000,25.880611,26.0,24.5715,HIGH,0.6,0.015,0.001
1774254112.714664,25.413,-9999.000000,25.894101,26.0,23.7494,HIGH,0.6,0.015,0.001
1774254112.7775128,25.475,-9999.000000,25.890135,26.0,24.0221,HIGH,0.6,0.015,0.001
1774254112.841472,25.539,-9999.000000,25.893309,26.0,23.8306,HIGH,0.6,0.015,0.001
1774254112.90528,25.603,-9999.000000,25.893309,26.0,23.8458,HIGH,0.6,0.015,0.001
1774254112.9528868,25.651,-9999.000000,25.901244,26.0,23.3600,HIGH,0.6,0.015,0.001
1774254113.0162618,25.714,-9999.000000,25.896879,26.0,23.6553,HIGH,0.6,0.015,0.001
1774254113.0792534,25.777,-9999.000000,25.898070,26.0,23.5847,HIGH,0.6,0.015,0.001
1774254113.1430993,25.841,-9999.000000,25.906800,26.0,23.0580,HIGH,0.6,0.015,0.001
1774254113.2065763,25.904,-9999.000000,25.906005,26.0,23.1296,HIGH,0.6,0.015,0.001
1774254113.2702944,25.968,-9999.000000,25.905609,26.0,23.1618,HIGH,0.6,0.015,0.001
1774254113.3341472,26.032,-9999.000000,25.929421,26.0,21.7019,HIGH,0.6,0.015,0.001
1774254113.3816957,26.080,-9999.000000,25.908387,26.0,23.0520,HIGH,0.6,0.015,0.001
1774254113.445405,26.143,-9999.000000,25.910371,26.0,22.8942,HIGH,0.6,0.015,0.001
1774254113.5415385,26.239,-9999.000000,25.910371,26.0,22.9102,HIGH,0.6,0.015,0.001
1774254113.6038277,26.302,-9999.000000,25.923071,26.0,22.1350,HIGH,0.6,0.015,0.001
1774254113.71497,26.413,-9999.000000,25.924659,26.0,22.0713,HIGH,0.6,0.015,0.001
1774254113.7778866,26.476,-9999.000000,25.926246,26.0,21.9819,HIGH,0.6,0.015,0.001
1774254113.857501,26.555,-9999.000000,25.922675,26.0,22.2124,HIGH,0.6,0.015,0.001
1774254113.921064,26.619,-9999.000000,25.942916,26.0,20.9671,HIGH,0.6,0.015,0.001
1774254113.9847448,26.683,-9999.000000,25.932200,26.0,21.6652,HIGH,0.6,0.015,0.001
1774254114.0484664,26.746,-9999.000000,25.934183,26.0,21.5325,HIGH,0.6,0.015,0.001
1774254114.0963526,26.794,-9999.000000,25.932200,26.0,21.6637,HIGH,0.6,0.015,0.001
1774254114.1763456,26.874,-9999.000000,25.926246,26.0,22.0330,HIGH,0.6,0.015,0.001
1774254114.25543,26.953,-9999.000000,25.934183,26.0,21.5471,HIGH,0.6,0.015,0.001
1774254114.3194761,27.017,-9999.000000,25.942520,26.0,21.0495,HIGH,0.6,0.015,0.001
1774254114.39938,27.097,-9999.000000,25.943711,26.0,20.9963,HIGH,0.6,0.015,0.001
1774254114.4784887,27.176,-9999.000000,25.943711,26.0,21.0044,HIGH,0.6,0.015,0.001
1774254114.5574045,27.255,-9999.000000,25.941328,26.0,21.1574,HIGH,0.6,0.015,0.001
1774254114.6529236,27.351,-9999.000000,25.955224,26.0,20.3125,HIGH,0.6,0.015,0.001
1774254114.7321627,27.430,-9999.000000,25.919897,26.0,22.5007,HIGH,0.6,0.015,0.001
1774254114.8119137,27.510,-9999.000000,25.954824,26.0,20.3221,HIGH,0.6,0.015,0.001
1774254114.9074554,27.605,-9999.000000,25.954824,26.0,20.3724,HIGH,0.6,0.015,0.001
1774254114.9867094,27.685,-9999.000000,25.958399,26.0,20.1583,HIGH,0.6,0.015,0.001
1774254115.0981758,27.796,-9999.000000,25.963559,26.0,19.8547,HIGH,0.6,0.015,0.001
1774254115.1617246,27.860,-9999.000000,25.961178,26.0,20.0096,HIGH,0.6,0.015,0.001
1774254115.2256947,27.924,-9999.000000,25.958795,26.0,20.1566,HIGH,0.6,0.015,0.001
1774254115.3439047,28.042,-9999.000000,25.963559,26.0,19.8695,HIGH,0.6,0.015,0.001
1774254115.4004068,28.098,-9999.000000,25.970309,26.0,19.4590,HIGH,0.6,0.015,0.001
1774254115.479873,28.178,-9999.000000,25.965546,26.0,19.7669,HIGH,0.6,0.015,0.001
1774254115.5911117,28.289,-9999.000000,25.969913,26.0,19.4999,HIGH,0.6,0.015,0.001
1774254115.6705513,28.368,-9999.000000,25.975073,26.0,19.1907,HIGH,0.6,0.015,0.001
1774254115.750031,28.448,-9999.000000,25.976265,26.0,19.1271,HIGH,0.6,0.015,0.001
1774254115.845058,28.543,-9999.000000,25.973089,26.0,19.3263,HIGH,0.6,0.015,0.001
1774254115.924306,28.622,-9999.000000,25.973881,26.0,19.2775,HIGH,0.6,0.015,0.001
1774254115.9873745,28.685,-9999.000000,25.978249,26.0,19.0116,HIGH,0.6,0.015,0.001
1774254116.0827928,28.781,-9999.000000,25.977057,26.0,19.0946,HIGH,0.6,0.015,0.001
1774254116.1621735,28.860,-9999.000000,25.981425,26.0,18.8280,HIGH,0.6,0.015,0.001
1774254116.246261,28.944,-9999.000000,25.982220,26.0,18.7870,HIGH,0.6,0.015,0.001
1774254116.3523223,29.050,-9999.000000,25.984205,26.0,18.6695,HIGH,0.6,0.015,0.001
1774254116.4163268,29.114,-9999.000000,25.989764,26.0,18.3301,HIGH,0.6,0.015,0.001
1774254116.496228,29.194,-9999.000000,25.980632,26.0,18.9005,HIGH,0.6,0.015,0.001
1774254116.591398,29.289,-9999.000000,25.986588,26.0,18.5274,HIGH,0.6,0.015,0.001
1774254116.6554315,29.353,-9999.000000,25.983808,26.0,18.7063,HIGH,0.6,0.015,0.001
1774254116.719425,29.417,-9999.000000,25.984604,26.0,18.6545,HIGH,0.6,0.015,0.001
1774254116.783155,29.481,-9999.000000,25.983412,26.0,18.7307,HIGH,0.6,0.015,0.001
1774254116.847942,29.546,-9999.000000,25.984205,26.0,18.6816,HIGH,0.6,0.015,0.001
1774254116.9256625,29.624,-9999.000000,25.985793,26.0,18.5871,HIGH,0.6,0.015,0.001
1774254117.0049856,29.703,-9999.000000,25.973089,26.0,19.3706,HIGH,0.6,0.015,0.001
1774254117.0999477,29.798,-9999.000000,25.987381,26.0,18.4838,HIGH,0.6,0.015,0.001
1774254117.179684,29.878,-9999.000000,26.000089,26.0,17.7204,HIGH,0.6,0.015,0.001
1774254117.258371,29.956,-9999.000000,25.995324,26.0,18.0289,HIGH,0.6,0.015,0.001
1774254117.3376882,30.036,-9999.000000,25.990560,26.0,18.3158,HIGH,0.6,0.015,0.001
1774254117.4178529,30.116,-9999.000000,25.986985,26.0,18.5303,HIGH,0.6,0.015,0.001
1774254117.4980967,30.196,-9999.000000,25.991353,26.0,18.2594,HIGH,0.6,0.015,0.001
1774254117.5777156,30.276,-9999.000000,25.985793,26.0,18.6071,HIGH,0.6,0.015,0.001
1774254117.6728935,30.371,-9999.000000,25.992544,26.0,18.1890,HIGH,0.6,0.015,0.001
1774254117.752195,30.450,-9999.000000,25.989764,26.0,18.3676,HIGH,0.6,0.015,0.001
1774254117.8634782,30.561,-9999.000000,25.993340,26.0,18.1475,HIGH,0.6,0.015,0.001
1774254117.927112,30.625,-9999.000000,25.990161,26.0,18.3474,HIGH,0.6,0.015,0.001
1774254118.0062377,30.704,-9999.000000,25.985793,26.0,18.6117,HIGH,0.6,0.015,0.001
1774254118.0861492,30.784,-9999.000000,25.985793,26.0,18.6079,HIGH,0.6,0.015,0.001
1774254118.1810524,30.879,-9999.000000,25.996516,26.0,17.9536,HIGH,0.6,0.015,0.001
1774254118.249953,30.948,-9999.000000,25.984604,26.0,18.6986,HIGH,0.6,0.015,0.001
1774254118.3244047,31.022,-9999.000000,25.985396,26.0,18.6343,HIGH,0.6,0.015,0.001
1774254118.4351475,31.133,-9999.000000,25.990560,26.0,18.3224,HIGH,0.6,0.015,0.001
1774254118.5146775,31.213,-9999.000000,25.988176,26.0,18.4745,HIGH,0.6,0.015,0.001
1774254118.59442,31.292,-9999.000000,25.990956,26.0,18.3023,HIGH,0.6,0.015,0.001
1774254118.706093,31.404,-9999.000000,25.986588,26.0,18.5741,HIGH,0.6,0.015,0.001
1774254118.7696016,31.467,-9999.000000,25.978249,26.0,19.0857,HIGH,0.6,0.015,0.001
1774254118.849298,31.547,-9999.000000,25.987381,26.0,18.5147,HIGH,0.6,0.015,0.001
1774254118.9509716,31.649,-9999.000000,25.986588,26.0,18.5766,HIGH,0.6,0.015,0.001
1774254119.0235462,31.721,-9999.000000,25.984604,26.0,18.6992,HIGH,0.6,0.015,0.001
1774254119.1183977,31.816,-9999.000000,25.984205,26.0,18.7231,HIGH,0.6,0.015,0.001
1774254119.1982865,31.896,-9999.000000,25.979837,26.0,18.9927,HIGH,0.6,0.015,0.001
1774254119.3098364,32.008,-9999.000000,25.980236,26.0,18.9662,HIGH,0.6,0.015,0.001
1774254119.3736353,32.072,-9999.000000,25.978648,26.0,19.0664,HIGH,0.6,0.015,0.001
1774254119.4533503,32.151,-9999.000000,25.976661,26.0,19.1884,HIGH,0.6,0.015,0.001
1774254119.5332253,32.231,-9999.000000,25.981824,26.0,18.8718,HIGH,0.6,0.015,0.001
1774254119.6443849,32.342,-9999.000000,25.977456,26.0,19.1480,HIGH,0.6,0.015,0.001
1774254119.7239628,32.422,-9999.000000,25.975073,26.0,19.2931,HIGH,0.6,0.015,0.001
1774254119.8195114,32.517,-9999.000000,25.977853,26.0,19.1236,HIGH,0.6,0.015,0.001
1774254119.8994186,32.597,-9999.000000,25.980236,26.0,18.9829,HIGH,0.6,0.015,0.001
1774254119.9630246,32.661,-9999.000000,25.975868,26.0,19.2571,HIGH,0.6,0.015,0.001
1774254120.0264893,32.724,-9999.000000,25.976265,26.0,19.2281,HIGH,0.6,0.015,0.001
1774254120.13748,32.835,-9999.000000,25.973089,26.0,19.4266,HIGH,0.6,0.015,0.001
1774254120.2167373,32.915,-9999.000000,25.967133,26.0,19.7925,HIGH,0.6,0.015,0.001
1774254120.32734,33.025,-9999.000000,25.982617,26.0,18.8448,HIGH,0.6,0.015,0.001
1774254120.4067438,33.105,-9999.000000,25.973485,26.0,19.4214,HIGH,0.6,0.015,0.001
1774254120.5181568,33.216,-9999.000000,25.983016,26.0,18.8323,HIGH,0.6,0.015,0.001
1774254120.5978274,33.296,-9999.000000,25.968721,26.0,19.7202,HIGH,0.6,0.015,0.001
1774254120.6776009,33.375,-9999.000000,25.973089,26.0,19.4380,HIGH,0.6,0.015,0.001
1774254120.788318,33.486,-9999.000000,25.971897,26.0,19.5207,HIGH,0.6,0.015,0.001
1774254120.883341,33.581,-9999.000000,25.975469,26.0,19.3050,HIGH,0.6,0.015,0.001
1774254120.9477687,33.646,-9999.000000,25.965146,26.0,19.9476,HIGH,0.6,0.015,0.001
1774254121.0110161,33.709,-9999.000000,25.963162,26.0,20.0572,HIGH,0.6,0.015,0.001
1774254121.0910149,33.789,-9999.000000,25.967926,26.0,19.7662,HIGH,0.6,0.015,0.001
1774254121.1702368,33.868,-9999.000000,25.964354,26.0,19.9952,HIGH,0.6,0.015,0.001
1774254121.254118,33.952,-9999.000000,25.965546,26.0,19.9221,HIGH,0.6,0.015,0.001
1774254121.329243,34.027,-9999.000000,25.964354,26.0,20.0006,HIGH,0.6,0.015,0.001
1774254121.4087563,34.107,-9999.000000,25.962370,26.0,20.1250,HIGH,0.6,0.015,0.001
1774254121.488593,34.186,-9999.000000,25.961971,26.0,20.1515,HIGH,0.6,0.015,0.001
1774254121.5994642,34.297,-9999.000000,25.965546,26.0,19.9391,HIGH,0.6,0.015,0.001
1774254121.663016,34.361,-9999.000000,25.951253,26.0,20.8270,HIGH,0.6,0.015,0.001
1774254121.758614,34.456,-9999.000000,25.962370,26.0,20.1312,HIGH,0.6,0.015,0.001
1774254121.8380003,34.536,-9999.000000,25.963559,26.0,20.0744,HIGH,0.6,0.015,0.001
1774254121.955268,34.653,-9999.000000,25.979837,26.0,19.0889,HIGH,0.6,0.015,0.001
1774254122.02883,34.727,-9999.000000,25.952048,26.0,20.8131,HIGH,0.6,0.015,0.001
1774254122.0924306,34.790,-9999.000000,25.974677,26.0,19.3845,HIGH,0.6,0.015,0.001
1774254122.1715965,34.869,-9999.000000,25.955620,26.0,20.5928,HIGH,0.6,0.015,0.001
1774254122.2829707,34.981,-9999.000000,25.961575,26.0,20.2125,HIGH,0.6,0.015,0.001
1774254122.361942,35.060,-9999.000000,25.962766,26.0,20.1493,HIGH,0.6,0.015,0.001
1774254122.457091,35.155,-9999.000000,25.959591,26.0,20.3504,HIGH,0.6,0.015,0.001
1774254122.536663,35.235,-9999.000000,25.955620,26.0,20.5956,HIGH,0.6,0.015,0.001
1774254122.6162505,35.314,-9999.000000,25.961178,26.0,20.2548,HIGH,0.6,0.015,0.001
1774254122.727235,35.425,-9999.000000,25.957604,26.0,20.4865,HIGH,0.6,0.015,0.001
1774254122.7911272,35.489,-9999.000000,25.959987,26.0,20.3404,HIGH,0.6,0.015,0.001
1774254122.8550487,35.553,-9999.000000,25.965146,26.0,20.0298,HIGH,0.6,0.015,0.001
1774254122.919399,35.617,-9999.000000,25.967133,26.0,19.9188,HIGH,0.6,0.015,0.001
1774254122.983056,35.681,-9999.000000,25.963162,26.0,20.1699,HIGH,0.6,0.015,0.001
1774254123.0570276,35.755,-9999.000000,25.959987,26.0,20.3629,HIGH,0.6,0.015,0.001
1774254123.1572568,35.855,-9999.000000,25.961575,26.0,20.2675,HIGH,0.6,0.015,0.001
1774254123.220926,35.919,-9999.000000,25.961575,26.0,20.2728,HIGH,0.6,0.015,0.001
1774254123.2844179,35.982,-9999.000000,25.976265,26.0,19.3705,HIGH,0.6,0.015,0.001
1774254123.3636327,36.062,-9999.000000,25.961178,26.0,20.3225,HIGH,0.6,0.015,0.001
1774254123.4436035,36.141,-9999.000000,25.954824,26.0,20.6980,HIGH,0.6,0.015,0.001
1774254123.5235302,36.221,-9999.000000,25.957604,26.0,20.5249,HIGH,0.6,0.015,0.001
1774254123.6030145,36.301,-9999.000000,25.966338,26.0,19.9974,HIGH,0.6,0.015,0.001
1774254123.6820621,36.380,-9999.000000,25.963559,26.0,20.1830,HIGH,0.6,0.015,0.001
1774254123.77761,36.475,-9999.000000,25.959591,26.0,20.4275,HIGH,0.6,0.015,0.001
1774254123.858911,36.557,-9999.000000,25.958399,26.0,20.5014,HIGH,0.6,0.015,0.001
1774254123.9358351,36.634,-9999.000000,25.961575,26.0,20.3097,HIGH,0.6,0.015,0.001
1774254124.0467575,36.745,-9999.000000,25.959987,26.0,20.4172,HIGH,0.6,0.015,0.001
1774254124.1105216,36.808,-9999.000000,25.942124,26.0,21.5211,HIGH,0.6,0.015,0.001
1774254124.190061,36.888,-9999.000000,25.961178,26.0,20.3304,HIGH,0.6,0.015,0.001
1774254124.2696295,36.968,-9999.000000,25.957604,26.0,20.5784,HIGH,0.6,0.015,0.001
1774254124.3593843,37.057,-9999.000000,25.956811,26.0,20.6282,HIGH,0.6,0.015,0.001
1774254124.4453409,37.143,-9999.000000,25.958795,26.0,20.5113,HIGH,0.6,0.015,0.001
1774254124.509215,37.207,-9999.000000,25.960383,26.0,20.4196,HIGH,0.6,0.015,0.001
1774254124.5726976,37.271,-9999.000000,25.961971,26.0,20.3280,HIGH,0.6,0.015,0.001
1774254124.667967,37.366,-9999.000000,25.962370,26.0,20.3115,HIGH,0.6,0.015,0.001
1774254124.7478354,37.446,-9999.000000,25.963162,26.0,20.2678,HIGH,0.6,0.015,0.001
1774254124.8603327,37.558,-9999.000000,25.957208,26.0,20.6386,HIGH,0.6,0.015,0.001
1774254124.9233503,37.621,-9999.000000,25.958399,26.0,20.5638,HIGH,0.6,0.015,0.001
1774254124.9872208,37.685,-9999.000000,25.956016,26.0,20.7166,HIGH,0.6,0.015,0.001
1774254125.0670302,37.765,-9999.000000,25.975868,26.0,19.4998,HIGH,0.6,0.015,0.001
1774254125.1785185,37.876,-9999.000000,25.973089,26.0,19.6984,HIGH,0.6,0.015,0.001
1774254125.2738397,37.972,-9999.000000,25.963958,26.0,20.2585,HIGH,0.6,0.015,0.001
1774254125.3532805,38.051,-9999.000000,25.955224,26.0,20.7893,HIGH,0.6,0.015,0.001
1774254125.4166024,38.114,-9999.000000,25.961178,26.0,20.4153,HIGH,0.6,0.015,0.001
1774254125.4958885,38.194,-9999.000000,25.960383,26.0,20.4782,HIGH,0.6,0.015,0.001
1774254125.5756106,38.273,-9999.000000,25.960383,26.0,20.4819,HIGH,0.6,0.015,0.001
1774254125.661727,38.360,-9999.000000,25.958003,26.0,20.6329,HIGH,0.6,0.015,0.001
1774254125.7343836,38.432,-9999.000000,25.959987,26.0,20.5127,HIGH,0.6,0.015,0.001
1774254125.8136604,38.512,-9999.000000,25.963958,26.0,20.2765,HIGH,0.6,0.015,0.001
1774254125.8931396,38.591,-9999.000000,25.965942,26.0,20.1640,HIGH,0.6,0.015,0.001
1774254125.9724398,38.670,-9999.000000,25.960779,26.0,20.4874,HIGH,0.6,0.015,0.001
1774254126.0519254,38.750,-9999.000000,25.962370,26.0,20.3880,HIGH,0.6,0.015,0.001
1774254126.1309934,38.829,-9999.000000,25.973485,26.0,19.7122,HIGH,0.6,0.015,0.001
1774254126.241878,38.940,-9999.000000,25.959987,26.0,20.5549,HIGH,0.6,0.015,0.001
1774254126.3367293,39.035,-9999.000000,25.963162,26.0,20.3541,HIGH,0.6,0.015,0.001
1774254126.4158463,39.114,-9999.000000,25.962766,26.0,20.3862,HIGH,0.6,0.015,0.001
1774254126.4790223,39.177,-9999.000000,25.962766,26.0,20.3892,HIGH,0.6,0.015,0.001
1774254126.5901635,39.288,-9999.000000,25.967133,26.0,20.1287,HIGH,0.6,0.015,0.001
1774254126.6697454,39.368,-9999.000000,25.965546,26.0,20.2340,HIGH,0.6,0.015,0.001
1774254126.7501066,39.448,-9999.000000,25.965942,26.0,20.2119,HIGH,0.6,0.015,0.001
1774254126.8642511,39.562,-9999.000000,25.967926,26.0,20.0971,HIGH,0.6,0.015,0.001
1774254126.9333768,39.631,-9999.000000,25.981425,26.0,19.2713,HIGH,0.6,0.015,0.001
1774254127.020583,39.718,-9999.000000,25.963162,26.0,20.4123,HIGH,0.6,0.015,0.001
1774254127.1002853,39.798,-9999.000000,25.970705,26.0,19.9328,HIGH,0.6,0.015,0.001
1774254127.1645815,39.862,-9999.000000,25.968325,26.0,20.0918,HIGH,0.6,0.015,0.001
1774254127.227533,39.925,-9999.000000,25.963162,26.0,20.4096,HIGH,0.6,0.015,0.001
1774254127.3074768,40.005,-9999.000000,25.967133,26.0,20.1621,HIGH,0.6,0.015,0.001
1774254127.4249582,40.123,-9999.000000,25.970309,26.0,19.9790,HIGH,0.6,0.015,0.001
1774254127.482565,40.180,-9999.000000,25.974280,26.0,19.7388,HIGH,0.6,0.015,0.001
1774254127.5653546,40.263,-9999.000000,25.969514,26.0,20.0412,HIGH,0.6,0.015,0.001
1774254127.665803,40.364,-9999.000000,25.971102,26.0,19.9430,HIGH,0.6,0.015,0.001
1774254127.7364705,40.434,-9999.000000,25.972293,26.0,19.8743,HIGH,0.6,0.015,0.001
1774254127.8157206,40.514,-9999.000000,25.973881,26.0,19.7818,HIGH,0.6,0.015,0.001
1774254127.9149826,40.613,-9999.000000,25.966734,26.0,20.2248,HIGH,0.6,0.015,0.001
1774254127.9746492,40.673,-9999.000000,25.968721,26.0,20.0978,HIGH,0.6,0.015,0.001
1774254128.053741,40.752,-9999.000000,25.968721,26.0,20.1049,HIGH,0.6,0.015,0.001
1774254128.1334465,40.831,-9999.000000,25.972693,26.0,19.8649,HIGH,0.6,0.015,0.001
1774254128.2132072,40.911,-9999.000000,25.974280,26.0,19.7757,HIGH,0.6,0.015,0.001
1774254128.2926786,40.991,-9999.000000,25.976661,26.0,19.6346,HIGH,0.6,0.015,0.001
1774254128.420258,41.118,-9999.000000,25.957604,26.0,20.8041,HIGH,0.6,0.015,0.001
1774254128.4837701,41.182,-9999.000000,25.973089,26.0,19.8383,HIGH,0.6,0.015,0.001
1774254128.5665936,41.264,-9999.000000,25.978249,26.0,19.5495,HIGH,0.6,0.015,0.001
1774254128.6741023,41.372,-9999.000000,25.981425,26.0,19.3652,HIGH,0.6,0.015,0.001
1774254128.7534535,41.451,-9999.000000,25.981824,26.0,19.3459,HIGH,0.6,0.015,0.001
1774254128.8482883,41.546,-9999.000000,25.974280,26.0,19.8106,HIGH,0.6,0.015,0.001
1774254128.9295282,41.627,-9999.000000,25.973881,26.0,19.8303,HIGH,0.6,0.015,0.001
1774254129.023762,41.722,-9999.000000,25.981824,26.0,19.3474,HIGH,0.6,0.015,0.001
1774254129.10303,41.801,-9999.000000,25.973089,26.0,19.8941,HIGH,0.6,0.015,0.001
1774254129.21412,41.912,-9999.000000,25.985396,26.0,19.1360,HIGH,0.6,0.015,0.001
1774254129.2773879,41.975,-9999.000000,25.979837,26.0,19.4914,HIGH,0.6,0.015,0.001
1774254129.3724174,42.070,-9999.000000,25.986985,26.0,19.0481,HIGH,0.6,0.015,0.001
1774254129.4686332,42.167,-9999.000000,25.983412,26.0,19.2760,HIGH,0.6,0.015,0.001
1774254129.5320246,42.230,-9999.000000,25.984205,26.0,19.2250,HIGH,0.6,0.015,0.001
1774254129.6114564,42.309,-9999.000000,25.985396,26.0,19.1550,HIGH,0.6,0.015,0.001
1774254129.7223294,42.420,-9999.000000,25.979441,26.0,19.5226,HIGH,0.6,0.015,0.001
1774254129.8020132,42.500,-9999.000000,25.984604,26.0,19.2028,HIGH,0.6,0.015,0.001
1774254129.88172,42.580,-9999.000000,25.986588,26.0,19.0894,HIGH,0.6,0.015,0.001
1774254129.9612353,42.659,-9999.000000,25.983412,26.0,19.2884,HIGH,0.6,0.015,0.001
1774254130.0402532,42.738,-9999.000000,25.985000,26.0,19.1889,HIGH,0.6,0.015,0.001
1774254130.1036842,42.802,-9999.000000,25.981029,26.0,19.4372,HIGH,0.6,0.015,0.001
1774254130.1983678,42.896,-9999.000000,25.981824,26.0,19.3850,HIGH,0.6,0.015,0.001
1774254130.2939212,42.992,-9999.000000,25.981029,26.0,19.4371,HIGH,0.6,0.015,0.001
1774254130.3731375,43.071,-9999.000000,25.982617,26.0,19.3411,HIGH,0.6,0.015,0.001
1774254130.4745753,43.172,-9999.000000,25.955620,26.0,20.9962,HIGH,0.6,0.015,0.001
1774254130.5314085,43.229,-9999.000000,25.984205,26.0,19.2056,HIGH,0.6,0.015,0.001
1774254130.6113577,43.309,-9999.000000,25.985000,26.0,19.2090,HIGH,0.6,0.015,0.001
1774254130.6905787,43.388,-9999.000000,25.989368,26.0,18.9436,HIGH,0.6,0.015,0.001
1774254130.7853131,43.483,-9999.000000,25.986588,26.0,19.1208,HIGH,0.6,0.015,0.001
1774254130.8713906,43.569,-9999.000000,25.989764,26.0,18.9249,HIGH,0.6,0.015,0.001
1774254130.9453232,43.643,-9999.000000,25.984205,26.0,19.2715,HIGH,0.6,0.015,0.001
1774254131.0406253,43.739,-9999.000000,25.992544,26.0,18.7559,HIGH,0.6,0.015,0.001
1774254131.1046882,43.803,-9999.000000,25.986588,26.0,19.1326,HIGH,0.6,0.015,0.001
1774254131.171806,43.870,-9999.000000,25.985000,26.0,19.2224,HIGH,0.6,0.015,0.001
1774254131.2317984,43.930,-9999.000000,25.990560,26.0,18.8781,HIGH,0.6,0.015,0.001
1774254131.2958379,43.994,-9999.000000,25.992148,26.0,18.7903,HIGH,0.6,0.015,0.001
1774254131.40667,44.105,-9999.000000,25.993340,26.0,18.7213,HIGH,0.6,0.015,0.001
1774254131.4857154,44.184,-9999.000000,25.992544,26.0,18.7720,HIGH,0.6,0.015,0.001
1774254131.565138,44.263,-9999.000000,25.990560,26.0,18.8937,HIGH,0.6,0.015,0.001
1774254131.6762958,44.374,-9999.000000,25.992148,26.0,18.7958,HIGH,0.6,0.015,0.001
1774254131.7397375,44.438,-9999.000000,25.986192,26.0,19.1653,HIGH,0.6,0.015,0.001
1774254131.8505013,44.548,-9999.000000,26.008031,26.0,17.8245,HIGH,0.6,0.015,0.001
1774254131.9613793,44.659,-9999.000000,25.998105,26.0,18.4491,HIGH,0.6,0.015,0.001
1774254132.0249245,44.723,-9999.000000,26.002473,26.0,18.1709,HIGH,0.6,0.015,0.001
1774254132.0887551,44.787,-9999.000000,26.004061,26.0,18.0796,HIGH,0.6,0.015,0.001
1774254132.1680777,44.866,-9999.000000,25.996516,26.0,18.5447,HIGH,0.6,0.015,0.001
1774254132.231747,44.930,-9999.000000,26.001281,26.0,18.2417,HIGH,0.6,0.015,0.001
1774254132.2953823,44.993,-9999.000000,26.000089,26.0,18.3226,HIGH,0.6,0.015,0.001
1774254132.3587308,45.057,-9999.000000,26.016768,26.0,17.2920,HIGH,0.6,0.015,0.001
1774254132.4745104,45.172,-9999.000000,26.004061,26.0,18.0911,HIGH,0.6,0.015,0.001
1774254132.5341942,45.232,-9999.000000,25.971102,26.0,20.1155,HIGH,0.6,0.015,0.001
1774254132.5979228,45.296,-9999.000000,25.996117,26.0,18.5204,HIGH,0.6,0.015,0.001
1774254132.6781166,45.376,-9999.000000,25.997705,26.0,18.4627,HIGH,0.6,0.015,0.001
1774254132.757897,45.456,-9999.000000,26.008031,26.0,17.8313,HIGH,0.6,0.015,0.001
1774254132.868827,45.567,-9999.000000,26.004061,26.0,18.0853,HIGH,0.6,0.015,0.001
1774254132.9319773,45.630,-9999.000000,25.998105,26.0,18.4487,HIGH,0.6,0.015,0.001
1774254132.996082,45.694,-9999.000000,25.998501,26.0,18.4150,HIGH,0.6,0.015,0.001
1774254133.075837,45.774,-9999.000000,25.999693,26.0,18.3427,HIGH,0.6,0.015,0.001
1774254133.1881106,45.886,-9999.000000,25.991749,26.0,18.8293,HIGH,0.6,0.015,0.001
1774254133.249554,45.947,-9999.000000,25.985396,26.0,19.2150,HIGH,0.6,0.015,0.001
1774254133.328463,46.026,-9999.000000,26.001677,26.0,18.2070,HIGH,0.6,0.015,0.001
1774254133.4391797,46.137,-9999.000000,26.004458,26.0,18.0575,HIGH,0.6,0.015,0.001
1774254133.487269,46.185,-9999.000000,25.999296,26.0,18.3805,HIGH,0.6,0.015,0.001
1774254133.5820115,46.280,-9999.000000,26.000485,26.0,18.2971,HIGH,0.6,0.015,0.001
1774254133.6934164,46.391,-9999.000000,26.001281,26.0,18.2497,HIGH,0.6,0.015,0.001
1774254133.75735,46.455,-9999.000000,26.004854,26.0,18.0300,HIGH,0.6,0.015,0.001
1774254133.8369532,46.535,-9999.000000,26.005253,26.0,18.0105,HIGH,0.6,0.015,0.001
1774254133.916272,46.614,-9999.000000,25.985396,26.0,19.2292,HIGH,0.6,0.015,0.001
1774254133.995494,46.693,-9999.000000,26.000885,26.0,18.2552,HIGH,0.6,0.015,0.001
1774254134.075163,46.773,-9999.000000,26.006046,26.0,17.9579,HIGH,0.6,0.015,0.001
1774254134.17799,46.876,-9999.000000,26.003266,26.0,18.1334,HIGH,0.6,0.015,0.001
1774254134.2498894,46.948,-9999.000000,26.021537,26.0,17.0067,HIGH,0.6,0.015,0.001
1774254134.3604624,47.058,-9999.000000,26.004458,26.0,18.0715,HIGH,0.6,0.015,0.001
1774254134.4237347,47.122,-9999.000000,26.006442,26.0,17.9332,HIGH,0.6,0.015,0.001
1774254134.502696,47.201,-9999.000000,26.004854,26.0,18.0331,HIGH,0.6,0.015,0.001
1774254134.5824335,47.280,-9999.000000,26.017564,26.0,17.2505,HIGH,0.6,0.015,0.001
1774254134.6943038,47.392,-9999.000000,26.005650,26.0,17.9910,HIGH,0.6,0.015,0.001
1774254134.7894382,47.487,-9999.000000,26.004061,26.0,18.0767,HIGH,0.6,0.015,0.001
1774254134.8689263,47.567,-9999.000000,25.999296,26.0,18.3670,HIGH,0.6,0.015,0.001
1774254134.9478707,47.646,-9999.000000,26.007634,26.0,17.8493,HIGH,0.6,0.015,0.001
1774254135.0432403,47.741,-9999.000000,25.991749,26.0,18.8308,HIGH,0.6,0.015,0.001
1774254135.1076107,47.805,-9999.000000,25.999693,26.0,18.3252,HIGH,0.6,0.015,0.001
1774254135.179008,47.877,-9999.000000,26.002074,26.0,18.1911,HIGH,0.6,0.015,0.001
1774254135.2662466,47.964,-9999.000000,26.008430,26.0,17.8047,HIGH,0.6,0.015,0.001
1774254135.3609912,48.059,-9999.000000,26.004458,26.0,18.0539,HIGH,0.6,0.015,0.001
1774254135.4408627,48.139,-9999.000000,26.006842,26.0,17.9028,HIGH,0.6,0.015,0.001
1774254135.5044734,48.202,-9999.000000,26.008430,26.0,17.8072,HIGH,0.6,0.015,0.001
1774254135.5683913,48.266,-9999.000000,26.009223,26.0,17.7600,HIGH,0.6,0.015,0.001
1774254135.6320016,48.330,-9999.000000,26.004458,26.0,18.0542,HIGH,0.6,0.015,0.001
1774254135.7274826,48.425,-9999.000000,26.005253,26.0,17.9974,HIGH,0.6,0.015,0.001
1774254135.807249,48.505,-9999.000000,26.006842,26.0,17.9002,HIGH,0.6,0.015,0.001
1774254135.8864443,48.584,-9999.000000,26.007238,26.0,17.8770,HIGH,0.6,0.015,0.001
1774254135.9825253,48.680,-9999.000000,26.009622,26.0,17.7306,HIGH,0.6,0.015,0.001
1774254136.0461938,48.744,-9999.000000,26.017960,26.0,17.2180,HIGH,0.6,0.015,0.001
1774254136.1099732,48.808,-9999.000000,26.006842,26.0,17.9150,HIGH,0.6,0.015,0.001
1774254136.1892629,48.887,-9999.000000,26.007634,26.0,17.8481,HIGH,0.6,0.015,0.001
1774254136.2688708,48.967,-9999.000000,26.011210,26.0,17.6287,HIGH,0.6,0.015,0.001
1774254136.3642676,49.062,-9999.000000,26.003266,26.0,18.1177,HIGH,0.6,0.015,0.001
1774254136.4297576,49.128,-9999.000000,26.004061,26.0,18.0600,HIGH,0.6,0.015,0.001
1774254136.4909732,49.189,-9999.000000,25.997309,26.0,18.4777,HIGH,0.6,0.015,0.001
1774254136.6022038,49.300,-9999.000000,26.006842,26.0,17.8850,HIGH,0.6,0.015,0.001
1774254136.6827528,49.381,-9999.000000,26.001677,26.0,18.2096,HIGH,0.6,0.015,0.001
1774254136.7610407,49.459,-9999.000000,26.014387,26.0,17.4227,HIGH,0.6,0.015,0.001
1774254136.8557658,49.554,-9999.000000,26.003266,26.0,18.1175,HIGH,0.6,0.015,0.001
1774254136.9418707,49.640,-9999.000000,25.975073,26.0,19.8333,HIGH,0.6,0.015,0.001
1774254137.047103,49.745,-9999.000000,26.005253,26.0,17.9602,HIGH,0.6,0.015,0.001
1774254137.1269445,49.825,-9999.000000,25.986588,26.0,19.1337,HIGH,0.6,0.015,0.001
1774254137.1909406,49.889,-9999.000000,26.003266,26.0,18.0833,HIGH,0.6,0.015,0.001
1774254137.2546492,49.953,-9999.000000,26.006442,26.0,17.9132,HIGH,0.6,0.015,0.001
1774254137.3180673,50.016,-9999.000000,26.007238,26.0,17.8685,HIGH,0.6,0.015,0.001
1774254137.3974671,50.095,-9999.000000,26.004061,26.0,18.0639,HIGH,0.6,0.015,0.001
1774254137.477237,50.175,-9999.000000,26.001677,26.0,18.2057,HIGH,0.6,0.015,0.001
1774254137.5410795,50.239,-9999.000000,26.004854,26.0,18.0067,HIGH,0.6,0.015,0.001
1774254137.6203914,50.318,-9999.000000,26.009622,26.0,17.7184,HIGH,0.6,0.015,0.001
1774254137.6999831,50.398,-9999.000000,26.008430,26.0,17.7964,HIGH,0.6,0.015,0.001
1774254137.811861,50.510,-9999.000000,26.006046,26.0,17.9391,HIGH,0.6,0.015,0.001
1774254137.8847008,50.583,-9999.000000,26.006442,26.0,17.9119,HIGH,0.6,0.015,0.001
1774254137.986281,50.684,-9999.000000,26.017564,26.0,17.2316,HIGH,0.6,0.015,0.001
1774254138.034258,50.732,-9999.000000,26.000885,26.0,18.2780,HIGH,0.6,0.015,0.001
1774254138.1137812,50.812,-9999.000000,26.005650,26.0,17.9506,HIGH,0.6,0.015,0.001
1774254138.1778567,50.876,-9999.000000,26.006046,26.0,17.9317,HIGH,0.6,0.015,0.001
1774254138.2574825,50.955,-9999.000000,26.006842,26.0,17.8827,HIGH,0.6,0.015,0.001
1774254138.3520224,51.050,-9999.000000,25.977456,26.0,19.6811,HIGH,0.6,0.015,0.001
1774254138.431659,51.130,-9999.000000,26.007238,26.0,17.8249,HIGH,0.6,0.015,0.001
1774254138.495069,51.193,-9999.000000,26.005253,26.0,17.9840,HIGH,0.6,0.015,0.001
1774254138.5742733,51.272,-9999.000000,26.004061,26.0,18.0534,HIGH,0.6,0.015,0.001
1774254138.6542084,51.352,-9999.000000,26.018357,26.0,17.1741,HIGH,0.6,0.015,0.001
1774254138.73321,51.431,-9999.000000,26.017564,26.0,17.2384,HIGH,0.6,0.015,0.001
1774254138.8132024,51.511,-9999.000000,26.012003,26.0,17.5766,HIGH,0.6,0.015,0.001
1774254138.9397593,51.638,-9999.000000,26.022726,26.0,16.9135,HIGH,0.6,0.015,0.001
1774254139.0035222,51.701,-9999.000000,26.002473,26.0,18.1687,HIGH,0.6,0.015,0.001
1774254139.0676134,51.765,-9999.000000,26.004061,26.0,18.0387,HIGH,0.6,0.015,0.001
1774254139.1309333,51.829,-9999.000000,26.005253,26.0,17.9673,HIGH,0.6,0.015,0.001
1774254139.2101953,51.908,-9999.000000,26.000089,26.0,18.2856,HIGH,0.6,0.015,0.001
1774254139.3214214,52.019,-9999.000000,26.005253,26.0,17.9637,HIGH,0.6,0.015,0.001
1774254139.400772,52.099,-9999.000000,26.004061,26.0,18.0409,HIGH,0.6,0.015,0.001
1774254139.49645,52.194,-9999.000000,26.013591,26.0,17.4556,HIGH,0.6,0.015,0.001
1774254139.5598874,52.258,-9999.000000,26.005650,26.0,17.9541,HIGH,0.6,0.015,0.001
1774254139.6397297,52.338,-9999.000000,26.004458,26.0,18.0140,HIGH,0.6,0.015,0.001
1774254139.7500052,52.448,-9999.000000,26.002869,26.0,18.1088,HIGH,0.6,0.015,0.001
1774254139.8135846,52.511,-9999.000000,26.001281,26.0,18.2050,HIGH,0.6,0.015,0.001
1774254139.8870697,52.585,-9999.000000,26.007634,26.0,17.8119,HIGH,0.6,0.015,0.001
1774254139.9564214,52.654,-9999.000000,26.002869,26.0,18.1130,HIGH,0.6,0.015,0.001
1774254140.035834,52.734,-9999.000000,26.022329,26.0,16.9113,HIGH,0.6,0.015,0.001
1774254140.1478388,52.846,-9999.000000,26.000885,26.0,18.2415,HIGH,0.6,0.015,0.001
1774254140.2433872,52.941,-9999.000000,26.001281,26.0,18.1980,HIGH,0.6,0.015,0.001
1774254140.3068833,53.005,-9999.000000,25.998501,26.0,18.3697,HIGH,0.6,0.015,0.001
1774254140.3876014,53.085,-9999.000000,25.999296,26.0,18.3167,HIGH,0.6,0.015,0.001
1774254140.4499502,53.148,-9999.000000,26.006442,26.0,17.8769,HIGH,0.6,0.015,0.001
1774254140.5644038,53.262,-9999.000000,25.998501,26.0,18.3720,HIGH,0.6,0.015,0.001
1774254140.6243994,53.322,-9999.000000,25.987381,26.0,19.0520,HIGH,0.6,0.015,0.001
1774254140.7039292,53.402,-9999.000000,25.998897,26.0,18.3281,HIGH,0.6,0.015,0.001
1774254140.767576,53.465,-9999.000000,26.001281,26.0,18.1957,HIGH,0.6,0.015,0.001
1774254140.8791924,53.577,-9999.000000,25.996913,26.0,18.4660,HIGH,0.6,0.015,0.001
1774254140.942805,53.641,-9999.000000,25.999296,26.0,18.3154,HIGH,0.6,0.015,0.001
1774254141.0062022,53.704,-9999.000000,25.999296,26.0,18.3192,HIGH,0.6,0.015,0.001
1774254141.0885088,53.786,-9999.000000,26.001677,26.0,18.1732,HIGH,0.6,0.015,0.001
1774254141.1650867,53.863,-9999.000000,25.989764,26.0,18.9076,HIGH,0.6,0.015,0.001
1774254141.2606552,53.959,-9999.000000,25.997705,26.0,18.4076,HIGH,0.6,0.015,0.001
1774254141.3250093,54.023,-9999.000000,26.003662,26.0,18.0489,HIGH,0.6,0.015,0.001
1774254141.388824,54.087,-9999.000000,25.999296,26.0,18.3270,HIGH,0.6,0.015,0.001
1774254141.467516,54.165,-9999.000000,26.000885,26.0,18.2228,HIGH,0.6,0.015,0.001
1774254141.546959,54.245,-9999.000000,25.998105,26.0,18.3953,HIGH,0.6,0.015,0.001
1774254141.6578617,54.356,-9999.000000,26.000885,26.0,18.2224,HIGH,0.6,0.015,0.001
1774254141.7054298,54.403,-9999.000000,25.996913,26.0,18.4718,HIGH,0.6,0.015,0.001
1774254141.7895982,54.487,-9999.000000,26.000485,26.0,18.2447,HIGH,0.6,0.015,0.001
1774254141.8644595,54.562,-9999.000000,25.999296,26.0,18.3220,HIGH,0.6,0.015,0.001
1774254141.9664898,54.664,-9999.000000,26.000885,26.0,18.2234,HIGH,0.6,0.015,0.001
1774254142.0230954,54.721,-9999.000000,25.999693,26.0,18.2986,HIGH,0.6,0.015,0.001
1774254142.1026654,54.801,-9999.000000,26.001677,26.0,18.1747,HIGH,0.6,0.015,0.001
1774254142.18227,54.880,-9999.000000,25.997705,26.0,18.4208,HIGH,0.6,0.015,0.001
1774254142.2774103,54.975,-9999.000000,26.000485,26.0,18.2460,HIGH,0.6,0.015,0.001
1774254142.3573427,55.055,-9999.000000,26.001677,26.0,18.1757,HIGH,0.6,0.015,0.001
1774254142.4372447,55.135,-9999.000000,26.000485,26.0,18.2502,HIGH,0.6,0.015,0.001
1774254142.5323515,55.230,-9999.000000,26.000485,26.0,18.2486,HIGH,0.6,0.015,0.001
1774254142.5956347,55.294,-9999.000000,25.988176,26.0,19.0077,HIGH,0.6,0.015,0.001
1774254142.675202,55.373,-9999.000000,25.994133,26.0,18.6241,HIGH,0.6,0.015,0.001
1774254142.7387245,55.437,-9999.000000,26.003266,26.0,18.0689,HIGH,0.6,0.015,0.001
1774254142.7907374,55.489,-9999.000000,25.999296,26.0,18.3292,HIGH,0.6,0.015,0.001
1774254142.849658,55.548,-9999.000000,25.996117,26.0,18.5180,HIGH,0.6,0.015,0.001
1774254142.913604,55.611,-9999.000000,26.000089,26.0,18.2681,HIGH,0.6,0.015,0.001
1774254142.9775681,55.675,-9999.000000,25.997309,26.0,18.4457,HIGH,0.6,0.015,0.001
1774254143.0417235,55.740,-9999.000000,26.010415,26.0,17.6336,HIGH,0.6,0.015,0.001
1774254143.1057549,55.804,-9999.000000,26.005253,26.0,17.9713,HIGH,0.6,0.015,0.001
1774254143.169209,55.867,-9999.000000,26.001677,26.0,18.1832,HIGH,0.6,0.015,0.001
1774254143.2485654,55.946,-9999.000000,26.002074,26.0,18.1531,HIGH,0.6,0.015,0.001
1774254143.344434,56.042,-9999.000000,26.005650,26.0,17.9345,HIGH,0.6,0.015,0.001
1774254143.4391472,56.137,-9999.000000,25.977057,26.0,19.6872,HIGH,0.6,0.015,0.001
1774254143.5187252,56.217,-9999.000000,26.009223,26.0,17.6856,HIGH,0.6,0.015,0.001
1774254143.5918412,56.290,-9999.000000,26.017168,26.0,17.2365,HIGH,0.6,0.015,0.001
1774254143.6621766,56.360,-9999.000000,26.004854,26.0,18.0032,HIGH,0.6,0.015,0.001
1774254143.7259688,56.424,-9999.000000,26.003662,26.0,18.0587,HIGH,0.6,0.015,0.001
1774254143.7922106,56.490,-9999.000000,26.000089,26.0,18.2766,HIGH,0.6,0.015,0.001
1774254143.9009378,56.599,-9999.000000,26.006842,26.0,17.8588,HIGH,0.6,0.015,0.001
1774254143.964122,56.662,-9999.000000,26.006842,26.0,17.8643,HIGH,0.6,0.015,0.001
1774254144.02805,56.726,-9999.000000,26.006842,26.0,17.8637,HIGH,0.6,0.015,0.001
1774254144.1076043,56.805,-9999.000000,26.003662,26.0,18.0580,HIGH,0.6,0.015,0.001
1774254144.1873171,56.885,-9999.000000,26.004854,26.0,17.9804,HIGH,0.6,0.015,0.001
1774254144.2980714,56.996,-9999.000000,26.002869,26.0,18.1023,HIGH,0.6,0.015,0.001
1774254144.3615265,57.059,-9999.000000,26.007634,26.0,17.8064,HIGH,0.6,0.015,0.001
1774254144.4398887,57.138,-9999.000000,26.002869,26.0,18.1055,HIGH,0.6,0.015,0.001
1774254144.53502,57.233,-9999.000000,26.008430,26.0,17.7588,HIGH,0.6,0.015,0.001
1774254144.5986032,57.296,-9999.000000,26.010415,26.0,17.6414,HIGH,0.6,0.015,0.001
1774254144.66181,57.360,-9999.000000,26.010018,26.0,17.6680,HIGH,0.6,0.015,0.001
1774254144.7407436,57.439,-9999.000000,26.012003,26.0,17.5443,HIGH,0.6,0.015,0.001
1774254144.8045332,57.502,-9999.000000,26.009223,26.0,17.7172,HIGH,0.6,0.015,0.001
1774254144.8837037,57.582,-9999.000000,26.010018,26.0,17.6629,HIGH,0.6,0.015,0.001
1774254144.9945698,57.692,-9999.000000,26.027494,26.0,16.5950,HIGH,0.6,0.015,0.001
1774254145.0584211,57.756,-9999.000000,26.008031,26.0,17.8083,HIGH,0.6,0.015,0.001
1774254145.138657,57.837,-9999.000000,26.022726,26.0,16.8750,HIGH,0.6,0.015,0.001
1774254145.2340887,57.932,-9999.000000,26.010018,26.0,17.6677,HIGH,0.6,0.015,0.001
1774254145.2980597,57.996,-9999.000000,26.013195,26.0,17.4575,HIGH,0.6,0.015,0.001
1774254145.3778741,58.076,-9999.000000,26.017168,26.0,17.2171,HIGH,0.6,0.015,0.001
1774254145.4578307,58.156,-9999.000000,26.013591,26.0,17.4395,HIGH,0.6,0.015,0.001
1774254145.5692484,58.267,-9999.000000,26.017168,26.0,17.2144,HIGH,0.6,0.015,0.001
1774254145.6638653,58.362,-9999.000000,26.017168,26.0,17.2151,HIGH,0.6,0.015,0.001
1774254145.7431843,58.441,-9999.000000,26.006442,26.0,17.8714,HIGH,0.6,0.015,0.001
1774254145.8230977,58.521,-9999.000000,26.017564,26.0,17.1746,HIGH,0.6,0.015,0.001
1774254145.9256177,58.623,-9999.000000,26.013195,26.0,17.4529,HIGH,0.6,0.015,0.001
1774254145.9976778,58.696,-9999.000000,26.011607,26.0,17.5448,HIGH,0.6,0.015,0.001
1774254146.07727,58.775,-9999.000000,26.017168,26.0,17.2000,HIGH,0.6,0.015,0.001
1774254146.1731033,58.871,-9999.000000,26.013591,26.0,17.4233,HIGH,0.6,0.015,0.001
1774254146.2362742,58.934,-9999.000000,26.016372,26.0,17.2468,HIGH,0.6,0.015,0.001
1774254146.316021,59.014,-9999.000000,26.017564,26.0,17.1761,HIGH,0.6,0.015,0.001
1774254146.3961754,59.094,-9999.000000,26.012399,26.0,17.4924,HIGH,0.6,0.015,0.001
1774254146.496373,59.194,-9999.000000,26.014783,26.0,17.3383,HIGH,0.6,0.015,0.001
1774254146.554523,59.252,-9999.000000,26.017564,26.0,17.1675,HIGH,0.6,0.015,0.001
1774254146.6183803,59.316,-9999.000000,26.017564,26.0,17.1706,HIGH,0.6,0.015,0.001
1774254146.6817696,59.380,-9999.000000,25.990956,26.0,18.8099,HIGH,0.6,0.015,0.001
1774254146.7617426,59.460,-9999.000000,26.015180,26.0,17.2824,HIGH,0.6,0.015,0.001
1774254146.8254452,59.523,-9999.000000,26.015180,26.0,17.3113,HIGH,0.6,0.015,0.001
1774254146.88887,59.587,-9999.000000,26.019549,26.0,17.0404,HIGH,0.6,0.015,0.001
1774254146.9520266,59.650,-9999.000000,26.015579,26.0,17.2902,HIGH,0.6,0.015,0.001
1774254147.0156102,59.713,-9999.000000,26.013195,26.0,17.4295,HIGH,0.6,0.015,0.001
1774254147.0794637,59.777,-9999.000000,26.014387,26.0,17.3510,HIGH,0.6,0.015,0.001
1774254147.12759,59.825,-9999.000000,26.021137,26.0,16.9323,HIGH,0.6,0.015,0.001
1774254147.1967716,59.895,-9999.000000,26.015579,26.0,17.2862,HIGH,0.6,0.015,0.001
1774254147.2546868,59.953,-9999.000000,26.013195,26.0,17.4242,HIGH,0.6,0.015,0.001
1774254147.318272,60.016,-9999.000000,26.016372,26.0,17.2229,HIGH,0.6,0.015,0.001
1774254147.3818107,60.080,-9999.000000,26.017168,26.0,17.1773,HIGH,0.6,0.015,0.001
1774254147.4447403,60.143,-9999.000000,26.019948,26.0,17.0054,HIGH,0.6,0.015,0.001
1774254147.555773,60.254,-9999.000000,26.020345,26.0,16.9823,HIGH,0.6,0.015,0.001
1774254147.619828,60.318,-9999.000000,26.014387,26.0,17.3480,HIGH,0.6,0.015,0.001
1774254147.69926,60.397,-9999.000000,26.015976,26.0,17.2395,HIGH,0.6,0.015,0.001
1774254147.8103745,60.508,-9999.000000,26.013591,26.0,17.3844,HIGH,0.6,0.015,0.001
1774254147.8741143,60.572,-9999.000000,26.012003,26.0,17.4789,HIGH,0.6,0.015,0.001
1774254147.9535434,60.651,-9999.000000,26.017960,26.0,17.1094,HIGH,0.6,0.015,0.001
1774254148.0175042,60.715,-9999.000000,26.012399,26.0,17.4580,HIGH,0.6,0.015,0.001
1774254148.1286902,60.827,-9999.000000,26.011607,26.0,17.4957,HIGH,0.6,0.015,0.001
1774254148.1982172,60.896,-9999.000000,26.011210,26.0,17.5181,HIGH,0.6,0.015,0.001
1774254148.2718525,60.970,-9999.000000,26.012003,26.0,17.4676,HIGH,0.6,0.015,0.001
1774254148.3672156,61.065,-9999.000000,26.011607,26.0,17.4912,HIGH,0.6,0.015,0.001
1774254148.4462562,61.144,-9999.000000,26.010018,26.0,17.5869,HIGH,0.6,0.015,0.001
1774254148.525399,61.223,-9999.000000,26.018357,26.0,17.0719,HIGH,0.6,0.015,0.001
1774254148.6047344,61.303,-9999.000000,26.029083,26.0,16.4219,HIGH,0.6,0.015,0.001
1774254148.7163725,61.414,-9999.000000,26.013195,26.0,17.4007,HIGH,0.6,0.015,0.001
1774254148.779872,61.478,-9999.000000,26.017564,26.0,17.1158,HIGH,0.6,0.015,0.001
1774254148.8914454,61.589,-9999.000000,26.011210,26.0,17.5077,HIGH,0.6,0.015,0.001
1774254148.9549844,61.653,-9999.000000,26.012399,26.0,17.4276,HIGH,0.6,0.015,0.001
1774254149.0341375,61.732,-9999.000000,26.008430,26.0,17.6717,HIGH,0.6,0.015,0.001
1774254149.098864,61.797,-9999.000000,26.008826,26.0,17.6414,HIGH,0.6,0.015,0.001
1774254149.161069,61.859,-9999.000000,26.013591,26.0,17.3472,HIGH,0.6,0.015,0.001
1774254149.2567163,61.955,-9999.000000,26.012399,26.0,17.4258,HIGH,0.6,0.015,0.001
1774254149.3211267,62.019,-9999.000000,26.013591,26.0,17.3499,HIGH,0.6,0.015,0.001
1774254149.3851008,62.083,-9999.000000,26.014783,26.0,17.2769,HIGH,0.6,0.015,0.001
1774254149.4480956,62.146,-9999.000000,26.013195,26.0,17.3754,HIGH,0.6,0.015,0.001
1774254149.5278149,62.226,-9999.000000,26.010415,26.0,17.5419,HIGH,0.6,0.015,0.001
1774254149.607311,62.305,-9999.000000,26.013591,26.0,17.3422,HIGH,0.6,0.015,0.001
1774254149.702841,62.401,-9999.000000,26.010811,26.0,17.5144,HIGH,0.6,0.015,0.001
1774254149.766725,62.465,-9999.000000,26.015579,26.0,17.2164,HIGH,0.6,0.015,0.001
1774254149.830542,62.528,-9999.000000,26.010018,26.0,17.5653,HIGH,0.6,0.015,0.001
1774254149.8945518,62.592,-9999.000000,26.012799,26.0,17.3842,HIGH,0.6,0.015,0.001
1774254149.9426935,62.641,-9999.000000,26.013591,26.0,17.3383,HIGH,0.6,0.015,0.001
1774254150.0064461,62.704,-9999.000000,26.009622,26.0,17.5835,HIGH,0.6,0.015,0.001
1774254150.07003,62.768,-9999.000000,26.013591,26.0,17.3315,HIGH,0.6,0.015,0.001
1774254150.149303,62.847,-9999.000000,26.015976,26.0,17.1898,HIGH,0.6,0.015,0.001
1774254150.228974,62.927,-9999.000000,26.013988,26.0,17.3129,HIGH,0.6,0.015,0.001
1774254150.3238144,63.022,-9999.000000,26.014783,26.0,17.2597,HIGH,0.6,0.015,0.001
1774254150.4028974,63.101,-9999.000000,26.013988,26.0,17.3077,HIGH,0.6,0.015,0.001
1774254150.4733703,63.171,-9999.000000,26.013988,26.0,17.3052,HIGH,0.6,0.015,0.001
1774254150.5308416,63.229,-9999.000000,26.014783,26.0,17.2548,HIGH,0.6,0.015,0.001
1774254150.6422606,63.340,-9999.000000,26.005650,26.0,17.8114,HIGH,0.6,0.015,0.001
1774254150.7220383,63.420,-9999.000000,26.009223,26.0,17.5833,HIGH,0.6,0.015,0.001
1774254150.7857523,63.484,-9999.000000,26.012003,26.0,17.4154,HIGH,0.6,0.015,0.001
1774254150.8650115,63.563,-9999.000000,26.007634,26.0,17.6865,HIGH,0.6,0.015,0.001
1774254150.9609413,63.659,-9999.000000,26.011210,26.0,17.4611,HIGH,0.6,0.015,0.001
1774254151.0251362,63.723,-9999.000000,26.008826,26.0,17.6107,HIGH,0.6,0.015,0.001
1774254151.101596,63.799,-9999.000000,26.004854,26.0,17.8500,HIGH,0.6,0.015,0.001
1774254151.1837206,63.882,-9999.000000,26.009223,26.0,17.5762,HIGH,0.6,0.015,0.001
1774254151.2796066,63.977,-9999.000000,26.011607,26.0,17.4344,HIGH,0.6,0.015,0.001
1774254151.3590136,64.057,-9999.000000,26.011607,26.0,17.4355,HIGH,0.6,0.015,0.001
1774254151.4385734,64.136,-9999.000000,26.012003,26.0,17.4097,HIGH,0.6,0.015,0.001
1774254151.5337443,64.232,-9999.000000,26.013195,26.0,17.3356,HIGH,0.6,0.015,0.001
1774254151.6017175,64.300,-9999.000000,26.013195,26.0,17.3355,HIGH,0.6,0.015,0.001
1774254151.6765556,64.374,-9999.000000,26.018357,26.0,17.0168,HIGH,0.6,0.015,0.001
1774254151.7873216,64.485,-9999.000000,26.014387,26.0,17.2631,HIGH,0.6,0.015,0.001
1774254151.8508396,64.549,-9999.000000,26.013195,26.0,17.3317,HIGH,0.6,0.015,0.001
1774254151.9301648,64.628,-9999.000000,26.012799,26.0,17.3525,HIGH,0.6,0.015,0.001
1774254151.993799,64.692,-9999.000000,26.011210,26.0,17.4488,HIGH,0.6,0.015,0.001
1774254152.0733185,64.771,-9999.000000,26.012799,26.0,17.3474,HIGH,0.6,0.015,0.001
1774254152.1684775,64.866,-9999.000000,26.010415,26.0,17.4935,HIGH,0.6,0.015,0.001
1774254152.248064,64.946,-9999.000000,26.019549,26.0,16.9291,HIGH,0.6,0.015,0.001
1774254152.3272674,65.025,-9999.000000,26.018357,26.0,17.0115,HIGH,0.6,0.015,0.001
1774254152.422538,65.120,-9999.000000,26.010811,26.0,17.4691,HIGH,0.6,0.015,0.001
1774254152.494991,65.193,-9999.000000,26.013195,26.0,17.3134,HIGH,0.6,0.015,0.001
1774254152.5503793,65.248,-9999.000000,26.002074,26.0,18.0039,HIGH,0.6,0.015,0.001
1774254152.6298254,65.328,-9999.000000,26.014783,26.0,17.2034,HIGH,0.6,0.015,0.001
1774254152.7408288,65.439,-9999.000000,26.001281,26.0,18.0415,HIGH,0.6,0.015,0.001
1774254152.8045788,65.502,-9999.000000,26.010415,26.0,17.4660,HIGH,0.6,0.015,0.001
1774254152.9153104,65.613,-9999.000000,26.012399,26.0,17.3574,HIGH,0.6,0.015,0.001
1774254152.9791312,65.677,-9999.000000,26.010811,26.0,17.4560,HIGH,0.6,0.015,0.001
1774254153.0426319,65.741,-9999.000000,26.011210,26.0,17.4278,HIGH,0.6,0.015,0.001
1774254153.1221051,65.820,-9999.000000,26.017564,26.0,17.0372,HIGH,0.6,0.015,0.001
1774254153.2044134,65.902,-9999.000000,26.014783,26.0,17.2135,HIGH,0.6,0.015,0.001
1774254153.3049052,66.003,-9999.000000,26.015579,26.0,17.1593,HIGH,0.6,0.015,0.001
1774254153.3608112,66.059,-9999.000000,26.011210,26.0,17.4291,HIGH,0.6,0.015,0.001
1774254153.4240046,66.122,-9999.000000,26.013988,26.0,17.2489,HIGH,0.6,0.015,0.001
1774254153.5053172,66.203,-9999.000000,26.010018,26.0,17.4951,HIGH,0.6,0.015,0.001
1774254153.5824068,66.280,-9999.000000,26.000485,26.0,18.0745,HIGH,0.6,0.015,0.001
1774254153.6779757,66.376,-9999.000000,26.016372,26.0,17.0900,HIGH,0.6,0.015,0.001
1774254153.741315,66.439,-9999.000000,26.009223,26.0,17.5460,HIGH,0.6,0.015,0.001
1774254153.820474,66.518,-9999.000000,26.013591,26.0,17.2654,HIGH,0.6,0.015,0.001
1774254153.9157035,66.614,-9999.000000,26.017564,26.0,17.0259,HIGH,0.6,0.015,0.001
1774254153.9794815,66.677,-9999.000000,26.010811,26.0,17.4448,HIGH,0.6,0.015,0.001
1774254154.059026,66.757,-9999.000000,26.013195,26.0,17.2866,HIGH,0.6,0.015,0.001
1774254154.138773,66.837,-9999.000000,26.013591,26.0,17.2637,HIGH,0.6,0.015,0.001
1774254154.2491682,66.947,-9999.000000,26.018357,26.0,16.9709,HIGH,0.6,0.015,0.001
1774254154.3124566,67.010,-9999.000000,26.002473,26.0,17.9531,HIGH,0.6,0.015,0.001
1774254154.4240313,67.122,-9999.000000,26.018357,26.0,16.9577,HIGH,0.6,0.015,0.001
1774254154.493491,67.191,-9999.000000,26.013195,26.0,17.2877,HIGH,0.6,0.015,0.001
1774254154.5509133,67.249,-9999.000000,26.013988,26.0,17.2301,HIGH,0.6,0.015,0.001
1774254154.6300714,67.328,-9999.000000,26.017960,26.0,16.9860,HIGH,0.6,0.015,0.001
1774254154.7415767,67.439,-9999.000000,26.017960,26.0,16.9880,HIGH,0.6,0.015,0.001
1774254154.7894425,67.487,-9999.000000,26.012399,26.0,17.3324,HIGH,0.6,0.015,0.001
1774254154.8535793,67.551,-9999.000000,26.017168,26.0,17.0256,HIGH,0.6,0.015,0.001
1774254154.9176056,67.615,-9999.000000,26.005253,26.0,17.7660,HIGH,0.6,0.015,0.001
1774254154.9818342,67.680,-9999.000000,26.009622,26.0,17.4775,HIGH,0.6,0.015,0.001
1774254155.0452976,67.743,-9999.000000,26.012003,26.0,17.3366,HIGH,0.6,0.015,0.001
1774254155.1090953,67.807,-9999.000000,26.011607,26.0,17.3636,HIGH,0.6,0.015,0.001
1774254155.1885097,67.886,-9999.000000,26.015976,26.0,17.0935,HIGH,0.6,0.015,0.001
1774254155.2992365,67.997,-9999.000000,26.006046,26.0,17.7027,HIGH,0.6,0.015,0.001
1774254155.3785596,68.076,-9999.000000,26.020345,26.0,16.8154,HIGH,0.6,0.015,0.001
1774254155.45787,68.156,-9999.000000,26.017168,26.0,17.0260,HIGH,0.6,0.015,0.001
1774254155.5532906,68.251,-9999.000000,26.012003,26.0,17.3355,HIGH,0.6,0.015,0.001
1774254155.6650712,68.363,-9999.000000,26.012399,26.0,17.3039,HIGH,0.6,0.015,0.001
1774254155.7282698,68.426,-9999.000000,26.018756,26.0,16.9110,HIGH,0.6,0.015,0.001
1774254155.7915332,68.489,-9999.000000,26.030672,26.0,16.1844,HIGH,0.6,0.015,0.001
1774254155.870545,68.568,-9999.000000,26.022329,26.0,16.7117,HIGH,0.6,0.015,0.001
1774254155.9901154,68.688,-9999.000000,26.016372,26.0,17.0606,HIGH,0.6,0.015,0.001
1774254156.0460014,68.744,-9999.000000,26.014387,26.0,17.1771,HIGH,0.6,0.015,0.001
1774254156.1255217,68.823,-9999.000000,26.022329,26.0,16.6843,HIGH,0.6,0.015,0.001
1774254156.2098231,68.908,-9999.000000,26.017960,26.0,16.9594,HIGH,0.6,0.015,0.001
1774254156.3153944,69.013,-9999.000000,26.012399,26.0,17.2912,HIGH,0.6,0.015,0.001
1774254156.3949823,69.093,-9999.000000,26.017168,26.0,16.9918,HIGH,0.6,0.015,0.001
1774254156.5103035,69.208,-9999.000000,26.015180,26.0,17.1161,HIGH,0.6,0.015,0.001
1774254156.585078,69.283,-9999.000000,26.010018,26.0,17.4299,HIGH,0.6,0.015,0.001
1774254156.6649942,69.363,-9999.000000,26.010415,26.0,17.3974,HIGH,0.6,0.015,0.001
1774254156.7287576,69.427,-9999.000000,26.017960,26.0,16.9316,HIGH,0.6,0.015,0.001
1774254156.8107238,69.509,-9999.000000,26.010415,26.0,17.4041,HIGH,0.6,0.015,0.001
1774254156.9189014,69.617,-9999.000000,26.016372,26.0,17.0293,HIGH,0.6,0.015,0.001
1774254156.993956,69.692,-9999.000000,26.023918,26.0,16.5693,HIGH,0.6,0.015,0.001
1774254157.0618496,69.760,-9999.000000,26.016372,26.0,17.0416,HIGH,0.6,0.015,0.001
1774254157.140772,69.839,-9999.000000,26.017168,26.0,16.9797,HIGH,0.6,0.015,0.001
1774254157.2196772,69.918,-9999.000000,26.013591,26.0,17.1982,HIGH,0.6,0.015,0.001
1774254157.3116963,70.010,-9999.000000,26.017168,26.0,16.9728,HIGH,0.6,0.015,0.001
1774254157.3783584,70.076,-9999.000000,26.012003,26.0,17.2932,HIGH,0.6,0.015,0.001
1774254157.4579563,70.156,-9999.000000,26.014783,26.0,17.1133,HIGH,0.6,0.015,0.001
1774254157.536896,70.235,-9999.000000,26.000885,26.0,17.9682,HIGH,0.6,0.015,0.001
1774254157.6325352,70.330,-9999.000000,26.013591,26.0,17.1730,HIGH,0.6,0.015,0.001
1774254157.7122066,70.410,-9999.000000,26.013591,26.0,17.1847,HIGH,0.6,0.015,0.001
1774254157.816266,70.514,-9999.000000,26.012003,26.0,17.2796,HIGH,0.6,0.015,0.001
1774254157.8702269,70.568,-9999.000000,26.019152,26.0,16.8343,HIGH,0.6,0.015,0.001
1774254157.9335563,70.631,-9999.000000,26.017564,26.0,16.9437,HIGH,0.6,0.015,0.001
1774254157.9972513,70.695,-9999.000000,26.017564,26.0,16.9395,HIGH,0.6,0.015,0.001
1774254158.076192,70.774,-9999.000000,26.032657,26.0,16.0110,HIGH,0.6,0.015,0.001
1774254158.156311,70.854,-9999.000000,26.021537,26.0,16.7086,HIGH,0.6,0.015,0.001
1774254158.2671258,70.965,-9999.000000,26.028684,26.0,16.2547,HIGH,0.6,0.015,0.001
1774254158.347022,71.045,-9999.000000,26.020741,26.0,16.7451,HIGH,0.6,0.015,0.001
1774254158.4583788,71.156,-9999.000000,26.017960,26.0,16.9015,HIGH,0.6,0.015,0.001
1774254158.5377572,71.236,-9999.000000,26.016768,26.0,16.9701,HIGH,0.6,0.015,0.001
1774254158.6490958,71.347,-9999.000000,26.017960,26.0,16.8930,HIGH,0.6,0.015,0.001
1774254158.713825,71.412,-9999.000000,26.036233,26.0,15.7659,HIGH,0.6,0.015,0.001
1774254158.7758534,71.474,-9999.000000,26.015579,26.0,17.0652,HIGH,0.6,0.015,0.001
1774254158.887255,71.585,-9999.000000,26.019549,26.0,16.7869,HIGH,0.6,0.015,0.001
1774254158.9662614,71.664,-9999.000000,26.016768,26.0,16.9589,HIGH,0.6,0.015,0.001
1774254159.045658,71.744,-9999.000000,26.015180,26.0,17.0508,HIGH,0.6,0.015,0.001
1774254159.1561546,71.854,-9999.000000,26.019152,26.0,16.8037,HIGH,0.6,0.015,0.001
1774254159.2195547,71.917,-9999.000000,26.018756,26.0,16.8299,HIGH,0.6,0.015,0.001
1774254159.282968,71.981,-9999.000000,26.023125,26.0,16.5581,HIGH,0.6,0.015,0.001
1774254159.394539,72.092,-9999.000000,26.017960,26.0,16.8765,HIGH,0.6,0.015,0.001
1774254159.4583712,72.156,-9999.000000,26.017564,26.0,16.8946,HIGH,0.6,0.015,0.001
1774254159.5378747,72.236,-9999.000000,26.015180,26.0,17.0382,HIGH,0.6,0.015,0.001
1774254159.6174104,72.315,-9999.000000,26.018357,26.0,16.8384,HIGH,0.6,0.015,0.001
1774254159.6969903,72.395,-9999.000000,26.006046,26.0,17.5958,HIGH,0.6,0.015,0.001
1774254159.7759144,72.474,-9999.000000,26.018357,26.0,16.8239,HIGH,0.6,0.015,0.001
1774254159.8581028,72.556,-9999.000000,26.019152,26.0,16.7884,HIGH,0.6,0.015,0.001
1774254159.9512584,72.649,-9999.000000,26.015976,26.0,16.9812,HIGH,0.6,0.015,0.001
1774254160.006302,72.704,-9999.000000,26.021933,26.0,16.6077,HIGH,0.6,0.015,0.001
1774254160.0626426,72.761,-9999.000000,26.023522,26.0,16.5184,HIGH,0.6,0.015,0.001
1774254160.1423912,72.840,-9999.000000,26.019549,26.0,16.7622,HIGH,0.6,0.015,0.001
1774254160.221368,72.919,-9999.000000,26.015180,26.0,17.0231,HIGH,0.6,0.015,0.001
1774254160.332306,73.030,-9999.000000,26.019948,26.0,16.7239,HIGH,0.6,0.015,0.001
1774254160.4171932,73.115,-9999.000000,26.015579,26.0,16.9935,HIGH,0.6,0.015,0.001
1774254160.490912,73.189,-9999.000000,26.022726,26.0,16.5473,HIGH,0.6,0.015,0.001
1774254160.5700965,73.268,-9999.000000,26.021933,26.0,16.6030,HIGH,0.6,0.015,0.001
1774254160.6501117,73.348,-9999.000000,26.033053,26.0,15.9169,HIGH,0.6,0.015,0.001
1774254160.729582,73.427,-9999.000000,26.018357,26.0,16.8289,HIGH,0.6,0.015,0.001
1774254160.8252723,73.523,-9999.000000,26.021933,26.0,16.5889,HIGH,0.6,0.015,0.001
1774254160.8885894,73.586,-9999.000000,26.019948,26.0,16.7130,HIGH,0.6,0.015,0.001
1774254160.967837,73.666,-9999.000000,26.025906,26.0,16.3418,HIGH,0.6,0.015,0.001
1774254161.0479786,73.746,-9999.000000,26.020741,26.0,16.6632,HIGH,0.6,0.015,0.001
1774254161.1273966,73.825,-9999.000000,26.019948,26.0,16.7029,HIGH,0.6,0.015,0.001
1774254161.206502,73.904,-9999.000000,26.022726,26.0,16.5290,HIGH,0.6,0.015,0.001
1774254161.2702665,73.968,-9999.000000,26.016768,26.0,16.8977,HIGH,0.6,0.015,0.001
1774254161.365971,74.064,-9999.000000,26.018357,26.0,16.7888,HIGH,0.6,0.015,0.001
1774254161.4767644,74.175,-9999.000000,26.021537,26.0,16.5932,HIGH,0.6,0.015,0.001
1774254161.524622,74.223,-9999.000000,26.011607,26.0,17.2118,HIGH,0.6,0.015,0.001
1774254161.6038818,74.302,-9999.000000,26.016372,26.0,16.8972,HIGH,0.6,0.015,0.001
1774254161.7193682,74.417,-9999.000000,26.021137,26.0,16.6095,HIGH,0.6,0.015,0.001
1774254161.7946084,74.492,-9999.000000,26.022726,26.0,16.5136,HIGH,0.6,0.015,0.001
1774254161.8740327,74.572,-9999.000000,26.034642,26.0,15.7816,HIGH,0.6,0.015,0.001
1774254161.9693508,74.667,-9999.000000,26.015976,26.0,16.9339,HIGH,0.6,0.015,0.001
1774254162.0330415,74.731,-9999.000000,26.024714,26.0,16.3740,HIGH,0.6,0.015,0.001
1774254162.1116,74.809,-9999.000000,26.009622,26.0,17.3113,HIGH,0.6,0.015,0.001
1774254162.1911595,74.889,-9999.000000,26.019549,26.0,16.6816,HIGH,0.6,0.015,0.001
1774254162.3020186,75.000,-9999.000000,26.018756,26.0,16.7393,HIGH,0.6,0.015,0.001
1774254162.3812883,75.079,-9999.000000,26.023125,26.0,16.4681,HIGH,0.6,0.015,0.001
1774254162.4613917,75.159,-9999.000000,26.018357,26.0,16.7635,HIGH,0.6,0.015,0.001
1774254162.541096,75.239,-9999.000000,26.020741,26.0,16.6090,HIGH,0.6,0.015,0.001
1774254162.6052973,75.303,-9999.000000,26.034642,26.0,15.7530,HIGH,0.6,0.015,0.001
1774254162.6684773,75.366,-9999.000000,26.020345,26.0,16.6532,HIGH,0.6,0.015,0.001
1774254162.7319994,75.430,-9999.000000,26.023918,26.0,16.4082,HIGH,0.6,0.015,0.001
1774254162.7959726,75.494,-9999.000000,26.020741,26.0,16.6075,HIGH,0.6,0.015,0.001
1774254162.9220035,75.620,-9999.000000,26.015180,26.0,16.9377,HIGH,0.6,0.015,0.001
1774254162.9867256,75.685,-9999.000000,26.021537,26.0,16.5400,HIGH,0.6,0.015,0.001
1774254163.0662663,75.764,-9999.000000,26.016372,26.0,16.8642,HIGH,0.6,0.015,0.001
1774254163.1622229,75.860,-9999.000000,26.016372,26.0,16.8554,HIGH,0.6,0.015,0.001
1774254163.2413309,75.939,-9999.000000,26.023125,26.0,16.4389,HIGH,0.6,0.015,0.001
1774254163.3520877,76.050,-9999.000000,26.020741,26.0,16.5892,HIGH,0.6,0.015,0.001
1774254163.4227724,76.121,-9999.000000,26.031864,26.0,15.9005,HIGH,0.6,0.015,0.001
1774254163.526321,76.224,-9999.000000,26.023522,26.0,16.4212,HIGH,0.6,0.015,0.001
1774254163.6056225,76.304,-9999.000000,26.018357,26.0,16.7274,HIGH,0.6,0.015,0.001
1774254163.669518,76.367,-9999.000000,26.019549,26.0,16.6456,HIGH,0.6,0.015,0.001
1774254163.7452638,76.443,-9999.000000,26.019948,26.0,16.6207,HIGH,0.6,0.015,0.001
1774254163.8284323,76.526,-9999.000000,26.015976,26.0,16.8624,HIGH,0.6,0.015,0.001
1774254163.9082367,76.606,-9999.000000,26.015579,26.0,16.8800,HIGH,0.6,0.015,0.001
1774254163.987621,76.686,-9999.000000,26.029876,26.0,16.0002,HIGH,0.6,0.015,0.001
1774254164.097883,76.796,-9999.000000,26.026302,26.0,16.2315,HIGH,0.6,0.015,0.001
1774254164.1612835,76.859,-9999.000000,26.017168,26.0,16.7891,HIGH,0.6,0.015,0.001
1774254164.2410097,76.939,-9999.000000,26.016372,26.0,16.8215,HIGH,0.6,0.015,0.001
1774254164.3363943,77.034,-9999.000000,26.017564,26.0,16.7452,HIGH,0.6,0.015,0.001
1774254164.415619,77.114,-9999.000000,26.014783,26.0,16.9150,HIGH,0.6,0.015,0.001
1774254164.495233,77.193,-9999.000000,26.015976,26.0,16.8366,HIGH,0.6,0.015,0.001
1774254164.606296,77.304,-9999.000000,26.028287,26.0,16.0836,HIGH,0.6,0.015,0.001
1774254164.6696565,77.368,-9999.000000,26.016768,26.0,16.8024,HIGH,0.6,0.015,0.001
1774254164.7493873,77.447,-9999.000000,26.009622,26.0,17.2208,HIGH,0.6,0.015,0.001
1774254164.8450332,77.543,-9999.000000,26.023918,26.0,16.3357,HIGH,0.6,0.015,0.001
1774254164.9092927,77.607,-9999.000000,26.010811,26.0,17.1564,HIGH,0.6,0.015,0.001
1774254164.9730492,77.671,-9999.000000,26.014387,26.0,16.9145,HIGH,0.6,0.015,0.001
1774254165.068724,77.767,-9999.000000,26.011210,26.0,17.1124,HIGH,0.6,0.015,0.001
1774254165.1638823,77.862,-9999.000000,26.013591,26.0,16.9618,HIGH,0.6,0.015,0.001
1774254165.2281878,77.926,-9999.000000,26.015976,26.0,16.8160,HIGH,0.6,0.015,0.001
1774254165.2919621,77.990,-9999.000000,26.017960,26.0,16.6958,HIGH,0.6,0.015,0.001
1774254165.371767,78.070,-9999.000000,26.011607,26.0,17.0867,HIGH,0.6,0.015,0.001
1774254165.4825912,78.180,-9999.000000,26.012399,26.0,17.0284,HIGH,0.6,0.015,0.001
1774254165.545852,78.244,-9999.000000,26.012799,26.0,17.0033,HIGH,0.6,0.015,0.001
1774254165.6567342,78.355,-9999.000000,26.015976,26.0,16.8078,HIGH,0.6,0.015,0.001
1774254165.736328,78.434,-9999.000000,26.013591,26.0,16.9551,HIGH,0.6,0.015,0.001
1774254165.7999804,78.498,-9999.000000,26.014783,26.0,16.8773,HIGH,0.6,0.015,0.001
1774254165.9119093,78.610,-9999.000000,26.010018,26.0,17.1676,HIGH,0.6,0.015,0.001
1774254165.9596305,78.658,-9999.000000,26.010415,26.0,17.1380,HIGH,0.6,0.015,0.001
1774254166.0278487,78.726,-9999.000000,26.010018,26.0,17.1622,HIGH,0.6,0.015,0.001
1774254166.102732,78.801,-9999.000000,26.012799,26.0,16.9896,HIGH,0.6,0.015,0.001
1774254166.1981587,78.896,-9999.000000,26.017168,26.0,16.7241,HIGH,0.6,0.015,0.001
1774254166.2776356,78.976,-9999.000000,26.010415,26.0,17.1412,HIGH,0.6,0.015,0.001
1774254166.357064,79.055,-9999.000000,26.017168,26.0,16.7169,HIGH,0.6,0.015,0.001
1774254166.4363182,79.134,-9999.000000,26.019152,26.0,16.6016,HIGH,0.6,0.015,0.001
1774254166.515693,79.214,-9999.000000,26.015180,26.0,16.8456,HIGH,0.6,0.015,0.001
1774254166.59498,79.293,-9999.000000,26.008031,26.0,17.2776,HIGH,0.6,0.015,0.001
1774254166.6750271,79.373,-9999.000000,26.015579,26.0,16.8044,HIGH,0.6,0.015,0.001
1774254166.7546828,79.453,-9999.000000,26.013195,26.0,16.9583,HIGH,0.6,0.015,0.001
1774254166.8507764,79.549,-9999.000000,26.018756,26.0,16.6132,HIGH,0.6,0.015,0.001
1774254166.9610465,79.659,-9999.000000,26.009622,26.0,17.1737,HIGH,0.6,0.015,0.001
1774254167.0408092,79.739,-9999.000000,26.014783,26.0,16.8475,HIGH,0.6,0.015,0.001
1774254167.104339,79.802,-9999.000000,26.028684,26.0,15.9953,HIGH,0.6,0.015,0.001
1774254167.1676555,79.866,-9999.000000,26.017168,26.0,16.7247,HIGH,0.6,0.015,0.001
1774254167.231494,79.929,-9999.000000,26.014387,26.0,16.8763,HIGH,0.6,0.015,0.001
1774254167.2946372,79.993,-9999.000000,26.014783,26.0,16.8462,HIGH,0.6,0.015,0.001
1774254167.421296,80.119,-9999.000000,26.010811,26.0,17.0862,HIGH,0.6,0.015,0.001
1774254167.4849985,80.183,-9999.000000,26.030672,26.0,15.8573,HIGH,0.6,0.015,0.001
1774254167.6124558,80.310,-9999.000000,26.018756,26.0,16.6092,HIGH,0.6,0.015,0.001
1774254167.6768758,80.375,-9999.000000,26.015180,26.0,16.8185,HIGH,0.6,0.015,0.001
1774254167.7405794,80.438,-9999.000000,26.009622,26.0,17.1543,HIGH,0.6,0.015,0.001
1774254167.8043256,80.502,-9999.000000,26.011607,26.0,17.0222,HIGH,0.6,0.015,0.001
1774254167.8840375,80.582,-9999.000000,26.012399,26.0,16.9753,HIGH,0.6,0.015,0.001
1774254167.9788418,80.677,-9999.000000,26.013195,26.0,16.9258,HIGH,0.6,0.015,0.001
1774254168.0423906,80.740,-9999.000000,26.023125,26.0,16.3130,HIGH,0.6,0.015,0.001
1774254168.1215081,80.819,-9999.000000,26.023918,26.0,16.2773,HIGH,0.6,0.015,0.001
1774254168.185137,80.883,-9999.000000,26.013988,26.0,16.8883,HIGH,0.6,0.015,0.001
1774254168.2642202,80.962,-9999.000000,25.980632,26.0,18.9185,HIGH,0.6,0.015,0.001
1774254168.3755364,81.073,-9999.000000,26.033453,26.0,15.6541,HIGH,0.6,0.015,0.001
1774254168.4552753,81.153,-9999.000000,26.011210,26.0,17.0626,HIGH,0.6,0.015,0.001
1774254168.5664983,81.264,-9999.000000,26.013591,26.0,16.8875,HIGH,0.6,0.015,0.001
1774254168.629473,81.327,-9999.000000,26.019948,26.0,16.4962,HIGH,0.6,0.015,0.001
1774254168.692949,81.391,-9999.000000,26.002074,26.0,17.6068,HIGH,0.6,0.015,0.001
1774254168.773077,81.471,-9999.000000,26.014783,26.0,16.7984,HIGH,0.6,0.015,0.001
1774254168.8524256,81.550,-9999.000000,26.015976,26.0,16.7393,HIGH,0.6,0.015,0.001
1774254168.9329383,81.631,-9999.000000,26.013195,26.0,16.9095,HIGH,0.6,0.015,0.001
1774254169.0113041,81.709,-9999.000000,26.012799,26.0,16.9288,HIGH,0.6,0.015,0.001
1774254169.091055,81.789,-9999.000000,26.019948,26.0,16.4880,HIGH,0.6,0.015,0.001
1774254169.1704383,81.868,-9999.000000,26.018756,26.0,16.5678,HIGH,0.6,0.015,0.001
1774254169.250425,81.948,-9999.000000,26.014387,26.0,16.8321,HIGH,0.6,0.015,0.001
1774254169.329643,82.028,-9999.000000,26.022329,26.0,16.3375,HIGH,0.6,0.015,0.001
1774254169.44114,82.139,-9999.000000,26.019152,26.0,16.5377,HIGH,0.6,0.015,0.001
1774254169.5045047,82.202,-9999.000000,26.013988,26.0,16.8516,HIGH,0.6,0.015,0.001
1774254169.6157277,82.314,-9999.000000,26.014783,26.0,16.7925,HIGH,0.6,0.015,0.001
1774254169.6793163,82.377,-9999.000000,26.021137,26.0,16.4000,HIGH,0.6,0.015,0.001
1774254169.7433608,82.441,-9999.000000,26.021537,26.0,16.3833,HIGH,0.6,0.015,0.001
1774254169.8074696,82.505,-9999.000000,26.019549,26.0,16.5045,HIGH,0.6,0.015,0.001
1774254169.8709276,82.569,-9999.000000,26.020741,26.0,16.4260,HIGH,0.6,0.015,0.001
1774254169.9349177,82.633,-9999.000000,26.019948,26.0,16.4747,HIGH,0.6,0.015,0.001
1774254170.0446835,82.743,-9999.000000,26.015180,26.0,16.7614,HIGH,0.6,0.015,0.001
1774254170.1078656,82.806,-9999.000000,26.000885,26.0,17.6374,HIGH,0.6,0.015,0.001
1774254170.1871095,82.885,-9999.000000,26.016768,26.0,16.6397,HIGH,0.6,0.015,0.001
1774254170.2668662,82.965,-9999.000000,26.017564,26.0,16.6089,HIGH,0.6,0.015,0.001
1774254170.3616107,83.059,-9999.000000,26.012399,26.0,16.9234,HIGH,0.6,0.015,0.001
1774254170.4410625,83.139,-9999.000000,26.019549,26.0,16.4777,HIGH,0.6,0.015,0.001
1774254170.520166,83.218,-9999.000000,26.016768,26.0,16.6551,HIGH,0.6,0.015,0.001
1774254170.6318226,83.330,-9999.000000,26.020345,26.0,16.4304,HIGH,0.6,0.015,0.001
1774254170.743349,83.441,-9999.000000,26.022726,26.0,16.2847,HIGH,0.6,0.015,0.001
1774254170.806984,83.505,-9999.000000,26.018756,26.0,16.5295,HIGH,0.6,0.015,0.001
1774254170.8702946,83.568,-9999.000000,26.021137,26.0,16.3746,HIGH,0.6,0.015,0.001
1774254170.9497902,83.648,-9999.000000,26.003662,26.0,17.4485,HIGH,0.6,0.015,0.001
1774254171.0374699,83.735,-9999.000000,26.013195,26.0,16.8419,HIGH,0.6,0.015,0.001
1774254171.1166582,83.815,-9999.000000,26.015976,26.0,16.6805,HIGH,0.6,0.015,0.001
1774254171.1885898,83.886,-9999.000000,26.016768,26.0,16.6336,HIGH,0.6,0.015,0.001
1774254171.2678838,83.966,-9999.000000,26.018357,26.0,16.5352,HIGH,0.6,0.015,0.001
1774254171.3634262,84.061,-9999.000000,26.024314,26.0,16.1700,HIGH,0.6,0.015,0.001
1774254171.4428296,84.141,-9999.000000,26.016372,26.0,16.6608,HIGH,0.6,0.015,0.001
1774254171.553663,84.252,-9999.000000,26.019549,26.0,16.4541,HIGH,0.6,0.015,0.001
1774254171.6175308,84.315,-9999.000000,26.020741,26.0,16.3816,HIGH,0.6,0.015,0.001
1774254171.696914,84.395,-9999.000000,26.024714,26.0,16.1371,HIGH,0.6,0.015,0.001
1774254171.7920315,84.490,-9999.000000,26.019948,26.0,16.4302,HIGH,0.6,0.015,0.001
1774254171.8559234,84.554,-9999.000000,26.022329,26.0,16.2765,HIGH,0.6,0.015,0.001
1774254171.9391189,84.637,-9999.000000,26.026302,26.0,16.0338,HIGH,0.6,0.015,0.001
1774254172.0460544,84.744,-9999.000000,26.020345,26.0,16.3983,HIGH,0.6,0.015,0.001
1774254172.109574,84.807,-9999.000000,26.026699,26.0,15.9990,HIGH,0.6,0.015,0.001
1774254172.173699,84.872,-9999.000000,26.024314,26.0,16.1534,HIGH,0.6,0.015,0.001
1774254172.240573,84.938,-9999.000000,26.034245,26.0,15.5355,HIGH,0.6,0.015,0.001
1774254172.317336,85.015,-9999.000000,26.023522,26.0,16.2051,HIGH,0.6,0.015,0.001
1774254172.3808184,85.079,-9999.000000,26.023125,26.0,16.2133,HIGH,0.6,0.015,0.001
1774254172.4447613,85.143,-9999.000000,26.021537,26.0,16.3084,HIGH,0.6,0.015,0.001
1774254172.541245,85.239,-9999.000000,26.025110,26.0,16.0842,HIGH,0.6,0.015,0.001
1774254172.6191325,85.317,-9999.000000,26.025507,26.0,16.0606,HIGH,0.6,0.015,0.001
1774254172.6989825,85.397,-9999.000000,26.035834,26.0,15.4242,HIGH,0.6,0.015,0.001
1774254172.793802,85.492,-9999.000000,26.031068,26.0,15.7237,HIGH,0.6,0.015,0.001
1774254172.8575947,85.555,-9999.000000,26.023125,26.0,16.2055,HIGH,0.6,0.015,0.001
1774254172.9531488,85.651,-9999.000000,26.023125,26.0,16.1898,HIGH,0.6,0.015,0.001
1774254173.0642614,85.762,-9999.000000,26.027095,26.0,15.9435,HIGH,0.6,0.015,0.001
1774254173.1273487,85.825,-9999.000000,26.028287,26.0,15.8710,HIGH,0.6,0.015,0.001
1774254173.1905148,85.888,-9999.000000,26.028684,26.0,15.8457,HIGH,0.6,0.015,0.001
1774254173.3175318,86.015,-9999.000000,26.021537,26.0,16.2767,HIGH,0.6,0.015,0.001
1774254173.380868,86.079,-9999.000000,26.025110,26.0,16.0486,HIGH,0.6,0.015,0.001
1774254173.4600458,86.158,-9999.000000,26.031068,26.0,15.6856,HIGH,0.6,0.015,0.001
1774254173.5546348,86.253,-9999.000000,26.022329,26.0,16.2235,HIGH,0.6,0.015,0.001
1774254173.6181698,86.316,-9999.000000,26.025507,26.0,16.0162,HIGH,0.6,0.015,0.001
1774254173.681921,86.380,-9999.000000,26.023125,26.0,16.1656,HIGH,0.6,0.015,0.001
1774254173.745567,86.443,-9999.000000,26.026302,26.0,15.9637,HIGH,0.6,0.015,0.001
1774254173.809414,86.507,-9999.000000,26.028287,26.0,15.8438,HIGH,0.6,0.015,0.001
1774254173.8725343,86.570,-9999.000000,26.030275,26.0,15.7216,HIGH,0.6,0.015,0.001
1774254173.952196,86.650,-9999.000000,26.022726,26.0,16.1845,HIGH,0.6,0.015,0.001
1774254174.016836,86.715,-9999.000000,26.025507,26.0,16.0014,HIGH,0.6,0.015,0.001
1774254174.0805385,86.778,-9999.000000,26.025110,26.0,16.0277,HIGH,0.6,0.015,0.001
1774254174.1609654,86.859,-9999.000000,26.023918,26.0,16.0972,HIGH,0.6,0.015,0.001
1774254174.245309,86.943,-9999.000000,26.025906,26.0,15.9708,HIGH,0.6,0.015,0.001
1774254174.3200457,87.018,-9999.000000,26.024314,26.0,16.0681,HIGH,0.6,0.015,0.001
1774254174.3837926,87.082,-9999.000000,26.029083,26.0,15.7696,HIGH,0.6,0.015,0.001
1774254174.4633691,87.161,-9999.000000,26.026302,26.0,15.9442,HIGH,0.6,0.015,0.001
1774254174.5269673,87.225,-9999.000000,26.028287,26.0,15.8158,HIGH,0.6,0.015,0.001
1774254174.5903213,87.288,-9999.000000,26.047355,26.0,14.6403,HIGH,0.6,0.015,0.001
1774254174.7176783,87.416,-9999.000000,26.027494,26.0,15.8724,HIGH,0.6,0.015,0.001
1774254174.781415,87.479,-9999.000000,26.017960,26.0,16.4421,HIGH,0.6,0.015,0.001
1774254174.8463562,87.544,-9999.000000,26.042192,26.0,14.9318,HIGH,0.6,0.015,0.001
1774254174.9723032,87.670,-9999.000000,26.027891,26.0,15.8332,HIGH,0.6,0.015,0.001
1774254175.0206327,87.719,-9999.000000,26.037822,26.0,15.2027,HIGH,0.6,0.015,0.001
1774254175.100111,87.798,-9999.000000,26.028684,26.0,15.7797,HIGH,0.6,0.015,0.001
1774254175.1641338,87.862,-9999.000000,26.029479,26.0,15.7163,HIGH,0.6,0.015,0.001
1774254175.2469785,87.945,-9999.000000,26.023125,26.0,16.1036,HIGH,0.6,0.015,0.001
1774254175.3541305,88.052,-9999.000000,26.001677,26.0,17.4026,HIGH,0.6,0.015,0.001
1774254175.4178617,88.116,-9999.000000,26.026699,26.0,15.8395,HIGH,0.6,0.015,0.001
1774254175.4974425,88.195,-9999.000000,26.027095,26.0,15.8512,HIGH,0.6,0.015,0.001
1774254175.6087399,88.307,-9999.000000,26.027494,26.0,15.8228,HIGH,0.6,0.015,0.001
1774254175.6881657,88.386,-9999.000000,26.023522,26.0,16.0637,HIGH,0.6,0.015,0.001
1774254175.7839432,88.482,-9999.000000,26.027494,26.0,15.8123,HIGH,0.6,0.015,0.001
1774254175.8633952,88.561,-9999.000000,26.027095,26.0,15.8376,HIGH,0.6,0.015,0.001
1774254175.942834,88.641,-9999.000000,26.027095,26.0,15.8339,HIGH,0.6,0.015,0.001
1774254176.0538168,88.752,-9999.000000,26.019549,26.0,16.2902,HIGH,0.6,0.015,0.001
1774254176.1649024,88.863,-9999.000000,26.027095,26.0,15.8194,HIGH,0.6,0.015,0.001
1774254176.2283602,88.926,-9999.000000,26.019948,26.0,16.2643,HIGH,0.6,0.015,0.001
1774254176.3494482,89.047,-9999.000000,26.024714,26.0,15.9587,HIGH,0.6,0.015,0.001
1774254176.4022698,89.100,-9999.000000,26.025507,26.0,15.9116,HIGH,0.6,0.015,0.001
1774254176.4818518,89.180,-9999.000000,26.020741,26.0,16.2025,HIGH,0.6,0.015,0.001
1774254176.5499182,89.248,-9999.000000,26.021933,26.0,16.1210,HIGH,0.6,0.015,0.001
1774254176.6088855,89.307,-9999.000000,26.026302,26.0,15.8509,HIGH,0.6,0.015,0.001
1774254176.67205,89.370,-9999.000000,26.017960,26.0,16.3703,HIGH,0.6,0.015,0.001
1774254176.7834582,89.481,-9999.000000,26.021933,26.0,16.1115,HIGH,0.6,0.015,0.001
1774254176.8628511,89.561,-9999.000000,26.025507,26.0,15.8931,HIGH,0.6,0.015,0.001
1774254176.9421818,89.640,-9999.000000,26.024714,26.0,15.9432,HIGH,0.6,0.015,0.001
1774254177.0372677,89.735,-9999.000000,26.023125,26.0,16.0359,HIGH,0.6,0.015,0.001
1774254177.1168506,89.815,-9999.000000,26.019948,26.0,16.2265,HIGH,0.6,0.015,0.001
1774254177.1966255,89.895,-9999.000000,26.026302,26.0,15.8301,HIGH,0.6,0.015,0.001
1774254177.308175,90.006,-9999.000000,26.025110,26.0,15.9065,HIGH,0.6,0.015,0.001
1774254177.3717644,90.070,-9999.000000,26.035834,26.0,15.2417,HIGH,0.6,0.015,0.001
1774254177.4515095,90.149,-9999.000000,26.017168,26.0,16.3999,HIGH,0.6,0.015,0.001
1774254177.5517883,90.250,-9999.000000,26.018357,26.0,16.3012,HIGH,0.6,0.015,0.001
1774254177.6093228,90.307,-9999.000000,26.019549,26.0,16.2271,HIGH,0.6,0.015,0.001
1774254177.7046757,90.403,-9999.000000,26.004061,26.0,17.1741,HIGH,0.6,0.015,0.001
1774254177.8004603,90.498,-9999.000000,26.021537,26.0,16.0880,HIGH,0.6,0.015,0.001
1774254177.8802931,90.578,-9999.000000,26.030672,26.0,15.5430,HIGH,0.6,0.015,0.001
1774254177.9439626,90.642,-9999.000000,26.024714,26.0,15.9189,HIGH,0.6,0.015,0.001
1774254178.0387845,90.737,-9999.000000,26.019549,26.0,16.2221,HIGH,0.6,0.015,0.001
1774254178.102277,90.800,-9999.000000,26.023522,26.0,15.9698,HIGH,0.6,0.015,0.001
1774254178.1815844,90.879,-9999.000000,26.025507,26.0,15.8514,HIGH,0.6,0.015,0.001
1774254178.309138,91.007,-9999.000000,26.024314,26.0,15.9218,HIGH,0.6,0.015,0.001
1774254178.3573024,91.055,-9999.000000,26.019152,26.0,16.2399,HIGH,0.6,0.015,0.001
1774254178.436188,91.134,-9999.000000,26.021933,26.0,16.0562,HIGH,0.6,0.015,0.001
1774254178.4998882,91.198,-9999.000000,26.021137,26.0,16.1067,HIGH,0.6,0.015,0.001
1774254178.5793889,91.277,-9999.000000,26.024714,26.0,15.8834,HIGH,0.6,0.015,0.001
1774254178.6910405,91.389,-9999.000000,26.020345,26.0,16.1506,HIGH,0.6,0.015,0.001
1774254178.7539265,91.452,-9999.000000,26.017564,26.0,16.3163,HIGH,0.6,0.015,0.001
1774254178.833097,91.531,-9999.000000,26.026699,26.0,15.7491,HIGH,0.6,0.015,0.001
1774254178.927896,91.626,-9999.000000,26.029876,26.0,15.5624,HIGH,0.6,0.015,0.001
1774254179.0392635,91.737,-9999.000000,26.026302,26.0,15.7789,HIGH,0.6,0.015,0.001
1774254179.1181276,91.816,-9999.000000,26.034642,26.0,15.2607,HIGH,0.6,0.015,0.001
1774254179.181524,91.879,-9999.000000,26.021537,26.0,16.0762,HIGH,0.6,0.015,0.001
1774254179.2926095,91.990,-9999.000000,26.035041,26.0,15.2273,HIGH,0.6,0.015,0.001
1774254179.3566892,92.055,-9999.000000,26.025110,26.0,15.8484,HIGH,0.6,0.015,0.001
1774254179.4358008,92.134,-9999.000000,26.022329,26.0,16.0006,HIGH,0.6,0.015,0.001
1774254179.5555637,92.253,-9999.000000,26.020741,26.0,16.0900,HIGH,0.6,0.015,0.001
1774254179.6108763,92.309,-9999.000000,26.019549,26.0,16.1607,HIGH,0.6,0.015,0.001
1774254179.690344,92.388,-9999.000000,26.016768,26.0,16.3269,HIGH,0.6,0.015,0.001
1774254179.8018625,92.500,-9999.000000,26.018756,26.0,16.1992,HIGH,0.6,0.015,0.001
1774254179.8651288,92.563,-9999.000000,26.019948,26.0,16.1257,HIGH,0.6,0.015,0.001
1774254179.9446943,92.643,-9999.000000,26.019152,26.0,16.1740,HIGH,0.6,0.015,0.001
1774254180.0562432,92.754,-9999.000000,26.016372,26.0,16.3396,HIGH,0.6,0.015,0.001
1774254180.1186042,92.816,-9999.000000,26.015579,26.0,16.3845,HIGH,0.6,0.015,0.001
1774254180.1983945,92.896,-9999.000000,26.021137,26.0,16.0402,HIGH,0.6,0.015,0.001
1774254180.3092847,93.007,-9999.000000,26.017960,26.0,16.2377,HIGH,0.6,0.015,0.001
1774254180.3565066,93.054,-9999.000000,26.031068,26.0,15.4184,HIGH,0.6,0.015,0.001
1774254180.4201164,93.118,-9999.000000,26.021537,26.0,16.0310,HIGH,0.6,0.015,0.001
1774254180.4989724,93.197,-9999.000000,26.020345,26.0,16.0866,HIGH,0.6,0.015,0.001
1774254180.578645,93.277,-9999.000000,26.003266,26.0,17.1309,HIGH,0.6,0.015,0.001
1774254180.6897032,93.388,-9999.000000,26.014387,26.0,16.4298,HIGH,0.6,0.015,0.001
1774254180.7576284,93.456,-9999.000000,26.020345,26.0,16.0715,HIGH,0.6,0.015,0.001
1774254180.8324273,93.530,-9999.000000,26.019549,26.0,16.1269,HIGH,0.6,0.015,0.001
1774254180.9283426,93.626,-9999.000000,26.020741,26.0,16.0500,HIGH,0.6,0.015,0.001
1774254180.9916399,93.690,-9999.000000,26.016372,26.0,16.3188,HIGH,0.6,0.015,0.001
1774254181.1031072,93.801,-9999.000000,26.027494,26.0,15.6299,HIGH,0.6,0.015,0.001
1774254181.166208,93.864,-9999.000000,26.019152,26.0,16.1519,HIGH,0.6,0.015,0.001
1774254181.2453823,93.943,-9999.000000,26.016372,26.0,16.3070,HIGH,0.6,0.015,0.001
1774254181.3245711,94.022,-9999.000000,25.992544,26.0,17.7641,HIGH,0.6,0.015,0.001
1774254181.4046824,94.103,-9999.000000,26.027095,26.0,15.6146,HIGH,0.6,0.015,0.001
1774254181.4843428,94.182,-9999.000000,26.020345,26.0,16.0688,HIGH,0.6,0.015,0.001
1774254181.5799067,94.278,-9999.000000,26.021933,26.0,15.9602,HIGH,0.6,0.015,0.001
1774254181.6753457,94.373,-9999.000000,26.018756,26.0,16.1532,HIGH,0.6,0.015,0.001
1774254181.759639,94.458,-9999.000000,26.023125,26.0,15.8796,HIGH,0.6,0.015,0.001
1774254181.8184342,94.516,-9999.000000,26.021933,26.0,15.9564,HIGH,0.6,0.015,0.001
1774254181.8827515,94.581,-9999.000000,26.016768,26.0,16.2707,HIGH,0.6,0.015,0.001
1774254181.9779108,94.676,-9999.000000,26.027891,26.0,15.5796,HIGH,0.6,0.015,0.001
1774254182.0414631,94.739,-9999.000000,26.026302,26.0,15.6866,HIGH,0.6,0.015,0.001
1774254182.1209908,94.819,-9999.000000,26.026699,26.0,15.6566,HIGH,0.6,0.015,0.001
1774254182.200406,94.898,-9999.000000,26.027891,26.0,15.5808,HIGH,0.6,0.015,0.001
1774254182.29567,94.994,-9999.000000,26.029876,26.0,15.4568,HIGH,0.6,0.015,0.001
1774254182.3747222,95.073,-9999.000000,26.028287,26.0,15.5529,HIGH,0.6,0.015,0.001
1774254182.4543982,95.152,-9999.000000,26.019152,26.0,16.1081,HIGH,0.6,0.015,0.001
1774254182.5653315,95.263,-9999.000000,26.025507,26.0,15.7055,HIGH,0.6,0.015,0.001
1774254182.6443558,95.342,-9999.000000,26.027891,26.0,15.5618,HIGH,0.6,0.015,0.001
1774254182.7396853,95.438,-9999.000000,26.031464,26.0,15.3422,HIGH,0.6,0.015,0.001
1774254182.8032482,95.501,-9999.000000,26.024714,26.0,15.7592,HIGH,0.6,0.015,0.001
1774254182.9148278,95.613,-9999.000000,26.019948,26.0,16.0355,HIGH,0.6,0.015,0.001
1774254182.9946585,95.693,-9999.000000,26.014387,26.0,16.3701,HIGH,0.6,0.015,0.001
1774254183.0740912,95.772,-9999.000000,26.017564,26.0,16.1664,HIGH,0.6,0.015,0.001
1774254183.1696424,95.868,-9999.000000,26.019549,26.0,16.0465,HIGH,0.6,0.015,0.001
1774254183.2338521,95.932,-9999.000000,26.024314,26.0,15.7528,HIGH,0.6,0.015,0.001
1774254183.3129516,96.011,-9999.000000,26.019948,26.0,16.0254,HIGH,0.6,0.015,0.001
1774254183.424425,96.122,-9999.000000,26.021933,26.0,15.8953,HIGH,0.6,0.015,0.001
1774254183.4881132,96.186,-9999.000000,26.023522,26.0,15.7970,HIGH,0.6,0.015,0.001
1774254183.5834198,96.281,-9999.000000,26.025110,26.0,15.6990,HIGH,0.6,0.015,0.001
1774254183.6943364,96.392,-9999.000000,26.024714,26.0,15.7207,HIGH,0.6,0.015,0.001
1774254183.789386,96.487,-9999.000000,26.018756,26.0,16.0814,HIGH,0.6,0.015,0.001
1774254183.86315,96.561,-9999.000000,26.025110,26.0,15.6825,HIGH,0.6,0.015,0.001
1774254183.932854,96.631,-9999.000000,26.016768,26.0,16.2018,HIGH,0.6,0.015,0.001
1774254184.0119407,96.710,-9999.000000,26.017960,26.0,16.1147,HIGH,0.6,0.015,0.001
1774254184.123514,96.821,-9999.000000,26.017960,26.0,16.1132,HIGH,0.6,0.015,0.001
1774254184.1869574,96.885,-9999.000000,26.020741,26.0,15.9400,HIGH,0.6,0.015,0.001
1774254184.2667925,96.965,-9999.000000,26.005253,26.0,16.8924,HIGH,0.6,0.015,0.001
1774254184.3642013,97.062,-9999.000000,26.029479,26.0,15.3902,HIGH,0.6,0.015,0.001
1774254184.4260106,97.124,-9999.000000,26.021537,26.0,15.9025,HIGH,0.6,0.015,0.001
1774254184.5050988,97.203,-9999.000000,26.014387,26.0,16.3260,HIGH,0.6,0.015,0.001
1774254184.5843549,97.282,-9999.000000,26.015180,26.0,16.2666,HIGH,0.6,0.015,0.001
1774254184.6646125,97.362,-9999.000000,26.021537,26.0,15.8757,HIGH,0.6,0.015,0.001
1774254184.7275817,97.425,-9999.000000,26.017960,26.0,16.1021,HIGH,0.6,0.015,0.001
1774254184.8071773,97.505,-9999.000000,26.017960,26.0,16.0943,HIGH,0.6,0.015,0.001
1774254184.9185398,97.616,-9999.000000,26.020345,26.0,15.9457,HIGH,0.6,0.015,0.001
1774254184.9989243,97.697,-9999.000000,26.022726,26.0,15.7993,HIGH,0.6,0.015,0.001
1774254185.0650687,97.763,-9999.000000,26.015180,26.0,16.2649,HIGH,0.6,0.015,0.001
1774254185.1736677,97.872,-9999.000000,26.023125,26.0,15.7657,HIGH,0.6,0.015,0.001
1774254185.2372668,97.935,-9999.000000,26.020741,26.0,15.9178,HIGH,0.6,0.015,0.001
1774254185.3168206,98.015,-9999.000000,26.019549,26.0,15.9848,HIGH,0.6,0.015,0.001
1774254185.3958812,98.094,-9999.000000,26.022329,26.0,15.8103,HIGH,0.6,0.015,0.001
1774254185.5065782,98.204,-9999.000000,26.021933,26.0,15.8343,HIGH,0.6,0.015,0.001
1774254185.6021676,98.300,-9999.000000,26.018756,26.0,16.0252,HIGH,0.6,0.015,0.001
1774254185.6812785,98.379,-9999.000000,26.016372,26.0,16.1660,HIGH,0.6,0.015,0.001
1774254185.7653997,98.463,-9999.000000,26.019948,26.0,15.9416,HIGH,0.6,0.015,0.001
1774254185.8719776,98.570,-9999.000000,26.019948,26.0,15.9427,HIGH,0.6,0.015,0.001
1774254185.9353173,98.633,-9999.000000,26.018756,26.0,16.0143,HIGH,0.6,0.015,0.001
1774254185.9985175,98.696,-9999.000000,26.029479,26.0,15.3493,HIGH,0.6,0.015,0.001
1774254186.1097686,98.808,-9999.000000,26.027891,26.0,15.4583,HIGH,0.6,0.015,0.001
1774254186.1897507,98.888,-9999.000000,26.013988,26.0,16.3068,HIGH,0.6,0.015,0.001
1774254186.2692397,98.967,-9999.000000,26.018357,26.0,16.0196,HIGH,0.6,0.015,0.001
1774254186.3661437,99.064,-9999.000000,26.019948,26.0,15.9251,HIGH,0.6,0.015,0.001
1774254186.4434874,99.141,-9999.000000,26.031864,26.0,15.1927,HIGH,0.6,0.015,0.001
1774254186.5227444,99.221,-9999.000000,26.018756,26.0,16.0088,HIGH,0.6,0.015,0.001
1774254186.6026533,99.301,-9999.000000,26.020741,26.0,15.8682,HIGH,0.6,0.015,0.001
1774254186.666731,99.365,-9999.000000,26.000885,26.0,17.0930,HIGH,0.6,0.015,0.001
1774254186.7465777,99.444,-9999.000000,26.018756,26.0,15.9651,HIGH,0.6,0.015,0.001
1774254186.8260863,99.524,-9999.000000,26.017960,26.0,16.0341,HIGH,0.6,0.015,0.001
1774254186.906213,99.604,-9999.000000,26.015579,26.0,16.1771,HIGH,0.6,0.015,0.001
1774254187.0013618,99.699,-9999.000000,26.017960,26.0,16.0261,HIGH,0.6,0.015,0.001
1774254187.068052,99.766,-9999.000000,26.016372,26.0,16.1247,HIGH,0.6,0.015,0.001
1774254187.1445491,99.842,-9999.000000,26.018756,26.0,15.9740,HIGH,0.6,0.015,0.001
1774254187.2238321,99.922,-9999.000000,26.019549,26.0,15.9262,HIGH,0.6,0.015,0.001
1774254187.3358412,100.034,-9999.000000,26.013591,26.0,16.2877,HIGH,0.6,0.015,0.001
1774254187.4315803,100.129,-9999.000000,26.020741,26.0,15.8430,HIGH,0.6,0.015,0.001
1774254187.4953897,100.193,-9999.000000,26.010018,26.0,16.5096,HIGH,0.6,0.015,0.001
1774254187.5747392,100.273,-9999.000000,26.021137,26.0,15.8092,HIGH,0.6,0.015,0.001
1774254187.654139,100.352,-9999.000000,26.014387,26.0,16.2350,HIGH,0.6,0.015,0.001
1774254187.7495847,100.447,-9999.000000,26.017564,26.0,16.0300,HIGH,0.6,0.015,0.001
1774254187.8133016,100.511,-9999.000000,26.018357,26.0,15.9828,HIGH,0.6,0.015,0.001
1774254187.8932166,100.591,-9999.000000,26.019549,26.0,15.9087,HIGH,0.6,0.015,0.001
1774254187.973342,100.671,-9999.000000,26.017168,26.0,16.0539,HIGH,0.6,0.015,0.001
1774254188.0846865,100.783,-9999.000000,26.021137,26.0,15.8057,HIGH,0.6,0.015,0.001
1774254188.1797624,100.878,-9999.000000,26.020345,26.0,15.8548,HIGH,0.6,0.015,0.001
1774254188.2273746,100.925,-9999.000000,26.015579,26.0,16.1487,HIGH,0.6,0.015,0.001
1774254188.2914515,100.989,-9999.000000,26.019549,26.0,15.8925,HIGH,0.6,0.015,0.001
1774254188.3550231,101.053,-9999.000000,26.022329,26.0,15.7253,HIGH,0.6,0.015,0.001
1774254188.4502592,101.148,-9999.000000,26.015579,26.0,16.1396,HIGH,0.6,0.015,0.001
1774254188.5134077,101.211,-9999.000000,26.014783,26.0,16.1801,HIGH,0.6,0.015,0.001
1774254188.625509,101.323,-9999.000000,26.020741,26.0,15.8126,HIGH,0.6,0.015,0.001
1774254188.6887052,101.387,-9999.000000,26.014783,26.0,16.1834,HIGH,0.6,0.015,0.001
1774254188.7360938,101.434,-9999.000000,26.019948,26.0,15.8518,HIGH,0.6,0.015,0.001
1774254188.8316274,101.530,-9999.000000,26.022329,26.0,15.7141,HIGH,0.6,0.015,0.001
1774254188.8956077,101.593,-9999.000000,26.017168,26.0,16.0327,HIGH,0.6,0.015,0.001
1774254188.9597428,101.658,-9999.000000,26.017168,26.0,16.0230,HIGH,0.6,0.015,0.001
1774254189.0395317,101.737,-9999.000000,26.020741,26.0,15.8016,HIGH,0.6,0.015,0.001
1774254189.1196368,101.818,-9999.000000,26.018756,26.0,15.9254,HIGH,0.6,0.015,0.001
1774254189.1828742,101.881,-9999.000000,26.013591,26.0,16.2397,HIGH,0.6,0.015,0.001
1774254189.2624054,101.960,-9999.000000,26.020345,26.0,15.8154,HIGH,0.6,0.015,0.001
1774254189.3254473,102.023,-9999.000000,26.015579,26.0,16.1159,HIGH,0.6,0.015,0.001
1774254189.4363945,102.134,-9999.000000,26.019152,26.0,15.8876,HIGH,0.6,0.015,0.001
1774254189.5160954,102.214,-9999.000000,26.024314,26.0,15.5717,HIGH,0.6,0.015,0.001
1774254189.5795002,102.277,-9999.000000,26.019549,26.0,15.8698,HIGH,0.6,0.015,0.001
1774254189.6908078,102.389,-9999.000000,26.024314,26.0,15.5680,HIGH,0.6,0.015,0.001
1774254189.7544065,102.452,-9999.000000,26.024714,26.0,15.5453,HIGH,0.6,0.015,0.001
1774254189.834677,102.533,-9999.000000,26.023522,26.0,15.6161,HIGH,0.6,0.015,0.001
1774254189.9457686,102.644,-9999.000000,26.023522,26.0,15.6107,HIGH,0.6,0.015,0.001
1774254190.0090597,102.707,-9999.000000,26.022329,26.0,15.6820,HIGH,0.6,0.015,0.001
1774254190.120377,102.818,-9999.000000,26.016372,26.0,16.0402,HIGH,0.6,0.015,0.001
1774254190.1740427,102.872,-9999.000000,26.027891,26.0,15.3200,HIGH,0.6,0.015,0.001
1774254190.2315562,102.929,-9999.000000,26.017960,26.0,15.9530,HIGH,0.6,0.015,0.001
1774254190.3109977,103.009,-9999.000000,26.023522,26.0,15.5922,HIGH,0.6,0.015,0.001
1774254190.3903968,103.088,-9999.000000,26.010415,26.0,16.4009,HIGH,0.6,0.015,0.001
1774254190.4539676,103.152,-9999.000000,26.023125,26.0,15.5996,HIGH,0.6,0.015,0.001
1774254190.565516,103.263,-9999.000000,26.023522,26.0,15.5915,HIGH,0.6,0.015,0.001
1774254190.6289754,103.327,-9999.000000,26.022726,26.0,15.6387,HIGH,0.6,0.015,0.001
1774254190.6924787,103.390,-9999.000000,26.021137,26.0,15.7332,HIGH,0.6,0.015,0.001
1774254190.7751265,103.473,-9999.000000,26.021137,26.0,15.7281,HIGH,0.6,0.015,0.001
1774254190.8355138,103.533,-9999.000000,26.026699,26.0,15.3828,HIGH,0.6,0.015,0.001
1774254190.9488385,103.647,-9999.000000,26.018357,26.0,15.8968,HIGH,0.6,0.015,0.001
1774254191.0107129,103.709,-9999.000000,26.018756,26.0,15.8631,HIGH,0.6,0.015,0.001
1774254191.0903437,103.788,-9999.000000,26.022329,26.0,15.6422,HIGH,0.6,0.015,0.001
1774254191.153989,103.852,-9999.000000,26.025507,26.0,15.4486,HIGH,0.6,0.015,0.001
1774254191.2758462,103.974,-9999.000000,26.022726,26.0,15.6186,HIGH,0.6,0.015,0.001
1774254191.3455923,104.043,-9999.000000,26.025110,26.0,15.4672,HIGH,0.6,0.015,0.001
1774254191.410005,104.108,-9999.000000,26.023522,26.0,15.5661,HIGH,0.6,0.015,0.001
1774254191.4761496,104.174,-9999.000000,26.022726,26.0,15.6103,HIGH,0.6,0.015,0.001
1774254191.5846326,104.283,-9999.000000,26.022726,26.0,15.6054,HIGH,0.6,0.015,0.001
1774254191.6958387,104.394,-9999.000000,26.041792,26.0,14.4373,HIGH,0.6,0.015,0.001
1774254191.7592685,104.457,-9999.000000,26.024314,26.0,15.5284,HIGH,0.6,0.015,0.001
1774254191.8387547,104.537,-9999.000000,26.019152,26.0,15.8148,HIGH,0.6,0.015,0.001
1774254191.9188266,104.617,-9999.000000,26.019549,26.0,15.7816,HIGH,0.6,0.015,0.001
1774254192.014019,104.712,-9999.000000,26.015579,26.0,16.0223,HIGH,0.6,0.015,0.001
1774254192.0770347,104.775,-9999.000000,26.012399,26.0,16.2128,HIGH,0.6,0.015,0.001
1774254192.1560469,104.854,-9999.000000,26.025507,26.0,15.4017,HIGH,0.6,0.015,0.001
1774254192.2508214,104.949,-9999.000000,25.998105,26.0,17.0915,HIGH,0.6,0.015,0.001
1774254192.3295944,105.027,-9999.000000,26.022726,26.0,15.5514,HIGH,0.6,0.015,0.001
1774254192.408868,105.107,-9999.000000,26.023918,26.0,15.5068,HIGH,0.6,0.015,0.001
1774254192.4880433,105.186,-9999.000000,26.018357,26.0,15.8468,HIGH,0.6,0.015,0.001
1774254192.599152,105.297,-9999.000000,26.023125,26.0,15.5455,HIGH,0.6,0.015,0.001
1774254192.6466231,105.345,-9999.000000,26.019152,26.0,15.7952,HIGH,0.6,0.015,0.001
1774254192.7100446,105.408,-9999.000000,26.019948,26.0,15.7359,HIGH,0.6,0.015,0.001
1774254192.777568,105.475,-9999.000000,26.025906,26.0,15.3683,HIGH,0.6,0.015,0.001
1774254192.8371701,105.535,-9999.000000,26.025110,26.0,15.4239,HIGH,0.6,0.015,0.001
1774254192.9012778,105.599,-9999.000000,26.025507,26.0,15.3958,HIGH,0.6,0.015,0.001
1774254192.9649184,105.663,-9999.000000,26.019549,26.0,15.7613,HIGH,0.6,0.015,0.001
1774254193.0785856,105.776,-9999.000000,26.026699,26.0,15.3121,HIGH,0.6,0.015,0.001
1774254193.1388955,105.837,-9999.000000,26.022329,26.0,15.5858,HIGH,0.6,0.015,0.001
1774254193.2188132,105.917,-9999.000000,26.020345,26.0,15.6977,HIGH,0.6,0.015,0.001
1774254193.2824113,105.980,-9999.000000,26.023918,26.0,15.4729,HIGH,0.6,0.015,0.001
1774254193.3462262,106.044,-9999.000000,26.024314,26.0,15.4518,HIGH,0.6,0.015,0.001
1774254193.4099588,106.108,-9999.000000,25.989368,26.0,17.6050,HIGH,0.6,0.015,0.001
1774254193.4579914,106.156,-9999.000000,26.020345,26.0,15.6257,HIGH,0.6,0.015,0.001
1774254193.521364,106.219,-9999.000000,26.025906,26.0,15.3452,HIGH,0.6,0.015,0.001
1774254193.584891,106.283,-9999.000000,26.021137,26.0,15.6456,HIGH,0.6,0.015,0.001
1774254193.6487243,106.347,-9999.000000,26.020345,26.0,15.6850,HIGH,0.6,0.015,0.001
1774254193.7119398,106.410,-9999.000000,26.020741,26.0,15.6574,HIGH,0.6,0.015,0.001
1774254193.7802658,106.478,-9999.000000,26.024714,26.0,15.4113,HIGH,0.6,0.015,0.001
1774254193.839653,106.538,-9999.000000,26.008826,26.0,16.3963,HIGH,0.6,0.015,0.001
1774254193.9033256,106.601,-9999.000000,26.019549,26.0,15.7075,HIGH,0.6,0.015,0.001
1774254193.9667854,106.665,-9999.000000,26.019948,26.0,15.6978,HIGH,0.6,0.015,0.001
1774254194.0304077,106.728,-9999.000000,26.013195,26.0,16.1130,HIGH,0.6,0.015,0.001
1774254194.0945454,106.792,-9999.000000,26.026302,26.0,15.2930,HIGH,0.6,0.015,0.001
1774254194.158445,106.856,-9999.000000,26.039807,26.0,14.4782,HIGH,0.6,0.015,0.001
1774254194.2226923,106.921,-9999.000000,26.020345,26.0,15.6954,HIGH,0.6,0.015,0.001
1774254194.286204,106.984,-9999.000000,26.021137,26.0,15.6143,HIGH,0.6,0.015,0.001
1774254194.3499348,107.048,-9999.000000,26.025906,26.0,15.3195,HIGH,0.6,0.015,0.001
1774254194.4136167,107.111,-9999.000000,26.022726,26.0,15.5206,HIGH,0.6,0.015,0.001
1774254194.492876,107.191,-9999.000000,26.037423,26.0,14.6108,HIGH,0.6,0.015,0.001
1774254194.5720325,107.270,-9999.000000,26.019948,26.0,15.6975,HIGH,0.6,0.015,0.001
1774254194.6514828,107.349,-9999.000000,26.032657,26.0,14.8930,HIGH,0.6,0.015,0.001
1774254194.7148936,107.413,-9999.000000,26.021537,26.0,15.5917,HIGH,0.6,0.015,0.001
1774254194.825724,107.524,-9999.000000,26.024714,26.0,15.3766,HIGH,0.6,0.015,0.001
1774254194.8892841,107.587,-9999.000000,26.021933,26.0,15.5486,HIGH,0.6,0.015,0.001
1774254194.9692938,107.667,-9999.000000,26.020741,26.0,15.6147,HIGH,0.6,0.015,0.001
1774254195.0328693,107.731,-9999.000000,26.033849,26.0,14.8029,HIGH,0.6,0.015,0.001
1774254195.081992,107.780,-9999.000000,26.019948,26.0,15.6844,HIGH,0.6,0.015,0.001
1774254195.1447818,107.843,-9999.000000,26.019948,26.0,15.6542,HIGH,0.6,0.015,0.001
1774254195.208765,107.907,-9999.000000,26.020741,26.0,15.6034,HIGH,0.6,0.015,0.001
1774254195.282578,107.980,-9999.000000,26.025110,26.0,15.3338,HIGH,0.6,0.015,0.001
1774254195.336237,108.034,-9999.000000,26.019549,26.0,15.6822,HIGH,0.6,0.015,0.001
1774254195.4000366,108.098,-9999.000000,26.019948,26.0,15.6453,HIGH,0.6,0.015,0.001
1774254195.4637916,108.162,-9999.000000,26.021537,26.0,15.5461,HIGH,0.6,0.015,0.001
1774254195.527722,108.226,-9999.000000,26.023918,26.0,15.3997,HIGH,0.6,0.015,0.001
1774254195.5916183,108.289,-9999.000000,26.022329,26.0,15.4991,HIGH,0.6,0.015,0.001
1774254195.6558852,108.354,-9999.000000,26.018357,26.0,15.7394,HIGH,0.6,0.015,0.001
1774254195.7040544,108.402,-9999.000000,26.024714,26.0,15.3368,HIGH,0.6,0.015,0.001
1774254195.7680457,108.466,-9999.000000,26.023918,26.0,15.3967,HIGH,0.6,0.015,0.001
1774254195.8311179,108.529,-9999.000000,26.031464,26.0,14.9277,HIGH,0.6,0.015,0.001
1774254195.8966002,108.594,-9999.000000,26.021933,26.0,15.5239,HIGH,0.6,0.015,0.001
1774254195.9585032,108.656,-9999.000000,26.024314,26.0,15.3604,HIGH,0.6,0.015,0.001
1774254196.0380125,108.736,-9999.000000,26.036630,26.0,14.6055,HIGH,0.6,0.015,0.001
1774254196.1333268,108.831,-9999.000000,26.028287,26.0,15.1262,HIGH,0.6,0.015,0.001
1774254196.2130866,108.911,-9999.000000,26.031068,26.0,14.9434,HIGH,0.6,0.015,0.001
1774254196.2607667,108.959,-9999.000000,26.023125,26.0,15.4385,HIGH,0.6,0.015,0.001
1774254196.3246107,109.022,-9999.000000,26.025507,26.0,15.2728,HIGH,0.6,0.015,0.001
1774254196.3886054,109.086,-9999.000000,26.022726,26.0,15.4455,HIGH,0.6,0.015,0.001
1774254196.4522672,109.150,-9999.000000,26.022726,26.0,15.4390,HIGH,0.6,0.015,0.001
1774254196.5158758,109.214,-9999.000000,26.021137,26.0,15.5348,HIGH,0.6,0.015,0.001
1774254196.5800035,109.278,-9999.000000,26.039411,26.0,14.4036,HIGH,0.6,0.015,0.001
1774254196.6444502,109.342,-9999.000000,26.022726,26.0,15.4569,HIGH,0.6,0.015,0.001
1774254196.6923187,109.390,-9999.000000,26.022726,26.0,15.4294,HIGH,0.6,0.015,0.001
1774254196.755808,109.454,-9999.000000,26.029876,26.0,14.9862,HIGH,0.6,0.015,0.001
1774254196.8191793,109.517,-9999.000000,26.021537,26.0,15.5090,HIGH,0.6,0.015,0.001
1774254196.8850176,109.583,-9999.000000,26.021137,26.0,15.5183,HIGH,0.6,0.015,0.001
1774254196.947847,109.646,-9999.000000,26.027494,26.0,15.1235,HIGH,0.6,0.015,0.001
1774254197.0119672,109.710,-9999.000000,26.024714,26.0,15.3025,HIGH,0.6,0.015,0.001
1774254197.0768142,109.775,-9999.000000,26.021537,26.0,15.4916,HIGH,0.6,0.015,0.001
1774254197.1407073,109.839,-9999.000000,26.022329,26.0,15.4357,HIGH,0.6,0.015,0.001
1774254197.1885943,109.886,-9999.000000,26.027494,26.0,15.1143,HIGH,0.6,0.015,0.001
1774254197.2518857,109.950,-9999.000000,26.027494,26.0,15.1225,HIGH,0.6,0.015,0.001
1774254197.3152843,110.013,-9999.000000,26.037026,26.0,14.5320,HIGH,0.6,0.015,0.001
1774254197.385508,110.083,-9999.000000,26.021933,26.0,15.4718,HIGH,0.6,0.015,0.001
1774254197.4744492,110.172,-9999.000000,26.025110,26.0,15.2528,HIGH,0.6,0.015,0.001
1774254197.5219057,110.220,-9999.000000,26.028287,26.0,15.0570,HIGH,0.6,0.015,0.001
1774254197.6172137,110.315,-9999.000000,26.019549,26.0,15.5944,HIGH,0.6,0.015,0.001
1774254197.696634,110.395,-9999.000000,26.024714,26.0,15.2659,HIGH,0.6,0.015,0.001
1774254197.7758653,110.474,-9999.000000,26.025110,26.0,15.2451,HIGH,0.6,0.015,0.001
1774254197.8550127,110.553,-9999.000000,26.014783,26.0,15.8765,HIGH,0.6,0.015,0.001
1774254197.950338,110.648,-9999.000000,26.026699,26.0,15.1322,HIGH,0.6,0.015,0.001
1774254198.0302782,110.728,-9999.000000,26.026302,26.0,15.1658,HIGH,0.6,0.015,0.001
1774254198.0936933,110.792,-9999.000000,26.023918,26.0,15.3099,HIGH,0.6,0.015,0.001
1774254198.1577024,110.856,-9999.000000,26.021137,26.0,15.4753,HIGH,0.6,0.015,0.001
1774254198.2209582,110.919,-9999.000000,26.034642,26.0,14.6360,HIGH,0.6,0.015,0.001
1774254198.3322515,111.030,-9999.000000,26.021537,26.0,15.4519,HIGH,0.6,0.015,0.001
1774254198.395952,111.094,-9999.000000,26.021137,26.0,15.4627,HIGH,0.6,0.015,0.001
1774254198.4751565,111.173,-9999.000000,26.019948,26.0,15.5325,HIGH,0.6,0.015,0.001
1774254198.538438,111.236,-9999.000000,26.035438,26.0,14.5738,HIGH,0.6,0.015,0.001
1774254198.6500275,111.348,-9999.000000,26.021933,26.0,15.4170,HIGH,0.6,0.015,0.001
1774254198.713585,111.411,-9999.000000,26.025110,26.0,15.2069,HIGH,0.6,0.015,0.001
1774254198.793796,111.492,-9999.000000,26.020741,26.0,15.4770,HIGH,0.6,0.015,0.001
1774254198.8567252,111.555,-9999.000000,26.021933,26.0,15.3960,HIGH,0.6,0.015,0.001
1774254198.9676347,111.666,-9999.000000,26.017960,26.0,15.6369,HIGH,0.6,0.015,0.001
1774254199.030887,111.729,-9999.000000,26.019948,26.0,15.5090,HIGH,0.6,0.015,0.001
1774254199.110836,111.809,-9999.000000,26.035438,26.0,14.5592,HIGH,0.6,0.015,0.001
1774254199.1747794,111.873,-9999.000000,26.018357,26.0,15.6283,HIGH,0.6,0.015,0.001
1774254199.2225647,111.920,-9999.000000,25.990560,26.0,17.3283,HIGH,0.6,0.015,0.001
1774254199.2877808,111.986,-9999.000000,26.023125,26.0,15.2640,HIGH,0.6,0.015,0.001
1774254199.350022,112.048,-9999.000000,26.018357,26.0,15.6060,HIGH,0.6,0.015,0.001
1774254199.4140532,112.112,-9999.000000,26.019948,26.0,15.4984,HIGH,0.6,0.015,0.001
1774254199.4779842,112.176,-9999.000000,26.023522,26.0,15.2787,HIGH,0.6,0.015,0.001
1774254199.5421653,112.240,-9999.000000,26.023918,26.0,15.2576,HIGH,0.6,0.015,0.001
1774254199.606566,112.304,-9999.000000,26.018756,26.0,15.5741,HIGH,0.6,0.015,0.001
1774254199.6702826,112.368,-9999.000000,26.017960,26.0,15.6134,HIGH,0.6,0.015,0.001
1774254199.718388,112.416,-9999.000000,26.018756,26.0,15.5614,HIGH,0.6,0.015,0.001
1774254199.7885141,112.486,-9999.000000,26.016768,26.0,15.6833,HIGH,0.6,0.015,0.001
1774254199.8454745,112.543,-9999.000000,26.021933,26.0,15.3597,HIGH,0.6,0.015,0.001
1774254199.9173405,112.615,-9999.000000,26.022329,26.0,15.3420,HIGH,0.6,0.015,0.001
1774254199.9732018,112.671,-9999.000000,26.016768,26.0,15.6848,HIGH,0.6,0.015,0.001
1774254200.0367625,112.735,-9999.000000,26.027494,26.0,15.0118,HIGH,0.6,0.015,0.001
1774254200.100788,112.799,-9999.000000,26.021137,26.0,15.4180,HIGH,0.6,0.015,0.001
1774254200.1651094,112.863,-9999.000000,26.019948,26.0,15.4793,HIGH,0.6,0.015,0.001
1774254200.2283468,112.926,-9999.000000,26.018756,26.0,15.5491,HIGH,0.6,0.015,0.001
1774254200.2889965,112.987,-9999.000000,26.021537,26.0,15.3738,HIGH,0.6,0.015,0.001
1774254200.3401754,113.038,-9999.000000,26.023522,26.0,15.2536,HIGH,0.6,0.015,0.001
1774254200.4034288,113.101,-9999.000000,26.017564,26.0,15.6227,HIGH,0.6,0.015,0.001
1774254200.467093,113.165,-9999.000000,26.019152,26.0,15.5137,HIGH,0.6,0.015,0.001
1774254200.5306919,113.229,-9999.000000,26.023125,26.0,15.2693,HIGH,0.6,0.015,0.001
1774254200.5946248,113.293,-9999.000000,26.021537,26.0,15.3713,HIGH,0.6,0.015,0.001
1774254200.658988,113.357,-9999.000000,26.017564,26.0,15.6117,HIGH,0.6,0.015,0.001
1774254200.7073765,113.405,-9999.000000,26.025110,26.0,15.1353,HIGH,0.6,0.015,0.001
1774254200.7711587,113.469,-9999.000000,26.025906,26.0,15.0994,HIGH,0.6,0.015,0.001
1774254200.834572,113.532,-9999.000000,26.015180,26.0,15.7597,HIGH,0.6,0.015,0.001
1774254200.899242,113.597,-9999.000000,26.021933,26.0,15.3250,HIGH,0.6,0.015,0.001
1774254200.9634783,113.661,-9999.000000,26.022329,26.0,15.3089,HIGH,0.6,0.015,0.001
1774254201.0275102,113.725,-9999.000000,26.019948,26.0,15.4542,HIGH,0.6,0.015,0.001
1774254201.0914516,113.789,-9999.000000,26.023522,26.0,15.2283,HIGH,0.6,0.015,0.001
1774254201.1389368,113.837,-9999.000000,26.021137,26.0,15.3804,HIGH,0.6,0.015,0.001
1774254201.2019017,113.900,-9999.000000,26.021933,26.0,15.3243,HIGH,0.6,0.015,0.001
1774254201.2657726,113.964,-9999.000000,26.012003,26.0,15.9358,HIGH,0.6,0.015,0.001
1774254201.361544,114.059,-9999.000000,26.023918,26.0,15.1895,HIGH,0.6,0.015,0.001
1774254201.4248192,114.123,-9999.000000,26.021933,26.0,15.3220,HIGH,0.6,0.015,0.001
1774254201.4906273,114.189,-9999.000000,26.020345,26.0,15.4146,HIGH,0.6,0.015,0.001
1774254201.5684493,114.266,-9999.000000,26.017564,26.0,15.5806,HIGH,0.6,0.015,0.001
1774254201.6632268,114.361,-9999.000000,26.013591,26.0,15.8176,HIGH,0.6,0.015,0.001
1774254201.7270422,114.425,-9999.000000,26.022726,26.0,15.2489,HIGH,0.6,0.015,0.001
1774254201.8065205,114.504,-9999.000000,26.015180,26.0,15.7236,HIGH,0.6,0.015,0.001
1774254201.8910542,114.589,-9999.000000,26.014387,26.0,15.7608,HIGH,0.6,0.015,0.001
1774254201.9914098,114.689,-9999.000000,26.019152,26.0,15.4663,HIGH,0.6,0.015,0.001
1774254202.043936,114.742,-9999.000000,26.029876,26.0,14.8049,HIGH,0.6,0.015,0.001
1774254202.1233559,114.821,-9999.000000,26.019549,26.0,15.4556,HIGH,0.6,0.015,0.001
1774254202.1938863,114.892,-9999.000000,26.022329,26.0,15.2695,HIGH,0.6,0.015,0.001
1774254202.2920554,114.990,-9999.000000,26.014783,26.0,15.7317,HIGH,0.6,0.015,0.001
1774254202.3615742,115.059,-9999.000000,26.016372,26.0,15.6247,HIGH,0.6,0.015,0.001
1774254202.425202,115.123,-9999.000000,26.021137,26.0,15.3315,HIGH,0.6,0.015,0.001
1774254202.505083,115.203,-9999.000000,26.014783,26.0,15.7264,HIGH,0.6,0.015,0.001
1774254202.5850012,115.283,-9999.000000,26.030672,26.0,14.7416,HIGH,0.6,0.015,0.001
1774254202.648647,115.347,-9999.000000,26.017168,26.0,15.5913,HIGH,0.6,0.015,0.001
1774254202.727785,115.426,-9999.000000,26.017564,26.0,15.5438,HIGH,0.6,0.015,0.001
1774254202.8066528,115.505,-9999.000000,26.016372,26.0,15.6154,HIGH,0.6,0.015,0.001
1774254202.8858752,115.584,-9999.000000,26.020741,26.0,15.3437,HIGH,0.6,0.015,0.001
1774254202.9806828,115.679,-9999.000000,26.025110,26.0,15.0789,HIGH,0.6,0.015,0.001
1774254203.060172,115.758,-9999.000000,26.014783,26.0,15.7143,HIGH,0.6,0.015,0.001
1774254203.1233532,115.821,-9999.000000,26.015180,26.0,15.6755,HIGH,0.6,0.015,0.001
1774254203.1876528,115.886,-9999.000000,26.018357,26.0,15.4788,HIGH,0.6,0.015,0.001
1774254203.2508214,115.949,-9999.000000,26.019948,26.0,15.3838,HIGH,0.6,0.015,0.001
1774254203.330403,116.028,-9999.000000,26.013195,26.0,15.7985,HIGH,0.6,0.015,0.001
1774254203.4255724,116.123,-9999.000000,26.016372,26.0,15.5937,HIGH,0.6,0.015,0.001
1774254203.5049555,116.203,-9999.000000,26.015579,26.0,15.6437,HIGH,0.6,0.015,0.001
1774254203.5682392,116.266,-9999.000000,26.019152,26.0,15.4209,HIGH,0.6,0.015,0.001
1774254203.6636386,116.362,-9999.000000,26.012799,26.0,15.8126,HIGH,0.6,0.015,0.001
1774254203.7439287,116.442,-9999.000000,26.015976,26.0,15.6094,HIGH,0.6,0.015,0.001
1774254203.8072872,116.505,-9999.000000,26.015180,26.0,15.6609,HIGH,0.6,0.015,0.001
1774254203.8948417,116.593,-9999.000000,26.013591,26.0,15.7550,HIGH,0.6,0.015,0.001
1774254203.965874,116.664,-9999.000000,26.021137,26.0,15.2876,HIGH,0.6,0.015,0.001
1774254204.0607727,116.759,-9999.000000,26.011607,26.0,15.8784,HIGH,0.6,0.015,0.001
1774254204.1401696,116.838,-9999.000000,26.013195,26.0,15.7695,HIGH,0.6,0.015,0.001
1774254204.2032359,116.901,-9999.000000,26.018357,26.0,15.4519,HIGH,0.6,0.015,0.001
1774254204.3139808,117.012,-9999.000000,26.019549,26.0,15.3842,HIGH,0.6,0.015,0.001
1774254204.3774383,117.075,-9999.000000,26.018357,26.0,15.4570,HIGH,0.6,0.015,0.001
1774254204.4569204,117.155,-9999.000000,26.020345,26.0,15.3309,HIGH,0.6,0.015,0.001
1774254204.5368826,117.235,-9999.000000,26.015579,26.0,15.6234,HIGH,0.6,0.015,0.001
1774254204.632176,117.330,-9999.000000,26.013591,26.0,15.7368,HIGH,0.6,0.015,0.001
1774254204.6963713,117.394,-9999.000000,26.017960,26.0,15.4641,HIGH,0.6,0.015,0.001
1774254204.7596269,117.458,-9999.000000,26.021933,26.0,15.2242,HIGH,0.6,0.015,0.001
1774254204.823787,117.522,-9999.000000,26.015180,26.0,15.6447,HIGH,0.6,0.015,0.001
1774254204.8874543,117.585,-9999.000000,26.017168,26.0,15.5102,HIGH,0.6,0.015,0.001
1774254204.951169,117.649,-9999.000000,26.017168,26.0,15.5116,HIGH,0.6,0.015,0.001
1774254205.0149128,117.713,-9999.000000,26.016768,26.0,15.5346,HIGH,0.6,0.015,0.001
1774254205.0942147,117.792,-9999.000000,26.012799,26.0,15.7757,HIGH,0.6,0.015,0.001
1774254205.1419451,117.840,-9999.000000,26.018756,26.0,15.3994,HIGH,0.6,0.015,0.001
1774254205.2212281,117.919,-9999.000000,26.016768,26.0,15.5316,HIGH,0.6,0.015,0.001
1774254205.2851658,117.983,-9999.000000,26.018357,26.0,15.4296,HIGH,0.6,0.015,0.001
1774254205.3491013,118.047,-9999.000000,26.018357,26.0,15.4303,HIGH,0.6,0.015,0.001
1774254205.3972847,118.095,-9999.000000,26.013195,26.0,15.7498,HIGH,0.6,0.015,0.001
1774254205.4763868,118.174,-9999.000000,26.008031,26.0,16.0545,HIGH,0.6,0.015,0.001
1774254205.5243213,118.222,-9999.000000,26.017168,26.0,15.4795,HIGH,0.6,0.015,0.001
1774254205.597884,118.296,-9999.000000,26.017960,26.0,15.4479,HIGH,0.6,0.015,0.001
1774254205.6519873,118.350,-9999.000000,26.028684,26.0,14.7834,HIGH,0.6,0.015,0.001
1774254205.7169466,118.415,-9999.000000,26.019549,26.0,15.3635,HIGH,0.6,0.015,0.001
1774254205.780986,118.479,-9999.000000,26.017564,26.0,15.4699,HIGH,0.6,0.015,0.001
1774254205.8454072,118.543,-9999.000000,26.015976,26.0,15.5631,HIGH,0.6,0.015,0.001
1774254205.8988774,118.597,-9999.000000,26.008031,26.0,16.0515,HIGH,0.6,0.015,0.001
1774254205.9568176,118.655,-9999.000000,26.014387,26.0,15.6430,HIGH,0.6,0.015,0.001
1774254206.0522797,118.750,-9999.000000,26.015976,26.0,15.5547,HIGH,0.6,0.015,0.001
1774254206.1161094,118.814,-9999.000000,26.014387,26.0,15.6528,HIGH,0.6,0.015,0.001
1774254206.2121358,118.910,-9999.000000,26.015579,26.0,15.5753,HIGH,0.6,0.015,0.001
1774254206.275777,118.974,-9999.000000,26.009223,26.0,15.9671,HIGH,0.6,0.015,0.001
1774254206.3711722,119.069,-9999.000000,26.028684,26.0,14.7649,HIGH,0.6,0.015,0.001
1774254206.4190326,119.117,-9999.000000,26.035834,26.0,14.3388,HIGH,0.6,0.015,0.001
1774254206.4828603,119.181,-9999.000000,26.017960,26.0,15.4524,HIGH,0.6,0.015,0.001
1774254206.5621173,119.260,-9999.000000,26.018357,26.0,15.3980,HIGH,0.6,0.015,0.001
1774254206.6252759,119.323,-9999.000000,26.019549,26.0,15.3232,HIGH,0.6,0.015,0.001
1774254206.6883354,119.386,-9999.000000,26.014387,26.0,15.6416,HIGH,0.6,0.015,0.001
1774254206.751638,119.450,-9999.000000,26.015180,26.0,15.5832,HIGH,0.6,0.015,0.001
1774254206.8147352,119.513,-9999.000000,26.013591,26.0,15.6810,HIGH,0.6,0.015,0.001
1774254206.9260585,119.624,-9999.000000,26.015180,26.0,15.5792,HIGH,0.6,0.015,0.001
1774254206.989746,119.688,-9999.000000,26.016768,26.0,15.4812,HIGH,0.6,0.015,0.001
1774254207.0694315,119.767,-9999.000000,26.017960,26.0,15.4085,HIGH,0.6,0.015,0.001
1774254207.1488562,119.847,-9999.000000,26.014387,26.0,15.6272,HIGH,0.6,0.015,0.001
1774254207.2448153,119.943,-9999.000000,26.019549,26.0,15.3048,HIGH,0.6,0.015,0.001
1774254207.3023024,120.000,-9999.000000,26.023125,26.0,15.0874,HIGH,0.6,0.015,0.001
1774254207.3565197,120.054,-9999.000000,26.019948,26.0,15.2885,HIGH,0.6,0.015,0.001
1774254207.4681334,120.166,-9999.000000,26.020741,26.0,15.2309,HIGH,0.6,0.015,0.001
1774254207.5315785,120.229,-9999.000000,26.012399,26.0,15.7440,HIGH,0.6,0.015,0.001
1774254207.6111767,120.309,-9999.000000,26.019152,26.0,15.3149,HIGH,0.6,0.015,0.001
1774254207.690677,120.389,-9999.000000,26.015180,26.0,15.5650,HIGH,0.6,0.015,0.001
1774254207.7544034,120.452,-9999.000000,26.016372,26.0,15.4850,HIGH,0.6,0.015,0.001
1774254207.8336542,120.532,-9999.000000,26.020741,26.0,15.2167,HIGH,0.6,0.015,0.001
1774254207.9285645,120.626,-9999.000000,26.021537,26.0,15.1706,HIGH,0.6,0.015,0.001
1774254208.0233443,120.721,-9999.000000,25.988176,26.0,17.2099,HIGH,0.6,0.015,0.001
1774254208.1042159,120.802,-9999.000000,26.020741,26.0,15.1781,HIGH,0.6,0.015,0.001
1774254208.1826472,120.881,-9999.000000,26.016768,26.0,15.4598,HIGH,0.6,0.015,0.001
1774254208.246189,120.944,-9999.000000,26.013988,26.0,15.6246,HIGH,0.6,0.015,0.001
1774254208.3102403,121.008,-9999.000000,26.020741,26.0,15.2025,HIGH,0.6,0.015,0.001
1774254208.4205403,121.118,-9999.000000,26.013988,26.0,15.6221,HIGH,0.6,0.015,0.001
1774254208.483737,121.182,-9999.000000,26.017168,26.0,15.4185,HIGH,0.6,0.015,0.001
1774254208.562903,121.261,-9999.000000,26.019948,26.0,15.2508,HIGH,0.6,0.015,0.001
1774254208.6744862,121.372,-9999.000000,26.013988,26.0,15.6149,HIGH,0.6,0.015,0.001
1774254208.731339,121.429,-9999.000000,26.020741,26.0,15.1908,HIGH,0.6,0.015,0.001
1774254208.7857614,121.484,-9999.000000,26.016372,26.0,15.4715,HIGH,0.6,0.015,0.001
1774254208.8649652,121.563,-9999.000000,26.010018,26.0,15.8515,HIGH,0.6,0.015,0.001
1774254208.9290342,121.627,-9999.000000,26.016768,26.0,15.4263,HIGH,0.6,0.015,0.001
1774254209.0240474,121.722,-9999.000000,26.019948,26.0,15.2399,HIGH,0.6,0.015,0.001
1774254209.103982,121.802,-9999.000000,26.025507,26.0,14.8997,HIGH,0.6,0.015,0.001
1774254209.1674507,121.865,-9999.000000,26.017564,26.0,15.3941,HIGH,0.6,0.015,0.001
1774254209.2468054,121.945,-9999.000000,26.022726,26.0,15.0626,HIGH,0.6,0.015,0.001
1774254209.3103988,122.008,-9999.000000,26.021933,26.0,15.1158,HIGH,0.6,0.015,0.001
1774254209.3746178,122.072,-9999.000000,26.020345,26.0,15.2104,HIGH,0.6,0.015,0.001
1774254209.4227753,122.121,-9999.000000,26.022726,26.0,15.0585,HIGH,0.6,0.015,0.001
1774254209.4863014,122.184,-9999.000000,26.017564,26.0,15.3796,HIGH,0.6,0.015,0.001
1774254209.5501933,122.248,-9999.000000,26.021537,26.0,15.1248,HIGH,0.6,0.015,0.001
1774254209.6143537,122.312,-9999.000000,26.020345,26.0,15.2025,HIGH,0.6,0.015,0.001
1774254209.6786125,122.376,-9999.000000,26.015976,26.0,15.4680,HIGH,0.6,0.015,0.001
1774254209.7261508,122.424,-9999.000000,26.018357,26.0,15.3120,HIGH,0.6,0.015,0.001
1774254209.7897801,122.488,-9999.000000,26.020741,26.0,15.1683,HIGH,0.6,0.015,0.001
1774254209.8542178,122.552,-9999.000000,26.016768,26.0,15.4149,HIGH,0.6,0.015,0.001
1774254209.9180045,122.616,-9999.000000,26.022726,26.0,15.0398,HIGH,0.6,0.015,0.001
1774254209.982386,122.680,-9999.000000,26.019549,26.0,15.2428,HIGH,0.6,0.015,0.001
1774254210.030603,122.728,-9999.000000,26.020345,26.0,15.1870,HIGH,0.6,0.015,0.001
1774254210.1257558,122.824,-9999.000000,26.017564,26.0,15.3559,HIGH,0.6,0.015,0.001
1774254210.189179,122.887,-9999.000000,26.022329,26.0,15.0574,HIGH,0.6,0.015,0.001
1774254210.284478,122.982,-9999.000000,26.017960,26.0,15.3291,HIGH,0.6,0.015,0.001
1774254210.364345,123.062,-9999.000000,26.019948,26.0,15.2003,HIGH,0.6,0.015,0.001
1774254210.4275382,123.125,-9999.000000,26.020345,26.0,15.1765,HIGH,0.6,0.015,0.001
1774254210.5093474,123.207,-9999.000000,26.020741,26.0,15.1503,HIGH,0.6,0.015,0.001
1774254210.6170673,123.315,-9999.000000,25.996516,26.0,16.6273,HIGH,0.6,0.015,0.001
1774254210.6810038,123.379,-9999.000000,26.024714,26.0,14.8665,HIGH,0.6,0.015,0.001
1774254210.7445257,123.442,-9999.000000,26.017168,26.0,15.3736,HIGH,0.6,0.015,0.001
1774254210.809948,123.508,-9999.000000,26.017168,26.0,15.3601,HIGH,0.6,0.015,0.001
1774254210.87211,123.570,-9999.000000,26.024314,26.0,14.9175,HIGH,0.6,0.015,0.001
1774254210.9673588,123.665,-9999.000000,26.016372,26.0,15.4115,HIGH,0.6,0.015,0.001
1774254211.0308206,123.729,-9999.000000,26.022329,26.0,15.0342,HIGH,0.6,0.015,0.001
1774254211.1106915,123.809,-9999.000000,26.021933,26.0,15.0653,HIGH,0.6,0.015,0.001
1774254211.190018,123.888,-9999.000000,26.022329,26.0,15.0378,HIGH,0.6,0.015,0.001
1774254211.253668,123.952,-9999.000000,26.023125,26.0,14.9871,HIGH,0.6,0.015,0.001
1774254211.3171222,124.015,-9999.000000,26.023522,26.0,14.9617,HIGH,0.6,0.015,0.001
1774254211.3814714,124.079,-9999.000000,26.019152,26.0,15.2294,HIGH,0.6,0.015,0.001
1774254211.460803,124.159,-9999.000000,26.025507,26.0,14.8304,HIGH,0.6,0.015,0.001
1774254211.539736,124.238,-9999.000000,26.024314,26.0,14.9085,HIGH,0.6,0.015,0.001
1774254211.6191142,124.317,-9999.000000,26.023125,26.0,14.9771,HIGH,0.6,0.015,0.001
1774254211.682858,124.381,-9999.000000,26.020741,26.0,15.1204,HIGH,0.6,0.015,0.001
1774254211.7946038,124.492,-9999.000000,26.025906,26.0,14.7978,HIGH,0.6,0.015,0.001
1774254211.8424866,124.540,-9999.000000,26.025507,26.0,14.8254,HIGH,0.6,0.015,0.001
1774254211.9217098,124.620,-9999.000000,26.020345,26.0,15.1384,HIGH,0.6,0.015,0.001
1774254212.0010898,124.699,-9999.000000,26.023125,26.0,14.9588,HIGH,0.6,0.015,0.001
1774254212.064537,124.762,-9999.000000,26.024314,26.0,14.8868,HIGH,0.6,0.015,0.001
1774254212.1440465,124.842,-9999.000000,26.021537,26.0,15.0562,HIGH,0.6,0.015,0.001
1774254212.2466042,124.944,-9999.000000,26.025507,26.0,14.8067,HIGH,0.6,0.015,0.001
1774254212.303145,125.001,-9999.000000,26.025906,26.0,14.7837,HIGH,0.6,0.015,0.001
1774254212.3671234,125.065,-9999.000000,26.023918,26.0,14.9045,HIGH,0.6,0.015,0.001
1774254212.4303534,125.128,-9999.000000,26.023918,26.0,14.8992,HIGH,0.6,0.015,0.001
1774254212.4941776,125.192,-9999.000000,26.027095,26.0,14.7010,HIGH,0.6,0.015,0.001
1774254212.6052673,125.303,-9999.000000,26.022726,26.0,14.9682,HIGH,0.6,0.015,0.001
1774254212.6690764,125.367,-9999.000000,26.002473,26.0,16.2110,HIGH,0.6,0.015,0.001
1774254212.7328222,125.431,-9999.000000,26.021537,26.0,15.0035,HIGH,0.6,0.015,0.001
1774254212.796302,125.494,-9999.000000,26.044970,26.0,13.5862,HIGH,0.6,0.015,0.001
1774254212.875844,125.574,-9999.000000,26.021137,26.0,15.0805,HIGH,0.6,0.015,0.001
1774254212.9396324,125.638,-9999.000000,26.026302,26.0,14.7300,HIGH,0.6,0.015,0.001
1774254213.0507267,125.749,-9999.000000,26.028684,26.0,14.5883,HIGH,0.6,0.015,0.001
1774254213.1142437,125.812,-9999.000000,26.015579,26.0,15.3959,HIGH,0.6,0.015,0.001
1774254213.177985,125.876,-9999.000000,26.025906,26.0,14.7369,HIGH,0.6,0.015,0.001
1774254213.2414725,125.939,-9999.000000,26.032260,26.0,14.3588,HIGH,0.6,0.015,0.001
1774254213.3139677,126.012,-9999.000000,26.012399,26.0,15.5865,HIGH,0.6,0.015,0.001
1774254213.3693576,126.067,-9999.000000,26.026699,26.0,14.6731,HIGH,0.6,0.015,0.001
1774254213.43343,126.131,-9999.000000,26.027494,26.0,14.6473,HIGH,0.6,0.015,0.001
1774254213.4811277,126.179,-9999.000000,26.023125,26.0,14.9182,HIGH,0.6,0.015,0.001
1774254213.5449796,126.243,-9999.000000,26.030275,26.0,14.4660,HIGH,0.6,0.015,0.001
1774254213.640034,126.338,-9999.000000,26.023522,26.0,14.8861,HIGH,0.6,0.015,0.001
1774254213.714945,126.413,-9999.000000,26.023522,26.0,14.8764,HIGH,0.6,0.015,0.001
1774254213.8150902,126.513,-9999.000000,26.017564,26.0,15.2371,HIGH,0.6,0.015,0.001
1774254213.8787904,126.577,-9999.000000,26.045369,26.0,13.5149,HIGH,0.6,0.015,0.001
1774254213.9579046,126.656,-9999.000000,26.025110,26.0,14.7967,HIGH,0.6,0.015,0.001
1774254214.036981,126.735,-9999.000000,26.027095,26.0,14.6463,HIGH,0.6,0.015,0.001
1774254214.1318812,126.830,-9999.000000,26.025507,26.0,14.7422,HIGH,0.6,0.015,0.001
1774254214.242816,126.941,-9999.000000,26.022726,26.0,14.9060,HIGH,0.6,0.015,0.001
1774254214.2905078,126.988,-9999.000000,26.026699,26.0,14.6549,HIGH,0.6,0.015,0.001
1774254214.354743,127.053,-9999.000000,26.026302,26.0,14.6851,HIGH,0.6,0.015,0.001
1774254214.4347384,127.133,-9999.000000,26.023918,26.0,14.8277,HIGH,0.6,0.015,0.001
1774254214.5165648,127.214,-9999.000000,26.027095,26.0,14.6269,HIGH,0.6,0.015,0.001
1774254214.5775347,127.275,-9999.000000,26.028287,26.0,14.5547,HIGH,0.6,0.015,0.001
1774254214.6883357,127.386,-9999.000000,26.024714,26.0,14.7702,HIGH,0.6,0.015,0.001
1774254214.7522585,127.450,-9999.000000,26.042192,26.0,13.6869,HIGH,0.6,0.015,0.001
1774254214.8213124,127.519,-9999.000000,26.027095,26.0,14.6391,HIGH,0.6,0.015,0.001
1774254214.8946474,127.593,-9999.000000,26.029479,26.0,14.4676,HIGH,0.6,0.015,0.001
1774254214.974013,127.672,-9999.000000,26.028287,26.0,14.5406,HIGH,0.6,0.015,0.001
1774254215.069167,127.767,-9999.000000,26.022726,26.0,14.8753,HIGH,0.6,0.015,0.001
1774254215.1643305,127.862,-9999.000000,26.025906,26.0,14.6717,HIGH,0.6,0.015,0.001
1774254215.2438574,127.942,-9999.000000,25.992941,26.0,16.6952,HIGH,0.6,0.015,0.001
1774254215.3076022,128.005,-9999.000000,26.026302,26.0,14.5972,HIGH,0.6,0.015,0.001
1774254215.371278,128.069,-9999.000000,26.025906,26.0,14.6715,HIGH,0.6,0.015,0.001
1774254215.450861,128.149,-9999.000000,26.024314,26.0,14.7654,HIGH,0.6,0.015,0.001
1774254215.4990354,128.197,-9999.000000,26.022329,26.0,14.8850,HIGH,0.6,0.015,0.001
1774254215.5621886,128.260,-9999.000000,26.044177,26.0,13.5313,HIGH,0.6,0.015,0.001
1774254215.6264322,128.324,-9999.000000,26.019549,26.0,15.0800,HIGH,0.6,0.015,0.001
1774254215.6902153,128.388,-9999.000000,26.022726,26.0,14.8439,HIGH,0.6,0.015,0.001
1774254215.737947,128.436,-9999.000000,26.041792,26.0,13.6620,HIGH,0.6,0.015,0.001
1774254215.8016136,128.499,-9999.000000,26.019549,26.0,15.0696,HIGH,0.6,0.015,0.001
1774254215.8658187,128.564,-9999.000000,26.027095,26.0,14.5675,HIGH,0.6,0.015,0.001
1774254215.9299052,128.628,-9999.000000,26.025906,26.0,14.6500,HIGH,0.6,0.015,0.001
1774254215.9948952,128.693,-9999.000000,26.020741,26.0,14.9640,HIGH,0.6,0.015,0.001
1774254216.0592778,128.757,-9999.000000,26.024314,26.0,14.7337,HIGH,0.6,0.015,0.001
1774254216.119202,128.817,-9999.000000,26.027095,26.0,14.5653,HIGH,0.6,0.015,0.001
1774254216.2029028,128.901,-9999.000000,26.025507,26.0,14.6640,HIGH,0.6,0.015,0.001
1774254216.2512581,128.949,-9999.000000,26.024714,26.0,14.7095,HIGH,0.6,0.015,0.001
1774254216.3194017,129.017,-9999.000000,26.028287,26.0,14.4853,HIGH,0.6,0.015,0.001
1774254216.394029,129.092,-9999.000000,26.021933,26.0,14.8779,HIGH,0.6,0.015,0.001
1774254216.4738462,129.172,-9999.000000,26.023125,26.0,14.7936,HIGH,0.6,0.015,0.001
1774254216.569026,129.267,-9999.000000,26.026699,26.0,14.5731,HIGH,0.6,0.015,0.001
1774254216.632513,129.330,-9999.000000,26.023522,26.0,14.7702,HIGH,0.6,0.015,0.001
1774254216.7432675,129.441,-9999.000000,26.018357,26.0,15.0767,HIGH,0.6,0.015,0.001
1774254216.7915337,129.489,-9999.000000,26.026302,26.0,14.5770,HIGH,0.6,0.015,0.001
1774254216.8708067,129.569,-9999.000000,26.023918,26.0,14.7367,HIGH,0.6,0.015,0.001
1774254216.9503117,129.648,-9999.000000,26.024314,26.0,14.7065,HIGH,0.6,0.015,0.001
1774254217.0297658,129.728,-9999.000000,26.020741,26.0,14.9234,HIGH,0.6,0.015,0.001
1774254217.1254876,129.823,-9999.000000,26.024714,26.0,14.6728,HIGH,0.6,0.015,0.001
1774254217.205208,129.903,-9999.000000,26.023522,26.0,14.7472,HIGH,0.6,0.015,0.001
1774254217.2690887,129.967,-9999.000000,26.023522,26.0,14.7434,HIGH,0.6,0.015,0.001
1774254217.3204195,130.018,-9999.000000,26.035041,26.0,14.0271,HIGH,0.6,0.015,0.001
1774254217.3961356,130.094,-9999.000000,26.024314,26.0,14.7046,HIGH,0.6,0.015,0.001
1774254217.4914782,130.189,-9999.000000,26.023522,26.0,14.7354,HIGH,0.6,0.015,0.001
1774254217.5706682,130.269,-9999.000000,26.025110,26.0,14.6343,HIGH,0.6,0.015,0.001
1774254217.6344454,130.332,-9999.000000,26.010018,26.0,15.5645,HIGH,0.6,0.015,0.001
1774254217.7207608,130.419,-9999.000000,26.025110,26.0,14.6146,HIGH,0.6,0.015,0.001
1774254217.7941701,130.492,-9999.000000,26.021537,26.0,14.8490,HIGH,0.6,0.015,0.001
1774254217.888792,130.587,-9999.000000,26.025110,26.0,14.6224,HIGH,0.6,0.015,0.001
1774254217.9690115,130.667,-9999.000000,26.025507,26.0,14.5988,HIGH,0.6,0.015,0.001
1774254218.0326035,130.730,-9999.000000,26.019948,26.0,14.9397,HIGH,0.6,0.015,0.001
1774254218.149627,130.848,-9999.000000,26.019152,26.0,14.9760,HIGH,0.6,0.015,0.001
1774254218.1908708,130.889,-9999.000000,26.025110,26.0,14.6018,HIGH,0.6,0.015,0.001
1774254218.2538574,130.952,-9999.000000,26.021933,26.0,14.8099,HIGH,0.6,0.015,0.001
1774254218.322094,131.020,-9999.000000,26.019948,26.0,14.9248,HIGH,0.6,0.015,0.001
1774254218.3972747,131.095,-9999.000000,26.018756,26.0,14.9929,HIGH,0.6,0.015,0.001
1774254218.4603813,131.158,-9999.000000,26.020345,26.0,14.8915,HIGH,0.6,0.015,0.001
1774254218.5239477,131.222,-9999.000000,26.023918,26.0,14.6718,HIGH,0.6,0.015,0.001
1774254218.635236,131.333,-9999.000000,26.021933,26.0,14.7946,HIGH,0.6,0.015,0.001
1774254218.6987016,131.397,-9999.000000,26.017960,26.0,15.0357,HIGH,0.6,0.015,0.001
1774254218.7646167,131.462,-9999.000000,26.017564,26.0,15.0521,HIGH,0.6,0.015,0.001
1774254218.8265097,131.524,-9999.000000,26.016372,26.0,15.1234,HIGH,0.6,0.015,0.001
1774254218.9054046,131.603,-9999.000000,26.019152,26.0,14.9489,HIGH,0.6,0.015,0.001
1774254218.968781,131.667,-9999.000000,26.019549,26.0,14.9262,HIGH,0.6,0.015,0.001
1774254219.0230935,131.721,-9999.000000,26.017168,26.0,15.0726,HIGH,0.6,0.015,0.001
1774254219.0795228,131.777,-9999.000000,26.017960,26.0,15.0178,HIGH,0.6,0.015,0.001
1774254219.1430528,131.841,-9999.000000,26.021137,26.0,14.8215,HIGH,0.6,0.015,0.001
1774254219.2063606,131.904,-9999.000000,26.018756,26.0,14.9714,HIGH,0.6,0.015,0.001
1774254219.2698524,131.968,-9999.000000,26.016768,26.0,15.0884,HIGH,0.6,0.015,0.001
1774254219.3329191,132.031,-9999.000000,26.032657,26.0,14.1037,HIGH,0.6,0.015,0.001
1774254219.3961265,132.094,-9999.000000,26.018357,26.0,15.0078,HIGH,0.6,0.015,0.001
1774254219.4600105,132.158,-9999.000000,26.017960,26.0,15.0078,HIGH,0.6,0.015,0.001
1774254219.5241613,132.222,-9999.000000,26.021137,26.0,14.8096,HIGH,0.6,0.015,0.001
1774254219.5718853,132.270,-9999.000000,26.017960,26.0,15.0106,HIGH,0.6,0.015,0.001
1774254219.635465,132.333,-9999.000000,26.017960,26.0,15.0022,HIGH,0.6,0.015,0.001
1774254219.6991007,132.397,-9999.000000,26.018357,26.0,14.9760,HIGH,0.6,0.015,0.001
1774254219.7628715,132.461,-9999.000000,26.017564,26.0,15.0238,HIGH,0.6,0.015,0.001
1774254219.8264983,132.524,-9999.000000,26.019549,26.0,14.8985,HIGH,0.6,0.015,0.001
1774254219.8745816,132.572,-9999.000000,26.016372,26.0,15.0976,HIGH,0.6,0.015,0.001
1774254219.9699938,132.668,-9999.000000,26.034245,26.0,13.9950,HIGH,0.6,0.015,0.001
1774254220.0333276,132.731,-9999.000000,26.014387,26.0,15.2352,HIGH,0.6,0.015,0.001
1774254220.0968213,132.795,-9999.000000,26.018756,26.0,14.9330,HIGH,0.6,0.015,0.001
1774254220.207986,132.906,-9999.000000,26.012399,26.0,15.3250,HIGH,0.6,0.015,0.001
1774254220.2561598,132.954,-9999.000000,26.018756,26.0,14.9233,HIGH,0.6,0.015,0.001
1774254220.3515537,133.049,-9999.000000,25.998501,26.0,16.1733,HIGH,0.6,0.015,0.001
1774254220.3996696,133.098,-9999.000000,26.017168,26.0,14.9920,HIGH,0.6,0.015,0.001
1774254220.4638784,133.162,-9999.000000,26.019549,26.0,14.8823,HIGH,0.6,0.015,0.001
1774254220.5279522,133.226,-9999.000000,26.012399,26.0,15.3250,HIGH,0.6,0.015,0.001
1774254220.6076941,133.306,-9999.000000,26.021933,26.0,14.7272,HIGH,0.6,0.015,0.001
1774254220.6708636,133.369,-9999.000000,26.016768,26.0,15.0556,HIGH,0.6,0.015,0.001
1774254220.782431,133.480,-9999.000000,26.022726,26.0,14.6809,HIGH,0.6,0.015,0.001
1774254220.8462038,133.544,-9999.000000,26.018756,26.0,14.9288,HIGH,0.6,0.015,0.001
1774254220.9271321,133.625,-9999.000000,26.016768,26.0,15.0423,HIGH,0.6,0.015,0.001
1774254221.0365686,133.734,-9999.000000,26.017564,26.0,14.9885,HIGH,0.6,0.015,0.001
1774254221.0999753,133.798,-9999.000000,26.016372,26.0,15.0610,HIGH,0.6,0.015,0.001
1774254221.2116973,133.910,-9999.000000,26.014783,26.0,15.1534,HIGH,0.6,0.015,0.001
1774254221.2746813,133.973,-9999.000000,26.011607,26.0,15.3465,HIGH,0.6,0.015,0.001
1774254221.3381276,134.036,-9999.000000,26.011607,26.0,15.3404,HIGH,0.6,0.015,0.001
1774254221.4017375,134.100,-9999.000000,26.013591,26.0,15.2169,HIGH,0.6,0.015,0.001
1774254221.4836051,134.181,-9999.000000,26.015976,26.0,15.0721,HIGH,0.6,0.015,0.001
1774254221.5454936,134.243,-9999.000000,26.015579,26.0,15.0980,HIGH,0.6,0.015,0.001
1774254221.6568313,134.355,-9999.000000,26.012003,26.0,15.3131,HIGH,0.6,0.015,0.001
1774254221.7285569,134.426,-9999.000000,26.010811,26.0,15.3819,HIGH,0.6,0.015,0.001
1774254221.7996376,134.498,-9999.000000,26.016372,26.0,15.0370,HIGH,0.6,0.015,0.001
1774254221.879562,134.577,-9999.000000,26.017168,26.0,14.9941,HIGH,0.6,0.015,0.001
1774254221.9747276,134.673,-9999.000000,26.027095,26.0,14.3851,HIGH,0.6,0.015,0.001
1774254222.0708141,134.769,-9999.000000,26.011210,26.0,15.3635,HIGH,0.6,0.015,0.001
1774254222.1504328,134.848,-9999.000000,26.014783,26.0,15.1264,HIGH,0.6,0.015,0.001
1774254222.2292037,134.927,-9999.000000,26.009622,26.0,15.4460,HIGH,0.6,0.015,0.001
1774254222.2924657,134.990,-9999.000000,26.031464,26.0,14.0913,HIGH,0.6,0.015,0.001
1774254222.4036844,135.102,-9999.000000,26.017168,26.0,14.9937,HIGH,0.6,0.015,0.001
1774254222.4512634,135.149,-9999.000000,26.008826,26.0,15.4982,HIGH,0.6,0.015,0.001
1774254222.5146878,135.213,-9999.000000,26.016372,26.0,15.0145,HIGH,0.6,0.015,0.001
1774254222.5771742,135.275,-9999.000000,26.017168,26.0,14.9758,HIGH,0.6,0.015,0.001
1774254222.6567461,135.355,-9999.000000,26.009223,26.0,15.4626,HIGH,0.6,0.015,0.001
1774254222.7362633,135.434,-9999.000000,26.014387,26.0,15.1345,HIGH,0.6,0.015,0.001
1774254222.799719,135.498,-9999.000000,26.011607,26.0,15.3111,HIGH,0.6,0.015,0.001
1774254222.8793316,135.577,-9999.000000,26.011607,26.0,15.3054,HIGH,0.6,0.015,0.001
1774254222.9751694,135.673,-9999.000000,26.008031,26.0,15.5225,HIGH,0.6,0.015,0.001
1774254223.0385404,135.736,-9999.000000,26.010811,26.0,15.3466,HIGH,0.6,0.015,0.001
1774254223.1498084,135.848,-9999.000000,26.013195,26.0,15.2035,HIGH,0.6,0.015,0.001
1774254223.21284,135.911,-9999.000000,26.013988,26.0,15.1555,HIGH,0.6,0.015,0.001
1774254223.2843957,135.982,-9999.000000,26.015579,26.0,15.0574,HIGH,0.6,0.015,0.001
1774254223.3395522,136.037,-9999.000000,26.022726,26.0,14.6160,HIGH,0.6,0.015,0.001
1774254223.4185846,136.116,-9999.000000,26.014783,26.0,15.1138,HIGH,0.6,0.015,0.001
1774254223.4982135,136.196,-9999.000000,26.013591,26.0,15.1752,HIGH,0.6,0.015,0.001
1774254223.60983,136.308,-9999.000000,26.019948,26.0,14.7832,HIGH,0.6,0.015,0.001
1774254223.6764789,136.374,-9999.000000,26.014387,26.0,15.1295,HIGH,0.6,0.015,0.001
1774254223.737476,136.435,-9999.000000,26.015976,26.0,15.0218,HIGH,0.6,0.015,0.001
1774254223.801097,136.499,-9999.000000,26.013591,26.0,15.1699,HIGH,0.6,0.015,0.001
1774254223.863952,136.562,-9999.000000,26.016768,26.0,14.9689,HIGH,0.6,0.015,0.001
1774254223.9362419,136.634,-9999.000000,26.031864,26.0,14.0439,HIGH,0.6,0.015,0.001
1774254224.0393853,136.737,-9999.000000,26.017960,26.0,14.9096,HIGH,0.6,0.015,0.001
1774254224.1030278,136.801,-9999.000000,26.015579,26.0,15.0413,HIGH,0.6,0.015,0.001
1774254224.1826642,136.881,-9999.000000,26.010415,26.0,15.3527,HIGH,0.6,0.015,0.001
1774254224.24614,136.944,-9999.000000,26.011210,26.0,15.2961,HIGH,0.6,0.015,0.001
1774254224.3730521,137.071,-9999.000000,26.024714,26.0,14.4718,HIGH,0.6,0.015,0.001
1774254224.4364579,137.134,-9999.000000,26.010018,26.0,15.3864,HIGH,0.6,0.015,0.001
1774254224.562919,137.261,-9999.000000,26.030672,26.0,14.1019,HIGH,0.6,0.015,0.001
1774254224.6329346,137.331,-9999.000000,26.011607,26.0,15.2881,HIGH,0.6,0.015,0.001
1774254224.7053204,137.403,-9999.000000,26.010415,26.0,15.3329,HIGH,0.6,0.015,0.001
1774254224.832855,137.531,-9999.000000,26.011210,26.0,15.2808,HIGH,0.6,0.015,0.001
1774254224.9332685,137.631,-9999.000000,26.016768,26.0,14.9399,HIGH,0.6,0.015,0.001
1774254225.0067136,137.705,-9999.000000,26.013988,26.0,15.1145,HIGH,0.6,0.015,0.001
1774254225.1016085,137.799,-9999.000000,26.011210,26.0,15.2787,HIGH,0.6,0.015,0.001
1774254225.1649804,137.863,-9999.000000,26.013195,26.0,15.1523,HIGH,0.6,0.015,0.001
1774254225.2448013,137.943,-9999.000000,26.017564,26.0,14.8857,HIGH,0.6,0.015,0.001
1774254225.3715565,138.069,-9999.000000,26.020741,26.0,14.6941,HIGH,0.6,0.015,0.001
1774254225.4503946,138.148,-9999.000000,26.011210,26.0,15.2792,HIGH,0.6,0.015,0.001
1774254225.5617056,138.260,-9999.000000,26.003266,26.0,15.7504,HIGH,0.6,0.015,0.001
1774254225.6261084,138.324,-9999.000000,26.019549,26.0,14.7391,HIGH,0.6,0.015,0.001
1774254225.689888,138.388,-9999.000000,25.998105,26.0,16.0848,HIGH,0.6,0.015,0.001
1774254225.7537503,138.452,-9999.000000,26.029083,26.0,14.1412,HIGH,0.6,0.015,0.001
1774254225.8808324,138.579,-9999.000000,26.016372,26.0,14.9593,HIGH,0.6,0.015,0.001
1774254225.943946,138.642,-9999.000000,26.016372,26.0,14.9477,HIGH,0.6,0.015,0.001
1774254226.071672,138.770,-9999.000000,26.015579,26.0,14.9929,HIGH,0.6,0.015,0.001
1774254226.1198592,138.818,-9999.000000,26.014783,26.0,15.0406,HIGH,0.6,0.015,0.001
1774254226.1992612,138.897,-9999.000000,26.021537,26.0,14.6227,HIGH,0.6,0.015,0.001
1774254226.2628736,138.961,-9999.000000,26.015976,26.0,14.9721,HIGH,0.6,0.015,0.001
1774254226.3900495,139.088,-9999.000000,26.019549,26.0,14.7424,HIGH,0.6,0.015,0.001
1774254226.4536366,139.152,-9999.000000,26.013988,26.0,15.0863,HIGH,0.6,0.015,0.001
1774254226.56537,139.263,-9999.000000,26.001281,26.0,15.8511,HIGH,0.6,0.015,0.001
1774254226.6445827,139.342,-9999.000000,26.013591,26.0,15.0840,HIGH,0.6,0.015,0.001
1774254226.7230768,139.421,-9999.000000,26.014387,26.0,15.0491,HIGH,0.6,0.015,0.001
1774254226.850239,139.548,-9999.000000,26.017960,26.0,14.8294,HIGH,0.6,0.015,0.001
1774254226.9613414,139.659,-9999.000000,26.017564,26.0,14.8535,HIGH,0.6,0.015,0.001
1774254227.0294483,139.727,-9999.000000,26.015579,26.0,14.9735,HIGH,0.6,0.015,0.001
1774254227.089014,139.787,-9999.000000,26.020345,26.0,14.6749,HIGH,0.6,0.015,0.001
1774254227.2000794,139.898,-9999.000000,26.018756,26.0,14.7765,HIGH,0.6,0.015,0.001
1774254227.2792163,139.977,-9999.000000,26.015976,26.0,14.9435,HIGH,0.6,0.015,0.001
1774254227.3426678,140.041,-9999.000000,26.019948,26.0,14.6935,HIGH,0.6,0.015,0.001
1774254227.453968,140.152,-9999.000000,26.021933,26.0,14.5752,HIGH,0.6,0.015,0.001
1774254227.5177674,140.216,-9999.000000,26.019948,26.0,14.6973,HIGH,0.6,0.015,0.001
1774254227.581606,140.279,-9999.000000,26.017168,26.0,14.8637,HIGH,0.6,0.015,0.001
1774254227.6616457,140.360,-9999.000000,26.021537,26.0,14.5892,HIGH,0.6,0.015,0.001
1774254227.7727382,140.471,-9999.000000,26.022329,26.0,14.5426,HIGH,0.6,0.015,0.001
1774254227.8374765,140.535,-9999.000000,26.018756,26.0,14.7614,HIGH,0.6,0.015,0.001
1774254227.937677,140.636,-9999.000000,26.035041,26.0,13.7573,HIGH,0.6,0.015,0.001
1774254228.0104182,140.708,-9999.000000,26.009622,26.0,15.3326,HIGH,0.6,0.015,0.001
1774254228.0745285,140.772,-9999.000000,26.013988,26.0,15.0275,HIGH,0.6,0.015,0.001
1774254228.1539423,140.852,-9999.000000,26.018756,26.0,14.7400,HIGH,0.6,0.015,0.001
1774254228.2497792,140.948,-9999.000000,26.017168,26.0,14.8405,HIGH,0.6,0.015,0.001
1774254228.34573,141.044,-9999.000000,26.015579,26.0,14.9336,HIGH,0.6,0.015,0.001
1774254228.40962,141.108,-9999.000000,26.015579,26.0,14.9304,HIGH,0.6,0.015,0.001
1774254228.489251,141.187,-9999.000000,26.022726,26.0,14.4899,HIGH,0.6,0.015,0.001
1774254228.5848484,141.283,-9999.000000,26.018357,26.0,14.7630,HIGH,0.6,0.015,0.001
1774254228.6397943,141.338,-9999.000000,26.019152,26.0,14.7076,HIGH,0.6,0.015,0.001
1774254228.6968827,141.395,-9999.000000,26.013591,26.0,15.0513,HIGH,0.6,0.015,0.001
1774254228.744174,141.442,-9999.000000,26.015180,26.0,14.9419,HIGH,0.6,0.015,0.001
1774254228.8241465,141.522,-9999.000000,26.012399,26.0,15.1140,HIGH,0.6,0.015,0.001
1774254228.8715415,141.569,-9999.000000,26.002473,26.0,15.7269,HIGH,0.6,0.015,0.001
1774254228.9514506,141.649,-9999.000000,26.020741,26.0,14.5845,HIGH,0.6,0.015,0.001
1774254229.014852,141.713,-9999.000000,26.014387,26.0,14.9973,HIGH,0.6,0.015,0.001
1774254229.0787413,141.777,-9999.000000,26.021137,26.0,14.5697,HIGH,0.6,0.015,0.001
1774254229.1422808,141.840,-9999.000000,26.016372,26.0,14.8721,HIGH,0.6,0.015,0.001
1774254229.2059498,141.904,-9999.000000,26.017168,26.0,14.8140,HIGH,0.6,0.015,0.001
1774254229.2702806,141.968,-9999.000000,26.018357,26.0,14.7402,HIGH,0.6,0.015,0.001
1774254229.3340514,142.032,-9999.000000,26.010811,26.0,15.2056,HIGH,0.6,0.015,0.001
1774254229.3812814,142.079,-9999.000000,26.017960,26.0,14.7484,HIGH,0.6,0.015,0.001
1774254229.4447904,142.143,-9999.000000,26.019549,26.0,14.6639,HIGH,0.6,0.015,0.001
1774254229.5084746,142.206,-9999.000000,26.030672,26.0,13.9786,HIGH,0.6,0.015,0.001
1774254229.5723817,142.270,-9999.000000,26.014783,26.0,14.9728,HIGH,0.6,0.015,0.001
1774254229.6360476,142.334,-9999.000000,26.018357,26.0,14.7262,HIGH,0.6,0.015,0.001
1774254229.6997633,142.398,-9999.000000,26.014783,26.0,14.9504,HIGH,0.6,0.015,0.001
1774254229.7479923,142.446,-9999.000000,26.019948,26.0,14.6228,HIGH,0.6,0.015,0.001
1774254229.811948,142.510,-9999.000000,26.018357,26.0,14.7297,HIGH,0.6,0.015,0.001
1774254229.9070294,142.605,-9999.000000,26.015976,26.0,14.8703,HIGH,0.6,0.015,0.001
1774254229.9708707,142.669,-9999.000000,26.021137,26.0,14.5480,HIGH,0.6,0.015,0.001
1774254230.0417604,142.740,-9999.000000,26.016768,26.0,14.8226,HIGH,0.6,0.015,0.001
1774254230.1145866,142.812,-9999.000000,26.013195,26.0,15.0343,HIGH,0.6,0.015,0.001
1774254230.194306,142.892,-9999.000000,26.019549,26.0,14.6378,HIGH,0.6,0.015,0.001
1774254230.2740507,142.972,-9999.000000,26.015180,26.0,14.9116,HIGH,0.6,0.015,0.001
1774254230.3537042,143.052,-9999.000000,26.019152,26.0,14.6605,HIGH,0.6,0.015,0.001
1774254230.4493988,143.147,-9999.000000,26.021537,26.0,14.5169,HIGH,0.6,0.015,0.001
1774254230.5126982,143.211,-9999.000000,26.019948,26.0,14.6153,HIGH,0.6,0.015,0.001
1774254230.592167,143.290,-9999.000000,26.022726,26.0,14.4399,HIGH,0.6,0.015,0.001
1774254230.6560261,143.354,-9999.000000,26.018756,26.0,14.6860,HIGH,0.6,0.015,0.001
1774254230.7193892,143.417,-9999.000000,26.017168,26.0,14.7760,HIGH,0.6,0.015,0.001
1774254230.7995117,143.497,-9999.000000,26.029479,26.0,14.0158,HIGH,0.6,0.015,0.001
1774254230.894795,143.593,-9999.000000,26.013591,26.0,14.9992,HIGH,0.6,0.015,0.001
1774254230.9585028,143.656,-9999.000000,26.029083,26.0,14.0259,HIGH,0.6,0.015,0.001
1774254231.0377386,143.736,-9999.000000,26.023522,26.0,14.3882,HIGH,0.6,0.015,0.001
1774254231.1493654,143.847,-9999.000000,26.015579,26.0,14.8622,HIGH,0.6,0.015,0.001
1774254231.2130892,143.911,-9999.000000,26.015180,26.0,14.8782,HIGH,0.6,0.015,0.001
1774254231.2921264,143.990,-9999.000000,26.016372,26.0,14.8026,HIGH,0.6,0.015,0.001
1774254231.3869522,144.085,-9999.000000,26.012399,26.0,15.0449,HIGH,0.6,0.015,0.001
1774254231.466763,144.165,-9999.000000,26.014783,26.0,14.8929,HIGH,0.6,0.015,0.001
1774254231.532215,144.230,-9999.000000,26.019152,26.0,14.6252,HIGH,0.6,0.015,0.001
1774254231.6250923,144.323,-9999.000000,26.017960,26.0,14.7022,HIGH,0.6,0.015,0.001
1774254231.7042205,144.402,-9999.000000,26.019948,26.0,14.5768,HIGH,0.6,0.015,0.001
1774254231.7837276,144.482,-9999.000000,26.015976,26.0,14.8207,HIGH,0.6,0.015,0.001
1774254231.863675,144.562,-9999.000000,26.016372,26.0,14.7895,HIGH,0.6,0.015,0.001
1774254231.958695,144.657,-9999.000000,26.013195,26.0,14.9821,HIGH,0.6,0.015,0.001
1774254232.022125,144.720,-9999.000000,26.014783,26.0,14.8795,HIGH,0.6,0.015,0.001
1774254232.1330192,144.831,-9999.000000,26.015976,26.0,14.8067,HIGH,0.6,0.015,0.001
1774254232.2123904,144.910,-9999.000000,26.015180,26.0,14.8548,HIGH,0.6,0.015,0.001
1774254232.2604282,144.958,-9999.000000,26.017168,26.0,14.7291,HIGH,0.6,0.015,0.001
1774254232.3458998,145.044,-9999.000000,26.014783,26.0,14.8772,HIGH,0.6,0.015,0.001
1774254232.419705,145.118,-9999.000000,26.021537,26.0,14.4577,HIGH,0.6,0.015,0.001
1774254232.531156,145.229,-9999.000000,26.013591,26.0,14.9484,HIGH,0.6,0.015,0.001
1774254232.578968,145.277,-9999.000000,26.016372,26.0,14.7675,HIGH,0.6,0.015,0.001
1774254232.6466181,145.344,-9999.000000,26.013195,26.0,14.9672,HIGH,0.6,0.015,0.001
1774254232.7066658,145.405,-9999.000000,26.017960,26.0,14.6671,HIGH,0.6,0.015,0.001
1774254232.7708197,145.469,-9999.000000,26.020741,26.0,14.5018,HIGH,0.6,0.015,0.001
1774254232.818177,145.516,-9999.000000,26.010018,26.0,15.1715,HIGH,0.6,0.015,0.001
1774254232.8816104,145.579,-9999.000000,26.015579,26.0,14.8049,HIGH,0.6,0.015,0.001
1774254232.9472516,145.645,-9999.000000,26.017564,26.0,14.6898,HIGH,0.6,0.015,0.001
1774254233.0098448,145.708,-9999.000000,26.012799,26.0,14.9852,HIGH,0.6,0.015,0.001
1774254233.074163,145.772,-9999.000000,26.016768,26.0,14.7316,HIGH,0.6,0.015,0.001
1774254233.1382298,145.836,-9999.000000,26.018756,26.0,14.6136,HIGH,0.6,0.015,0.001
1774254233.2018783,145.900,-9999.000000,26.013591,26.0,14.9334,HIGH,0.6,0.015,0.001
1774254233.2497232,145.948,-9999.000000,26.009223,26.0,15.1959,HIGH,0.6,0.015,0.001
1774254233.3135207,146.011,-9999.000000,26.016372,26.0,14.7450,HIGH,0.6,0.015,0.001
1774254233.409565,146.107,-9999.000000,26.010018,26.0,15.1426,HIGH,0.6,0.015,0.001
1774254233.4577796,146.156,-9999.000000,26.012799,26.0,14.9625,HIGH,0.6,0.015,0.001
1774254233.5215323,146.219,-9999.000000,26.027494,26.0,14.0608,HIGH,0.6,0.015,0.001
1774254233.584956,146.283,-9999.000000,26.019948,26.0,14.5467,HIGH,0.6,0.015,0.001
1774254233.6489396,146.347,-9999.000000,26.014783,26.0,14.8513,HIGH,0.6,0.015,0.001
1774254233.712977,146.411,-9999.000000,26.012399,26.0,14.9888,HIGH,0.6,0.015,0.001
1774254233.7606568,146.459,-9999.000000,26.015180,26.0,14.8113,HIGH,0.6,0.015,0.001
1774254233.824973,146.523,-9999.000000,26.015579,26.0,14.7911,HIGH,0.6,0.015,0.001
1774254233.8885312,146.586,-9999.000000,26.005650,26.0,15.4026,HIGH,0.6,0.015,0.001
1774254233.96826,146.666,-9999.000000,26.015180,26.0,14.8014,HIGH,0.6,0.015,0.001
1774254234.0474734,146.745,-9999.000000,26.015180,26.0,14.8115,HIGH,0.6,0.015,0.001
1774254234.1497662,146.848,-9999.000000,26.013988,26.0,14.8821,HIGH,0.6,0.015,0.001
1774254234.2065864,146.904,-9999.000000,26.009622,26.0,15.1497,HIGH,0.6,0.015,0.001
1774254234.2700777,146.968,-9999.000000,26.018756,26.0,14.5778,HIGH,0.6,0.015,0.001
1774254234.333792,147.032,-9999.000000,26.010811,26.0,15.0803,HIGH,0.6,0.015,0.001
1774254234.3819525,147.080,-9999.000000,26.014387,26.0,14.8448,HIGH,0.6,0.015,0.001
1774254234.450965,147.149,-9999.000000,26.031864,26.0,13.7750,HIGH,0.6,0.015,0.001
1774254234.5093362,147.207,-9999.000000,26.012799,26.0,14.9758,HIGH,0.6,0.015,0.001
1774254234.5735753,147.271,-9999.000000,26.007238,26.0,15.2847,HIGH,0.6,0.015,0.001
1774254234.6374419,147.335,-9999.000000,26.016768,26.0,14.6877,HIGH,0.6,0.015,0.001
1774254234.685173,147.383,-9999.000000,26.010811,26.0,15.0718,HIGH,0.6,0.015,0.001
1774254234.751599,147.449,-9999.000000,26.015976,26.0,14.7401,HIGH,0.6,0.015,0.001
1774254234.811578,147.509,-9999.000000,26.016768,26.0,14.6975,HIGH,0.6,0.015,0.001
1774254234.908118,147.606,-9999.000000,26.014387,26.0,14.8420,HIGH,0.6,0.015,0.001
1774254234.9561322,147.654,-9999.000000,26.010018,26.0,15.1101,HIGH,0.6,0.015,0.001
1774254235.0200949,147.718,-9999.000000,26.015180,26.0,14.7818,HIGH,0.6,0.015,0.001
1774254235.0838633,147.782,-9999.000000,26.012799,26.0,14.9352,HIGH,0.6,0.015,0.001
1774254235.1477487,147.846,-9999.000000,26.011607,26.0,15.0038,HIGH,0.6,0.015,0.001
1774254235.1954715,147.893,-9999.000000,26.015579,26.0,14.7541,HIGH,0.6,0.015,0.001
1774254235.2597666,147.958,-9999.000000,26.023918,26.0,14.2468,HIGH,0.6,0.015,0.001
1774254235.3236275,148.022,-9999.000000,25.999296,26.0,15.7757,HIGH,0.6,0.015,0.001
1774254235.387744,148.086,-9999.000000,26.012399,26.0,14.9293,HIGH,0.6,0.015,0.001
1774254235.4535704,148.151,-9999.000000,26.015579,26.0,14.7526,HIGH,0.6,0.015,0.001
1774254235.5157845,148.214,-9999.000000,26.007238,26.0,15.2707,HIGH,0.6,0.015,0.001
1774254235.5637167,148.262,-9999.000000,26.008826,26.0,15.1580,HIGH,0.6,0.015,0.001
1774254235.6275103,148.325,-9999.000000,26.014387,26.0,14.8176,HIGH,0.6,0.015,0.001
1774254235.722677,148.421,-9999.000000,26.012799,26.0,14.9214,HIGH,0.6,0.015,0.001
1774254235.7859457,148.484,-9999.000000,26.010415,26.0,15.0656,HIGH,0.6,0.015,0.001
1774254235.8978658,148.596,-9999.000000,26.012003,26.0,14.9631,HIGH,0.6,0.015,0.001
1774254235.9613342,148.659,-9999.000000,26.012799,26.0,14.9143,HIGH,0.6,0.015,0.001
1774254236.0409667,148.739,-9999.000000,26.015180,26.0,14.7679,HIGH,0.6,0.015,0.001
1774254236.136735,148.835,-9999.000000,26.013591,26.0,14.8659,HIGH,0.6,0.015,0.001
1774254236.200847,148.899,-9999.000000,26.013195,26.0,14.8873,HIGH,0.6,0.015,0.001
1774254236.2813034,148.979,-9999.000000,26.015180,26.0,14.7633,HIGH,0.6,0.015,0.001
1774254236.392035,149.090,-9999.000000,26.010811,26.0,15.0301,HIGH,0.6,0.015,0.001
1774254236.4559574,149.154,-9999.000000,26.007238,26.0,15.2454,HIGH,0.6,0.015,0.001
1774254236.5194612,149.217,-9999.000000,26.012799,26.0,14.8962,HIGH,0.6,0.015,0.001
1774254236.5982554,149.296,-9999.000000,26.012799,26.0,14.9035,HIGH,0.6,0.015,0.001
1774254236.6927006,149.391,-9999.000000,26.017960,26.0,14.5857,HIGH,0.6,0.015,0.001
1774254236.7725503,149.470,-9999.000000,26.014783,26.0,14.7840,HIGH,0.6,0.015,0.001
1774254236.835965,149.534,-9999.000000,26.015579,26.0,14.7296,HIGH,0.6,0.015,0.001
1774254236.8996818,149.598,-9999.000000,26.015976,26.0,14.7049,HIGH,0.6,0.015,0.001
1774254236.96428,149.662,-9999.000000,26.014387,26.0,14.8019,HIGH,0.6,0.015,0.001
1774254237.0120814,149.710,-9999.000000,26.019948,26.0,14.4527,HIGH,0.6,0.015,0.001
1774254237.075749,149.774,-9999.000000,26.015976,26.0,14.7074,HIGH,0.6,0.015,0.001
1774254237.1393301,149.837,-9999.000000,26.010811,26.0,15.0181,HIGH,0.6,0.015,0.001
1774254237.2034326,149.901,-9999.000000,26.008826,26.0,15.1313,HIGH,0.6,0.015,0.001
1774254237.2666614,149.965,-9999.000000,26.017960,26.0,14.5641,HIGH,0.6,0.015,0.001
1774254237.3303351,150.028,-9999.000000,25.992941,26.0,16.1196,HIGH,0.6,0.015,0.001
1774254237.3942995,150.092,-9999.000000,25.992148,26.0,16.1299,HIGH,0.6,0.015,0.001
1774254237.4583986,150.156,-9999.000000,26.011607,26.0,14.9297,HIGH,0.6,0.015,0.001
1774254237.538021,150.236,-9999.000000,26.019549,26.0,14.4712,HIGH,0.6,0.015,0.001
1774254237.6647835,150.363,-9999.000000,26.023125,26.0,14.2594,HIGH,0.6,0.015,0.001
1774254237.7282934,150.426,-9999.000000,26.016768,26.0,14.6520,HIGH,0.6,0.015,0.001
1774254237.8398342,150.538,-9999.000000,26.016372,26.0,14.6634,HIGH,0.6,0.015,0.001
1774254237.903948,150.602,-9999.000000,26.014387,26.0,14.7838,HIGH,0.6,0.015,0.001
1774254237.9834342,150.681,-9999.000000,26.010811,26.0,14.9985,HIGH,0.6,0.015,0.001
1774254238.0625584,150.760,-9999.000000,26.012399,26.0,14.8953,HIGH,0.6,0.015,0.001
1774254238.157148,150.855,-9999.000000,26.012003,26.0,14.9198,HIGH,0.6,0.015,0.001
1774254238.2209678,150.919,-9999.000000,26.010018,26.0,15.0406,HIGH,0.6,0.015,0.001
1774254238.2999818,150.998,-9999.000000,26.013591,26.0,14.8169,HIGH,0.6,0.015,0.001
1774254238.3796613,151.078,-9999.000000,26.007238,26.0,15.2098,HIGH,0.6,0.015,0.001
1774254238.4744096,151.172,-9999.000000,26.012399,26.0,14.8849,HIGH,0.6,0.015,0.001
1774254238.5378492,151.236,-9999.000000,26.013988,26.0,14.7912,HIGH,0.6,0.015,0.001
1774254238.6168315,151.315,-9999.000000,26.016372,26.0,14.6457,HIGH,0.6,0.015,0.001
1774254238.7119868,151.410,-9999.000000,26.017168,26.0,14.5977,HIGH,0.6,0.015,0.001
1774254238.775696,151.474,-9999.000000,25.986192,26.0,16.5070,HIGH,0.6,0.015,0.001
1774254238.8395445,151.537,-9999.000000,26.021137,26.0,14.3049,HIGH,0.6,0.015,0.001
1774254238.9027903,151.601,-9999.000000,26.012799,26.0,14.8719,HIGH,0.6,0.015,0.001
1774254238.9663217,151.664,-9999.000000,26.013591,26.0,14.8087,HIGH,0.6,0.015,0.001
1774254239.0465994,151.744,-9999.000000,26.013988,26.0,14.7839,HIGH,0.6,0.015,0.001
1774254239.0941658,151.792,-9999.000000,26.014783,26.0,14.7340,HIGH,0.6,0.015,0.001
1774254239.1583278,151.856,-9999.000000,26.011210,26.0,14.9545,HIGH,0.6,0.015,0.001
1774254239.2224908,151.920,-9999.000000,26.017168,26.0,14.5806,HIGH,0.6,0.015,0.001
1774254239.286561,151.984,-9999.000000,25.986985,26.0,16.4492,HIGH,0.6,0.015,0.001
1774254239.3509934,152.049,-9999.000000,26.015579,26.0,14.6405,HIGH,0.6,0.015,0.001
1774254239.3992376,152.097,-9999.000000,26.015579,26.0,14.6838,HIGH,0.6,0.015,0.001
1774254239.4633229,152.161,-9999.000000,26.019948,26.0,14.4129,HIGH,0.6,0.015,0.001
1774254239.5268188,152.225,-9999.000000,26.016768,26.0,14.6139,HIGH,0.6,0.015,0.001
1774254239.5908067,152.289,-9999.000000,26.015180,26.0,14.7053,HIGH,0.6,0.015,0.001
1774254239.6545517,152.352,-9999.000000,26.021137,26.0,14.3340,HIGH,0.6,0.015,0.001
1774254239.7182255,152.416,-9999.000000,26.017564,26.0,14.5616,HIGH,0.6,0.015,0.001
1774254239.7659862,152.464,-9999.000000,26.015180,26.0,14.7030,HIGH,0.6,0.015,0.001
1774254239.8297303,152.528,-9999.000000,26.033053,26.0,13.5944,HIGH,0.6,0.015,0.001
1774254239.9248402,152.623,-9999.000000,26.015579,26.0,14.6870,HIGH,0.6,0.015,0.001
1774254239.9886584,152.687,-9999.000000,26.014387,26.0,14.7407,HIGH,0.6,0.015,0.001
1774254240.0601957,152.758,-9999.000000,26.016768,26.0,14.5908,HIGH,0.6,0.015,0.001
1774254240.16301,152.861,-9999.000000,26.020741,26.0,14.3487,HIGH,0.6,0.015,0.001
1774254240.2603369,152.958,-9999.000000,26.022329,26.0,14.2524,HIGH,0.6,0.015,0.001
1774254240.3535962,153.051,-9999.000000,26.035041,26.0,13.4728,HIGH,0.6,0.015,0.001
1774254240.417171,153.115,-9999.000000,26.017564,26.0,14.5608,HIGH,0.6,0.015,0.001
1774254240.5277312,153.226,-9999.000000,26.018357,26.0,14.4820,HIGH,0.6,0.015,0.001
1774254240.5916944,153.290,-9999.000000,26.023918,26.0,14.1381,HIGH,0.6,0.015,0.001
1774254240.6771543,153.375,-9999.000000,26.025110,26.0,14.0706,HIGH,0.6,0.015,0.001
1774254240.7505872,153.448,-9999.000000,26.015976,26.0,14.6308,HIGH,0.6,0.015,0.001
1774254240.845999,153.544,-9999.000000,26.022726,26.0,14.2030,HIGH,0.6,0.015,0.001
1774254240.9253197,153.623,-9999.000000,26.017168,26.0,14.5485,HIGH,0.6,0.015,0.001
1774254241.00486,153.703,-9999.000000,26.023918,26.0,14.1251,HIGH,0.6,0.015,0.001
1774254241.100058,153.798,-9999.000000,26.018357,26.0,14.4705,HIGH,0.6,0.015,0.001
1774254241.1999786,153.898,-9999.000000,26.022726,26.0,14.1948,HIGH,0.6,0.015,0.001
1774254241.2744143,153.972,-9999.000000,26.018756,26.0,14.4406,HIGH,0.6,0.015,0.001
1774254241.3377802,154.036,-9999.000000,26.020345,26.0,14.3355,HIGH,0.6,0.015,0.001
1774254241.4011824,154.099,-9999.000000,26.022329,26.0,14.2136,HIGH,0.6,0.015,0.001
1774254241.4804175,154.178,-9999.000000,26.022726,26.0,14.1898,HIGH,0.6,0.015,0.001
1774254241.5624764,154.260,-9999.000000,26.017168,26.0,14.5284,HIGH,0.6,0.015,0.001
1774254241.6627367,154.361,-9999.000000,26.033453,26.0,13.5233,HIGH,0.6,0.015,0.001
1774254241.7339237,154.432,-9999.000000,26.025110,26.0,14.0491,HIGH,0.6,0.015,0.001
1774254241.7972555,154.495,-9999.000000,26.022329,26.0,14.2065,HIGH,0.6,0.015,0.001
1774254241.9083023,154.606,-9999.000000,25.997705,26.0,15.7021,HIGH,0.6,0.015,0.001
1774254241.9717433,154.670,-9999.000000,26.038615,26.0,13.1572,HIGH,0.6,0.015,0.001
1774254242.0512578,154.749,-9999.000000,26.019948,26.0,14.3628,HIGH,0.6,0.015,0.001
1774254242.1151168,154.813,-9999.000000,26.026302,26.0,13.9456,HIGH,0.6,0.015,0.001
1774254242.2264311,154.924,-9999.000000,26.016372,26.0,14.5576,HIGH,0.6,0.015,0.001
1774254242.2896838,154.988,-9999.000000,26.035041,26.0,13.3956,HIGH,0.6,0.015,0.001
1774254242.3691297,155.067,-9999.000000,26.020345,26.0,14.3230,HIGH,0.6,0.015,0.001
1774254242.4484534,155.146,-9999.000000,26.021537,26.0,14.2289,HIGH,0.6,0.015,0.001
1774254242.5433867,155.241,-9999.000000,26.027494,26.0,13.8628,HIGH,0.6,0.015,0.001
1774254242.6067426,155.305,-9999.000000,26.024714,26.0,14.0380,HIGH,0.6,0.015,0.001
1774254242.6867635,155.385,-9999.000000,26.021537,26.0,14.2256,HIGH,0.6,0.015,0.001
1774254242.7975624,155.495,-9999.000000,26.021537,26.0,14.2180,HIGH,0.6,0.015,0.001
1774254242.8648891,155.563,-9999.000000,26.020741,26.0,14.2649,HIGH,0.6,0.015,0.001
1774254242.925099,155.623,-9999.000000,26.020345,26.0,14.2863,HIGH,0.6,0.015,0.001
1774254242.9886649,155.687,-9999.000000,26.027095,26.0,13.8674,HIGH,0.6,0.015,0.001
1774254243.0366445,155.735,-9999.000000,26.012399,26.0,14.7895,HIGH,0.6,0.015,0.001
1774254243.0998008,155.798,-9999.000000,26.018756,26.0,14.3656,HIGH,0.6,0.015,0.001
1774254243.165828,155.864,-9999.000000,26.024714,26.0,14.0067,HIGH,0.6,0.015,0.001
1774254243.2285159,155.926,-9999.000000,26.034642,26.0,13.4010,HIGH,0.6,0.015,0.001
1774254243.308025,156.006,-9999.000000,26.025507,26.0,13.9734,HIGH,0.6,0.015,0.001
1774254243.3880594,156.086,-9999.000000,26.027891,26.0,13.8125,HIGH,0.6,0.015,0.001
1774254243.4823983,156.180,-9999.000000,26.026699,26.0,13.8845,HIGH,0.6,0.015,0.001
1774254243.562261,156.260,-9999.000000,26.019152,26.0,14.3432,HIGH,0.6,0.015,0.001
1774254243.625759,156.324,-9999.000000,26.038615,26.0,13.1316,HIGH,0.6,0.015,0.001
1774254243.7365649,156.434,-9999.000000,26.023918,26.0,14.0534,HIGH,0.6,0.015,0.001
1774254243.7842486,156.482,-9999.000000,26.024714,26.0,13.9890,HIGH,0.6,0.015,0.001
1774254243.8672707,156.565,-9999.000000,26.023522,26.0,14.0607,HIGH,0.6,0.015,0.001
1774254243.926954,156.625,-9999.000000,26.023918,26.0,14.0326,HIGH,0.6,0.015,0.001
1774254244.0062282,156.704,-9999.000000,26.025110,26.0,13.9573,HIGH,0.6,0.015,0.001
1774254244.117459,156.815,-9999.000000,26.006842,26.0,15.0702,HIGH,0.6,0.015,0.001
1774254244.1806571,156.879,-9999.000000,26.023125,26.0,14.0488,HIGH,0.6,0.015,0.001
1774254244.291851,156.990,-9999.000000,26.016768,26.0,14.4589,HIGH,0.6,0.015,0.001
1774254244.3555834,157.053,-9999.000000,26.021137,26.0,14.1821,HIGH,0.6,0.015,0.001
1774254244.4192035,157.117,-9999.000000,26.024314,26.0,13.9911,HIGH,0.6,0.015,0.001
1774254244.4831026,157.181,-9999.000000,26.012799,26.0,14.7038,HIGH,0.6,0.015,0.001
1774254244.5464091,157.244,-9999.000000,26.015976,26.0,14.4886,HIGH,0.6,0.015,0.001
1774254244.6258824,157.324,-9999.000000,26.018357,26.0,14.3456,HIGH,0.6,0.015,0.001
1774254244.6895719,157.387,-9999.000000,26.017168,26.0,14.4202,HIGH,0.6,0.015,0.001
1774254244.8027928,157.501,-9999.000000,26.023918,26.0,14.0032,HIGH,0.6,0.015,0.001
1774254244.8689485,157.567,-9999.000000,26.020345,26.0,14.2270,HIGH,0.6,0.015,0.001
1774254244.9281216,157.626,-9999.000000,26.016768,26.0,14.4407,HIGH,0.6,0.015,0.001
1774254245.0082939,157.706,-9999.000000,26.019152,26.0,14.2864,HIGH,0.6,0.015,0.001
1774254245.1034336,157.801,-9999.000000,26.015180,26.0,14.5297,HIGH,0.6,0.015,0.001
1774254245.1828408,157.881,-9999.000000,26.017168,26.0,14.4017,HIGH,0.6,0.015,0.001
1774254245.2462804,157.944,-9999.000000,26.018756,26.0,14.3046,HIGH,0.6,0.015,0.001
1774254245.341412,158.039,-9999.000000,26.020345,26.0,14.2072,HIGH,0.6,0.015,0.001
1774254245.4372628,158.135,-9999.000000,26.030275,26.0,13.5983,HIGH,0.6,0.015,0.001
1774254245.4848733,158.183,-9999.000000,26.014387,26.0,14.5943,HIGH,0.6,0.015,0.001
1774254245.5498025,158.248,-9999.000000,26.020345,26.0,14.1924,HIGH,0.6,0.015,0.001
1774254245.6134574,158.311,-9999.000000,26.018756,26.0,14.2976,HIGH,0.6,0.015,0.001
1774254245.6775315,158.375,-9999.000000,26.018756,26.0,14.2933,HIGH,0.6,0.015,0.001
1774254245.741186,158.439,-9999.000000,26.016372,26.0,14.4385,HIGH,0.6,0.015,0.001
1774254245.8049903,158.503,-9999.000000,26.017960,26.0,14.3352,HIGH,0.6,0.015,0.001
1774254245.8563616,158.554,-9999.000000,26.016768,26.0,14.4103,HIGH,0.6,0.015,0.001
1774254245.9164107,158.614,-9999.000000,26.021137,26.0,14.1366,HIGH,0.6,0.015,0.001
1774254245.9958942,158.694,-9999.000000,26.017960,26.0,14.3364,HIGH,0.6,0.015,0.001
1774254246.0752518,158.773,-9999.000000,26.014387,26.0,14.5496,HIGH,0.6,0.015,0.001
1774254246.1721923,158.870,-9999.000000,26.015180,26.0,14.4945,HIGH,0.6,0.015,0.001
1774254246.2498212,158.948,-9999.000000,26.017168,26.0,14.3715,HIGH,0.6,0.015,0.001
1774254246.3288333,159.027,-9999.000000,26.013988,26.0,14.5672,HIGH,0.6,0.015,0.001
1774254246.4242392,159.122,-9999.000000,26.020345,26.0,14.1722,HIGH,0.6,0.015,0.001
1774254246.487516,159.185,-9999.000000,26.015976,26.0,14.4464,HIGH,0.6,0.015,0.001
1774254246.567556,159.265,-9999.000000,26.015579,26.0,14.4619,HIGH,0.6,0.015,0.001
1774254246.630805,159.329,-9999.000000,26.014387,26.0,14.5334,HIGH,0.6,0.015,0.001
1774254246.7412317,159.439,-9999.000000,26.012003,26.0,14.6748,HIGH,0.6,0.015,0.001
1774254246.8050714,159.503,-9999.000000,26.015180,26.0,14.4756,HIGH,0.6,0.015,0.001
1774254246.9160368,159.614,-9999.000000,26.017168,26.0,14.3566,HIGH,0.6,0.015,0.001
1774254246.979638,159.678,-9999.000000,26.017168,26.0,14.3568,HIGH,0.6,0.015,0.001
1774254247.0591805,159.757,-9999.000000,26.012003,26.0,14.6717,HIGH,0.6,0.015,0.001
1774254247.123089,159.821,-9999.000000,26.016372,26.0,14.3947,HIGH,0.6,0.015,0.001
1774254247.2348516,159.933,-9999.000000,26.019152,26.0,14.2290,HIGH,0.6,0.015,0.001
1774254247.299076,159.997,-9999.000000,26.032657,26.0,13.3970,HIGH,0.6,0.015,0.001
1774254247.3740563,160.072,-9999.000000,26.014783,26.0,14.5126,HIGH,0.6,0.015,0.001
1774254247.4257913,160.124,-9999.000000,26.010811,26.0,14.7340,HIGH,0.6,0.015,0.001
1774254247.505631,160.204,-9999.000000,25.992148,26.0,15.8704,HIGH,0.6,0.015,0.001
1774254247.5850632,160.283,-9999.000000,26.014387,26.0,14.4830,HIGH,0.6,0.015,0.001
1774254247.664401,160.362,-9999.000000,26.011210,26.0,14.7042,HIGH,0.6,0.015,0.001
1774254247.7280393,160.426,-9999.000000,26.015976,26.0,14.4053,HIGH,0.6,0.015,0.001
1774254247.8076181,160.505,-9999.000000,26.010415,26.0,14.7522,HIGH,0.6,0.015,0.001
1774254247.8744152,160.572,-9999.000000,26.020345,26.0,14.1325,HIGH,0.6,0.015,0.001
1774254247.9191995,160.617,-9999.000000,26.010811,26.0,14.7400,HIGH,0.6,0.015,0.001
1774254247.9987094,160.697,-9999.000000,26.012399,26.0,14.6199,HIGH,0.6,0.015,0.001
1774254248.1095817,160.807,-9999.000000,26.008031,26.0,14.8866,HIGH,0.6,0.015,0.001
1774254248.1749158,160.873,-9999.000000,26.008031,26.0,14.8819,HIGH,0.6,0.015,0.001
1774254248.2366424,160.935,-9999.000000,26.007634,26.0,14.9056,HIGH,0.6,0.015,0.001
1774254248.3160923,161.014,-9999.000000,26.012399,26.0,14.6116,HIGH,0.6,0.015,0.001
1774254248.395995,161.094,-9999.000000,26.010415,26.0,14.7379,HIGH,0.6,0.015,0.001
1774254248.506968,161.205,-9999.000000,26.013988,26.0,14.5155,HIGH,0.6,0.015,0.001
1774254248.6030955,161.301,-9999.000000,26.013195,26.0,14.5652,HIGH,0.6,0.015,0.001
1774254248.666447,161.364,-9999.000000,26.012399,26.0,14.6122,HIGH,0.6,0.015,0.001
1774254248.7297037,161.428,-9999.000000,26.012799,26.0,14.5851,HIGH,0.6,0.015,0.001
1774254248.8086324,161.507,-9999.000000,26.007634,26.0,14.9012,HIGH,0.6,0.015,0.001
1774254248.8754432,161.573,-9999.000000,26.006442,26.0,14.9674,HIGH,0.6,0.015,0.001
1774254248.9357378,161.634,-9999.000000,26.009223,26.0,14.7933,HIGH,0.6,0.015,0.001
1774254248.9995723,161.697,-9999.000000,26.005253,26.0,15.0418,HIGH,0.6,0.015,0.001
1774254249.1105306,161.808,-9999.000000,26.007634,26.0,14.8893,HIGH,0.6,0.015,0.001
1774254249.1762037,161.874,-9999.000000,25.998105,26.0,15.4779,HIGH,0.6,0.015,0.001
1774254249.2540238,161.952,-9999.000000,26.010415,26.0,14.7078,HIGH,0.6,0.015,0.001
1774254249.3178852,162.016,-9999.000000,26.012799,26.0,14.5756,HIGH,0.6,0.015,0.001
1774254249.3762765,162.074,-9999.000000,26.006442,26.0,14.9710,HIGH,0.6,0.015,0.001
1774254249.4292607,162.127,-9999.000000,26.011607,26.0,14.6396,HIGH,0.6,0.015,0.001
1774254249.4923575,162.190,-9999.000000,26.007634,26.0,14.8933,HIGH,0.6,0.015,0.001
1774254249.5562112,162.254,-9999.000000,26.008430,26.0,14.8372,HIGH,0.6,0.015,0.001
1774254249.619612,162.317,-9999.000000,26.011210,26.0,14.6662,HIGH,0.6,0.015,0.001
1774254249.6836712,162.382,-9999.000000,26.008031,26.0,14.8655,HIGH,0.6,0.015,0.001
1774254249.7310803,162.429,-9999.000000,26.010018,26.0,14.7364,HIGH,0.6,0.015,0.001
1774254249.810076,162.508,-9999.000000,26.012399,26.0,14.5932,HIGH,0.6,0.015,0.001
1774254249.8775811,162.575,-9999.000000,26.007634,26.0,14.8884,HIGH,0.6,0.015,0.001
1774254249.9533482,162.651,-9999.000000,26.017960,26.0,14.2462,HIGH,0.6,0.015,0.001
1774254250.04852,162.746,-9999.000000,26.010018,26.0,14.7432,HIGH,0.6,0.015,0.001
1774254250.1277883,162.826,-9999.000000,26.007634,26.0,14.8800,HIGH,0.6,0.015,0.001
1774254250.1913214,162.889,-9999.000000,26.014387,26.0,14.4598,HIGH,0.6,0.015,0.001
1774254250.3024712,163.000,-9999.000000,26.010415,26.0,14.7107,HIGH,0.6,0.015,0.001
1774254250.3703582,163.068,-9999.000000,26.015180,26.0,14.4126,HIGH,0.6,0.015,0.001
1774254250.478355,163.176,-9999.000000,26.013988,26.0,14.4900,HIGH,0.6,0.015,0.001
1774254250.5412087,163.239,-9999.000000,26.010415,26.0,14.7080,HIGH,0.6,0.015,0.001
1774254250.6200402,163.318,-9999.000000,26.015579,26.0,14.3840,HIGH,0.6,0.015,0.001
1774254250.6838949,163.382,-9999.000000,26.010415,26.0,14.7075,HIGH,0.6,0.015,0.001
1774254250.7787366,163.477,-9999.000000,26.017960,26.0,14.2362,HIGH,0.6,0.015,0.001
1774254250.858333,163.556,-9999.000000,26.017168,26.0,14.2907,HIGH,0.6,0.015,0.001
1774254250.9222412,163.620,-9999.000000,26.010811,26.0,14.6800,HIGH,0.6,0.015,0.001
1774254251.0018084,163.700,-9999.000000,26.018756,26.0,14.1811,HIGH,0.6,0.015,0.001
1774254251.0795267,163.777,-9999.000000,26.008031,26.0,14.8475,HIGH,0.6,0.015,0.001
1774254251.1799667,163.878,-9999.000000,26.015579,26.0,14.3709,HIGH,0.6,0.015,0.001
1774254251.2557833,163.954,-9999.000000,26.018357,26.0,14.2060,HIGH,0.6,0.015,0.001
1774254251.3351953,164.033,-9999.000000,26.019948,26.0,14.1098,HIGH,0.6,0.015,0.001
1774254251.4307113,164.129,-9999.000000,26.017960,26.0,14.2306,HIGH,0.6,0.015,0.001
1774254251.4942825,164.192,-9999.000000,26.023522,26.0,13.8838,HIGH,0.6,0.015,0.001
1774254251.6054218,164.303,-9999.000000,26.019152,26.0,14.1555,HIGH,0.6,0.015,0.001
1774254251.6686904,164.367,-9999.000000,26.020345,26.0,14.0762,HIGH,0.6,0.015,0.001
1774254251.7326572,164.431,-9999.000000,26.017564,26.0,14.2476,HIGH,0.6,0.015,0.001
1774254251.7962263,164.494,-9999.000000,26.029083,26.0,13.5312,HIGH,0.6,0.015,0.001
1774254251.8760023,164.574,-9999.000000,26.020345,26.0,14.0821,HIGH,0.6,0.015,0.001
1774254251.9391458,164.637,-9999.000000,26.014387,26.0,14.4367,HIGH,0.6,0.015,0.001
1774254252.0502892,164.748,-9999.000000,26.023522,26.0,13.8671,HIGH,0.6,0.015,0.001
1774254252.1135716,164.811,-9999.000000,26.020741,26.0,14.0445,HIGH,0.6,0.015,0.001
1774254252.1817844,164.880,-9999.000000,26.023918,26.0,13.8424,HIGH,0.6,0.015,0.001
1774254252.2562053,164.954,-9999.000000,26.016768,26.0,14.2838,HIGH,0.6,0.015,0.001
1774254252.3196764,165.018,-9999.000000,26.018756,26.0,14.1500,HIGH,0.6,0.015,0.001
1774254252.4308796,165.129,-9999.000000,26.032260,26.0,13.3254,HIGH,0.6,0.015,0.001
1774254252.4944453,165.192,-9999.000000,26.018357,26.0,14.1918,HIGH,0.6,0.015,0.001
1774254252.573722,165.272,-9999.000000,26.023522,26.0,13.8508,HIGH,0.6,0.015,0.001
1774254252.6365879,165.334,-9999.000000,26.035041,26.0,13.1445,HIGH,0.6,0.015,0.001
1774254252.7321403,165.430,-9999.000000,26.030672,26.0,13.4252,HIGH,0.6,0.015,0.001
1774254252.827717,165.526,-9999.000000,26.018756,26.0,14.1453,HIGH,0.6,0.015,0.001
1774254252.875742,165.574,-9999.000000,26.024314,26.0,13.7860,HIGH,0.6,0.015,0.001
1774254252.9398208,165.638,-9999.000000,26.021137,26.0,13.9911,HIGH,0.6,0.015,0.001
1774254253.0036676,165.702,-9999.000000,26.023522,26.0,13.8371,HIGH,0.6,0.015,0.001
1774254253.051355,165.749,-9999.000000,26.017960,26.0,14.1849,HIGH,0.6,0.015,0.001
1774254253.1152952,165.813,-9999.000000,26.039011,26.0,12.8735,HIGH,0.6,0.015,0.001
1774254253.210492,165.908,-9999.000000,26.021933,26.0,13.9460,HIGH,0.6,0.015,0.001
1774254253.321968,166.020,-9999.000000,26.027891,26.0,13.5605,HIGH,0.6,0.015,0.001
1774254253.386247,166.084,-9999.000000,26.020345,26.0,14.0284,HIGH,0.6,0.015,0.001
1774254253.4503396,166.148,-9999.000000,26.035834,26.0,13.0597,HIGH,0.6,0.015,0.001
1774254253.5145197,166.212,-9999.000000,26.022329,26.0,13.9130,HIGH,0.6,0.015,0.001
1774254253.6257346,166.324,-9999.000000,26.019152,26.0,14.0823,HIGH,0.6,0.015,0.001
1774254253.6894574,166.387,-9999.000000,26.020345,26.0,14.0041,HIGH,0.6,0.015,0.001
1774254253.768501,166.466,-9999.000000,26.025906,26.0,13.6622,HIGH,0.6,0.015,0.001
1774254253.84736,166.545,-9999.000000,26.020345,26.0,14.0075,HIGH,0.6,0.015,0.001
1774254253.9434392,166.641,-9999.000000,26.022329,26.0,13.8761,HIGH,0.6,0.015,0.001
1774254254.0230486,166.721,-9999.000000,26.032260,26.0,13.2660,HIGH,0.6,0.015,0.001
1774254254.0708585,166.769,-9999.000000,26.017960,26.0,14.1651,HIGH,0.6,0.015,0.001
1774254254.1353264,166.833,-9999.000000,26.019152,26.0,14.0600,HIGH,0.6,0.015,0.001
1774254254.1988542,166.897,-9999.000000,26.022329,26.0,13.8641,HIGH,0.6,0.015,0.001
1774254254.2635467,166.961,-9999.000000,26.019948,26.0,14.0137,HIGH,0.6,0.015,0.001
1774254254.311581,167.009,-9999.000000,26.026302,26.0,13.6136,HIGH,0.6,0.015,0.001
1774254254.3841605,167.082,-9999.000000,26.020345,26.0,13.9903,HIGH,0.6,0.015,0.001
1774254254.4388962,167.137,-9999.000000,26.018756,26.0,14.0788,HIGH,0.6,0.015,0.001
1774254254.5341454,167.232,-9999.000000,26.026302,26.0,13.6114,HIGH,0.6,0.015,0.001
1774254254.5971792,167.295,-9999.000000,26.032260,26.0,13.2494,HIGH,0.6,0.015,0.001
1774254254.7080095,167.406,-9999.000000,26.020345,26.0,13.9811,HIGH,0.6,0.015,0.001
1774254254.7713702,167.469,-9999.000000,26.022329,26.0,13.8460,HIGH,0.6,0.015,0.001
1774254254.851076,167.549,-9999.000000,26.024314,26.0,13.7247,HIGH,0.6,0.015,0.001
1774254254.9148238,167.613,-9999.000000,26.021137,26.0,13.9207,HIGH,0.6,0.015,0.001
1774254254.9850085,167.683,-9999.000000,26.024314,26.0,13.7180,HIGH,0.6,0.015,0.001
1774254255.0901217,167.788,-9999.000000,26.018756,26.0,14.0584,HIGH,0.6,0.015,0.001
1774254255.1535282,167.851,-9999.000000,26.033053,26.0,13.1696,HIGH,0.6,0.015,0.001
1774254255.2331793,167.931,-9999.000000,26.022329,26.0,13.8464,HIGH,0.6,0.015,0.001
1774254255.312188,168.010,-9999.000000,26.014783,26.0,14.2935,HIGH,0.6,0.015,0.001
1774254255.4073555,168.105,-9999.000000,26.024314,26.0,13.6986,HIGH,0.6,0.015,0.001
1774254255.4709744,168.169,-9999.000000,26.017564,26.0,14.1225,HIGH,0.6,0.015,0.001
1774254255.5505733,168.248,-9999.000000,26.023918,26.0,13.7198,HIGH,0.6,0.015,0.001
1774254255.6304514,168.328,-9999.000000,26.016768,26.0,14.1638,HIGH,0.6,0.015,0.001
1774254255.725781,168.424,-9999.000000,26.029876,26.0,13.3503,HIGH,0.6,0.015,0.001
1774254255.7867157,168.485,-9999.000000,26.021537,26.0,13.8761,HIGH,0.6,0.015,0.001
1774254255.8522582,168.550,-9999.000000,25.989368,26.0,15.8427,HIGH,0.6,0.015,0.001
1774254255.9314377,168.629,-9999.000000,26.025906,26.0,13.5521,HIGH,0.6,0.015,0.001
1774254256.0107446,168.709,-9999.000000,26.015579,26.0,14.2290,HIGH,0.6,0.015,0.001
1774254256.1063523,168.804,-9999.000000,26.020741,26.0,13.8979,HIGH,0.6,0.015,0.001
1774254256.187608,168.885,-9999.000000,26.034245,26.0,13.0723,HIGH,0.6,0.015,0.001
1774254256.249078,168.947,-9999.000000,26.017168,26.0,14.1398,HIGH,0.6,0.015,0.001
1774254256.3596606,169.058,-9999.000000,26.019948,26.0,13.9393,HIGH,0.6,0.015,0.001
1774254256.4252858,169.123,-9999.000000,26.014783,26.0,14.2581,HIGH,0.6,0.015,0.001
1774254256.5029917,169.201,-9999.000000,26.020741,26.0,13.8827,HIGH,0.6,0.015,0.001
1774254256.5829916,169.281,-9999.000000,26.025906,26.0,13.5709,HIGH,0.6,0.015,0.001
1774254256.6879592,169.386,-9999.000000,26.017564,26.0,14.0831,HIGH,0.6,0.015,0.001
1774254256.7880638,169.486,-9999.000000,26.015976,26.0,14.1696,HIGH,0.6,0.015,0.001
1774254256.85258,169.550,-9999.000000,26.021933,26.0,13.7992,HIGH,0.6,0.015,0.001
1774254256.9154868,169.613,-9999.000000,26.016372,26.0,14.1494,HIGH,0.6,0.015,0.001
1774254256.9947655,169.693,-9999.000000,26.031068,26.0,13.2366,HIGH,0.6,0.015,0.001
1774254257.058005,169.756,-9999.000000,26.015579,26.0,14.2075,HIGH,0.6,0.015,0.001
1774254257.1534169,169.851,-9999.000000,26.013195,26.0,14.3267,HIGH,0.6,0.015,0.001
1774254257.2488747,169.947,-9999.000000,26.012799,26.0,14.3465,HIGH,0.6,0.015,0.001
1774254257.2971003,169.995,-9999.000000,26.006842,26.0,14.7154,HIGH,0.6,0.015,0.001
1774254257.3604937,170.058,-9999.000000,26.011607,26.0,14.4085,HIGH,0.6,0.015,0.001
1774254257.4081533,170.106,-9999.000000,26.016372,26.0,14.1189,HIGH,0.6,0.015,0.001
1774254257.4717894,170.170,-9999.000000,25.984604,26.0,16.0864,HIGH,0.6,0.015,0.001
1774254257.5511162,170.249,-9999.000000,26.010415,26.0,14.4541,HIGH,0.6,0.015,0.001
1774254257.6307127,170.329,-9999.000000,26.015180,26.0,14.1929,HIGH,0.6,0.015,0.001
1774254257.710267,170.408,-9999.000000,26.009622,26.0,14.5382,HIGH,0.6,0.015,0.001
1774254257.8058717,170.504,-9999.000000,26.012003,26.0,14.3841,HIGH,0.6,0.015,0.001
1774254257.8692014,170.567,-9999.000000,26.009223,26.0,14.5570,HIGH,0.6,0.015,0.001
1774254257.9648664,170.663,-9999.000000,26.012399,26.0,14.3569,HIGH,0.6,0.015,0.001
1774254258.0610652,170.759,-9999.000000,26.006442,26.0,14.7229,HIGH,0.6,0.015,0.001
1774254258.1248345,170.823,-9999.000000,26.010415,26.0,14.4711,HIGH,0.6,0.015,0.001
1774254258.23597,170.934,-9999.000000,26.017960,26.0,14.0148,HIGH,0.6,0.015,0.001
1774254258.299507,170.997,-9999.000000,26.017960,26.0,14.0199,HIGH,0.6,0.015,0.001
1774254258.3791091,171.077,-9999.000000,26.005253,26.0,14.7977,HIGH,0.6,0.015,0.001
1774254258.443041,171.141,-9999.000000,26.011210,26.0,14.4139,HIGH,0.6,0.015,0.001
1774254258.554298,171.252,-9999.000000,26.006046,26.0,14.7367,HIGH,0.6,0.015,0.001
1774254258.6178744,171.316,-9999.000000,26.010018,26.0,14.4865,HIGH,0.6,0.015,0.001
1774254258.7134187,171.411,-9999.000000,26.005650,26.0,14.7586,HIGH,0.6,0.015,0.001
1774254258.8087091,171.507,-9999.000000,26.007634,26.0,14.6318,HIGH,0.6,0.015,0.001
1774254258.8719692,171.570,-9999.000000,26.009223,26.0,14.5352,HIGH,0.6,0.015,0.001
1774254258.9828968,171.681,-9999.000000,26.002074,26.0,14.9728,HIGH,0.6,0.015,0.001
1774254259.0459735,171.744,-9999.000000,26.011607,26.0,14.3781,HIGH,0.6,0.015,0.001
1774254259.125185,171.823,-9999.000000,26.009622,26.0,14.5137,HIGH,0.6,0.015,0.001
1774254259.2362251,171.934,-9999.000000,26.000885,26.0,15.0431,HIGH,0.6,0.015,0.001
1774254259.3003166,171.998,-9999.000000,26.008031,26.0,14.5946,HIGH,0.6,0.015,0.001
1774254259.3796997,172.078,-9999.000000,26.007238,26.0,14.6534,HIGH,0.6,0.015,0.001
1774254259.459109,172.157,-9999.000000,26.009622,26.0,14.5052,HIGH,0.6,0.015,0.001
1774254259.5547717,172.253,-9999.000000,26.003662,26.0,14.8715,HIGH,0.6,0.015,0.001
1774254259.6187098,172.317,-9999.000000,26.005650,26.0,14.7424,HIGH,0.6,0.015,0.001
1774254259.7298045,172.428,-9999.000000,26.008430,26.0,14.5748,HIGH,0.6,0.015,0.001
1774254259.7772598,172.475,-9999.000000,26.009223,26.0,14.5274,HIGH,0.6,0.015,0.001
1774254259.857219,172.555,-9999.000000,26.007634,26.0,14.6255,HIGH,0.6,0.015,0.001
1774254259.920324,172.618,-9999.000000,26.001281,26.0,15.0146,HIGH,0.6,0.015,0.001
1774254259.9840868,172.682,-9999.000000,26.009622,26.0,14.4901,HIGH,0.6,0.015,0.001
1774254260.0635855,172.761,-9999.000000,26.005253,26.0,14.7702,HIGH,0.6,0.015,0.001
1774254260.1269226,172.825,-9999.000000,26.007238,26.0,14.6418,HIGH,0.6,0.015,0.001
1774254260.2067971,172.905,-9999.000000,26.006046,26.0,14.7172,HIGH,0.6,0.015,0.001
1774254260.3019404,173.000,-9999.000000,26.004458,26.0,14.8120,HIGH,0.6,0.015,0.001
1774254260.3817108,173.080,-9999.000000,26.005650,26.0,14.7367,HIGH,0.6,0.015,0.001
1774254260.47683,173.175,-9999.000000,26.013195,26.0,14.2756,HIGH,0.6,0.015,0.001
1774254260.555837,173.254,-9999.000000,26.014387,26.0,14.2088,HIGH,0.6,0.015,0.001
1774254260.6193314,173.317,-9999.000000,26.003266,26.0,14.8948,HIGH,0.6,0.015,0.001
1774254260.7310524,173.429,-9999.000000,26.007634,26.0,14.6100,HIGH,0.6,0.015,0.001
1774254260.7786458,173.477,-9999.000000,26.011210,26.0,14.3910,HIGH,0.6,0.015,0.001
1774254260.8585882,173.556,-9999.000000,26.005253,26.0,14.7628,HIGH,0.6,0.015,0.001
1774254260.9373758,173.635,-9999.000000,26.006842,26.0,14.6572,HIGH,0.6,0.015,0.001
1774254261.0169182,173.715,-9999.000000,26.008031,26.0,14.5854,HIGH,0.6,0.015,0.001
1774254261.111626,173.810,-9999.000000,26.011607,26.0,14.3669,HIGH,0.6,0.015,0.001
1774254261.1755083,173.873,-9999.000000,26.006442,26.0,14.6880,HIGH,0.6,0.015,0.001
1774254261.2552261,173.953,-9999.000000,26.005253,26.0,14.7522,HIGH,0.6,0.015,0.001
1774254261.3348463,174.033,-9999.000000,26.005650,26.0,14.7257,HIGH,0.6,0.015,0.001
1774254261.4295974,174.127,-9999.000000,26.010811,26.0,14.4095,HIGH,0.6,0.015,0.001
1774254261.4961405,174.194,-9999.000000,26.009622,26.0,14.4872,HIGH,0.6,0.015,0.001
1774254261.5729392,174.271,-9999.000000,26.019948,26.0,13.8501,HIGH,0.6,0.015,0.001
1774254261.6360848,174.334,-9999.000000,26.006046,26.0,14.7191,HIGH,0.6,0.015,0.001
1774254261.7475889,174.445,-9999.000000,26.015976,26.0,14.0897,HIGH,0.6,0.015,0.001
1774254261.8109167,174.509,-9999.000000,26.008826,26.0,14.5380,HIGH,0.6,0.015,0.001
1774254261.8961968,174.594,-9999.000000,26.002473,26.0,14.9151,HIGH,0.6,0.015,0.001
1774254261.9697824,174.668,-9999.000000,26.009622,26.0,14.4679,HIGH,0.6,0.015,0.001
1774254262.0651064,174.763,-9999.000000,26.002869,26.0,14.8894,HIGH,0.6,0.015,0.001
1774254262.1495326,174.847,-9999.000000,25.996516,26.0,15.2715,HIGH,0.6,0.015,0.001
1774254262.2090595,174.907,-9999.000000,26.011607,26.0,14.3322,HIGH,0.6,0.015,0.001
1774254262.2719564,174.970,-9999.000000,26.009223,26.0,14.5035,HIGH,0.6,0.015,0.001
1774254262.3828945,175.081,-9999.000000,26.005650,26.0,14.7164,HIGH,0.6,0.015,0.001
1774254262.4624522,175.160,-9999.000000,26.006442,26.0,14.6638,HIGH,0.6,0.015,0.001
1774254262.5421789,175.240,-9999.000000,26.005650,26.0,14.7127,HIGH,0.6,0.015,0.001
1774254262.6367903,175.335,-9999.000000,26.009223,26.0,14.4922,HIGH,0.6,0.015,0.001
1774254262.7162788,175.414,-9999.000000,26.013988,26.0,14.2024,HIGH,0.6,0.015,0.001
1774254262.7799437,175.478,-9999.000000,26.012003,26.0,14.3295,HIGH,0.6,0.015,0.001
1774254262.8910773,175.589,-9999.000000,26.015180,26.0,14.1304,HIGH,0.6,0.015,0.001
1774254262.9548247,175.653,-9999.000000,26.005253,26.0,14.7439,HIGH,0.6,0.015,0.001
1774254263.0340338,175.732,-9999.000000,26.025507,26.0,13.4845,HIGH,0.6,0.015,0.001
1774254263.1133065,175.811,-9999.000000,26.008430,26.0,14.5552,HIGH,0.6,0.015,0.001
1774254263.2091293,175.907,-9999.000000,26.002473,26.0,14.8970,HIGH,0.6,0.015,0.001
1774254263.2724686,175.970,-9999.000000,26.008826,26.0,14.4987,HIGH,0.6,0.015,0.001
1774254263.3516915,176.050,-9999.000000,26.010415,26.0,14.4102,HIGH,0.6,0.015,0.001
1774254263.4153574,176.113,-9999.000000,26.005253,26.0,14.7295,HIGH,0.6,0.015,0.001
1774254263.4790187,176.177,-9999.000000,26.012399,26.0,14.2802,HIGH,0.6,0.015,0.001
1774254263.6059177,176.304,-9999.000000,26.004061,26.0,14.7975,HIGH,0.6,0.015,0.001
1774254263.700866,176.399,-9999.000000,26.010018,26.0,14.4258,HIGH,0.6,0.015,0.001
1774254263.7802742,176.478,-9999.000000,25.987381,26.0,15.8203,HIGH,0.6,0.015,0.001
1774254263.8438268,176.542,-9999.000000,26.011210,26.0,14.3235,HIGH,0.6,0.015,0.001
1774254263.9079194,176.606,-9999.000000,26.013988,26.0,14.1887,HIGH,0.6,0.015,0.001
1774254263.9872627,176.685,-9999.000000,26.012799,26.0,14.2643,HIGH,0.6,0.015,0.001
1774254264.0507464,176.749,-9999.000000,26.005253,26.0,14.7269,HIGH,0.6,0.015,0.001
1774254264.1463058,176.844,-9999.000000,26.010811,26.0,14.3742,HIGH,0.6,0.015,0.001
1774254264.2262886,176.924,-9999.000000,26.009622,26.0,14.4517,HIGH,0.6,0.015,0.001
1774254264.2893267,176.987,-9999.000000,26.008430,26.0,14.5228,HIGH,0.6,0.015,0.001
1774254264.353582,177.051,-9999.000000,26.013195,26.0,14.2263,HIGH,0.6,0.015,0.001
1774254264.4172683,177.115,-9999.000000,26.009622,26.0,14.4528,HIGH,0.6,0.015,0.001
1774254264.480799,177.179,-9999.000000,26.008031,26.0,14.5444,HIGH,0.6,0.015,0.001
1774254264.5284119,177.226,-9999.000000,26.012399,26.0,14.2697,HIGH,0.6,0.015,0.001
1774254264.6079504,177.306,-9999.000000,26.026302,26.0,13.4241,HIGH,0.6,0.015,0.001
1774254264.6557827,177.354,-9999.000000,25.988176,26.0,15.8097,HIGH,0.6,0.015,0.001
1774254264.7195885,177.417,-9999.000000,26.008826,26.0,14.4578,HIGH,0.6,0.015,0.001
1774254264.8143947,177.512,-9999.000000,26.013591,26.0,14.1973,HIGH,0.6,0.015,0.001
1774254264.8620927,177.560,-9999.000000,26.014783,26.0,14.1273,HIGH,0.6,0.015,0.001
1774254264.941636,177.640,-9999.000000,26.009622,26.0,14.4448,HIGH,0.6,0.015,0.001
1774254265.0022042,177.700,-9999.000000,26.018357,26.0,13.8981,HIGH,0.6,0.015,0.001
1774254265.0685992,177.766,-9999.000000,26.015579,26.0,14.0818,HIGH,0.6,0.015,0.001
1774254265.1484807,177.846,-9999.000000,26.010018,26.0,14.4171,HIGH,0.6,0.015,0.001
1774254265.2438788,177.942,-9999.000000,26.010811,26.0,14.3602,HIGH,0.6,0.015,0.001
1774254265.3071146,178.005,-9999.000000,26.013988,26.0,14.1640,HIGH,0.6,0.015,0.001
1774254265.386561,178.084,-9999.000000,26.008031,26.0,14.5330,HIGH,0.6,0.015,0.001
1774254265.498583,178.196,-9999.000000,26.011210,26.0,14.3300,HIGH,0.6,0.015,0.001
1774254265.561749,178.260,-9999.000000,26.013591,26.0,14.1849,HIGH,0.6,0.015,0.001
1774254265.6411817,178.339,-9999.000000,26.015976,26.0,14.0408,HIGH,0.6,0.015,0.001
1774254265.7050316,178.403,-9999.000000,26.001677,26.0,14.9239,HIGH,0.6,0.015,0.001
1774254265.816753,178.515,-9999.000000,26.014783,26.0,14.1009,HIGH,0.6,0.015,0.001
1774254265.8801775,178.578,-9999.000000,26.019948,26.0,13.7927,HIGH,0.6,0.015,0.001
1774254265.9598792,178.658,-9999.000000,26.014783,26.0,14.1155,HIGH,0.6,0.015,0.001
1774254266.0711594,178.769,-9999.000000,26.010811,26.0,14.3491,HIGH,0.6,0.015,0.001
1774254266.1350713,178.833,-9999.000000,26.009622,26.0,14.4178,HIGH,0.6,0.015,0.001
1774254266.2461615,178.944,-9999.000000,26.022329,26.0,13.6383,HIGH,0.6,0.015,0.001
1774254266.3098423,179.008,-9999.000000,26.008430,26.0,14.5048,HIGH,0.6,0.015,0.001
1774254266.3888807,179.087,-9999.000000,26.011210,26.0,14.3113,HIGH,0.6,0.015,0.001
1774254266.4525096,179.150,-9999.000000,26.015579,26.0,14.0443,HIGH,0.6,0.015,0.001
1774254266.5159159,179.214,-9999.000000,26.030275,26.0,13.1433,HIGH,0.6,0.015,0.001
1774254266.579704,179.278,-9999.000000,26.021137,26.0,13.7271,HIGH,0.6,0.015,0.001
1774254266.643487,179.341,-9999.000000,26.008430,26.0,14.4943,HIGH,0.6,0.015,0.001
1774254266.7071981,179.405,-9999.000000,26.011607,26.0,14.2777,HIGH,0.6,0.015,0.001
1774254266.7709706,179.469,-9999.000000,26.010811,26.0,14.3307,HIGH,0.6,0.015,0.001
1774254266.8339276,179.532,-9999.000000,26.013988,26.0,14.1324,HIGH,0.6,0.015,0.001
1774254266.9059763,179.604,-9999.000000,26.013988,26.0,14.1360,HIGH,0.6,0.015,0.001
1774254267.0080373,179.706,-9999.000000,26.023522,26.0,13.5510,HIGH,0.6,0.015,0.001
1774254267.0718834,179.770,-9999.000000,26.031864,26.0,13.0437,HIGH,0.6,0.015,0.001
1774254267.1361952,179.834,-9999.000000,26.010018,26.0,14.4005,HIGH,0.6,0.015,0.001
1774254267.2359962,179.934,-9999.000000,26.018357,26.0,13.8551,HIGH,0.6,0.015,0.001
1774254267.3112779,180.009,-9999.000000,26.011210,26.0,14.3005,HIGH,0.6,0.015,0.001
1774254267.3749602,180.073,-9999.000000,26.015976,26.0,13.9961,HIGH,0.6,0.015,0.001
1774254267.4379346,180.136,-9999.000000,26.013195,26.0,14.1735,HIGH,0.6,0.015,0.001
1774254267.5177164,180.216,-9999.000000,26.015579,26.0,14.0212,HIGH,0.6,0.015,0.001
1774254267.6291003,180.327,-9999.000000,26.012799,26.0,14.1914,HIGH,0.6,0.015,0.001
1774254267.6927512,180.391,-9999.000000,26.011210,26.0,14.2856,HIGH,0.6,0.015,0.001
1774254267.7727177,180.471,-9999.000000,26.012003,26.0,14.2331,HIGH,0.6,0.015,0.001
1774254267.8681192,180.566,-9999.000000,26.012399,26.0,14.2082,HIGH,0.6,0.015,0.001
1774254267.947382,180.645,-9999.000000,26.010415,26.0,14.3289,HIGH,0.6,0.015,0.001
1774254268.0115168,180.709,-9999.000000,26.015579,26.0,14.0070,HIGH,0.6,0.015,0.001
1774254268.1225183,180.820,-9999.000000,26.009223,26.0,14.4006,HIGH,0.6,0.015,0.001
1774254268.185878,180.884,-9999.000000,26.012399,26.0,14.1981,HIGH,0.6,0.015,0.001
1774254268.2658842,180.964,-9999.000000,26.018357,26.0,13.8360,HIGH,0.6,0.015,0.001
1774254268.3292737,181.027,-9999.000000,26.016768,26.0,13.9397,HIGH,0.6,0.015,0.001
1774254268.440401,181.138,-9999.000000,26.012799,26.0,14.1768,HIGH,0.6,0.015,0.001
1774254268.5194335,181.217,-9999.000000,26.018357,26.0,13.8305,HIGH,0.6,0.015,0.001
1774254268.5833173,181.281,-9999.000000,26.010415,26.0,14.3255,HIGH,0.6,0.015,0.001
1774254268.6472752,181.345,-9999.000000,26.002473,26.0,14.8018,HIGH,0.6,0.015,0.001
1774254268.727051,181.425,-9999.000000,26.018756,26.0,13.7897,HIGH,0.6,0.015,0.001
1774254268.8096595,181.508,-9999.000000,26.012003,26.0,14.2220,HIGH,0.6,0.015,0.001
1774254268.88661,181.584,-9999.000000,26.028287,26.0,13.2123,HIGH,0.6,0.015,0.001
1774254268.9664645,181.664,-9999.000000,26.012399,26.0,14.2052,HIGH,0.6,0.015,0.001
1774254269.061699,181.760,-9999.000000,26.015180,26.0,14.0134,HIGH,0.6,0.015,0.001
1774254269.1255944,181.823,-9999.000000,26.016768,26.0,13.9169,HIGH,0.6,0.015,0.001
1774254269.1890683,181.887,-9999.000000,26.012799,26.0,14.1626,HIGH,0.6,0.015,0.001
1774254269.2729218,181.971,-9999.000000,26.015180,26.0,14.0087,HIGH,0.6,0.015,0.001
1774254269.3329155,182.031,-9999.000000,26.013591,26.0,14.1083,HIGH,0.6,0.015,0.001
1774254269.3965561,182.094,-9999.000000,26.012003,26.0,14.2023,HIGH,0.6,0.015,0.001
1774254269.475878,182.174,-9999.000000,26.015579,26.0,13.9789,HIGH,0.6,0.015,0.001
1774254269.5710607,182.269,-9999.000000,26.031068,26.0,13.0333,HIGH,0.6,0.015,0.001
1774254269.6345549,182.332,-9999.000000,26.013988,26.0,14.1000,HIGH,0.6,0.015,0.001
1774254269.7118812,182.410,-9999.000000,26.018756,26.0,13.7787,HIGH,0.6,0.015,0.001
1774254269.8120239,182.510,-9999.000000,25.983016,26.0,15.9675,HIGH,0.6,0.015,0.001
1774254269.8727984,182.571,-9999.000000,26.028287,26.0,13.1384,HIGH,0.6,0.015,0.001
1774254269.9518478,182.650,-9999.000000,26.010018,26.0,14.3310,HIGH,0.6,0.015,0.001
1774254270.0634441,182.761,-9999.000000,26.011210,26.0,14.2334,HIGH,0.6,0.015,0.001
1774254270.1268444,182.825,-9999.000000,26.010811,26.0,14.2580,HIGH,0.6,0.015,0.001
1774254270.1908038,182.889,-9999.000000,26.015579,26.0,13.9624,HIGH,0.6,0.015,0.001
1774254270.2702236,182.968,-9999.000000,26.010018,26.0,14.3093,HIGH,0.6,0.015,0.001
1774254270.381615,183.079,-9999.000000,26.018357,26.0,13.7914,HIGH,0.6,0.015,0.001
1774254270.428613,183.126,-9999.000000,26.015976,26.0,13.9457,HIGH,0.6,0.015,0.001
1774254270.4920719,183.190,-9999.000000,26.012399,26.0,14.1597,HIGH,0.6,0.015,0.001
1774254270.5715652,183.269,-9999.000000,26.013195,26.0,14.1037,HIGH,0.6,0.015,0.001
1774254270.651514,183.349,-9999.000000,26.027494,26.0,13.2256,HIGH,0.6,0.015,0.001
1774254270.7469747,183.445,-9999.000000,26.026302,26.0,13.3125,HIGH,0.6,0.015,0.001
1774254270.8136008,183.511,-9999.000000,26.021537,26.0,13.6022,HIGH,0.6,0.015,0.001
1774254270.8900294,183.588,-9999.000000,26.011210,26.0,14.2268,HIGH,0.6,0.015,0.001
1774254270.9533865,183.651,-9999.000000,26.015579,26.0,13.9428,HIGH,0.6,0.015,0.001
1774254271.0325053,183.730,-9999.000000,26.011607,26.0,14.1917,HIGH,0.6,0.015,0.001
1774254271.1270251,183.825,-9999.000000,26.016372,26.0,13.8934,HIGH,0.6,0.015,0.001
1774254271.2070553,183.905,-9999.000000,26.015579,26.0,13.9451,HIGH,0.6,0.015,0.001
1774254271.270586,183.968,-9999.000000,26.008826,26.0,14.3591,HIGH,0.6,0.015,0.001
1774254271.3825088,184.080,-9999.000000,26.015180,26.0,13.9590,HIGH,0.6,0.015,0.001
1774254271.4305255,184.128,-9999.000000,26.014783,26.0,13.9882,HIGH,0.6,0.015,0.001
1774254271.4936957,184.192,-9999.000000,26.012399,26.0,14.1331,HIGH,0.6,0.015,0.001
1774254271.5729277,184.271,-9999.000000,26.010415,26.0,14.2496,HIGH,0.6,0.015,0.001
1774254271.6835642,184.381,-9999.000000,26.013988,26.0,14.0272,HIGH,0.6,0.015,0.001
1774254271.746777,184.445,-9999.000000,26.016768,26.0,13.8576,HIGH,0.6,0.015,0.001
1774254271.8269017,184.525,-9999.000000,26.010415,26.0,14.2499,HIGH,0.6,0.015,0.001
1774254271.9063926,184.604,-9999.000000,26.013988,26.0,14.0214,HIGH,0.6,0.015,0.001
1774254272.0012648,184.699,-9999.000000,26.009622,26.0,14.2911,HIGH,0.6,0.015,0.001
1774254272.0650008,184.763,-9999.000000,26.013195,26.0,14.0652,HIGH,0.6,0.015,0.001
1774254272.1443481,184.842,-9999.000000,26.011607,26.0,14.1668,HIGH,0.6,0.015,0.001
1774254272.2238605,184.922,-9999.000000,26.013988,26.0,14.0172,HIGH,0.6,0.015,0.001
1774254272.3190367,185.017,-9999.000000,26.014387,26.0,13.9938,HIGH,0.6,0.015,0.001
1774254272.3823678,185.080,-9999.000000,26.011210,26.0,14.1888,HIGH,0.6,0.015,0.001
1774254272.4462693,185.144,-9999.000000,26.014783,26.0,13.9624,HIGH,0.6,0.015,0.001
1774254272.5163608,185.214,-9999.000000,26.010415,26.0,14.2352,HIGH,0.6,0.015,0.001
1774254272.573435,185.271,-9999.000000,26.012799,26.0,14.0807,HIGH,0.6,0.015,0.001
1774254272.653558,185.351,-9999.000000,26.002473,26.0,14.7170,HIGH,0.6,0.015,0.001
1774254272.7486963,185.447,-9999.000000,26.013195,26.0,14.0476,HIGH,0.6,0.015,0.001
1774254272.7969005,185.495,-9999.000000,26.017168,26.0,13.8111,HIGH,0.6,0.015,0.001
1774254272.8611047,185.559,-9999.000000,26.013591,26.0,14.0381,HIGH,0.6,0.015,0.001
1774254272.92484,185.623,-9999.000000,26.010415,26.0,14.2272,HIGH,0.6,0.015,0.001
1774254273.0201173,185.718,-9999.000000,26.019152,26.0,13.6860,HIGH,0.6,0.015,0.001
1774254273.0679388,185.766,-9999.000000,26.009622,26.0,14.2862,HIGH,0.6,0.015,0.001
1774254273.1319764,185.830,-9999.000000,26.017564,26.0,13.7757,HIGH,0.6,0.015,0.001
1774254273.1955078,185.893,-9999.000000,26.017168,26.0,13.8109,HIGH,0.6,0.015,0.001
1774254273.2590795,185.957,-9999.000000,26.012799,26.0,14.0780,HIGH,0.6,0.015,0.001
1774254273.3223,186.020,-9999.000000,25.999693,26.0,14.8783,HIGH,0.6,0.015,0.001
1774254273.3861578,186.084,-9999.000000,26.019549,26.0,13.6332,HIGH,0.6,0.015,0.001
1774254273.4497578,186.148,-9999.000000,26.018756,26.0,13.7113,HIGH,0.6,0.015,0.001
1774254273.5178704,186.216,-9999.000000,26.015180,26.0,13.9284,HIGH,0.6,0.015,0.001
1774254273.5790758,186.277,-9999.000000,26.012799,26.0,14.0687,HIGH,0.6,0.015,0.001
1774254273.643827,186.342,-9999.000000,26.022726,26.0,13.4516,HIGH,0.6,0.015,0.001
1774254273.7075324,186.405,-9999.000000,26.018357,26.0,13.7342,HIGH,0.6,0.015,0.001
1774254273.7557197,186.454,-9999.000000,26.012003,26.0,14.1209,HIGH,0.6,0.015,0.001
1774254273.8196,186.517,-9999.000000,26.012399,26.0,14.0821,HIGH,0.6,0.015,0.001
1774254273.883309,186.581,-9999.000000,26.029876,26.0,13.0039,HIGH,0.6,0.015,0.001
1774254273.9473798,186.645,-9999.000000,26.020345,26.0,13.6161,HIGH,0.6,0.015,0.001
1774254274.0186963,186.717,-9999.000000,26.014387,26.0,13.9655,HIGH,0.6,0.015,0.001
1774254274.074827,186.773,-9999.000000,26.022726,26.0,13.4400,HIGH,0.6,0.015,0.001
1774254274.139071,186.837,-9999.000000,26.016372,26.0,13.8444,HIGH,0.6,0.015,0.001
1774254274.2023907,186.900,-9999.000000,26.012003,26.0,14.1024,HIGH,0.6,0.015,0.001
1774254274.2501326,186.948,-9999.000000,26.014783,26.0,13.9218,HIGH,0.6,0.015,0.001
1774254274.3196099,187.017,-9999.000000,26.017564,26.0,13.7550,HIGH,0.6,0.015,0.001
1774254274.377267,187.075,-9999.000000,26.013988,26.0,13.9786,HIGH,0.6,0.015,0.001
1774254274.4411836,187.139,-9999.000000,26.012799,26.0,14.0443,HIGH,0.6,0.015,0.001
1774254274.50449,187.202,-9999.000000,26.017960,26.0,13.7229,HIGH,0.6,0.015,0.001
1774254274.583052,187.281,-9999.000000,26.018756,26.0,13.6801,HIGH,0.6,0.015,0.001
1774254274.646979,187.345,-9999.000000,26.001281,26.0,14.7568,HIGH,0.6,0.015,0.001
1774254274.7269025,187.425,-9999.000000,26.009622,26.0,14.2175,HIGH,0.6,0.015,0.001
1774254274.8224645,187.520,-9999.000000,26.013988,26.0,13.9594,HIGH,0.6,0.015,0.001
1774254274.8860693,187.584,-9999.000000,26.016768,26.0,13.7911,HIGH,0.6,0.015,0.001
1774254274.9506147,187.648,-9999.000000,26.019152,26.0,13.6469,HIGH,0.6,0.015,0.001
1774254275.0137599,187.712,-9999.000000,26.015579,26.0,13.8692,HIGH,0.6,0.015,0.001
1774254275.0784678,187.776,-9999.000000,26.015976,26.0,13.8376,HIGH,0.6,0.015,0.001
1774254275.142755,187.841,-9999.000000,26.019549,26.0,13.6164,HIGH,0.6,0.015,0.001
1774254275.190513,187.888,-9999.000000,26.025906,26.0,13.2253,HIGH,0.6,0.015,0.001
1774254275.2544606,187.952,-9999.000000,26.014387,26.0,13.9464,HIGH,0.6,0.015,0.001
1774254275.3218174,188.020,-9999.000000,26.015180,26.0,13.8781,HIGH,0.6,0.015,0.001
1774254275.4223657,188.120,-9999.000000,26.019549,26.0,13.6098,HIGH,0.6,0.015,0.001
1774254275.4924214,188.190,-9999.000000,26.018357,26.0,13.6855,HIGH,0.6,0.015,0.001
1774254275.5882041,188.286,-9999.000000,26.026699,26.0,13.1707,HIGH,0.6,0.015,0.001
1774254275.651873,188.350,-9999.000000,26.019152,26.0,13.6422,HIGH,0.6,0.015,0.001
1774254275.731307,188.429,-9999.000000,26.015579,26.0,13.8474,HIGH,0.6,0.015,0.001
1774254275.8266408,188.525,-9999.000000,26.012399,26.0,14.0353,HIGH,0.6,0.015,0.001
1774254275.9067051,188.605,-9999.000000,26.017960,26.0,13.6892,HIGH,0.6,0.015,0.001
1774254275.970544,188.668,-9999.000000,26.019152,26.0,13.6209,HIGH,0.6,0.015,0.001
1774254276.034076,188.732,-9999.000000,26.016768,26.0,13.7680,HIGH,0.6,0.015,0.001
1774254276.1454346,188.843,-9999.000000,26.017564,26.0,13.7128,HIGH,0.6,0.015,0.001
1774254276.2093604,188.907,-9999.000000,26.014783,26.0,13.8833,HIGH,0.6,0.015,0.001
1774254276.288598,188.986,-9999.000000,26.020345,26.0,13.5358,HIGH,0.6,0.015,0.001
1774254276.384,189.082,-9999.000000,26.016768,26.0,13.7588,HIGH,0.6,0.015,0.001
1774254276.4473746,189.145,-9999.000000,26.017564,26.0,13.7044,HIGH,0.6,0.015,0.001
1774254276.5114355,189.209,-9999.000000,26.016768,26.0,13.7530,HIGH,0.6,0.015,0.001
1774254276.591032,189.289,-9999.000000,26.019948,26.0,13.5546,HIGH,0.6,0.015,0.001
1774254276.6708221,189.369,-9999.000000,26.021137,26.0,13.4832,HIGH,0.6,0.015,0.001
1774254276.766592,189.464,-9999.000000,26.022726,26.0,13.3845,HIGH,0.6,0.015,0.001
1774254276.8461683,189.544,-9999.000000,26.015976,26.0,13.7977,HIGH,0.6,0.015,0.001
1774254276.909914,189.608,-9999.000000,26.017564,26.0,13.6898,HIGH,0.6,0.015,0.001
1774254277.0360413,189.734,-9999.000000,26.015180,26.0,13.8343,HIGH,0.6,0.015,0.001
1774254277.0999782,189.798,-9999.000000,26.017960,26.0,13.6595,HIGH,0.6,0.015,0.001
1774254277.163605,189.861,-9999.000000,26.021137,26.0,13.4663,HIGH,0.6,0.015,0.001
1774254277.2587242,189.957,-9999.000000,26.015976,26.0,13.7841,HIGH,0.6,0.015,0.001
1774254277.3255713,190.023,-9999.000000,26.021137,26.0,13.4591,HIGH,0.6,0.015,0.001
1774254277.401216,190.099,-9999.000000,26.013195,26.0,13.9524,HIGH,0.6,0.015,0.001
1774254277.464339,190.162,-9999.000000,26.012003,26.0,14.0142,HIGH,0.6,0.015,0.001
1774254277.5275602,190.225,-9999.000000,26.016768,26.0,13.7172,HIGH,0.6,0.015,0.001
1774254277.5904636,190.288,-9999.000000,26.018756,26.0,13.6006,HIGH,0.6,0.015,0.001
1774254277.6559393,190.354,-9999.000000,26.017960,26.0,13.6509,HIGH,0.6,0.015,0.001
1774254277.7261455,190.424,-9999.000000,26.021137,26.0,13.4523,HIGH,0.6,0.015,0.001
1774254277.7798507,190.478,-9999.000000,26.015180,26.0,13.8242,HIGH,0.6,0.015,0.001
1774254277.8467727,190.545,-9999.000000,26.014783,26.0,13.8360,HIGH,0.6,0.015,0.001
1774254277.9719338,190.670,-9999.000000,26.010018,26.0,14.1232,HIGH,0.6,0.015,0.001
1774254278.0648565,190.763,-9999.000000,26.017960,26.0,13.6318,HIGH,0.6,0.015,0.001
1774254278.1436698,190.842,-9999.000000,26.032657,26.0,12.7361,HIGH,0.6,0.015,0.001
1774254278.2073345,190.905,-9999.000000,26.016372,26.0,13.7559,HIGH,0.6,0.015,0.001
1774254278.2713387,190.969,-9999.000000,26.023125,26.0,13.3123,HIGH,0.6,0.015,0.001
1774254278.3349648,191.033,-9999.000000,26.013988,26.0,13.8841,HIGH,0.6,0.015,0.001
1774254278.3978822,191.096,-9999.000000,26.015579,26.0,13.7703,HIGH,0.6,0.015,0.001
1774254278.4610813,191.159,-9999.000000,26.025110,26.0,13.1835,HIGH,0.6,0.015,0.001
1774254278.5244427,191.222,-9999.000000,26.021137,26.0,13.4412,HIGH,0.6,0.015,0.001
1774254278.5721111,191.270,-9999.000000,26.013195,26.0,13.9272,HIGH,0.6,0.015,0.001
1774254278.6519444,191.350,-9999.000000,26.031864,26.0,12.7632,HIGH,0.6,0.015,0.001
1774254278.7471576,191.445,-9999.000000,26.017564,26.0,13.6571,HIGH,0.6,0.015,0.001
1774254278.8420749,191.540,-9999.000000,26.015180,26.0,13.7855,HIGH,0.6,0.015,0.001
1774254278.905301,191.603,-9999.000000,26.010811,26.0,14.0510,HIGH,0.6,0.015,0.001
1774254278.9692523,191.667,-9999.000000,25.998501,26.0,14.8021,HIGH,0.6,0.015,0.001
1774254279.0813916,191.779,-9999.000000,26.018357,26.0,13.5707,HIGH,0.6,0.015,0.001
1774254279.1445062,191.842,-9999.000000,26.016372,26.0,13.7091,HIGH,0.6,0.015,0.001
1774254279.1920693,191.890,-9999.000000,26.016372,26.0,13.7047,HIGH,0.6,0.015,0.001
1774254279.2559137,191.954,-9999.000000,26.024314,26.0,13.2134,HIGH,0.6,0.015,0.001
1774254279.3288488,192.027,-9999.000000,26.014387,26.0,13.8335,HIGH,0.6,0.015,0.001
1774254279.3840957,192.082,-9999.000000,26.015976,26.0,13.7204,HIGH,0.6,0.015,0.001
1774254279.4524403,192.150,-9999.000000,26.011607,26.0,13.9906,HIGH,0.6,0.015,0.001
1774254279.5133543,192.211,-9999.000000,26.008031,26.0,14.2039,HIGH,0.6,0.015,0.001
1774254279.5771205,192.275,-9999.000000,26.014387,26.0,13.8053,HIGH,0.6,0.015,0.001
1774254279.6290116,192.327,-9999.000000,26.009223,26.0,14.1344,HIGH,0.6,0.015,0.001
1774254279.688065,192.386,-9999.000000,26.010415,26.0,14.0500,HIGH,0.6,0.015,0.001
1774254279.75158,192.449,-9999.000000,26.015579,26.0,13.7325,HIGH,0.6,0.015,0.001
1774254279.8469732,192.545,-9999.000000,26.009223,26.0,14.1274,HIGH,0.6,0.015,0.001
1774254279.8945515,192.592,-9999.000000,26.009622,26.0,14.0952,HIGH,0.6,0.015,0.001
1774254279.957927,192.656,-9999.000000,25.987780,26.0,15.4422,HIGH,0.6,0.015,0.001
1774254280.0296595,192.728,-9999.000000,26.013195,26.0,13.8460,HIGH,0.6,0.015,0.001
1774254280.0858076,192.784,-9999.000000,26.005253,26.0,14.3716,HIGH,0.6,0.015,0.001
1774254280.1651227,192.863,-9999.000000,26.012399,26.0,13.9183,HIGH,0.6,0.015,0.001
1774254280.230377,192.928,-9999.000000,26.012399,26.0,13.9260,HIGH,0.6,0.015,0.001
1774254280.2925491,192.990,-9999.000000,26.008430,26.0,14.1698,HIGH,0.6,0.015,0.001
1774254280.3561003,193.054,-9999.000000,26.015180,26.0,13.7464,HIGH,0.6,0.015,0.001
1774254280.4204915,193.118,-9999.000000,26.020741,26.0,13.4127,HIGH,0.6,0.015,0.001
1774254280.48412,193.182,-9999.000000,26.004458,26.0,14.4235,HIGH,0.6,0.015,0.001
1774254280.5317671,193.230,-9999.000000,26.010415,26.0,14.0272,HIGH,0.6,0.015,0.001
1774254280.6117883,193.310,-9999.000000,26.017960,26.0,13.5754,HIGH,0.6,0.015,0.001
1774254280.6592712,193.357,-9999.000000,25.990161,26.0,15.3121,HIGH,0.6,0.015,0.001
1774254280.7309308,193.429,-9999.000000,26.006442,26.0,14.2532,HIGH,0.6,0.015,0.001
1774254280.7860916,193.484,-9999.000000,26.013195,26.0,13.8574,HIGH,0.6,0.015,0.001
1774254280.8496873,193.548,-9999.000000,26.015579,26.0,13.7214,HIGH,0.6,0.015,0.001
1774254280.9135623,193.611,-9999.000000,26.003662,26.0,14.4585,HIGH,0.6,0.015,0.001
1774254280.993747,193.692,-9999.000000,26.012399,26.0,13.9032,HIGH,0.6,0.015,0.001
1774254281.0735378,193.771,-9999.000000,26.013591,26.0,13.8394,HIGH,0.6,0.015,0.001
1774254281.1684525,193.866,-9999.000000,26.012799,26.0,13.8875,HIGH,0.6,0.015,0.001
1774254281.2474084,193.945,-9999.000000,25.997705,26.0,14.8117,HIGH,0.6,0.015,0.001
1774254281.310943,194.009,-9999.000000,26.002473,26.0,14.4987,HIGH,0.6,0.015,0.001
1774254281.358619,194.057,-9999.000000,26.010811,26.0,13.9877,HIGH,0.6,0.015,0.001
1774254281.4326594,194.131,-9999.000000,26.007238,26.0,14.2236,HIGH,0.6,0.015,0.001
1774254281.4864304,194.184,-9999.000000,26.008031,26.0,14.1691,HIGH,0.6,0.015,0.001
1774254281.5492013,194.247,-9999.000000,26.013195,26.0,13.8512,HIGH,0.6,0.015,0.001
1774254281.6129339,194.311,-9999.000000,26.006046,26.0,14.2990,HIGH,0.6,0.015,0.001
1774254281.676471,194.374,-9999.000000,26.006046,26.0,14.2872,HIGH,0.6,0.015,0.001
1774254281.740244,194.438,-9999.000000,26.019948,26.0,13.4294,HIGH,0.6,0.015,0.001
1774254281.8044062,194.502,-9999.000000,26.010415,26.0,14.0371,HIGH,0.6,0.015,0.001
1774254281.8519301,194.550,-9999.000000,26.008826,26.0,14.1202,HIGH,0.6,0.015,0.001
1774254281.9152868,194.613,-9999.000000,26.013591,26.0,13.8222,HIGH,0.6,0.015,0.001
1774254281.9792542,194.677,-9999.000000,26.022726,26.0,13.2652,HIGH,0.6,0.015,0.001
1774254282.0428622,194.741,-9999.000000,26.007238,26.0,14.2324,HIGH,0.6,0.015,0.001
1774254282.1229131,194.821,-9999.000000,26.003662,26.0,14.4266,HIGH,0.6,0.015,0.001
1774254282.1862574,194.884,-9999.000000,26.008826,26.0,14.1033,HIGH,0.6,0.015,0.001
1774254282.297465,194.995,-9999.000000,26.009223,26.0,14.0858,HIGH,0.6,0.015,0.001
1774254282.3608358,195.059,-9999.000000,26.012003,26.0,13.9138,HIGH,0.6,0.015,0.001
1774254282.4400704,195.138,-9999.000000,26.010018,26.0,14.0386,HIGH,0.6,0.015,0.001
1774254282.5194602,195.217,-9999.000000,26.013195,26.0,13.8399,HIGH,0.6,0.015,0.001
1774254282.6149614,195.313,-9999.000000,26.005253,26.0,14.3279,HIGH,0.6,0.015,0.001
1774254282.6788132,195.377,-9999.000000,26.008826,26.0,14.0988,HIGH,0.6,0.015,0.001
1774254282.79008,195.488,-9999.000000,26.012799,26.0,13.8604,HIGH,0.6,0.015,0.001
1774254282.8537207,195.552,-9999.000000,26.010018,26.0,14.0342,HIGH,0.6,0.015,0.001
1774254282.9330657,195.631,-9999.000000,26.008826,26.0,14.1018,HIGH,0.6,0.015,0.001
1774254282.9967022,195.695,-9999.000000,26.012399,26.0,13.8791,HIGH,0.6,0.015,0.001
1774254283.1073987,195.805,-9999.000000,26.012799,26.0,13.8582,HIGH,0.6,0.015,0.001
1774254283.1867852,195.885,-9999.000000,26.012003,26.0,13.9059,HIGH,0.6,0.015,0.001
1774254283.2660923,195.964,-9999.000000,26.003662,26.0,14.4155,HIGH,0.6,0.015,0.001
1774254283.3611977,196.059,-9999.000000,26.012399,26.0,13.8697,HIGH,0.6,0.015,0.001
1774254283.4085557,196.106,-9999.000000,26.011607,26.0,13.9273,HIGH,0.6,0.015,0.001
1774254283.4721942,196.170,-9999.000000,26.007634,26.0,14.1695,HIGH,0.6,0.015,0.001
1774254283.5362365,196.234,-9999.000000,26.010018,26.0,14.0156,HIGH,0.6,0.015,0.001
1774254283.6366506,196.335,-9999.000000,26.019152,26.0,13.4593,HIGH,0.6,0.015,0.001
1774254283.727249,196.425,-9999.000000,26.006842,26.0,14.2197,HIGH,0.6,0.015,0.001
1774254283.7907755,196.489,-9999.000000,25.993340,26.0,15.0381,HIGH,0.6,0.015,0.001
1774254283.870768,196.569,-9999.000000,26.010415,26.0,13.9697,HIGH,0.6,0.015,0.001
1774254283.9338222,196.632,-9999.000000,26.023125,26.0,13.2061,HIGH,0.6,0.015,0.001
1774254283.9975672,196.695,-9999.000000,26.013195,26.0,13.8364,HIGH,0.6,0.015,0.001
1774254284.1087217,196.807,-9999.000000,26.011607,26.0,13.9156,HIGH,0.6,0.015,0.001
1774254284.1725879,196.870,-9999.000000,26.015180,26.0,13.6927,HIGH,0.6,0.015,0.001
1774254284.2517729,196.950,-9999.000000,26.015180,26.0,13.6965,HIGH,0.6,0.015,0.001
1774254284.3785312,197.076,-9999.000000,26.016768,26.0,13.5968,HIGH,0.6,0.015,0.001
1774254284.4417682,197.140,-9999.000000,26.010811,26.0,13.9639,HIGH,0.6,0.015,0.001
1774254284.5057404,197.204,-9999.000000,26.007634,26.0,14.1493,HIGH,0.6,0.015,0.001
1774254284.5699637,197.268,-9999.000000,26.015579,26.0,13.6537,HIGH,0.6,0.015,0.001
1774254284.6651404,197.363,-9999.000000,26.017168,26.0,13.5667,HIGH,0.6,0.015,0.001
1774254284.72913,197.427,-9999.000000,26.009223,26.0,14.0566,HIGH,0.6,0.015,0.001
1774254284.8087769,197.507,-9999.000000,26.012799,26.0,13.8236,HIGH,0.6,0.015,0.001
1774254284.8719966,197.570,-9999.000000,26.012399,26.0,13.8515,HIGH,0.6,0.015,0.001
1774254284.9357352,197.634,-9999.000000,26.012003,26.0,13.8741,HIGH,0.6,0.015,0.001
1774254284.9991984,197.697,-9999.000000,26.012799,26.0,13.8233,HIGH,0.6,0.015,0.001
1774254285.0629067,197.761,-9999.000000,26.007634,26.0,14.1418,HIGH,0.6,0.015,0.001
1774254285.1265533,197.824,-9999.000000,26.007238,26.0,14.1574,HIGH,0.6,0.015,0.001
1774254285.1901453,197.888,-9999.000000,26.013591,26.0,13.7643,HIGH,0.6,0.015,0.001
1774254285.2538123,197.952,-9999.000000,26.008031,26.0,14.1159,HIGH,0.6,0.015,0.001
1774254285.3015976,197.999,-9999.000000,26.013195,26.0,13.7855,HIGH,0.6,0.015,0.001
1774254285.3645084,198.062,-9999.000000,25.989764,26.0,15.2404,HIGH,0.6,0.015,0.001
1774254285.4288912,198.127,-9999.000000,26.006842,26.0,14.1513,HIGH,0.6,0.015,0.001
1774254285.492433,198.190,-9999.000000,26.010415,26.0,13.9568,HIGH,0.6,0.015,0.001
1774254285.5561528,198.254,-9999.000000,26.013591,26.0,13.7656,HIGH,0.6,0.015,0.001
1774254285.6199703,198.318,-9999.000000,26.009622,26.0,14.0140,HIGH,0.6,0.015,0.001
1774254285.6679873,198.366,-9999.000000,26.006442,26.0,14.2047,HIGH,0.6,0.015,0.001
1774254285.7412398,198.439,-9999.000000,26.011607,26.0,13.8799,HIGH,0.6,0.015,0.001
1774254285.7949471,198.493,-9999.000000,26.007634,26.0,14.1321,HIGH,0.6,0.015,0.001
1774254285.8591278,198.557,-9999.000000,26.008430,26.0,14.0749,HIGH,0.6,0.015,0.001
1774254285.922483,198.620,-9999.000000,26.013195,26.0,13.7815,HIGH,0.6,0.015,0.001
1774254285.9859254,198.684,-9999.000000,26.011607,26.0,13.8857,HIGH,0.6,0.015,0.001
1774254286.0499554,198.748,-9999.000000,25.973881,26.0,16.2081,HIGH,0.6,0.015,0.001
1774254286.1137218,198.812,-9999.000000,26.012399,26.0,13.7765,HIGH,0.6,0.015,0.001
1774254286.1615155,198.859,-9999.000000,26.012399,26.0,13.8361,HIGH,0.6,0.015,0.001
1774254286.225513,198.923,-9999.000000,26.010018,26.0,13.9817,HIGH,0.6,0.015,0.001
1774254286.28923,198.987,-9999.000000,26.010811,26.0,13.9281,HIGH,0.6,0.015,0.001
1774254286.353486,199.051,-9999.000000,26.014387,26.0,13.7079,HIGH,0.6,0.015,0.001
1774254286.4171054,199.115,-9999.000000,26.013988,26.0,13.7367,HIGH,0.6,0.015,0.001
1774254286.4811792,199.179,-9999.000000,25.989764,26.0,15.2282,HIGH,0.6,0.015,0.001
1774254286.528823,199.227,-9999.000000,26.012003,26.0,13.8086,HIGH,0.6,0.015,0.001
1774254286.5920217,199.290,-9999.000000,26.012003,26.0,13.8541,HIGH,0.6,0.015,0.001
1774254286.6874745,199.385,-9999.000000,26.028287,26.0,12.8560,HIGH,0.6,0.015,0.001
1774254286.7426023,199.440,-9999.000000,26.019948,26.0,13.3868,HIGH,0.6,0.015,0.001
1774254286.8142946,199.512,-9999.000000,26.021933,26.0,13.2475,HIGH,0.6,0.015,0.001
1774254286.8774254,199.575,-9999.000000,26.009622,26.0,14.0075,HIGH,0.6,0.015,0.001
1774254286.9429996,199.641,-9999.000000,26.012799,26.0,13.7913,HIGH,0.6,0.015,0.001
1774254287.0046222,199.703,-9999.000000,26.013988,26.0,13.7216,HIGH,0.6,0.015,0.001
1774254287.0687034,199.767,-9999.000000,26.011210,26.0,13.8934,HIGH,0.6,0.015,0.001
1774254287.116552,199.814,-9999.000000,26.017960,26.0,13.4687,HIGH,0.6,0.015,0.001
1774254287.1803277,199.878,-9999.000000,26.017168,26.0,13.5300,HIGH,0.6,0.015,0.001
1774254287.2604742,199.958,-9999.000000,26.013591,26.0,13.7461,HIGH,0.6,0.015,0.001
1774254287.3714764,200.069,-9999.000000,26.023522,26.0,13.1330,HIGH,0.6,0.015,0.001
1774254287.4511547,200.149,-9999.000000,26.011210,26.0,13.8947,HIGH,0.6,0.015,0.001
1774254287.5149035,200.213,-9999.000000,26.010811,26.0,13.9028,HIGH,0.6,0.015,0.001
1774254287.593544,200.291,-9999.000000,26.015180,26.0,13.6327,HIGH,0.6,0.015,0.001
1774254287.673394,200.371,-9999.000000,26.010415,26.0,13.9289,HIGH,0.6,0.015,0.001
1774254287.7530704,200.451,-9999.000000,26.013195,26.0,13.7510,HIGH,0.6,0.015,0.001
1774254287.8238497,200.522,-9999.000000,26.010415,26.0,13.9242,HIGH,0.6,0.015,0.001
1774254287.8799753,200.578,-9999.000000,26.012003,26.0,13.8211,HIGH,0.6,0.015,0.001
1774254287.9453435,200.643,-9999.000000,26.011607,26.0,13.8472,HIGH,0.6,0.015,0.001
1774254288.0235176,200.721,-9999.000000,26.015976,26.0,13.5770,HIGH,0.6,0.015,0.001
1774254288.1343606,200.832,-9999.000000,26.012003,26.0,13.8225,HIGH,0.6,0.015,0.001
1774254288.198133,200.896,-9999.000000,26.011210,26.0,13.8667,HIGH,0.6,0.015,0.001
1774254288.2776842,200.976,-9999.000000,26.015976,26.0,13.5716,HIGH,0.6,0.015,0.001
1774254288.3725965,201.070,-9999.000000,26.013591,26.0,13.7212,HIGH,0.6,0.015,0.001
1774254288.4516683,201.150,-9999.000000,26.011607,26.0,13.8389,HIGH,0.6,0.015,0.001
1774254288.5152936,201.213,-9999.000000,26.017168,26.0,13.4924,HIGH,0.6,0.015,0.001
1774254288.625595,201.323,-9999.000000,26.014387,26.0,13.6681,HIGH,0.6,0.015,0.001
1774254288.6895432,201.387,-9999.000000,26.011607,26.0,13.8356,HIGH,0.6,0.015,0.001
1774254288.769364,201.467,-9999.000000,26.013591,26.0,13.7081,HIGH,0.6,0.015,0.001
1774254288.8329723,201.531,-9999.000000,26.022726,26.0,13.1460,HIGH,0.6,0.015,0.001
1774254288.9472284,201.645,-9999.000000,26.015579,26.0,13.5927,HIGH,0.6,0.015,0.001
1774254289.007373,201.705,-9999.000000,26.008826,26.0,14.0021,HIGH,0.6,0.015,0.001
1774254289.1182597,201.816,-9999.000000,26.013591,26.0,13.6984,HIGH,0.6,0.015,0.001
1774254289.1816957,201.880,-9999.000000,26.019948,26.0,13.3093,HIGH,0.6,0.015,0.001
1774254289.2697933,201.968,-9999.000000,26.021137,26.0,13.2439,HIGH,0.6,0.015,0.001
1774254289.3246427,202.023,-9999.000000,26.015579,26.0,13.5876,HIGH,0.6,0.015,0.001
1774254289.4041865,202.102,-9999.000000,26.010018,26.0,13.9169,HIGH,0.6,0.015,0.001
1774254289.4999733,202.198,-9999.000000,26.016768,26.0,13.4954,HIGH,0.6,0.015,0.001
1774254289.5637941,202.262,-9999.000000,26.017564,26.0,13.4518,HIGH,0.6,0.015,0.001
1774254289.648709,202.347,-9999.000000,26.016372,26.0,13.5239,HIGH,0.6,0.015,0.001
1774254289.754085,202.452,-9999.000000,26.017960,26.0,13.4228,HIGH,0.6,0.015,0.001
1774254289.8179235,202.516,-9999.000000,26.014387,26.0,13.6430,HIGH,0.6,0.015,0.001
1774254289.8811982,202.579,-9999.000000,26.013988,26.0,13.6606,HIGH,0.6,0.015,0.001
1774254289.9493413,202.647,-9999.000000,26.019948,26.0,13.2916,HIGH,0.6,0.015,0.001
1774254290.0555112,202.753,-9999.000000,26.034245,26.0,12.4236,HIGH,0.6,0.015,0.001
1774254290.119185,202.817,-9999.000000,26.019948,26.0,13.3154,HIGH,0.6,0.015,0.001
1774254290.1836169,202.881,-9999.000000,26.018756,26.0,13.3645,HIGH,0.6,0.015,0.001
1774254290.2498531,202.948,-9999.000000,26.013988,26.0,13.6546,HIGH,0.6,0.015,0.001
1774254290.3108916,203.009,-9999.000000,26.021537,26.0,13.1801,HIGH,0.6,0.015,0.001
1774254290.358828,203.057,-9999.000000,26.019549,26.0,13.3145,HIGH,0.6,0.015,0.001
1774254290.422704,203.121,-9999.000000,26.015180,26.0,13.5779,HIGH,0.6,0.015,0.001
1774254290.5175688,203.215,-9999.000000,26.020345,26.0,13.2528,HIGH,0.6,0.015,0.001
1774254290.5812664,203.279,-9999.000000,26.023125,26.0,13.0849,HIGH,0.6,0.015,0.001
1774254290.6926103,203.390,-9999.000000,26.017564,26.0,13.4250,HIGH,0.6,0.015,0.001
1774254290.7568188,203.455,-9999.000000,26.011210,26.0,13.8100,HIGH,0.6,0.015,0.001
1774254290.8672447,203.565,-9999.000000,26.034245,26.0,12.3915,HIGH,0.6,0.015,0.001
1774254290.93083,203.629,-9999.000000,26.029083,26.0,12.7274,HIGH,0.6,0.015,0.001
1774254290.9942675,203.692,-9999.000000,26.037822,26.0,12.1776,HIGH,0.6,0.015,0.001
1774254291.074488,203.772,-9999.000000,26.021137,26.0,13.2107,HIGH,0.6,0.015,0.001
1774254291.1537633,203.852,-9999.000000,26.039011,26.0,12.0903,HIGH,0.6,0.015,0.001
1774254291.2681298,203.966,-9999.000000,26.019152,26.0,13.3184,HIGH,0.6,0.015,0.001
1774254291.31241,204.010,-9999.000000,26.021537,26.0,13.1512,HIGH,0.6,0.015,0.001
1774254291.376003,204.074,-9999.000000,26.019152,26.0,13.3016,HIGH,0.6,0.015,0.001
1774254291.4397027,204.138,-9999.000000,26.023522,26.0,13.0265,HIGH,0.6,0.015,0.001
1774254291.503849,204.202,-9999.000000,26.026302,26.0,12.8597,HIGH,0.6,0.015,0.001
1774254291.5679798,204.266,-9999.000000,26.025906,26.0,12.8859,HIGH,0.6,0.015,0.001
1774254291.6158507,204.314,-9999.000000,26.017168,26.0,13.4266,HIGH,0.6,0.015,0.001
1774254291.6791437,204.377,-9999.000000,26.021137,26.0,13.1619,HIGH,0.6,0.015,0.001
1774254291.7423885,204.440,-9999.000000,26.018756,26.0,13.3131,HIGH,0.6,0.015,0.001
1774254291.8062792,204.504,-9999.000000,26.024714,26.0,12.9401,HIGH,0.6,0.015,0.001
1774254291.8697145,204.568,-9999.000000,26.025507,26.0,12.8982,HIGH,0.6,0.015,0.001
1774254291.9335208,204.631,-9999.000000,26.015180,26.0,13.5338,HIGH,0.6,0.015,0.001
1774254291.9969306,204.695,-9999.000000,26.020741,26.0,13.1732,HIGH,0.6,0.015,0.001
1774254292.0544748,204.752,-9999.000000,26.016768,26.0,13.4258,HIGH,0.6,0.015,0.001
1774254292.1091683,204.807,-9999.000000,26.019948,26.0,13.2207,HIGH,0.6,0.015,0.001
1774254292.204238,204.902,-9999.000000,26.016768,26.0,13.4182,HIGH,0.6,0.015,0.001
1774254292.268079,204.966,-9999.000000,26.021933,26.0,13.0948,HIGH,0.6,0.015,0.001
1774254292.3636427,205.062,-9999.000000,26.020345,26.0,13.1969,HIGH,0.6,0.015,0.001
1774254292.4428906,205.141,-9999.000000,26.022726,26.0,13.0467,HIGH,0.6,0.015,0.001
1774254292.5064678,205.204,-9999.000000,26.015976,26.0,13.4638,HIGH,0.6,0.015,0.001
1774254292.6186492,205.317,-9999.000000,26.023522,26.0,12.9897,HIGH,0.6,0.015,0.001
1774254292.681797,205.380,-9999.000000,26.016372,26.0,13.4352,HIGH,0.6,0.015,0.001
1774254292.7610846,205.459,-9999.000000,26.023522,26.0,12.9831,HIGH,0.6,0.015,0.001
1774254292.8248012,205.523,-9999.000000,26.021933,26.0,13.0878,HIGH,0.6,0.015,0.001
1774254292.8880901,205.586,-9999.000000,26.021933,26.0,13.0833,HIGH,0.6,0.015,0.001
1774254292.9564195,205.654,-9999.000000,26.018756,26.0,13.2766,HIGH,0.6,0.015,0.001
1774254293.0155213,205.713,-9999.000000,26.017168,26.0,13.3684,HIGH,0.6,0.015,0.001
1774254293.095222,205.793,-9999.000000,26.018756,26.0,13.2662,HIGH,0.6,0.015,0.001
1774254293.1904206,205.888,-9999.000000,26.016372,26.0,13.4114,HIGH,0.6,0.015,0.001
1774254293.2571983,205.955,-9999.000000,26.019948,26.0,13.1870,HIGH,0.6,0.015,0.001
1774254293.3180118,206.016,-9999.000000,26.019549,26.0,13.2152,HIGH,0.6,0.015,0.001
1774254293.3821728,206.080,-9999.000000,26.018357,26.0,13.2861,HIGH,0.6,0.015,0.001
1774254293.4460495,206.144,-9999.000000,26.022329,26.0,13.0375,HIGH,0.6,0.015,0.001
1774254293.5094433,206.207,-9999.000000,26.018756,26.0,13.2620,HIGH,0.6,0.015,0.001
1774254293.5727906,206.271,-9999.000000,26.017960,26.0,13.3037,HIGH,0.6,0.015,0.001
1774254293.6835978,206.381,-9999.000000,26.016768,26.0,13.3722,HIGH,0.6,0.015,0.001
1774254293.757755,206.456,-9999.000000,26.021137,26.0,13.1008,HIGH,0.6,0.015,0.001
1774254293.8273864,206.525,-9999.000000,26.017960,26.0,13.3000,HIGH,0.6,0.015,0.001
1774254293.891011,206.589,-9999.000000,26.014387,26.0,13.5140,HIGH,0.6,0.015,0.001
1774254293.9863222,206.684,-9999.000000,26.018357,26.0,13.2635,HIGH,0.6,0.015,0.001
1774254294.0656798,206.764,-9999.000000,26.015180,26.0,13.4604,HIGH,0.6,0.015,0.001
1774254294.129014,206.827,-9999.000000,26.018357,26.0,13.2591,HIGH,0.6,0.015,0.001
1774254294.2079923,206.906,-9999.000000,26.020345,26.0,13.1399,HIGH,0.6,0.015,0.001
1774254294.2878177,206.986,-9999.000000,26.017168,26.0,13.3349,HIGH,0.6,0.015,0.001
1774254294.3830254,207.081,-9999.000000,26.018357,26.0,13.2557,HIGH,0.6,0.015,0.001
1774254294.4470685,207.145,-9999.000000,26.014387,26.0,13.5000,HIGH,0.6,0.015,0.001
1774254294.51044,207.208,-9999.000000,26.030672,26.0,12.4881,HIGH,0.6,0.015,0.001
1774254294.589616,207.287,-9999.000000,26.015180,26.0,13.4611,HIGH,0.6,0.015,0.001
1774254294.658476,207.356,-9999.000000,26.017168,26.0,13.3176,HIGH,0.6,0.015,0.001
1774254294.7587268,207.457,-9999.000000,26.017960,26.0,13.2694,HIGH,0.6,0.015,0.001
1774254294.843759,207.542,-9999.000000,26.022329,26.0,13.0001,HIGH,0.6,0.015,0.001
1774254294.891314,207.589,-9999.000000,26.019152,26.0,13.2011,HIGH,0.6,0.015,0.001
1774254294.9595253,207.657,-9999.000000,26.017168,26.0,13.3147,HIGH,0.6,0.015,0.001
1774254295.0202725,207.718,-9999.000000,26.011210,26.0,13.6780,HIGH,0.6,0.015,0.001
1774254295.068052,207.766,-9999.000000,26.019948,26.0,13.1242,HIGH,0.6,0.015,0.001
1774254295.1323278,207.830,-9999.000000,26.014387,26.0,13.4834,HIGH,0.6,0.015,0.001
1774254295.1966596,207.895,-9999.000000,26.015976,26.0,13.3755,HIGH,0.6,0.015,0.001
1774254295.2607107,207.959,-9999.000000,26.016768,26.0,13.3275,HIGH,0.6,0.015,0.001
1774254295.3248444,208.023,-9999.000000,26.014783,26.0,13.4495,HIGH,0.6,0.015,0.001
1774254295.3886325,208.087,-9999.000000,26.014783,26.0,13.4450,HIGH,0.6,0.015,0.001
1774254295.4609714,208.159,-9999.000000,26.016372,26.0,13.3457,HIGH,0.6,0.015,0.001
1774254295.5155437,208.213,-9999.000000,26.015976,26.0,13.3711,HIGH,0.6,0.015,0.001
1774254295.5790064,208.277,-9999.000000,26.012399,26.0,13.5894,HIGH,0.6,0.015,0.001
1774254295.661633,208.360,-9999.000000,26.015579,26.0,13.3872,HIGH,0.6,0.015,0.001
1774254295.769747,208.468,-9999.000000,26.013988,26.0,13.4858,HIGH,0.6,0.015,0.001
1774254295.8340197,208.532,-9999.000000,26.014783,26.0,13.4339,HIGH,0.6,0.015,0.001
1774254295.913052,208.611,-9999.000000,26.015579,26.0,13.3845,HIGH,0.6,0.015,0.001
1774254295.9923844,208.690,-9999.000000,26.006046,26.0,13.9688,HIGH,0.6,0.015,0.001
1774254296.0722399,208.770,-9999.000000,26.009223,26.0,13.7611,HIGH,0.6,0.015,0.001
1774254296.1360004,208.834,-9999.000000,26.016768,26.0,13.2989,HIGH,0.6,0.015,0.001
1774254296.215071,208.913,-9999.000000,26.009622,26.0,13.7474,HIGH,0.6,0.015,0.001
1774254296.294733,208.993,-9999.000000,26.012799,26.0,13.5423,HIGH,0.6,0.015,0.001
1774254296.3901865,209.088,-9999.000000,26.009622,26.0,13.7388,HIGH,0.6,0.015,0.001
1774254296.4379957,209.136,-9999.000000,26.013195,26.0,13.5127,HIGH,0.6,0.015,0.001
1774254296.5173905,209.215,-9999.000000,26.009223,26.0,13.7624,HIGH,0.6,0.015,0.001
1774254296.5969677,209.295,-9999.000000,26.010811,26.0,13.6588,HIGH,0.6,0.015,0.001
1774254296.663581,209.361,-9999.000000,26.007634,26.0,13.8554,HIGH,0.6,0.015,0.001
1774254296.7636118,209.461,-9999.000000,26.009622,26.0,13.7280,HIGH,0.6,0.015,0.001
1774254296.8356636,209.534,-9999.000000,25.987780,26.0,15.0721,HIGH,0.6,0.015,0.001
1774254296.8990703,209.597,-9999.000000,26.012799,26.0,13.5000,HIGH,0.6,0.015,0.001
1774254296.9635894,209.661,-9999.000000,26.007634,26.0,13.8566,HIGH,0.6,0.015,0.001
1774254297.0740926,209.772,-9999.000000,26.008826,26.0,13.7745,HIGH,0.6,0.015,0.001
1774254297.138152,209.836,-9999.000000,26.012003,26.0,13.5789,HIGH,0.6,0.015,0.001
1774254297.2175858,209.915,-9999.000000,26.008031,26.0,13.8262,HIGH,0.6,0.015,0.001
1774254297.2798684,209.978,-9999.000000,26.008031,26.0,13.8205,HIGH,0.6,0.015,0.001
1774254297.3750215,210.073,-9999.000000,26.009223,26.0,13.7464,HIGH,0.6,0.015,0.001
1774254297.4711525,210.169,-9999.000000,26.009622,26.0,13.7219,HIGH,0.6,0.015,0.001
1774254297.5194862,210.217,-9999.000000,26.011607,26.0,13.5983,HIGH,0.6,0.015,0.001
1774254297.5832245,210.281,-9999.000000,26.009622,26.0,13.7236,HIGH,0.6,0.015,0.001
1774254297.6472058,210.345,-9999.000000,26.009223,26.0,13.7442,HIGH,0.6,0.015,0.001
1774254297.7114956,210.409,-9999.000000,26.011607,26.0,13.5957,HIGH,0.6,0.015,0.001
1774254297.7754867,210.473,-9999.000000,26.006442,26.0,13.9167,HIGH,0.6,0.015,0.001
1774254297.823718,210.522,-9999.000000,26.006442,26.0,13.9082,HIGH,0.6,0.015,0.001
1774254297.8873444,210.585,-9999.000000,26.008430,26.0,13.7850,HIGH,0.6,0.015,0.001
1774254297.9512298,210.649,-9999.000000,26.010018,26.0,13.6894,HIGH,0.6,0.015,0.001
1774254298.0152366,210.713,-9999.000000,26.010018,26.0,13.6909,HIGH,0.6,0.015,0.001
1774254298.0789182,210.777,-9999.000000,26.007634,26.0,13.8370,HIGH,0.6,0.015,0.001
1774254298.1434655,210.841,-9999.000000,26.009622,26.0,13.7100,HIGH,0.6,0.015,0.001
1774254298.1907275,210.889,-9999.000000,26.006046,26.0,13.9347,HIGH,0.6,0.015,0.001
1774254298.2540996,210.952,-9999.000000,26.008826,26.0,13.7551,HIGH,0.6,0.015,0.001
1774254298.3494172,211.047,-9999.000000,26.003662,26.0,14.0743,HIGH,0.6,0.015,0.001
1774254298.3974278,211.095,-9999.000000,26.013988,26.0,13.4268,HIGH,0.6,0.015,0.001
1774254298.5088687,211.207,-9999.000000,26.003662,26.0,14.0765,HIGH,0.6,0.015,0.001
1774254298.5882478,211.286,-9999.000000,26.004061,26.0,14.0423,HIGH,0.6,0.015,0.001
1774254298.6517146,211.350,-9999.000000,25.999693,26.0,14.3118,HIGH,0.6,0.015,0.001
1774254298.730436,211.428,-9999.000000,26.008031,26.0,13.7931,HIGH,0.6,0.015,0.001
1774254298.8261645,211.524,-9999.000000,26.007634,26.0,13.8268,HIGH,0.6,0.015,0.001
1774254298.8897612,211.588,-9999.000000,26.005650,26.0,13.9481,HIGH,0.6,0.015,0.001
1774254298.9692688,211.667,-9999.000000,26.005650,26.0,13.9443,HIGH,0.6,0.015,0.001
1774254299.032718,211.731,-9999.000000,26.008826,26.0,13.7478,HIGH,0.6,0.015,0.001
1774254299.1437933,211.842,-9999.000000,26.010415,26.0,13.6544,HIGH,0.6,0.015,0.001
1774254299.2075636,211.905,-9999.000000,26.004061,26.0,14.0466,HIGH,0.6,0.015,0.001
1774254299.28704,211.985,-9999.000000,26.010018,26.0,13.6705,HIGH,0.6,0.015,0.001
1774254299.3610315,212.059,-9999.000000,26.010018,26.0,13.6769,HIGH,0.6,0.015,0.001
1774254299.4464078,212.144,-9999.000000,26.001677,26.0,14.1869,HIGH,0.6,0.015,0.001
1774254299.5098352,212.208,-9999.000000,26.007238,26.0,13.8340,HIGH,0.6,0.015,0.001
1774254299.5900636,212.288,-9999.000000,26.010811,26.0,13.6227,HIGH,0.6,0.015,0.001
1774254299.6541123,212.352,-9999.000000,26.023125,26.0,12.8668,HIGH,0.6,0.015,0.001
1774254299.7342193,212.432,-9999.000000,26.004458,26.0,14.0289,HIGH,0.6,0.015,0.001
1774254299.8295925,212.527,-9999.000000,26.005650,26.0,13.9320,HIGH,0.6,0.015,0.001
1774254299.8948905,212.593,-9999.000000,26.001677,26.0,14.1775,HIGH,0.6,0.015,0.001
1774254299.9727201,212.671,-9999.000000,26.008031,26.0,13.7811,HIGH,0.6,0.015,0.001
1774254300.052372,212.750,-9999.000000,26.001677,26.0,14.1782,HIGH,0.6,0.015,0.001
1774254300.1476612,212.846,-9999.000000,26.025507,26.0,12.7119,HIGH,0.6,0.015,0.001
1774254300.2271452,212.925,-9999.000000,26.015180,26.0,13.3676,HIGH,0.6,0.015,0.001
1774254300.2909555,212.989,-9999.000000,26.007238,26.0,13.8429,HIGH,0.6,0.015,0.001
1774254300.4012961,213.099,-9999.000000,26.007634,26.0,13.8051,HIGH,0.6,0.015,0.001
1774254300.469522,213.167,-9999.000000,26.010415,26.0,13.6335,HIGH,0.6,0.015,0.001
1774254300.5445411,213.242,-9999.000000,26.007634,26.0,13.8072,HIGH,0.6,0.015,0.001
1774254300.6246667,213.323,-9999.000000,26.010415,26.0,13.6320,HIGH,0.6,0.015,0.001
1774254300.7205117,213.418,-9999.000000,26.006046,26.0,13.9012,HIGH,0.6,0.015,0.001
1774254300.799753,213.498,-9999.000000,26.009223,26.0,13.7010,HIGH,0.6,0.015,0.001
1774254300.8509884,213.549,-9999.000000,25.999693,26.0,14.2954,HIGH,0.6,0.015,0.001
1774254300.9108741,213.609,-9999.000000,26.008031,26.0,13.7619,HIGH,0.6,0.015,0.001
1774254300.9749491,213.673,-9999.000000,26.015180,26.0,13.3342,HIGH,0.6,0.015,0.001
1774254301.0393183,213.737,-9999.000000,26.011607,26.0,13.5642,HIGH,0.6,0.015,0.001
1774254301.1041121,213.802,-9999.000000,26.007634,26.0,13.8024,HIGH,0.6,0.015,0.001
1774254301.1524894,213.850,-9999.000000,26.013591,26.0,13.4255,HIGH,0.6,0.015,0.001
1774254301.2159534,213.914,-9999.000000,26.008031,26.0,13.7795,HIGH,0.6,0.015,0.001
1774254301.2799277,213.978,-9999.000000,26.007238,26.0,13.8188,HIGH,0.6,0.015,0.001
1774254301.3437865,214.042,-9999.000000,26.012003,26.0,13.5231,HIGH,0.6,0.015,0.001
1774254301.4077976,214.106,-9999.000000,26.010018,26.0,13.6518,HIGH,0.6,0.015,0.001
1774254301.4556365,214.154,-9999.000000,26.012799,26.0,13.4751,HIGH,0.6,0.015,0.001
1774254301.5513132,214.249,-9999.000000,26.006842,26.0,13.8436,HIGH,0.6,0.015,0.001
1774254301.6146514,214.313,-9999.000000,26.006842,26.0,13.8367,HIGH,0.6,0.015,0.001
1774254301.7261732,214.424,-9999.000000,26.013195,26.0,13.4476,HIGH,0.6,0.015,0.001
1774254301.7898932,214.488,-9999.000000,26.019948,26.0,13.0356,HIGH,0.6,0.015,0.001
1774254301.8534544,214.551,-9999.000000,26.010018,26.0,13.6567,HIGH,0.6,0.015,0.001
1774254301.932485,214.630,-9999.000000,26.014783,26.0,13.3474,HIGH,0.6,0.015,0.001
1774254301.9963524,214.694,-9999.000000,26.013195,26.0,13.4499,HIGH,0.6,0.015,0.001
1774254302.0440104,214.742,-9999.000000,26.010811,26.0,13.5947,HIGH,0.6,0.015,0.001
1774254302.1073081,214.805,-9999.000000,26.014783,26.0,13.3437,HIGH,0.6,0.015,0.001
1774254302.1734824,214.871,-9999.000000,26.015180,26.0,13.3241,HIGH,0.6,0.015,0.001
1774254302.2350836,214.933,-9999.000000,26.012003,26.0,13.5193,HIGH,0.6,0.015,0.001
1774254302.3142264,215.012,-9999.000000,26.014387,26.0,13.3664,HIGH,0.6,0.015,0.001
1774254302.3940024,215.092,-9999.000000,26.013591,26.0,13.4165,HIGH,0.6,0.015,0.001
1774254302.4894893,215.187,-9999.000000,26.029479,26.0,12.4414,HIGH,0.6,0.015,0.001
1774254302.5530903,215.251,-9999.000000,26.015180,26.0,13.3370,HIGH,0.6,0.015,0.001
1774254302.6322267,215.330,-9999.000000,26.018357,26.0,13.1177,HIGH,0.6,0.015,0.001
1774254302.7278867,215.426,-9999.000000,26.015976,26.0,13.2648,HIGH,0.6,0.015,0.001
1774254302.8072991,215.505,-9999.000000,26.008430,26.0,13.7236,HIGH,0.6,0.015,0.001
1774254302.8745837,215.572,-9999.000000,26.018357,26.0,13.1018,HIGH,0.6,0.015,0.001
1774254302.9818857,215.680,-9999.000000,26.034245,26.0,12.1430,HIGH,0.6,0.015,0.001
1774254303.045806,215.744,-9999.000000,26.017168,26.0,13.2075,HIGH,0.6,0.015,0.001
1774254303.1254187,215.823,-9999.000000,26.014783,26.0,13.3251,HIGH,0.6,0.015,0.001
1774254303.2048683,215.903,-9999.000000,26.011607,26.0,13.5153,HIGH,0.6,0.015,0.001
1774254303.299844,215.998,-9999.000000,26.023522,26.0,12.7805,HIGH,0.6,0.015,0.001
1774254303.3790836,216.077,-9999.000000,26.031464,26.0,12.3027,HIGH,0.6,0.015,0.001
1774254303.4427269,216.141,-9999.000000,26.017168,26.0,13.1914,HIGH,0.6,0.015,0.001
1774254303.5065918,216.204,-9999.000000,25.983412,26.0,15.2487,HIGH,0.6,0.015,0.001
1774254303.5859423,216.284,-9999.000000,26.017960,26.0,13.0773,HIGH,0.6,0.015,0.001
1774254303.6653383,216.363,-9999.000000,26.012799,26.0,13.4355,HIGH,0.6,0.015,0.001
1774254303.7451856,216.443,-9999.000000,26.021537,26.0,12.8912,HIGH,0.6,0.015,0.001
1774254303.8244736,216.522,-9999.000000,26.019948,26.0,12.9971,HIGH,0.6,0.015,0.001
1774254303.919672,216.618,-9999.000000,26.013988,26.0,13.3569,HIGH,0.6,0.015,0.001
1774254303.9994063,216.697,-9999.000000,26.016768,26.0,13.1784,HIGH,0.6,0.015,0.001
1774254304.062864,216.761,-9999.000000,26.013195,26.0,13.4006,HIGH,0.6,0.015,0.001
1774254304.1770065,216.875,-9999.000000,26.020345,26.0,12.9563,HIGH,0.6,0.015,0.001
1774254304.2371998,216.935,-9999.000000,26.014783,26.0,13.3041,HIGH,0.6,0.015,0.001
1774254304.3164005,217.014,-9999.000000,26.011607,26.0,13.4881,HIGH,0.6,0.015,0.001
1774254304.4280767,217.126,-9999.000000,26.019549,26.0,12.9972,HIGH,0.6,0.015,0.001
1774254304.491686,217.190,-9999.000000,26.021137,26.0,12.9045,HIGH,0.6,0.015,0.001
1774254304.5550218,217.253,-9999.000000,26.019549,26.0,13.0029,HIGH,0.6,0.015,0.001
1774254304.6667085,217.365,-9999.000000,26.016372,26.0,13.1911,HIGH,0.6,0.015,0.001
1774254304.730621,217.429,-9999.000000,26.013195,26.0,13.3826,HIGH,0.6,0.015,0.001
1774254304.7940278,217.492,-9999.000000,26.018357,26.0,13.0580,HIGH,0.6,0.015,0.001
1774254304.8583317,217.556,-9999.000000,26.016372,26.0,13.1868,HIGH,0.6,0.015,0.001
1774254304.9221513,217.620,-9999.000000,26.013195,26.0,13.3780,HIGH,0.6,0.015,0.001
1774254304.97822,217.676,-9999.000000,26.019549,26.0,12.9788,HIGH,0.6,0.015,0.001
1774254305.0338314,217.732,-9999.000000,25.984205,26.0,15.1757,HIGH,0.6,0.015,0.001
1774254305.1288662,217.827,-9999.000000,26.014783,26.0,13.2431,HIGH,0.6,0.015,0.001
1774254305.1929154,217.891,-9999.000000,26.016768,26.0,13.1515,HIGH,0.6,0.015,0.001
1774254305.2565393,217.954,-9999.000000,26.012003,26.0,13.4469,HIGH,0.6,0.015,0.001
1774254305.367158,218.065,-9999.000000,26.017564,26.0,13.0978,HIGH,0.6,0.015,0.001
1774254305.4307024,218.129,-9999.000000,26.012799,26.0,13.3950,HIGH,0.6,0.015,0.001
1774254305.5097659,218.208,-9999.000000,26.015579,26.0,13.2153,HIGH,0.6,0.015,0.001
1774254305.6051831,218.303,-9999.000000,26.017168,26.0,13.1194,HIGH,0.6,0.015,0.001
1774254305.6792142,218.377,-9999.000000,26.017564,26.0,13.0948,HIGH,0.6,0.015,0.001
1774254305.7476912,218.446,-9999.000000,26.011607,26.0,13.4603,HIGH,0.6,0.015,0.001
1774254305.82737,218.525,-9999.000000,26.017564,26.0,13.0846,HIGH,0.6,0.015,0.001
1774254305.922523,218.620,-9999.000000,26.013195,26.0,13.3569,HIGH,0.6,0.015,0.001
1774254305.9865649,218.684,-9999.000000,26.017564,26.0,13.0816,HIGH,0.6,0.015,0.001
1774254306.0498931,218.748,-9999.000000,26.019152,26.0,12.9888,HIGH,0.6,0.015,0.001
1774254306.129629,218.828,-9999.000000,26.015180,26.0,13.2329,HIGH,0.6,0.015,0.001
1774254306.2406936,218.939,-9999.000000,26.013195,26.0,13.3466,HIGH,0.6,0.015,0.001
1774254306.2887404,218.987,-9999.000000,26.029876,26.0,12.3070,HIGH,0.6,0.015,0.001
1774254306.3523467,219.050,-9999.000000,26.010018,26.0,13.5635,HIGH,0.6,0.015,0.001
1774254306.4318497,219.130,-9999.000000,26.015180,26.0,13.2143,HIGH,0.6,0.015,0.001
1774254306.4954188,219.193,-9999.000000,26.017168,26.0,13.0967,HIGH,0.6,0.015,0.001
1774254306.559149,219.257,-9999.000000,26.014387,26.0,13.2697,HIGH,0.6,0.015,0.001
1774254306.6707108,219.369,-9999.000000,26.016372,26.0,13.1417,HIGH,0.6,0.015,0.001
1774254306.734353,219.432,-9999.000000,26.012003,26.0,13.4113,HIGH,0.6,0.015,0.001
1774254306.814072,219.512,-9999.000000,26.013195,26.0,13.3299,HIGH,0.6,0.015,0.001
1774254306.8815608,219.579,-9999.000000,26.006842,26.0,13.7213,HIGH,0.6,0.015,0.001
1774254306.9888165,219.687,-9999.000000,26.013988,26.0,13.2742,HIGH,0.6,0.015,0.001
1774254307.0687375,219.767,-9999.000000,26.017168,26.0,13.0840,HIGH,0.6,0.015,0.001
1774254307.1165342,219.814,-9999.000000,26.011210,26.0,13.4571,HIGH,0.6,0.015,0.001
1774254307.1967256,219.895,-9999.000000,26.014783,26.0,13.2240,HIGH,0.6,0.015,0.001
1774254307.292126,219.990,-9999.000000,26.012399,26.0,13.3723,HIGH,0.6,0.015,0.001
1774254307.3557518,220.054,-9999.000000,26.009223,26.0,13.5645,HIGH,0.6,0.015,0.001
1774254307.43496,220.133,-9999.000000,26.014387,26.0,13.2414,HIGH,0.6,0.015,0.001
1774254307.5462866,220.244,-9999.000000,26.015180,26.0,13.1971,HIGH,0.6,0.015,0.001
1774254307.610164,220.308,-9999.000000,26.013988,26.0,13.2699,HIGH,0.6,0.015,0.001
1774254307.6896343,220.388,-9999.000000,26.010811,26.0,13.4613,HIGH,0.6,0.015,0.001
1774254307.7688806,220.467,-9999.000000,25.977456,26.0,15.5034,HIGH,0.6,0.015,0.001
1774254307.8634682,220.561,-9999.000000,26.006442,26.0,13.6905,HIGH,0.6,0.015,0.001
1774254307.9428382,220.641,-9999.000000,26.006442,26.0,13.7204,HIGH,0.6,0.015,0.001
1774254308.0070732,220.705,-9999.000000,26.011607,26.0,13.4014,HIGH,0.6,0.015,0.001
1774254308.1181736,220.816,-9999.000000,26.018357,26.0,12.9953,HIGH,0.6,0.015,0.001
1774254308.1844606,220.882,-9999.000000,26.008826,26.0,13.5867,HIGH,0.6,0.015,0.001
1774254308.2616062,220.959,-9999.000000,26.013591,26.0,13.2787,HIGH,0.6,0.015,0.001
1774254308.3564212,221.054,-9999.000000,26.011607,26.0,13.4044,HIGH,0.6,0.015,0.001
1774254308.436351,221.134,-9999.000000,26.008031,26.0,13.6204,HIGH,0.6,0.015,0.001
1774254308.500086,221.198,-9999.000000,26.009223,26.0,13.5416,HIGH,0.6,0.015,0.001
1774254308.547808,221.246,-9999.000000,26.006842,26.0,13.6908,HIGH,0.6,0.015,0.001
1774254308.6117244,221.310,-9999.000000,26.006046,26.0,13.7343,HIGH,0.6,0.015,0.001
1774254308.6856434,221.384,-9999.000000,26.007634,26.0,13.6347,HIGH,0.6,0.015,0.001
1774254308.7396803,221.438,-9999.000000,26.005253,26.0,13.7837,HIGH,0.6,0.015,0.001
1774254308.8037548,221.502,-9999.000000,26.004458,26.0,13.8279,HIGH,0.6,0.015,0.001
1774254308.8680317,221.566,-9999.000000,26.021933,26.0,12.7488,HIGH,0.6,0.015,0.001
1774254308.915742,221.614,-9999.000000,26.006442,26.0,13.7374,HIGH,0.6,0.015,0.001
1774254308.986765,221.685,-9999.000000,26.003266,26.0,13.8997,HIGH,0.6,0.015,0.001
1774254309.0431418,221.741,-9999.000000,26.007238,26.0,13.6492,HIGH,0.6,0.015,0.001
1774254309.1068041,221.805,-9999.000000,26.005650,26.0,13.7535,HIGH,0.6,0.015,0.001
1774254309.1707835,221.869,-9999.000000,25.993736,26.0,14.4850,HIGH,0.6,0.015,0.001
1774254309.2345524,221.932,-9999.000000,26.007634,26.0,13.6100,HIGH,0.6,0.015,0.001
1774254309.2872872,221.985,-9999.000000,26.004061,26.0,13.8526,HIGH,0.6,0.015,0.001
1774254309.3496027,222.047,-9999.000000,26.002473,26.0,13.9435,HIGH,0.6,0.015,0.001
1774254309.4411757,222.139,-9999.000000,26.003266,26.0,13.8921,HIGH,0.6,0.015,0.001
1774254309.504962,222.203,-9999.000000,26.007634,26.0,13.6232,HIGH,0.6,0.015,0.001
1774254309.6159704,222.314,-9999.000000,26.002473,26.0,13.9440,HIGH,0.6,0.015,0.001
1774254309.6633592,222.361,-9999.000000,26.004061,26.0,13.8404,HIGH,0.6,0.015,0.001
1774254309.7425268,222.440,-9999.000000,26.000885,26.0,14.0383,HIGH,0.6,0.015,0.001
1774254309.8544285,222.552,-9999.000000,25.968325,26.0,16.0222,HIGH,0.6,0.015,0.001
1774254309.9184215,222.616,-9999.000000,25.977853,26.0,15.4087,HIGH,0.6,0.015,0.001
1774254309.9977775,222.696,-9999.000000,26.006842,26.0,13.6469,HIGH,0.6,0.015,0.001
1774254310.0773163,222.775,-9999.000000,25.998105,26.0,14.2189,HIGH,0.6,0.015,0.001
1774254310.1565151,222.854,-9999.000000,26.004061,26.0,13.8425,HIGH,0.6,0.015,0.001
1774254310.251695,222.950,-9999.000000,26.008826,26.0,13.5579,HIGH,0.6,0.015,0.001
1774254310.3149972,223.013,-9999.000000,26.002074,26.0,13.9785,HIGH,0.6,0.015,0.001
1774254310.3947358,223.093,-9999.000000,26.001677,26.0,13.9919,HIGH,0.6,0.015,0.001
1774254310.4900625,223.188,-9999.000000,25.976265,26.0,15.5462,HIGH,0.6,0.015,0.001
1774254310.553418,223.251,-9999.000000,26.001281,26.0,13.9790,HIGH,0.6,0.015,0.001
1774254310.6334877,223.331,-9999.000000,26.004458,26.0,13.8234,HIGH,0.6,0.015,0.001
1774254310.728467,223.426,-9999.000000,26.003266,26.0,13.8996,HIGH,0.6,0.015,0.001
1774254310.7922328,223.490,-9999.000000,26.000885,26.0,14.0449,HIGH,0.6,0.015,0.001
1774254310.8561985,223.554,-9999.000000,26.008430,26.0,13.5758,HIGH,0.6,0.015,0.001
1774254310.9196415,223.618,-9999.000000,26.005253,26.0,13.7827,HIGH,0.6,0.015,0.001
1774254310.9671133,223.665,-9999.000000,26.004061,26.0,13.8515,HIGH,0.6,0.015,0.001
1774254311.0309079,223.729,-9999.000000,26.000885,26.0,14.0444,HIGH,0.6,0.015,0.001
1774254311.1260526,223.824,-9999.000000,26.006842,26.0,13.6748,HIGH,0.6,0.015,0.001
1774254311.191324,223.889,-9999.000000,26.006442,26.0,13.7050,HIGH,0.6,0.015,0.001
1774254311.3008316,223.999,-9999.000000,26.003266,26.0,13.8974,HIGH,0.6,0.015,0.001
1774254311.348554,224.046,-9999.000000,26.002473,26.0,13.9435,HIGH,0.6,0.015,0.001
1774254311.443766,224.142,-9999.000000,26.009223,26.0,13.5285,HIGH,0.6,0.015,0.001
1774254311.523189,224.221,-9999.000000,26.005253,26.0,13.7781,HIGH,0.6,0.015,0.001
1774254311.6188028,224.317,-9999.000000,26.006442,26.0,13.6996,HIGH,0.6,0.015,0.001
1774254311.6672194,224.365,-9999.000000,26.012799,26.0,13.3054,HIGH,0.6,0.015,0.001
1774254311.7620738,224.460,-9999.000000,26.004854,26.0,13.8029,HIGH,0.6,0.015,0.001
1774254311.8258975,224.524,-9999.000000,26.004458,26.0,13.8185,HIGH,0.6,0.015,0.001
1774254311.9367325,224.635,-9999.000000,26.004061,26.0,13.8413,HIGH,0.6,0.015,0.001
1774254312.0005639,224.698,-9999.000000,26.001281,26.0,14.0120,HIGH,0.6,0.015,0.001
1774254312.0640385,224.762,-9999.000000,26.001281,26.0,14.0075,HIGH,0.6,0.015,0.001
1774254312.1429603,224.841,-9999.000000,26.002074,26.0,13.9587,HIGH,0.6,0.015,0.001
1774254312.254419,224.952,-9999.000000,26.022726,26.0,12.6983,HIGH,0.6,0.015,0.001
1774254312.3335755,225.031,-9999.000000,26.004854,26.0,13.8111,HIGH,0.6,0.015,0.001
1774254312.3968375,225.095,-9999.000000,26.001677,26.0,13.9840,HIGH,0.6,0.015,0.001
1774254312.5079534,225.206,-9999.000000,26.003662,26.0,13.8575,HIGH,0.6,0.015,0.001
1774254312.5718832,225.270,-9999.000000,26.011607,26.0,13.3691,HIGH,0.6,0.015,0.001
1774254312.6832726,225.381,-9999.000000,26.007634,26.0,13.6221,HIGH,0.6,0.015,0.001
1774254312.7465904,225.444,-9999.000000,26.006046,26.0,13.7158,HIGH,0.6,0.015,0.001
1774254312.8265371,225.524,-9999.000000,26.009622,26.0,13.4931,HIGH,0.6,0.015,0.001
1774254312.9057746,225.604,-9999.000000,26.006842,26.0,13.6671,HIGH,0.6,0.015,0.001
1774254313.0015483,225.699,-9999.000000,26.008031,26.0,13.5898,HIGH,0.6,0.015,0.001
1774254313.0807893,225.779,-9999.000000,26.007634,26.0,13.6145,HIGH,0.6,0.015,0.001
1774254313.160054,225.858,-9999.000000,26.006046,26.0,13.7105,HIGH,0.6,0.015,0.001
1774254313.2552319,225.953,-9999.000000,26.009223,26.0,13.5133,HIGH,0.6,0.015,0.001
1774254313.318887,226.017,-9999.000000,26.011607,26.0,13.3687,HIGH,0.6,0.015,0.001
1774254313.3944917,226.092,-9999.000000,26.013988,26.0,13.2249,HIGH,0.6,0.015,0.001
1774254313.4613311,226.159,-9999.000000,26.017168,26.0,13.0307,HIGH,0.6,0.015,0.001
1774254313.5732188,226.271,-9999.000000,26.005650,26.0,13.7359,HIGH,0.6,0.015,0.001
1774254313.6363502,226.334,-9999.000000,26.004458,26.0,13.7986,HIGH,0.6,0.015,0.001
1774254313.700458,226.398,-9999.000000,26.010018,26.0,13.4535,HIGH,0.6,0.015,0.001
1774254313.780097,226.478,-9999.000000,26.008031,26.0,13.5829,HIGH,0.6,0.015,0.001
1774254313.8276095,226.525,-9999.000000,26.006842,26.0,13.6538,HIGH,0.6,0.015,0.001
1774254313.8961303,226.594,-9999.000000,26.010811,26.0,13.4062,HIGH,0.6,0.015,0.001
1774254313.9550323,226.653,-9999.000000,26.012799,26.0,13.2882,HIGH,0.6,0.015,0.001
1774254314.0184267,226.716,-9999.000000,26.021933,26.0,12.7271,HIGH,0.6,0.015,0.001
1774254314.0828953,226.781,-9999.000000,26.009223,26.0,13.5229,HIGH,0.6,0.015,0.001
1774254314.1476943,226.846,-9999.000000,26.012399,26.0,13.3065,HIGH,0.6,0.015,0.001
1774254314.1971822,226.895,-9999.000000,26.005650,26.0,13.7296,HIGH,0.6,0.015,0.001
1774254314.259022,226.957,-9999.000000,26.012003,26.0,13.3234,HIGH,0.6,0.015,0.001
1774254314.322784,227.021,-9999.000000,26.012003,26.0,13.3325,HIGH,0.6,0.015,0.001
1774254314.3980112,227.096,-9999.000000,26.015579,26.0,13.1114,HIGH,0.6,0.015,0.001
1774254314.4499907,227.148,-9999.000000,26.006442,26.0,13.6815,HIGH,0.6,0.015,0.001
1774254314.514585,227.212,-9999.000000,26.013195,26.0,13.2470,HIGH,0.6,0.015,0.001
1774254314.5793428,227.277,-9999.000000,26.011210,26.0,13.3785,HIGH,0.6,0.015,0.001
1774254314.6271355,227.325,-9999.000000,26.007238,26.0,13.6216,HIGH,0.6,0.015,0.001
1774254314.699119,227.397,-9999.000000,26.012399,26.0,13.2951,HIGH,0.6,0.015,0.001
1774254314.7867365,227.485,-9999.000000,26.011210,26.0,13.3735,HIGH,0.6,0.015,0.001
1774254314.8542125,227.552,-9999.000000,26.009223,26.0,13.4934,HIGH,0.6,0.015,0.001
1774254314.945502,227.643,-9999.000000,26.022329,26.0,12.6866,HIGH,0.6,0.015,0.001
1774254315.0088043,227.707,-9999.000000,26.009622,26.0,13.4826,HIGH,0.6,0.015,0.001
1774254315.088526,227.786,-9999.000000,26.017960,26.0,12.9496,HIGH,0.6,0.015,0.001
1774254315.1676877,227.866,-9999.000000,26.010811,26.0,13.3967,HIGH,0.6,0.015,0.001
1774254315.2630281,227.961,-9999.000000,26.009622,26.0,13.4589,HIGH,0.6,0.015,0.001
1774254315.3422434,228.040,-9999.000000,26.007634,26.0,13.5785,HIGH,0.6,0.015,0.001
1774254315.4059381,228.104,-9999.000000,26.005650,26.0,13.6977,HIGH,0.6,0.015,0.001
1774254315.4696827,228.168,-9999.000000,26.010018,26.0,13.4246,HIGH,0.6,0.015,0.001
1774254315.5817058,228.280,-9999.000000,26.009622,26.0,13.4540,HIGH,0.6,0.015,0.001
1774254315.6453028,228.343,-9999.000000,26.031068,26.0,12.1302,HIGH,0.6,0.015,0.001
1774254315.7095876,228.407,-9999.000000,26.010415,26.0,13.4343,HIGH,0.6,0.015,0.001
1774254315.7736812,228.472,-9999.000000,26.008826,26.0,13.4991,HIGH,0.6,0.015,0.001
1774254315.8218827,228.520,-9999.000000,26.014783,26.0,13.1257,HIGH,0.6,0.015,0.001
1774254315.8862274,228.584,-9999.000000,26.014387,26.0,13.1611,HIGH,0.6,0.015,0.001
1774254315.965351,228.663,-9999.000000,26.017168,26.0,12.9881,HIGH,0.6,0.015,0.001
1774254316.0288634,228.727,-9999.000000,26.014387,26.0,13.1614,HIGH,0.6,0.015,0.001
1774254316.108767,228.807,-9999.000000,26.003662,26.0,13.8136,HIGH,0.6,0.015,0.001
1774254316.2037513,228.902,-9999.000000,26.012399,26.0,13.2649,HIGH,0.6,0.015,0.001
1774254316.267627,228.966,-9999.000000,26.008430,26.0,13.5177,HIGH,0.6,0.015,0.001
1774254316.3478878,229.046,-9999.000000,26.015976,26.0,13.0474,HIGH,0.6,0.015,0.001
1774254316.4114573,229.109,-9999.000000,26.013195,26.0,13.2268,HIGH,0.6,0.015,0.001
1774254316.4907508,229.189,-9999.000000,26.010415,26.0,13.3915,HIGH,0.6,0.015,0.001
1774254316.5541067,229.252,-9999.000000,26.017564,26.0,12.9461,HIGH,0.6,0.015,0.001
1774254316.6340337,229.332,-9999.000000,26.016372,26.0,13.0284,HIGH,0.6,0.015,0.001
1774254316.6820521,229.380,-9999.000000,26.010018,26.0,13.4206,HIGH,0.6,0.015,0.001
1774254316.7455027,229.443,-9999.000000,26.012399,26.0,13.2596,HIGH,0.6,0.015,0.001
1774254316.841298,229.539,-9999.000000,26.013988,26.0,13.1644,HIGH,0.6,0.015,0.001
1774254316.940115,229.638,-9999.000000,26.013591,26.0,13.1882,HIGH,0.6,0.015,0.001
1774254317.016366,229.714,-9999.000000,26.016768,26.0,12.9911,HIGH,0.6,0.015,0.001
1774254317.079717,229.778,-9999.000000,26.010415,26.0,13.3855,HIGH,0.6,0.015,0.001
1774254317.1591804,229.857,-9999.000000,26.017168,26.0,12.9598,HIGH,0.6,0.015,0.001
1774254317.2706437,229.969,-9999.000000,26.012003,26.0,13.2808,HIGH,0.6,0.015,0.001
1774254317.334435,230.032,-9999.000000,26.010811,26.0,13.3485,HIGH,0.6,0.015,0.001
1774254317.4292207,230.127,-9999.000000,26.011210,26.0,13.3207,HIGH,0.6,0.015,0.001
1774254317.5250225,230.223,-9999.000000,26.011607,26.0,13.2952,HIGH,0.6,0.015,0.001
1774254317.5728228,230.271,-9999.000000,26.016372,26.0,12.9986,HIGH,0.6,0.015,0.001
1774254317.6358376,230.334,-9999.000000,26.014387,26.0,13.1294,HIGH,0.6,0.015,0.001
1774254317.7043946,230.402,-9999.000000,26.013988,26.0,13.1494,HIGH,0.6,0.015,0.001
1774254317.7647557,230.463,-9999.000000,26.013988,26.0,13.1475,HIGH,0.6,0.015,0.001
1774254317.827497,230.525,-9999.000000,26.011607,26.0,13.2931,HIGH,0.6,0.015,0.001
1774254317.8753195,230.573,-9999.000000,26.012399,26.0,13.2392,HIGH,0.6,0.015,0.001
1774254317.9385786,230.636,-9999.000000,26.019152,26.0,12.8232,HIGH,0.6,0.015,0.001
1774254318.0347004,230.733,-9999.000000,26.012799,26.0,13.2199,HIGH,0.6,0.015,0.001
1774254318.1051397,230.803,-9999.000000,26.013988,26.0,13.1387,HIGH,0.6,0.015,0.001
1774254318.209895,230.908,-9999.000000,26.016768,26.0,12.9683,HIGH,0.6,0.015,0.001
1774254318.3054845,231.003,-9999.000000,26.020345,26.0,12.7497,HIGH,0.6,0.015,0.001
1774254318.3842876,231.082,-9999.000000,26.015180,26.0,13.0681,HIGH,0.6,0.015,0.001
1774254318.4639733,231.162,-9999.000000,26.017960,26.0,12.8891,HIGH,0.6,0.015,0.001
1774254318.5275643,231.225,-9999.000000,26.016372,26.0,12.9888,HIGH,0.6,0.015,0.001
1774254318.639423,231.337,-9999.000000,26.012399,26.0,13.2261,HIGH,0.6,0.015,0.001
1774254318.7061975,231.404,-9999.000000,26.015180,26.0,13.0501,HIGH,0.6,0.015,0.001
1774254318.7823668,231.480,-9999.000000,26.013195,26.0,13.1744,HIGH,0.6,0.015,0.001
1774254318.8934479,231.591,-9999.000000,26.012399,26.0,13.2182,HIGH,0.6,0.015,0.001
1774254318.9566,231.654,-9999.000000,26.015976,26.0,12.9957,HIGH,0.6,0.015,0.001
1774254319.0360785,231.734,-9999.000000,26.012003,26.0,13.2433,HIGH,0.6,0.015,0.001
1774254319.115015,231.813,-9999.000000,26.013988,26.0,13.1151,HIGH,0.6,0.015,0.001
1774254319.2098699,231.908,-9999.000000,26.013988,26.0,13.1156,HIGH,0.6,0.015,0.001
1774254319.2733443,231.971,-9999.000000,26.021137,26.0,12.6734,HIGH,0.6,0.015,0.001
1774254319.3525403,232.050,-9999.000000,26.010415,26.0,13.3403,HIGH,0.6,0.015,0.001
1774254319.4160964,232.114,-9999.000000,26.012003,26.0,13.2278,HIGH,0.6,0.015,0.001
1774254319.4951026,232.193,-9999.000000,26.018756,26.0,12.8143,HIGH,0.6,0.015,0.001
1774254319.607997,232.306,-9999.000000,26.011210,26.0,13.2804,HIGH,0.6,0.015,0.001
1774254319.6710706,232.369,-9999.000000,26.010811,26.0,13.2973,HIGH,0.6,0.015,0.001
1774254319.7341647,232.432,-9999.000000,26.015579,26.0,13.0015,HIGH,0.6,0.015,0.001
1774254319.8137488,232.512,-9999.000000,26.014783,26.0,13.0561,HIGH,0.6,0.015,0.001
1774254319.9087803,232.607,-9999.000000,26.012003,26.0,13.2231,HIGH,0.6,0.015,0.001
1774254319.9722993,232.670,-9999.000000,26.029876,26.0,12.1168,HIGH,0.6,0.015,0.001
1774254320.0516298,232.750,-9999.000000,26.011607,26.0,13.2628,HIGH,0.6,0.015,0.001
1774254320.1152723,232.813,-9999.000000,26.018756,26.0,12.7978,HIGH,0.6,0.015,0.001
1774254320.1950376,232.893,-9999.000000,26.008826,26.0,13.4162,HIGH,0.6,0.015,0.001
1774254320.274384,232.972,-9999.000000,26.016768,26.0,12.9152,HIGH,0.6,0.015,0.001
1774254320.3602774,233.058,-9999.000000,26.025906,26.0,12.3630,HIGH,0.6,0.015,0.001
1774254320.417664,233.116,-9999.000000,26.015976,26.0,12.9854,HIGH,0.6,0.015,0.001
1774254320.4967978,233.195,-9999.000000,26.014783,26.0,13.0393,HIGH,0.6,0.015,0.001
1774254320.5607643,233.259,-9999.000000,26.013195,26.0,13.1344,HIGH,0.6,0.015,0.001
1774254320.6721334,233.370,-9999.000000,26.012799,26.0,13.1539,HIGH,0.6,0.015,0.001
1774254320.7357967,233.434,-9999.000000,26.017564,26.0,12.8584,HIGH,0.6,0.015,0.001
1774254320.8153017,233.513,-9999.000000,26.011210,26.0,13.2538,HIGH,0.6,0.015,0.001
1774254320.9267442,233.625,-9999.000000,26.015976,26.0,12.9529,HIGH,0.6,0.015,0.001
1774254320.990656,233.689,-9999.000000,26.016768,26.0,12.9068,HIGH,0.6,0.015,0.001
1774254321.070212,233.768,-9999.000000,26.014387,26.0,13.0522,HIGH,0.6,0.015,0.001
1774254321.1655188,233.863,-9999.000000,26.013988,26.0,13.0716,HIGH,0.6,0.015,0.001
1774254321.2295122,233.927,-9999.000000,26.012003,26.0,13.1922,HIGH,0.6,0.015,0.001
1774254321.3120189,234.010,-9999.000000,26.017564,26.0,12.8465,HIGH,0.6,0.015,0.001
1774254321.372525,234.070,-9999.000000,26.013195,26.0,13.1214,HIGH,0.6,0.015,0.001
1774254321.4363282,234.134,-9999.000000,26.015180,26.0,12.9906,HIGH,0.6,0.015,0.001
1774254321.5123317,234.210,-9999.000000,26.015579,26.0,12.9674,HIGH,0.6,0.015,0.001
1774254321.6127267,234.311,-9999.000000,26.017564,26.0,12.8442,HIGH,0.6,0.015,0.001
1774254321.67477,234.373,-9999.000000,26.017168,26.0,12.8690,HIGH,0.6,0.015,0.001
1774254321.7537937,234.452,-9999.000000,26.015579,26.0,12.9638,HIGH,0.6,0.015,0.001
1774254321.817762,234.516,-9999.000000,26.018357,26.0,12.7891,HIGH,0.6,0.015,0.001
1774254321.88113,234.579,-9999.000000,26.018756,26.0,12.7670,HIGH,0.6,0.015,0.001
1774254321.9445755,234.642,-9999.000000,26.012399,26.0,13.1579,HIGH,0.6,0.015,0.001
1774254322.0398133,234.738,-9999.000000,26.028287,26.0,12.1739,HIGH,0.6,0.015,0.001
1774254322.1194339,234.817,-9999.000000,26.018756,26.0,12.7722,HIGH,0.6,0.015,0.001
1774254322.1826816,234.881,-9999.000000,26.027095,26.0,12.2441,HIGH,0.6,0.015,0.001
1774254322.2933137,234.991,-9999.000000,26.015976,26.0,12.9319,HIGH,0.6,0.015,0.001
1774254322.3591814,235.057,-9999.000000,26.012799,26.0,13.1160,HIGH,0.6,0.015,0.001
1774254322.420546,235.118,-9999.000000,26.014783,26.0,12.9875,HIGH,0.6,0.015,0.001
1774254322.4840548,235.182,-9999.000000,26.015579,26.0,12.9402,HIGH,0.6,0.015,0.001
1774254322.5636873,235.262,-9999.000000,26.026699,26.0,12.2572,HIGH,0.6,0.015,0.001
1774254322.674829,235.373,-9999.000000,26.017564,26.0,12.8245,HIGH,0.6,0.015,0.001
1774254322.7382097,235.436,-9999.000000,26.013195,26.0,13.0841,HIGH,0.6,0.015,0.001
1774254322.8174453,235.515,-9999.000000,26.013988,26.0,13.0269,HIGH,0.6,0.015,0.001
1774254322.8807895,235.579,-9999.000000,26.013195,26.0,13.0755,HIGH,0.6,0.015,0.001
1774254322.9601922,235.658,-9999.000000,26.007634,26.0,13.4140,HIGH,0.6,0.015,0.001
1774254323.0392177,235.737,-9999.000000,26.015579,26.0,12.9184,HIGH,0.6,0.015,0.001
1774254323.1025012,235.800,-9999.000000,26.014783,26.0,12.9761,HIGH,0.6,0.015,0.001
1774254323.1820915,235.880,-9999.000000,26.015976,26.0,12.8999,HIGH,0.6,0.015,0.001
1774254323.26191,235.960,-9999.000000,25.982220,26.0,14.9711,HIGH,0.6,0.015,0.001
1774254323.3571844,236.055,-9999.000000,26.013988,26.0,12.9874,HIGH,0.6,0.015,0.001
1774254323.4208674,236.119,-9999.000000,26.013988,26.0,13.0194,HIGH,0.6,0.015,0.001
1774254323.4844506,236.182,-9999.000000,26.008430,26.0,13.3608,HIGH,0.6,0.015,0.001
1774254323.5476928,236.246,-9999.000000,26.010811,26.0,13.2044,HIGH,0.6,0.015,0.001
1774254323.6272757,236.325,-9999.000000,26.014387,26.0,12.9874,HIGH,0.6,0.015,0.001
1774254323.6909244,236.389,-9999.000000,26.017960,26.0,12.7702,HIGH,0.6,0.015,0.001
1774254323.8022969,236.500,-9999.000000,26.010018,26.0,13.2578,HIGH,0.6,0.015,0.001
1774254323.8656669,236.564,-9999.000000,26.014783,26.0,12.9558,HIGH,0.6,0.015,0.001
1774254323.9295406,236.627,-9999.000000,26.025110,26.0,12.3252,HIGH,0.6,0.015,0.001
1774254323.9934208,236.691,-9999.000000,26.015180,26.0,12.9512,HIGH,0.6,0.015,0.001
1774254324.0750856,236.773,-9999.000000,26.012799,26.0,13.0799,HIGH,0.6,0.015,0.001
1774254324.1522565,236.850,-9999.000000,26.002869,26.0,13.6853,HIGH,0.6,0.015,0.001
1774254324.231638,236.930,-9999.000000,26.014783,26.0,12.9408,HIGH,0.6,0.015,0.001
1774254324.3109748,237.009,-9999.000000,26.011210,26.0,13.1734,HIGH,0.6,0.015,0.001
1774254324.3744462,237.072,-9999.000000,26.006842,26.0,13.4372,HIGH,0.6,0.015,0.001
1774254324.4219556,237.120,-9999.000000,26.016768,26.0,12.8127,HIGH,0.6,0.015,0.001
1774254324.5013528,237.199,-9999.000000,26.011607,26.0,13.1484,HIGH,0.6,0.015,0.001
1774254324.6187806,237.317,-9999.000000,26.020741,26.0,12.5824,HIGH,0.6,0.015,0.001
1774254324.6767485,237.375,-9999.000000,26.034245,26.0,11.7536,HIGH,0.6,0.015,0.001
1774254324.7557347,237.454,-9999.000000,26.016372,26.0,12.8700,HIGH,0.6,0.015,0.001
1774254324.8505733,237.548,-9999.000000,26.018357,26.0,12.7236,HIGH,0.6,0.015,0.001
1774254324.9191215,237.617,-9999.000000,26.009622,26.0,13.2615,HIGH,0.6,0.015,0.001
1774254324.9927742,237.691,-9999.000000,26.011607,26.0,13.1257,HIGH,0.6,0.015,0.001
1774254325.1041317,237.802,-9999.000000,26.010415,26.0,13.1993,HIGH,0.6,0.015,0.001
1774254325.1687982,237.867,-9999.000000,26.017960,26.0,12.7320,HIGH,0.6,0.015,0.001
1774254325.2346458,237.933,-9999.000000,26.015579,26.0,12.8887,HIGH,0.6,0.015,0.001
1774254325.293926,237.992,-9999.000000,26.016768,26.0,12.8102,HIGH,0.6,0.015,0.001
1774254325.3737326,238.072,-9999.000000,26.012003,26.0,13.1027,HIGH,0.6,0.015,0.001
1774254325.4375393,238.135,-9999.000000,26.015976,26.0,12.8506,HIGH,0.6,0.015,0.001
1774254325.5493996,238.247,-9999.000000,26.014783,26.0,12.9269,HIGH,0.6,0.015,0.001
1774254325.613205,238.311,-9999.000000,26.015976,26.0,12.8509,HIGH,0.6,0.015,0.001
1774254325.6926432,238.391,-9999.000000,26.001281,26.0,13.7528,HIGH,0.6,0.015,0.001
1774254325.771691,238.470,-9999.000000,26.015976,26.0,12.8322,HIGH,0.6,0.015,0.001
1774254325.8671653,238.565,-9999.000000,26.016372,26.0,12.8242,HIGH,0.6,0.015,0.001
1774254325.9202232,238.618,-9999.000000,26.010018,26.0,13.2170,HIGH,0.6,0.015,0.001
1774254325.9936182,238.691,-9999.000000,26.017960,26.0,12.7157,HIGH,0.6,0.015,0.001
1774254326.0734875,238.771,-9999.000000,26.012003,26.0,13.0900,HIGH,0.6,0.015,0.001
1774254326.1528366,238.851,-9999.000000,26.014387,26.0,12.9348,HIGH,0.6,0.015,0.001
1774254326.2480814,238.946,-9999.000000,26.012003,26.0,13.0816,HIGH,0.6,0.015,0.001
1774254326.3315659,239.029,-9999.000000,26.016372,26.0,12.8097,HIGH,0.6,0.015,0.001
1774254326.3920045,239.090,-9999.000000,26.017960,26.0,12.7154,HIGH,0.6,0.015,0.001
1774254326.4558218,239.154,-9999.000000,26.017168,26.0,12.7652,HIGH,0.6,0.015,0.001
1774254326.5215485,239.219,-9999.000000,25.984205,26.0,14.7934,HIGH,0.6,0.015,0.001
1774254326.58241,239.280,-9999.000000,26.013591,26.0,12.9305,HIGH,0.6,0.015,0.001
1774254326.6457405,239.344,-9999.000000,26.000485,26.0,13.7858,HIGH,0.6,0.015,0.001
1774254326.756518,239.454,-9999.000000,26.011210,26.0,13.1101,HIGH,0.6,0.015,0.001
1774254326.8058252,239.504,-9999.000000,26.018756,26.0,12.6503,HIGH,0.6,0.015,0.001
1774254326.867437,239.565,-9999.000000,26.012799,26.0,13.0316,HIGH,0.6,0.015,0.001
1774254326.9468777,239.645,-9999.000000,26.019152,26.0,12.6304,HIGH,0.6,0.015,0.001
1774254327.0223665,239.720,-9999.000000,26.013988,26.0,12.9535,HIGH,0.6,0.015,0.001
1774254327.1227558,239.821,-9999.000000,26.015180,26.0,12.8717,HIGH,0.6,0.015,0.001
1774254327.1873286,239.885,-9999.000000,26.004458,26.0,13.5324,HIGH,0.6,0.015,0.001
1774254327.2490492,239.947,-9999.000000,26.022329,26.0,12.4124,HIGH,0.6,0.015,0.001
1774254327.3233523,240.021,-9999.000000,26.013988,26.0,12.9516,HIGH,0.6,0.015,0.001
1774254327.3768227,240.075,-9999.000000,26.018357,26.0,12.6686,HIGH,0.6,0.015,0.001
1774254327.4407103,240.139,-9999.000000,26.019948,26.0,12.5768,HIGH,0.6,0.015,0.001
1774254327.5048,240.203,-9999.000000,26.017168,26.0,12.7488,HIGH,0.6,0.015,0.001
1774254327.5690355,240.267,-9999.000000,26.032260,26.0,11.8123,HIGH,0.6,0.015,0.001
1774254327.6326375,240.331,-9999.000000,26.016372,26.0,12.8126,HIGH,0.6,0.015,0.001
1774254327.6960437,240.394,-9999.000000,26.014783,26.0,12.8840,HIGH,0.6,0.015,0.001
1774254327.744492,240.442,-9999.000000,26.016372,26.0,12.7817,HIGH,0.6,0.015,0.001
1774254327.808313,240.506,-9999.000000,25.992544,26.0,14.2527,HIGH,0.6,0.015,0.001
1774254327.877919,240.576,-9999.000000,26.016372,26.0,12.7498,HIGH,0.6,0.015,0.001
1774254327.935178,240.633,-9999.000000,26.013591,26.0,12.9545,HIGH,0.6,0.015,0.001
1774254327.9987254,240.697,-9999.000000,26.021137,26.0,12.4830,HIGH,0.6,0.015,0.001
1774254328.0783062,240.776,-9999.000000,26.015579,26.0,12.8335,HIGH,0.6,0.015,0.001
1774254328.1420352,240.840,-9999.000000,26.020345,26.0,12.5312,HIGH,0.6,0.015,0.001
1774254328.2250636,240.923,-9999.000000,26.013591,26.0,12.9503,HIGH,0.6,0.015,0.001
1774254328.3254278,241.023,-9999.000000,26.016768,26.0,12.7458,HIGH,0.6,0.015,0.001
1774254328.3971758,241.095,-9999.000000,26.018357,26.0,12.6495,HIGH,0.6,0.015,0.001
1774254328.4918706,241.190,-9999.000000,26.013988,26.0,12.9165,HIGH,0.6,0.015,0.001
1774254328.5555596,241.253,-9999.000000,26.012003,26.0,13.0329,HIGH,0.6,0.015,0.001
1774254328.6345403,241.332,-9999.000000,26.016768,26.0,12.7359,HIGH,0.6,0.015,0.001
1774254328.7145264,241.412,-9999.000000,26.017564,26.0,12.6911,HIGH,0.6,0.015,0.001
1774254328.8098075,241.508,-9999.000000,26.017168,26.0,12.7138,HIGH,0.6,0.015,0.001
1774254328.8889706,241.587,-9999.000000,26.012399,26.0,13.0040,HIGH,0.6,0.015,0.001
1774254328.9521627,241.650,-9999.000000,26.015976,26.0,12.7763,HIGH,0.6,0.015,0.001
1774254329.0270252,241.725,-9999.000000,26.013195,26.0,12.9510,HIGH,0.6,0.015,0.001
1774254329.111421,241.809,-9999.000000,26.010811,26.0,13.0918,HIGH,0.6,0.015,0.001
1774254329.1911016,241.889,-9999.000000,26.011607,26.0,13.0388,HIGH,0.6,0.015,0.001
1774254329.2554097,241.953,-9999.000000,25.996117,26.0,13.9937,HIGH,0.6,0.015,0.001
1774254329.3195014,242.017,-9999.000000,25.994529,26.0,14.0679,HIGH,0.6,0.015,0.001
1774254329.3673222,242.065,-9999.000000,26.013195,26.0,12.9054,HIGH,0.6,0.015,0.001
1774254329.4316995,242.130,-9999.000000,26.010415,26.0,13.1146,HIGH,0.6,0.015,0.001
1774254329.4953678,242.193,-9999.000000,26.010811,26.0,13.0849,HIGH,0.6,0.015,0.001
1774254329.559639,242.258,-9999.000000,26.022329,26.0,12.3743,HIGH,0.6,0.015,0.001
1774254329.6285138,242.326,-9999.000000,26.007634,26.0,13.2945,HIGH,0.6,0.015,0.001
1774254329.6869044,242.385,-9999.000000,26.012399,26.0,12.9780,HIGH,0.6,0.015,0.001
1774254329.7506764,242.449,-9999.000000,26.012003,26.0,13.0094,HIGH,0.6,0.015,0.001
1774254329.7980719,242.496,-9999.000000,26.008430,26.0,13.2301,HIGH,0.6,0.015,0.001
1774254329.8613663,242.559,-9999.000000,25.996117,26.0,13.9812,HIGH,0.6,0.015,0.001
1774254329.9291997,242.627,-9999.000000,26.017168,26.0,12.6659,HIGH,0.6,0.015,0.001
1774254330.0205681,242.718,-9999.000000,26.010811,26.0,13.0838,HIGH,0.6,0.015,0.001
1774254330.084303,242.782,-9999.000000,26.009622,26.0,13.1491,HIGH,0.6,0.015,0.001
1774254330.1798503,242.878,-9999.000000,26.009223,26.0,13.1703,HIGH,0.6,0.015,0.001
1774254330.2589195,242.957,-9999.000000,26.011210,26.0,13.0468,HIGH,0.6,0.015,0.001
1774254330.3377392,243.036,-9999.000000,26.013591,26.0,12.9018,HIGH,0.6,0.015,0.001
1774254330.4295864,243.127,-9999.000000,26.012799,26.0,12.9515,HIGH,0.6,0.015,0.001
1774254330.4808822,243.179,-9999.000000,26.005650,26.0,13.3931,HIGH,0.6,0.015,0.001
1774254330.5609446,243.259,-9999.000000,26.010018,26.0,13.1104,HIGH,0.6,0.015,0.001
1774254330.6296585,243.328,-9999.000000,26.011210,26.0,13.0414,HIGH,0.6,0.015,0.001
1774254330.7035213,243.401,-9999.000000,26.008826,26.0,13.1884,HIGH,0.6,0.015,0.001
1774254330.8143497,243.512,-9999.000000,26.025110,26.0,12.1893,HIGH,0.6,0.015,0.001
1774254330.877394,243.575,-9999.000000,26.008031,26.0,13.2551,HIGH,0.6,0.015,0.001
1774254330.9412637,243.639,-9999.000000,26.012003,26.0,12.9823,HIGH,0.6,0.015,0.001
1774254331.0306253,243.729,-9999.000000,26.008826,26.0,13.1815,HIGH,0.6,0.015,0.001
1774254331.130778,243.829,-9999.000000,26.018756,26.0,12.5694,HIGH,0.6,0.015,0.001
1774254331.1943758,243.892,-9999.000000,26.011210,26.0,13.0429,HIGH,0.6,0.015,0.001
1774254331.2734694,243.971,-9999.000000,26.018357,26.0,12.5910,HIGH,0.6,0.015,0.001
1774254331.3525753,244.050,-9999.000000,26.006842,26.0,13.3047,HIGH,0.6,0.015,0.001
1774254331.447574,244.145,-9999.000000,26.011607,26.0,12.9976,HIGH,0.6,0.015,0.001
1774254331.5430312,244.241,-9999.000000,26.012003,26.0,12.9767,HIGH,0.6,0.015,0.001
1774254331.6383803,244.336,-9999.000000,26.003662,26.0,13.4858,HIGH,0.6,0.015,0.001
1774254331.7020307,244.400,-9999.000000,26.007238,26.0,13.2562,HIGH,0.6,0.015,0.001
1774254331.7819746,244.480,-9999.000000,26.010811,26.0,13.0416,HIGH,0.6,0.015,0.001
1774254331.8608868,244.559,-9999.000000,26.007238,26.0,13.2642,HIGH,0.6,0.015,0.001
1774254331.9569757,244.655,-9999.000000,26.006842,26.0,13.2828,HIGH,0.6,0.015,0.001
1774254332.0365198,244.734,-9999.000000,26.010018,26.0,13.0866,HIGH,0.6,0.015,0.001
1774254332.0841525,244.782,-9999.000000,26.008031,26.0,13.2135,HIGH,0.6,0.015,0.001
1774254332.1477993,244.846,-9999.000000,26.011607,26.0,12.9880,HIGH,0.6,0.015,0.001
1774254332.2110984,244.909,-9999.000000,26.010415,26.0,13.0661,HIGH,0.6,0.015,0.001
1774254332.2752388,244.973,-9999.000000,26.002473,26.0,13.5528,HIGH,0.6,0.015,0.001
1774254332.3387873,245.037,-9999.000000,26.008031,26.0,13.1975,HIGH,0.6,0.015,0.001
1774254332.3869963,245.085,-9999.000000,26.010018,26.0,13.0821,HIGH,0.6,0.015,0.001
1774254332.4499218,245.148,-9999.000000,26.007238,26.0,13.2568,HIGH,0.6,0.015,0.001
1774254332.5136576,245.212,-9999.000000,26.007634,26.0,13.2272,HIGH,0.6,0.015,0.001
1774254332.5775812,245.275,-9999.000000,26.000885,26.0,13.6433,HIGH,0.6,0.015,0.001
1774254332.6412609,245.339,-9999.000000,26.008031,26.0,13.1920,HIGH,0.6,0.015,0.001
1774254332.704933,245.403,-9999.000000,26.004458,26.0,13.4228,HIGH,0.6,0.015,0.001
1774254332.7688136,245.467,-9999.000000,26.006842,26.0,13.2697,HIGH,0.6,0.015,0.001
1774254332.8324418,245.530,-9999.000000,26.019152,26.0,12.5137,HIGH,0.6,0.015,0.001
1774254332.8805218,245.578,-9999.000000,26.002869,26.0,13.5436,HIGH,0.6,0.015,0.001
1774254332.9439104,245.642,-9999.000000,26.010018,26.0,13.0686,HIGH,0.6,0.015,0.001
1774254333.0076833,245.706,-9999.000000,26.007634,26.0,13.2259,HIGH,0.6,0.015,0.001
1774254333.0714192,245.769,-9999.000000,26.002074,26.0,13.5644,HIGH,0.6,0.015,0.001
1774254333.135507,245.833,-9999.000000,26.004458,26.0,13.4085,HIGH,0.6,0.015,0.001
1774254333.1993647,245.897,-9999.000000,26.007634,26.0,13.2159,HIGH,0.6,0.015,0.001
1774254333.246895,245.945,-9999.000000,26.021137,26.0,12.3807,HIGH,0.6,0.015,0.001
1774254333.3101082,246.008,-9999.000000,26.010811,26.0,13.0440,HIGH,0.6,0.015,0.001
1774254333.3735871,246.071,-9999.000000,26.008826,26.0,13.1491,HIGH,0.6,0.015,0.001
1774254333.4687185,246.167,-9999.000000,26.002473,26.0,13.5335,HIGH,0.6,0.015,0.001
1774254333.5351222,246.233,-9999.000000,26.011607,26.0,12.9639,HIGH,0.6,0.015,0.001
1774254333.6427817,246.341,-9999.000000,26.002074,26.0,13.5581,HIGH,0.6,0.015,0.001
1774254333.7066638,246.405,-9999.000000,26.002473,26.0,13.5244,HIGH,0.6,0.015,0.001
1774254333.7864382,246.484,-9999.000000,26.002869,26.0,13.5004,HIGH,0.6,0.015,0.001
1774254333.8498714,246.548,-9999.000000,26.008031,26.0,13.1824,HIGH,0.6,0.015,0.001
1774254333.92352,246.621,-9999.000000,26.001677,26.0,13.5801,HIGH,0.6,0.015,0.001
1774254334.0391748,246.737,-9999.000000,26.000089,26.0,13.6682,HIGH,0.6,0.015,0.001
1774254334.1403925,246.838,-9999.000000,26.006046,26.0,13.3026,HIGH,0.6,0.015,0.001
1774254334.1977909,246.896,-9999.000000,25.996516,26.0,13.8971,HIGH,0.6,0.015,0.001
1774254334.277138,246.975,-9999.000000,26.006046,26.0,13.2960,HIGH,0.6,0.015,0.001
1774254334.3558507,247.054,-9999.000000,25.999693,26.0,13.6973,HIGH,0.6,0.015,0.001
1774254334.4668467,247.165,-9999.000000,26.004061,26.0,13.4225,HIGH,0.6,0.015,0.001
1774254334.5144215,247.212,-9999.000000,25.998105,26.0,13.7965,HIGH,0.6,0.015,0.001
1774254334.5779178,247.276,-9999.000000,25.999693,26.0,13.6863,HIGH,0.6,0.015,0.001
1774254334.6571908,247.355,-9999.000000,25.999296,26.0,13.7131,HIGH,0.6,0.015,0.001
1774254334.7213616,247.419,-9999.000000,26.002869,26.0,13.4924,HIGH,0.6,0.015,0.001
1774254334.7838037,247.482,-9999.000000,25.996913,26.0,13.8652,HIGH,0.6,0.015,0.001
1774254334.8478086,247.546,-9999.000000,25.998105,26.0,13.7825,HIGH,0.6,0.015,0.001
1774254334.9110665,247.609,-9999.000000,25.967530,26.0,15.6702,HIGH,0.6,0.015,0.001
1774254334.9901788,247.688,-9999.000000,25.999296,26.0,13.6758,HIGH,0.6,0.015,0.001
1774254335.0850759,247.783,-9999.000000,26.000089,26.0,13.6676,HIGH,0.6,0.015,0.001
1774254335.180517,247.878,-9999.000000,25.999693,26.0,13.6926,HIGH,0.6,0.015,0.001
1774254335.2601955,247.958,-9999.000000,26.000089,26.0,13.6679,HIGH,0.6,0.015,0.001
1774254335.3237596,248.022,-9999.000000,26.003662,26.0,13.4481,HIGH,0.6,0.015,0.001
1774254335.3875859,248.085,-9999.000000,26.004061,26.0,13.4287,HIGH,0.6,0.015,0.001
1774254335.4376445,248.136,-9999.000000,26.001677,26.0,13.5770,HIGH,0.6,0.015,0.001
1774254335.514797,248.213,-9999.000000,26.006442,26.0,13.2795,HIGH,0.6,0.015,0.001
1774254335.5778267,248.276,-9999.000000,26.001677,26.0,13.5789,HIGH,0.6,0.015,0.001
1774254335.6418817,248.340,-9999.000000,25.997705,26.0,13.8161,HIGH,0.6,0.015,0.001
1774254335.689458,248.387,-9999.000000,26.004458,26.0,13.3903,HIGH,0.6,0.015,0.001
1774254335.7693925,248.467,-9999.000000,26.006046,26.0,13.3065,HIGH,0.6,0.015,0.001
1774254335.8331227,248.531,-9999.000000,26.003662,26.0,13.4549,HIGH,0.6,0.015,0.001
1774254335.880831,248.579,-9999.000000,25.997309,26.0,13.8458,HIGH,0.6,0.015,0.001
1774254335.9604156,248.658,-9999.000000,25.996117,26.0,13.9060,HIGH,0.6,0.015,0.001
1774254336.0545113,248.752,-9999.000000,25.994928,26.0,13.9778,HIGH,0.6,0.015,0.001
1774254336.1664202,248.864,-9999.000000,26.004061,26.0,13.4197,HIGH,0.6,0.015,0.001
1774254336.2918813,248.990,-9999.000000,26.001677,26.0,13.5725,HIGH,0.6,0.015,0.001
1774254336.4150069,249.113,-9999.000000,26.002074,26.0,13.5461,HIGH,0.6,0.015,0.001
1774254336.5335572,249.231,-9999.000000,26.004458,26.0,13.4006,HIGH,0.6,0.015,0.001
1774254336.6579013,249.356,-9999.000000,25.999296,26.0,13.7165,HIGH,0.6,0.015,0.001
1774254336.7747447,249.473,-9999.000000,25.998897,26.0,13.7369,HIGH,0.6,0.015,0.001
1774254336.8855586,249.583,-9999.000000,26.006046,26.0,13.3002,HIGH,0.6,0.015,0.001
1774254336.9936085,249.691,-9999.000000,25.999296,26.0,13.7179,HIGH,0.6,0.015,0.001
1774254337.0981612,249.796,-9999.000000,26.010415,26.0,13.0323,HIGH,0.6,0.015,0.001
1774254337.208009,249.906,-9999.000000,26.005253,26.0,13.3565,HIGH,0.6,0.015,0.001
1774254337.3261561,250.024,-9999.000000,25.998501,26.0,13.7629,HIGH,0.6,0.015,0.001
1774254337.427824,250.126,-9999.000000,25.998501,26.0,13.7574,HIGH,0.6,0.015,0.001
1774254337.6621618,250.360,-9999.000000,26.005253,26.0,13.3476,HIGH,0.6,0.015,0.001
1774254337.8891351,250.587,-9999.000000,25.996117,26.0,13.9040,HIGH,0.6,0.015,0.001
1774254338.003559,250.701,-9999.000000,26.010415,26.0,13.0278,HIGH,0.6,0.015,0.001
1774254338.1125424,250.810,-9999.000000,26.003662,26.0,13.4510,HIGH,0.6,0.015,0.001
1774254338.2189026,250.917,-9999.000000,26.009223,26.0,13.1045,HIGH,0.6,0.015,0.001
1774254338.315139,251.013,-9999.000000,26.012003,26.0,12.9383,HIGH,0.6,0.015,0.001
1774254338.4290547,251.127,-9999.000000,26.006842,26.0,13.2542,HIGH,0.6,0.015,0.001
1774254338.5168152,251.215,-9999.000000,26.010018,26.0,13.0542,HIGH,0.6,0.015,0.001
1774254338.6269958,251.325,-9999.000000,26.005253,26.0,13.3471,HIGH,0.6,0.015,0.001
1774254338.7199254,251.418,-9999.000000,26.007238,26.0,13.2206,HIGH,0.6,0.015,0.001
1774254338.8151703,251.513,-9999.000000,26.011607,26.0,12.9544,HIGH,0.6,0.015,0.001
1774254338.9210932,251.619,-9999.000000,26.010018,26.0,13.0541,HIGH,0.6,0.015,0.001
1774254339.0201132,251.718,-9999.000000,26.013988,26.0,12.8084,HIGH,0.6,0.015,0.001
1774254339.1153347,251.813,-9999.000000,26.013195,26.0,12.8589,HIGH,0.6,0.015,0.001
1774254339.2100887,251.908,-9999.000000,26.004854,26.0,13.3667,HIGH,0.6,0.015,0.001
1774254339.2889612,251.987,-9999.000000,26.007634,26.0,13.1866,HIGH,0.6,0.015,0.001
1774254339.3993335,252.097,-9999.000000,26.009622,26.0,13.0675,HIGH,0.6,0.015,0.001
1774254339.4996912,252.198,-9999.000000,26.015976,26.0,12.6793,HIGH,0.6,0.015,0.001
1774254339.589908,252.288,-9999.000000,26.007634,26.0,13.1944,HIGH,0.6,0.015,0.001
1774254339.6839814,252.382,-9999.000000,26.008031,26.0,13.1598,HIGH,0.6,0.015,0.001
1774254339.7837968,252.482,-9999.000000,26.022329,26.0,12.2846,HIGH,0.6,0.015,0.001
1774254339.8733404,252.571,-9999.000000,26.005253,26.0,13.3419,HIGH,0.6,0.015,0.001
1774254339.9739854,252.672,-9999.000000,26.012799,26.0,12.8606,HIGH,0.6,0.015,0.001
1774254340.0614092,252.759,-9999.000000,26.011607,26.0,12.9395,HIGH,0.6,0.015,0.001
1774254340.1801481,252.878,-9999.000000,26.011607,26.0,12.9361,HIGH,0.6,0.015,0.001
1774254340.2435038,252.941,-9999.000000,26.009622,26.0,13.0574,HIGH,0.6,0.015,0.001
1774254340.314303,253.012,-9999.000000,26.012799,26.0,12.8578,HIGH,0.6,0.015,0.001
1774254340.4301789,253.128,-9999.000000,26.013195,26.0,12.8358,HIGH,0.6,0.015,0.001
1774254340.486558,253.184,-9999.000000,26.012003,26.0,12.9088,HIGH,0.6,0.015,0.001
1774254340.565314,253.263,-9999.000000,26.017960,26.0,12.5396,HIGH,0.6,0.015,0.001
1774254340.686703,253.385,-9999.000000,26.018756,26.0,12.4953,HIGH,0.6,0.015,0.001
1774254340.75206,253.450,-9999.000000,26.013195,26.0,12.8368,HIGH,0.6,0.015,0.001
1774254340.8495617,253.547,-9999.000000,26.009622,26.0,13.0450,HIGH,0.6,0.015,0.001
1774254340.923962,253.622,-9999.000000,26.013591,26.0,12.7963,HIGH,0.6,0.015,0.001
1774254341.0032716,253.701,-9999.000000,26.036630,26.0,11.3859,HIGH,0.6,0.015,0.001
1774254341.0776,253.775,-9999.000000,26.010811,26.0,12.9976,HIGH,0.6,0.015,0.001
1774254341.1813846,253.879,-9999.000000,26.012003,26.0,12.8884,HIGH,0.6,0.015,0.001
1774254341.244494,253.942,-9999.000000,26.022726,26.0,12.2270,HIGH,0.6,0.015,0.001
1774254341.3077679,254.006,-9999.000000,26.010018,26.0,13.0256,HIGH,0.6,0.015,0.001
1774254341.438497,254.136,-9999.000000,26.017168,26.0,12.5677,HIGH,0.6,0.015,0.001
1774254341.5018299,254.200,-9999.000000,26.017564,26.0,12.5471,HIGH,0.6,0.015,0.001
1774254341.5763223,254.274,-9999.000000,26.015180,26.0,12.6923,HIGH,0.6,0.015,0.001
1774254341.6870446,254.385,-9999.000000,26.017168,26.0,12.5652,HIGH,0.6,0.015,0.001
1774254341.7543488,254.452,-9999.000000,26.023918,26.0,12.1495,HIGH,0.6,0.015,0.001
1774254341.8133466,254.511,-9999.000000,26.021933,26.0,12.2800,HIGH,0.6,0.015,0.001
1774254341.9040532,254.602,-9999.000000,26.030275,26.0,11.7628,HIGH,0.6,0.015,0.001
1774254341.9718478,254.670,-9999.000000,26.016372,26.0,12.6251,HIGH,0.6,0.015,0.001
1774254342.054497,254.752,-9999.000000,26.017168,26.0,12.5537,HIGH,0.6,0.015,0.001
1774254342.125887,254.824,-9999.000000,26.012003,26.0,12.8705,HIGH,0.6,0.015,0.001
1774254342.2002013,254.898,-9999.000000,26.017168,26.0,12.5445,HIGH,0.6,0.015,0.001
1774254342.2777863,254.976,-9999.000000,26.021933,26.0,12.2569,HIGH,0.6,0.015,0.001
1774254342.3510327,255.049,-9999.000000,26.017564,26.0,12.5292,HIGH,0.6,0.015,0.001
1774254342.414572,255.112,-9999.000000,26.021537,26.0,12.2765,HIGH,0.6,0.015,0.001
1774254342.5066836,255.205,-9999.000000,26.012799,26.0,12.8148,HIGH,0.6,0.015,0.001
1774254342.6190884,255.317,-9999.000000,26.016768,26.0,12.5608,HIGH,0.6,0.015,0.001
1774254342.6877017,255.386,-9999.000000,26.018756,26.0,12.4402,HIGH,0.6,0.015,0.001
1774254342.7530692,255.451,-9999.000000,26.016768,26.0,12.5638,HIGH,0.6,0.015,0.001
1774254342.831841,255.530,-9999.000000,26.011607,26.0,12.8756,HIGH,0.6,0.015,0.001
1774254342.9436324,255.642,-9999.000000,26.027095,26.0,11.9214,HIGH,0.6,0.015,0.001
1774254343.0069392,255.705,-9999.000000,26.013988,26.0,12.7410,HIGH,0.6,0.015,0.001
1774254343.0781734,255.776,-9999.000000,26.015579,26.0,12.6209,HIGH,0.6,0.015,0.001
1774254343.1959457,255.894,-9999.000000,26.013195,26.0,12.7659,HIGH,0.6,0.015,0.001
1774254343.2594144,255.957,-9999.000000,26.003662,26.0,13.3505,HIGH,0.6,0.015,0.001
1774254343.3318782,256.030,-9999.000000,26.014783,26.0,12.6513,HIGH,0.6,0.015,0.001
1774254343.446926,256.145,-9999.000000,26.011210,26.0,12.8822,HIGH,0.6,0.015,0.001
1774254343.5135293,256.211,-9999.000000,26.018357,26.0,12.4377,HIGH,0.6,0.015,0.001
1774254343.582029,256.280,-9999.000000,26.017564,26.0,12.4954,HIGH,0.6,0.015,0.001
1774254343.6927319,256.391,-9999.000000,26.009223,26.0,13.0007,HIGH,0.6,0.015,0.001
1774254343.7619054,256.460,-9999.000000,26.011210,26.0,12.8699,HIGH,0.6,0.015,0.001
1774254343.836285,256.534,-9999.000000,26.020741,26.0,12.2858,HIGH,0.6,0.015,0.001
1774254343.9400291,256.638,-9999.000000,26.019549,26.0,12.3682,HIGH,0.6,0.015,0.001
1774254344.0074384,256.705,-9999.000000,26.015976,26.0,12.5852,HIGH,0.6,0.015,0.001
1774254344.1194024,256.817,-9999.000000,26.014387,26.0,12.6742,HIGH,0.6,0.015,0.001
1774254344.185935,256.884,-9999.000000,26.015976,26.0,12.5735,HIGH,0.6,0.015,0.001
1774254344.2600045,256.958,-9999.000000,26.001677,26.0,13.4529,HIGH,0.6,0.015,0.001
1774254344.4013968,257.099,-9999.000000,25.981425,26.0,14.6670,HIGH,0.6,0.015,0.001
1774254344.4832623,257.181,-9999.000000,26.016372,26.0,12.5111,HIGH,0.6,0.015,0.001
1774254344.5620887,257.260,-9999.000000,26.009223,26.0,12.9908,HIGH,0.6,0.015,0.001
1774254344.6313095,257.329,-9999.000000,26.012399,26.0,12.7852,HIGH,0.6,0.015,0.001
1774254344.700399,257.398,-9999.000000,26.015579,26.0,12.5928,HIGH,0.6,0.015,0.001
1774254344.8130662,257.511,-9999.000000,26.016372,26.0,12.5464,HIGH,0.6,0.015,0.001
1774254344.8739245,257.572,-9999.000000,26.008430,26.0,13.0359,HIGH,0.6,0.015,0.001
1774254344.9493659,257.647,-9999.000000,26.012799,26.0,12.7534,HIGH,0.6,0.015,0.001
1774254345.0684812,257.766,-9999.000000,26.014387,26.0,12.6600,HIGH,0.6,0.015,0.001
1774254345.133392,257.831,-9999.000000,26.012399,26.0,12.7825,HIGH,0.6,0.015,0.001
1774254345.206131,257.904,-9999.000000,26.008031,26.0,13.0467,HIGH,0.6,0.015,0.001
1774254345.3206491,258.019,-9999.000000,26.008031,26.0,13.0393,HIGH,0.6,0.015,0.001
1774254345.396965,258.095,-9999.000000,26.010811,26.0,12.8676,HIGH,0.6,0.015,0.001
1774254345.521513,258.219,-9999.000000,26.013988,26.0,12.6755,HIGH,0.6,0.015,0.001
1774254345.6289608,258.327,-9999.000000,26.006046,26.0,13.1609,HIGH,0.6,0.015,0.001
1774254345.6932654,258.391,-9999.000000,26.008826,26.0,12.9815,HIGH,0.6,0.015,0.001
1774254345.7743862,258.472,-9999.000000,26.010415,26.0,12.8873,HIGH,0.6,0.015,0.001
1774254345.902597,258.600,-9999.000000,26.016372,26.0,12.5241,HIGH,0.6,0.015,0.001
1774254346.0175407,258.715,-9999.000000,26.012003,26.0,12.7926,HIGH,0.6,0.015,0.001
1774254346.090385,258.788,-9999.000000,26.008430,26.0,13.0071,HIGH,0.6,0.015,0.001
1774254346.2162995,258.914,-9999.000000,26.011210,26.0,12.8311,HIGH,0.6,0.015,0.001
1774254346.326182,259.024,-9999.000000,26.010811,26.0,12.8558,HIGH,0.6,0.015,0.001
1774254346.4059772,259.104,-9999.000000,26.008430,26.0,13.0003,HIGH,0.6,0.015,0.001
1774254346.532184,259.230,-9999.000000,26.008430,26.0,12.9957,HIGH,0.6,0.015,0.001
1774254346.6425269,259.340,-9999.000000,26.004854,26.0,13.2127,HIGH,0.6,0.015,0.001
1774254346.7144794,259.412,-9999.000000,26.005650,26.0,13.1600,HIGH,0.6,0.015,0.001
1774254346.7936811,259.492,-9999.000000,26.004061,26.0,13.2580,HIGH,0.6,0.015,0.001
1774254346.8730288,259.571,-9999.000000,26.006442,26.0,13.1093,HIGH,0.6,0.015,0.001
1774254346.9542015,259.652,-9999.000000,26.009223,26.0,12.9410,HIGH,0.6,0.015,0.001
1774254347.0420954,259.740,-9999.000000,26.014387,26.0,12.6267,HIGH,0.6,0.015,0.001
1774254347.170624,259.869,-9999.000000,26.008031,26.0,13.0174,HIGH,0.6,0.015,0.001
1774254347.2353468,259.933,-9999.000000,26.004854,26.0,13.2075,HIGH,0.6,0.015,0.001
1774254347.32,260.018,-9999.000000,26.005650,26.0,13.1532,HIGH,0.6,0.015,0.001
1774254347.405632,260.104,-9999.000000,26.000885,26.0,13.4455,HIGH,0.6,0.015,0.001
1774254347.4832392,260.181,-9999.000000,26.005253,26.0,13.1716,HIGH,0.6,0.015,0.001
1774254347.5581536,260.256,-9999.000000,25.993736,26.0,13.8843,HIGH,0.6,0.015,0.001
1774254347.6526337,260.351,-9999.000000,26.017564,26.0,12.4115,HIGH,0.6,0.015,0.001
1774254347.7797506,260.478,-9999.000000,26.008430,26.0,12.9904,HIGH,0.6,0.015,0.001
1774254347.9059734,260.604,-9999.000000,26.002473,26.0,13.3449,HIGH,0.6,0.015,0.001
1774254348.0474575,260.745,-9999.000000,25.999296,26.0,13.5331,HIGH,0.6,0.015,0.001
1774254348.1284091,260.826,-9999.000000,26.001677,26.0,13.3849,HIGH,0.6,0.015,0.001
1774254348.2179902,260.916,-9999.000000,26.009223,26.0,12.9255,HIGH,0.6,0.015,0.001
1774254348.3003101,260.998,-9999.000000,26.004458,26.0,13.2250,HIGH,0.6,0.015,0.001
1774254348.3787,261.077,-9999.000000,25.999693,26.0,13.5112,HIGH,0.6,0.015,0.001
1774254348.4622536,261.160,-9999.000000,25.998897,26.0,13.5540,HIGH,0.6,0.015,0.001
1774254348.5397742,261.238,-9999.000000,26.001281,26.0,13.4068,HIGH,0.6,0.015,0.001
1774254348.664506,261.362,-9999.000000,26.005650,26.0,13.1432,HIGH,0.6,0.015,0.001
1774254348.7844226,261.482,-9999.000000,26.004854,26.0,13.1942,HIGH,0.6,0.015,0.001
1774254348.85343,261.551,-9999.000000,26.005253,26.0,13.1685,HIGH,0.6,0.015,0.001
1774254348.963923,261.662,-9999.000000,25.980632,26.0,14.6718,HIGH,0.6,0.015,0.001
1774254349.0430763,261.741,-9999.000000,26.001677,26.0,13.3600,HIGH,0.6,0.015,0.001
1774254349.1310804,261.829,-9999.000000,26.003662,26.0,13.2648,HIGH,0.6,0.015,0.001
1774254349.2002757,261.898,-9999.000000,26.000885,26.0,13.4376,HIGH,0.6,0.015,0.001
1774254349.2954633,261.993,-9999.000000,26.000885,26.0,13.4335,HIGH,0.6,0.015,0.001
1774254349.4062414,262.104,-9999.000000,26.006442,26.0,13.0939,HIGH,0.6,0.015,0.001
1774254349.5326188,262.231,-9999.000000,26.006442,26.0,13.0977,HIGH,0.6,0.015,0.001
1774254349.606422,262.304,-9999.000000,26.000485,26.0,13.4631,HIGH,0.6,0.015,0.001
1774254349.6868544,262.385,-9999.000000,26.007238,26.0,13.0407,HIGH,0.6,0.015,0.001
1774254349.765862,262.464,-9999.000000,26.001281,26.0,13.4138,HIGH,0.6,0.015,0.001
1774254349.8451166,262.543,-9999.000000,26.000885,26.0,13.4305,HIGH,0.6,0.015,0.001
1774254349.9298403,262.628,-9999.000000,26.000485,26.0,13.4544,HIGH,0.6,0.015,0.001
1774254350.058965,262.757,-9999.000000,25.999296,26.0,13.5263,HIGH,0.6,0.015,0.001
1774254350.134094,262.832,-9999.000000,26.008031,26.0,12.9888,HIGH,0.6,0.015,0.001
1774254350.212797,262.911,-9999.000000,26.002473,26.0,13.3406,HIGH,0.6,0.015,0.001
1774254350.301647,263.000,-9999.000000,25.993736,26.0,13.8684,HIGH,0.6,0.015,0.001
1774254350.3862698,263.084,-9999.000000,26.008826,26.0,12.9343,HIGH,0.6,0.015,0.001
1774254350.4672654,263.165,-9999.000000,26.002869,26.0,13.3165,HIGH,0.6,0.015,0.001
1774254350.5462005,263.244,-9999.000000,25.995721,26.0,13.7476,HIGH,0.6,0.015,0.001
1774254350.6733148,263.371,-9999.000000,26.004854,26.0,13.1825,HIGH,0.6,0.015,0.001
1774254350.7897794,263.488,-9999.000000,26.004061,26.0,13.2372,HIGH,0.6,0.015,0.001
1774254350.8584468,263.556,-9999.000000,26.000485,26.0,13.4562,HIGH,0.6,0.015,0.001
1774254350.9932206,263.691,-9999.000000,25.999693,26.0,13.4992,HIGH,0.6,0.015,0.001
1774254351.111206,263.809,-9999.000000,26.009223,26.0,12.9171,HIGH,0.6,0.015,0.001
1774254351.2006063,263.898,-9999.000000,26.006046,26.0,13.1185,HIGH,0.6,0.015,0.001
1774254351.2856262,263.984,-9999.000000,26.005650,26.0,13.1385,HIGH,0.6,0.015,0.001
1774254351.3774624,264.075,-9999.000000,26.000089,26.0,13.4777,HIGH,0.6,0.015,0.001
1774254351.4608953,264.159,-9999.000000,26.010415,26.0,12.8385,HIGH,0.6,0.015,0.001
1774254351.5418901,264.240,-9999.000000,26.002869,26.0,13.3125,HIGH,0.6,0.015,0.001
1774254351.661231,264.359,-9999.000000,26.006442,26.0,13.0847,HIGH,0.6,0.015,0.001
1774254351.7431772,264.441,-9999.000000,26.002869,26.0,13.3061,HIGH,0.6,0.015,0.001
1774254351.820325,264.518,-9999.000000,25.981824,26.0,14.5938,HIGH,0.6,0.015,0.001
1774254351.8998702,264.598,-9999.000000,26.003266,26.0,13.2527,HIGH,0.6,0.015,0.001
1774254351.9951477,264.693,-9999.000000,26.000885,26.0,13.4249,HIGH,0.6,0.015,0.001
1774254352.121938,264.820,-9999.000000,26.005253,26.0,13.1558,HIGH,0.6,0.015,0.001
1774254352.2000175,264.898,-9999.000000,26.012399,26.0,12.7199,HIGH,0.6,0.015,0.001
1774254352.297195,264.995,-9999.000000,26.004854,26.0,13.1888,HIGH,0.6,0.015,0.001
1774254352.3820102,265.080,-9999.000000,26.006046,26.0,13.1074,HIGH,0.6,0.015,0.001
1774254352.4658685,265.164,-9999.000000,26.008430,26.0,12.9618,HIGH,0.6,0.015,0.001
1774254352.5505364,265.248,-9999.000000,26.010018,26.0,12.8662,HIGH,0.6,0.015,0.001
1774254352.6276126,265.325,-9999.000000,26.006842,26.0,13.0620,HIGH,0.6,0.015,0.001
1774254352.7600307,265.458,-9999.000000,26.016372,26.0,12.4756,HIGH,0.6,0.015,0.001
1774254352.8668232,265.565,-9999.000000,26.004458,26.0,13.2081,HIGH,0.6,0.015,0.001
1774254352.9457798,265.644,-9999.000000,26.003662,26.0,13.2453,HIGH,0.6,0.015,0.001
1774254353.0765343,265.774,-9999.000000,26.007238,26.0,13.0256,HIGH,0.6,0.015,0.001
1774254353.1335387,265.831,-9999.000000,26.002074,26.0,13.3470,HIGH,0.6,0.015,0.001
1774254353.2286818,265.927,-9999.000000,26.006046,26.0,13.0946,HIGH,0.6,0.015,0.001
1774254353.3099704,266.008,-9999.000000,26.021137,26.0,12.1722,HIGH,0.6,0.015,0.001
1774254353.3867855,266.085,-9999.000000,26.019948,26.0,12.2613,HIGH,0.6,0.015,0.001
1774254353.4654698,266.163,-9999.000000,26.010811,26.0,12.8183,HIGH,0.6,0.015,0.001
1774254353.5462606,266.244,-9999.000000,26.008031,26.0,12.9760,HIGH,0.6,0.015,0.001
1774254353.6289227,266.327,-9999.000000,26.011210,26.0,12.7766,HIGH,0.6,0.015,0.001
1774254353.7189393,266.417,-9999.000000,26.012399,26.0,12.7061,HIGH,0.6,0.015,0.001
1774254353.8498554,266.548,-9999.000000,26.008430,26.0,12.9469,HIGH,0.6,0.015,0.001
1774254353.9710073,266.669,-9999.000000,26.019152,26.0,12.2882,HIGH,0.6,0.015,0.001
1774254354.1014035,266.799,-9999.000000,26.010018,26.0,12.8502,HIGH,0.6,0.015,0.001
1774254354.220496,266.918,-9999.000000,26.008430,26.0,12.9383,HIGH,0.6,0.015,0.001
1774254354.2916543,266.990,-9999.000000,26.006442,26.0,13.0583,HIGH,0.6,0.015,0.001
1774254354.3664029,267.064,-9999.000000,26.000485,26.0,13.4208,HIGH,0.6,0.015,0.001
1774254354.456261,267.154,-9999.000000,26.001281,26.0,13.3641,HIGH,0.6,0.015,0.001
1774254354.5240366,267.222,-9999.000000,26.003662,26.0,13.2182,HIGH,0.6,0.015,0.001
1774254354.6196015,267.317,-9999.000000,26.018756,26.0,12.2976,HIGH,0.6,0.015,0.001
1774254354.6979954,267.396,-9999.000000,25.967133,26.0,15.4805,HIGH,0.6,0.015,0.001
1774254354.780862,267.479,-9999.000000,25.989764,26.0,14.0307,HIGH,0.6,0.015,0.001
1774254354.872537,267.570,-9999.000000,25.991353,26.0,13.9622,HIGH,0.6,0.015,0.001
1774254354.9669728,267.665,-9999.000000,25.992148,26.0,13.9165,HIGH,0.6,0.015,0.001
1774254355.0942545,267.792,-9999.000000,25.983016,26.0,14.4757,HIGH,0.6,0.015,0.001
1774254355.220393,267.918,-9999.000000,25.988573,26.0,14.1329,HIGH,0.6,0.015,0.001
1774254355.3434763,268.041,-9999.000000,25.975469,26.0,14.9386,HIGH,0.6,0.015,0.001
1774254355.4726934,268.171,-9999.000000,25.982617,26.0,14.4970,HIGH,0.6,0.015,0.001
1774254355.5983727,268.296,-9999.000000,25.977057,26.0,14.8448,HIGH,0.6,0.015,0.001
1774254355.7296333,268.428,-9999.000000,25.968721,26.0,15.3531,HIGH,0.6,0.015,0.001
1774254355.8042195,268.502,-9999.000000,25.971102,26.0,15.2039,HIGH,0.6,0.015,0.001
1774254355.8838165,268.582,-9999.000000,25.968721,26.0,15.3567,HIGH,0.6,0.015,0.001
1774254355.9730382,268.671,-9999.000000,25.976661,26.0,14.8715,HIGH,0.6,0.015,0.001
1774254356.0593948,268.757,-9999.000000,25.978648,26.0,14.7617,HIGH,0.6,0.015,0.001
1774254356.1462963,268.844,-9999.000000,25.959191,26.0,15.9591,HIGH,0.6,0.015,0.001
1774254356.2395551,268.937,-9999.000000,25.959987,26.0,15.8937,HIGH,0.6,0.015,0.001
1774254356.3291337,269.027,-9999.000000,25.951649,26.0,16.4106,HIGH,0.6,0.015,0.001
1774254356.421751,269.120,-9999.000000,25.954032,26.0,16.2622,HIGH,0.6,0.015,0.001
1774254356.5068817,269.205,-9999.000000,25.950857,26.0,16.4653,HIGH,0.6,0.015,0.001
1774254356.5859497,269.284,-9999.000000,25.950061,26.0,16.5162,HIGH,0.6,0.015,0.001
1774254356.6753476,269.373,-9999.000000,25.943711,26.0,16.9108,HIGH,0.6,0.015,0.001
1774254356.768592,269.466,-9999.000000,25.935374,26.0,17.4219,HIGH,0.6,0.015,0.001
1774254356.8631527,269.561,-9999.000000,25.947282,26.0,16.6934,HIGH,0.6,0.015,0.001
1774254356.9537168,269.652,-9999.000000,25.951649,26.0,16.4457,HIGH,0.6,0.015,0.001
1774254357.0365372,269.734,-9999.000000,25.934183,26.0,17.5278,HIGH,0.6,0.015,0.001
1774254357.168635,269.867,-9999.000000,25.931803,26.0,17.6648,HIGH,0.6,0.015,0.001
1774254357.2897239,269.988,-9999.000000,25.926246,26.0,18.0144,HIGH,0.6,0.015,0.001
1774254357.3772533,270.075,-9999.000000,25.928230,26.0,17.8980,HIGH,0.6,0.015,0.001
1774254357.4681442,270.166,-9999.000000,25.925451,26.0,18.0802,HIGH,0.6,0.015,0.001
1774254357.5610201,270.259,-9999.000000,25.921088,26.0,18.3546,HIGH,0.6,0.015,0.001
1774254357.6593325,270.357,-9999.000000,25.924263,26.0,18.1673,HIGH,0.6,0.015,0.001
1774254357.7472343,270.445,-9999.000000,25.921880,26.0,18.3265,HIGH,0.6,0.015,0.001
1774254357.8379104,270.536,-9999.000000,25.925850,26.0,18.0913,HIGH,0.6,0.015,0.001
1774254357.9225218,270.620,-9999.000000,25.921880,26.0,18.3485,HIGH,0.6,0.015,0.001
1774254358.002818,270.701,-9999.000000,25.932200,26.0,17.7200,HIGH,0.6,0.015,0.001
1774254358.082486,270.780,-9999.000000,25.921880,26.0,18.3743,HIGH,0.6,0.015,0.001
1774254358.1880734,270.886,-9999.000000,25.919102,26.0,18.5435,HIGH,0.6,0.015,0.001
1774254358.267631,270.966,-9999.000000,25.919498,26.0,18.5262,HIGH,0.6,0.015,0.001
1774254358.348813,271.047,-9999.000000,25.920293,26.0,18.4877,HIGH,0.6,0.015,0.001
1774254358.4252355,271.123,-9999.000000,25.926642,26.0,18.1078,HIGH,0.6,0.015,0.001
1774254358.5201147,271.218,-9999.000000,25.911562,26.0,19.0494,HIGH,0.6,0.015,0.001
1774254358.5990655,271.297,-9999.000000,25.909974,26.0,19.1414,HIGH,0.6,0.015,0.001
1774254358.69357,271.391,-9999.000000,25.910770,26.0,19.1035,HIGH,0.6,0.015,0.001
1774254358.7821498,271.480,-9999.000000,25.908387,26.0,19.2622,HIGH,0.6,0.015,0.001
1774254358.8678484,271.566,-9999.000000,25.907196,26.0,19.3443,HIGH,0.6,0.015,0.001
1774254358.9473577,271.645,-9999.000000,25.906404,26.0,19.4026,HIGH,0.6,0.015,0.001
1774254359.031809,271.730,-9999.000000,25.907592,26.0,19.3406,HIGH,0.6,0.015,0.001
1774254359.1124003,271.810,-9999.000000,25.910371,26.0,19.1827,HIGH,0.6,0.015,0.001
1774254359.1992714,271.897,-9999.000000,25.908783,26.0,19.2951,HIGH,0.6,0.015,0.001
1774254359.2841175,271.982,-9999.000000,25.895292,26.0,20.1320,HIGH,0.6,0.015,0.001
1774254359.3704803,272.068,-9999.000000,25.913149,26.0,19.0352,HIGH,0.6,0.015,0.001
1774254359.4519296,272.150,-9999.000000,25.913545,26.0,19.0422,HIGH,0.6,0.015,0.001
1774254359.5309172,272.229,-9999.000000,25.915927,26.0,18.9067,HIGH,0.6,0.015,0.001
1774254359.625629,272.324,-9999.000000,25.909179,26.0,19.3346,HIGH,0.6,0.015,0.001
1774254359.7080326,272.406,-9999.000000,25.911562,26.0,19.1926,HIGH,0.6,0.015,0.001
1774254359.7994978,272.497,-9999.000000,25.924263,26.0,18.4299,HIGH,0.6,0.015,0.001
1774254359.9261663,272.624,-9999.000000,25.919897,26.0,18.7244,HIGH,0.6,0.015,0.001
1774254360.0529656,272.751,-9999.000000,25.936566,26.0,17.7198,HIGH,0.6,0.015,0.001
1774254360.1285663,272.826,-9999.000000,25.925451,26.0,18.4230,HIGH,0.6,0.015,0.001
1774254360.2107575,272.909,-9999.000000,25.925850,26.0,18.3930,HIGH,0.6,0.015,0.001
1774254360.2979882,272.996,-9999.000000,25.927437,26.0,18.3059,HIGH,0.6,0.015,0.001
1774254360.380811,273.079,-9999.000000,25.929025,26.0,18.2194,HIGH,0.6,0.015,0.001
1774254360.463152,273.161,-9999.000000,25.928230,26.0,18.2788,HIGH,0.6,0.015,0.001
1774254360.5422997,273.240,-9999.000000,25.932200,26.0,18.0427,HIGH,0.6,0.015,0.001
1774254360.6214085,273.319,-9999.000000,25.933787,26.0,17.9583,HIGH,0.6,0.015,0.001
1774254360.7170053,273.415,-9999.000000,25.940536,26.0,17.5568,HIGH,0.6,0.015,0.001
1774254360.7958748,273.494,-9999.000000,25.939345,26.0,17.6441,HIGH,0.6,0.015,0.001
1774254360.8907857,273.589,-9999.000000,25.937361,26.0,17.7726,HIGH,0.6,0.015,0.001
1774254360.962146,273.660,-9999.000000,25.934978,26.0,17.9238,HIGH,0.6,0.015,0.001
1774254361.0496197,273.748,-9999.000000,25.941727,26.0,17.5154,HIGH,0.6,0.015,0.001
1774254361.1802413,273.878,-9999.000000,25.942520,26.0,17.4862,HIGH,0.6,0.015,0.001
1774254361.2866194,273.985,-9999.000000,25.952444,26.0,16.8896,HIGH,0.6,0.015,0.001
1774254361.3717241,274.070,-9999.000000,25.956412,26.0,16.6618,HIGH,0.6,0.015,0.001
1774254361.4449122,274.143,-9999.000000,25.956811,26.0,16.6467,HIGH,0.6,0.015,0.001
1774254361.540351,274.238,-9999.000000,25.958795,26.0,16.5320,HIGH,0.6,0.015,0.001
1774254361.6190538,274.317,-9999.000000,25.956412,26.0,16.6853,HIGH,0.6,0.015,0.001
1774254361.7148056,274.413,-9999.000000,25.957604,26.0,16.6156,HIGH,0.6,0.015,0.001
1774254361.7937455,274.492,-9999.000000,25.962766,26.0,16.3049,HIGH,0.6,0.015,0.001
1774254361.9203942,274.618,-9999.000000,25.969514,26.0,15.9071,HIGH,0.6,0.015,0.001
1774254362.0313566,274.729,-9999.000000,25.970705,26.0,15.8447,HIGH,0.6,0.015,0.001
1774254362.0948572,274.793,-9999.000000,25.971102,26.0,15.8242,HIGH,0.6,0.015,0.001
1774254362.1856208,274.884,-9999.000000,25.972693,26.0,15.7313,HIGH,0.6,0.015,0.001
1774254362.2849505,274.983,-9999.000000,25.968721,26.0,15.9800,HIGH,0.6,0.015,0.001
1774254362.3632529,275.061,-9999.000000,25.967530,26.0,16.0528,HIGH,0.6,0.015,0.001
1774254362.4552023,275.153,-9999.000000,25.974677,26.0,15.6182,HIGH,0.6,0.015,0.001
1774254362.5382328,275.236,-9999.000000,25.939741,26.0,17.7717,HIGH,0.6,0.015,0.001
1774254362.6148984,275.313,-9999.000000,25.973089,26.0,15.6883,HIGH,0.6,0.015,0.001
1774254362.710435,275.408,-9999.000000,25.968721,26.0,16.0029,HIGH,0.6,0.015,0.001
1774254362.7890582,275.487,-9999.000000,25.969514,26.0,15.9534,HIGH,0.6,0.015,0.001
1774254362.879638,275.578,-9999.000000,25.969118,26.0,15.9828,HIGH,0.6,0.015,0.001
1774254362.9697194,275.668,-9999.000000,25.974677,26.0,15.6461,HIGH,0.6,0.015,0.001
1774254363.0528157,275.751,-9999.000000,25.988972,26.0,14.7787,HIGH,0.6,0.015,0.001
1774254363.1376646,275.836,-9999.000000,25.970705,26.0,15.9172,HIGH,0.6,0.015,0.001
1774254363.2143762,275.912,-9999.000000,25.972693,26.0,15.7770,HIGH,0.6,0.015,0.001
1774254363.2932785,275.991,-9999.000000,25.977853,26.0,15.4660,HIGH,0.6,0.015,0.001
1774254363.387538,276.085,-9999.000000,25.974280,26.0,15.6943,HIGH,0.6,0.015,0.001
1774254363.4664984,276.164,-9999.000000,25.976661,26.0,15.5475,HIGH,0.6,0.015,0.001
1774254363.546089,276.244,-9999.000000,25.971501,26.0,15.8700,HIGH,0.6,0.015,0.001
1774254363.6733253,276.371,-9999.000000,25.979044,26.0,15.4089,HIGH,0.6,0.015,0.001
1774254363.7841098,276.482,-9999.000000,25.979441,26.0,15.3942,HIGH,0.6,0.015,0.001
1774254363.8477054,276.546,-9999.000000,25.975073,26.0,15.6658,HIGH,0.6,0.015,0.001
1774254363.9416182,276.639,-9999.000000,25.977456,26.0,15.5166,HIGH,0.6,0.015,0.001
1774254364.0211527,276.719,-9999.000000,25.975868,26.0,15.6193,HIGH,0.6,0.015,0.001
1774254364.1003976,276.798,-9999.000000,25.975868,26.0,15.6201,HIGH,0.6,0.015,0.001
1774254364.1862085,276.884,-9999.000000,25.964354,26.0,16.3290,HIGH,0.6,0.015,0.001
1774254364.275093,276.973,-9999.000000,25.945299,26.0,17.4876,HIGH,0.6,0.015,0.001
1774254364.3591335,277.057,-9999.000000,25.974280,26.0,15.6961,HIGH,0.6,0.015,0.001
1774254364.488678,277.187,-9999.000000,25.973485,26.0,15.7840,HIGH,0.6,0.015,0.001
1774254364.6010916,277.299,-9999.000000,25.970705,26.0,15.9576,HIGH,0.6,0.015,0.001
1774254364.66901,277.367,-9999.000000,25.971501,26.0,15.9091,HIGH,0.6,0.015,0.001
1774254364.7953417,277.493,-9999.000000,25.970309,26.0,15.9884,HIGH,0.6,0.015,0.001
1774254364.9065118,277.604,-9999.000000,25.959591,26.0,16.6469,HIGH,0.6,0.015,0.001
1774254365.0324535,277.730,-9999.000000,25.961971,26.0,16.4998,HIGH,0.6,0.015,0.001
1774254365.108421,277.806,-9999.000000,25.955620,26.0,16.8961,HIGH,0.6,0.015,0.001
1774254365.2384658,277.936,-9999.000000,25.955224,26.0,16.9206,HIGH,0.6,0.015,0.001
1774254365.357658,278.056,-9999.000000,25.947282,26.0,17.4129,HIGH,0.6,0.015,0.001
1774254365.4286034,278.126,-9999.000000,25.944903,26.0,17.5582,HIGH,0.6,0.015,0.001
1774254365.5498183,278.248,-9999.000000,25.913545,26.0,19.4779,HIGH,0.6,0.015,0.001
1774254365.6676605,278.366,-9999.000000,25.939741,26.0,17.8687,HIGH,0.6,0.015,0.001
1774254365.7289732,278.427,-9999.000000,25.945299,26.0,17.5534,HIGH,0.6,0.015,0.001
1774254365.8081129,278.506,-9999.000000,25.940932,26.0,17.8370,HIGH,0.6,0.015,0.001
1774254365.9353485,278.633,-9999.000000,25.939345,26.0,17.9396,HIGH,0.6,0.015,0.001
1774254366.047164,278.745,-9999.000000,25.936566,26.0,18.1182,HIGH,0.6,0.015,0.001
1774254366.1105173,278.808,-9999.000000,25.939741,26.0,17.9259,HIGH,0.6,0.015,0.001
1774254366.1949997,278.893,-9999.000000,25.935771,26.0,18.1820,HIGH,0.6,0.015,0.001
1774254366.281529,278.979,-9999.000000,25.936170,26.0,18.1611,HIGH,0.6,0.015,0.001
1774254366.366732,279.065,-9999.000000,25.913944,26.0,19.5322,HIGH,0.6,0.015,0.001
1774254366.442624,279.141,-9999.000000,25.935374,26.0,18.1994,HIGH,0.6,0.015,0.001
1774254366.521468,279.219,-9999.000000,25.932596,26.0,18.4059,HIGH,0.6,0.015,0.001
1774254366.6084163,279.306,-9999.000000,25.933391,26.0,18.3624,HIGH,0.6,0.015,0.001
1774254366.745365,279.443,-9999.000000,25.931407,26.0,18.4979,HIGH,0.6,0.015,0.001
1774254366.8725011,279.570,-9999.000000,25.937757,26.0,18.1223,HIGH,0.6,0.015,0.001
1774254366.9965603,279.694,-9999.000000,25.932995,26.0,18.4294,HIGH,0.6,0.015,0.001
1774254367.107521,279.805,-9999.000000,25.931803,26.0,18.5094,HIGH,0.6,0.015,0.001
1774254367.1906757,279.889,-9999.000000,25.936170,26.0,18.2491,HIGH,0.6,0.015,0.001
1774254367.3156784,280.014,-9999.000000,25.934183,26.0,18.3875,HIGH,0.6,0.015,0.001
1774254367.4454072,280.143,-9999.000000,25.931803,26.0,18.5438,HIGH,0.6,0.015,0.001
1774254367.5730245,280.271,-9999.000000,25.927041,26.0,18.8454,HIGH,0.6,0.015,0.001
1774254367.6521878,280.350,-9999.000000,25.931008,26.0,18.6068,HIGH,0.6,0.015,0.001
1774254367.746828,280.445,-9999.000000,25.915132,26.0,19.5932,HIGH,0.6,0.015,0.001
1774254367.8680828,280.566,-9999.000000,25.920293,26.0,19.2770,HIGH,0.6,0.015,0.001
1774254367.947461,280.645,-9999.000000,25.896483,26.0,20.7522,HIGH,0.6,0.015,0.001
1774254368.044605,280.742,-9999.000000,25.916722,26.0,19.4991,HIGH,0.6,0.015,0.001
1774254368.128904,280.827,-9999.000000,25.915531,26.0,19.6035,HIGH,0.6,0.015,0.001
1774254368.2164266,280.914,-9999.000000,25.913149,26.0,19.7592,HIGH,0.6,0.015,0.001
1774254368.2978156,280.996,-9999.000000,25.907991,26.0,20.0835,HIGH,0.6,0.015,0.001
1774254368.3747694,281.073,-9999.000000,25.911166,26.0,19.8928,HIGH,0.6,0.015,0.001
1774254368.509168,281.207,-9999.000000,25.912753,26.0,19.8181,HIGH,0.6,0.015,0.001
1774254368.6272504,281.325,-9999.000000,25.908387,26.0,20.1011,HIGH,0.6,0.015,0.001
1774254368.748354,281.446,-9999.000000,25.907196,26.0,20.1868,HIGH,0.6,0.015,0.001
1774254368.8208578,281.519,-9999.000000,25.915927,26.0,19.6590,HIGH,0.6,0.015,0.001
1774254368.9054089,281.603,-9999.000000,25.909974,26.0,20.0467,HIGH,0.6,0.015,0.001
1774254368.9832175,281.681,-9999.000000,25.905213,26.0,20.3425,HIGH,0.6,0.015,0.001
1774254369.0676446,281.766,-9999.000000,25.900452,26.0,20.6403,HIGH,0.6,0.015,0.001
1774254369.1518352,281.850,-9999.000000,25.906404,26.0,20.2823,HIGH,0.6,0.015,0.001
1774254369.2303889,281.928,-9999.000000,25.904022,26.0,20.4466,HIGH,0.6,0.015,0.001
1774254369.3091364,282.007,-9999.000000,25.894497,26.0,21.0397,HIGH,0.6,0.015,0.001
1774254369.3885033,282.086,-9999.000000,25.900452,26.0,20.6746,HIGH,0.6,0.015,0.001
1774254369.484346,282.182,-9999.000000,25.891323,26.0,21.2550,HIGH,0.6,0.015,0.001
1774254369.5687432,282.267,-9999.000000,25.895688,26.0,20.9916,HIGH,0.6,0.015,0.001
1774254369.6496341,282.348,-9999.000000,25.898070,26.0,20.8633,HIGH,0.6,0.015,0.001
1774254369.7310157,282.429,-9999.000000,25.895292,26.0,21.0491,HIGH,0.6,0.015,0.001
1774254369.8175683,282.515,-9999.000000,25.889340,26.0,21.4240,HIGH,0.6,0.015,0.001
1774254369.9444144,282.642,-9999.000000,25.878628,26.0,22.0914,HIGH,0.6,0.015,0.001
1774254370.0711887,282.769,-9999.000000,25.885770,26.0,21.6705,HIGH,0.6,0.015,0.001
1774254370.1978567,282.896,-9999.000000,25.881802,26.0,21.9399,HIGH,0.6,0.015,0.001
1774254370.3077207,283.006,-9999.000000,25.881007,26.0,22.0048,HIGH,0.6,0.015,0.001
1774254370.3942037,283.092,-9999.000000,25.889736,26.0,21.4845,HIGH,0.6,0.015,0.001
1774254370.4787474,283.177,-9999.000000,25.877437,26.0,22.2626,HIGH,0.6,0.015,0.001
1774254370.5771425,283.275,-9999.000000,25.882198,26.0,21.9750,HIGH,0.6,0.015,0.001
1774254370.7019544,283.400,-9999.000000,25.879420,26.0,22.1713,HIGH,0.6,0.015,0.001
1774254370.83043,283.528,-9999.000000,25.873865,26.0,22.5310,HIGH,0.6,0.015,0.001
1774254370.955606,283.653,-9999.000000,25.894101,26.0,21.3162,HIGH,0.6,0.015,0.001
1774254371.071007,283.769,-9999.000000,25.879819,26.0,22.2225,HIGH,0.6,0.015,0.001
1774254371.1472502,283.845,-9999.000000,25.870296,26.0,22.8088,HIGH,0.6,0.015,0.001
1774254371.2793572,283.977,-9999.000000,25.875851,26.0,22.4835,HIGH,0.6,0.015,0.001
1774254371.3982422,284.096,-9999.000000,25.877041,26.0,22.4371,HIGH,0.6,0.015,0.001
1774254371.477049,284.175,-9999.000000,25.877041,26.0,22.4527,HIGH,0.6,0.015,0.001
1774254371.556266,284.254,-9999.000000,25.879420,26.0,22.3213,HIGH,0.6,0.015,0.001
1774254371.6361141,284.334,-9999.000000,25.880215,26.0,22.2899,HIGH,0.6,0.015,0.001
1774254371.7235556,284.421,-9999.000000,25.896087,26.0,21.3341,HIGH,0.6,0.015,0.001
1774254371.810265,284.508,-9999.000000,25.879420,26.0,22.3872,HIGH,0.6,0.015,0.001
1774254371.8917944,284.590,-9999.000000,25.881802,26.0,22.2366,HIGH,0.6,0.015,0.001
1774254371.9710186,284.669,-9999.000000,25.844908,26.0,24.5181,HIGH,0.6,0.015,0.001
1774254372.070931,284.769,-9999.000000,25.885371,26.0,22.0204,HIGH,0.6,0.015,0.001
1774254372.1571438,284.855,-9999.000000,25.892118,26.0,21.6623,HIGH,0.6,0.015,0.001
1774254372.235723,284.934,-9999.000000,25.891323,26.0,21.7316,HIGH,0.6,0.015,0.001
1774254372.3149936,285.013,-9999.000000,25.891722,26.0,21.7190,HIGH,0.6,0.015,0.001
1774254372.4721978,285.170,-9999.000000,25.892514,26.0,21.6968,HIGH,0.6,0.015,0.001
1774254372.567373,285.265,-9999.000000,25.893309,26.0,21.6640,HIGH,0.6,0.015,0.001
1774254372.6465075,285.344,-9999.000000,25.897275,26.0,21.4341,HIGH,0.6,0.015,0.001
1774254372.725881,285.424,-9999.000000,25.917910,26.0,20.1848,HIGH,0.6,0.015,0.001
1774254372.8290484,285.527,-9999.000000,25.903626,26.0,21.0966,HIGH,0.6,0.015,0.001
1774254372.9179366,285.616,-9999.000000,25.903626,26.0,21.0956,HIGH,0.6,0.015,0.001
1774254372.994568,285.692,-9999.000000,25.907592,26.0,20.8631,HIGH,0.6,0.015,0.001
1774254373.0881963,285.786,-9999.000000,25.908387,26.0,20.8325,HIGH,0.6,0.015,0.001
1774254373.1888325,285.887,-9999.000000,25.910371,26.0,20.7260,HIGH,0.6,0.015,0.001
1774254373.280318,285.978,-9999.000000,25.911562,26.0,20.6673,HIGH,0.6,0.015,0.001
1774254373.3727562,286.071,-9999.000000,25.918706,26.0,20.2435,HIGH,0.6,0.015,0.001
1774254373.4517083,286.150,-9999.000000,25.926246,26.0,19.7980,HIGH,0.6,0.015,0.001
1774254373.551882,286.250,-9999.000000,25.915531,26.0,20.4738,HIGH,0.6,0.015,0.001
1774254373.6401572,286.338,-9999.000000,25.934978,26.0,19.2829,HIGH,0.6,0.015,0.001
1774254373.725146,286.423,-9999.000000,25.913149,26.0,20.6514,HIGH,0.6,0.015,0.001
1774254373.8124602,286.510,-9999.000000,25.922276,26.0,20.0778,HIGH,0.6,0.015,0.001
1774254373.9099379,286.608,-9999.000000,25.921088,26.0,20.1723,HIGH,0.6,0.015,0.001
1774254373.9954224,286.693,-9999.000000,25.919102,26.0,20.3030,HIGH,0.6,0.015,0.001
1774254374.0812905,286.779,-9999.000000,25.920293,26.0,20.2381,HIGH,0.6,0.015,0.001
1774254374.1730082,286.871,-9999.000000,25.931407,26.0,19.5699,HIGH,0.6,0.015,0.001
1774254374.24875,286.947,-9999.000000,25.925451,26.0,19.9558,HIGH,0.6,0.015,0.001
1774254374.3355334,287.033,-9999.000000,25.904418,26.0,21.2465,HIGH,0.6,0.015,0.001
1774254374.4661915,287.164,-9999.000000,25.922675,26.0,20.1281,HIGH,0.6,0.015,0.001
1774254374.5829632,287.281,-9999.000000,25.919897,26.0,20.3251,HIGH,0.6,0.015,0.001
1774254374.6566799,287.355,-9999.000000,25.935374,26.0,19.3803,HIGH,0.6,0.015,0.001
1774254374.7794511,287.477,-9999.000000,25.925850,26.0,19.9941,HIGH,0.6,0.015,0.001
1774254374.8891354,287.587,-9999.000000,25.927833,26.0,19.8774,HIGH,0.6,0.015,0.001
1774254375.0156753,287.714,-9999.000000,25.931008,26.0,19.6993,HIGH,0.6,0.015,0.001
1774254375.0950377,287.793,-9999.000000,25.932995,26.0,19.5881,HIGH,0.6,0.015,0.001
1774254375.2216914,287.920,-9999.000000,25.937361,26.0,19.3371,HIGH,0.6,0.015,0.001
1774254375.3419533,288.040,-9999.000000,25.944903,26.0,18.8917,HIGH,0.6,0.015,0.001
1774254375.4256587,288.124,-9999.000000,25.940137,26.0,19.1972,HIGH,0.6,0.015,0.001
1774254375.505203,288.203,-9999.000000,25.944503,26.0,18.9306,HIGH,0.6,0.015,0.001
1774254375.5839012,288.282,-9999.000000,25.942916,26.0,19.0401,HIGH,0.6,0.015,0.001
1774254375.663292,288.361,-9999.000000,25.942124,26.0,19.0935,HIGH,0.6,0.015,0.001
1774254375.7899082,288.488,-9999.000000,25.951253,26.0,18.5468,HIGH,0.6,0.015,0.001
1774254375.9164395,288.614,-9999.000000,25.953237,26.0,18.4423,HIGH,0.6,0.015,0.001
1774254376.0368834,288.735,-9999.000000,25.956412,26.0,18.2586,HIGH,0.6,0.015,0.001
1774254376.109528,288.807,-9999.000000,25.964750,26.0,17.7533,HIGH,0.6,0.015,0.001
1774254376.2350776,288.933,-9999.000000,25.959191,26.0,18.1104,HIGH,0.6,0.015,0.001
1774254376.343822,289.042,-9999.000000,25.970705,26.0,17.4093,HIGH,0.6,0.015,0.001
1774254376.4291248,289.127,-9999.000000,25.972293,26.0,17.3263,HIGH,0.6,0.015,0.001
1774254376.5495749,289.247,-9999.000000,25.979044,26.0,16.9213,HIGH,0.6,0.015,0.001
1774254376.6732326,289.371,-9999.000000,25.980236,26.0,16.8581,HIGH,0.6,0.015,0.001
1774254376.7898455,289.488,-9999.000000,25.967530,26.0,17.6380,HIGH,0.6,0.015,0.001
1774254376.8683202,289.566,-9999.000000,25.988176,26.0,16.3634,HIGH,0.6,0.015,0.001
1774254376.9936628,289.692,-9999.000000,25.989764,26.0,16.2951,HIGH,0.6,0.015,0.001
1774254377.1189818,289.817,-9999.000000,25.995721,26.0,15.9350,HIGH,0.6,0.015,0.001
1774254377.230556,289.928,-9999.000000,26.009622,26.0,15.0917,HIGH,0.6,0.015,0.001
1774254377.3087952,290.007,-9999.000000,26.000885,26.0,15.6394,HIGH,0.6,0.015,0.001
1774254377.3970149,290.095,-9999.000000,26.009622,26.0,15.0928,HIGH,0.6,0.015,0.001
1774254377.4760468,290.174,-9999.000000,26.008826,26.0,15.1504,HIGH,0.6,0.015,0.001
1774254377.562109,290.260,-9999.000000,26.008031,26.0,15.1971,HIGH,0.6,0.015,0.001
1774254377.688779,290.387,-9999.000000,26.026302,26.0,14.0804,HIGH,0.6,0.015,0.001
1774254377.8080518,290.506,-9999.000000,26.015579,26.0,14.7444,HIGH,0.6,0.015,0.001
1774254377.92867,290.627,-9999.000000,26.010018,26.0,15.0719,HIGH,0.6,0.015,0.001
1774254378.005573,290.703,-9999.000000,26.006442,26.0,15.2857,HIGH,0.6,0.015,0.001
1774254378.1322372,290.830,-9999.000000,26.020741,26.0,14.4079,HIGH,0.6,0.015,0.001
1774254378.2597935,290.958,-9999.000000,25.986985,26.0,16.4736,HIGH,0.6,0.015,0.001
1774254378.3843207,291.082,-9999.000000,26.025906,26.0,14.0757,HIGH,0.6,0.015,0.001
1774254378.5105581,291.208,-9999.000000,26.035438,26.0,13.5208,HIGH,0.6,0.015,0.001
1774254378.6385705,291.336,-9999.000000,26.030275,26.0,13.8363,HIGH,0.6,0.015,0.001
1774254378.7645307,291.462,-9999.000000,26.037423,26.0,13.3907,HIGH,0.6,0.015,0.001
1774254378.8953984,291.593,-9999.000000,26.034245,26.0,13.5827,HIGH,0.6,0.015,0.001
1774254379.0174115,291.715,-9999.000000,26.042985,26.0,13.0409,HIGH,0.6,0.015,0.001
1774254379.1278133,291.826,-9999.000000,26.036630,26.0,13.4291,HIGH,0.6,0.015,0.001
1774254379.191893,291.890,-9999.000000,26.051328,26.0,12.5135,HIGH,0.6,0.015,0.001
1774254379.2782679,291.976,-9999.000000,26.040603,26.0,13.1871,HIGH,0.6,0.015,0.001
1774254379.3493345,292.047,-9999.000000,26.043781,26.0,12.9749,HIGH,0.6,0.015,0.001
1774254379.4278374,292.126,-9999.000000,26.035834,26.0,13.4621,HIGH,0.6,0.015,0.001
1774254379.5066278,292.205,-9999.000000,26.058080,26.0,12.0821,HIGH,0.6,0.015,0.001
1774254379.6340787,292.332,-9999.000000,26.040603,26.0,13.1649,HIGH,0.6,0.015,0.001
1774254379.7417452,292.440,-9999.000000,26.060069,26.0,11.9555,HIGH,0.6,0.015,0.001
1774254379.8173382,292.515,-9999.000000,26.038219,26.0,13.3091,HIGH,0.6,0.015,0.001
1774254379.938724,292.637,-9999.000000,26.044177,26.0,12.9098,HIGH,0.6,0.015,0.001
1774254380.0073118,292.705,-9999.000000,26.053710,26.0,12.3233,HIGH,0.6,0.015,0.001
1774254380.1264215,292.824,-9999.000000,26.046162,26.0,12.7881,HIGH,0.6,0.015,0.001
1774254380.196165,292.894,-9999.000000,26.046958,26.0,12.7280,HIGH,0.6,0.015,0.001
1774254380.2793128,292.977,-9999.000000,26.046958,26.0,12.7233,HIGH,0.6,0.015,0.001
1774254380.3568356,293.055,-9999.000000,26.059273,26.0,11.9616,HIGH,0.6,0.015,0.001
1774254380.4372606,293.135,-9999.000000,26.048151,26.0,12.6529,HIGH,0.6,0.015,0.001
1774254380.513853,293.212,-9999.000000,26.042192,26.0,12.9995,HIGH,0.6,0.015,0.001
1774254380.595518,293.293,-9999.000000,26.044177,26.0,12.8647,HIGH,0.6,0.015,0.001
1774254380.6589117,293.357,-9999.000000,26.039011,26.0,13.1816,HIGH,0.6,0.015,0.001
1774254380.7516994,293.450,-9999.000000,26.036630,26.0,13.3138,HIGH,0.6,0.015,0.001
1774254380.8300745,293.528,-9999.000000,26.039011,26.0,13.1607,HIGH,0.6,0.015,0.001
1774254380.949187,293.647,-9999.000000,26.033453,26.0,13.4959,HIGH,0.6,0.015,0.001
1774254381.0067933,293.705,-9999.000000,26.029876,26.0,13.7095,HIGH,0.6,0.015,0.001
1774254381.133402,293.831,-9999.000000,26.031068,26.0,13.6249,HIGH,0.6,0.015,0.001
1774254381.2126749,293.911,-9999.000000,26.030275,26.0,13.6708,HIGH,0.6,0.015,0.001
1774254381.3228548,294.021,-9999.000000,26.012003,26.0,14.7808,HIGH,0.6,0.015,0.001
1774254381.4018404,294.100,-9999.000000,26.018357,26.0,14.3727,HIGH,0.6,0.015,0.001
1774254381.512534,294.210,-9999.000000,26.011210,26.0,14.8142,HIGH,0.6,0.015,0.001
1774254381.5766134,294.274,-9999.000000,26.020741,26.0,14.2190,HIGH,0.6,0.015,0.001
1774254381.641816,294.340,-9999.000000,26.013591,26.0,14.6725,HIGH,0.6,0.015,0.001
1774254381.728215,294.426,-9999.000000,26.016372,26.0,14.4894,HIGH,0.6,0.015,0.001
1774254381.8457723,294.544,-9999.000000,26.016372,26.0,14.4897,HIGH,0.6,0.015,0.001
1774254381.9408865,294.639,-9999.000000,26.009622,26.0,14.9004,HIGH,0.6,0.015,0.001
1774254382.0039768,294.702,-9999.000000,26.003662,26.0,15.2600,HIGH,0.6,0.015,0.001
1774254382.0837336,294.782,-9999.000000,26.003662,26.0,15.2501,HIGH,0.6,0.015,0.001
1774254382.1570563,294.855,-9999.000000,26.017564,26.0,14.3951,HIGH,0.6,0.015,0.001
1774254382.225716,294.924,-9999.000000,26.000885,26.0,15.4390,HIGH,0.6,0.015,0.001
1774254382.3048012,295.003,-9999.000000,26.002869,26.0,15.2928,HIGH,0.6,0.015,0.001
1774254382.399981,295.098,-9999.000000,26.002074,26.0,15.3436,HIGH,0.6,0.015,0.001
1774254382.510883,295.209,-9999.000000,25.990956,26.0,16.0213,HIGH,0.6,0.015,0.001
1774254382.582652,295.281,-9999.000000,25.992544,26.0,15.9146,HIGH,0.6,0.015,0.001
1774254382.6642566,295.362,-9999.000000,25.998105,26.0,15.5766,HIGH,0.6,0.015,0.001
1774254382.7798796,295.478,-9999.000000,26.009622,26.0,14.8808,HIGH,0.6,0.015,0.001
1774254382.8869238,295.585,-9999.000000,25.988573,26.0,16.1752,HIGH,0.6,0.015,0.001
1774254382.9530463,295.651,-9999.000000,25.983808,26.0,16.4502,HIGH,0.6,0.015,0.001
1774254383.023506,295.721,-9999.000000,25.986985,26.0,16.2493,HIGH,0.6,0.015,0.001
1774254383.0890622,295.787,-9999.000000,25.986192,26.0,16.3039,HIGH,0.6,0.015,0.001
1774254383.208111,295.906,-9999.000000,25.979044,26.0,16.7413,HIGH,0.6,0.015,0.001
1774254383.2808964,295.979,-9999.000000,25.977057,26.0,16.8598,HIGH,0.6,0.015,0.001
1774254383.3599486,296.058,-9999.000000,25.981824,26.0,16.5672,HIGH,0.6,0.015,0.001
1774254383.4287078,296.127,-9999.000000,25.968325,26.0,17.4060,HIGH,0.6,0.015,0.001
1774254383.5133588,296.211,-9999.000000,25.980236,26.0,16.6602,HIGH,0.6,0.015,0.001
1774254383.5894055,296.287,-9999.000000,25.976265,26.0,16.9205,HIGH,0.6,0.015,0.001
1774254383.6784585,296.376,-9999.000000,25.979044,26.0,16.7481,HIGH,0.6,0.015,0.001
1774254383.7455506,296.443,-9999.000000,25.973485,26.0,17.0958,HIGH,0.6,0.015,0.001
1774254383.8254714,296.523,-9999.000000,25.972693,26.0,17.1393,HIGH,0.6,0.015,0.001
1774254383.9122381,296.610,-9999.000000,25.966338,26.0,17.5313,HIGH,0.6,0.015,0.001
1774254384.0312204,296.729,-9999.000000,25.982220,26.0,16.5608,HIGH,0.6,0.015,0.001
1774254384.149826,296.848,-9999.000000,25.966734,26.0,17.5223,HIGH,0.6,0.015,0.001
1774254384.2204726,296.918,-9999.000000,25.969118,26.0,17.3662,HIGH,0.6,0.015,0.001
1774254384.3498404,297.048,-9999.000000,25.962370,26.0,17.7869,HIGH,0.6,0.015,0.001
1774254384.456865,297.155,-9999.000000,25.965546,26.0,17.5937,HIGH,0.6,0.015,0.001
1774254384.5200443,297.218,-9999.000000,25.959591,26.0,17.9672,HIGH,0.6,0.015,0.001
1774254384.646537,297.344,-9999.000000,25.958003,26.0,18.0623,HIGH,0.6,0.015,0.001
1774254384.7276278,297.426,-9999.000000,25.959591,26.0,17.9687,HIGH,0.6,0.015,0.001
1774254384.8483853,297.546,-9999.000000,25.958795,26.0,18.0266,HIGH,0.6,0.015,0.001
1774254384.9610608,297.659,-9999.000000,25.954824,26.0,18.2753,HIGH,0.6,0.015,0.001
1774254385.0301201,297.728,-9999.000000,25.959191,26.0,18.0077,HIGH,0.6,0.015,0.001
1774254385.1109242,297.809,-9999.000000,25.959591,26.0,17.9944,HIGH,0.6,0.015,0.001
1774254385.2315252,297.929,-9999.000000,25.946091,26.0,18.8259,HIGH,0.6,0.015,0.001
1774254385.3444703,298.042,-9999.000000,25.946091,26.0,18.8238,HIGH,0.6,0.015,0.001
1774254385.4177952,298.116,-9999.000000,25.936566,26.0,19.4153,HIGH,0.6,0.015,0.001
1774254385.4938679,298.192,-9999.000000,25.933391,26.0,19.6046,HIGH,0.6,0.015,0.001
1774254385.5635722,298.261,-9999.000000,25.932200,26.0,19.6807,HIGH,0.6,0.015,0.001
1774254385.6424081,298.340,-9999.000000,25.926642,26.0,20.0281,HIGH,0.6,0.015,0.001
1774254385.7216363,298.420,-9999.000000,25.936962,26.0,19.3964,HIGH,0.6,0.015,0.001
1774254385.8554275,298.553,-9999.000000,25.922276,26.0,20.3171,HIGH,0.6,0.015,0.001
1774254385.912149,298.610,-9999.000000,25.925055,26.0,20.1409,HIGH,0.6,0.015,0.001
1774254385.9913995,298.689,-9999.000000,25.917910,26.0,20.5932,HIGH,0.6,0.015,0.001
1774254386.0709178,298.769,-9999.000000,25.915531,26.0,20.7400,HIGH,0.6,0.015,0.001
1774254386.1500707,298.848,-9999.000000,25.915927,26.0,20.7227,HIGH,0.6,0.015,0.001
1774254386.2299194,298.928,-9999.000000,25.917118,26.0,20.6602,HIGH,0.6,0.015,0.001
1774254386.356528,299.054,-9999.000000,25.917910,26.0,20.6291,HIGH,0.6,0.015,0.001
1774254386.467732,299.166,-9999.000000,25.921880,26.0,20.4010,HIGH,0.6,0.015,0.001
1774254386.550771,299.249,-9999.000000,25.914340,26.0,20.8768,HIGH,0.6,0.015,0.001
1774254386.6770298,299.375,-9999.000000,25.923071,26.0,20.3515,HIGH,0.6,0.015,0.001
1774254386.7948718,299.493,-9999.000000,25.924263,26.0,20.2993,HIGH,0.6,0.015,0.001
1774254386.8673632,299.565,-9999.000000,25.923071,26.0,20.3818,HIGH,0.6,0.015,0.001
1774254386.9508905,299.649,-9999.000000,25.923467,26.0,20.3655,HIGH,0.6,0.015,0.001
1774254387.0211046,299.719,-9999.000000,25.922276,26.0,20.4473,HIGH,0.6,0.015,0.001
1774254387.1162903,299.814,-9999.000000,25.924263,26.0,20.3352,HIGH,0.6,0.015,0.001
1774254387.2471342,299.945,-9999.000000,25.935374,26.0,19.6747,HIGH,0.6,0.015,0.001
1774254387.3692482,300.067,-9999.000000,25.932596,26.0,19.8646,HIGH,0.6,0.015,0.001
1774254387.4870436,300.185,-9999.000000,25.932200,26.0,19.8984,HIGH,0.6,0.015,0.001
1774254387.558911,300.257,-9999.000000,25.942124,26.0,19.2950,HIGH,0.6,0.015,0.001
1774254387.6401474,300.338,-9999.000000,25.940137,26.0,19.4378,HIGH,0.6,0.015,0.001
1774254387.717001,300.415,-9999.000000,25.943711,26.0,19.2227,HIGH,0.6,0.015,0.001
1774254387.812198,300.510,-9999.000000,25.950458,26.0,18.8226,HIGH,0.6,0.015,0.001
1774254387.9398675,300.638,-9999.000000,25.951649,26.0,18.7665,HIGH,0.6,0.015,0.001
1774254388.0587263,300.757,-9999.000000,25.954032,26.0,18.6306,HIGH,0.6,0.015,0.001
1774254388.1292725,300.827,-9999.000000,25.956811,26.0,18.4665,HIGH,0.6,0.015,0.001
1774254388.256187,300.954,-9999.000000,25.961178,26.0,18.2124,HIGH,0.6,0.015,0.001
1774254388.36777,301.066,-9999.000000,25.961178,26.0,18.2223,HIGH,0.6,0.015,0.001
1774254388.4568424,301.155,-9999.000000,25.960779,26.0,18.2520,HIGH,0.6,0.015,0.001
1774254388.5423207,301.240,-9999.000000,25.967530,26.0,17.8428,HIGH,0.6,0.015,0.001
1774254388.6213052,301.319,-9999.000000,25.967133,26.0,17.8788,HIGH,0.6,0.015,0.001
1774254388.7471182,301.445,-9999.000000,25.969913,26.0,17.7150,HIGH,0.6,0.015,0.001
1774254388.8733294,301.571,-9999.000000,25.974280,26.0,17.4566,HIGH,0.6,0.015,0.001
1774254388.9862318,301.684,-9999.000000,25.977057,26.0,17.2949,HIGH,0.6,0.015,0.001
1774254389.0477366,301.746,-9999.000000,25.979441,26.0,17.1523,HIGH,0.6,0.015,0.001
1774254389.1270483,301.825,-9999.000000,25.978249,26.0,17.2318,HIGH,0.6,0.015,0.001
1774254389.2576275,301.956,-9999.000000,25.984205,26.0,16.8715,HIGH,0.6,0.015,0.001
1774254389.3682642,302.066,-9999.000000,25.985000,26.0,16.8301,HIGH,0.6,0.015,0.001
1774254389.474955,302.173,-9999.000000,25.988972,26.0,16.5906,HIGH,0.6,0.015,0.001
1774254389.5385184,302.236,-9999.000000,25.986192,26.0,16.7668,HIGH,0.6,0.015,0.001
1774254389.6174188,302.315,-9999.000000,25.977853,26.0,17.2759,HIGH,0.6,0.015,0.001
1774254389.7291644,302.427,-9999.000000,25.988573,26.0,16.6145,HIGH,0.6,0.015,0.001
1774254389.8024735,302.500,-9999.000000,25.987780,26.0,16.6741,HIGH,0.6,0.015,0.001
1774254389.9189956,302.617,-9999.000000,25.989764,26.0,16.5540,HIGH,0.6,0.015,0.001
1774254390.0437286,302.742,-9999.000000,25.994529,26.0,16.2670,HIGH,0.6,0.015,0.001
1774254390.1081762,302.806,-9999.000000,25.999693,26.0,15.9530,HIGH,0.6,0.015,0.001
1774254390.171148,302.869,-9999.000000,25.988176,26.0,16.6715,HIGH,0.6,0.015,0.001
1774254390.2975197,302.995,-9999.000000,25.992941,26.0,16.3649,HIGH,0.6,0.015,0.001
1774254390.3732247,303.071,-9999.000000,25.990560,26.0,16.5157,HIGH,0.6,0.015,0.001
1774254390.4860353,303.184,-9999.000000,25.990956,26.0,16.4900,HIGH,0.6,0.015,0.001
1774254390.5511184,303.249,-9999.000000,25.994133,26.0,16.2954,HIGH,0.6,0.015,0.001
1774254390.6299238,303.328,-9999.000000,25.996913,26.0,16.1303,HIGH,0.6,0.015,0.001
1774254390.7402787,303.438,-9999.000000,25.995324,26.0,16.2314,HIGH,0.6,0.015,0.001
1774254390.8193538,303.517,-9999.000000,25.991353,26.0,16.4743,HIGH,0.6,0.015,0.001
1774254390.9420054,303.640,-9999.000000,25.995721,26.0,16.2044,HIGH,0.6,0.015,0.001
1774254391.010223,303.708,-9999.000000,25.999296,26.0,15.9883,HIGH,0.6,0.015,0.001
1774254391.1192114,303.817,-9999.000000,25.999296,26.0,15.9936,HIGH,0.6,0.015,0.001
1774254391.1971242,303.895,-9999.000000,26.002473,26.0,15.7987,HIGH,0.6,0.015,0.001
1774254391.3106997,304.009,-9999.000000,25.998897,26.0,16.0206,HIGH,0.6,0.015,0.001
1774254391.3717492,304.070,-9999.000000,25.994133,26.0,16.3117,HIGH,0.6,0.015,0.001
1774254391.4507785,304.149,-9999.000000,25.994133,26.0,16.3046,HIGH,0.6,0.015,0.001
1774254391.561281,304.259,-9999.000000,25.987780,26.0,16.6935,HIGH,0.6,0.015,0.001
1774254391.6284838,304.326,-9999.000000,25.962370,26.0,18.2540,HIGH,0.6,0.015,0.001
1774254391.7065945,304.404,-9999.000000,25.993736,26.0,16.2947,HIGH,0.6,0.015,0.001
1774254391.791375,304.489,-9999.000000,26.003266,26.0,15.7515,HIGH,0.6,0.015,0.001
1774254391.868255,304.566,-9999.000000,25.991749,26.0,16.4697,HIGH,0.6,0.015,0.001
1774254391.9462867,304.644,-9999.000000,25.996516,26.0,16.1629,HIGH,0.6,0.015,0.001
1774254392.0193684,304.717,-9999.000000,25.996117,26.0,16.1940,HIGH,0.6,0.015,0.001
1774254392.1378047,304.836,-9999.000000,26.010811,26.0,15.2975,HIGH,0.6,0.015,0.001
1774254392.1930196,304.891,-9999.000000,26.014783,26.0,15.0631,HIGH,0.6,0.015,0.001
1774254392.3180575,305.016,-9999.000000,25.998897,26.0,16.0364,HIGH,0.6,0.015,0.001
1774254392.3792045,305.077,-9999.000000,26.000089,26.0,15.9502,HIGH,0.6,0.015,0.001
1774254392.445355,305.143,-9999.000000,26.017564,26.0,14.8755,HIGH,0.6,0.015,0.001
1774254392.5235484,305.221,-9999.000000,26.000089,26.0,15.9728,HIGH,0.6,0.015,0.001
1774254392.6350353,305.333,-9999.000000,25.998105,26.0,16.0716,HIGH,0.6,0.015,0.001
1774254392.6988583,305.397,-9999.000000,26.000089,26.0,15.9476,HIGH,0.6,0.015,0.001
1774254392.7622015,305.460,-9999.000000,25.999693,26.0,15.9751,HIGH,0.6,0.015,0.001
1774254392.843915,305.542,-9999.000000,26.006442,26.0,15.5605,HIGH,0.6,0.015,0.001
1774254392.9524872,305.650,-9999.000000,26.005253,26.0,15.6403,HIGH,0.6,0.015,0.001
1774254393.0255818,305.723,-9999.000000,25.999693,26.0,15.9805,HIGH,0.6,0.015,0.001
1774254393.0949893,305.793,-9999.000000,26.009223,26.0,15.3864,HIGH,0.6,0.015,0.001
1774254393.2017043,305.900,-9999.000000,26.000485,26.0,15.9325,HIGH,0.6,0.015,0.001
1774254393.2664547,305.964,-9999.000000,26.000485,26.0,15.9243,HIGH,0.6,0.015,0.001
1774254393.3319829,306.030,-9999.000000,26.002074,26.0,15.8263,HIGH,0.6,0.015,0.001
1774254393.4130812,306.111,-9999.000000,26.007634,26.0,15.4873,HIGH,0.6,0.015,0.001
1774254393.508785,306.207,-9999.000000,25.999296,26.0,16.0033,HIGH,0.6,0.015,0.001
1774254393.5697236,306.268,-9999.000000,26.009622,26.0,15.3572,HIGH,0.6,0.015,0.001
1774254393.6519272,306.350,-9999.000000,26.013591,26.0,15.1295,HIGH,0.6,0.015,0.001
1774254393.7119403,306.410,-9999.000000,26.007634,26.0,15.5010,HIGH,0.6,0.015,0.001
1774254393.794123,306.492,-9999.000000,25.993340,26.0,16.3669,HIGH,0.6,0.015,0.001
1774254393.9001555,306.598,-9999.000000,26.002473,26.0,15.7926,HIGH,0.6,0.015,0.001
1774254393.9654725,306.663,-9999.000000,26.004854,26.0,15.6542,HIGH,0.6,0.015,0.001
1774254394.0383985,306.736,-9999.000000,26.003662,26.0,15.7306,HIGH,0.6,0.015,0.001
1774254394.105983,306.804,-9999.000000,26.006046,26.0,15.5818,HIGH,0.6,0.015,0.001
1774254394.2159,306.914,-9999.000000,26.003662,26.0,15.7299,HIGH,0.6,0.015,0.001
1774254394.2792497,306.977,-9999.000000,26.003662,26.0,15.7274,HIGH,0.6,0.015,0.001
1774254394.3497667,307.048,-9999.000000,25.999296,26.0,15.9956,HIGH,0.6,0.015,0.001
1774254394.4225526,307.120,-9999.000000,26.015579,26.0,14.9884,HIGH,0.6,0.015,0.001
1774254394.527037,307.225,-9999.000000,26.002869,26.0,15.7850,HIGH,0.6,0.015,0.001
1774254394.5902033,307.288,-9999.000000,25.998105,26.0,16.0665,HIGH,0.6,0.015,0.001
1774254394.6614642,307.359,-9999.000000,26.008031,26.0,15.4486,HIGH,0.6,0.015,0.001
1774254394.719887,307.418,-9999.000000,25.999296,26.0,16.0016,HIGH,0.6,0.015,0.001
1774254394.8370814,307.535,-9999.000000,25.993736,26.0,16.3261,HIGH,0.6,0.015,0.001
1774254394.90265,307.601,-9999.000000,25.998501,26.0,16.0283,HIGH,0.6,0.015,0.001
1774254394.9751222,307.673,-9999.000000,26.000089,26.0,15.9381,HIGH,0.6,0.015,0.001
1774254395.0489914,307.747,-9999.000000,25.996516,26.0,16.1599,HIGH,0.6,0.015,0.001
1774254395.1198823,307.818,-9999.000000,25.998501,26.0,16.0333,HIGH,0.6,0.015,0.001
1774254395.211081,307.909,-9999.000000,26.000089,26.0,15.9391,HIGH,0.6,0.015,0.001
1774254395.288227,307.986,-9999.000000,25.968325,26.0,17.8915,HIGH,0.6,0.015,0.001
1774254395.3590467,308.057,-9999.000000,26.003266,26.0,15.7042,HIGH,0.6,0.015,0.001
1774254395.4217532,308.120,-9999.000000,26.002473,26.0,15.8022,HIGH,0.6,0.015,0.001
1774254395.5266788,308.225,-9999.000000,25.994133,26.0,16.3102,HIGH,0.6,0.015,0.001
1774254395.5967972,308.295,-9999.000000,26.001281,26.0,15.8630,HIGH,0.6,0.015,0.001
1774254395.6707008,308.369,-9999.000000,26.005650,26.0,15.6045,HIGH,0.6,0.015,0.001
1774254395.736419,308.434,-9999.000000,26.000885,26.0,15.9035,HIGH,0.6,0.015,0.001
1774254395.8113933,308.509,-9999.000000,26.009622,26.0,15.3593,HIGH,0.6,0.015,0.001
1774254395.9206696,308.619,-9999.000000,25.994928,26.0,16.2669,HIGH,0.6,0.015,0.001
1774254395.9853125,308.683,-9999.000000,26.000485,26.0,15.9113,HIGH,0.6,0.015,0.001
1774254396.0543015,308.752,-9999.000000,25.998105,26.0,16.0664,HIGH,0.6,0.015,0.001
1774254396.1275136,308.825,-9999.000000,26.008826,26.0,15.4041,HIGH,0.6,0.015,0.001
1774254396.2383103,308.936,-9999.000000,25.998105,26.0,16.0720,HIGH,0.6,0.015,0.001
1774254396.3012707,308.999,-9999.000000,26.003662,26.0,15.7197,HIGH,0.6,0.015,0.001
1774254396.3738742,309.072,-9999.000000,25.997309,26.0,16.1187,HIGH,0.6,0.015,0.001
1774254396.4742029,309.172,-9999.000000,26.003662,26.0,15.7219,HIGH,0.6,0.015,0.001
1774254396.537531,309.235,-9999.000000,26.002869,26.0,15.7768,HIGH,0.6,0.015,0.001
1774254396.6142795,309.312,-9999.000000,26.002074,26.0,15.8241,HIGH,0.6,0.015,0.001
1774254396.723636,309.422,-9999.000000,26.002473,26.0,15.7983,HIGH,0.6,0.015,0.001
1774254396.7757397,309.474,-9999.000000,25.997309,26.0,16.1187,HIGH,0.6,0.015,0.001
1774254396.8575778,309.555,-9999.000000,25.983016,26.0,16.9859,HIGH,0.6,0.015,0.001
1774254396.9294617,309.627,-9999.000000,26.003662,26.0,15.7005,HIGH,0.6,0.015,0.001
1774254397.0376074,309.735,-9999.000000,26.002074,26.0,15.8257,HIGH,0.6,0.015,0.001
1774254397.1019788,309.800,-9999.000000,26.005650,26.0,15.6036,HIGH,0.6,0.015,0.001
1774254397.1715071,309.869,-9999.000000,25.985793,26.0,16.8306,HIGH,0.6,0.015,0.001
1774254397.2343621,309.932,-9999.000000,26.003662,26.0,15.7011,HIGH,0.6,0.015,0.001
1774254397.3139136,310.012,-9999.000000,26.002869,26.0,15.7777,HIGH,0.6,0.015,0.001
1774254397.421816,310.120,-9999.000000,25.998105,26.0,16.0673,HIGH,0.6,0.015,0.001
1774254397.487661,310.186,-9999.000000,25.996516,26.0,16.1610,HIGH,0.6,0.015,0.001
1774254397.5508146,310.249,-9999.000000,26.002074,26.0,15.8161,HIGH,0.6,0.015,0.001
1774254397.6298027,310.328,-9999.000000,26.003662,26.0,15.7272,HIGH,0.6,0.015,0.001
1774254397.7369204,310.435,-9999.000000,25.998105,26.0,16.0681,HIGH,0.6,0.015,0.001
1774254397.800383,310.498,-9999.000000,26.000485,26.0,15.9163,HIGH,0.6,0.015,0.001
1774254397.8672376,310.565,-9999.000000,25.996913,26.0,16.1401,HIGH,0.6,0.015,0.001
1774254397.9440048,310.642,-9999.000000,26.002473,26.0,15.7936,HIGH,0.6,0.015,0.001
1774254398.0390732,310.737,-9999.000000,25.994928,26.0,16.2622,HIGH,0.6,0.015,0.001
1774254398.1502209,310.848,-9999.000000,26.000485,26.0,15.9157,HIGH,0.6,0.015,0.001
1774254398.2139733,310.912,-9999.000000,26.000485,26.0,15.9207,HIGH,0.6,0.015,0.001
1774254398.2989185,310.997,-9999.000000,25.998897,26.0,16.0180,HIGH,0.6,0.015,0.001
1774254398.3570378,311.055,-9999.000000,26.009622,26.0,15.3533,HIGH,0.6,0.015,0.001
1774254398.484378,311.182,-9999.000000,25.991749,26.0,16.4598,HIGH,0.6,0.015,0.001
1774254398.5519853,311.250,-9999.000000,26.007238,26.0,15.4927,HIGH,0.6,0.015,0.001
1774254398.6109726,311.309,-9999.000000,25.986192,26.0,16.8153,HIGH,0.6,0.015,0.001
1774254398.6917346,311.390,-9999.000000,25.988176,26.0,16.6595,HIGH,0.6,0.015,0.001
1774254398.7952204,311.493,-9999.000000,25.986985,26.0,16.7367,HIGH,0.6,0.015,0.001
1774254398.8619003,311.560,-9999.000000,25.988972,26.0,16.6144,HIGH,0.6,0.015,0.001
1774254398.932412,311.630,-9999.000000,25.984205,26.0,16.9119,HIGH,0.6,0.015,0.001
1774254399.0362043,311.734,-9999.000000,25.977853,26.0,17.2958,HIGH,0.6,0.015,0.001
1774254399.1005902,311.798,-9999.000000,25.980632,26.0,17.1204,HIGH,0.6,0.015,0.001
1774254399.1782482,311.876,-9999.000000,25.974677,26.0,17.4927,HIGH,0.6,0.015,0.001
1774254399.2570593,311.955,-9999.000000,25.954428,26.0,18.7310,HIGH,0.6,0.015,0.001
1774254399.3520527,312.050,-9999.000000,25.974677,26.0,17.4727,HIGH,0.6,0.015,0.001
1774254399.4162781,312.114,-9999.000000,25.948474,26.0,19.1120,HIGH,0.6,0.015,0.001
1774254399.4951742,312.193,-9999.000000,25.970705,26.0,17.7126,HIGH,0.6,0.015,0.001
1774254399.5582922,312.256,-9999.000000,25.966338,26.0,18.0129,HIGH,0.6,0.015,0.001
1774254399.6392596,312.337,-9999.000000,25.963559,26.0,18.1806,HIGH,0.6,0.015,0.001
1774254399.7463415,312.444,-9999.000000,25.974677,26.0,17.5038,HIGH,0.6,0.015,0.001
1774254399.8090093,312.507,-9999.000000,25.958399,26.0,18.5207,HIGH,0.6,0.015,0.001
1774254399.8799021,312.578,-9999.000000,25.963958,26.0,18.1572,HIGH,0.6,0.015,0.001
1774254399.9473674,312.645,-9999.000000,25.963162,26.0,18.2177,HIGH,0.6,0.015,0.001
1774254400.0572388,312.755,-9999.000000,25.958003,26.0,18.5377,HIGH,0.6,0.015,0.001
1774254400.1172752,312.815,-9999.000000,25.954032,26.0,18.7820,HIGH,0.6,0.015,0.001
1774254400.1899598,312.888,-9999.000000,25.950458,26.0,19.0001,HIGH,0.6,0.015,0.001
1774254400.253556,312.951,-9999.000000,25.954824,26.0,18.7307,HIGH,0.6,0.015,0.001
1774254400.3330917,313.031,-9999.000000,25.950458,26.0,19.0109,HIGH,0.6,0.015,0.001
1774254400.4433439,313.141,-9999.000000,25.947282,26.0,19.2076,HIGH,0.6,0.015,0.001
1774254400.5061953,313.204,-9999.000000,25.941727,26.0,19.5523,HIGH,0.6,0.015,0.001
1774254400.5710866,313.269,-9999.000000,25.946886,26.0,19.2312,HIGH,0.6,0.015,0.001
1774254400.6473658,313.345,-9999.000000,25.944503,26.0,19.3916,HIGH,0.6,0.015,0.001
1774254400.7547603,313.453,-9999.000000,25.953636,26.0,18.8394,HIGH,0.6,0.015,0.001
1774254400.8176074,313.515,-9999.000000,25.935771,26.0,19.9544,HIGH,0.6,0.015,0.001
1774254400.8869627,313.585,-9999.000000,25.932995,26.0,20.1034,HIGH,0.6,0.015,0.001
1774254400.956393,313.654,-9999.000000,25.935374,26.0,19.9600,HIGH,0.6,0.015,0.001
1774254401.0270703,313.725,-9999.000000,25.936170,26.0,19.9213,HIGH,0.6,0.015,0.001
1774254401.1374812,313.835,-9999.000000,25.925451,26.0,20.5876,HIGH,0.6,0.015,0.001
1774254401.194402,313.892,-9999.000000,25.922675,26.0,20.7559,HIGH,0.6,0.015,0.001
1774254401.2642326,313.962,-9999.000000,25.920293,26.0,20.9058,HIGH,0.6,0.015,0.001
1774254401.3405828,314.038,-9999.000000,25.922276,26.0,20.7897,HIGH,0.6,0.015,0.001
1774254401.4070415,314.105,-9999.000000,25.921088,26.0,20.8732,HIGH,0.6,0.015,0.001
1774254401.519666,314.218,-9999.000000,25.919897,26.0,20.9575,HIGH,0.6,0.015,0.001
1774254401.5815873,314.279,-9999.000000,25.917118,26.0,21.1353,HIGH,0.6,0.015,0.001
1774254401.6510785,314.349,-9999.000000,25.910770,26.0,21.5302,HIGH,0.6,0.015,0.001
1774254401.7233799,314.421,-9999.000000,25.910371,26.0,21.5553,HIGH,0.6,0.015,0.001
1774254401.8292224,314.527,-9999.000000,25.911958,26.0,21.4720,HIGH,0.6,0.015,0.001
1774254401.8938599,314.592,-9999.000000,25.908387,26.0,21.7021,HIGH,0.6,0.015,0.001
1774254401.9626799,314.661,-9999.000000,25.908387,26.0,21.7060,HIGH,0.6,0.015,0.001
1774254402.071027,314.769,-9999.000000,25.901244,26.0,22.1573,HIGH,0.6,0.015,0.001
1774254402.1334376,314.831,-9999.000000,25.903227,26.0,22.0376,HIGH,0.6,0.015,0.001
1774254402.204023,314.902,-9999.000000,25.898070,26.0,22.3683,HIGH,0.6,0.015,0.001
1774254402.2637193,314.962,-9999.000000,25.900848,26.0,22.1985,HIGH,0.6,0.015,0.001
1774254402.3433018,315.041,-9999.000000,25.915132,26.0,21.3383,HIGH,0.6,0.015,0.001
1774254402.4384112,315.136,-9999.000000,25.889340,26.0,22.9467,HIGH,0.6,0.015,0.001
1774254402.510092,315.208,-9999.000000,25.899657,26.0,22.2969,HIGH,0.6,0.015,0.001
1774254402.5880392,315.286,-9999.000000,25.899261,26.0,22.3474,HIGH,0.6,0.015,0.001
1774254402.6451988,315.343,-9999.000000,25.898862,26.0,22.3802,HIGH,0.6,0.015,0.001
1774254402.7262428,315.424,-9999.000000,25.904814,26.0,22.0266,HIGH,0.6,0.015,0.001
1774254402.8319387,315.530,-9999.000000,25.906005,26.0,21.9762,HIGH,0.6,0.015,0.001
1774254402.895028,315.593,-9999.000000,25.908387,26.0,21.8393,HIGH,0.6,0.015,0.001
1774254402.96451,315.662,-9999.000000,25.919498,26.0,21.1689,HIGH,0.6,0.015,0.001
1774254403.0726206,315.771,-9999.000000,25.902831,26.0,22.2160,HIGH,0.6,0.015,0.001
1774254403.1345315,315.832,-9999.000000,25.913944,26.0,21.5239,HIGH,0.6,0.015,0.001
1774254403.20454,315.902,-9999.000000,25.907991,26.0,21.9172,HIGH,0.6,0.015,0.001
1774254403.2754672,315.973,-9999.000000,25.914340,26.0,21.5279,HIGH,0.6,0.015,0.001
1774254403.3720167,316.070,-9999.000000,25.917910,26.0,21.3308,HIGH,0.6,0.015,0.001
1774254403.4356573,316.134,-9999.000000,25.917514,26.0,21.3668,HIGH,0.6,0.015,0.001
1774254403.5165493,316.214,-9999.000000,25.917118,26.0,21.4005,HIGH,0.6,0.015,0.001
1774254403.585478,316.283,-9999.000000,25.922675,26.0,21.0665,HIGH,0.6,0.015,0.001
1774254403.6571693,316.355,-9999.000000,25.923467,26.0,21.0341,HIGH,0.6,0.015,0.001
1774254403.7682786,316.466,-9999.000000,25.930216,26.0,20.6359,HIGH,0.6,0.015,0.001
1774254403.8339589,316.532,-9999.000000,25.944503,26.0,19.7684,HIGH,0.6,0.015,0.001
1774254403.9058511,316.604,-9999.000000,25.924263,26.0,21.0410,HIGH,0.6,0.015,0.001
1774254403.978438,316.676,-9999.000000,25.936170,26.0,20.2889,HIGH,0.6,0.015,0.001
1774254404.0850132,316.783,-9999.000000,25.938153,26.0,20.1943,HIGH,0.6,0.015,0.001
1774254404.1964014,316.894,-9999.000000,25.946886,26.0,19.6733,HIGH,0.6,0.015,0.001
1774254404.260072,316.958,-9999.000000,25.917910,26.0,21.4730,HIGH,0.6,0.015,0.001
1774254404.3244174,317.022,-9999.000000,25.950458,26.0,19.4289,HIGH,0.6,0.015,0.001
1774254404.3877873,317.086,-9999.000000,25.917514,26.0,21.5159,HIGH,0.6,0.015,0.001
1774254404.4713414,317.169,-9999.000000,25.930216,26.0,20.6953,HIGH,0.6,0.015,0.001
1774254404.578795,317.277,-9999.000000,25.979044,26.0,17.7388,HIGH,0.6,0.015,0.001
1774254404.641663,317.340,-9999.000000,25.958003,26.0,19.0841,HIGH,0.6,0.015,0.001
1774254404.7112973,317.409,-9999.000000,25.961971,26.0,18.8109,HIGH,0.6,0.015,0.001
1774254404.767216,317.465,-9999.000000,25.966338,26.0,18.5495,HIGH,0.6,0.015,0.001
1774254404.8861814,317.584,-9999.000000,25.964750,26.0,18.6602,HIGH,0.6,0.015,0.001
1774254404.9490638,317.647,-9999.000000,25.969118,26.0,18.3928,HIGH,0.6,0.015,0.001
1774254405.0207806,317.719,-9999.000000,25.954824,26.0,19.2821,HIGH,0.6,0.015,0.001
1774254405.0902872,317.788,-9999.000000,25.967530,26.0,18.4850,HIGH,0.6,0.015,0.001
1774254405.1626782,317.861,-9999.000000,25.975868,26.0,17.9941,HIGH,0.6,0.015,0.001
1774254405.2694347,317.967,-9999.000000,25.972293,26.0,18.2279,HIGH,0.6,0.015,0.001
1774254405.3294427,318.027,-9999.000000,25.979837,26.0,17.7612,HIGH,0.6,0.015,0.001
1774254405.400619,318.099,-9999.000000,25.978249,26.0,17.8736,HIGH,0.6,0.015,0.001
1774254405.5084429,318.206,-9999.000000,25.985000,26.0,17.4624,HIGH,0.6,0.015,0.001
1774254405.5718093,318.270,-9999.000000,25.979044,26.0,17.8374,HIGH,0.6,0.015,0.001
1774254405.6390517,318.337,-9999.000000,25.983412,26.0,17.5611,HIGH,0.6,0.015,0.001
1774254405.7122126,318.410,-9999.000000,25.989764,26.0,17.1789,HIGH,0.6,0.015,0.001
1774254405.7797177,318.478,-9999.000000,25.989764,26.0,17.1886,HIGH,0.6,0.015,0.001
1774254405.892473,318.590,-9999.000000,25.987780,26.0,17.3115,HIGH,0.6,0.015,0.001
1774254405.95381,318.652,-9999.000000,25.992148,26.0,17.0413,HIGH,0.6,0.015,0.001
1774254406.026607,318.724,-9999.000000,25.993340,26.0,16.9760,HIGH,0.6,0.015,0.001
1774254406.0953565,318.793,-9999.000000,26.000089,26.0,16.5629,HIGH,0.6,0.015,0.001
1774254406.1992033,318.897,-9999.000000,26.000089,26.0,16.5727,HIGH,0.6,0.015,0.001
1774254406.259101,318.957,-9999.000000,26.002473,26.0,16.4254,HIGH,0.6,0.015,0.001
1774254406.3320293,319.030,-9999.000000,25.999296,26.0,16.6244,HIGH,0.6,0.015,0.001
1774254406.400059,319.098,-9999.000000,25.996913,26.0,16.7669,HIGH,0.6,0.015,0.001
1774254406.4725568,319.170,-9999.000000,26.001677,26.0,16.4708,HIGH,0.6,0.015,0.001
1774254406.5702379,319.268,-9999.000000,26.006842,26.0,16.1612,HIGH,0.6,0.015,0.001
1774254406.639743,319.338,-9999.000000,26.003266,26.0,16.3859,HIGH,0.6,0.015,0.001
1774254406.7116973,319.410,-9999.000000,26.007238,26.0,16.1361,HIGH,0.6,0.015,0.001
1774254406.7750125,319.473,-9999.000000,26.000885,26.0,16.5327,HIGH,0.6,0.015,0.001
1774254406.8598258,319.558,-9999.000000,26.008430,26.0,16.0600,HIGH,0.6,0.015,0.001
1774254406.9737546,319.672,-9999.000000,26.008031,26.0,16.0919,HIGH,0.6,0.015,0.001
1774254407.0271037,319.725,-9999.000000,25.985000,26.0,17.5177,HIGH,0.6,0.015,0.001
1774254407.112019,319.810,-9999.000000,26.001281,26.0,16.4783,HIGH,0.6,0.015,0.001
1774254407.2267687,319.925,-9999.000000,25.998105,26.0,16.6912,HIGH,0.6,0.015,0.001
1774254407.2889616,319.987,-9999.000000,25.995721,26.0,16.8357,HIGH,0.6,0.015,0.001
1774254407.3615668,320.059,-9999.000000,25.997309,26.0,16.7347,HIGH,0.6,0.015,0.001
1774254407.4688067,320.167,-9999.000000,25.992148,26.0,17.0526,HIGH,0.6,0.015,0.001
1774254407.5361412,320.234,-9999.000000,25.992544,26.0,17.0242,HIGH,0.6,0.015,0.001
1774254407.6117873,320.310,-9999.000000,25.990956,26.0,17.1232,HIGH,0.6,0.015,0.001
1774254407.726961,320.425,-9999.000000,25.990956,26.0,17.1226,HIGH,0.6,0.015,0.001
1774254407.7906866,320.489,-9999.000000,25.985000,26.0,17.4908,HIGH,0.6,0.015,0.001
1774254407.864734,320.563,-9999.000000,25.977456,26.0,17.9467,HIGH,0.6,0.015,0.001
1774254407.975441,320.673,-9999.000000,25.988972,26.0,17.2371,HIGH,0.6,0.015,0.001
1774254408.0814185,320.779,-9999.000000,25.989764,26.0,17.2008,HIGH,0.6,0.015,0.001
1774254408.1346004,320.832,-9999.000000,25.989368,26.0,17.2269,HIGH,0.6,0.015,0.001
1774254408.2135775,320.911,-9999.000000,25.987381,26.0,17.3494,HIGH,0.6,0.015,0.001
1774254408.292543,320.990,-9999.000000,25.984604,26.0,17.5188,HIGH,0.6,0.015,0.001
1774254408.4031844,321.101,-9999.000000,25.985396,26.0,17.4695,HIGH,0.6,0.015,0.001
1774254408.466813,321.165,-9999.000000,25.986192,26.0,17.4225,HIGH,0.6,0.015,0.001
1774254408.543878,321.242,-9999.000000,25.970705,26.0,18.3765,HIGH,0.6,0.015,0.001
1774254408.6401792,321.338,-9999.000000,25.985396,26.0,17.4618,HIGH,0.6,0.015,0.001
1774254408.719199,321.417,-9999.000000,26.006842,26.0,16.1624,HIGH,0.6,0.015,0.001
1774254408.7820933,321.480,-9999.000000,25.988972,26.0,17.2911,HIGH,0.6,0.015,0.001
1774254408.86322,321.561,-9999.000000,25.977853,26.0,17.9463,HIGH,0.6,0.015,0.001
1774254408.973802,321.672,-9999.000000,25.985396,26.0,17.4755,HIGH,0.6,0.015,0.001
1774254409.0771847,321.775,-9999.000000,25.975868,26.0,18.0670,HIGH,0.6,0.015,0.001
1774254409.1459837,321.844,-9999.000000,25.988176,26.0,17.3026,HIGH,0.6,0.015,0.001
1774254409.2173247,321.915,-9999.000000,25.972693,26.0,18.2742,HIGH,0.6,0.015,0.001
1774254409.2874885,321.985,-9999.000000,25.985793,26.0,17.4493,HIGH,0.6,0.015,0.001
1774254409.3664613,322.064,-9999.000000,25.976265,26.0,18.0545,HIGH,0.6,0.015,0.001
1774254409.4775565,322.175,-9999.000000,25.975469,26.0,18.0950,HIGH,0.6,0.015,0.001
1774254409.544998,322.243,-9999.000000,25.976265,26.0,18.0478,HIGH,0.6,0.015,0.001
1774254409.6201577,322.318,-9999.000000,25.996117,26.0,16.8318,HIGH,0.6,0.015,0.001
1774254409.738098,322.436,-9999.000000,25.975469,26.0,18.1190,HIGH,0.6,0.015,0.001
1774254409.8046534,322.503,-9999.000000,25.973089,26.0,18.2505,HIGH,0.6,0.015,0.001
1774254409.8726697,322.571,-9999.000000,25.984604,26.0,17.5407,HIGH,0.6,0.015,0.001
1774254409.9883113,322.686,-9999.000000,25.948474,26.0,19.7656,HIGH,0.6,0.015,0.001
1774254410.0534165,322.751,-9999.000000,25.974280,26.0,18.1488,HIGH,0.6,0.015,0.001
1774254410.118795,322.817,-9999.000000,25.976661,26.0,18.0443,HIGH,0.6,0.015,0.001
1774254410.2384696,322.936,-9999.000000,25.975469,26.0,18.1249,HIGH,0.6,0.015,0.001
1774254410.30151,322.999,-9999.000000,25.974280,26.0,18.1995,HIGH,0.6,0.015,0.001
1774254410.3649318,323.063,-9999.000000,25.983412,26.0,17.6369,HIGH,0.6,0.015,0.001
1774254410.4508326,323.149,-9999.000000,25.981824,26.0,17.7508,HIGH,0.6,0.015,0.001
1774254410.5603113,323.258,-9999.000000,25.986588,26.0,17.4609,HIGH,0.6,0.015,0.001
1774254410.6264124,323.324,-9999.000000,25.981425,26.0,17.7847,HIGH,0.6,0.015,0.001
1774254410.6981044,323.396,-9999.000000,25.985396,26.0,17.5346,HIGH,0.6,0.015,0.001
1774254410.8068469,323.505,-9999.000000,25.985793,26.0,17.5184,HIGH,0.6,0.015,0.001
1774254410.872766,323.571,-9999.000000,25.983412,26.0,17.6668,HIGH,0.6,0.015,0.001
1774254410.9467864,323.645,-9999.000000,25.994133,26.0,17.0061,HIGH,0.6,0.015,0.001
1774254411.0575502,323.755,-9999.000000,25.991353,26.0,17.1914,HIGH,0.6,0.015,0.001
1774254411.122526,323.820,-9999.000000,25.959591,26.0,19.1474,HIGH,0.6,0.015,0.001
1774254411.1973672,323.895,-9999.000000,26.000885,26.0,16.5656,HIGH,0.6,0.015,0.001
1774254411.2714636,323.969,-9999.000000,25.990560,26.0,17.2552,HIGH,0.6,0.015,0.001
1774254411.3815887,324.079,-9999.000000,25.998501,26.0,16.7579,HIGH,0.6,0.015,0.001
1774254411.4403834,324.138,-9999.000000,26.002473,26.0,16.5198,HIGH,0.6,0.015,0.001
1774254411.5211358,324.219,-9999.000000,25.995721,26.0,16.9406,HIGH,0.6,0.015,0.001
1774254411.6277957,324.326,-9999.000000,25.984604,26.0,17.6121,HIGH,0.6,0.015,0.001
1774254411.6949472,324.393,-9999.000000,25.985000,26.0,17.5788,HIGH,0.6,0.015,0.001
1774254411.770338,324.468,-9999.000000,26.000485,26.0,16.6297,HIGH,0.6,0.015,0.001
1774254411.8924172,324.590,-9999.000000,26.002473,26.0,16.5289,HIGH,0.6,0.015,0.001
1774254411.962945,324.661,-9999.000000,26.008430,26.0,16.1638,HIGH,0.6,0.015,0.001
1774254412.0726988,324.771,-9999.000000,26.004061,26.0,16.4377,HIGH,0.6,0.015,0.001
1774254412.1318097,324.830,-9999.000000,26.009622,26.0,16.0898,HIGH,0.6,0.015,0.001
1774254412.2482972,324.946,-9999.000000,26.015579,26.0,15.7339,HIGH,0.6,0.015,0.001
1774254412.3143053,325.012,-9999.000000,26.007634,26.0,16.2270,HIGH,0.6,0.015,0.001
1774254412.38554,325.083,-9999.000000,26.012399,26.0,15.9211,HIGH,0.6,0.015,0.001
1774254412.4967496,325.195,-9999.000000,26.014387,26.0,15.8043,HIGH,0.6,0.015,0.001
1774254412.5599508,325.258,-9999.000000,26.018357,26.0,15.5599,HIGH,0.6,0.015,0.001
1774254412.6358316,325.334,-9999.000000,26.015976,26.0,15.7104,HIGH,0.6,0.015,0.001
1774254412.7061343,325.404,-9999.000000,26.018756,26.0,15.5344,HIGH,0.6,0.015,0.001
1774254412.8170571,325.515,-9999.000000,26.016372,26.0,15.6809,HIGH,0.6,0.015,0.001
1774254412.8804324,325.578,-9999.000000,26.023918,26.0,15.2118,HIGH,0.6,0.015,0.001
1774254412.953425,325.651,-9999.000000,26.017564,26.0,15.6117,HIGH,0.6,0.015,0.001
1774254413.063434,325.761,-9999.000000,26.021137,26.0,15.3819,HIGH,0.6,0.015,0.001
1774254413.1299474,325.828,-9999.000000,26.023918,26.0,15.2117,HIGH,0.6,0.015,0.001
1774254413.2035828,325.901,-9999.000000,26.023522,26.0,15.2376,HIGH,0.6,0.015,0.001
1774254413.2776713,325.976,-9999.000000,26.018357,26.0,15.5519,HIGH,0.6,0.015,0.001
1774254413.380648,326.079,-9999.000000,26.022726,26.0,15.2750,HIGH,0.6,0.015,0.001
1774254413.451338,326.149,-9999.000000,26.025110,26.0,15.1302,HIGH,0.6,0.015,0.001
1774254413.524391,326.222,-9999.000000,26.027494,26.0,14.9842,HIGH,0.6,0.015,0.001
1774254413.6377656,326.336,-9999.000000,26.006442,26.0,16.2681,HIGH,0.6,0.015,0.001
1774254413.7006931,326.399,-9999.000000,26.039411,26.0,14.2153,HIGH,0.6,0.015,0.001
1774254413.7742562,326.472,-9999.000000,26.029479,26.0,14.8738,HIGH,0.6,0.015,0.001
1774254413.886364,326.584,-9999.000000,26.032657,26.0,14.6614,HIGH,0.6,0.015,0.001
1774254413.9511178,326.649,-9999.000000,26.037423,26.0,14.3672,HIGH,0.6,0.015,0.001
1774254414.02442,326.722,-9999.000000,26.033453,26.0,14.6145,HIGH,0.6,0.015,0.001
1774254414.0922,326.790,-9999.000000,26.039807,26.0,14.2144,HIGH,0.6,0.015,0.001
1774254414.211352,326.909,-9999.000000,26.056095,26.0,13.2228,HIGH,0.6,0.015,0.001
1774254414.277528,326.975,-9999.000000,26.038219,26.0,14.3323,HIGH,0.6,0.015,0.001
1774254414.3568275,327.055,-9999.000000,26.037423,26.0,14.3496,HIGH,0.6,0.015,0.001
1774254414.4587846,327.157,-9999.000000,26.039807,26.0,14.1971,HIGH,0.6,0.015,0.001
1774254414.520817,327.219,-9999.000000,26.039411,26.0,14.2202,HIGH,0.6,0.015,0.001
1774254414.6474972,327.345,-9999.000000,26.044574,26.0,13.8972,HIGH,0.6,0.015,0.001
1774254414.750168,327.448,-9999.000000,26.043781,26.0,13.9429,HIGH,0.6,0.015,0.001
1774254414.813916,327.512,-9999.000000,26.044970,26.0,13.8646,HIGH,0.6,0.015,0.001
1774254414.886636,327.585,-9999.000000,26.042588,26.0,14.0080,HIGH,0.6,0.015,0.001
1774254414.958962,327.657,-9999.000000,26.043381,26.0,13.9514,HIGH,0.6,0.015,0.001
1774254415.0290215,327.727,-9999.000000,26.048944,26.0,13.6056,HIGH,0.6,0.015,0.001
1774254415.1415186,327.839,-9999.000000,26.042192,26.0,14.0176,HIGH,0.6,0.015,0.001
1774254415.2067366,327.905,-9999.000000,26.039011,26.0,14.2035,HIGH,0.6,0.015,0.001
1774254415.2797341,327.978,-9999.000000,26.047355,26.0,13.6814,HIGH,0.6,0.015,0.001
1774254415.3914351,328.089,-9999.000000,26.046958,26.0,13.7091,HIGH,0.6,0.015,0.001
1774254415.4540966,328.152,-9999.000000,26.044177,26.0,13.8759,HIGH,0.6,0.015,0.001
1774254415.5274127,328.225,-9999.000000,26.044177,26.0,13.8666,HIGH,0.6,0.015,0.001
1774254415.595318,328.293,-9999.000000,26.046162,26.0,13.7398,HIGH,0.6,0.015,0.001
1774254415.7104309,328.408,-9999.000000,26.062451,26.0,12.7405,HIGH,0.6,0.015,0.001
1774254415.7756546,328.474,-9999.000000,26.048547,26.0,13.6055,HIGH,0.6,0.015,0.001
1774254415.8466914,328.545,-9999.000000,26.047355,26.0,13.6523,HIGH,0.6,0.015,0.001
1774254415.9587648,328.657,-9999.000000,26.045766,26.0,13.7397,HIGH,0.6,0.015,0.001
1774254416.0206196,328.719,-9999.000000,26.040603,26.0,14.0526,HIGH,0.6,0.015,0.001
1774254416.0958643,328.794,-9999.000000,26.044970,26.0,13.7714,HIGH,0.6,0.015,0.001
1774254416.2099612,328.908,-9999.000000,26.045369,26.0,13.7451,HIGH,0.6,0.015,0.001
1774254416.2754285,328.973,-9999.000000,26.054506,26.0,13.1779,HIGH,0.6,0.015,0.001
1774254416.349189,329.047,-9999.000000,26.049739,26.0,13.4789,HIGH,0.6,0.015,0.001
1774254416.418185,329.116,-9999.000000,26.050932,26.0,13.3938,HIGH,0.6,0.015,0.001
1774254416.532921,329.231,-9999.000000,26.048151,26.0,13.5566,HIGH,0.6,0.015,0.001
1774254416.5970106,329.295,-9999.000000,26.050136,26.0,13.4271,HIGH,0.6,0.015,0.001
1774254416.6688628,329.367,-9999.000000,26.042192,26.0,13.9134,HIGH,0.6,0.015,0.001
1774254416.7808123,329.479,-9999.000000,26.047355,26.0,13.5800,HIGH,0.6,0.015,0.001
1774254416.8459942,329.544,-9999.000000,26.047355,26.0,13.5800,HIGH,0.6,0.015,0.001
1774254416.9189374,329.617,-9999.000000,26.046562,26.0,13.6235,HIGH,0.6,0.015,0.001
1774254417.0290298,329.727,-9999.000000,26.046562,26.0,13.6148,HIGH,0.6,0.015,0.001
1774254417.091752,329.790,-9999.000000,26.043781,26.0,13.7819,HIGH,0.6,0.015,0.001
1774254417.1653137,329.863,-9999.000000,26.043781,26.0,13.7727,HIGH,0.6,0.015,0.001
1774254417.2340972,329.932,-9999.000000,26.039011,26.0,14.0617,HIGH,0.6,0.015,0.001
1774254417.3526487,330.051,-9999.000000,26.042588,26.0,13.8296,HIGH,0.6,0.015,0.001
1774254417.4146943,330.113,-9999.000000,26.042588,26.0,13.8287,HIGH,0.6,0.015,0.001
1774254417.4880612,330.186,-9999.000000,26.037423,26.0,14.1415,HIGH,0.6,0.015,0.001
1774254417.601135,330.299,-9999.000000,26.035834,26.0,14.2251,HIGH,0.6,0.015,0.001
1774254417.7065125,330.404,-9999.000000,26.035041,26.0,14.2665,HIGH,0.6,0.015,0.001
1774254417.771265,330.469,-9999.000000,26.035438,26.0,14.2379,HIGH,0.6,0.015,0.001
1774254417.8346598,330.533,-9999.000000,26.037822,26.0,14.0881,HIGH,0.6,0.015,0.001
1774254417.9220073,330.620,-9999.000000,26.035041,26.0,14.2573,HIGH,0.6,0.015,0.001
1774254418.0341055,330.732,-9999.000000,26.031864,26.0,14.4422,HIGH,0.6,0.015,0.001
1774254418.1009958,330.799,-9999.000000,26.031864,26.0,14.4362,HIGH,0.6,0.015,0.001
1774254418.2139325,330.912,-9999.000000,26.033053,26.0,14.3582,HIGH,0.6,0.015,0.001
1774254418.2790637,330.977,-9999.000000,26.030672,26.0,14.5028,HIGH,0.6,0.015,0.001
1774254418.3487678,331.047,-9999.000000,26.002869,26.0,16.2069,HIGH,0.6,0.015,0.001
1774254418.4244335,331.122,-9999.000000,26.026302,26.0,14.7270,HIGH,0.6,0.015,0.001
1774254418.5298805,331.228,-9999.000000,26.025906,26.0,14.7781,HIGH,0.6,0.015,0.001
1774254418.6013982,331.299,-9999.000000,26.014783,26.0,15.4590,HIGH,0.6,0.015,0.001
1774254418.6752517,331.373,-9999.000000,26.036233,26.0,14.1234,HIGH,0.6,0.015,0.001
1774254418.7825255,331.480,-9999.000000,26.016372,26.0,15.3600,HIGH,0.6,0.015,0.001
1774254418.8539786,331.552,-9999.000000,26.019152,26.0,15.1687,HIGH,0.6,0.015,0.001
1774254418.9292471,331.627,-9999.000000,26.027494,26.0,14.6579,HIGH,0.6,0.015,0.001
1774254419.03656,331.734,-9999.000000,26.019152,26.0,15.1742,HIGH,0.6,0.015,0.001
1774254419.112427,331.810,-9999.000000,26.021137,26.0,15.0423,HIGH,0.6,0.015,0.001
1774254419.2258046,331.924,-9999.000000,26.022329,26.0,14.9686,HIGH,0.6,0.015,0.001
1774254419.2914522,331.989,-9999.000000,26.006046,26.0,15.9708,HIGH,0.6,0.015,0.001
1774254419.3627188,332.061,-9999.000000,26.019152,26.0,15.1392,HIGH,0.6,0.015,0.001
1774254419.4352314,332.133,-9999.000000,26.017564,26.0,15.2532,HIGH,0.6,0.015,0.001
1774254419.5435967,332.241,-9999.000000,26.015579,26.0,15.3694,HIGH,0.6,0.015,0.001
1774254419.6038263,332.302,-9999.000000,26.009223,26.0,15.7587,HIGH,0.6,0.015,0.001
1774254419.6817408,332.380,-9999.000000,26.013988,26.0,15.4544,HIGH,0.6,0.015,0.001
1774254419.794762,332.493,-9999.000000,26.020741,26.0,15.0459,HIGH,0.6,0.015,0.001
1774254419.8590405,332.557,-9999.000000,26.004458,26.0,16.0538,HIGH,0.6,0.015,0.001
1774254419.9319272,332.630,-9999.000000,25.978249,26.0,17.6393,HIGH,0.6,0.015,0.001
1774254420.0031571,332.701,-9999.000000,26.000089,26.0,16.2622,HIGH,0.6,0.015,0.001
1774254420.110194,332.808,-9999.000000,25.999296,26.0,16.3413,HIGH,0.6,0.015,0.001
1774254420.1731107,332.871,-9999.000000,26.000885,26.0,16.2427,HIGH,0.6,0.015,0.001
1774254420.2521722,332.950,-9999.000000,25.995324,26.0,16.5864,HIGH,0.6,0.015,0.001
1774254420.3615246,333.059,-9999.000000,25.997705,26.0,16.4347,HIGH,0.6,0.015,0.001
1774254420.4252799,333.123,-9999.000000,25.990161,26.0,16.9023,HIGH,0.6,0.015,0.001
1774254420.4979124,333.196,-9999.000000,25.992941,26.0,16.7206,HIGH,0.6,0.015,0.001
1774254420.568817,333.267,-9999.000000,26.004854,26.0,15.9924,HIGH,0.6,0.015,0.001
1774254420.6422427,333.340,-9999.000000,25.986985,26.0,17.1071,HIGH,0.6,0.015,0.001
1774254420.714542,333.412,-9999.000000,25.994928,26.0,16.5957,HIGH,0.6,0.015,0.001
1774254420.7875876,333.485,-9999.000000,25.982617,26.0,17.3641,HIGH,0.6,0.015,0.001
1774254420.856509,333.554,-9999.000000,25.987780,26.0,17.0313,HIGH,0.6,0.015,0.001
1774254420.9334462,333.631,-9999.000000,25.985793,26.0,17.1622,HIGH,0.6,0.015,0.001
1774254421.0409453,333.739,-9999.000000,25.979441,26.0,17.5500,HIGH,0.6,0.015,0.001
1774254421.1069176,333.805,-9999.000000,25.979837,26.0,17.5217,HIGH,0.6,0.015,0.001
1774254421.1679194,333.866,-9999.000000,25.982220,26.0,17.3770,HIGH,0.6,0.015,0.001
1774254421.253235,333.951,-9999.000000,25.978648,26.0,17.6022,HIGH,0.6,0.015,0.001
1774254421.3637779,334.062,-9999.000000,25.987381,26.0,17.0682,HIGH,0.6,0.015,0.001
1774254421.4283059,334.126,-9999.000000,25.981425,26.0,17.4445,HIGH,0.6,0.015,0.001
1774254421.5020928,334.200,-9999.000000,25.978249,26.0,17.6325,HIGH,0.6,0.015,0.001
1774254421.6109786,334.309,-9999.000000,25.980632,26.0,17.4862,HIGH,0.6,0.015,0.001
1774254421.678137,334.376,-9999.000000,25.980632,26.0,17.4903,HIGH,0.6,0.015,0.001
1774254421.7513843,334.449,-9999.000000,25.953237,26.0,19.1766,HIGH,0.6,0.015,0.001
1774254421.8486602,334.547,-9999.000000,25.980236,26.0,17.4944,HIGH,0.6,0.015,0.001
1774254421.9273767,334.625,-9999.000000,25.977853,26.0,17.6708,HIGH,0.6,0.015,0.001
1774254422.037408,334.735,-9999.000000,25.971102,26.0,18.0837,HIGH,0.6,0.015,0.001
1774254422.1018884,334.800,-9999.000000,25.979441,26.0,17.5663,HIGH,0.6,0.015,0.001
1774254422.1767585,334.875,-9999.000000,25.977456,26.0,17.7035,HIGH,0.6,0.015,0.001
1774254422.2499993,334.948,-9999.000000,25.979044,26.0,17.6057,HIGH,0.6,0.015,0.001
1774254422.3627033,335.061,-9999.000000,25.979837,26.0,17.5630,HIGH,0.6,0.015,0.001
1774254422.425318,335.123,-9999.000000,25.979044,26.0,17.6145,HIGH,0.6,0.015,0.001
1774254422.4984305,335.196,-9999.000000,25.992941,26.0,16.7612,HIGH,0.6,0.015,0.001
1774254422.6090858,335.307,-9999.000000,25.995721,26.0,16.6116,HIGH,0.6,0.015,0.001
1774254422.6743946,335.372,-9999.000000,25.979837,26.0,17.5935,HIGH,0.6,0.015,0.001
1774254422.7455518,335.443,-9999.000000,25.981425,26.0,17.4736,HIGH,0.6,0.015,0.001
1774254422.8183315,335.516,-9999.000000,25.979044,26.0,17.6242,HIGH,0.6,0.015,0.001
1774254422.9260314,335.624,-9999.000000,25.983412,26.0,17.3575,HIGH,0.6,0.015,0.001
1774254422.986564,335.684,-9999.000000,25.983808,26.0,17.3386,HIGH,0.6,0.015,0.001
1774254423.0656195,335.764,-9999.000000,25.985000,26.0,17.2680,HIGH,0.6,0.015,0.001
1774254423.1741886,335.872,-9999.000000,25.973485,26.0,17.9754,HIGH,0.6,0.015,0.001
1774254423.2392287,335.937,-9999.000000,25.979837,26.0,17.5759,HIGH,0.6,0.015,0.001
1774254423.3123548,336.010,-9999.000000,25.985396,26.0,17.2460,HIGH,0.6,0.015,0.001
1774254423.3831315,336.081,-9999.000000,25.985396,26.0,17.2552,HIGH,0.6,0.015,0.001
1774254423.4939153,336.192,-9999.000000,26.000885,26.0,16.3118,HIGH,0.6,0.015,0.001
1774254423.590134,336.288,-9999.000000,25.986192,26.0,17.2246,HIGH,0.6,0.015,0.001
1774254423.6646564,336.363,-9999.000000,25.996516,26.0,16.5764,HIGH,0.6,0.015,0.001
1774254423.735872,336.434,-9999.000000,25.982220,26.0,17.4700,HIGH,0.6,0.015,0.001
1774254423.8094962,336.507,-9999.000000,25.981029,26.0,17.5251,HIGH,0.6,0.015,0.001
1774254423.9188845,336.617,-9999.000000,25.986192,26.0,17.2112,HIGH,0.6,0.015,0.001
1774254423.984183,336.682,-9999.000000,25.992148,26.0,16.8502,HIGH,0.6,0.015,0.001
1774254424.055303,336.753,-9999.000000,25.984205,26.0,17.3488,HIGH,0.6,0.015,0.001
1774254424.1269736,336.825,-9999.000000,25.986985,26.0,17.1684,HIGH,0.6,0.015,0.001
1774254424.2351825,336.933,-9999.000000,25.997309,26.0,16.5437,HIGH,0.6,0.015,0.001
1774254424.3025956,337.000,-9999.000000,25.986985,26.0,17.1893,HIGH,0.6,0.015,0.001
1774254424.3729875,337.071,-9999.000000,25.995324,26.0,16.6623,HIGH,0.6,0.015,0.001
1774254424.445856,337.144,-9999.000000,25.985000,26.0,17.3094,HIGH,0.6,0.015,0.001
1774254424.555969,337.254,-9999.000000,25.982220,26.0,17.4675,HIGH,0.6,0.015,0.001
1774254424.6192245,337.317,-9999.000000,25.983412,26.0,17.3931,HIGH,0.6,0.015,0.001
1774254424.7301548,337.428,-9999.000000,25.988573,26.0,17.0826,HIGH,0.6,0.015,0.001
1774254424.7966073,337.494,-9999.000000,25.987381,26.0,17.1618,HIGH,0.6,0.015,0.001
1774254424.8676944,337.566,-9999.000000,25.967530,26.0,18.3825,HIGH,0.6,0.015,0.001
1774254424.978995,337.677,-9999.000000,25.985396,26.0,17.2689,HIGH,0.6,0.015,0.001
1774254425.0425887,337.740,-9999.000000,25.975073,26.0,17.9230,HIGH,0.6,0.015,0.001
1774254425.1144645,337.812,-9999.000000,25.982617,26.0,17.4455,HIGH,0.6,0.015,0.001
1774254425.1848009,337.883,-9999.000000,25.978648,26.0,17.7020,HIGH,0.6,0.015,0.001
1774254425.2980423,337.996,-9999.000000,25.988972,26.0,17.0697,HIGH,0.6,0.015,0.001
1774254425.361277,338.059,-9999.000000,25.985793,26.0,17.2760,HIGH,0.6,0.015,0.001
1774254425.4289308,338.127,-9999.000000,25.984205,26.0,17.3702,HIGH,0.6,0.015,0.001
1774254425.5057707,338.204,-9999.000000,25.981824,26.0,17.5159,HIGH,0.6,0.015,0.001
1774254425.6119208,338.310,-9999.000000,25.985396,26.0,17.2974,HIGH,0.6,0.015,0.001
1774254425.6777575,338.376,-9999.000000,25.983412,26.0,17.4245,HIGH,0.6,0.015,0.001
1774254425.7387767,338.437,-9999.000000,25.984205,26.0,17.3740,HIGH,0.6,0.015,0.001
1774254425.8657067,338.564,-9999.000000,25.985793,26.0,17.2815,HIGH,0.6,0.015,0.001
1774254425.929407,338.627,-9999.000000,25.975868,26.0,17.8961,HIGH,0.6,0.015,0.001
1774254426.0004869,338.698,-9999.000000,25.985000,26.0,17.3214,HIGH,0.6,0.015,0.001
1774254426.0717392,338.770,-9999.000000,25.977456,26.0,17.7998,HIGH,0.6,0.015,0.001
1774254426.1820562,338.880,-9999.000000,25.997705,26.0,16.5563,HIGH,0.6,0.015,0.001
1774254426.245396,338.943,-9999.000000,25.985793,26.0,17.3096,HIGH,0.6,0.015,0.001
1774254426.3181403,339.016,-9999.000000,25.980236,26.0,17.6340,HIGH,0.6,0.015,0.001
1774254426.3868148,339.085,-9999.000000,25.981425,26.0,17.5552,HIGH,0.6,0.015,0.001
1774254426.5028334,339.201,-9999.000000,25.989368,26.0,17.0753,HIGH,0.6,0.015,0.001
1774254426.5666268,339.265,-9999.000000,25.988573,26.0,17.1323,HIGH,0.6,0.015,0.001
1774254426.6363811,339.334,-9999.000000,25.980632,26.0,17.6208,HIGH,0.6,0.015,0.001
1774254426.7509725,339.449,-9999.000000,25.986985,26.0,17.2250,HIGH,0.6,0.015,0.001
1774254426.8148184,339.513,-9999.000000,25.988176,26.0,17.1583,HIGH,0.6,0.015,0.001
1774254426.878101,339.576,-9999.000000,25.985793,26.0,17.3083,HIGH,0.6,0.015,0.001
1774254426.9565313,339.654,-9999.000000,25.985396,26.0,17.3306,HIGH,0.6,0.015,0.001
1774254427.0672467,339.765,-9999.000000,26.000885,26.0,16.3866,HIGH,0.6,0.015,0.001
1774254427.1313193,339.829,-9999.000000,25.990956,26.0,17.0127,HIGH,0.6,0.015,0.001
1774254427.194733,339.893,-9999.000000,25.985000,26.0,17.3654,HIGH,0.6,0.015,0.001
1774254427.2745717,339.972,-9999.000000,25.983412,26.0,17.4552,HIGH,0.6,0.015,0.001
1774254427.3846152,340.082,-9999.000000,25.986985,26.0,17.2378,HIGH,0.6,0.015,0.001
1774254427.4492795,340.147,-9999.000000,25.989368,26.0,17.0954,HIGH,0.6,0.015,0.001
1774254427.5128562,340.211,-9999.000000,25.977456,26.0,17.8347,HIGH,0.6,0.015,0.001
1774254427.5923657,340.290,-9999.000000,25.954824,26.0,19.2077,HIGH,0.6,0.015,0.001
1774254427.703215,340.401,-9999.000000,25.989368,26.0,17.0772,HIGH,0.6,0.015,0.001
1774254427.767126,340.465,-9999.000000,25.993736,26.0,16.8400,HIGH,0.6,0.015,0.001
1774254427.8320372,340.530,-9999.000000,25.975868,26.0,17.9488,HIGH,0.6,0.015,0.001
1774254427.9093032,340.607,-9999.000000,25.977456,26.0,17.8266,HIGH,0.6,0.015,0.001
1774254428.0208402,340.719,-9999.000000,25.975073,26.0,17.9780,HIGH,0.6,0.015,0.001
1774254428.0844572,340.782,-9999.000000,25.980236,26.0,17.6598,HIGH,0.6,0.015,0.001
1774254428.1478493,340.846,-9999.000000,25.975469,26.0,17.9638,HIGH,0.6,0.015,0.001
1774254428.2682865,340.966,-9999.000000,25.966734,26.0,18.4936,HIGH,0.6,0.015,0.001
1774254428.3324966,341.030,-9999.000000,25.983808,26.0,17.4369,HIGH,0.6,0.015,0.001
1774254428.4041734,341.102,-9999.000000,25.976661,26.0,17.9048,HIGH,0.6,0.015,0.001
1774254428.5169587,341.215,-9999.000000,25.981425,26.0,17.6079,HIGH,0.6,0.015,0.001
1774254428.5733242,341.271,-9999.000000,25.978648,26.0,17.7855,HIGH,0.6,0.015,0.001
1774254428.6520803,341.350,-9999.000000,25.989368,26.0,17.1250,HIGH,0.6,0.015,0.001
1774254428.7625537,341.460,-9999.000000,25.972693,26.0,18.1588,HIGH,0.6,0.015,0.001
1774254428.825195,341.523,-9999.000000,25.970705,26.0,18.2688,HIGH,0.6,0.015,0.001
1774254428.8995914,341.597,-9999.000000,25.970309,26.0,18.2933,HIGH,0.6,0.015,0.001
1774254428.968086,341.666,-9999.000000,25.969118,26.0,18.3691,HIGH,0.6,0.015,0.001
1774254429.084992,341.783,-9999.000000,25.968721,26.0,18.3970,HIGH,0.6,0.015,0.001
1774254429.1427524,341.841,-9999.000000,25.969514,26.0,18.3504,HIGH,0.6,0.015,0.001
1774254429.2220874,341.920,-9999.000000,25.962766,26.0,18.7696,HIGH,0.6,0.015,0.001
1774254429.3337164,342.032,-9999.000000,25.965546,26.0,18.5976,HIGH,0.6,0.015,0.001
1774254429.3959107,342.094,-9999.000000,25.969118,26.0,18.3829,HIGH,0.6,0.015,0.001
1774254429.4692786,342.167,-9999.000000,25.966338,26.0,18.5629,HIGH,0.6,0.015,0.001
1774254429.5398293,342.238,-9999.000000,25.961971,26.0,18.8313,HIGH,0.6,0.015,0.001
1774254429.6501336,342.348,-9999.000000,25.981824,26.0,17.6190,HIGH,0.6,0.015,0.001
1774254429.7131934,342.411,-9999.000000,25.975073,26.0,18.0551,HIGH,0.6,0.015,0.001
1774254429.7829385,342.481,-9999.000000,25.965942,26.0,18.6089,HIGH,0.6,0.015,0.001
1774254429.855762,342.554,-9999.000000,25.965546,26.0,18.6239,HIGH,0.6,0.015,0.001
1774254429.9661207,342.664,-9999.000000,25.970705,26.0,18.3139,HIGH,0.6,0.015,0.001
1774254430.0341806,342.732,-9999.000000,25.974677,26.0,18.0771,HIGH,0.6,0.015,0.001
1774254430.1090121,342.807,-9999.000000,25.973485,26.0,18.1590,HIGH,0.6,0.015,0.001
1774254430.2211192,342.919,-9999.000000,25.993340,26.0,16.9495,HIGH,0.6,0.015,0.001
1774254430.280872,342.979,-9999.000000,25.977456,26.0,17.9488,HIGH,0.6,0.015,0.001
1774254430.3574593,343.055,-9999.000000,25.970309,26.0,18.3638,HIGH,0.6,0.015,0.001
1774254430.4694364,343.167,-9999.000000,25.979441,26.0,17.8019,HIGH,0.6,0.015,0.001
1774254430.53324,343.231,-9999.000000,25.985396,26.0,17.4448,HIGH,0.6,0.015,0.001
1774254430.6053996,343.303,-9999.000000,25.977853,26.0,17.9196,HIGH,0.6,0.015,0.001
1774254430.6768837,343.375,-9999.000000,25.974280,26.0,18.1312,HIGH,0.6,0.015,0.001
1774254430.7888966,343.487,-9999.000000,25.982220,26.0,17.6457,HIGH,0.6,0.015,0.001
1774254430.8524384,343.550,-9999.000000,25.998501,26.0,16.6505,HIGH,0.6,0.015,0.001
1774254430.9236598,343.622,-9999.000000,25.982617,26.0,17.6534,HIGH,0.6,0.015,0.001
1774254431.0353198,343.733,-9999.000000,25.989368,26.0,17.2217,HIGH,0.6,0.015,0.001
1774254431.098999,343.797,-9999.000000,25.989764,26.0,17.2043,HIGH,0.6,0.015,0.001
1774254431.172682,343.871,-9999.000000,25.986192,26.0,17.4257,HIGH,0.6,0.015,0.001
1774254431.2857518,343.984,-9999.000000,25.994133,26.0,16.9383,HIGH,0.6,0.015,0.001
1774254431.3874278,344.085,-9999.000000,25.990956,26.0,17.1404,HIGH,0.6,0.015,0.001
1774254431.4519465,344.150,-9999.000000,25.992148,26.0,17.0647,HIGH,0.6,0.015,0.001
1774254431.5262263,344.224,-9999.000000,26.000089,26.0,16.5794,HIGH,0.6,0.015,0.001
1774254431.5991669,344.297,-9999.000000,25.998897,26.0,16.6634,HIGH,0.6,0.015,0.001
1774254431.666177,344.364,-9999.000000,25.990161,26.0,17.2000,HIGH,0.6,0.015,0.001
1774254431.7763813,344.474,-9999.000000,25.999296,26.0,16.6306,HIGH,0.6,0.015,0.001
1774254431.8400981,344.538,-9999.000000,25.987780,26.0,17.3491,HIGH,0.6,0.015,0.001
1774254431.9190056,344.617,-9999.000000,26.000089,26.0,16.5769,HIGH,0.6,0.015,0.001
1774254432.0290833,344.727,-9999.000000,26.000089,26.0,16.5925,HIGH,0.6,0.015,0.001
1774254432.0920925,344.790,-9999.000000,25.999296,26.0,16.6414,HIGH,0.6,0.015,0.001
1774254432.1552773,344.853,-9999.000000,26.003662,26.0,16.3709,HIGH,0.6,0.015,0.001
1774254432.2367,344.935,-9999.000000,26.004458,26.0,16.3286,HIGH,0.6,0.015,0.001
1774254432.344235,345.042,-9999.000000,26.003662,26.0,16.3774,HIGH,0.6,0.015,0.001
1774254432.407772,345.106,-9999.000000,26.000089,26.0,16.5967,HIGH,0.6,0.015,0.001
1774254432.481403,345.179,-9999.000000,26.007634,26.0,16.1273,HIGH,0.6,0.015,0.001
1774254432.5540352,345.252,-9999.000000,26.006842,26.0,16.1854,HIGH,0.6,0.015,0.001
1774254432.6610818,345.359,-9999.000000,26.005253,26.0,16.2803,HIGH,0.6,0.015,0.001
1774254432.7371466,345.435,-9999.000000,26.007238,26.0,16.1563,HIGH,0.6,0.015,0.001
1774254432.8490515,345.547,-9999.000000,26.011210,26.0,15.9151,HIGH,0.6,0.015,0.001
1774254432.9139056,345.612,-9999.000000,26.010018,26.0,15.9910,HIGH,0.6,0.015,0.001
1774254432.9866755,345.685,-9999.000000,26.012799,26.0,15.8171,HIGH,0.6,0.015,0.001
1774254433.0575333,345.755,-9999.000000,26.004854,26.0,16.3083,HIGH,0.6,0.015,0.001
1774254433.167155,345.865,-9999.000000,26.014783,26.0,15.6899,HIGH,0.6,0.015,0.001
1774254433.2322955,345.930,-9999.000000,26.012399,26.0,15.8444,HIGH,0.6,0.015,0.001
1774254433.3063116,346.004,-9999.000000,26.012399,26.0,15.8394,HIGH,0.6,0.015,0.001
1774254433.416647,346.115,-9999.000000,26.011210,26.0,15.9100,HIGH,0.6,0.015,0.001
1774254433.480124,346.178,-9999.000000,26.031464,26.0,14.6587,HIGH,0.6,0.015,0.001
1774254433.5536437,346.252,-9999.000000,26.013988,26.0,15.7615,HIGH,0.6,0.015,0.001
1774254433.6260467,346.324,-9999.000000,26.012003,26.0,15.8582,HIGH,0.6,0.015,0.001
1774254433.7343006,346.432,-9999.000000,26.029083,26.0,14.8102,HIGH,0.6,0.015,0.001
1774254433.7975762,346.495,-9999.000000,26.029876,26.0,14.7743,HIGH,0.6,0.015,0.001
1774254433.873052,346.571,-9999.000000,26.015976,26.0,15.6262,HIGH,0.6,0.015,0.001
1774254433.9682012,346.666,-9999.000000,26.021137,26.0,15.2896,HIGH,0.6,0.015,0.001
1774254434.0473163,346.745,-9999.000000,26.019948,26.0,15.3655,HIGH,0.6,0.015,0.001
1774254434.1101866,346.808,-9999.000000,26.022726,26.0,15.1908,HIGH,0.6,0.015,0.001
1774254434.1913602,346.889,-9999.000000,26.015180,26.0,15.6554,HIGH,0.6,0.015,0.001
1774254434.3007488,346.999,-9999.000000,26.020345,26.0,15.3282,HIGH,0.6,0.015,0.001
1774254434.3641694,347.062,-9999.000000,26.025507,26.0,15.0126,HIGH,0.6,0.015,0.001
1774254434.4397974,347.138,-9999.000000,26.018756,26.0,15.4326,HIGH,0.6,0.015,0.001
1774254434.5530522,347.251,-9999.000000,26.025110,26.0,15.0325,HIGH,0.6,0.015,0.001
1774254434.6168053,347.315,-9999.000000,26.026302,26.0,14.9622,HIGH,0.6,0.015,0.001
1774254434.6801274,347.378,-9999.000000,26.023522,26.0,15.1331,HIGH,0.6,0.015,0.001
1774254434.7593348,347.457,-9999.000000,26.021137,26.0,15.2723,HIGH,0.6,0.015,0.001
1774254434.8700485,347.568,-9999.000000,26.021137,26.0,15.2657,HIGH,0.6,0.015,0.001
1774254434.9334307,347.631,-9999.000000,26.021933,26.0,15.2147,HIGH,0.6,0.015,0.001
1774254435.0097835,347.708,-9999.000000,26.019152,26.0,15.3842,HIGH,0.6,0.015,0.001
1774254435.1226723,347.821,-9999.000000,26.017960,26.0,15.4501,HIGH,0.6,0.015,0.001
1774254435.1859984,347.884,-9999.000000,26.021137,26.0,15.2514,HIGH,0.6,0.015,0.001
1774254435.2496116,347.947,-9999.000000,26.019549,26.0,15.3524,HIGH,0.6,0.015,0.001
1774254435.3285265,348.026,-9999.000000,26.021137,26.0,15.2500,HIGH,0.6,0.015,0.001
1774254435.4414868,348.139,-9999.000000,26.014387,26.0,15.6606,HIGH,0.6,0.015,0.001
1774254435.504722,348.203,-9999.000000,26.015976,26.0,15.5553,HIGH,0.6,0.015,0.001
1774254435.5731153,348.271,-9999.000000,26.016372,26.0,15.5318,HIGH,0.6,0.015,0.001
1774254435.6504657,348.348,-9999.000000,26.023522,26.0,15.0914,HIGH,0.6,0.015,0.001
1774254435.7569373,348.455,-9999.000000,26.011607,26.0,15.8249,HIGH,0.6,0.015,0.001
1774254435.825279,348.523,-9999.000000,26.011210,26.0,15.8369,HIGH,0.6,0.015,0.001
1774254435.9004326,348.598,-9999.000000,26.025906,26.0,14.9321,HIGH,0.6,0.015,0.001
1774254436.009265,348.707,-9999.000000,26.010018,26.0,15.9179,HIGH,0.6,0.015,0.001
1774254436.0722735,348.770,-9999.000000,26.006046,26.0,16.1473,HIGH,0.6,0.015,0.001
1774254436.1446695,348.843,-9999.000000,26.008430,26.0,15.9938,HIGH,0.6,0.015,0.001
1774254436.2169933,348.915,-9999.000000,26.013195,26.0,15.7032,HIGH,0.6,0.015,0.001
1774254436.3283422,349.026,-9999.000000,26.006046,26.0,16.1441,HIGH,0.6,0.015,0.001
1774254436.3917592,349.090,-9999.000000,26.004458,26.0,16.2351,HIGH,0.6,0.015,0.001
1774254436.4541545,349.152,-9999.000000,26.006046,26.0,16.1341,HIGH,0.6,0.015,0.001
1774254436.5356176,349.233,-9999.000000,26.005253,26.0,16.1846,HIGH,0.6,0.015,0.001
1774254436.6440039,349.342,-9999.000000,26.000885,26.0,16.4496,HIGH,0.6,0.015,0.001
1774254436.7066648,349.405,-9999.000000,25.997309,26.0,16.6661,HIGH,0.6,0.015,0.001
1774254436.7774127,349.475,-9999.000000,26.000089,26.0,16.4896,HIGH,0.6,0.015,0.001
1774254436.8487604,349.547,-9999.000000,26.008031,26.0,16.0051,HIGH,0.6,0.015,0.001
1774254436.94405,349.642,-9999.000000,25.998105,26.0,16.6225,HIGH,0.6,0.015,0.001
1774254437.0198922,349.718,-9999.000000,26.004061,26.0,16.2463,HIGH,0.6,0.015,0.001
1774254437.085712,349.784,-9999.000000,25.998105,26.0,16.6208,HIGH,0.6,0.015,0.001
1774254437.208225,349.906,-9999.000000,25.997705,26.0,16.6365,HIGH,0.6,0.015,0.001
1774254437.3113985,350.009,-9999.000000,25.992941,26.0,16.9277,HIGH,0.6,0.015,0.001
1774254437.3740706,350.072,-9999.000000,25.996913,26.0,16.6787,HIGH,0.6,0.015,0.001
1774254437.4430444,350.141,-9999.000000,25.996913,26.0,16.6854,HIGH,0.6,0.015,0.001
1774254437.513658,350.212,-9999.000000,25.995324,26.0,16.7834,HIGH,0.6,0.015,0.001
1774254437.5822883,350.280,-9999.000000,26.001281,26.0,16.4150,HIGH,0.6,0.015,0.001
1774254437.6560428,350.354,-9999.000000,25.995324,26.0,16.7897,HIGH,0.6,0.015,0.001
1774254437.764792,350.463,-9999.000000,25.996913,26.0,16.6853,HIGH,0.6,0.015,0.001
1774254437.829397,350.527,-9999.000000,25.984604,26.0,17.4459,HIGH,0.6,0.015,0.001
1774254437.891246,350.589,-9999.000000,25.994133,26.0,16.8402,HIGH,0.6,0.015,0.001
1774254437.970066,350.668,-9999.000000,25.990560,26.0,17.0756,HIGH,0.6,0.015,0.001
1774254438.0772607,350.775,-9999.000000,25.985396,26.0,17.3881,HIGH,0.6,0.015,0.001
1774254438.1414685,350.839,-9999.000000,25.977853,26.0,17.8498,HIGH,0.6,0.015,0.001
1774254438.2072666,350.905,-9999.000000,25.985793,26.0,17.3510,HIGH,0.6,0.015,0.001
1774254438.2827933,350.981,-9999.000000,25.985396,26.0,17.3890,HIGH,0.6,0.015,0.001
1774254438.3816478,351.080,-9999.000000,25.986192,26.0,17.3420,HIGH,0.6,0.015,0.001
1774254438.4509044,351.149,-9999.000000,25.981824,26.0,17.6130,HIGH,0.6,0.015,0.001
1774254438.5082426,351.206,-9999.000000,25.973089,26.0,18.1484,HIGH,0.6,0.015,0.001
1774254438.6196125,351.317,-9999.000000,25.971102,26.0,18.2590,HIGH,0.6,0.015,0.001
1774254438.6826382,351.381,-9999.000000,25.967926,26.0,18.4558,HIGH,0.6,0.015,0.001
1774254438.7620316,351.460,-9999.000000,25.967926,26.0,18.4546,HIGH,0.6,0.015,0.001
1774254438.8254693,351.523,-9999.000000,25.973485,26.0,18.1148,HIGH,0.6,0.015,0.001
1774254438.9043863,351.602,-9999.000000,25.969913,26.0,18.3460,HIGH,0.6,0.015,0.001
1774254438.9978247,351.696,-9999.000000,25.963162,26.0,18.7589,HIGH,0.6,0.015,0.001
1774254439.0702605,351.768,-9999.000000,25.965546,26.0,18.6091,HIGH,0.6,0.015,0.001
1774254439.14212,351.840,-9999.000000,25.956412,26.0,19.1778,HIGH,0.6,0.015,0.001
1774254439.2049396,351.903,-9999.000000,25.961971,26.0,18.8263,HIGH,0.6,0.015,0.001
1774254439.2841268,351.982,-9999.000000,25.959591,26.0,18.9858,HIGH,0.6,0.015,0.001
1774254439.3933244,352.091,-9999.000000,25.953237,26.0,19.3775,HIGH,0.6,0.015,0.001
1774254439.4553945,352.153,-9999.000000,25.952048,26.0,19.4494,HIGH,0.6,0.015,0.001
1774254439.5267246,352.225,-9999.000000,25.949665,26.0,19.5992,HIGH,0.6,0.015,0.001
1774254439.5830033,352.281,-9999.000000,25.944903,26.0,19.8947,HIGH,0.6,0.015,0.001
1774254439.7067857,352.405,-9999.000000,25.942916,26.0,20.0177,HIGH,0.6,0.015,0.001
1774254439.7707818,352.469,-9999.000000,25.947282,26.0,19.7523,HIGH,0.6,0.015,0.001
1774254439.8797553,352.578,-9999.000000,25.919102,26.0,21.4890,HIGH,0.6,0.015,0.001
1774254439.9477925,352.646,-9999.000000,25.944107,26.0,19.9318,HIGH,0.6,0.015,0.001
1774254440.0190692,352.717,-9999.000000,25.935771,26.0,20.4873,HIGH,0.6,0.015,0.001
1774254440.0895925,352.787,-9999.000000,25.931008,26.0,20.7754,HIGH,0.6,0.015,0.001
1774254440.1517866,352.850,-9999.000000,25.931008,26.0,20.7751,HIGH,0.6,0.015,0.001
1774254440.2733843,352.971,-9999.000000,25.939741,26.0,20.2550,HIGH,0.6,0.015,0.001
1774254440.3230577,353.021,-9999.000000,25.927437,26.0,21.0305,HIGH,0.6,0.015,0.001
1774254440.4062805,353.104,-9999.000000,25.925451,26.0,21.1366,HIGH,0.6,0.015,0.001
1774254440.4770033,353.175,-9999.000000,25.923864,26.0,21.2398,HIGH,0.6,0.015,0.001
1774254440.548718,353.247,-9999.000000,25.941727,26.0,20.1471,HIGH,0.6,0.015,0.001
1774254440.6577725,353.356,-9999.000000,25.923071,26.0,21.3210,HIGH,0.6,0.015,0.001
1774254440.7188444,353.417,-9999.000000,25.919498,26.0,21.5316,HIGH,0.6,0.015,0.001
1774254440.7897694,353.488,-9999.000000,25.923467,26.0,21.2901,HIGH,0.6,0.015,0.001
1774254440.8976073,353.595,-9999.000000,25.928230,26.0,21.0172,HIGH,0.6,0.015,0.001
1774254440.9602637,353.658,-9999.000000,25.923864,26.0,21.2977,HIGH,0.6,0.015,0.001
1774254441.032564,353.730,-9999.000000,25.927437,26.0,21.0792,HIGH,0.6,0.015,0.001
1774254441.102811,353.801,-9999.000000,25.948078,26.0,19.8218,HIGH,0.6,0.015,0.001
1774254441.1754491,353.873,-9999.000000,25.924263,26.0,21.3211,HIGH,0.6,0.015,0.001
1774254441.2870774,353.985,-9999.000000,25.929025,26.0,21.0102,HIGH,0.6,0.015,0.001
1774254441.3496037,354.047,-9999.000000,25.926246,26.0,21.1926,HIGH,0.6,0.015,0.001
1774254441.4584246,354.156,-9999.000000,25.931407,26.0,20.8849,HIGH,0.6,0.015,0.001
1774254441.5220656,354.220,-9999.000000,25.920689,26.0,21.5572,HIGH,0.6,0.015,0.001
1774254441.5926197,354.291,-9999.000000,25.932596,26.0,20.8162,HIGH,0.6,0.015,0.001
1774254441.6636493,354.362,-9999.000000,25.920689,26.0,21.5727,HIGH,0.6,0.015,0.001
1774254441.7308326,354.429,-9999.000000,25.928629,26.0,21.0749,HIGH,0.6,0.015,0.001
1774254441.8460047,354.544,-9999.000000,25.923864,26.0,21.3899,HIGH,0.6,0.015,0.001
1774254441.9094887,354.607,-9999.000000,25.924659,26.0,21.3440,HIGH,0.6,0.015,0.001
1774254441.9792888,354.677,-9999.000000,25.928230,26.0,21.1334,HIGH,0.6,0.015,0.001
1774254442.0503385,354.748,-9999.000000,25.930216,26.0,21.0240,HIGH,0.6,0.015,0.001
1774254442.158721,354.857,-9999.000000,25.927041,26.0,21.2320,HIGH,0.6,0.015,0.001
1774254442.2222807,354.920,-9999.000000,25.933787,26.0,20.8201,HIGH,0.6,0.015,0.001
1774254442.292125,354.990,-9999.000000,25.938948,26.0,20.5200,HIGH,0.6,0.015,0.001
1774254442.364472,355.062,-9999.000000,25.928629,26.0,21.1686,HIGH,0.6,0.015,0.001
1774254442.4735823,355.171,-9999.000000,25.930612,26.0,21.0449,HIGH,0.6,0.015,0.001
1774254442.5342886,355.232,-9999.000000,25.932995,26.0,20.9059,HIGH,0.6,0.015,0.001
1774254442.6076643,355.306,-9999.000000,25.925850,26.0,21.3564,HIGH,0.6,0.015,0.001
1774254442.6791217,355.377,-9999.000000,25.923864,26.0,21.4768,HIGH,0.6,0.015,0.001
1774254442.7878952,355.486,-9999.000000,25.935771,26.0,20.7591,HIGH,0.6,0.015,0.001
1774254442.8514595,355.549,-9999.000000,25.930216,26.0,21.1187,HIGH,0.6,0.015,0.001
1774254442.9223883,355.620,-9999.000000,25.925850,26.0,21.3860,HIGH,0.6,0.015,0.001
1774254442.9952683,355.693,-9999.000000,25.927833,26.0,21.2660,HIGH,0.6,0.015,0.001
1774254443.1013362,355.799,-9999.000000,25.934582,26.0,20.8678,HIGH,0.6,0.015,0.001
1774254443.1671178,355.865,-9999.000000,25.952841,26.0,19.7556,HIGH,0.6,0.015,0.001
1774254443.2309008,355.929,-9999.000000,25.934183,26.0,20.9384,HIGH,0.6,0.015,0.001
1774254443.3105245,356.008,-9999.000000,25.933391,26.0,20.9656,HIGH,0.6,0.015,0.001
1774254443.422326,356.120,-9999.000000,25.932995,26.0,21.0000,HIGH,0.6,0.015,0.001
1774254443.4866097,356.184,-9999.000000,25.934183,26.0,20.9328,HIGH,0.6,0.015,0.001
1774254443.5506306,356.249,-9999.000000,25.934978,26.0,20.8919,HIGH,0.6,0.015,0.001
1774254443.676551,356.374,-9999.000000,25.931803,26.0,21.0991,HIGH,0.6,0.015,0.001
1774254443.7400534,356.438,-9999.000000,25.936962,26.0,20.7849,HIGH,0.6,0.015,0.001
1774254443.8113377,356.509,-9999.000000,25.933787,26.0,20.9951,HIGH,0.6,0.015,0.001
1774254443.9136877,356.612,-9999.000000,25.940536,26.0,20.5882,HIGH,0.6,0.015,0.001
1774254443.9829085,356.681,-9999.000000,25.945299,26.0,20.3078,HIGH,0.6,0.015,0.001
1774254444.0549557,356.753,-9999.000000,25.939741,26.0,20.6624,HIGH,0.6,0.015,0.001
1774254444.1633036,356.861,-9999.000000,25.918310,26.0,21.9736,HIGH,0.6,0.015,0.001
1774254444.2274685,356.925,-9999.000000,25.931008,26.0,21.1788,HIGH,0.6,0.015,0.001
1774254444.298521,356.996,-9999.000000,25.923071,26.0,21.6942,HIGH,0.6,0.015,0.001
1774254444.3717382,357.070,-9999.000000,25.940932,26.0,20.5934,HIGH,0.6,0.015,0.001
1774254444.4671834,357.165,-9999.000000,25.933391,26.0,21.0878,HIGH,0.6,0.015,0.001
1774254444.5305126,357.228,-9999.000000,25.930612,26.0,21.2576,HIGH,0.6,0.015,0.001
1774254444.613221,357.311,-9999.000000,25.940932,26.0,20.6288,HIGH,0.6,0.015,0.001
1774254444.683878,357.382,-9999.000000,25.942520,26.0,20.5499,HIGH,0.6,0.015,0.001
1774254444.756143,357.454,-9999.000000,25.939345,26.0,20.7536,HIGH,0.6,0.015,0.001
1774254444.8649738,357.563,-9999.000000,25.940536,26.0,20.6863,HIGH,0.6,0.015,0.001
1774254444.92605,357.624,-9999.000000,25.954428,26.0,19.8353,HIGH,0.6,0.015,0.001
1774254444.9990754,357.697,-9999.000000,25.939741,26.0,20.7660,HIGH,0.6,0.015,0.001
1774254445.066493,357.764,-9999.000000,25.936170,26.0,20.9719,HIGH,0.6,0.015,0.001
1774254445.1744394,357.872,-9999.000000,25.935374,26.0,21.0256,HIGH,0.6,0.015,0.001
1774254445.230926,357.929,-9999.000000,25.941727,26.0,20.6373,HIGH,0.6,0.015,0.001
1774254445.3522835,358.050,-9999.000000,25.941328,26.0,20.6835,HIGH,0.6,0.015,0.001
1774254445.4151127,358.113,-9999.000000,25.940536,26.0,20.7376,HIGH,0.6,0.015,0.001
1774254445.4783714,358.176,-9999.000000,25.939741,26.0,20.7910,HIGH,0.6,0.015,0.001
1774254445.5573962,358.255,-9999.000000,25.936170,26.0,21.0161,HIGH,0.6,0.015,0.001
1774254445.668331,358.366,-9999.000000,25.941727,26.0,20.6828,HIGH,0.6,0.015,0.001
1774254445.7311213,358.429,-9999.000000,25.940932,26.0,20.7424,HIGH,0.6,0.015,0.001
1774254445.8047233,358.503,-9999.000000,25.938948,26.0,20.8696,HIGH,0.6,0.015,0.001
1774254445.8757558,358.574,-9999.000000,25.940536,26.0,20.7757,HIGH,0.6,0.015,0.001
1774254445.9830573,358.681,-9999.000000,25.935374,26.0,21.1029,HIGH,0.6,0.015,0.001
1774254446.0440652,358.742,-9999.000000,25.942124,26.0,20.6874,HIGH,0.6,0.015,0.001
1774254446.114584,358.812,-9999.000000,25.945299,26.0,20.5092,HIGH,0.6,0.015,0.001
1774254446.185103,358.883,-9999.000000,25.952841,26.0,20.0555,HIGH,0.6,0.015,0.001
1774254446.2553735,358.953,-9999.000000,25.951253,26.0,20.1688,HIGH,0.6,0.015,0.001
1774254446.3634017,359.061,-9999.000000,25.949665,26.0,20.2714,HIGH,0.6,0.015,0.001
1774254446.4304297,359.128,-9999.000000,25.950061,26.0,20.2506,HIGH,0.6,0.015,0.001
1774254446.5049703,359.203,-9999.000000,25.954032,26.0,20.0128,HIGH,0.6,0.015,0.001
1774254446.6250668,359.323,-9999.000000,25.956016,26.0,19.9054,HIGH,0.6,0.015,0.001
1774254446.6765575,359.374,-9999.000000,25.961178,26.0,19.5902,HIGH,0.6,0.015,0.001
1774254446.8078597,359.506,-9999.000000,25.964354,26.0,19.4143,HIGH,0.6,0.015,0.001
1774254446.9168663,359.615,-9999.000000,25.979044,26.0,18.5253,HIGH,0.6,0.015,0.001
1774254446.9859753,359.684,-9999.000000,25.973485,26.0,18.8831,HIGH,0.6,0.015,0.001
1774254447.0557296,359.754,-9999.000000,25.972293,26.0,18.9512,HIGH,0.6,0.015,0.001
1774254447.166824,359.865,-9999.000000,25.975073,26.0,18.7844,HIGH,0.6,0.015,0.001
1774254447.2299728,359.928,-9999.000000,25.981029,26.0,18.4219,HIGH,0.6,0.015,0.001
1774254447.3093343,360.007,-9999.000000,25.981029,26.0,18.4336,HIGH,0.6,0.015,0.001
1774254447.4198968,360.118,-9999.000000,26.000089,26.0,17.2727,HIGH,0.6,0.015,0.001
1774254447.4835067,360.181,-9999.000000,25.991749,26.0,17.8042,HIGH,0.6,0.015,0.001
1774254447.5544739,360.252,-9999.000000,25.992941,26.0,17.7187,HIGH,0.6,0.015,0.001
1774254447.6266546,360.325,-9999.000000,25.989764,26.0,17.9165,HIGH,0.6,0.015,0.001
1774254447.738126,360.436,-9999.000000,26.000485,26.0,17.2591,HIGH,0.6,0.015,0.001
1774254447.802098,360.500,-9999.000000,26.000885,26.0,17.2440,HIGH,0.6,0.015,0.001
1774254447.8705502,360.568,-9999.000000,25.998897,26.0,17.3669,HIGH,0.6,0.015,0.001
1774254447.9449618,360.643,-9999.000000,26.013591,26.0,16.4611,HIGH,0.6,0.015,0.001
1774254448.0413692,360.739,-9999.000000,26.012799,26.0,16.5274,HIGH,0.6,0.015,0.001
1774254448.1496356,360.848,-9999.000000,26.016372,26.0,16.3062,HIGH,0.6,0.015,0.001
1774254448.2137263,360.912,-9999.000000,26.032260,26.0,15.3283,HIGH,0.6,0.015,0.001
1774254448.2870574,360.985,-9999.000000,26.021933,26.0,15.9844,HIGH,0.6,0.015,0.001
1774254448.3585794,361.056,-9999.000000,26.016768,26.0,16.2857,HIGH,0.6,0.015,0.001
1774254448.481126,361.179,-9999.000000,26.024314,26.0,15.8150,HIGH,0.6,0.015,0.001
1774254448.5489125,361.247,-9999.000000,26.029083,26.0,15.5251,HIGH,0.6,0.015,0.001
1774254448.6155283,361.313,-9999.000000,26.034245,26.0,15.2112,HIGH,0.6,0.015,0.001
1774254448.691079,361.389,-9999.000000,26.027494,26.0,15.6298,HIGH,0.6,0.015,0.001
1774254448.7998137,361.498,-9999.000000,26.044574,26.0,14.5732,HIGH,0.6,0.015,0.001
1774254448.863337,361.561,-9999.000000,26.041000,26.0,14.8050,HIGH,0.6,0.015,0.001
1774254448.9422748,361.640,-9999.000000,26.039011,26.0,14.9166,HIGH,0.6,0.015,0.001
1774254449.0565526,361.754,-9999.000000,26.054903,26.0,13.9373,HIGH,0.6,0.015,0.001
1774254449.1565585,361.854,-9999.000000,26.044177,26.0,14.5988,HIGH,0.6,0.015,0.001
1774254449.2124681,361.910,-9999.000000,26.050932,26.0,14.1665,HIGH,0.6,0.015,0.001
1774254449.3002763,361.998,-9999.000000,26.059273,26.0,13.6608,HIGH,0.6,0.015,0.001
1774254449.3716333,362.070,-9999.000000,26.067618,26.0,13.1507,HIGH,0.6,0.015,0.001
1774254449.4880126,362.186,-9999.000000,26.060465,26.0,13.5871,HIGH,0.6,0.015,0.001
1774254449.5464065,362.244,-9999.000000,26.061261,26.0,13.5264,HIGH,0.6,0.015,0.001
1774254449.6200151,362.318,-9999.000000,26.075960,26.0,12.6176,HIGH,0.6,0.015,0.001
1774254449.688992,362.387,-9999.000000,26.059273,26.0,13.6568,HIGH,0.6,0.015,0.001
1774254449.803697,362.502,-9999.000000,26.073181,26.0,12.7734,HIGH,0.6,0.015,0.001
1774254449.8949156,362.593,-9999.000000,26.070000,26.0,12.9703,HIGH,0.6,0.015,0.001
1774254449.9656727,362.664,-9999.000000,26.068810,26.0,13.0326,HIGH,0.6,0.015,0.001
1774254450.0399046,362.738,-9999.000000,26.072781,26.0,12.7792,HIGH,0.6,0.015,0.001
1774254450.1030009,362.801,-9999.000000,26.065629,26.0,13.2188,HIGH,0.6,0.015,0.001
1774254450.1794167,362.877,-9999.000000,26.058480,26.0,13.6390,HIGH,0.6,0.015,0.001
1774254450.2898479,362.988,-9999.000000,26.072781,26.0,12.7466,HIGH,0.6,0.015,0.001
1774254450.3529193,363.051,-9999.000000,26.074770,26.0,12.6300,HIGH,0.6,0.015,0.001
1774254450.4165337,363.114,-9999.000000,26.073974,26.0,12.6751,HIGH,0.6,0.015,0.001
1774254450.4956667,363.194,-9999.000000,26.070399,26.0,12.8845,HIGH,0.6,0.015,0.001
1774254450.6037364,363.302,-9999.000000,26.075563,26.0,12.5531,HIGH,0.6,0.015,0.001
1774254450.6675892,363.365,-9999.000000,26.075563,26.0,12.5507,HIGH,0.6,0.015,0.001
1774254450.738578,363.436,-9999.000000,26.074770,26.0,12.5914,HIGH,0.6,0.015,0.001
1774254450.8103263,363.508,-9999.000000,26.073577,26.0,12.6556,HIGH,0.6,0.015,0.001
1774254450.9200385,363.618,-9999.000000,26.078742,26.0,12.3264,HIGH,0.6,0.015,0.001
1774254450.9853892,363.683,-9999.000000,26.044970,26.0,14.4047,HIGH,0.6,0.015,0.001
1774254451.0568686,363.755,-9999.000000,26.076359,26.0,12.4175,HIGH,0.6,0.015,0.001
1774254451.12836,363.826,-9999.000000,26.070000,26.0,12.8444,HIGH,0.6,0.015,0.001
1774254451.2369802,363.935,-9999.000000,26.075167,26.0,12.5085,HIGH,0.6,0.015,0.001
1774254451.3022015,364.000,-9999.000000,26.072385,26.0,12.6774,HIGH,0.6,0.015,0.001
1774254451.4124033,364.110,-9999.000000,26.066822,26.0,13.0009,HIGH,0.6,0.015,0.001
1774254451.4749243,364.173,-9999.000000,26.071988,26.0,12.6708,HIGH,0.6,0.015,0.001
1774254451.5378606,364.236,-9999.000000,26.064040,26.0,13.1626,HIGH,0.6,0.015,0.001
1774254451.6183553,364.316,-9999.000000,26.070796,26.0,12.7277,HIGH,0.6,0.015,0.001
1774254451.6793184,364.377,-9999.000000,26.069207,26.0,12.8277,HIGH,0.6,0.015,0.001
1774254451.7616782,364.460,-9999.000000,26.064439,26.0,13.1089,HIGH,0.6,0.015,0.001
1774254451.8331647,364.531,-9999.000000,26.066028,26.0,12.9985,HIGH,0.6,0.015,0.001
1774254451.9010613,364.599,-9999.000000,26.061658,26.0,13.2631,HIGH,0.6,0.015,0.001
1774254452.0126107,364.710,-9999.000000,26.060069,26.0,13.3434,HIGH,0.6,0.015,0.001
1774254452.0598545,364.758,-9999.000000,26.067221,26.0,12.8929,HIGH,0.6,0.015,0.001
1774254452.13887,364.837,-9999.000000,26.058876,26.0,13.4123,HIGH,0.6,0.015,0.001
1774254452.2024622,364.900,-9999.000000,26.073181,26.0,12.5140,HIGH,0.6,0.015,0.001
1774254452.2854953,364.983,-9999.000000,26.059273,26.0,13.3804,HIGH,0.6,0.015,0.001
1774254452.391875,365.090,-9999.000000,26.057684,26.0,13.4512,HIGH,0.6,0.015,0.001
1774254452.4553778,365.153,-9999.000000,26.058480,26.0,13.3952,HIGH,0.6,0.015,0.001
1774254452.5282748,365.226,-9999.000000,26.054110,26.0,13.6587,HIGH,0.6,0.015,0.001
1774254452.5987253,365.297,-9999.000000,26.052917,26.0,13.7204,HIGH,0.6,0.015,0.001
1774254452.6913273,365.389,-9999.000000,26.052917,26.0,13.7113,HIGH,0.6,0.015,0.001
1774254452.7691329,365.467,-9999.000000,26.068014,26.0,12.7782,HIGH,0.6,0.015,0.001
1774254452.8342288,365.532,-9999.000000,26.053710,26.0,13.6725,HIGH,0.6,0.015,0.001
1774254452.8969605,365.595,-9999.000000,26.049340,26.0,13.9151,HIGH,0.6,0.015,0.001
1774254453.0166452,365.715,-9999.000000,26.052521,26.0,13.7052,HIGH,0.6,0.015,0.001
1774254453.0835047,365.781,-9999.000000,26.050136,26.0,13.8495,HIGH,0.6,0.015,0.001
1774254453.1507113,365.849,-9999.000000,26.059273,26.0,13.2781,HIGH,0.6,0.015,0.001
1774254453.2260044,365.924,-9999.000000,26.044574,26.0,14.1882,HIGH,0.6,0.015,0.001
1774254453.297055,365.995,-9999.000000,26.043781,26.0,14.2127,HIGH,0.6,0.015,0.001
1774254453.4033298,366.101,-9999.000000,26.046562,26.0,14.0346,HIGH,0.6,0.015,0.001
1774254453.4684494,366.166,-9999.000000,26.045369,26.0,14.1062,HIGH,0.6,0.015,0.001
1774254453.54011,366.238,-9999.000000,26.030672,26.0,15.0034,HIGH,0.6,0.015,0.001
1774254453.6089687,366.307,-9999.000000,26.039011,26.0,14.4664,HIGH,0.6,0.015,0.001
1774254453.719968,366.418,-9999.000000,26.046562,26.0,14.0109,HIGH,0.6,0.015,0.001
1774254453.7836795,366.482,-9999.000000,26.045766,26.0,14.0624,HIGH,0.6,0.015,0.001
1774254453.8569815,366.555,-9999.000000,26.040603,26.0,14.3735,HIGH,0.6,0.015,0.001
1774254453.926591,366.624,-9999.000000,26.037423,26.0,14.5579,HIGH,0.6,0.015,0.001
1774254454.0395112,366.737,-9999.000000,26.030275,26.0,14.9834,HIGH,0.6,0.015,0.001
1774254454.1030765,366.801,-9999.000000,26.041396,26.0,14.2884,HIGH,0.6,0.015,0.001
1774254454.1957839,366.894,-9999.000000,26.044177,26.0,14.1299,HIGH,0.6,0.015,0.001
1774254454.2706394,366.969,-9999.000000,26.039011,26.0,14.4453,HIGH,0.6,0.015,0.001
1774254454.3422575,367.040,-9999.000000,26.029876,26.0,14.9961,HIGH,0.6,0.015,0.001
1774254454.4158452,367.114,-9999.000000,26.033453,26.0,14.7602,HIGH,0.6,0.015,0.001
1774254454.527981,367.226,-9999.000000,26.034642,26.0,14.6868,HIGH,0.6,0.015,0.001
1774254454.5916142,367.289,-9999.000000,26.033849,26.0,14.7335,HIGH,0.6,0.015,0.001
1774254454.663288,367.361,-9999.000000,26.030275,26.0,14.9484,HIGH,0.6,0.015,0.001
1774254454.7349846,367.433,-9999.000000,26.034642,26.0,14.6716,HIGH,0.6,0.015,0.001
1774254454.8458774,367.544,-9999.000000,26.029876,26.0,14.9629,HIGH,0.6,0.015,0.001
1774254454.911896,367.610,-9999.000000,26.029876,26.0,14.9557,HIGH,0.6,0.015,0.001
1774254454.9802308,367.678,-9999.000000,26.031864,26.0,14.8302,HIGH,0.6,0.015,0.001
1774254455.0516994,367.750,-9999.000000,26.033453,26.0,14.7320,HIGH,0.6,0.015,0.001
1774254455.163614,367.861,-9999.000000,26.025110,26.0,15.2380,HIGH,0.6,0.015,0.001
1774254455.22458,367.922,-9999.000000,26.027891,26.0,15.0566,HIGH,0.6,0.015,0.001
1774254455.2879903,367.986,-9999.000000,26.025110,26.0,15.2300,HIGH,0.6,0.015,0.001
1774254455.3674383,368.065,-9999.000000,26.036233,26.0,14.5399,HIGH,0.6,0.015,0.001
1774254455.4783463,368.176,-9999.000000,26.027494,26.0,15.0816,HIGH,0.6,0.015,0.001
1774254455.5412817,368.239,-9999.000000,26.030275,26.0,14.8996,HIGH,0.6,0.015,0.001
1774254455.612149,368.310,-9999.000000,26.023125,26.0,15.3406,HIGH,0.6,0.015,0.001
1774254455.6833744,368.381,-9999.000000,26.026302,26.0,15.1326,HIGH,0.6,0.015,0.001
1774254455.7930715,368.491,-9999.000000,26.023125,26.0,15.3268,HIGH,0.6,0.015,0.001
1774254455.8416467,368.540,-9999.000000,26.028287,26.0,15.0015,HIGH,0.6,0.015,0.001
1774254455.9286494,368.627,-9999.000000,26.018357,26.0,15.6170,HIGH,0.6,0.015,0.001
1774254455.9995513,368.697,-9999.000000,26.013988,26.0,15.8724,HIGH,0.6,0.015,0.001
1774254456.0941756,368.792,-9999.000000,26.023522,26.0,15.2808,HIGH,0.6,0.015,0.001
1774254456.1692228,368.867,-9999.000000,25.989764,26.0,17.3624,HIGH,0.6,0.015,0.001
1774254456.2406425,368.939,-9999.000000,26.021137,26.0,15.3889,HIGH,0.6,0.015,0.001
1774254456.3124416,369.010,-9999.000000,26.008031,26.0,16.2366,HIGH,0.6,0.015,0.001
1774254456.4249945,369.123,-9999.000000,26.013988,26.0,15.8532,HIGH,0.6,0.015,0.001
1774254456.4890313,369.187,-9999.000000,26.012003,26.0,15.9796,HIGH,0.6,0.015,0.001
1774254456.5583732,369.256,-9999.000000,26.006842,26.0,16.2929,HIGH,0.6,0.015,0.001
1774254456.630053,369.328,-9999.000000,26.000485,26.0,16.6756,HIGH,0.6,0.015,0.001
1774254456.740153,369.438,-9999.000000,25.974280,26.0,18.2671,HIGH,0.6,0.015,0.001
1774254456.802874,369.501,-9999.000000,25.996516,26.0,16.8740,HIGH,0.6,0.015,0.001
1774254456.8683684,369.566,-9999.000000,25.978249,26.0,18.0356,HIGH,0.6,0.015,0.001
1774254456.9472659,369.645,-9999.000000,25.991353,26.0,17.2058,HIGH,0.6,0.015,0.001
1774254457.0573194,369.755,-9999.000000,25.988972,26.0,17.3693,HIGH,0.6,0.015,0.001
1774254457.1204205,369.818,-9999.000000,25.985000,26.0,17.6131,HIGH,0.6,0.015,0.001
1774254457.183621,369.882,-9999.000000,25.982617,26.0,17.7553,HIGH,0.6,0.015,0.001
1774254457.2628214,369.961,-9999.000000,25.992941,26.0,17.1199,HIGH,0.6,0.015,0.001
1774254457.3657851,370.064,-9999.000000,25.975469,26.0,18.2019,HIGH,0.6,0.015,0.001
1774254457.4387717,370.137,-9999.000000,25.977456,26.0,18.0655,HIGH,0.6,0.015,0.001
1774254457.5103211,370.208,-9999.000000,25.967530,26.0,18.6812,HIGH,0.6,0.015,0.001
1774254457.5820282,370.280,-9999.000000,25.962370,26.0,18.9881,HIGH,0.6,0.015,0.001
1774254457.6889482,370.387,-9999.000000,25.959591,26.0,19.1568,HIGH,0.6,0.015,0.001
1774254457.7526164,370.450,-9999.000000,25.960779,26.0,19.0847,HIGH,0.6,0.015,0.001
1774254457.8156147,370.513,-9999.000000,25.954428,26.0,19.4820,HIGH,0.6,0.015,0.001
1774254457.8964427,370.594,-9999.000000,25.965546,26.0,18.7953,HIGH,0.6,0.015,0.001
1774254458.0059009,370.704,-9999.000000,25.946886,26.0,19.9544,HIGH,0.6,0.015,0.001
1774254458.0694292,370.767,-9999.000000,25.953636,26.0,19.5262,HIGH,0.6,0.015,0.001
1774254458.1802802,370.878,-9999.000000,25.934183,26.0,20.7325,HIGH,0.6,0.015,0.001
1774254458.2427344,370.941,-9999.000000,25.940932,26.0,20.3047,HIGH,0.6,0.015,0.001
1774254458.3057022,371.004,-9999.000000,25.924263,26.0,21.3493,HIGH,0.6,0.015,0.001
1774254458.3848512,371.083,-9999.000000,25.931803,26.0,20.8690,HIGH,0.6,0.015,0.001
1774254458.4868114,371.185,-9999.000000,25.927041,26.0,21.1801,HIGH,0.6,0.015,0.001
1774254458.5447626,371.243,-9999.000000,25.924659,26.0,21.3290,HIGH,0.6,0.015,0.001
1774254458.6278605,371.326,-9999.000000,25.922675,26.0,21.4559,HIGH,0.6,0.015,0.001
1774254458.6957016,371.394,-9999.000000,25.913944,26.0,21.9990,HIGH,0.6,0.015,0.001
1774254458.8112333,371.509,-9999.000000,25.917118,26.0,21.8073,HIGH,0.6,0.015,0.001
1774254458.8741858,371.572,-9999.000000,25.889340,26.0,23.5313,HIGH,0.6,0.015,0.001
1774254458.9374285,371.635,-9999.000000,25.915132,26.0,21.9070,HIGH,0.6,0.015,0.001
1774254459.0675695,371.765,-9999.000000,25.917118,26.0,21.8432,HIGH,0.6,0.015,0.001
1774254459.127254,371.825,-9999.000000,25.911958,26.0,22.1709,HIGH,0.6,0.015,0.001
1774254459.2066665,371.905,-9999.000000,25.913944,26.0,22.0508,HIGH,0.6,0.015,0.001
1774254459.319541,372.017,-9999.000000,25.914736,26.0,22.0196,HIGH,0.6,0.015,0.001
1774254459.3845592,372.082,-9999.000000,25.913545,26.0,22.1020,HIGH,0.6,0.015,0.001
1774254459.4590433,372.157,-9999.000000,25.908387,26.0,22.4268,HIGH,0.6,0.015,0.001
1774254459.5708258,372.269,-9999.000000,25.914340,26.0,22.0717,HIGH,0.6,0.015,0.001
1774254459.6337736,372.332,-9999.000000,25.913944,26.0,22.1096,HIGH,0.6,0.015,0.001
1774254459.7434614,372.441,-9999.000000,25.912753,26.0,22.1958,HIGH,0.6,0.015,0.001
1774254459.8142443,372.512,-9999.000000,25.913149,26.0,22.1797,HIGH,0.6,0.015,0.001
1774254459.8864625,372.584,-9999.000000,25.919102,26.0,21.8236,HIGH,0.6,0.015,0.001
1774254459.9977758,372.696,-9999.000000,25.903227,26.0,22.8147,HIGH,0.6,0.015,0.001
1774254460.063004,372.761,-9999.000000,25.902831,26.0,22.8343,HIGH,0.6,0.015,0.001
1774254460.1355402,372.833,-9999.000000,25.923864,26.0,21.5511,HIGH,0.6,0.015,0.001
1774254460.2099488,372.908,-9999.000000,25.921880,26.0,21.7104,HIGH,0.6,0.015,0.001
1774254460.3160784,373.014,-9999.000000,25.928629,26.0,21.3079,HIGH,0.6,0.015,0.001
1774254460.3821402,373.080,-9999.000000,25.929817,26.0,21.2481,HIGH,0.6,0.015,0.001
1774254460.4581456,373.156,-9999.000000,25.937757,26.0,20.7701,HIGH,0.6,0.015,0.001
1774254460.5705628,373.268,-9999.000000,25.933391,26.0,21.0577,HIGH,0.6,0.015,0.001
1774254460.6338599,373.332,-9999.000000,25.936566,26.0,20.8643,HIGH,0.6,0.015,0.001
1774254460.7063878,373.404,-9999.000000,25.943315,26.0,20.4612,HIGH,0.6,0.015,0.001
1774254460.8107085,373.509,-9999.000000,25.946091,26.0,20.3097,HIGH,0.6,0.015,0.001
1774254460.8837197,373.582,-9999.000000,25.940137,26.0,20.6844,HIGH,0.6,0.015,0.001
1774254460.946514,373.644,-9999.000000,25.943315,26.0,20.4858,HIGH,0.6,0.015,0.001
1774254461.0256388,373.724,-9999.000000,25.944107,26.0,20.4489,HIGH,0.6,0.015,0.001
1774254461.1368077,373.835,-9999.000000,25.954824,26.0,19.8048,HIGH,0.6,0.015,0.001
1774254461.2002535,373.898,-9999.000000,25.951649,26.0,20.0146,HIGH,0.6,0.015,0.001
1774254461.2688584,373.967,-9999.000000,25.951649,26.0,20.0145,HIGH,0.6,0.015,0.001
1774254461.3913472,374.089,-9999.000000,25.963162,26.0,19.3211,HIGH,0.6,0.015,0.001
1774254461.4551423,374.153,-9999.000000,25.966734,26.0,19.1138,HIGH,0.6,0.015,0.001
1774254461.5178864,374.216,-9999.000000,25.956412,26.0,19.7593,HIGH,0.6,0.015,0.001
1774254461.6017108,374.300,-9999.000000,25.967133,26.0,19.0909,HIGH,0.6,0.015,0.001
1774254461.708193,374.406,-9999.000000,25.965146,26.0,19.2303,HIGH,0.6,0.015,0.001
1774254461.778673,374.477,-9999.000000,25.964354,26.0,19.2809,HIGH,0.6,0.015,0.001
1774254461.851084,374.549,-9999.000000,25.977456,26.0,18.4780,HIGH,0.6,0.015,0.001
1774254461.9624832,374.660,-9999.000000,25.972693,26.0,18.7908,HIGH,0.6,0.015,0.001
1774254462.0324259,374.730,-9999.000000,25.975469,26.0,18.6185,HIGH,0.6,0.015,0.001
1774254462.098906,374.797,-9999.000000,25.977057,26.0,18.5271,HIGH,0.6,0.015,0.001
1774254462.2164915,374.914,-9999.000000,25.977057,26.0,18.5335,HIGH,0.6,0.015,0.001
1774254462.2801306,374.978,-9999.000000,25.975469,26.0,18.6336,HIGH,0.6,0.015,0.001
1774254462.350435,375.048,-9999.000000,25.986192,26.0,17.9740,HIGH,0.6,0.015,0.001
1774254462.426211,375.124,-9999.000000,25.978648,26.0,18.4542,HIGH,0.6,0.015,0.001
1774254462.5379374,375.236,-9999.000000,25.986192,26.0,17.9872,HIGH,0.6,0.015,0.001
1774254462.5959244,375.294,-9999.000000,25.994928,26.0,17.4552,HIGH,0.6,0.015,0.001
1774254462.6704557,375.368,-9999.000000,25.988573,26.0,17.8614,HIGH,0.6,0.015,0.001
1774254462.7863567,375.484,-9999.000000,25.992941,26.0,17.5882,HIGH,0.6,0.015,0.001
1774254462.8501241,375.548,-9999.000000,25.988176,26.0,17.8864,HIGH,0.6,0.015,0.001
1774254462.9273472,375.625,-9999.000000,25.993340,26.0,17.5632,HIGH,0.6,0.015,0.001
1774254463.040173,375.738,-9999.000000,25.989764,26.0,17.7894,HIGH,0.6,0.015,0.001
1774254463.1036866,375.802,-9999.000000,25.992148,26.0,17.6402,HIGH,0.6,0.015,0.001
1774254463.1828334,375.881,-9999.000000,25.987780,26.0,17.9130,HIGH,0.6,0.015,0.001
1774254463.2898514,375.988,-9999.000000,25.990956,26.0,17.7154,HIGH,0.6,0.015,0.001
1774254463.3535388,376.051,-9999.000000,25.992941,26.0,17.5968,HIGH,0.6,0.015,0.001
1774254463.4277554,376.126,-9999.000000,25.986985,26.0,17.9668,HIGH,0.6,0.015,0.001
1774254463.5003166,376.198,-9999.000000,25.973089,26.0,18.8146,HIGH,0.6,0.015,0.001
1774254463.6114898,376.309,-9999.000000,25.982617,26.0,18.2181,HIGH,0.6,0.015,0.001
1774254463.6753879,376.373,-9999.000000,25.999693,26.0,17.1754,HIGH,0.6,0.015,0.001
1774254463.74889,376.447,-9999.000000,25.985000,26.0,18.1053,HIGH,0.6,0.015,0.001
1774254463.8174992,376.515,-9999.000000,25.986588,26.0,17.9891,HIGH,0.6,0.015,0.001
1774254463.928321,376.626,-9999.000000,25.982220,26.0,18.2604,HIGH,0.6,0.015,0.001
1774254463.991476,376.689,-9999.000000,25.979837,26.0,18.4052,HIGH,0.6,0.015,0.001
1774254464.0705423,376.768,-9999.000000,25.984604,26.0,18.1111,HIGH,0.6,0.015,0.001
1774254464.182137,376.880,-9999.000000,25.972693,26.0,18.8471,HIGH,0.6,0.015,0.001
1774254464.2453077,376.943,-9999.000000,25.978249,26.0,18.4963,HIGH,0.6,0.015,0.001
1774254464.3180437,377.016,-9999.000000,25.980632,26.0,18.3609,HIGH,0.6,0.015,0.001
1774254464.4328792,377.131,-9999.000000,25.975469,26.0,18.6827,HIGH,0.6,0.015,0.001
1774254464.4958682,377.194,-9999.000000,25.978249,26.0,18.5091,HIGH,0.6,0.015,0.001
1774254464.5582647,377.256,-9999.000000,25.973881,26.0,18.7850,HIGH,0.6,0.015,0.001
1774254464.6421924,377.340,-9999.000000,25.980632,26.0,18.3673,HIGH,0.6,0.015,0.001
1774254464.7496226,377.448,-9999.000000,25.967530,26.0,19.1790,HIGH,0.6,0.015,0.001
1774254464.8103483,377.508,-9999.000000,25.964354,26.0,19.3658,HIGH,0.6,0.015,0.001
1774254464.8874652,377.585,-9999.000000,25.935771,26.0,21.1201,HIGH,0.6,0.015,0.001
1774254465.0032854,377.701,-9999.000000,25.962766,26.0,19.4464,HIGH,0.6,0.015,0.001
1774254465.0660756,377.764,-9999.000000,25.956016,26.0,19.8896,HIGH,0.6,0.015,0.001
1774254465.1398494,377.838,-9999.000000,25.961971,26.0,19.5177,HIGH,0.6,0.015,0.001
1774254465.2073188,377.905,-9999.000000,25.967926,26.0,19.1629,HIGH,0.6,0.015,0.001
1774254465.3177006,378.016,-9999.000000,25.956412,26.0,19.8802,HIGH,0.6,0.015,0.001
1774254465.3855772,378.083,-9999.000000,25.957208,26.0,19.8252,HIGH,0.6,0.015,0.001
1774254465.4920099,378.190,-9999.000000,25.948870,26.0,20.3427,HIGH,0.6,0.015,0.001
1774254465.5542426,378.252,-9999.000000,25.950061,26.0,20.2661,HIGH,0.6,0.015,0.001
1774254465.6338332,378.332,-9999.000000,25.951649,26.0,20.1765,HIGH,0.6,0.015,0.001
1774254465.744585,378.442,-9999.000000,25.949269,26.0,20.3319,HIGH,0.6,0.015,0.001
1774254465.8091114,378.507,-9999.000000,25.951253,26.0,20.2124,HIGH,0.6,0.015,0.001
1774254465.8744254,378.572,-9999.000000,25.947282,26.0,20.4649,HIGH,0.6,0.015,0.001
1774254465.951492,378.649,-9999.000000,25.953237,26.0,20.0992,HIGH,0.6,0.015,0.001
1774254466.062383,378.760,-9999.000000,25.956412,26.0,19.9208,HIGH,0.6,0.015,0.001
1774254466.1329465,378.831,-9999.000000,25.951253,26.0,20.2457,HIGH,0.6,0.015,0.001
1774254466.2062607,378.904,-9999.000000,25.959191,26.0,19.7558,HIGH,0.6,0.015,0.001
1774254466.319337,379.017,-9999.000000,25.957208,26.0,19.8946,HIGH,0.6,0.015,0.001
1774254466.3766901,379.075,-9999.000000,25.955224,26.0,20.0192,HIGH,0.6,0.015,0.001
1774254466.4557388,379.154,-9999.000000,25.961575,26.0,19.6312,HIGH,0.6,0.015,0.001
1774254466.5656438,379.264,-9999.000000,25.959591,26.0,19.7668,HIGH,0.6,0.015,0.001
1774254466.6278822,379.326,-9999.000000,25.956016,26.0,19.9893,HIGH,0.6,0.015,0.001
1774254466.7047682,379.403,-9999.000000,25.961178,26.0,19.6716,HIGH,0.6,0.015,0.001
1774254466.8130915,379.511,-9999.000000,25.954032,26.0,20.1211,HIGH,0.6,0.015,0.001
1774254466.8787932,379.577,-9999.000000,25.954032,26.0,20.1191,HIGH,0.6,0.015,0.001
1774254466.9515378,379.649,-9999.000000,25.956811,26.0,19.9532,HIGH,0.6,0.015,0.001
1774254467.0614066,379.759,-9999.000000,25.952444,26.0,20.2308,HIGH,0.6,0.015,0.001
1774254467.1325579,379.830,-9999.000000,25.946490,26.0,20.5982,HIGH,0.6,0.015,0.001
1774254467.2417762,379.940,-9999.000000,25.959591,26.0,19.7984,HIGH,0.6,0.015,0.001
1774254467.3072963,380.005,-9999.000000,25.957604,26.0,19.9368,HIGH,0.6,0.015,0.001
1774254467.3757148,380.074,-9999.000000,25.967926,26.0,19.3027,HIGH,0.6,0.015,0.001
1774254467.4503927,380.148,-9999.000000,25.955224,26.0,20.1019,HIGH,0.6,0.015,0.001
1774254467.565184,380.263,-9999.000000,25.952048,26.0,20.2865,HIGH,0.6,0.015,0.001
1774254467.627275,380.325,-9999.000000,25.955620,26.0,20.0678,HIGH,0.6,0.015,0.001
1774254467.699592,380.397,-9999.000000,25.946886,26.0,20.6154,HIGH,0.6,0.015,0.001
1774254467.810303,380.508,-9999.000000,25.922276,26.0,22.1151,HIGH,0.6,0.015,0.001
1774254467.8764696,380.574,-9999.000000,25.950061,26.0,20.3887,HIGH,0.6,0.015,0.001
1774254467.9452698,380.643,-9999.000000,25.950061,26.0,20.4358,HIGH,0.6,0.015,0.001
1774254468.0568054,380.755,-9999.000000,25.956016,26.0,20.0806,HIGH,0.6,0.015,0.001
1774254468.1227944,380.821,-9999.000000,25.957208,26.0,20.0169,HIGH,0.6,0.015,0.001
1774254468.1973176,380.895,-9999.000000,25.957208,26.0,20.0234,HIGH,0.6,0.015,0.001
1774254468.2687242,380.967,-9999.000000,25.957208,26.0,20.0280,HIGH,0.6,0.015,0.001
1774254468.3818927,381.080,-9999.000000,25.932596,26.0,21.5379,HIGH,0.6,0.015,0.001
1774254468.4447532,381.143,-9999.000000,25.969118,26.0,19.2697,HIGH,0.6,0.015,0.001
1774254468.5589743,381.257,-9999.000000,25.963162,26.0,19.6966,HIGH,0.6,0.015,0.001
1774254468.621827,381.320,-9999.000000,25.962370,26.0,19.7438,HIGH,0.6,0.015,0.001
1774254468.6958547,381.394,-9999.000000,25.957604,26.0,20.0396,HIGH,0.6,0.015,0.001
1774254468.8053117,381.503,-9999.000000,25.965942,26.0,19.5309,HIGH,0.6,0.015,0.001
1774254468.86982,381.568,-9999.000000,25.977456,26.0,18.8319,HIGH,0.6,0.015,0.001
1774254468.9429452,381.641,-9999.000000,25.964354,26.0,19.6578,HIGH,0.6,0.015,0.001
1774254469.0167317,381.715,-9999.000000,25.963559,26.0,19.6927,HIGH,0.6,0.015,0.001
1774254469.1262567,381.824,-9999.000000,25.938549,26.0,21.2251,HIGH,0.6,0.015,0.001
1774254469.1910503,381.889,-9999.000000,25.973089,26.0,19.0792,HIGH,0.6,0.015,0.001
1774254469.2620761,381.960,-9999.000000,25.965146,26.0,19.6239,HIGH,0.6,0.015,0.001
1774254469.3718612,382.070,-9999.000000,25.968721,26.0,19.4002,HIGH,0.6,0.015,0.001
1774254469.4366145,382.134,-9999.000000,25.967926,26.0,19.4555,HIGH,0.6,0.015,0.001
1774254469.5108926,382.209,-9999.000000,25.967530,26.0,19.4822,HIGH,0.6,0.015,0.001
1774254469.583683,382.282,-9999.000000,25.963958,26.0,19.7048,HIGH,0.6,0.015,0.001
1774254469.6917324,382.390,-9999.000000,25.971501,26.0,19.2449,HIGH,0.6,0.015,0.001
1774254469.7567687,382.455,-9999.000000,25.962370,26.0,19.8175,HIGH,0.6,0.015,0.001
1774254469.827552,382.525,-9999.000000,25.969514,26.0,19.3680,HIGH,0.6,0.015,0.001
1774254469.9244993,382.622,-9999.000000,25.970705,26.0,19.3096,HIGH,0.6,0.015,0.001
1774254470.0032787,382.701,-9999.000000,25.975073,26.0,19.0462,HIGH,0.6,0.015,0.001
1774254470.0785456,382.776,-9999.000000,25.973485,26.0,19.1521,HIGH,0.6,0.015,0.001
1774254470.146043,382.844,-9999.000000,25.957604,26.0,20.1307,HIGH,0.6,0.015,0.001
1774254470.2565362,382.954,-9999.000000,25.992148,26.0,18.0045,HIGH,0.6,0.015,0.001
1774254470.351215,383.049,-9999.000000,25.980632,26.0,18.7417,HIGH,0.6,0.015,0.001
1774254470.4144266,383.112,-9999.000000,25.983808,26.0,18.5354,HIGH,0.6,0.015,0.001
1774254470.4936295,383.192,-9999.000000,25.957208,26.0,20.1752,HIGH,0.6,0.015,0.001
1774254470.572615,383.270,-9999.000000,25.989368,26.0,18.1725,HIGH,0.6,0.015,0.001
1774254470.679721,383.378,-9999.000000,25.988573,26.0,18.2635,HIGH,0.6,0.015,0.001
1774254470.7464747,383.444,-9999.000000,25.986192,26.0,18.4106,HIGH,0.6,0.015,0.001
1774254470.8096695,383.508,-9999.000000,25.991749,26.0,18.0656,HIGH,0.6,0.015,0.001
1774254470.888609,383.586,-9999.000000,25.998105,26.0,17.6852,HIGH,0.6,0.015,0.001
1774254470.9995284,383.697,-9999.000000,26.000485,26.0,17.5482,HIGH,0.6,0.015,0.001
1774254471.0624971,383.760,-9999.000000,25.997309,26.0,17.7462,HIGH,0.6,0.015,0.001
1774254471.1259272,383.824,-9999.000000,26.005650,26.0,17.2270,HIGH,0.6,0.015,0.001
1774254471.237049,383.935,-9999.000000,26.005253,26.0,17.2635,HIGH,0.6,0.015,0.001
1774254471.3004534,383.998,-9999.000000,26.002473,26.0,17.4341,HIGH,0.6,0.015,0.001
1774254471.3805704,384.078,-9999.000000,26.014783,26.0,16.6739,HIGH,0.6,0.015,0.001
1774254471.4596298,384.158,-9999.000000,26.015180,26.0,16.6632,HIGH,0.6,0.015,0.001
1774254471.5710816,384.269,-9999.000000,26.019948,26.0,16.3700,HIGH,0.6,0.015,0.001
1774254471.6348274,384.333,-9999.000000,25.997705,26.0,17.7439,HIGH,0.6,0.015,0.001
1774254471.7076042,384.405,-9999.000000,26.025507,26.0,16.0000,HIGH,0.6,0.015,0.001
1774254471.7772572,384.475,-9999.000000,26.024714,26.0,16.0843,HIGH,0.6,0.015,0.001
1774254471.8917158,384.590,-9999.000000,26.027891,26.0,15.8850,HIGH,0.6,0.015,0.001
1774254471.9550283,384.653,-9999.000000,26.037822,26.0,15.2726,HIGH,0.6,0.015,0.001
1774254472.028738,384.727,-9999.000000,26.031864,26.0,15.6503,HIGH,0.6,0.015,0.001
1774254472.139142,384.837,-9999.000000,26.042588,26.0,14.9820,HIGH,0.6,0.015,0.001
1774254472.204272,384.902,-9999.000000,26.024714,26.0,16.0892,HIGH,0.6,0.015,0.001
1774254472.2784374,384.976,-9999.000000,26.034245,26.0,15.4732,HIGH,0.6,0.015,0.001
1774254472.3488197,385.047,-9999.000000,26.039411,26.0,15.1647,HIGH,0.6,0.015,0.001
1774254472.45946,385.157,-9999.000000,26.037822,26.0,15.2625,HIGH,0.6,0.015,0.001
1774254472.5244365,385.222,-9999.000000,26.050136,26.0,14.4984,HIGH,0.6,0.015,0.001
1774254472.5978696,385.296,-9999.000000,26.046162,26.0,14.7561,HIGH,0.6,0.015,0.001
1774254472.7089024,385.407,-9999.000000,26.057684,26.0,14.0394,HIGH,0.6,0.015,0.001
1774254472.7721498,385.470,-9999.000000,26.058080,26.0,14.0198,HIGH,0.6,0.015,0.001
1774254472.8841536,385.582,-9999.000000,26.060465,26.0,13.8651,HIGH,0.6,0.015,0.001
1774254472.9470904,385.645,-9999.000000,26.055299,26.0,14.1802,HIGH,0.6,0.015,0.001
1774254473.023646,385.722,-9999.000000,26.064439,26.0,13.6042,HIGH,0.6,0.015,0.001
1774254473.136232,385.834,-9999.000000,26.066822,26.0,13.4598,HIGH,0.6,0.015,0.001
1774254473.1987798,385.897,-9999.000000,26.063643,26.0,13.6517,HIGH,0.6,0.015,0.001
1774254473.2600565,385.958,-9999.000000,26.070796,26.0,13.1993,HIGH,0.6,0.015,0.001
1774254473.340027,386.038,-9999.000000,26.079538,26.0,12.6660,HIGH,0.6,0.015,0.001
1774254473.4591818,386.157,-9999.000000,26.043381,26.0,14.8689,HIGH,0.6,0.015,0.001
1774254473.5244591,386.222,-9999.000000,26.075167,26.0,12.8754,HIGH,0.6,0.015,0.001
1774254473.5989969,386.297,-9999.000000,26.085498,26.0,12.2808,HIGH,0.6,0.015,0.001
1774254473.7110627,386.409,-9999.000000,26.077948,26.0,12.7413,HIGH,0.6,0.015,0.001
1774254473.773817,386.472,-9999.000000,26.079538,26.0,12.6292,HIGH,0.6,0.015,0.001
1774254473.8464823,386.544,-9999.000000,26.075960,26.0,12.8430,HIGH,0.6,0.015,0.001
1774254473.958637,386.657,-9999.000000,26.079934,26.0,12.5826,HIGH,0.6,0.015,0.001
1774254474.018067,386.716,-9999.000000,26.083113,26.0,12.3827,HIGH,0.6,0.015,0.001
1774254474.0971937,386.795,-9999.000000,26.071592,26.0,13.0854,HIGH,0.6,0.015,0.001
1774254474.2078454,386.906,-9999.000000,26.085498,26.0,12.2097,HIGH,0.6,0.015,0.001
1774254474.269799,386.968,-9999.000000,26.102984,26.0,11.1353,HIGH,0.6,0.015,0.001
1774254474.3335545,387.031,-9999.000000,26.084702,26.0,12.2810,HIGH,0.6,0.015,0.001
1774254474.4131715,387.111,-9999.000000,26.083909,26.0,12.2909,HIGH,0.6,0.015,0.001
1774254474.5085163,387.206,-9999.000000,26.087884,26.0,12.0347,HIGH,0.6,0.015,0.001
1774254474.5722044,387.270,-9999.000000,26.086291,26.0,12.1286,HIGH,0.6,0.015,0.001
1774254474.6356416,387.334,-9999.000000,26.086691,26.0,12.0933,HIGH,0.6,0.015,0.001
1774254474.6995525,387.397,-9999.000000,26.090663,26.0,11.8407,HIGH,0.6,0.015,0.001
1774254474.7804167,387.478,-9999.000000,26.083512,26.0,12.2747,HIGH,0.6,0.015,0.001
1774254474.8491662,387.547,-9999.000000,26.089473,26.0,11.8903,HIGH,0.6,0.015,0.001
1774254474.9165318,387.614,-9999.000000,26.081127,26.0,12.4039,HIGH,0.6,0.015,0.001
1774254474.9881387,387.686,-9999.000000,26.091062,26.0,11.7717,HIGH,0.6,0.015,0.001
1774254475.092417,387.790,-9999.000000,26.087087,26.0,12.0143,HIGH,0.6,0.015,0.001
1774254475.1519008,387.850,-9999.000000,26.083512,26.0,12.2235,HIGH,0.6,0.015,0.001
1774254475.2219203,387.920,-9999.000000,26.088280,26.0,11.9154,HIGH,0.6,0.015,0.001
1774254475.2888849,387.987,-9999.000000,26.090663,26.0,11.7666,HIGH,0.6,0.015,0.001
1774254475.3616087,388.059,-9999.000000,26.079934,26.0,12.4199,HIGH,0.6,0.015,0.001
1774254475.4643154,388.162,-9999.000000,26.081923,26.0,12.2712,HIGH,0.6,0.015,0.001
1774254475.5262425,388.224,-9999.000000,26.086691,26.0,11.9713,HIGH,0.6,0.015,0.001
1774254475.5938473,388.292,-9999.000000,26.083113,26.0,12.1906,HIGH,0.6,0.015,0.001
1774254475.6625047,388.360,-9999.000000,26.083113,26.0,12.1767,HIGH,0.6,0.015,0.001
1774254475.7253802,388.423,-9999.000000,26.083909,26.0,12.1198,HIGH,0.6,0.015,0.001
1774254475.8335314,388.531,-9999.000000,26.068014,26.0,13.0784,HIGH,0.6,0.015,0.001
1774254475.8929076,388.591,-9999.000000,26.080331,26.0,12.2968,HIGH,0.6,0.015,0.001
1774254475.9613538,388.659,-9999.000000,26.078345,26.0,12.4316,HIGH,0.6,0.015,0.001
1774254476.03267,388.731,-9999.000000,26.075960,26.0,12.5670,HIGH,0.6,0.015,0.001
1774254476.1024883,388.800,-9999.000000,26.080730,26.0,12.2621,HIGH,0.6,0.015,0.001
1774254476.2022703,388.900,-9999.000000,26.064040,26.0,13.2775,HIGH,0.6,0.015,0.001
1774254476.2632768,388.961,-9999.000000,26.093048,26.0,11.4642,HIGH,0.6,0.015,0.001
1774254476.331797,389.030,-9999.000000,26.075960,26.0,12.5542,HIGH,0.6,0.015,0.001
1774254476.3985848,389.096,-9999.000000,26.075960,26.0,12.5217,HIGH,0.6,0.015,0.001
1774254476.4673462,389.165,-9999.000000,26.078742,26.0,12.3426,HIGH,0.6,0.015,0.001
1774254476.537884,389.236,-9999.000000,26.080730,26.0,12.2160,HIGH,0.6,0.015,0.001
1774254476.6069455,389.305,-9999.000000,26.080331,26.0,12.2350,HIGH,0.6,0.015,0.001
1774254476.702189,389.400,-9999.000000,26.093445,26.0,11.4205,HIGH,0.6,0.015,0.001
1774254476.7654667,389.463,-9999.000000,26.079538,26.0,12.2831,HIGH,0.6,0.015,0.001
1774254476.8288434,389.527,-9999.000000,26.070796,26.0,12.7927,HIGH,0.6,0.015,0.001
1774254476.8923929,389.590,-9999.000000,26.068810,26.0,12.8946,HIGH,0.6,0.015,0.001
1774254476.9703813,389.668,-9999.000000,26.073577,26.0,12.5907,HIGH,0.6,0.015,0.001
1774254477.0409226,389.739,-9999.000000,26.071988,26.0,12.6868,HIGH,0.6,0.015,0.001
1774254477.1077068,389.806,-9999.000000,26.069207,26.0,12.8487,HIGH,0.6,0.015,0.001
1774254477.1769722,389.875,-9999.000000,26.067221,26.0,12.9596,HIGH,0.6,0.015,0.001
1774254477.2768948,389.975,-9999.000000,26.081127,26.0,12.0963,HIGH,0.6,0.015,0.001
1774254477.3366442,390.035,-9999.000000,26.074371,26.0,12.5202,HIGH,0.6,0.015,0.001
1774254477.4054003,390.103,-9999.000000,26.066028,26.0,13.0147,HIGH,0.6,0.015,0.001
1774254477.4744246,390.172,-9999.000000,26.064836,26.0,13.0692,HIGH,0.6,0.015,0.001
1774254477.5766885,390.275,-9999.000000,26.062054,26.0,13.2275,HIGH,0.6,0.015,0.001
1774254477.6376984,390.336,-9999.000000,26.068014,26.0,12.8512,HIGH,0.6,0.015,0.001
1774254477.7059574,390.404,-9999.000000,26.064836,26.0,13.0497,HIGH,0.6,0.015,0.001
1774254477.7789242,390.477,-9999.000000,26.053314,26.0,13.7464,HIGH,0.6,0.015,0.001
1774254477.8494735,390.547,-9999.000000,26.052521,26.0,13.7737,HIGH,0.6,0.015,0.001
1774254477.9162662,390.614,-9999.000000,26.058480,26.0,13.4002,HIGH,0.6,0.015,0.001
1774254478.020578,390.718,-9999.000000,26.052917,26.0,13.7400,HIGH,0.6,0.015,0.001
1774254478.081591,390.779,-9999.000000,26.057684,26.0,13.4356,HIGH,0.6,0.015,0.001
1774254478.1501133,390.848,-9999.000000,26.047355,26.0,14.0733,HIGH,0.6,0.015,0.001
1774254478.2188663,390.917,-9999.000000,26.049340,26.0,13.9312,HIGH,0.6,0.015,0.001
1774254478.2858815,390.984,-9999.000000,26.048944,26.0,13.9535,HIGH,0.6,0.015,0.001
1774254478.354667,391.053,-9999.000000,26.048944,26.0,13.9479,HIGH,0.6,0.015,0.001
1774254478.4509952,391.149,-9999.000000,26.035834,26.0,14.7429,HIGH,0.6,0.015,0.001
1774254478.5141323,391.212,-9999.000000,26.052121,26.0,13.7213,HIGH,0.6,0.015,0.001
1774254478.58927,391.287,-9999.000000,26.047751,26.0,14.0097,HIGH,0.6,0.015,0.001
1774254478.6572087,391.355,-9999.000000,26.039411,26.0,14.5126,HIGH,0.6,0.015,0.001
1774254478.7202988,391.418,-9999.000000,26.050532,26.0,13.8106,HIGH,0.6,0.015,0.001
1774254478.789653,391.488,-9999.000000,26.035438,26.0,14.7520,HIGH,0.6,0.015,0.001
1774254478.8643806,391.562,-9999.000000,26.037822,26.0,14.5797,HIGH,0.6,0.015,0.001
1774254478.9673612,391.665,-9999.000000,26.038219,26.0,14.5529,HIGH,0.6,0.015,0.001
1774254479.0298293,391.728,-9999.000000,26.037026,26.0,14.6232,HIGH,0.6,0.015,0.001
1774254479.0985768,391.796,-9999.000000,26.033053,26.0,14.8621,HIGH,0.6,0.015,0.001
1774254479.166043,391.864,-9999.000000,26.035438,26.0,14.7061,HIGH,0.6,0.015,0.001
1774254479.2345908,391.932,-9999.000000,26.035041,26.0,14.7304,HIGH,0.6,0.015,0.001
1774254479.3046105,392.002,-9999.000000,26.037423,26.0,14.5796,HIGH,0.6,0.015,0.001
1774254479.4097512,392.108,-9999.000000,26.033849,26.0,14.7955,HIGH,0.6,0.015,0.001
1774254479.472041,392.170,-9999.000000,26.034245,26.0,14.7645,HIGH,0.6,0.015,0.001
1774254479.540468,392.238,-9999.000000,26.033453,26.0,14.8104,HIGH,0.6,0.015,0.001
1774254479.6035259,392.301,-9999.000000,26.029479,26.0,15.0511,HIGH,0.6,0.015,0.001
1774254479.6783888,392.376,-9999.000000,26.030672,26.0,14.9683,HIGH,0.6,0.015,0.001
1774254479.7454016,392.443,-9999.000000,26.026302,26.0,15.2359,HIGH,0.6,0.015,0.001
1774254479.8517723,392.550,-9999.000000,26.037423,26.0,14.5457,HIGH,0.6,0.015,0.001
1774254479.9022639,392.600,-9999.000000,26.028684,26.0,15.0957,HIGH,0.6,0.015,0.001
1774254479.9656694,392.664,-9999.000000,26.025507,26.0,15.2716,HIGH,0.6,0.015,0.001
1774254480.052351,392.750,-9999.000000,26.028684,26.0,15.0685,HIGH,0.6,0.015,0.001
1774254480.1207032,392.819,-9999.000000,26.041792,26.0,14.2622,HIGH,0.6,0.015,0.001
1774254480.2183301,392.916,-9999.000000,26.024314,26.0,15.3444,HIGH,0.6,0.015,0.001
1774254480.2837286,392.982,-9999.000000,26.025110,26.0,15.2751,HIGH,0.6,0.015,0.001
1774254480.3535671,393.051,-9999.000000,26.029083,26.0,15.0292,HIGH,0.6,0.015,0.001
1774254480.4197938,393.118,-9999.000000,26.028684,26.0,15.0566,HIGH,0.6,0.015,0.001
1774254480.4909294,393.189,-9999.000000,26.029083,26.0,15.0284,HIGH,0.6,0.015,0.001
1774254480.5605981,393.258,-9999.000000,26.027095,26.0,15.1482,HIGH,0.6,0.015,0.001
1774254480.6286569,393.327,-9999.000000,26.023125,26.0,15.3870,HIGH,0.6,0.015,0.001
1774254480.7315898,393.429,-9999.000000,26.021933,26.0,15.4505,HIGH,0.6,0.015,0.001
1774254480.7913356,393.489,-9999.000000,26.028287,26.0,15.0549,HIGH,0.6,0.015,0.001
1774254480.862636,393.561,-9999.000000,26.016372,26.0,15.7954,HIGH,0.6,0.015,0.001
1774254480.9282029,393.626,-9999.000000,26.024714,26.0,15.2631,HIGH,0.6,0.015,0.001
1774254481.0000257,393.698,-9999.000000,26.022726,26.0,15.3954,HIGH,0.6,0.015,0.001
1774254481.1028485,393.801,-9999.000000,26.025507,26.0,15.2191,HIGH,0.6,0.015,0.001
1774254481.1642466,393.862,-9999.000000,26.021537,26.0,15.4645,HIGH,0.6,0.015,0.001
1774254481.2312596,393.929,-9999.000000,26.014387,26.0,15.8962,HIGH,0.6,0.015,0.001
1774254481.2977135,393.996,-9999.000000,26.021933,26.0,15.4193,HIGH,0.6,0.015,0.001
1774254481.3651063,394.063,-9999.000000,26.010018,26.0,16.1622,HIGH,0.6,0.015,0.001
1774254481.4352796,394.133,-9999.000000,26.027095,26.0,15.0927,HIGH,0.6,0.015,0.001
1774254481.5370135,394.235,-9999.000000,26.027095,26.0,15.1129,HIGH,0.6,0.015,0.001
1774254481.594641,394.293,-9999.000000,26.020741,26.0,15.5034,HIGH,0.6,0.015,0.001
1774254481.6682484,394.366,-9999.000000,26.023522,26.0,15.3192,HIGH,0.6,0.015,0.001
1774254481.729377,394.427,-9999.000000,26.030275,26.0,14.9039,HIGH,0.6,0.015,0.001
1774254481.8027897,394.501,-9999.000000,26.025507,26.0,15.2047,HIGH,0.6,0.015,0.001
1774254481.8696404,394.568,-9999.000000,26.035041,26.0,14.6084,HIGH,0.6,0.015,0.001
1774254481.936951,394.635,-9999.000000,26.029479,26.0,14.9616,HIGH,0.6,0.015,0.001
1774254482.007586,394.705,-9999.000000,26.032657,26.0,14.7548,HIGH,0.6,0.015,0.001
1774254482.0999985,394.798,-9999.000000,26.026302,26.0,15.1438,HIGH,0.6,0.015,0.001
1774254482.1709683,394.869,-9999.000000,26.025110,26.0,15.2074,HIGH,0.6,0.015,0.001
1774254482.2386227,394.937,-9999.000000,26.027494,26.0,15.0564,HIGH,0.6,0.015,0.001
1774254482.3057015,395.004,-9999.000000,26.026302,26.0,15.1306,HIGH,0.6,0.015,0.001
1774254482.3690538,395.067,-9999.000000,26.027494,26.0,15.0528,HIGH,0.6,0.015,0.001
1774254482.4325752,395.130,-9999.000000,26.024714,26.0,15.2235,HIGH,0.6,0.015,0.001
1774254482.5106335,395.209,-9999.000000,26.021933,26.0,15.3870,HIGH,0.6,0.015,0.001
1774254482.6125565,395.310,-9999.000000,26.021537,26.0,15.4043,HIGH,0.6,0.015,0.001
1774254482.672229,395.370,-9999.000000,26.023918,26.0,15.2549,HIGH,0.6,0.015,0.001
1774254482.739752,395.438,-9999.000000,26.030672,26.0,14.8406,HIGH,0.6,0.015,0.001
1774254482.7976587,395.496,-9999.000000,26.030275,26.0,14.8724,HIGH,0.6,0.015,0.001
1774254482.874547,395.572,-9999.000000,26.027891,26.0,15.0147,HIGH,0.6,0.015,0.001
1774254482.9421904,395.640,-9999.000000,26.014387,26.0,15.8403,HIGH,0.6,0.015,0.001
1774254483.011346,395.709,-9999.000000,26.021933,26.0,15.3544,HIGH,0.6,0.015,0.001
1774254483.0666928,395.765,-9999.000000,26.021137,26.0,15.4127,HIGH,0.6,0.015,0.001
1774254483.1458414,395.844,-9999.000000,26.022726,26.0,15.3113,HIGH,0.6,0.015,0.001
1774254483.241476,395.939,-9999.000000,26.023125,26.0,15.2856,HIGH,0.6,0.015,0.001
1774254483.307593,396.005,-9999.000000,26.028287,26.0,14.9657,HIGH,0.6,0.015,0.001
1774254483.3766286,396.075,-9999.000000,26.017960,26.0,15.6062,HIGH,0.6,0.015,0.001
1774254483.4321904,396.130,-9999.000000,26.027494,26.0,14.9997,HIGH,0.6,0.015,0.001
1774254483.5117261,396.210,-9999.000000,26.021933,26.0,15.3549,HIGH,0.6,0.015,0.001
1774254483.5814044,396.279,-9999.000000,26.010018,26.0,16.0789,HIGH,0.6,0.015,0.001
1774254483.6485858,396.346,-9999.000000,26.019948,26.0,15.4492,HIGH,0.6,0.015,0.001
1774254483.7159584,396.414,-9999.000000,26.008430,26.0,16.1713,HIGH,0.6,0.015,0.001
1774254483.8129041,396.511,-9999.000000,26.025507,26.0,15.1083,HIGH,0.6,0.015,0.001
1774254483.876397,396.574,-9999.000000,26.025507,26.0,15.1235,HIGH,0.6,0.015,0.001
1774254483.942146,396.640,-9999.000000,26.032260,26.0,14.7048,HIGH,0.6,0.015,0.001
1774254484.0054092,396.703,-9999.000000,26.025110,26.0,15.1530,HIGH,0.6,0.015,0.001
1774254484.0824924,396.780,-9999.000000,26.027095,26.0,15.0169,HIGH,0.6,0.015,0.001
1774254484.1533785,396.851,-9999.000000,26.027891,26.0,14.9676,HIGH,0.6,0.015,0.001
1774254484.222056,396.920,-9999.000000,26.021933,26.0,15.3327,HIGH,0.6,0.015,0.001
1774254484.3375335,397.035,-9999.000000,26.030672,26.0,14.7868,HIGH,0.6,0.015,0.001
1774254484.3968933,397.095,-9999.000000,26.031464,26.0,14.7426,HIGH,0.6,0.015,0.001
1774254484.4756098,397.173,-9999.000000,26.023918,26.0,15.2035,HIGH,0.6,0.015,0.001
1774254484.5762532,397.274,-9999.000000,26.021933,26.0,15.3117,HIGH,0.6,0.015,0.001
1774254484.6412914,397.339,-9999.000000,26.031068,26.0,14.7446,HIGH,0.6,0.015,0.001
1774254484.7110226,397.409,-9999.000000,26.026699,26.0,15.0242,HIGH,0.6,0.015,0.001
1774254484.8159714,397.514,-9999.000000,26.035438,26.0,14.4797,HIGH,0.6,0.015,0.001
1774254484.875345,397.573,-9999.000000,26.031464,26.0,14.7303,HIGH,0.6,0.015,0.001
1774254484.9434958,397.641,-9999.000000,26.030672,26.0,14.7692,HIGH,0.6,0.015,0.001
1774254485.0135212,397.711,-9999.000000,26.027095,26.0,14.9849,HIGH,0.6,0.015,0.001
1774254485.076811,397.775,-9999.000000,26.027891,26.0,14.9282,HIGH,0.6,0.015,0.001
1774254485.1503322,397.848,-9999.000000,26.017960,26.0,15.5368,HIGH,0.6,0.015,0.001
1774254485.2200496,397.918,-9999.000000,26.025906,26.0,15.0324,HIGH,0.6,0.015,0.001
1774254485.314983,398.013,-9999.000000,26.037026,26.0,14.3596,HIGH,0.6,0.015,0.001
1774254485.381697,398.080,-9999.000000,26.032657,26.0,14.6368,HIGH,0.6,0.015,0.001
1774254485.4539316,398.152,-9999.000000,26.037822,26.0,14.3091,HIGH,0.6,0.015,0.001
1774254485.5204675,398.218,-9999.000000,26.031464,26.0,14.7041,HIGH,0.6,0.015,0.001
1774254485.583661,398.282,-9999.000000,26.043381,26.0,13.9566,HIGH,0.6,0.015,0.001
1774254485.65846,398.356,-9999.000000,26.037026,26.0,14.3611,HIGH,0.6,0.015,0.001
1774254485.7255785,398.423,-9999.000000,26.031464,26.0,14.6914,HIGH,0.6,0.015,0.001
1774254485.8297682,398.528,-9999.000000,26.038615,26.0,14.2412,HIGH,0.6,0.015,0.001
1774254485.8893292,398.587,-9999.000000,26.025507,26.0,15.0543,HIGH,0.6,0.015,0.001
1774254485.958354,398.656,-9999.000000,26.035834,26.0,14.3939,HIGH,0.6,0.015,0.001
1774254486.025604,398.723,-9999.000000,26.031864,26.0,14.6498,HIGH,0.6,0.015,0.001
1774254486.0936482,398.792,-9999.000000,26.037026,26.0,14.3228,HIGH,0.6,0.015,0.001
1774254486.1619062,398.860,-9999.000000,26.032657,26.0,14.5956,HIGH,0.6,0.015,0.001
1774254486.2326953,398.931,-9999.000000,26.031464,26.0,14.6591,HIGH,0.6,0.015,0.001
1774254486.3334222,399.031,-9999.000000,26.036233,26.0,14.3611,HIGH,0.6,0.015,0.001
1774254486.3922698,399.090,-9999.000000,26.035438,26.0,14.4118,HIGH,0.6,0.015,0.001
1774254486.4613128,399.159,-9999.000000,26.034642,26.0,14.4557,HIGH,0.6,0.015,0.001
1774254486.5322556,399.230,-9999.000000,26.032657,26.0,14.5730,HIGH,0.6,0.015,0.001
1774254486.5996125,399.297,-9999.000000,26.033053,26.0,14.5425,HIGH,0.6,0.015,0.001
1774254486.6681178,399.366,-9999.000000,26.037026,26.0,14.2951,HIGH,0.6,0.015,0.001
1774254486.7374253,399.435,-9999.000000,26.036233,26.0,14.3458,HIGH,0.6,0.015,0.001
1774254486.8399048,399.538,-9999.000000,26.055299,26.0,13.1736,HIGH,0.6,0.015,0.001
1774254486.900323,399.598,-9999.000000,26.009223,26.0,16.0323,HIGH,0.6,0.015,0.001
1774254486.9680932,399.666,-9999.000000,26.037822,26.0,14.1940,HIGH,0.6,0.015,0.001
1774254487.0336766,399.732,-9999.000000,26.038219,26.0,14.2080,HIGH,0.6,0.015,0.001
1774254487.1066272,399.805,-9999.000000,26.041792,26.0,13.9847,HIGH,0.6,0.015,0.001
1774254487.1751075,399.873,-9999.000000,26.043781,26.0,13.8629,HIGH,0.6,0.015,0.001
1774254487.2769396,399.975,-9999.000000,26.036630,26.0,14.2963,HIGH,0.6,0.015,0.001
1774254487.3382313,400.036,-9999.000000,26.038219,26.0,14.1879,HIGH,0.6,0.015,0.001
1774254487.407337,400.105,-9999.000000,26.039807,26.0,14.0887,HIGH,0.6,0.015,0.001
1774254487.4756374,400.174,-9999.000000,26.040603,26.0,14.0379,HIGH,0.6,0.015,0.001
1774254487.568785,400.267,-9999.000000,26.037822,26.0,14.2037,HIGH,0.6,0.015,0.001
1774254487.6325295,400.330,-9999.000000,26.039011,26.0,14.1237,HIGH,0.6,0.015,0.001
1774254487.7038257,400.402,-9999.000000,26.041396,26.0,13.9747,HIGH,0.6,0.015,0.001
1774254487.7724252,400.470,-9999.000000,26.038615,26.0,14.1450,HIGH,0.6,0.015,0.001
1774254487.8395333,400.537,-9999.000000,26.048151,26.0,13.5498,HIGH,0.6,0.015,0.001
1774254487.9067035,400.605,-9999.000000,26.039411,26.0,14.0974,HIGH,0.6,0.015,0.001
1774254487.9754093,400.673,-9999.000000,26.039411,26.0,14.0803,HIGH,0.6,0.015,0.001
1774254488.0447242,400.743,-9999.000000,26.037423,26.0,14.1986,HIGH,0.6,0.015,0.001
1774254488.137568,400.835,-9999.000000,26.033453,26.0,14.4336,HIGH,0.6,0.015,0.001
1774254488.200233,400.898,-9999.000000,26.037423,26.0,14.1812,HIGH,0.6,0.015,0.001
1774254488.2747748,400.973,-9999.000000,26.048151,26.0,13.5241,HIGH,0.6,0.015,0.001
1774254488.3413522,401.039,-9999.000000,26.037026,26.0,14.2190,HIGH,0.6,0.015,0.001
1774254488.4083054,401.106,-9999.000000,26.039411,26.0,14.0517,HIGH,0.6,0.015,0.001
1774254488.4769835,401.175,-9999.000000,26.033849,26.0,14.3936,HIGH,0.6,0.015,0.001
1774254488.5442758,401.242,-9999.000000,26.039411,26.0,14.0395,HIGH,0.6,0.015,0.001
1774254488.6444373,401.342,-9999.000000,26.032657,26.0,14.4549,HIGH,0.6,0.015,0.001
1774254488.7008438,401.399,-9999.000000,26.054903,26.0,13.0693,HIGH,0.6,0.015,0.001
1774254488.7694702,401.467,-9999.000000,26.039411,26.0,14.0567,HIGH,0.6,0.015,0.001
1774254488.8327842,401.531,-9999.000000,26.037822,26.0,14.1284,HIGH,0.6,0.015,0.001
1774254488.908408,401.606,-9999.000000,26.041396,26.0,13.9020,HIGH,0.6,0.015,0.001
1774254488.9788616,401.677,-9999.000000,26.036233,26.0,14.2200,HIGH,0.6,0.015,0.001
1774254489.043993,401.742,-9999.000000,26.031068,26.0,14.5275,HIGH,0.6,0.015,0.001
1774254489.1482875,401.846,-9999.000000,26.019549,26.0,15.2187,HIGH,0.6,0.015,0.001
1774254489.2012327,401.899,-9999.000000,26.035834,26.0,14.1970,HIGH,0.6,0.015,0.001
1774254489.2754252,401.973,-9999.000000,26.028287,26.0,14.6875,HIGH,0.6,0.015,0.001
1774254489.3464499,402.044,-9999.000000,26.032260,26.0,14.4300,HIGH,0.6,0.015,0.001
1774254489.4135783,402.111,-9999.000000,26.000885,26.0,16.3647,HIGH,0.6,0.015,0.001
1774254489.5159705,402.214,-9999.000000,26.032657,26.0,14.3756,HIGH,0.6,0.015,0.001
1774254489.5774345,402.275,-9999.000000,26.034642,26.0,14.2811,HIGH,0.6,0.015,0.001
1774254489.639331,402.337,-9999.000000,26.033053,26.0,14.3792,HIGH,0.6,0.015,0.001
1774254489.7107425,402.409,-9999.000000,26.036630,26.0,14.1531,HIGH,0.6,0.015,0.001
1774254489.7814984,402.479,-9999.000000,26.032657,26.0,14.3986,HIGH,0.6,0.015,0.001
1774254489.850353,402.548,-9999.000000,26.033053,26.0,14.3652,HIGH,0.6,0.015,0.001
1774254489.918697,402.617,-9999.000000,26.052917,26.0,13.1395,HIGH,0.6,0.015,0.001
1774254489.9848115,402.683,-9999.000000,26.033053,26.0,14.3872,HIGH,0.6,0.015,0.001
1774254490.0868528,402.785,-9999.000000,26.036233,26.0,14.1576,HIGH,0.6,0.015,0.001
1774254490.145638,402.844,-9999.000000,26.034245,26.0,14.2804,HIGH,0.6,0.015,0.001
1774254490.2126665,402.911,-9999.000000,26.052521,26.0,13.1479,HIGH,0.6,0.015,0.001
1774254490.281283,402.979,-9999.000000,26.031068,26.0,14.4904,HIGH,0.6,0.015,0.001
1774254490.3540328,403.052,-9999.000000,26.036630,26.0,14.1138,HIGH,0.6,0.015,0.001
1774254490.4236877,403.122,-9999.000000,26.041396,26.0,13.8243,HIGH,0.6,0.015,0.001
1774254490.4923701,403.190,-9999.000000,26.037822,26.0,14.0469,HIGH,0.6,0.015,0.001
1774254490.5961802,403.294,-9999.000000,26.035438,26.0,14.1816,HIGH,0.6,0.015,0.001
1774254490.6560607,403.354,-9999.000000,26.038615,26.0,13.9798,HIGH,0.6,0.015,0.001
1774254490.72336,403.421,-9999.000000,26.026699,26.0,14.7151,HIGH,0.6,0.015,0.001
1774254490.79126,403.489,-9999.000000,26.039807,26.0,13.8876,HIGH,0.6,0.015,0.001
1774254490.904329,403.602,-9999.000000,26.038615,26.0,13.9729,HIGH,0.6,0.015,0.001
1774254490.968089,403.666,-9999.000000,26.035438,26.0,14.1641,HIGH,0.6,0.015,0.001
1774254491.042743,403.741,-9999.000000,26.034642,26.0,14.2040,HIGH,0.6,0.015,0.001
1774254491.1393192,403.837,-9999.000000,26.041396,26.0,13.7847,HIGH,0.6,0.015,0.001
1774254491.2184043,403.916,-9999.000000,26.035041,26.0,14.1769,HIGH,0.6,0.015,0.001
1774254491.2818844,403.980,-9999.000000,26.045766,26.0,13.5041,HIGH,0.6,0.015,0.001
1774254491.3650274,404.063,-9999.000000,26.027891,26.0,14.6115,HIGH,0.6,0.015,0.001
1774254491.4752645,404.173,-9999.000000,26.037026,26.0,14.0275,HIGH,0.6,0.015,0.001
1774254491.535235,404.233,-9999.000000,26.037822,26.0,13.9833,HIGH,0.6,0.015,0.001
1774254491.610316,404.308,-9999.000000,26.031864,26.0,14.3465,HIGH,0.6,0.015,0.001
1774254491.6826801,404.381,-9999.000000,26.035041,26.0,14.1397,HIGH,0.6,0.015,0.001
1774254491.7906191,404.489,-9999.000000,26.039011,26.0,13.8959,HIGH,0.6,0.015,0.001
1774254491.8506634,404.549,-9999.000000,26.034642,26.0,14.1659,HIGH,0.6,0.015,0.001
1774254491.9636512,404.662,-9999.000000,26.031464,26.0,14.3468,HIGH,0.6,0.015,0.001
1774254492.0289814,404.727,-9999.000000,26.013195,26.0,15.4668,HIGH,0.6,0.015,0.001
1774254492.0989313,404.797,-9999.000000,26.046562,26.0,13.3842,HIGH,0.6,0.015,0.001
1774254492.2144308,404.912,-9999.000000,26.029876,26.0,14.4423,HIGH,0.6,0.015,0.001
1774254492.2781851,404.976,-9999.000000,26.013195,26.0,15.4537,HIGH,0.6,0.015,0.001
1774254492.343662,405.042,-9999.000000,26.029876,26.0,14.3982,HIGH,0.6,0.015,0.001
1774254492.4216247,405.120,-9999.000000,26.035834,26.0,14.0544,HIGH,0.6,0.015,0.001
1774254492.517834,405.216,-9999.000000,26.029083,26.0,14.4699,HIGH,0.6,0.015,0.001
1774254492.5969796,405.295,-9999.000000,26.030275,26.0,14.3863,HIGH,0.6,0.015,0.001
1774254492.666319,405.364,-9999.000000,26.033849,26.0,14.1647,HIGH,0.6,0.015,0.001
1774254492.7359717,405.434,-9999.000000,26.031068,26.0,14.3374,HIGH,0.6,0.015,0.001
1774254492.8049805,405.503,-9999.000000,26.035041,26.0,14.0857,HIGH,0.6,0.015,0.001
1774254492.9130118,405.611,-9999.000000,26.028684,26.0,14.4741,HIGH,0.6,0.015,0.001
1774254492.9761217,405.674,-9999.000000,26.028287,26.0,14.4899,HIGH,0.6,0.015,0.001
1774254493.055078,405.753,-9999.000000,26.034642,26.0,14.0959,HIGH,0.6,0.015,0.001
1774254493.1650777,405.863,-9999.000000,26.040603,26.0,13.7341,HIGH,0.6,0.015,0.001
1774254493.2285314,405.926,-9999.000000,26.029876,26.0,14.3973,HIGH,0.6,0.015,0.001
1774254493.2920535,405.990,-9999.000000,26.031464,26.0,14.2795,HIGH,0.6,0.015,0.001
1774254493.3729863,406.071,-9999.000000,26.004061,26.0,15.9596,HIGH,0.6,0.015,0.001
1774254493.4813159,406.179,-9999.000000,26.027891,26.0,14.4694,HIGH,0.6,0.015,0.001
1774254493.5454197,406.243,-9999.000000,26.028287,26.0,14.4643,HIGH,0.6,0.015,0.001
1774254493.6092021,406.307,-9999.000000,26.034245,26.0,14.0948,HIGH,0.6,0.015,0.001
1774254493.6883562,406.386,-9999.000000,26.029479,26.0,14.3926,HIGH,0.6,0.015,0.001
1774254493.7988234,406.497,-9999.000000,26.034245,26.0,14.0907,HIGH,0.6,0.015,0.001
1774254493.8662257,406.564,-9999.000000,26.025507,26.0,14.6297,HIGH,0.6,0.015,0.001
1774254493.925539,406.623,-9999.000000,26.031464,26.0,14.2464,HIGH,0.6,0.015,0.001
1774254494.0069277,406.705,-9999.000000,26.030672,26.0,14.3013,HIGH,0.6,0.015,0.001
1774254494.1189313,406.817,-9999.000000,26.038219,26.0,13.8343,HIGH,0.6,0.015,0.001
1774254494.1866944,406.885,-9999.000000,26.031464,26.0,14.2531,HIGH,0.6,0.015,0.001
1774254494.2895553,406.987,-9999.000000,26.032657,26.0,14.1654,HIGH,0.6,0.015,0.001
1774254494.3532014,407.051,-9999.000000,26.026699,26.0,14.5308,HIGH,0.6,0.015,0.001
1774254494.4307237,407.129,-9999.000000,26.033053,26.0,14.1282,HIGH,0.6,0.015,0.001
1774254494.5373902,407.235,-9999.000000,26.035834,26.0,13.9612,HIGH,0.6,0.015,0.001
1774254494.5963845,407.294,-9999.000000,26.035834,26.0,13.9606,HIGH,0.6,0.015,0.001
1774254494.6700802,407.368,-9999.000000,26.032657,26.0,14.1519,HIGH,0.6,0.015,0.001
1774254494.7434812,407.441,-9999.000000,26.030275,26.0,14.2904,HIGH,0.6,0.015,0.001
1774254494.8556452,407.554,-9999.000000,26.036233,26.0,13.9183,HIGH,0.6,0.015,0.001
1774254494.9180121,407.616,-9999.000000,26.032260,26.0,14.1653,HIGH,0.6,0.015,0.001
1774254494.9905565,407.688,-9999.000000,26.036233,26.0,13.9112,HIGH,0.6,0.015,0.001
1774254495.0616488,407.760,-9999.000000,26.033053,26.0,14.1084,HIGH,0.6,0.015,0.001
1774254495.161451,407.859,-9999.000000,26.036630,26.0,13.8803,HIGH,0.6,0.015,0.001
1774254495.2374122,407.935,-9999.000000,26.035834,26.0,13.9286,HIGH,0.6,0.015,0.001
1774254495.3085651,408.006,-9999.000000,26.036233,26.0,13.8991,HIGH,0.6,0.015,0.001
1774254495.4178097,408.116,-9999.000000,26.033849,26.0,14.0394,HIGH,0.6,0.015,0.001
1774254495.480221,408.178,-9999.000000,26.033053,26.0,14.0831,HIGH,0.6,0.015,0.001
1774254495.5534825,408.251,-9999.000000,26.035438,26.0,13.9316,HIGH,0.6,0.015,0.001
1774254495.6267345,408.325,-9999.000000,26.033453,26.0,14.0530,HIGH,0.6,0.015,0.001
1774254495.737094,408.435,-9999.000000,26.035438,26.0,13.9235,HIGH,0.6,0.015,0.001
1774254495.8003788,408.498,-9999.000000,26.030275,26.0,14.2404,HIGH,0.6,0.015,0.001
1774254495.871017,408.569,-9999.000000,26.052121,26.0,12.8850,HIGH,0.6,0.015,0.001
1774254495.9797385,408.678,-9999.000000,26.032657,26.0,14.0964,HIGH,0.6,0.015,0.001
1774254496.04125,408.739,-9999.000000,26.038219,26.0,13.7322,HIGH,0.6,0.015,0.001
1774254496.1146014,408.812,-9999.000000,26.034245,26.0,13.9813,HIGH,0.6,0.015,0.001
1774254496.188786,408.887,-9999.000000,26.035041,26.0,13.9231,HIGH,0.6,0.015,0.001
1774254496.29642,408.994,-9999.000000,26.024314,26.0,14.5739,HIGH,0.6,0.015,0.001
1774254496.3519974,409.050,-9999.000000,26.050136,26.0,12.9640,HIGH,0.6,0.015,0.001
1774254496.4413016,409.139,-9999.000000,26.025507,26.0,14.5124,HIGH,0.6,0.015,0.001
1774254496.5417957,409.240,-9999.000000,26.035041,26.0,13.8979,HIGH,0.6,0.015,0.001
1774254496.6143377,409.312,-9999.000000,26.031464,26.0,14.1235,HIGH,0.6,0.015,0.001
1774254496.726158,409.424,-9999.000000,26.037822,26.0,13.7251,HIGH,0.6,0.015,0.001
1774254496.7891383,409.487,-9999.000000,26.037423,26.0,13.7519,HIGH,0.6,0.015,0.001
1774254496.8576202,409.556,-9999.000000,26.040204,26.0,13.5762,HIGH,0.6,0.015,0.001
1774254496.9312177,409.629,-9999.000000,26.036233,26.0,13.8198,HIGH,0.6,0.015,0.001
1774254497.0263333,409.724,-9999.000000,26.051725,26.0,12.8613,HIGH,0.6,0.015,0.001
1774254497.1056786,409.804,-9999.000000,26.040603,26.0,13.5541,HIGH,0.6,0.015,0.001
1774254497.1805038,409.878,-9999.000000,26.032657,26.0,14.0238,HIGH,0.6,0.015,0.001
1774254497.251589,409.949,-9999.000000,26.018357,26.0,14.8893,HIGH,0.6,0.015,0.001
1774254497.3618503,410.060,-9999.000000,26.031068,26.0,14.0899,HIGH,0.6,0.015,0.001
1774254497.42162,410.120,-9999.000000,26.032657,26.0,14.0005,HIGH,0.6,0.015,0.001
1774254497.5457983,410.244,-9999.000000,26.047751,26.0,13.0764,HIGH,0.6,0.015,0.001
1774254497.610472,410.308,-9999.000000,26.038219,26.0,13.6716,HIGH,0.6,0.015,0.001
1774254497.6831684,410.381,-9999.000000,26.031864,26.0,14.0434,HIGH,0.6,0.015,0.001
1774254497.7539408,410.452,-9999.000000,26.035041,26.0,13.8358,HIGH,0.6,0.015,0.001
1774254497.8621962,410.560,-9999.000000,26.030672,26.0,14.1015,HIGH,0.6,0.015,0.001
1774254497.9269304,410.625,-9999.000000,26.044177,26.0,13.2620,HIGH,0.6,0.015,0.001
1774254497.9895794,410.687,-9999.000000,26.035438,26.0,13.8178,HIGH,0.6,0.015,0.001
1774254498.0678408,410.766,-9999.000000,26.035041,26.0,13.8241,HIGH,0.6,0.015,0.001
1774254498.178697,410.877,-9999.000000,26.035438,26.0,13.7935,HIGH,0.6,0.015,0.001
1774254498.241677,410.940,-9999.000000,26.039807,26.0,13.5210,HIGH,0.6,0.015,0.001
1774254498.312001,411.010,-9999.000000,26.034642,26.0,13.8416,HIGH,0.6,0.015,0.001
1774254498.3842533,411.082,-9999.000000,26.031464,26.0,14.0258,HIGH,0.6,0.015,0.001
1774254498.4953072,411.193,-9999.000000,26.033849,26.0,13.8706,HIGH,0.6,0.015,0.001
1774254498.5649288,411.263,-9999.000000,26.037026,26.0,13.6737,HIGH,0.6,0.015,0.001
1774254498.6375933,411.335,-9999.000000,26.034642,26.0,13.8208,HIGH,0.6,0.015,0.001
1774254498.7452044,411.443,-9999.000000,26.031464,26.0,14.0060,HIGH,0.6,0.015,0.001
1774254498.810745,411.509,-9999.000000,26.042588,26.0,13.3145,HIGH,0.6,0.015,0.001
1774254498.874656,411.573,-9999.000000,26.035041,26.0,13.7928,HIGH,0.6,0.015,0.001
1774254498.953008,411.651,-9999.000000,26.035834,26.0,13.7281,HIGH,0.6,0.015,0.001
1774254499.0646605,411.763,-9999.000000,26.037026,26.0,13.6504,HIGH,0.6,0.015,0.001
1774254499.1276317,411.826,-9999.000000,26.035041,26.0,13.7704,HIGH,0.6,0.015,0.001
1774254499.196162,411.894,-9999.000000,26.021137,26.0,14.6196,HIGH,0.6,0.015,0.001
1774254499.2731745,411.971,-9999.000000,26.040603,26.0,13.4014,HIGH,0.6,0.015,0.001
1774254499.3810208,412.079,-9999.000000,26.035834,26.0,13.7114,HIGH,0.6,0.015,0.001
1774254499.4440439,412.142,-9999.000000,26.037026,26.0,13.6301,HIGH,0.6,0.015,0.001
1774254499.554966,412.253,-9999.000000,26.036630,26.0,13.6500,HIGH,0.6,0.015,0.001
1774254499.61827,412.316,-9999.000000,26.030672,26.0,14.0136,HIGH,0.6,0.015,0.001
1774254499.6893423,412.387,-9999.000000,26.040204,26.0,13.4146,HIGH,0.6,0.015,0.001
1774254499.7625332,412.460,-9999.000000,26.017564,26.0,14.8154,HIGH,0.6,0.015,0.001
1774254499.8691735,412.567,-9999.000000,26.031864,26.0,13.9080,HIGH,0.6,0.015,0.001
1774254499.9341905,412.632,-9999.000000,26.032260,26.0,13.8938,HIGH,0.6,0.015,0.001
1774254499.9975774,412.695,-9999.000000,26.031864,26.0,13.9158,HIGH,0.6,0.015,0.001
1774254500.071191,412.769,-9999.000000,26.036630,26.0,13.6187,HIGH,0.6,0.015,0.001
1774254500.142236,412.840,-9999.000000,26.038615,26.0,13.4992,HIGH,0.6,0.015,0.001
1774254500.2359877,412.934,-9999.000000,26.033053,26.0,13.8370,HIGH,0.6,0.015,0.001
1774254500.299667,412.998,-9999.000000,26.031864,26.0,13.9012,HIGH,0.6,0.015,0.001
1774254500.3794353,413.077,-9999.000000,26.028287,26.0,14.1150,HIGH,0.6,0.015,0.001
1774254500.4430418,413.141,-9999.000000,26.033849,26.0,13.7649,HIGH,0.6,0.015,0.001
1774254500.5224812,413.220,-9999.000000,26.033849,26.0,13.7696,HIGH,0.6,0.015,0.001
1774254500.6284392,413.326,-9999.000000,26.032260,26.0,13.8613,HIGH,0.6,0.015,0.001
1774254500.6914723,413.389,-9999.000000,26.033053,26.0,13.8078,HIGH,0.6,0.015,0.001
1774254500.7640224,413.462,-9999.000000,26.030275,26.0,13.9763,HIGH,0.6,0.015,0.001
1774254500.8701005,413.568,-9999.000000,26.035041,26.0,13.6765,HIGH,0.6,0.015,0.001
1774254500.9326754,413.631,-9999.000000,26.024314,26.0,14.3394,HIGH,0.6,0.015,0.001
1774254501.0018349,413.700,-9999.000000,26.028287,26.0,14.0752,HIGH,0.6,0.015,0.001
1774254501.0729594,413.771,-9999.000000,26.032260,26.0,13.8336,HIGH,0.6,0.015,0.001
1774254501.1767657,413.875,-9999.000000,26.029876,26.0,13.9798,HIGH,0.6,0.015,0.001
1774254501.2321048,413.930,-9999.000000,26.032260,26.0,13.8275,HIGH,0.6,0.015,0.001
1774254501.311619,414.010,-9999.000000,26.030672,26.0,13.9255,HIGH,0.6,0.015,0.001
1774254501.375006,414.073,-9999.000000,26.024314,26.0,14.3126,HIGH,0.6,0.015,0.001
1774254501.4387221,414.137,-9999.000000,26.025906,26.0,14.2021,HIGH,0.6,0.015,0.001
1774254501.5557096,414.254,-9999.000000,26.029479,26.0,13.9820,HIGH,0.6,0.015,0.001
1774254501.6155255,414.313,-9999.000000,26.023522,26.0,14.3504,HIGH,0.6,0.015,0.001
1774254501.676096,414.374,-9999.000000,26.029479,26.0,13.9704,HIGH,0.6,0.015,0.001
1774254501.755195,414.453,-9999.000000,26.024714,26.0,14.2693,HIGH,0.6,0.015,0.001
1774254501.8185763,414.516,-9999.000000,26.020345,26.0,14.5304,HIGH,0.6,0.015,0.001
1774254501.8998,414.598,-9999.000000,26.027095,26.0,14.1068,HIGH,0.6,0.015,0.001
1774254501.9923484,414.690,-9999.000000,26.025110,26.0,14.2329,HIGH,0.6,0.015,0.001
1774254502.0558534,414.754,-9999.000000,26.021933,26.0,14.4243,HIGH,0.6,0.015,0.001
1774254502.1350873,414.833,-9999.000000,26.038219,26.0,13.4171,HIGH,0.6,0.015,0.001
1774254502.2047648,414.903,-9999.000000,26.037822,26.0,13.4580,HIGH,0.6,0.015,0.001
1774254502.274079,414.972,-9999.000000,26.027494,26.0,14.0892,HIGH,0.6,0.015,0.001
1774254502.3806517,415.079,-9999.000000,26.034642,26.0,13.6332,HIGH,0.6,0.015,0.001
1774254502.4355724,415.133,-9999.000000,26.026302,26.0,14.1533,HIGH,0.6,0.015,0.001
1774254502.5112882,415.209,-9999.000000,26.020741,26.0,14.4768,HIGH,0.6,0.015,0.001
1774254502.5802195,415.278,-9999.000000,26.020741,26.0,14.4673,HIGH,0.6,0.015,0.001
1774254502.6477256,415.346,-9999.000000,26.017960,26.0,14.6364,HIGH,0.6,0.015,0.001
1774254502.7161555,415.414,-9999.000000,26.018357,26.0,14.6060,HIGH,0.6,0.015,0.001
1774254502.7858818,415.484,-9999.000000,26.019948,26.0,14.5068,HIGH,0.6,0.015,0.001
1774254502.890908,415.589,-9999.000000,26.021137,26.0,14.4332,HIGH,0.6,0.015,0.001
1774254502.9515612,415.649,-9999.000000,26.017960,26.0,14.6286,HIGH,0.6,0.015,0.001
1774254503.018353,415.716,-9999.000000,26.019948,26.0,14.4991,HIGH,0.6,0.015,0.001
1774254503.0899413,415.788,-9999.000000,26.012399,26.0,14.9642,HIGH,0.6,0.015,0.001
1774254503.1583264,415.856,-9999.000000,26.017564,26.0,14.6344,HIGH,0.6,0.015,0.001
1774254503.2537706,415.952,-9999.000000,26.023918,26.0,14.2507,HIGH,0.6,0.015,0.001
1774254503.3263204,416.024,-9999.000000,26.017168,26.0,14.6698,HIGH,0.6,0.015,0.001
1774254503.39605,416.094,-9999.000000,26.010018,26.0,15.0986,HIGH,0.6,0.015,0.001
1774254503.4586973,416.157,-9999.000000,26.010018,26.0,15.0875,HIGH,0.6,0.015,0.001
1774254503.536128,416.234,-9999.000000,26.011607,26.0,14.9888,HIGH,0.6,0.015,0.001
1774254503.6410856,416.339,-9999.000000,26.014387,26.0,14.8191,HIGH,0.6,0.015,0.001
1774254503.7023542,416.400,-9999.000000,26.006046,26.0,15.3352,HIGH,0.6,0.015,0.001
1774254503.7697277,416.468,-9999.000000,26.016768,26.0,14.6607,HIGH,0.6,0.015,0.001
1774254503.8389735,416.537,-9999.000000,26.015579,26.0,14.7480,HIGH,0.6,0.015,0.001
1774254503.9108589,416.609,-9999.000000,26.004458,26.0,15.4286,HIGH,0.6,0.015,0.001
1774254503.98017,416.678,-9999.000000,26.008031,26.0,15.1928,HIGH,0.6,0.015,0.001
1774254504.082154,416.780,-9999.000000,26.006842,26.0,15.2694,HIGH,0.6,0.015,0.001
1774254504.1452744,416.843,-9999.000000,26.015976,26.0,14.7042,HIGH,0.6,0.015,0.001
1774254504.213924,416.912,-9999.000000,26.007634,26.0,15.2305,HIGH,0.6,0.015,0.001
1774254504.280921,416.979,-9999.000000,26.005253,26.0,15.3642,HIGH,0.6,0.015,0.001
1774254504.3515875,417.049,-9999.000000,26.005253,26.0,15.3601,HIGH,0.6,0.015,0.001
1774254504.4202373,417.118,-9999.000000,26.002869,26.0,15.5063,HIGH,0.6,0.015,0.001
1774254504.5244856,417.222,-9999.000000,26.012399,26.0,14.9200,HIGH,0.6,0.015,0.001
1774254504.5875092,417.285,-9999.000000,26.009223,26.0,15.1239,HIGH,0.6,0.015,0.001
1774254504.6544046,417.352,-9999.000000,26.009223,26.0,15.1179,HIGH,0.6,0.015,0.001
1774254504.7205546,417.418,-9999.000000,26.009223,26.0,15.1170,HIGH,0.6,0.015,0.001
1774254504.7874932,417.485,-9999.000000,26.009622,26.0,15.0915,HIGH,0.6,0.015,0.001
1774254504.8551896,417.553,-9999.000000,26.009223,26.0,15.1157,HIGH,0.6,0.015,0.001
1774254504.9252326,417.623,-9999.000000,26.010415,26.0,15.0408,HIGH,0.6,0.015,0.001
1774254505.035107,417.733,-9999.000000,26.003266,26.0,15.4774,HIGH,0.6,0.015,0.001
1774254505.0980265,417.796,-9999.000000,26.006442,26.0,15.2746,HIGH,0.6,0.015,0.001
1774254505.1765888,417.874,-9999.000000,26.007634,26.0,15.2058,HIGH,0.6,0.015,0.001
1774254505.2872953,417.985,-9999.000000,26.011607,26.0,14.9634,HIGH,0.6,0.015,0.001
1774254505.351293,418.049,-9999.000000,26.012003,26.0,14.9415,HIGH,0.6,0.015,0.001
1774254505.4637527,418.162,-9999.000000,26.011607,26.0,14.9642,HIGH,0.6,0.015,0.001
1774254505.5249677,418.223,-9999.000000,26.011210,26.0,14.9873,HIGH,0.6,0.015,0.001
1774254505.6012578,418.299,-9999.000000,26.005253,26.0,15.3513,HIGH,0.6,0.015,0.001
1774254505.6696823,418.368,-9999.000000,26.015180,26.0,14.7318,HIGH,0.6,0.015,0.001
1774254505.7764587,418.474,-9999.000000,26.010811,26.0,15.0108,HIGH,0.6,0.015,0.001
1774254505.8416822,418.540,-9999.000000,26.012003,26.0,14.9322,HIGH,0.6,0.015,0.001
1774254505.901946,418.600,-9999.000000,26.011607,26.0,14.9574,HIGH,0.6,0.015,0.001
1774254505.9801223,418.678,-9999.000000,26.008031,26.0,15.1750,HIGH,0.6,0.015,0.001
1774254506.0753064,418.773,-9999.000000,26.013195,26.0,14.8532,HIGH,0.6,0.015,0.001
1774254506.1385744,418.836,-9999.000000,26.011210,26.0,14.9798,HIGH,0.6,0.015,0.001
1774254506.2160249,418.914,-9999.000000,26.010811,26.0,14.9999,HIGH,0.6,0.015,0.001
1774254506.2885706,418.986,-9999.000000,26.015579,26.0,14.7050,HIGH,0.6,0.015,0.001
1774254506.3584023,419.056,-9999.000000,26.015976,26.0,14.6855,HIGH,0.6,0.015,0.001
1774254506.4716005,419.169,-9999.000000,26.003266,26.0,15.4594,HIGH,0.6,0.015,0.001
1774254506.5356627,419.234,-9999.000000,26.023125,26.0,14.2233,HIGH,0.6,0.015,0.001
1774254506.610479,419.308,-9999.000000,26.016768,26.0,14.6424,HIGH,0.6,0.015,0.001
1774254506.6835601,419.381,-9999.000000,26.012399,26.0,14.9006,HIGH,0.6,0.015,0.001
1774254506.7587194,419.457,-9999.000000,26.018756,26.0,14.5027,HIGH,0.6,0.015,0.001
1774254506.830105,419.528,-9999.000000,26.015180,26.0,14.7291,HIGH,0.6,0.015,0.001
1774254506.8990402,419.597,-9999.000000,26.012799,26.0,14.8691,HIGH,0.6,0.015,0.001
1774254506.9760292,419.674,-9999.000000,26.019549,26.0,14.4496,HIGH,0.6,0.015,0.001
1774254507.0905023,419.788,-9999.000000,26.018756,26.0,14.5034,HIGH,0.6,0.015,0.001
1774254507.1519048,419.850,-9999.000000,26.021933,26.0,14.3049,HIGH,0.6,0.015,0.001
1774254507.2225258,419.920,-9999.000000,26.019948,26.0,14.4299,HIGH,0.6,0.015,0.001
1774254507.2947803,419.993,-9999.000000,26.019549,26.0,14.4495,HIGH,0.6,0.015,0.001
1774254507.4003525,420.098,-9999.000000,26.016768,26.0,14.6157,HIGH,0.6,0.015,0.001
1774254507.4520614,420.150,-9999.000000,26.021933,26.0,14.2915,HIGH,0.6,0.015,0.001
1774254507.529312,420.227,-9999.000000,26.024714,26.0,14.1282,HIGH,0.6,0.015,0.001
1774254507.5958223,420.294,-9999.000000,26.015976,26.0,14.6676,HIGH,0.6,0.015,0.001
1774254507.6708825,420.369,-9999.000000,26.019549,26.0,14.4331,HIGH,0.6,0.015,0.001
1774254507.7789903,420.477,-9999.000000,26.021933,26.0,14.2891,HIGH,0.6,0.015,0.001
1774254507.843799,420.542,-9999.000000,26.024314,26.0,14.1424,HIGH,0.6,0.015,0.001
1774254507.9127603,420.611,-9999.000000,26.019948,26.0,14.4123,HIGH,0.6,0.015,0.001
1774254507.9857354,420.684,-9999.000000,26.022726,26.0,14.2330,HIGH,0.6,0.015,0.001
1774254508.0813262,420.779,-9999.000000,26.026302,26.0,14.0147,HIGH,0.6,0.015,0.001
1774254508.1566577,420.855,-9999.000000,26.029479,26.0,13.8203,HIGH,0.6,0.015,0.001
1774254508.22842,420.926,-9999.000000,26.045766,26.0,12.8197,HIGH,0.6,0.015,0.001
1774254508.335986,421.034,-9999.000000,26.021933,26.0,14.2909,HIGH,0.6,0.015,0.001
1774254508.3990197,421.097,-9999.000000,26.023918,26.0,14.1443,HIGH,0.6,0.015,0.001
1774254508.4600604,421.158,-9999.000000,26.025906,26.0,14.0225,HIGH,0.6,0.015,0.001
1774254508.5391154,421.237,-9999.000000,26.033453,26.0,13.5595,HIGH,0.6,0.015,0.001
1774254508.6500003,421.348,-9999.000000,26.025507,26.0,14.0487,HIGH,0.6,0.015,0.001
1774254508.7125604,421.410,-9999.000000,26.029083,26.0,13.8185,HIGH,0.6,0.015,0.001
1774254508.779938,421.478,-9999.000000,26.026699,26.0,13.9681,HIGH,0.6,0.015,0.001
1774254508.8536813,421.552,-9999.000000,26.026302,26.0,13.9860,HIGH,0.6,0.015,0.001
1774254508.9494405,421.647,-9999.000000,26.033849,26.0,13.5199,HIGH,0.6,0.015,0.001
1774254509.0122776,421.710,-9999.000000,26.033053,26.0,13.5737,HIGH,0.6,0.015,0.001
1774254509.0950716,421.793,-9999.000000,26.035041,26.0,13.4464,HIGH,0.6,0.015,0.001
1774254509.1541889,421.852,-9999.000000,26.034245,26.0,13.4949,HIGH,0.6,0.015,0.001
1774254509.2334986,421.931,-9999.000000,26.028684,26.0,13.8308,HIGH,0.6,0.015,0.001
1774254509.3446765,422.043,-9999.000000,26.035834,26.0,13.3824,HIGH,0.6,0.015,0.001
1774254509.4061835,422.104,-9999.000000,26.035041,26.0,13.4344,HIGH,0.6,0.015,0.001
1774254509.4773486,422.175,-9999.000000,26.034245,26.0,13.4783,HIGH,0.6,0.015,0.001
1774254509.5520842,422.250,-9999.000000,26.031864,26.0,13.6197,HIGH,0.6,0.015,0.001
1774254509.651466,422.349,-9999.000000,26.049739,26.0,12.5186,HIGH,0.6,0.015,0.001
1774254509.7182324,422.416,-9999.000000,26.032657,26.0,13.5839,HIGH,0.6,0.015,0.001
1774254509.7889001,422.487,-9999.000000,26.037822,26.0,13.2370,HIGH,0.6,0.015,0.001
1774254509.8954263,422.593,-9999.000000,26.041792,26.0,12.9957,HIGH,0.6,0.015,0.001
1774254509.9562764,422.654,-9999.000000,26.041792,26.0,12.9956,HIGH,0.6,0.015,0.001
1774254510.0220363,422.720,-9999.000000,26.043381,26.0,12.8936,HIGH,0.6,0.015,0.001
1774254510.0927606,422.791,-9999.000000,26.040204,26.0,13.0869,HIGH,0.6,0.015,0.001
1774254510.1642246,422.862,-9999.000000,26.036233,26.0,13.3223,HIGH,0.6,0.015,0.001
1774254510.2358472,422.934,-9999.000000,26.034642,26.0,13.4108,HIGH,0.6,0.015,0.001
1774254510.3058977,423.004,-9999.000000,26.040603,26.0,13.0381,HIGH,0.6,0.015,0.001
1774254510.4104207,423.108,-9999.000000,26.042588,26.0,12.9189,HIGH,0.6,0.015,0.001
1774254510.4696183,423.168,-9999.000000,26.037822,26.0,13.2115,HIGH,0.6,0.015,0.001
1774254510.542046,423.240,-9999.000000,26.041000,26.0,13.0039,HIGH,0.6,0.015,0.001
1774254510.6110687,423.309,-9999.000000,26.039807,26.0,13.0775,HIGH,0.6,0.015,0.001
1774254510.677361,423.375,-9999.000000,26.036233,26.0,13.2919,HIGH,0.6,0.015,0.001
1774254510.749213,423.447,-9999.000000,26.037423,26.0,13.2095,HIGH,0.6,0.015,0.001
1774254510.8592834,423.557,-9999.000000,26.047751,26.0,12.5742,HIGH,0.6,0.015,0.001
1774254510.9202611,423.618,-9999.000000,26.042985,26.0,12.8734,HIGH,0.6,0.015,0.001
1774254510.9839938,423.682,-9999.000000,26.043781,26.0,12.8124,HIGH,0.6,0.015,0.001
1774254511.0582092,423.756,-9999.000000,26.043781,26.0,12.8088,HIGH,0.6,0.015,0.001
1774254511.1649868,423.863,-9999.000000,26.041000,26.0,12.9717,HIGH,0.6,0.015,0.001
1774254511.2285917,423.926,-9999.000000,26.041396,26.0,12.9408,HIGH,0.6,0.015,0.001
1774254511.2985294,423.996,-9999.000000,26.040204,26.0,13.0104,HIGH,0.6,0.015,0.001
1774254511.3616538,424.060,-9999.000000,26.037822,26.0,13.1518,HIGH,0.6,0.015,0.001
1774254511.435039,424.133,-9999.000000,26.037026,26.0,13.1928,HIGH,0.6,0.015,0.001
1774254511.5064356,424.204,-9999.000000,26.053710,26.0,12.1615,HIGH,0.6,0.015,0.001
1774254511.5991702,424.297,-9999.000000,26.041792,26.0,12.9070,HIGH,0.6,0.015,0.001
1774254511.6744132,424.372,-9999.000000,26.042985,26.0,12.8162,HIGH,0.6,0.015,0.001
1774254511.7411523,424.439,-9999.000000,26.043381,26.0,12.7890,HIGH,0.6,0.015,0.001
1774254511.851796,424.550,-9999.000000,26.039011,26.0,13.0493,HIGH,0.6,0.015,0.001
1774254511.912147,424.610,-9999.000000,26.040204,26.0,12.9682,HIGH,0.6,0.015,0.001
1774254511.9817922,424.680,-9999.000000,26.037822,26.0,13.1125,HIGH,0.6,0.015,0.001
1774254512.0451627,424.743,-9999.000000,26.034642,26.0,13.3017,HIGH,0.6,0.015,0.001
1774254512.1224988,424.820,-9999.000000,26.051328,26.0,12.2679,HIGH,0.6,0.015,0.001
1774254512.2273672,424.925,-9999.000000,26.042192,26.0,12.8398,HIGH,0.6,0.015,0.001
1774254512.2786157,424.976,-9999.000000,26.060069,26.0,11.7189,HIGH,0.6,0.015,0.001
1774254512.3584585,425.056,-9999.000000,26.037822,26.0,13.1119,HIGH,0.6,0.015,0.001
1774254512.4363284,425.134,-9999.000000,26.035834,26.0,13.2017,HIGH,0.6,0.015,0.001
1774254512.5407686,425.239,-9999.000000,26.045766,26.0,12.5866,HIGH,0.6,0.015,0.001
1774254512.6025863,425.300,-9999.000000,26.036630,26.0,13.1556,HIGH,0.6,0.015,0.001
1774254512.6598575,425.358,-9999.000000,26.037026,26.0,13.1132,HIGH,0.6,0.015,0.001
1774254512.7410047,425.439,-9999.000000,26.040204,26.0,12.9144,HIGH,0.6,0.015,0.001
1774254512.8019047,425.500,-9999.000000,26.039807,26.0,12.9392,HIGH,0.6,0.015,0.001
1774254512.8845139,425.582,-9999.000000,26.038219,26.0,13.0310,HIGH,0.6,0.015,0.001
1774254512.9875474,425.685,-9999.000000,26.035438,26.0,13.1932,HIGH,0.6,0.015,0.001
1774254513.0495439,425.747,-9999.000000,26.033453,26.0,13.3097,HIGH,0.6,0.015,0.001
1774254513.1202407,425.818,-9999.000000,26.032657,26.0,13.3519,HIGH,0.6,0.015,0.001
1774254513.1792676,425.877,-9999.000000,26.034245,26.0,13.2497,HIGH,0.6,0.015,0.001
1774254513.2588103,425.957,-9999.000000,26.037026,26.0,13.0776,HIGH,0.6,0.015,0.001
1774254513.3694954,426.067,-9999.000000,26.030275,26.0,13.4873,HIGH,0.6,0.015,0.001
1774254513.4302034,426.128,-9999.000000,26.033849,26.0,13.2578,HIGH,0.6,0.015,0.001
1774254513.4952137,426.193,-9999.000000,26.028684,26.0,13.5787,HIGH,0.6,0.015,0.001
1774254513.5715518,426.269,-9999.000000,26.033053,26.0,13.2991,HIGH,0.6,0.015,0.001
1774254513.6689918,426.367,-9999.000000,26.045369,26.0,12.5466,HIGH,0.6,0.015,0.001
1774254513.7383482,426.436,-9999.000000,26.031068,26.0,13.4347,HIGH,0.6,0.015,0.001
1774254513.7953131,426.493,-9999.000000,26.031464,26.0,13.3869,HIGH,0.6,0.015,0.001
1774254513.8801358,426.578,-9999.000000,25.996913,26.0,15.5018,HIGH,0.6,0.015,0.001
1774254513.95302,426.651,-9999.000000,26.026302,26.0,13.6545,HIGH,0.6,0.015,0.001
1774254514.0580497,426.756,-9999.000000,26.029876,26.0,13.4723,HIGH,0.6,0.015,0.001
1774254514.1219978,426.820,-9999.000000,26.042192,26.0,12.7135,HIGH,0.6,0.015,0.001
1774254514.1892102,426.887,-9999.000000,26.029876,26.0,13.4870,HIGH,0.6,0.015,0.001
1774254514.2523105,426.950,-9999.000000,26.027891,26.0,13.5883,HIGH,0.6,0.015,0.001
1774254514.3359272,427.034,-9999.000000,26.025110,26.0,13.7521,HIGH,0.6,0.015,0.001
1774254514.4441023,427.142,-9999.000000,26.030275,26.0,13.4292,HIGH,0.6,0.015,0.001
1774254514.504857,427.203,-9999.000000,26.035438,26.0,13.1125,HIGH,0.6,0.015,0.001
1774254514.5683124,427.266,-9999.000000,26.026302,26.0,13.6810,HIGH,0.6,0.015,0.001
1774254514.644951,427.343,-9999.000000,26.026302,26.0,13.6636,HIGH,0.6,0.015,0.001
1774254514.7433267,427.441,-9999.000000,26.025906,26.0,13.6840,HIGH,0.6,0.015,0.001
1774254514.804744,427.503,-9999.000000,26.023522,26.0,13.8284,HIGH,0.6,0.015,0.001
1774254514.886394,427.584,-9999.000000,26.018756,26.0,14.1139,HIGH,0.6,0.015,0.001
1774254514.9930434,427.691,-9999.000000,26.023918,26.0,13.7897,HIGH,0.6,0.015,0.001
1774254515.055331,427.753,-9999.000000,26.035438,26.0,13.0816,HIGH,0.6,0.015,0.001
1774254515.125823,427.824,-9999.000000,26.021137,26.0,13.9761,HIGH,0.6,0.015,0.001
1774254515.1848633,427.883,-9999.000000,26.021933,26.0,13.9048,HIGH,0.6,0.015,0.001
1774254515.2641394,427.962,-9999.000000,26.021537,26.0,13.9279,HIGH,0.6,0.015,0.001
1774254515.3750677,428.073,-9999.000000,26.017960,26.0,14.1422,HIGH,0.6,0.015,0.001
1774254515.4380717,428.136,-9999.000000,26.014783,26.0,14.3332,HIGH,0.6,0.015,0.001
1774254515.5010846,428.199,-9999.000000,26.016372,26.0,14.2288,HIGH,0.6,0.015,0.001
1774254515.5779347,428.276,-9999.000000,26.020345,26.0,13.9855,HIGH,0.6,0.015,0.001
1774254515.6842468,428.382,-9999.000000,26.015180,26.0,14.3030,HIGH,0.6,0.015,0.001
1774254515.7471404,428.445,-9999.000000,26.015976,26.0,14.2476,HIGH,0.6,0.015,0.001
1774254515.8172941,428.515,-9999.000000,26.014783,26.0,14.3205,HIGH,0.6,0.015,0.001
1774254515.8800411,428.578,-9999.000000,26.011607,26.0,14.5134,HIGH,0.6,0.015,0.001
1774254515.9603333,428.658,-9999.000000,26.017960,26.0,14.1170,HIGH,0.6,0.015,0.001
1774254516.065377,428.763,-9999.000000,26.014783,26.0,14.3163,HIGH,0.6,0.015,0.001
1774254516.1278598,428.826,-9999.000000,26.017564,26.0,14.1403,HIGH,0.6,0.015,0.001
1774254516.1945355,428.892,-9999.000000,26.016372,26.0,14.2164,HIGH,0.6,0.015,0.001
1774254516.3096714,429.008,-9999.000000,26.023125,26.0,13.7996,HIGH,0.6,0.015,0.001
1774254516.3745213,429.072,-9999.000000,26.012399,26.0,14.4643,HIGH,0.6,0.015,0.001
1774254516.4457798,429.144,-9999.000000,26.019948,26.0,13.9821,HIGH,0.6,0.015,0.001
1774254516.553647,429.252,-9999.000000,26.009622,26.0,14.6203,HIGH,0.6,0.015,0.001
1774254516.615931,429.314,-9999.000000,26.010811,26.0,14.5365,HIGH,0.6,0.015,0.001
1774254516.684453,429.382,-9999.000000,26.018357,26.0,14.0728,HIGH,0.6,0.015,0.001
1774254516.753233,429.451,-9999.000000,26.008826,26.0,14.6685,HIGH,0.6,0.015,0.001
1774254516.8245473,429.522,-9999.000000,26.011607,26.0,14.4827,HIGH,0.6,0.015,0.001
1774254516.9215846,429.619,-9999.000000,26.016768,26.0,14.1692,HIGH,0.6,0.015,0.001
1774254516.9830263,429.681,-9999.000000,26.013195,26.0,14.3935,HIGH,0.6,0.015,0.001
1774254517.0612183,429.759,-9999.000000,26.008826,26.0,14.6543,HIGH,0.6,0.015,0.001
1774254517.124154,429.822,-9999.000000,26.010811,26.0,14.5255,HIGH,0.6,0.015,0.001
1774254517.1873133,429.885,-9999.000000,26.008031,26.0,14.6991,HIGH,0.6,0.015,0.001
1774254517.306477,430.004,-9999.000000,26.010415,26.0,14.5478,HIGH,0.6,0.015,0.001
1774254517.3618486,430.060,-9999.000000,26.009622,26.0,14.5980,HIGH,0.6,0.015,0.001
1774254517.4412897,430.139,-9999.000000,26.019549,26.0,13.9861,HIGH,0.6,0.015,0.001
1774254517.5051,430.203,-9999.000000,26.015579,26.0,14.2415,HIGH,0.6,0.015,0.001
1774254517.5839453,430.282,-9999.000000,26.010415,26.0,14.5505,HIGH,0.6,0.015,0.001
1774254517.6793385,430.377,-9999.000000,26.013591,26.0,14.3481,HIGH,0.6,0.015,0.001
1774254517.750466,430.448,-9999.000000,26.026302,26.0,13.5681,HIGH,0.6,0.015,0.001
1774254517.821506,430.519,-9999.000000,26.010811,26.0,14.5361,HIGH,0.6,0.015,0.001
1774254517.9273026,430.625,-9999.000000,26.015976,26.0,14.1970,HIGH,0.6,0.015,0.001
1774254517.9861498,430.684,-9999.000000,26.015976,26.0,14.2005,HIGH,0.6,0.015,0.001
1774254518.062337,430.760,-9999.000000,26.011210,26.0,14.4913,HIGH,0.6,0.015,0.001
1774254518.120423,430.818,-9999.000000,26.015180,26.0,14.2388,HIGH,0.6,0.015,0.001
1774254518.1999593,430.898,-9999.000000,26.012003,26.0,14.4388,HIGH,0.6,0.015,0.001
1774254518.3067198,431.005,-9999.000000,26.012399,26.0,14.4086,HIGH,0.6,0.015,0.001
1774254518.3680832,431.066,-9999.000000,26.015976,26.0,14.1871,HIGH,0.6,0.015,0.001
1774254518.4414818,431.139,-9999.000000,26.013988,26.0,14.3134,HIGH,0.6,0.015,0.001
1774254518.500867,431.199,-9999.000000,26.019948,26.0,13.9413,HIGH,0.6,0.015,0.001
1774254518.580421,431.278,-9999.000000,26.015579,26.0,14.2171,HIGH,0.6,0.015,0.001
1774254518.6756072,431.373,-9999.000000,26.016768,26.0,14.1366,HIGH,0.6,0.015,0.001
1774254518.750742,431.449,-9999.000000,26.012799,26.0,14.3798,HIGH,0.6,0.015,0.001
1774254518.8214808,431.519,-9999.000000,26.013988,26.0,14.3001,HIGH,0.6,0.015,0.001
1774254518.928451,431.626,-9999.000000,26.021933,26.0,13.8141,HIGH,0.6,0.015,0.001
1774254519.038742,431.737,-9999.000000,26.020741,26.0,13.8907,HIGH,0.6,0.015,0.001
1774254519.1179636,431.816,-9999.000000,26.021933,26.0,13.8140,HIGH,0.6,0.015,0.001
1774254519.1816566,431.880,-9999.000000,26.015579,26.0,14.2052,HIGH,0.6,0.015,0.001
1774254519.2605512,431.958,-9999.000000,26.021537,26.0,13.8277,HIGH,0.6,0.015,0.001
1774254519.37153,432.069,-9999.000000,26.014387,26.0,14.2682,HIGH,0.6,0.015,0.001
1774254519.4360073,432.134,-9999.000000,26.036233,26.0,12.9136,HIGH,0.6,0.015,0.001
1774254519.505688,432.204,-9999.000000,26.013988,26.0,14.3127,HIGH,0.6,0.015,0.001
1774254519.5618198,432.260,-9999.000000,26.017564,26.0,14.0584,HIGH,0.6,0.015,0.001
1774254519.6868916,432.385,-9999.000000,26.010811,26.0,14.4733,HIGH,0.6,0.015,0.001
1774254519.7360632,432.434,-9999.000000,26.015180,26.0,14.1957,HIGH,0.6,0.015,0.001
1774254519.8150592,432.513,-9999.000000,26.015180,26.0,14.2028,HIGH,0.6,0.015,0.001
1774254519.8967137,432.595,-9999.000000,26.021137,26.0,13.8355,HIGH,0.6,0.015,0.001
1774254520.0054185,432.703,-9999.000000,26.013988,26.0,14.2761,HIGH,0.6,0.015,0.001
1774254520.0686643,432.767,-9999.000000,26.012799,26.0,14.3415,HIGH,0.6,0.015,0.001
1774254520.136091,432.834,-9999.000000,26.017168,26.0,14.0693,HIGH,0.6,0.015,0.001
1774254520.2123234,432.910,-9999.000000,26.023918,26.0,13.6591,HIGH,0.6,0.015,0.001
1774254520.3224313,433.020,-9999.000000,26.013988,26.0,14.2705,HIGH,0.6,0.015,0.001
1774254520.3859165,433.084,-9999.000000,26.015976,26.0,14.1376,HIGH,0.6,0.015,0.001
1774254520.4552033,433.153,-9999.000000,25.979837,26.0,16.3633,HIGH,0.6,0.015,0.001
1774254520.5262177,433.224,-9999.000000,26.017168,26.0,14.0169,HIGH,0.6,0.015,0.001
1774254520.6299655,433.328,-9999.000000,26.032260,26.0,13.1443,HIGH,0.6,0.015,0.001
1774254520.6889758,433.387,-9999.000000,26.014783,26.0,14.2358,HIGH,0.6,0.015,0.001
1774254520.7562602,433.454,-9999.000000,26.013591,26.0,14.2781,HIGH,0.6,0.015,0.001
1774254520.8252814,433.523,-9999.000000,26.014783,26.0,14.2015,HIGH,0.6,0.015,0.001
1774254520.894033,433.592,-9999.000000,26.012399,26.0,14.3485,HIGH,0.6,0.015,0.001
1774254520.9622443,433.660,-9999.000000,26.016768,26.0,14.0748,HIGH,0.6,0.015,0.001
1774254521.0312138,433.729,-9999.000000,26.019152,26.0,13.9327,HIGH,0.6,0.015,0.001
1774254521.1336517,433.832,-9999.000000,26.016372,26.0,14.1032,HIGH,0.6,0.015,0.001
1774254521.1927452,433.891,-9999.000000,26.015976,26.0,14.1235,HIGH,0.6,0.015,0.001
1774254521.2618756,433.960,-9999.000000,26.018357,26.0,13.9746,HIGH,0.6,0.015,0.001
1774254521.3306532,434.029,-9999.000000,25.996117,26.0,15.3452,HIGH,0.6,0.015,0.001
1774254521.3936932,434.092,-9999.000000,26.031068,26.0,13.1574,HIGH,0.6,0.015,0.001
1774254521.4669557,434.165,-9999.000000,26.016372,26.0,14.1129,HIGH,0.6,0.015,0.001
1774254521.5375466,434.235,-9999.000000,26.014783,26.0,14.1888,HIGH,0.6,0.015,0.001
1774254521.6396966,434.338,-9999.000000,26.003266,26.0,14.8884,HIGH,0.6,0.015,0.001
1774254521.700105,434.398,-9999.000000,26.002074,26.0,14.9504,HIGH,0.6,0.015,0.001
1774254521.7692177,434.467,-9999.000000,26.016372,26.0,14.0682,HIGH,0.6,0.015,0.001
1774254521.8378644,434.536,-9999.000000,26.010811,26.0,14.4295,HIGH,0.6,0.015,0.001
1774254521.940061,434.638,-9999.000000,26.013195,26.0,14.2740,HIGH,0.6,0.015,0.001
1774254522.0050132,434.703,-9999.000000,26.011607,26.0,14.3730,HIGH,0.6,0.015,0.001
1774254522.0747452,434.773,-9999.000000,26.013591,26.0,14.2472,HIGH,0.6,0.015,0.001
1774254522.1382892,434.836,-9999.000000,26.015579,26.0,14.1261,HIGH,0.6,0.015,0.001
1774254522.2125742,434.910,-9999.000000,25.995324,26.0,15.3723,HIGH,0.6,0.015,0.001
1774254522.3154223,435.013,-9999.000000,26.017564,26.0,13.9863,HIGH,0.6,0.015,0.001
1774254522.3778224,435.076,-9999.000000,26.015579,26.0,14.1288,HIGH,0.6,0.015,0.001
1774254522.446785,435.145,-9999.000000,26.021537,26.0,13.7573,HIGH,0.6,0.015,0.001
1774254522.5168653,435.215,-9999.000000,26.021933,26.0,13.7393,HIGH,0.6,0.015,0.001
1774254522.5853262,435.283,-9999.000000,26.015579,26.0,14.1287,HIGH,0.6,0.015,0.001
1774254522.6405709,435.338,-9999.000000,26.014387,26.0,14.1920,HIGH,0.6,0.015,0.001
1774254522.7543323,435.452,-9999.000000,26.015976,26.0,14.0904,HIGH,0.6,0.015,0.001
1774254522.8142903,435.512,-9999.000000,26.016768,26.0,14.0414,HIGH,0.6,0.015,0.001
1774254522.88872,435.587,-9999.000000,26.007634,26.0,14.6022,HIGH,0.6,0.015,0.001
1774254522.9538724,435.652,-9999.000000,26.014387,26.0,14.1729,HIGH,0.6,0.015,0.001
1774254523.0289106,435.727,-9999.000000,26.018756,26.0,13.9132,HIGH,0.6,0.015,0.001
1774254523.0981684,435.796,-9999.000000,26.022726,26.0,13.6728,HIGH,0.6,0.015,0.001
1774254523.1946292,435.893,-9999.000000,26.017960,26.0,13.9668,HIGH,0.6,0.015,0.001
1774254523.2550077,435.953,-9999.000000,26.014783,26.0,14.1564,HIGH,0.6,0.015,0.001
1774254523.3287802,436.027,-9999.000000,26.017564,26.0,13.9786,HIGH,0.6,0.015,0.001
1774254523.3976088,436.095,-9999.000000,26.019152,26.0,13.8827,HIGH,0.6,0.015,0.001
1774254523.4993532,436.197,-9999.000000,26.021537,26.0,13.7364,HIGH,0.6,0.015,0.001
1774254523.5605404,436.258,-9999.000000,26.023522,26.0,13.6142,HIGH,0.6,0.015,0.001
1774254523.6179605,436.316,-9999.000000,26.019948,26.0,13.8364,HIGH,0.6,0.015,0.001
1774254523.69685,436.395,-9999.000000,26.016768,26.0,14.0230,HIGH,0.6,0.015,0.001
1774254523.7687979,436.467,-9999.000000,26.008826,26.0,14.5056,HIGH,0.6,0.015,0.001
1774254523.823946,436.522,-9999.000000,26.014387,26.0,14.1496,HIGH,0.6,0.015,0.001
1774254523.9391904,436.637,-9999.000000,26.009223,26.0,14.4724,HIGH,0.6,0.015,0.001
1774254523.9973764,436.695,-9999.000000,26.034245,26.0,12.9206,HIGH,0.6,0.015,0.001
1774254524.0661757,436.764,-9999.000000,26.018357,26.0,13.9381,HIGH,0.6,0.015,0.001
1774254524.1234226,436.821,-9999.000000,26.015976,26.0,14.0607,HIGH,0.6,0.015,0.001
1774254524.204229,436.902,-9999.000000,25.997309,26.0,15.2000,HIGH,0.6,0.015,0.001
1774254524.264994,436.963,-9999.000000,26.013195,26.0,14.1963,HIGH,0.6,0.015,0.001
1774254524.3393664,437.037,-9999.000000,26.009622,26.0,14.4406,HIGH,0.6,0.015,0.001
1774254524.4460382,437.144,-9999.000000,26.016768,26.0,13.9976,HIGH,0.6,0.015,0.001
1774254524.50629,437.204,-9999.000000,26.013195,26.0,14.2235,HIGH,0.6,0.015,0.001
1774254524.5737963,437.272,-9999.000000,26.013591,26.0,14.1918,HIGH,0.6,0.015,0.001
1774254524.641436,437.339,-9999.000000,26.016768,26.0,13.9954,HIGH,0.6,0.015,0.001
1774254524.707394,437.405,-9999.000000,26.012399,26.0,14.2676,HIGH,0.6,0.015,0.001
1774254524.7765825,437.474,-9999.000000,26.013988,26.0,14.1619,HIGH,0.6,0.015,0.001
1774254524.8417957,437.540,-9999.000000,26.015579,26.0,14.0648,HIGH,0.6,0.015,0.001
1774254524.945483,437.643,-9999.000000,26.017168,26.0,13.9677,HIGH,0.6,0.015,0.001
1774254525.0042973,437.702,-9999.000000,26.013195,26.0,14.2132,HIGH,0.6,0.015,0.001
1774254525.072313,437.770,-9999.000000,26.002869,26.0,14.8409,HIGH,0.6,0.015,0.001
1774254525.140293,437.838,-9999.000000,26.012399,26.0,14.2386,HIGH,0.6,0.015,0.001
1774254525.205711,437.904,-9999.000000,26.010811,26.0,14.3493,HIGH,0.6,0.015,0.001
1774254525.3099265,438.008,-9999.000000,26.004458,26.0,14.7334,HIGH,0.6,0.015,0.001
1774254525.370074,438.068,-9999.000000,26.017564,26.0,13.9176,HIGH,0.6,0.015,0.001
1774254525.438912,438.137,-9999.000000,26.010811,26.0,14.3533,HIGH,0.6,0.015,0.001
1774254525.5062966,438.204,-9999.000000,26.013195,26.0,14.1955,HIGH,0.6,0.015,0.001
1774254525.57647,438.274,-9999.000000,26.012399,26.0,14.2466,HIGH,0.6,0.015,0.001
1774254525.6432674,438.341,-9999.000000,26.013988,26.0,14.1464,HIGH,0.6,0.015,0.001
1774254525.712136,438.410,-9999.000000,26.033849,26.0,12.9248,HIGH,0.6,0.015,0.001
1774254525.8198543,438.518,-9999.000000,26.016768,26.0,13.9916,HIGH,0.6,0.015,0.001
1774254525.879671,438.578,-9999.000000,26.019549,26.0,13.8025,HIGH,0.6,0.015,0.001
1774254525.9483113,438.646,-9999.000000,26.028684,26.0,13.2428,HIGH,0.6,0.015,0.001
1774254526.0133538,438.711,-9999.000000,26.021137,26.0,13.7185,HIGH,0.6,0.015,0.001
1774254526.0825953,438.780,-9999.000000,26.017564,26.0,13.9246,HIGH,0.6,0.015,0.001
1774254526.1509802,438.849,-9999.000000,26.021137,26.0,13.6976,HIGH,0.6,0.015,0.001
1774254526.2177505,438.916,-9999.000000,26.020741,26.0,13.7252,HIGH,0.6,0.015,0.001
1774254526.3127499,439.011,-9999.000000,26.016768,26.0,13.9647,HIGH,0.6,0.015,0.001
1774254526.3825088,439.080,-9999.000000,26.024314,26.0,13.4944,HIGH,0.6,0.015,0.001
1774254526.4439838,439.142,-9999.000000,26.023918,26.0,13.5274,HIGH,0.6,0.015,0.001
1774254526.5175924,439.215,-9999.000000,26.015976,26.0,14.0124,HIGH,0.6,0.015,0.001
1774254526.5811658,439.279,-9999.000000,26.021933,26.0,13.6327,HIGH,0.6,0.015,0.001
1774254526.6440058,439.342,-9999.000000,26.021137,26.0,13.6891,HIGH,0.6,0.015,0.001
1774254526.7222738,439.420,-9999.000000,26.021137,26.0,13.6853,HIGH,0.6,0.015,0.001
1774254526.8203828,439.518,-9999.000000,26.021933,26.0,13.6335,HIGH,0.6,0.015,0.001
1774254526.8857846,439.584,-9999.000000,26.024314,26.0,13.4854,HIGH,0.6,0.015,0.001
1774254526.9518282,439.650,-9999.000000,26.029479,26.0,13.1684,HIGH,0.6,0.015,0.001
1774254527.0192866,439.717,-9999.000000,26.027891,26.0,13.2711,HIGH,0.6,0.015,0.001
1774254527.12086,439.819,-9999.000000,26.027095,26.0,13.3131,HIGH,0.6,0.015,0.001
1774254527.1795008,439.877,-9999.000000,26.025507,26.0,13.4081,HIGH,0.6,0.015,0.001
1774254527.2434962,439.941,-9999.000000,26.025110,26.0,13.4274,HIGH,0.6,0.015,0.001
1774254527.3128226,440.011,-9999.000000,26.020741,26.0,13.6931,HIGH,0.6,0.015,0.001
1774254527.3809624,440.079,-9999.000000,26.027095,26.0,13.2935,HIGH,0.6,0.015,0.001
1774254527.4493687,440.147,-9999.000000,26.028287,26.0,13.2266,HIGH,0.6,0.015,0.001
1774254527.5152225,440.213,-9999.000000,26.025906,26.0,13.3723,HIGH,0.6,0.015,0.001
1774254527.5825174,440.280,-9999.000000,26.028684,26.0,13.1950,HIGH,0.6,0.015,0.001
1774254527.6501117,440.348,-9999.000000,26.025507,26.0,13.3919,HIGH,0.6,0.015,0.001
1774254527.7207463,440.419,-9999.000000,26.027095,26.0,13.2867,HIGH,0.6,0.015,0.001
1774254527.8130164,440.511,-9999.000000,26.041396,26.0,12.4097,HIGH,0.6,0.015,0.001
1774254527.8762336,440.574,-9999.000000,26.029876,26.0,13.1318,HIGH,0.6,0.015,0.001
1774254527.943232,440.641,-9999.000000,26.041000,26.0,12.4254,HIGH,0.6,0.015,0.001
1774254528.0208037,440.719,-9999.000000,26.027095,26.0,13.2911,HIGH,0.6,0.015,0.001
1774254528.0876431,440.786,-9999.000000,26.018756,26.0,13.7841,HIGH,0.6,0.015,0.001
1774254528.154928,440.853,-9999.000000,26.024714,26.0,13.4028,HIGH,0.6,0.015,0.001
1774254528.2258444,440.924,-9999.000000,26.043781,26.0,12.2361,HIGH,0.6,0.015,0.001
1774254528.3188937,441.017,-9999.000000,26.039807,26.0,12.5001,HIGH,0.6,0.015,0.001
1774254528.4295845,441.127,-9999.000000,26.023918,26.0,13.4596,HIGH,0.6,0.015,0.001
1774254528.4933486,441.191,-9999.000000,26.025110,26.0,13.3694,HIGH,0.6,0.015,0.001
1774254528.56619,441.264,-9999.000000,26.032260,26.0,12.9289,HIGH,0.6,0.015,0.001
1774254528.6354146,441.333,-9999.000000,26.028287,26.0,13.1799,HIGH,0.6,0.015,0.001
1774254528.6992006,441.397,-9999.000000,26.023522,26.0,13.4653,HIGH,0.6,0.015,0.001
1774254528.7770655,441.475,-9999.000000,26.039807,26.0,12.4552,HIGH,0.6,0.015,0.001
1774254528.8730593,441.571,-9999.000000,26.045766,26.0,12.1058,HIGH,0.6,0.015,0.001
1774254528.940001,441.638,-9999.000000,26.031068,26.0,13.0127,HIGH,0.6,0.015,0.001
1774254529.0099182,441.708,-9999.000000,26.020345,26.0,13.6473,HIGH,0.6,0.015,0.001
1774254529.0786722,441.777,-9999.000000,26.024714,26.0,13.3609,HIGH,0.6,0.015,0.001
1774254529.1476884,441.846,-9999.000000,26.013988,26.0,14.0250,HIGH,0.6,0.015,0.001
1774254529.2144368,441.912,-9999.000000,26.029876,26.0,13.0293,HIGH,0.6,0.015,0.001
1774254529.267784,441.966,-9999.000000,26.026699,26.0,13.2476,HIGH,0.6,0.015,0.001
1774254529.3792584,442.077,-9999.000000,26.029479,26.0,13.0674,HIGH,0.6,0.015,0.001
1774254529.4442146,442.142,-9999.000000,26.024714,26.0,13.3607,HIGH,0.6,0.015,0.001
1774254529.5055947,442.203,-9999.000000,26.025507,26.0,13.3022,HIGH,0.6,0.015,0.001
1774254529.5689857,442.267,-9999.000000,26.023125,26.0,13.4479,HIGH,0.6,0.015,0.001
1774254529.6467304,442.345,-9999.000000,26.025906,26.0,13.2707,HIGH,0.6,0.015,0.001
1774254529.7468493,442.445,-9999.000000,26.024714,26.0,13.3433,HIGH,0.6,0.015,0.001
1774254529.7918296,442.490,-9999.000000,26.029876,26.0,13.0189,HIGH,0.6,0.015,0.001
1774254529.870751,442.569,-9999.000000,26.019152,26.0,13.6851,HIGH,0.6,0.015,0.001
1774254529.9417593,442.640,-9999.000000,26.021933,26.0,13.4984,HIGH,0.6,0.015,0.001
1774254530.0110283,442.709,-9999.000000,26.024714,26.0,13.3289,HIGH,0.6,0.015,0.001
1774254530.0746043,442.772,-9999.000000,26.021933,26.0,13.5020,HIGH,0.6,0.015,0.001
1774254530.1413748,442.839,-9999.000000,26.020741,26.0,13.5689,HIGH,0.6,0.015,0.001
1774254530.2119472,442.910,-9999.000000,26.032657,26.0,12.8318,HIGH,0.6,0.015,0.001
1774254530.264398,442.962,-9999.000000,26.022329,26.0,13.4863,HIGH,0.6,0.015,0.001
1774254530.3754303,443.073,-9999.000000,26.019948,26.0,13.6083,HIGH,0.6,0.015,0.001
1774254530.4390864,443.137,-9999.000000,26.021933,26.0,13.4818,HIGH,0.6,0.015,0.001
1774254530.5023212,443.200,-9999.000000,26.019549,26.0,13.6299,HIGH,0.6,0.015,0.001
1774254530.5700622,443.268,-9999.000000,26.023125,26.0,13.4039,HIGH,0.6,0.015,0.001
1774254530.642846,443.341,-9999.000000,26.017168,26.0,13.7730,HIGH,0.6,0.015,0.001
1774254530.710296,443.408,-9999.000000,26.019152,26.0,13.6408,HIGH,0.6,0.015,0.001
1774254530.7774518,443.475,-9999.000000,26.019152,26.0,13.6419,HIGH,0.6,0.015,0.001
1774254530.8444138,443.542,-9999.000000,26.031864,26.0,12.8570,HIGH,0.6,0.015,0.001
1774254530.9134195,443.611,-9999.000000,26.025110,26.0,13.2884,HIGH,0.6,0.015,0.001
1774254531.0145586,443.712,-9999.000000,26.025507,26.0,13.2505,HIGH,0.6,0.015,0.001
1774254531.0732052,443.771,-9999.000000,26.019152,26.0,13.6413,HIGH,0.6,0.015,0.001
1774254531.1415942,443.839,-9999.000000,26.018357,26.0,13.6775,HIGH,0.6,0.015,0.001
1774254531.2096112,443.907,-9999.000000,26.019152,26.0,13.6255,HIGH,0.6,0.015,0.001
1774254531.313415,444.011,-9999.000000,26.022329,26.0,13.4295,HIGH,0.6,0.015,0.001
1774254531.3697538,444.068,-9999.000000,26.019152,26.0,13.6272,HIGH,0.6,0.015,0.001
1774254531.435322,444.133,-9999.000000,26.028684,26.0,13.0323,HIGH,0.6,0.015,0.001
1774254531.508143,444.206,-9999.000000,26.017960,26.0,13.7030,HIGH,0.6,0.015,0.001
1774254531.5779345,444.276,-9999.000000,26.019549,26.0,13.5887,HIGH,0.6,0.015,0.001
1774254531.644999,444.343,-9999.000000,26.020345,26.0,13.5400,HIGH,0.6,0.015,0.001
1774254531.7132337,444.411,-9999.000000,26.022726,26.0,13.3925,HIGH,0.6,0.015,0.001
1774254531.7665448,444.464,-9999.000000,26.032657,26.0,12.7789,HIGH,0.6,0.015,0.001
1774254531.8774266,444.575,-9999.000000,26.027494,26.0,13.1073,HIGH,0.6,0.015,0.001
1774254531.940234,444.638,-9999.000000,26.017960,26.0,13.6882,HIGH,0.6,0.015,0.001
1774254532.0036724,444.702,-9999.000000,26.017564,26.0,13.6957,HIGH,0.6,0.015,0.001
1774254532.0778112,444.776,-9999.000000,26.018357,26.0,13.6444,HIGH,0.6,0.015,0.001
1774254532.1444688,444.842,-9999.000000,26.023918,26.0,13.3011,HIGH,0.6,0.015,0.001
1774254532.2081704,444.906,-9999.000000,26.018756,26.0,13.6255,HIGH,0.6,0.015,0.001
1774254532.2798002,444.978,-9999.000000,26.019549,26.0,13.5666,HIGH,0.6,0.015,0.001
1774254532.3488295,445.047,-9999.000000,26.021137,26.0,13.4679,HIGH,0.6,0.015,0.001
1774254532.451899,445.150,-9999.000000,26.024314,26.0,13.2727,HIGH,0.6,0.015,0.001
1774254532.5079393,445.206,-9999.000000,26.003662,26.0,14.5515,HIGH,0.6,0.015,0.001
1774254532.5813916,445.279,-9999.000000,26.020741,26.0,13.4644,HIGH,0.6,0.015,0.001
1774254532.6499648,445.348,-9999.000000,26.022329,26.0,13.3877,HIGH,0.6,0.015,0.001
1774254532.7502139,445.448,-9999.000000,26.019549,26.0,13.5567,HIGH,0.6,0.015,0.001
1774254532.8091967,445.507,-9999.000000,26.016372,26.0,13.7485,HIGH,0.6,0.015,0.001
1774254532.8803797,445.578,-9999.000000,26.015579,26.0,13.7901,HIGH,0.6,0.015,0.001
1774254532.9503484,445.648,-9999.000000,26.026302,26.0,13.1275,HIGH,0.6,0.015,0.001
1774254533.0173128,445.715,-9999.000000,26.021933,26.0,13.4093,HIGH,0.6,0.015,0.001
1774254533.086529,445.784,-9999.000000,26.019152,26.0,13.5717,HIGH,0.6,0.015,0.001
1774254533.154377,445.852,-9999.000000,26.020741,26.0,13.4679,HIGH,0.6,0.015,0.001
1774254533.256613,445.954,-9999.000000,26.014387,26.0,13.8555,HIGH,0.6,0.015,0.001
1774254533.317067,446.015,-9999.000000,26.019948,26.0,13.5046,HIGH,0.6,0.015,0.001
1774254533.3862276,446.084,-9999.000000,26.016372,26.0,13.7318,HIGH,0.6,0.015,0.001
1774254533.4546578,446.153,-9999.000000,26.017564,26.0,13.6516,HIGH,0.6,0.015,0.001
1774254533.523203,446.221,-9999.000000,26.018756,26.0,13.5781,HIGH,0.6,0.015,0.001
1774254533.590576,446.288,-9999.000000,26.018756,26.0,13.5780,HIGH,0.6,0.015,0.001
1774254533.6571164,446.355,-9999.000000,26.011210,26.0,14.0409,HIGH,0.6,0.015,0.001
1774254533.7247832,446.423,-9999.000000,26.017960,26.0,13.6128,HIGH,0.6,0.015,0.001
1774254533.8275728,446.525,-9999.000000,26.016768,26.0,13.6929,HIGH,0.6,0.015,0.001
1774254533.8907666,446.589,-9999.000000,26.010415,26.0,14.0820,HIGH,0.6,0.015,0.001
1774254533.9622896,446.660,-9999.000000,26.019549,26.0,13.5090,HIGH,0.6,0.015,0.001
1774254534.0262403,446.724,-9999.000000,26.018357,26.0,13.5934,HIGH,0.6,0.015,0.001
1774254534.1056159,446.803,-9999.000000,26.010811,26.0,14.0525,HIGH,0.6,0.015,0.001
1774254534.2010105,446.899,-9999.000000,26.013988,26.0,13.8471,HIGH,0.6,0.015,0.001
1774254534.2650447,446.963,-9999.000000,26.018756,26.0,13.5551,HIGH,0.6,0.015,0.001
1774254534.3440382,447.042,-9999.000000,26.029479,26.0,12.9020,HIGH,0.6,0.015,0.001
1774254534.409469,447.107,-9999.000000,26.016372,26.0,13.7205,HIGH,0.6,0.015,0.001
1774254534.4864206,447.184,-9999.000000,26.018756,26.0,13.5522,HIGH,0.6,0.015,0.001
1774254534.5816188,447.280,-9999.000000,26.027891,26.0,12.9936,HIGH,0.6,0.015,0.001
1774254534.6488883,447.347,-9999.000000,26.020741,26.0,13.4407,HIGH,0.6,0.015,0.001
1774254534.7165415,447.414,-9999.000000,26.017960,26.0,13.5992,HIGH,0.6,0.015,0.001
1774254534.78547,447.483,-9999.000000,26.010415,26.0,14.0577,HIGH,0.6,0.015,0.001
1774254534.85415,447.552,-9999.000000,26.019152,26.0,13.5078,HIGH,0.6,0.015,0.001
1774254534.9578552,447.656,-9999.000000,26.007634,26.0,14.2215,HIGH,0.6,0.015,0.001
1774254535.0181,447.716,-9999.000000,26.019948,26.0,13.4493,HIGH,0.6,0.015,0.001
1774254535.0860348,447.784,-9999.000000,26.015180,26.0,13.7614,HIGH,0.6,0.015,0.001
1774254535.1558874,447.854,-9999.000000,26.013195,26.0,13.8749,HIGH,0.6,0.015,0.001
1774254535.2134836,447.911,-9999.000000,26.007238,26.0,14.2392,HIGH,0.6,0.015,0.001
1774254535.2933934,447.991,-9999.000000,26.009223,26.0,14.1062,HIGH,0.6,0.015,0.001
1774254535.3993647,448.097,-9999.000000,26.021537,26.0,13.3548,HIGH,0.6,0.015,0.001
1774254535.4528441,448.151,-9999.000000,26.011210,26.0,14.0044,HIGH,0.6,0.015,0.001
1774254535.5296438,448.228,-9999.000000,26.012399,26.0,13.9108,HIGH,0.6,0.015,0.001
1774254535.5952368,448.293,-9999.000000,26.014387,26.0,13.7886,HIGH,0.6,0.015,0.001
1774254535.6650455,448.363,-9999.000000,26.006442,26.0,14.2790,HIGH,0.6,0.015,0.001
1774254535.7345676,448.432,-9999.000000,26.019152,26.0,13.4848,HIGH,0.6,0.015,0.001
1774254535.7995982,448.497,-9999.000000,26.016768,26.0,13.6481,HIGH,0.6,0.015,0.001
1774254535.9034834,448.601,-9999.000000,26.020345,26.0,13.4233,HIGH,0.6,0.015,0.001
1774254535.9580662,448.656,-9999.000000,26.015579,26.0,13.7201,HIGH,0.6,0.015,0.001
1774254536.0209892,448.719,-9999.000000,26.014783,26.0,13.7590,HIGH,0.6,0.015,0.001
1774254536.1040914,448.802,-9999.000000,26.013988,26.0,13.8047,HIGH,0.6,0.015,0.001
1774254536.1707666,448.869,-9999.000000,26.013195,26.0,13.8511,HIGH,0.6,0.015,0.001
1774254536.2322137,448.930,-9999.000000,26.008826,26.0,14.1184,HIGH,0.6,0.015,0.001
1774254536.3384717,449.036,-9999.000000,26.008430,26.0,14.1341,HIGH,0.6,0.015,0.001
1774254536.4036775,449.102,-9999.000000,26.020345,26.0,13.3985,HIGH,0.6,0.015,0.001
1774254536.4729805,449.171,-9999.000000,26.012399,26.0,13.9037,HIGH,0.6,0.015,0.001
1774254536.5411258,449.239,-9999.000000,26.010415,26.0,14.0132,HIGH,0.6,0.015,0.001
1774254536.6100993,449.308,-9999.000000,26.007238,26.0,14.2047,HIGH,0.6,0.015,0.001
1774254536.6786118,449.376,-9999.000000,26.012799,26.0,13.8570,HIGH,0.6,0.015,0.001
1774254536.7463112,449.444,-9999.000000,26.012399,26.0,13.8884,HIGH,0.6,0.015,0.001
1774254536.848764,449.547,-9999.000000,26.016768,26.0,13.6189,HIGH,0.6,0.015,0.001
1774254536.9074328,449.605,-9999.000000,26.010018,26.0,14.0388,HIGH,0.6,0.015,0.001
1774254536.9782329,449.676,-9999.000000,26.010811,26.0,13.9774,HIGH,0.6,0.015,0.001
1774254537.0441372,449.742,-9999.000000,26.012003,26.0,13.9040,HIGH,0.6,0.015,0.001
1774254537.112968,449.811,-9999.000000,26.012799,26.0,13.8556,HIGH,0.6,0.015,0.001
1774254537.182659,449.881,-9999.000000,26.015180,26.0,13.7089,HIGH,0.6,0.015,0.001
1774254537.249355,449.947,-9999.000000,25.984205,26.0,15.6189,HIGH,0.6,0.015,0.001
1774254537.318945,450.017,-9999.000000,26.017168,26.0,13.5455,HIGH,0.6,0.015,0.001
1774254537.4220843,450.120,-9999.000000,26.013988,26.0,13.7846,HIGH,0.6,0.015,0.001
1774254537.4830382,450.181,-9999.000000,25.994928,26.0,14.9568,HIGH,0.6,0.015,0.001
1774254537.5523593,450.250,-9999.000000,26.021933,26.0,13.2640,HIGH,0.6,0.015,0.001
1774254537.6172478,450.315,-9999.000000,26.015579,26.0,13.6924,HIGH,0.6,0.015,0.001
1774254537.68815,450.386,-9999.000000,26.015579,26.0,13.6810,HIGH,0.6,0.015,0.001
1774254537.758198,450.456,-9999.000000,26.013988,26.0,13.7773,HIGH,0.6,0.015,0.001
1774254537.8549807,450.553,-9999.000000,26.015976,26.0,13.6514,HIGH,0.6,0.015,0.001
1774254537.9200637,450.618,-9999.000000,26.017564,26.0,13.5540,HIGH,0.6,0.015,0.001
1774254537.9895823,450.687,-9999.000000,26.013988,26.0,13.7747,HIGH,0.6,0.015,0.001
1774254538.0588558,450.757,-9999.000000,26.030672,26.0,12.7412,HIGH,0.6,0.015,0.001
1774254538.1262827,450.824,-9999.000000,26.016768,26.0,13.6184,HIGH,0.6,0.015,0.001
1774254538.200967,450.899,-9999.000000,26.002869,26.0,14.4500,HIGH,0.6,0.015,0.001
1774254538.2982242,450.996,-9999.000000,26.021933,26.0,13.2648,HIGH,0.6,0.015,0.001
1774254538.359325,451.057,-9999.000000,26.015976,26.0,13.6501,HIGH,0.6,0.015,0.001
1774254538.4234948,451.121,-9999.000000,26.014783,26.0,13.7123,HIGH,0.6,0.015,0.001
1774254538.5015738,451.199,-9999.000000,26.016372,26.0,13.6112,HIGH,0.6,0.015,0.001
1774254538.5701988,451.268,-9999.000000,26.021137,26.0,13.3182,HIGH,0.6,0.015,0.001
1774254538.6390922,451.337,-9999.000000,26.020741,26.0,13.3474,HIGH,0.6,0.015,0.001
1774254538.6928236,451.391,-9999.000000,26.018756,26.0,13.4681,HIGH,0.6,0.015,0.001
1774254538.8048499,451.503,-9999.000000,26.026302,26.0,13.0005,HIGH,0.6,0.015,0.001
1774254538.8679366,451.566,-9999.000000,26.037423,26.0,12.3188,HIGH,0.6,0.015,0.001
1774254538.9376357,451.636,-9999.000000,26.020741,26.0,13.3591,HIGH,0.6,0.015,0.001
1774254538.995185,451.693,-9999.000000,26.018756,26.0,13.4561,HIGH,0.6,0.015,0.001
1774254539.0738833,451.772,-9999.000000,26.027494,26.0,12.9140,HIGH,0.6,0.015,0.001
1774254539.141778,451.840,-9999.000000,26.013195,26.0,13.8028,HIGH,0.6,0.015,0.001
1774254539.2105682,451.908,-9999.000000,26.015579,26.0,13.6336,HIGH,0.6,0.015,0.001
1774254539.2729335,451.971,-9999.000000,26.015976,26.0,13.6111,HIGH,0.6,0.015,0.001
1774254539.3465874,452.044,-9999.000000,26.014387,26.0,13.7076,HIGH,0.6,0.015,0.001
1774254539.4400275,452.138,-9999.000000,26.019948,26.0,13.3631,HIGH,0.6,0.015,0.001
1774254539.5033665,452.201,-9999.000000,26.012799,26.0,13.8081,HIGH,0.6,0.015,0.001
1774254539.5672066,452.265,-9999.000000,26.020741,26.0,13.3058,HIGH,0.6,0.015,0.001
1774254539.646748,452.345,-9999.000000,26.019948,26.0,13.3644,HIGH,0.6,0.015,0.001
1774254539.7253833,452.423,-9999.000000,26.015976,26.0,13.6050,HIGH,0.6,0.015,0.001
1774254539.820208,452.518,-9999.000000,26.017168,26.0,13.5247,HIGH,0.6,0.015,0.001
1774254539.8832815,452.581,-9999.000000,26.014387,26.0,13.6958,HIGH,0.6,0.015,0.001
1774254539.962435,452.660,-9999.000000,26.019948,26.0,13.3484,HIGH,0.6,0.015,0.001
1774254540.0570009,452.755,-9999.000000,26.025906,26.0,12.9880,HIGH,0.6,0.015,0.001
1774254540.125466,452.823,-9999.000000,26.019948,26.0,13.3584,HIGH,0.6,0.015,0.001
1774254540.191207,452.889,-9999.000000,26.019948,26.0,13.3477,HIGH,0.6,0.015,0.001
1774254540.2591584,452.957,-9999.000000,26.017564,26.0,13.4925,HIGH,0.6,0.015,0.001
1774254540.3290827,453.027,-9999.000000,26.021537,26.0,13.2427,HIGH,0.6,0.015,0.001
1774254540.3962054,453.094,-9999.000000,26.018756,26.0,13.4174,HIGH,0.6,0.015,0.001
1774254540.4575474,453.155,-9999.000000,26.021137,26.0,13.2646,HIGH,0.6,0.015,0.001
1774254540.5328524,453.231,-9999.000000,26.025906,26.0,12.9731,HIGH,0.6,0.015,0.001
1774254540.637148,453.335,-9999.000000,26.027891,26.0,12.8541,HIGH,0.6,0.015,0.001
1774254540.6972575,453.395,-9999.000000,26.021137,26.0,13.2705,HIGH,0.6,0.015,0.001
1774254540.766479,453.464,-9999.000000,26.025507,26.0,12.9882,HIGH,0.6,0.015,0.001
1774254540.8340247,453.532,-9999.000000,26.021933,26.0,13.2120,HIGH,0.6,0.015,0.001
1774254540.8992937,453.597,-9999.000000,26.025110,26.0,13.0087,HIGH,0.6,0.015,0.001
1774254540.9644864,453.662,-9999.000000,26.027095,26.0,12.8888,HIGH,0.6,0.015,0.001
1774254541.069956,453.768,-9999.000000,26.019549,26.0,13.3487,HIGH,0.6,0.015,0.001
1774254541.1312368,453.829,-9999.000000,26.028287,26.0,12.8003,HIGH,0.6,0.015,0.001
1774254541.1964943,453.894,-9999.000000,26.025507,26.0,12.9832,HIGH,0.6,0.015,0.001
1774254541.268569,453.966,-9999.000000,25.998501,26.0,14.6369,HIGH,0.6,0.015,0.001
1774254541.3366542,454.035,-9999.000000,26.027095,26.0,12.8390,HIGH,0.6,0.015,0.001
1774254541.4319122,454.130,-9999.000000,26.029083,26.0,12.7555,HIGH,0.6,0.015,0.001
1774254541.503115,454.201,-9999.000000,26.024714,26.0,13.0233,HIGH,0.6,0.015,0.001
1774254541.5683196,454.266,-9999.000000,26.027494,26.0,12.8433,HIGH,0.6,0.015,0.001
1774254541.6375651,454.335,-9999.000000,26.034245,26.0,12.4292,HIGH,0.6,0.015,0.001
1774254541.7067428,454.405,-9999.000000,26.019549,26.0,13.3400,HIGH,0.6,0.015,0.001
1774254541.7753155,454.473,-9999.000000,26.025906,26.0,12.9254,HIGH,0.6,0.015,0.001
1774254541.8439786,454.542,-9999.000000,26.022329,26.0,13.1521,HIGH,0.6,0.015,0.001
1774254541.9452755,454.643,-9999.000000,26.021137,26.0,13.2164,HIGH,0.6,0.015,0.001
1774254542.0118325,454.710,-9999.000000,26.019152,26.0,13.3354,HIGH,0.6,0.015,0.001
1774254542.0821505,454.780,-9999.000000,26.027891,26.0,12.7928,HIGH,0.6,0.015,0.001
1774254542.1563094,454.854,-9999.000000,26.025507,26.0,12.9486,HIGH,0.6,0.015,0.001
1774254542.2626472,454.961,-9999.000000,26.019152,26.0,13.3296,HIGH,0.6,0.015,0.001
1774254542.323706,455.022,-9999.000000,26.016768,26.0,13.4690,HIGH,0.6,0.015,0.001
1774254542.3936703,455.092,-9999.000000,26.019549,26.0,13.2923,HIGH,0.6,0.015,0.001
1774254542.4640708,455.162,-9999.000000,26.019152,26.0,13.3186,HIGH,0.6,0.015,0.001
1774254542.5695384,455.267,-9999.000000,26.021137,26.0,13.1937,HIGH,0.6,0.015,0.001
1774254542.6305141,455.328,-9999.000000,26.021933,26.0,13.1445,HIGH,0.6,0.015,0.001
1774254542.7032309,455.401,-9999.000000,26.029876,26.0,12.6551,HIGH,0.6,0.015,0.001
1774254542.7721386,455.470,-9999.000000,26.028684,26.0,12.7363,HIGH,0.6,0.015,0.001
1774254542.8405051,455.538,-9999.000000,26.023522,26.0,13.0494,HIGH,0.6,0.015,0.001
1774254542.9125407,455.610,-9999.000000,26.018357,26.0,13.3569,HIGH,0.6,0.015,0.001
1774254543.0172877,455.715,-9999.000000,26.023522,26.0,13.0312,HIGH,0.6,0.015,0.001
1774254543.080382,455.778,-9999.000000,26.019948,26.0,13.2544,HIGH,0.6,0.015,0.001
1774254543.151288,455.849,-9999.000000,26.025507,26.0,12.9046,HIGH,0.6,0.015,0.001
1774254543.2545707,455.952,-9999.000000,26.023918,26.0,13.0056,HIGH,0.6,0.015,0.001
1774254543.3175762,456.015,-9999.000000,26.018357,26.0,13.3449,HIGH,0.6,0.015,0.001
1774254543.3878121,456.086,-9999.000000,26.042588,26.0,11.8431,HIGH,0.6,0.015,0.001
1774254543.4574058,456.155,-9999.000000,26.021933,26.0,13.1444,HIGH,0.6,0.015,0.001
1774254543.530677,456.229,-9999.000000,26.018756,26.0,13.3076,HIGH,0.6,0.015,0.001
1774254543.6346905,456.333,-9999.000000,26.023522,26.0,13.0090,HIGH,0.6,0.015,0.001
1774254543.6946337,456.393,-9999.000000,26.032657,26.0,12.4473,HIGH,0.6,0.015,0.001
1774254543.7673688,456.465,-9999.000000,26.021933,26.0,13.1184,HIGH,0.6,0.015,0.001
1774254543.83214,456.530,-9999.000000,26.027095,26.0,12.7833,HIGH,0.6,0.015,0.001
1774254543.9050083,456.603,-9999.000000,26.020345,26.0,13.2033,HIGH,0.6,0.015,0.001
1774254543.9745386,456.672,-9999.000000,26.018756,26.0,13.2897,HIGH,0.6,0.015,0.001
1774254544.0826106,456.780,-9999.000000,26.020345,26.0,13.1873,HIGH,0.6,0.015,0.001
1774254544.1451833,456.843,-9999.000000,26.017564,26.0,13.3584,HIGH,0.6,0.015,0.001
1774254544.2144246,456.912,-9999.000000,26.019152,26.0,13.2544,HIGH,0.6,0.015,0.001
1774254544.2839093,456.982,-9999.000000,26.023125,26.0,13.0102,HIGH,0.6,0.015,0.001
1774254544.3908725,457.089,-9999.000000,26.023918,26.0,12.9638,HIGH,0.6,0.015,0.001
1774254544.4529297,457.151,-9999.000000,26.022329,26.0,13.0603,HIGH,0.6,0.015,0.001
1774254544.5218825,457.220,-9999.000000,26.034642,26.0,12.2976,HIGH,0.6,0.015,0.001
1774254544.592443,457.290,-9999.000000,26.020741,26.0,13.1670,HIGH,0.6,0.015,0.001
1774254544.6622112,457.360,-9999.000000,26.018357,26.0,13.2918,HIGH,0.6,0.015,0.001
1774254544.7296407,457.428,-9999.000000,26.020741,26.0,13.1397,HIGH,0.6,0.015,0.001
1774254544.8354647,457.533,-9999.000000,26.026302,26.0,12.8002,HIGH,0.6,0.015,0.001
1774254544.8976083,457.595,-9999.000000,26.019948,26.0,13.1950,HIGH,0.6,0.015,0.001
1774254544.966366,457.664,-9999.000000,26.022726,26.0,13.0118,HIGH,0.6,0.015,0.001
1774254545.0376768,457.736,-9999.000000,26.023918,26.0,12.9400,HIGH,0.6,0.015,0.001
1774254545.0930376,457.791,-9999.000000,26.017564,26.0,13.3330,HIGH,0.6,0.015,0.001
1774254545.207686,457.906,-9999.000000,26.017168,26.0,13.3427,HIGH,0.6,0.015,0.001
1774254545.2672687,457.965,-9999.000000,26.017168,26.0,13.3408,HIGH,0.6,0.015,0.001
1774254545.3462887,458.044,-9999.000000,26.015180,26.0,13.4608,HIGH,0.6,0.015,0.001
1774254545.415089,458.113,-9999.000000,26.023125,26.0,12.9676,HIGH,0.6,0.015,0.001
1774254545.5232108,458.221,-9999.000000,26.017960,26.0,13.2909,HIGH,0.6,0.015,0.001
1774254545.5857766,458.284,-9999.000000,26.019549,26.0,13.1864,HIGH,0.6,0.015,0.001
1774254545.6555886,458.353,-9999.000000,26.026699,26.0,12.7470,HIGH,0.6,0.015,0.001
1774254545.7263434,458.424,-9999.000000,26.012399,26.0,13.6340,HIGH,0.6,0.015,0.001
1774254545.83482,458.533,-9999.000000,26.019549,26.0,13.1751,HIGH,0.6,0.015,0.001
1774254545.8969097,458.595,-9999.000000,26.023125,26.0,12.9592,HIGH,0.6,0.015,0.001
1774254545.968187,458.666,-9999.000000,26.021137,26.0,13.0848,HIGH,0.6,0.015,0.001
1774254546.0375786,458.735,-9999.000000,26.023125,26.0,12.9574,HIGH,0.6,0.015,0.001
1774254546.1457555,458.844,-9999.000000,26.015976,26.0,13.3933,HIGH,0.6,0.015,0.001
1774254546.201666,458.900,-9999.000000,26.026302,26.0,12.7464,HIGH,0.6,0.015,0.001
1774254546.2777753,458.976,-9999.000000,26.004061,26.0,14.1281,HIGH,0.6,0.015,0.001
1774254546.3465793,459.044,-9999.000000,26.009223,26.0,13.7807,HIGH,0.6,0.015,0.001
1774254546.4042153,459.102,-9999.000000,26.019948,26.0,13.1244,HIGH,0.6,0.015,0.001
1774254546.5272124,459.225,-9999.000000,26.015579,26.0,13.4058,HIGH,0.6,0.015,0.001
1774254546.5888093,459.287,-9999.000000,26.018756,26.0,13.2047,HIGH,0.6,0.015,0.001
1774254546.6584644,459.356,-9999.000000,26.017168,26.0,13.3057,HIGH,0.6,0.015,0.001
1774254546.7285702,459.426,-9999.000000,26.015976,26.0,13.3749,HIGH,0.6,0.015,0.001
1774254546.7968006,459.495,-9999.000000,26.016768,26.0,13.3228,HIGH,0.6,0.015,0.001
1774254546.9063218,459.604,-9999.000000,26.020741,26.0,13.0786,HIGH,0.6,0.015,0.001
1774254546.9651978,459.663,-9999.000000,26.017564,26.0,13.2767,HIGH,0.6,0.015,0.001
1774254547.0388756,459.737,-9999.000000,26.020345,26.0,13.0984,HIGH,0.6,0.015,0.001
1774254547.102767,459.801,-9999.000000,26.016372,26.0,13.3452,HIGH,0.6,0.015,0.001
1774254547.2142923,459.912,-9999.000000,26.013195,26.0,13.5302,HIGH,0.6,0.015,0.001
1774254547.2769222,459.975,-9999.000000,26.016768,26.0,13.3057,HIGH,0.6,0.015,0.001
1774254547.3454611,460.043,-9999.000000,26.020345,26.0,13.0895,HIGH,0.6,0.015,0.001
1774254547.4178176,460.116,-9999.000000,26.010018,26.0,13.7275,HIGH,0.6,0.015,0.001
1774254547.5230122,460.221,-9999.000000,26.017960,26.0,13.2263,HIGH,0.6,0.015,0.001
1774254547.5845633,460.282,-9999.000000,26.035438,26.0,12.1536,HIGH,0.6,0.015,0.001
1774254547.6554074,460.353,-9999.000000,26.036233,26.0,12.1292,HIGH,0.6,0.015,0.001
1774254547.7251277,460.423,-9999.000000,26.021933,26.0,13.0066,HIGH,0.6,0.015,0.001
1774254547.7955458,460.493,-9999.000000,26.014783,26.0,13.4237,HIGH,0.6,0.015,0.001
1774254547.9022868,460.600,-9999.000000,26.020345,26.0,13.0714,HIGH,0.6,0.015,0.001
1774254547.9665205,460.664,-9999.000000,26.025507,26.0,12.7564,HIGH,0.6,0.015,0.001
1774254548.0385542,460.736,-9999.000000,26.027095,26.0,12.6640,HIGH,0.6,0.015,0.001
1774254548.1114995,460.809,-9999.000000,26.014387,26.0,13.4445,HIGH,0.6,0.015,0.001
1774254548.222738,460.921,-9999.000000,26.020741,26.0,13.0367,HIGH,0.6,0.015,0.001
1774254548.2860572,460.984,-9999.000000,26.022726,26.0,12.9180,HIGH,0.6,0.015,0.001
1774254548.3535035,461.051,-9999.000000,26.018357,26.0,13.1879,HIGH,0.6,0.015,0.001
1774254548.4128878,461.111,-9999.000000,26.017168,26.0,13.2532,HIGH,0.6,0.015,0.001
1774254548.5318902,461.230,-9999.000000,26.006842,26.0,13.8782,HIGH,0.6,0.015,0.001
1774254548.5923786,461.290,-9999.000000,26.017960,26.0,13.1824,HIGH,0.6,0.015,0.001
1774254548.6623452,461.360,-9999.000000,26.006442,26.0,13.9077,HIGH,0.6,0.015,0.001
1774254548.7308364,461.429,-9999.000000,26.011607,26.0,13.5726,HIGH,0.6,0.015,0.001
1774254548.80186,461.500,-9999.000000,26.015579,26.0,13.3346,HIGH,0.6,0.015,0.001
1774254548.9072306,461.605,-9999.000000,26.017960,26.0,13.1922,HIGH,0.6,0.015,0.001
1774254548.9737802,461.672,-9999.000000,26.017564,26.0,13.2171,HIGH,0.6,0.015,0.001
1774254549.0443382,461.742,-9999.000000,26.011607,26.0,13.5811,HIGH,0.6,0.015,0.001
1774254549.103976,461.802,-9999.000000,26.010415,26.0,13.6453,HIGH,0.6,0.015,0.001
1774254549.1823084,461.880,-9999.000000,26.010018,26.0,13.6664,HIGH,0.6,0.015,0.001
1774254549.2883391,461.986,-9999.000000,26.021933,26.0,12.9363,HIGH,0.6,0.015,0.001
1774254549.3430076,462.041,-9999.000000,26.008430,26.0,13.7817,HIGH,0.6,0.015,0.001
1774254549.4204538,462.118,-9999.000000,26.015579,26.0,13.3170,HIGH,0.6,0.015,0.001
1774254549.4857748,462.184,-9999.000000,26.017564,26.0,13.2024,HIGH,0.6,0.015,0.001
1774254549.555429,462.253,-9999.000000,26.017564,26.0,13.2036,HIGH,0.6,0.015,0.001
1774254549.630143,462.328,-9999.000000,26.029479,26.0,12.4694,HIGH,0.6,0.015,0.001
1774254549.736778,462.435,-9999.000000,25.996516,26.0,14.4946,HIGH,0.6,0.015,0.001
1774254549.7970471,462.495,-9999.000000,26.008826,26.0,13.7039,HIGH,0.6,0.015,0.001
1774254549.8662603,462.564,-9999.000000,26.015976,26.0,13.2834,HIGH,0.6,0.015,0.001
1774254549.937743,462.636,-9999.000000,26.010811,26.0,13.6096,HIGH,0.6,0.015,0.001
1774254550.0463202,462.744,-9999.000000,26.009223,26.0,13.6977,HIGH,0.6,0.015,0.001
1774254550.100539,462.798,-9999.000000,26.013195,26.0,13.4495,HIGH,0.6,0.015,0.001
1774254550.1790867,462.877,-9999.000000,26.010415,26.0,13.6259,HIGH,0.6,0.015,0.001
1774254550.2856522,462.984,-9999.000000,26.015976,26.0,13.2810,HIGH,0.6,0.015,0.001
1774254550.3511767,463.049,-9999.000000,26.012799,26.0,13.4804,HIGH,0.6,0.015,0.001
1774254550.421728,463.120,-9999.000000,26.000885,26.0,14.2072,HIGH,0.6,0.015,0.001
1774254550.4902318,463.188,-9999.000000,25.996117,26.0,14.4837,HIGH,0.6,0.015,0.001
1774254550.5969915,463.295,-9999.000000,26.004061,26.0,13.9920,HIGH,0.6,0.015,0.001
1774254550.6580245,463.356,-9999.000000,26.012399,26.0,13.4844,HIGH,0.6,0.015,0.001
1774254550.7272294,463.425,-9999.000000,26.010811,26.0,13.5945,HIGH,0.6,0.015,0.001
1774254550.796177,463.494,-9999.000000,26.006842,26.0,13.8354,HIGH,0.6,0.015,0.001
1774254550.8663676,463.564,-9999.000000,26.007634,26.0,13.7802,HIGH,0.6,0.015,0.001
1774254550.9346924,463.633,-9999.000000,26.018357,26.0,13.1204,HIGH,0.6,0.015,0.001
1774254551.0449245,463.743,-9999.000000,26.006842,26.0,13.8363,HIGH,0.6,0.015,0.001
1774254551.1072736,463.805,-9999.000000,26.011607,26.0,13.5312,HIGH,0.6,0.015,0.001
1774254551.1748536,463.873,-9999.000000,26.010415,26.0,13.6111,HIGH,0.6,0.015,0.001
1774254551.246523,463.944,-9999.000000,26.002074,26.0,14.1212,HIGH,0.6,0.015,0.001
1774254551.3524857,464.050,-9999.000000,26.013988,26.0,13.3812,HIGH,0.6,0.015,0.001
1774254551.4142962,464.112,-9999.000000,26.007634,26.0,13.7833,HIGH,0.6,0.015,0.001
1774254551.4831872,464.181,-9999.000000,26.008826,26.0,13.6988,HIGH,0.6,0.015,0.001
1774254551.55177,464.250,-9999.000000,26.013988,26.0,13.3819,HIGH,0.6,0.015,0.001
1774254551.6219501,464.320,-9999.000000,26.014387,26.0,13.3634,HIGH,0.6,0.015,0.001
1774254551.693197,464.391,-9999.000000,26.012003,26.0,13.5091,HIGH,0.6,0.015,0.001
1774254551.7970734,464.495,-9999.000000,26.007238,26.0,13.7951,HIGH,0.6,0.015,0.001
1774254551.857772,464.556,-9999.000000,26.012399,26.0,13.4712,HIGH,0.6,0.015,0.001
1774254551.9286304,464.627,-9999.000000,26.010415,26.0,13.6004,HIGH,0.6,0.015,0.001
1774254552.0365741,464.734,-9999.000000,26.015180,26.0,13.3049,HIGH,0.6,0.015,0.001
1774254552.0981183,464.796,-9999.000000,26.008826,26.0,13.7000,HIGH,0.6,0.015,0.001
1774254552.1660237,464.864,-9999.000000,26.012399,26.0,13.4688,HIGH,0.6,0.015,0.001
1774254552.2365491,464.934,-9999.000000,26.014783,26.0,13.3260,HIGH,0.6,0.015,0.001
1774254552.3059053,465.004,-9999.000000,25.999296,26.0,14.2810,HIGH,0.6,0.015,0.001
1774254552.3723364,465.070,-9999.000000,26.029876,26.0,12.3749,HIGH,0.6,0.015,0.001
1774254552.4795184,465.177,-9999.000000,26.014387,26.0,13.3624,HIGH,0.6,0.015,0.001
1774254552.5397775,465.238,-9999.000000,26.015579,26.0,13.2731,HIGH,0.6,0.015,0.001
1774254552.6106265,465.309,-9999.000000,26.012399,26.0,13.4690,HIGH,0.6,0.015,0.001
1774254552.679934,465.378,-9999.000000,26.009223,26.0,13.6588,HIGH,0.6,0.015,0.001
1774254552.7519627,465.450,-9999.000000,26.012799,26.0,13.4333,HIGH,0.6,0.015,0.001
1774254552.857568,465.555,-9999.000000,26.017168,26.0,13.1692,HIGH,0.6,0.015,0.001
1774254552.9185507,465.616,-9999.000000,26.015579,26.0,13.2699,HIGH,0.6,0.015,0.001
1774254552.991293,465.689,-9999.000000,26.017960,26.0,13.1191,HIGH,0.6,0.015,0.001
1774254553.1001706,465.798,-9999.000000,25.992148,26.0,14.6961,HIGH,0.6,0.015,0.001
1774254553.1604621,465.858,-9999.000000,26.014783,26.0,13.2754,HIGH,0.6,0.015,0.001
1774254553.2293873,465.927,-9999.000000,26.011607,26.0,13.5070,HIGH,0.6,0.015,0.001
1774254553.3009083,465.999,-9999.000000,26.010018,26.0,13.5988,HIGH,0.6,0.015,0.001
1774254553.366933,466.065,-9999.000000,26.024714,26.0,12.6902,HIGH,0.6,0.015,0.001
1774254553.4888434,466.187,-9999.000000,26.015976,26.0,13.2410,HIGH,0.6,0.015,0.001
1774254553.558342,466.256,-9999.000000,26.016372,26.0,13.2077,HIGH,0.6,0.015,0.001
1774254553.6687045,466.367,-9999.000000,26.017168,26.0,13.1570,HIGH,0.6,0.015,0.001
1774254553.7287838,466.427,-9999.000000,26.003266,26.0,14.0147,HIGH,0.6,0.015,0.001
1774254553.800121,466.498,-9999.000000,26.013195,26.0,13.3805,HIGH,0.6,0.015,0.001
1774254553.8691773,466.567,-9999.000000,26.024714,26.0,12.6840,HIGH,0.6,0.015,0.001
1774254553.9351544,466.633,-9999.000000,26.021537,26.0,12.8940,HIGH,0.6,0.015,0.001
1774254554.0446815,466.743,-9999.000000,26.015180,26.0,13.2739,HIGH,0.6,0.015,0.001
1774254554.1089249,466.807,-9999.000000,26.016768,26.0,13.1687,HIGH,0.6,0.015,0.001
1774254554.1800864,466.878,-9999.000000,25.994133,26.0,14.5618,HIGH,0.6,0.015,0.001
1774254554.248656,466.947,-9999.000000,26.027891,26.0,12.4524,HIGH,0.6,0.015,0.001
1774254554.355085,467.053,-9999.000000,26.016768,26.0,13.1767,HIGH,0.6,0.015,0.001
1774254554.4188125,467.117,-9999.000000,26.018357,26.0,13.0667,HIGH,0.6,0.015,0.001
1774254554.488612,467.186,-9999.000000,26.021137,26.0,12.8962,HIGH,0.6,0.015,0.001
1774254554.5574307,467.255,-9999.000000,26.020345,26.0,12.9468,HIGH,0.6,0.015,0.001
1774254554.6241562,467.322,-9999.000000,26.012799,26.0,13.4084,HIGH,0.6,0.015,0.001
1774254554.6938694,467.392,-9999.000000,26.023125,26.0,12.7603,HIGH,0.6,0.015,0.001
1774254554.7685213,467.466,-9999.000000,26.018357,26.0,13.0655,HIGH,0.6,0.015,0.001
1774254554.8383796,467.536,-9999.000000,26.022329,26.0,12.8127,HIGH,0.6,0.015,0.001
1774254554.9078064,467.606,-9999.000000,26.018756,26.0,13.0360,HIGH,0.6,0.015,0.001
1774254554.9778788,467.676,-9999.000000,26.017168,26.0,13.1267,HIGH,0.6,0.015,0.001
1774254555.0502775,467.748,-9999.000000,26.018357,26.0,13.0494,HIGH,0.6,0.015,0.001
1774254555.1207068,467.819,-9999.000000,26.021137,26.0,12.8780,HIGH,0.6,0.015,0.001
1774254555.2243578,467.922,-9999.000000,26.015976,26.0,13.1942,HIGH,0.6,0.015,0.001
1774254555.2890596,467.987,-9999.000000,26.033849,26.0,12.0859,HIGH,0.6,0.015,0.001
1774254555.3591108,468.057,-9999.000000,26.036630,26.0,11.9388,HIGH,0.6,0.015,0.001
1774254555.4208944,468.119,-9999.000000,26.019948,26.0,12.9689,HIGH,0.6,0.015,0.001
1774254555.4998324,468.198,-9999.000000,26.010018,26.0,13.5490,HIGH,0.6,0.015,0.001
1774254555.602698,468.301,-9999.000000,26.024314,26.0,12.6611,HIGH,0.6,0.015,0.001
1774254555.666897,468.365,-9999.000000,26.020345,26.0,12.9174,HIGH,0.6,0.015,0.001
1774254555.7325199,468.430,-9999.000000,26.019549,26.0,12.9582,HIGH,0.6,0.015,0.001
1774254555.8052979,468.503,-9999.000000,26.021933,26.0,12.8083,HIGH,0.6,0.015,0.001
1774254555.8749363,468.573,-9999.000000,26.020741,26.0,12.8826,HIGH,0.6,0.015,0.001
1774254555.9791257,468.677,-9999.000000,26.017564,26.0,13.0718,HIGH,0.6,0.015,0.001
1774254556.043696,468.742,-9999.000000,26.010811,26.0,13.4834,HIGH,0.6,0.015,0.001
1774254556.113983,468.812,-9999.000000,26.017168,26.0,13.0807,HIGH,0.6,0.015,0.001
1774254556.1843634,468.882,-9999.000000,26.017564,26.0,13.0635,HIGH,0.6,0.015,0.001
1774254556.254051,468.952,-9999.000000,26.033453,26.0,12.0845,HIGH,0.6,0.015,0.001
1774254556.3597598,469.058,-9999.000000,26.021137,26.0,12.8545,HIGH,0.6,0.015,0.001
1774254556.419893,469.118,-9999.000000,26.020741,26.0,12.8654,HIGH,0.6,0.015,0.001
1774254556.4913015,469.189,-9999.000000,26.021537,26.0,12.8136,HIGH,0.6,0.015,0.001
1774254556.5953379,469.293,-9999.000000,26.027494,26.0,12.4472,HIGH,0.6,0.015,0.001
1774254556.658962,469.357,-9999.000000,26.018357,26.0,13.0138,HIGH,0.6,0.015,0.001
1774254556.7309752,469.429,-9999.000000,26.015579,26.0,13.1683,HIGH,0.6,0.015,0.001
1774254556.8006349,469.499,-9999.000000,26.018357,26.0,12.9919,HIGH,0.6,0.015,0.001
1774254556.8713658,469.569,-9999.000000,26.021933,26.0,12.7739,HIGH,0.6,0.015,0.001
1774254556.977573,469.675,-9999.000000,26.014387,26.0,13.2365,HIGH,0.6,0.015,0.001
1774254557.0404062,469.738,-9999.000000,26.021537,26.0,12.7870,HIGH,0.6,0.015,0.001
1774254557.112074,469.810,-9999.000000,26.017168,26.0,13.0648,HIGH,0.6,0.015,0.001
1774254557.1820564,469.880,-9999.000000,26.015579,26.0,13.1546,HIGH,0.6,0.015,0.001
1774254557.2510953,469.949,-9999.000000,26.031864,26.0,12.1484,HIGH,0.6,0.015,0.001
1774254557.358208,470.056,-9999.000000,25.986588,26.0,14.9329,HIGH,0.6,0.015,0.001
1774254557.41103,470.109,-9999.000000,26.022329,26.0,12.6768,HIGH,0.6,0.015,0.001
1774254557.4882143,470.186,-9999.000000,26.025110,26.0,12.5711,HIGH,0.6,0.015,0.001
1774254557.5592628,470.257,-9999.000000,26.019948,26.0,12.8895,HIGH,0.6,0.015,0.001
1774254557.6224446,470.320,-9999.000000,26.017564,26.0,13.0274,HIGH,0.6,0.015,0.001
1774254557.7354443,470.433,-9999.000000,26.018357,26.0,12.9723,HIGH,0.6,0.015,0.001
1774254557.7965882,470.494,-9999.000000,26.015579,26.0,13.1428,HIGH,0.6,0.015,0.001
1774254557.866769,470.565,-9999.000000,26.015976,26.0,13.1122,HIGH,0.6,0.015,0.001
1774254557.972647,470.671,-9999.000000,26.024314,26.0,12.6007,HIGH,0.6,0.015,0.001
1774254558.0367458,470.735,-9999.000000,26.021137,26.0,12.8021,HIGH,0.6,0.015,0.001
1774254558.1066139,470.804,-9999.000000,26.026302,26.0,12.4771,HIGH,0.6,0.015,0.001
1774254558.1764808,470.874,-9999.000000,26.021137,26.0,12.7996,HIGH,0.6,0.015,0.001
1774254558.2446427,470.943,-9999.000000,26.019152,26.0,12.9122,HIGH,0.6,0.015,0.001
1774254558.3501832,471.048,-9999.000000,26.012003,26.0,13.3431,HIGH,0.6,0.015,0.001
1774254558.4104464,471.108,-9999.000000,26.015976,26.0,13.0900,HIGH,0.6,0.015,0.001
1774254558.4815688,471.179,-9999.000000,26.013591,26.0,13.2415,HIGH,0.6,0.015,0.001
1774254558.5525146,471.250,-9999.000000,26.017168,26.0,13.0167,HIGH,0.6,0.015,0.001
1774254558.621283,471.319,-9999.000000,26.025110,26.0,12.5311,HIGH,0.6,0.015,0.001
1774254558.7197702,471.418,-9999.000000,26.015180,26.0,13.1463,HIGH,0.6,0.015,0.001
1774254558.7942436,471.492,-9999.000000,26.010811,26.0,13.4030,HIGH,0.6,0.015,0.001
1774254558.861904,471.560,-9999.000000,26.013591,26.0,13.2248,HIGH,0.6,0.015,0.001
1774254558.9287982,471.627,-9999.000000,26.006442,26.0,13.6679,HIGH,0.6,0.015,0.001
1774254559.0035176,471.701,-9999.000000,26.019152,26.0,12.8755,HIGH,0.6,0.015,0.001
1774254559.1126773,471.811,-9999.000000,26.014783,26.0,13.1562,HIGH,0.6,0.015,0.001
1774254559.1722875,471.870,-9999.000000,26.020345,26.0,12.8074,HIGH,0.6,0.015,0.001
1774254559.2435224,471.941,-9999.000000,26.017960,26.0,12.9612,HIGH,0.6,0.015,0.001
1774254559.3131278,472.011,-9999.000000,26.017960,26.0,12.9560,HIGH,0.6,0.015,0.001
1774254559.3842208,472.082,-9999.000000,26.002074,26.0,13.9313,HIGH,0.6,0.015,0.001
1774254559.4908242,472.189,-9999.000000,26.016372,26.0,13.0350,HIGH,0.6,0.015,0.001
1774254559.5532165,472.251,-9999.000000,26.010018,26.0,13.4389,HIGH,0.6,0.015,0.001
1774254559.6223557,472.320,-9999.000000,26.019152,26.0,12.8655,HIGH,0.6,0.015,0.001
1774254559.6860158,472.384,-9999.000000,26.004458,26.0,13.7830,HIGH,0.6,0.015,0.001
1774254559.7608304,472.459,-9999.000000,26.013591,26.0,13.1982,HIGH,0.6,0.015,0.001
1774254559.871649,472.570,-9999.000000,26.020741,26.0,12.7715,HIGH,0.6,0.015,0.001
1774254559.9331365,472.631,-9999.000000,26.019152,26.0,12.8741,HIGH,0.6,0.015,0.001
1774254560.0028036,472.701,-9999.000000,26.035834,26.0,11.8429,HIGH,0.6,0.015,0.001
1774254560.0714338,472.769,-9999.000000,26.017168,26.0,13.0123,HIGH,0.6,0.015,0.001
1774254560.1437414,472.842,-9999.000000,26.013195,26.0,13.2275,HIGH,0.6,0.015,0.001
1774254560.250577,472.948,-9999.000000,26.014783,26.0,13.1229,HIGH,0.6,0.015,0.001
1774254560.311083,473.009,-9999.000000,26.014387,26.0,13.1475,HIGH,0.6,0.015,0.001
1774254560.3804343,473.078,-9999.000000,26.013988,26.0,13.1699,HIGH,0.6,0.015,0.001
1774254560.4529703,473.151,-9999.000000,26.031864,26.0,12.0686,HIGH,0.6,0.015,0.001
1774254560.560347,473.258,-9999.000000,26.016372,26.0,13.0346,HIGH,0.6,0.015,0.001
1774254560.621198,473.319,-9999.000000,26.019549,26.0,12.8225,HIGH,0.6,0.015,0.001
1774254560.6908493,473.389,-9999.000000,26.023522,26.0,12.5812,HIGH,0.6,0.015,0.001
1774254560.7613947,473.459,-9999.000000,26.029083,26.0,12.2423,HIGH,0.6,0.015,0.001
1774254560.8311954,473.529,-9999.000000,26.019948,26.0,12.8093,HIGH,0.6,0.015,0.001
1774254560.937134,473.635,-9999.000000,26.018756,26.0,12.8659,HIGH,0.6,0.015,0.001
1774254560.9987583,473.697,-9999.000000,26.012399,26.0,13.2553,HIGH,0.6,0.015,0.001
1774254561.070914,473.769,-9999.000000,26.037026,26.0,11.7292,HIGH,0.6,0.015,0.001
1774254561.1415057,473.839,-9999.000000,26.019549,26.0,12.8347,HIGH,0.6,0.015,0.001
1774254561.2508407,473.949,-9999.000000,26.017564,26.0,12.9280,HIGH,0.6,0.015,0.001
1774254561.3076239,474.006,-9999.000000,26.013591,26.0,13.1703,HIGH,0.6,0.015,0.001
1774254561.3846786,474.083,-9999.000000,26.015579,26.0,13.0397,HIGH,0.6,0.015,0.001
1774254561.490482,474.188,-9999.000000,26.019948,26.0,12.7728,HIGH,0.6,0.015,0.001
1774254561.55481,474.253,-9999.000000,26.015180,26.0,13.0690,HIGH,0.6,0.015,0.001
1774254561.6244812,474.322,-9999.000000,26.015579,26.0,13.0354,HIGH,0.6,0.015,0.001
1774254561.6949022,474.393,-9999.000000,26.012399,26.0,13.2300,HIGH,0.6,0.015,0.001
1774254561.764752,474.463,-9999.000000,26.007634,26.0,13.5174,HIGH,0.6,0.015,0.001
1774254561.8720844,474.570,-9999.000000,26.014783,26.0,13.0726,HIGH,0.6,0.015,0.001
1774254561.9332764,474.631,-9999.000000,26.016768,26.0,12.9554,HIGH,0.6,0.015,0.001
1774254561.999904,474.698,-9999.000000,26.016372,26.0,12.9814,HIGH,0.6,0.015,0.001
1774254562.0720813,474.770,-9999.000000,26.015180,26.0,13.0523,HIGH,0.6,0.015,0.001
1774254562.1825395,474.880,-9999.000000,26.010415,26.0,13.3392,HIGH,0.6,0.015,0.001
1774254562.2444167,474.942,-9999.000000,26.008430,26.0,13.4564,HIGH,0.6,0.015,0.001
1774254562.3126864,475.011,-9999.000000,26.011607,26.0,13.2567,HIGH,0.6,0.015,0.001
1774254562.3844535,475.082,-9999.000000,26.011210,26.0,13.2845,HIGH,0.6,0.015,0.001
1774254562.4545963,475.152,-9999.000000,26.015579,26.0,13.0139,HIGH,0.6,0.015,0.001
1774254562.5644748,475.262,-9999.000000,26.007634,26.0,13.5028,HIGH,0.6,0.015,0.001
1774254562.6259186,475.324,-9999.000000,26.007238,26.0,13.5194,HIGH,0.6,0.015,0.001
1774254562.694451,475.392,-9999.000000,26.008031,26.0,13.4692,HIGH,0.6,0.015,0.001
1774254562.7671013,475.465,-9999.000000,26.009223,26.0,13.3962,HIGH,0.6,0.015,0.001
1774254562.8361812,475.534,-9999.000000,26.012003,26.0,13.2257,HIGH,0.6,0.015,0.001
1774254562.9450996,475.643,-9999.000000,26.007634,26.0,13.4946,HIGH,0.6,0.015,0.001
1774254563.0433118,475.741,-9999.000000,26.005650,26.0,13.6109,HIGH,0.6,0.015,0.001
1774254563.1073287,475.805,-9999.000000,26.013591,26.0,13.1186,HIGH,0.6,0.015,0.001
1774254563.1784813,475.876,-9999.000000,26.007238,26.0,13.5204,HIGH,0.6,0.015,0.001
1774254563.2471633,475.945,-9999.000000,26.003266,26.0,13.7553,HIGH,0.6,0.015,0.001
1774254563.317867,476.016,-9999.000000,25.999296,26.0,13.9933,HIGH,0.6,0.015,0.001
1774254563.3882186,476.086,-9999.000000,26.012003,26.0,13.2060,HIGH,0.6,0.015,0.001
1774254563.4916344,476.190,-9999.000000,26.006046,26.0,13.5863,HIGH,0.6,0.015,0.001
1774254563.5563998,476.254,-9999.000000,26.009223,26.0,13.3841,HIGH,0.6,0.015,0.001
1774254563.6257427,476.324,-9999.000000,26.004854,26.0,13.6570,HIGH,0.6,0.015,0.001
1774254563.6970875,476.395,-9999.000000,26.001281,26.0,13.8699,HIGH,0.6,0.015,0.001
1774254563.766089,476.464,-9999.000000,25.998897,26.0,14.0115,HIGH,0.6,0.015,0.001
1774254563.870641,476.569,-9999.000000,26.009622,26.0,13.3528,HIGH,0.6,0.015,0.001
1774254563.9350564,476.633,-9999.000000,26.013988,26.0,13.0930,HIGH,0.6,0.015,0.001
1774254564.006852,476.705,-9999.000000,26.017168,26.0,12.9027,HIGH,0.6,0.015,0.001
1774254564.0782642,476.776,-9999.000000,26.003662,26.0,13.7360,HIGH,0.6,0.015,0.001
1774254564.1449146,476.843,-9999.000000,26.002074,26.0,13.8145,HIGH,0.6,0.015,0.001
1774254564.2546828,476.953,-9999.000000,26.007634,26.0,13.4722,HIGH,0.6,0.015,0.001
1774254564.3170633,477.015,-9999.000000,26.004458,26.0,13.6725,HIGH,0.6,0.015,0.001
1774254564.3863187,477.084,-9999.000000,26.010415,26.0,13.3003,HIGH,0.6,0.015,0.001
1774254564.4920285,477.190,-9999.000000,26.010811,26.0,13.2831,HIGH,0.6,0.015,0.001
1774254564.5567973,477.255,-9999.000000,26.008430,26.0,13.4292,HIGH,0.6,0.015,0.001
1774254564.6261668,477.324,-9999.000000,26.001281,26.0,13.8646,HIGH,0.6,0.015,0.001
1774254564.6956718,477.394,-9999.000000,26.014387,26.0,13.0476,HIGH,0.6,0.015,0.001
1774254564.7921326,477.490,-9999.000000,26.005253,26.0,13.6232,HIGH,0.6,0.015,0.001
1774254564.8549917,477.553,-9999.000000,26.005253,26.0,13.6132,HIGH,0.6,0.015,0.001
1774254564.9336174,477.631,-9999.000000,26.004854,26.0,13.6371,HIGH,0.6,0.015,0.001
1774254565.003928,477.702,-9999.000000,26.005650,26.0,13.5871,HIGH,0.6,0.015,0.001
1774254565.0750172,477.773,-9999.000000,26.008430,26.0,13.4166,HIGH,0.6,0.015,0.001
1774254565.1686814,477.867,-9999.000000,25.990161,26.0,14.5376,HIGH,0.6,0.015,0.001
1774254565.2437012,477.942,-9999.000000,26.006442,26.0,13.5187,HIGH,0.6,0.015,0.001
1774254565.3155792,478.013,-9999.000000,26.007634,26.0,13.4664,HIGH,0.6,0.015,0.001
1774254565.3854425,478.083,-9999.000000,26.008031,26.0,13.4429,HIGH,0.6,0.015,0.001
1774254565.455536,478.153,-9999.000000,25.976661,26.0,15.3729,HIGH,0.6,0.015,0.001
1774254565.5669966,478.265,-9999.000000,26.004854,26.0,13.6104,HIGH,0.6,0.015,0.001
1774254565.6294365,478.327,-9999.000000,26.007634,26.0,13.4637,HIGH,0.6,0.015,0.001
1774254565.7009861,478.399,-9999.000000,26.004854,26.0,13.6384,HIGH,0.6,0.015,0.001
1774254565.8058248,478.504,-9999.000000,26.014387,26.0,13.0511,HIGH,0.6,0.015,0.001
1774254565.8689842,478.567,-9999.000000,26.008430,26.0,13.4263,HIGH,0.6,0.015,0.001
1774254565.9396458,478.638,-9999.000000,26.009622,26.0,13.3426,HIGH,0.6,0.015,0.001
1774254566.0078592,478.706,-9999.000000,26.006046,26.0,13.5635,HIGH,0.6,0.015,0.001
1774254566.1184838,478.816,-9999.000000,26.007238,26.0,13.4845,HIGH,0.6,0.015,0.001
1774254566.180823,478.879,-9999.000000,26.000885,26.0,13.8768,HIGH,0.6,0.015,0.001
1774254566.2494068,478.947,-9999.000000,26.010415,26.0,13.2799,HIGH,0.6,0.015,0.001
1774254566.3213427,479.019,-9999.000000,26.011607,26.0,13.2194,HIGH,0.6,0.015,0.001
1774254566.3963385,479.094,-9999.000000,26.006442,26.0,13.5370,HIGH,0.6,0.015,0.001
1774254566.5113702,479.209,-9999.000000,26.006842,26.0,13.5047,HIGH,0.6,0.015,0.001
1774254566.618066,479.316,-9999.000000,26.011607,26.0,13.2128,HIGH,0.6,0.015,0.001
1774254566.6867158,479.385,-9999.000000,26.011210,26.0,13.2405,HIGH,0.6,0.015,0.001
1774254566.7630517,479.461,-9999.000000,26.006442,26.0,13.5315,HIGH,0.6,0.015,0.001
1774254566.877214,479.575,-9999.000000,26.007238,26.0,13.4755,HIGH,0.6,0.015,0.001
1774254566.9410791,479.639,-9999.000000,26.006842,26.0,13.5000,HIGH,0.6,0.015,0.001
1774254567.0140502,479.712,-9999.000000,26.009622,26.0,13.3277,HIGH,0.6,0.015,0.001
1774254567.1241708,479.822,-9999.000000,26.009622,26.0,13.3299,HIGH,0.6,0.015,0.001
1774254567.2390974,479.937,-9999.000000,26.010018,26.0,13.3041,HIGH,0.6,0.015,0.001
1774254567.3002357,479.998,-9999.000000,26.010811,26.0,13.2545,HIGH,0.6,0.015,0.001
1774254567.371969,480.070,-9999.000000,26.009223,26.0,13.3524,HIGH,0.6,0.015,0.001
1774254567.4419928,480.140,-9999.000000,26.007634,26.0,13.4469,HIGH,0.6,0.015,0.001
1774254567.5137029,480.212,-9999.000000,26.000885,26.0,13.8589,HIGH,0.6,0.015,0.001
1774254567.5840116,480.282,-9999.000000,26.010415,26.0,13.2631,HIGH,0.6,0.015,0.001
1774254567.692264,480.390,-9999.000000,26.007238,26.0,13.4690,HIGH,0.6,0.015,0.001
1774254567.7540963,480.452,-9999.000000,26.006842,26.0,13.4898,HIGH,0.6,0.015,0.001
1774254567.8243883,480.522,-9999.000000,26.011210,26.0,13.2197,HIGH,0.6,0.015,0.001
1774254567.9317222,480.630,-9999.000000,26.001677,26.0,13.8065,HIGH,0.6,0.015,0.001
1774254567.9929626,480.691,-9999.000000,26.006046,26.0,13.5278,HIGH,0.6,0.015,0.001
1774254568.067894,480.766,-9999.000000,26.006046,26.0,13.5343,HIGH,0.6,0.015,0.001
1774254568.1400015,480.838,-9999.000000,26.002869,26.0,13.7290,HIGH,0.6,0.015,0.001
1774254568.2497935,480.948,-9999.000000,25.996117,26.0,14.1365,HIGH,0.6,0.015,0.001
1774254568.313493,481.011,-9999.000000,26.002869,26.0,13.7143,HIGH,0.6,0.015,0.001
1774254568.3821807,481.080,-9999.000000,26.001677,26.0,13.7980,HIGH,0.6,0.015,0.001
1774254568.4536824,481.152,-9999.000000,26.006046,26.0,13.5274,HIGH,0.6,0.015,0.001
1774254568.5567985,481.255,-9999.000000,25.977853,26.0,15.2559,HIGH,0.6,0.015,0.001
1774254568.6241806,481.322,-9999.000000,26.006046,26.0,13.4945,HIGH,0.6,0.015,0.001
1774254568.6926537,481.391,-9999.000000,25.997705,26.0,14.0492,HIGH,0.6,0.015,0.001
1774254568.7637362,481.462,-9999.000000,26.000485,26.0,13.8662,HIGH,0.6,0.015,0.001
1774254568.87173,481.570,-9999.000000,26.006842,26.0,13.4818,HIGH,0.6,0.015,0.001
1774254568.9335673,481.631,-9999.000000,26.006046,26.0,13.5361,HIGH,0.6,0.015,0.001
1774254569.0032525,481.701,-9999.000000,26.005650,26.0,13.5586,HIGH,0.6,0.015,0.001
1774254569.0666263,481.765,-9999.000000,26.000089,26.0,13.9004,HIGH,0.6,0.015,0.001
1774254569.1478713,481.846,-9999.000000,25.999296,26.0,13.9403,HIGH,0.6,0.015,0.001
1774254569.2591412,481.957,-9999.000000,26.007634,26.0,13.4302,HIGH,0.6,0.015,0.001
1774254569.322221,482.020,-9999.000000,26.002869,26.0,13.7309,HIGH,0.6,0.015,0.001
1774254569.3935056,482.091,-9999.000000,26.000885,26.0,13.8451,HIGH,0.6,0.015,0.001
1774254569.463549,482.161,-9999.000000,25.996913,26.0,14.0867,HIGH,0.6,0.015,0.001
1774254569.5694225,482.267,-9999.000000,26.004061,26.0,13.6447,HIGH,0.6,0.015,0.001
1774254569.6703084,482.368,-9999.000000,26.007238,26.0,13.4566,HIGH,0.6,0.015,0.001
1774254569.7330287,482.431,-9999.000000,26.002074,26.0,13.7776,HIGH,0.6,0.015,0.001
1774254569.8033378,482.501,-9999.000000,26.005253,26.0,13.5735,HIGH,0.6,0.015,0.001
1774254569.8729157,482.571,-9999.000000,26.009223,26.0,13.3332,HIGH,0.6,0.015,0.001
1774254569.9445755,482.642,-9999.000000,26.001281,26.0,13.8264,HIGH,0.6,0.015,0.001
1774254570.052751,482.751,-9999.000000,26.004061,26.0,13.6453,HIGH,0.6,0.015,0.001
1774254570.117339,482.815,-9999.000000,26.000485,26.0,13.8679,HIGH,0.6,0.015,0.001
1774254570.1882484,482.886,-9999.000000,26.005253,26.0,13.5690,HIGH,0.6,0.015,0.001
1774254570.2577891,482.956,-9999.000000,26.011607,26.0,13.1841,HIGH,0.6,0.015,0.001
1774254570.325481,483.023,-9999.000000,25.998105,26.0,14.0235,HIGH,0.6,0.015,0.001
1774254570.4332466,483.131,-9999.000000,26.016768,26.0,12.8638,HIGH,0.6,0.015,0.001
1774254570.4958208,483.194,-9999.000000,26.002074,26.0,13.7860,HIGH,0.6,0.015,0.001
1774254570.5683591,483.266,-9999.000000,26.000485,26.0,13.8600,HIGH,0.6,0.015,0.001
1774254570.6404686,483.338,-9999.000000,26.008031,26.0,13.3938,HIGH,0.6,0.015,0.001
1774254570.7457824,483.444,-9999.000000,26.000089,26.0,13.8882,HIGH,0.6,0.015,0.001
1774254570.8093874,483.507,-9999.000000,25.992941,26.0,14.3215,HIGH,0.6,0.015,0.001
1774254570.8755698,483.573,-9999.000000,25.999296,26.0,13.9194,HIGH,0.6,0.015,0.001
1774254570.945902,483.644,-9999.000000,26.004458,26.0,13.6115,HIGH,0.6,0.015,0.001
1774254571.018027,483.716,-9999.000000,26.010415,26.0,13.2520,HIGH,0.6,0.015,0.001
1774254571.1293318,483.827,-9999.000000,26.003662,26.0,13.6709,HIGH,0.6,0.015,0.001
1774254571.1937587,483.892,-9999.000000,26.008031,26.0,13.3952,HIGH,0.6,0.015,0.001
1774254571.2647262,483.963,-9999.000000,26.012799,26.0,13.1078,HIGH,0.6,0.015,0.001
1774254571.3344996,484.032,-9999.000000,25.982617,26.0,14.9705,HIGH,0.6,0.015,0.001
1774254571.4416056,484.139,-9999.000000,26.010018,26.0,13.2560,HIGH,0.6,0.015,0.001
1774254571.5030134,484.201,-9999.000000,26.009622,26.0,13.3051,HIGH,0.6,0.015,0.001
1774254571.5722446,484.270,-9999.000000,26.011607,26.0,13.1813,HIGH,0.6,0.015,0.001
1774254571.6818867,484.380,-9999.000000,26.005650,26.0,13.5461,HIGH,0.6,0.015,0.001
1774254571.745127,484.443,-9999.000000,26.006046,26.0,13.5157,HIGH,0.6,0.015,0.001
1774254571.817369,484.515,-9999.000000,26.006442,26.0,13.4913,HIGH,0.6,0.015,0.001
1774254571.8871741,484.585,-9999.000000,26.010018,26.0,13.2711,HIGH,0.6,0.015,0.001
1774254571.9948368,484.693,-9999.000000,26.006442,26.0,13.4930,HIGH,0.6,0.015,0.001
1774254572.056324,484.754,-9999.000000,26.013988,26.0,13.0234,HIGH,0.6,0.015,0.001
1774254572.1335335,484.831,-9999.000000,26.006046,26.0,13.5218,HIGH,0.6,0.015,0.001
1774254572.2023795,484.900,-9999.000000,26.015180,26.0,12.9486,HIGH,0.6,0.015,0.001
1774254572.3137958,485.012,-9999.000000,26.006046,26.0,13.5171,HIGH,0.6,0.015,0.001
1774254572.3707347,485.069,-9999.000000,26.009223,26.0,13.3120,HIGH,0.6,0.015,0.001
1774254572.4470973,485.145,-9999.000000,26.005253,26.0,13.5603,HIGH,0.6,0.015,0.001
1774254572.5171025,485.215,-9999.000000,26.007238,26.0,13.4324,HIGH,0.6,0.015,0.001
1774254572.5869448,485.285,-9999.000000,26.003266,26.0,13.6790,HIGH,0.6,0.015,0.001
1774254572.695645,485.394,-9999.000000,26.004458,26.0,13.5999,HIGH,0.6,0.015,0.001
1774254572.75868,485.457,-9999.000000,26.011210,26.0,13.1841,HIGH,0.6,0.015,0.001
1774254572.829274,485.527,-9999.000000,26.006046,26.0,13.5113,HIGH,0.6,0.015,0.001
1774254572.8994055,485.597,-9999.000000,26.007238,26.0,13.4300,HIGH,0.6,0.015,0.001
1774254573.008801,485.707,-9999.000000,26.012399,26.0,13.1153,HIGH,0.6,0.015,0.001
1774254573.0699642,485.768,-9999.000000,26.011607,26.0,13.1678,HIGH,0.6,0.015,0.001
1774254573.1431282,485.841,-9999.000000,26.015579,26.0,12.9210,HIGH,0.6,0.015,0.001
1774254573.214058,485.912,-9999.000000,26.021137,26.0,12.5829,HIGH,0.6,0.015,0.001
1774254573.3218138,486.020,-9999.000000,26.011607,26.0,13.1695,HIGH,0.6,0.015,0.001
1774254573.3855114,486.083,-9999.000000,26.011607,26.0,13.1596,HIGH,0.6,0.015,0.001
1774254573.454021,486.152,-9999.000000,26.013195,26.0,13.0606,HIGH,0.6,0.015,0.001
1774254573.5247405,486.223,-9999.000000,26.012399,26.0,13.1105,HIGH,0.6,0.015,0.001
1774254573.594068,486.292,-9999.000000,26.009223,26.0,13.3036,HIGH,0.6,0.015,0.001
1774254573.7044413,486.402,-9999.000000,26.008031,26.0,13.3703,HIGH,0.6,0.015,0.001
1774254573.7658336,486.464,-9999.000000,26.009223,26.0,13.2949,HIGH,0.6,0.015,0.001
1774254573.8345702,486.532,-9999.000000,26.012399,26.0,13.1003,HIGH,0.6,0.015,0.001
1774254573.9079063,486.606,-9999.000000,26.009223,26.0,13.2988,HIGH,0.6,0.015,0.001
1774254574.0165606,486.714,-9999.000000,26.006842,26.0,13.4384,HIGH,0.6,0.015,0.001
1774254574.079403,486.777,-9999.000000,26.007238,26.0,13.4112,HIGH,0.6,0.015,0.001
1774254574.1465886,486.844,-9999.000000,26.010811,26.0,13.1910,HIGH,0.6,0.015,0.001
1774254574.2285929,486.926,-9999.000000,26.015180,26.0,12.9270,HIGH,0.6,0.015,0.001
1774254574.30008,486.998,-9999.000000,26.011607,26.0,13.1505,HIGH,0.6,0.015,0.001
1774254574.371482,487.069,-9999.000000,26.013591,26.0,13.0221,HIGH,0.6,0.015,0.001
1774254574.4400265,487.138,-9999.000000,26.014783,26.0,12.9501,HIGH,0.6,0.015,0.001
1774254574.5100343,487.208,-9999.000000,26.010018,26.0,13.2436,HIGH,0.6,0.015,0.001
1774254574.5718293,487.270,-9999.000000,26.008430,26.0,13.3338,HIGH,0.6,0.015,0.001
1774254574.6525621,487.350,-9999.000000,26.006842,26.0,13.4277,HIGH,0.6,0.015,0.001
1774254574.7611442,487.459,-9999.000000,26.014387,26.0,12.9637,HIGH,0.6,0.015,0.001
1774254574.8215022,487.519,-9999.000000,26.017564,26.0,12.7732,HIGH,0.6,0.015,0.001
1774254574.8944676,487.592,-9999.000000,26.009622,26.0,13.2648,HIGH,0.6,0.015,0.001
1774254574.9646487,487.663,-9999.000000,26.008430,26.0,13.3263,HIGH,0.6,0.015,0.001
1774254575.0719965,487.770,-9999.000000,26.029479,26.0,12.0372,HIGH,0.6,0.015,0.001
1774254575.1361263,487.834,-9999.000000,26.013591,26.0,13.0336,HIGH,0.6,0.015,0.001
1774254575.2074957,487.905,-9999.000000,26.013988,26.0,12.9830,HIGH,0.6,0.015,0.001
1774254575.278488,487.976,-9999.000000,26.010018,26.0,13.2262,HIGH,0.6,0.015,0.001
1774254575.347589,488.045,-9999.000000,26.007238,26.0,13.3907,HIGH,0.6,0.015,0.001
1774254575.4552646,488.153,-9999.000000,26.013988,26.0,12.9732,HIGH,0.6,0.015,0.001
1774254575.517019,488.215,-9999.000000,26.010415,26.0,13.1987,HIGH,0.6,0.015,0.001
1774254575.5854425,488.283,-9999.000000,26.024714,26.0,12.3115,HIGH,0.6,0.015,0.001
1774254575.6951408,488.393,-9999.000000,26.006442,26.0,13.4443,HIGH,0.6,0.015,0.001
1774254575.758854,488.457,-9999.000000,26.013988,26.0,12.9617,HIGH,0.6,0.015,0.001
1774254575.8289206,488.527,-9999.000000,25.979044,26.0,15.1222,HIGH,0.6,0.015,0.001
1774254575.8983552,488.596,-9999.000000,25.996913,26.0,13.9749,HIGH,0.6,0.015,0.001
1774254575.9686775,488.667,-9999.000000,26.015579,26.0,12.8524,HIGH,0.6,0.015,0.001
1774254576.0383227,488.736,-9999.000000,26.014783,26.0,12.9263,HIGH,0.6,0.015,0.001
1774254576.150766,488.849,-9999.000000,26.012799,26.0,13.0439,HIGH,0.6,0.015,0.001
1774254576.2159505,488.914,-9999.000000,26.012799,26.0,13.0408,HIGH,0.6,0.015,0.001
1774254576.2862487,488.984,-9999.000000,26.015579,26.0,12.8684,HIGH,0.6,0.015,0.001
1774254576.3557065,489.054,-9999.000000,26.019152,26.0,12.6508,HIGH,0.6,0.015,0.001
1774254576.4638338,489.162,-9999.000000,26.012399,26.0,13.0654,HIGH,0.6,0.015,0.001
1774254576.5265102,489.224,-9999.000000,26.010018,26.0,13.2049,HIGH,0.6,0.015,0.001
1774254576.5955229,489.293,-9999.000000,26.023125,26.0,12.3933,HIGH,0.6,0.015,0.001
1774254576.669903,489.368,-9999.000000,26.013591,26.0,12.9956,HIGH,0.6,0.015,0.001
1774254576.7427967,489.441,-9999.000000,26.019549,26.0,12.6150,HIGH,0.6,0.015,0.001
1774254576.8478446,489.546,-9999.000000,26.005650,26.0,13.4695,HIGH,0.6,0.015,0.001
1774254576.9087467,489.607,-9999.000000,26.017960,26.0,12.6958,HIGH,0.6,0.015,0.001
1774254576.9774683,489.675,-9999.000000,26.008031,26.0,13.3254,HIGH,0.6,0.015,0.001
1774254577.049733,489.748,-9999.000000,26.011210,26.0,13.1145,HIGH,0.6,0.015,0.001
1774254577.1576793,489.856,-9999.000000,26.031864,26.0,11.8554,HIGH,0.6,0.015,0.001
1774254577.2193847,489.917,-9999.000000,26.016372,26.0,12.8277,HIGH,0.6,0.015,0.001
1774254577.2900817,489.988,-9999.000000,26.014783,26.0,12.8985,HIGH,0.6,0.015,0.001
1774254577.3607948,490.059,-9999.000000,26.015180,26.0,12.8703,HIGH,0.6,0.015,0.001
1774254577.4287798,490.127,-9999.000000,26.016768,26.0,12.7716,HIGH,0.6,0.015,0.001
1774254577.5393343,490.237,-9999.000000,26.020345,26.0,12.5527,HIGH,0.6,0.015,0.001
1774254577.606109,490.304,-9999.000000,26.016372,26.0,12.7986,HIGH,0.6,0.015,0.001
1774254577.676558,490.374,-9999.000000,26.032657,26.0,11.7890,HIGH,0.6,0.015,0.001
1774254577.7487302,490.447,-9999.000000,26.011210,26.0,13.1274,HIGH,0.6,0.015,0.001
1774254577.8550236,490.553,-9999.000000,26.017168,26.0,12.7319,HIGH,0.6,0.015,0.001
1774254577.917702,490.616,-9999.000000,26.008826,26.0,13.2505,HIGH,0.6,0.015,0.001
1774254577.9881375,490.686,-9999.000000,26.015976,26.0,12.7964,HIGH,0.6,0.015,0.001
1774254578.0581458,490.756,-9999.000000,26.015579,26.0,12.8292,HIGH,0.6,0.015,0.001
1774254578.1693223,490.867,-9999.000000,26.013988,26.0,12.9232,HIGH,0.6,0.015,0.001
1774254578.2257102,490.924,-9999.000000,26.004061,26.0,13.5347,HIGH,0.6,0.015,0.001
1774254578.303943,491.002,-9999.000000,26.015180,26.0,12.8340,HIGH,0.6,0.015,0.001
1774254578.3746037,491.072,-9999.000000,26.017168,26.0,12.7243,HIGH,0.6,0.015,0.001
1774254578.483022,491.181,-9999.000000,26.006842,26.0,13.3551,HIGH,0.6,0.015,0.001
1774254578.5446026,491.242,-9999.000000,26.018357,26.0,12.6342,HIGH,0.6,0.015,0.001
1774254578.6142383,491.312,-9999.000000,26.010811,26.0,13.1154,HIGH,0.6,0.015,0.001
1774254578.6875188,491.385,-9999.000000,26.012799,26.0,12.9812,HIGH,0.6,0.015,0.001
1774254578.7554648,491.453,-9999.000000,26.017960,26.0,12.6647,HIGH,0.6,0.015,0.001
1774254578.8631623,491.561,-9999.000000,26.010018,26.0,13.1546,HIGH,0.6,0.015,0.001
1774254578.9674165,491.665,-9999.000000,26.024314,26.0,12.2720,HIGH,0.6,0.015,0.001
1774254579.0278337,491.726,-9999.000000,26.012799,26.0,12.9945,HIGH,0.6,0.015,0.001
1774254579.1026413,491.801,-9999.000000,26.014783,26.0,12.8521,HIGH,0.6,0.015,0.001
1774254579.1662495,491.864,-9999.000000,26.013988,26.0,12.9024,HIGH,0.6,0.015,0.001
1774254579.2456903,491.944,-9999.000000,26.011607,26.0,13.0456,HIGH,0.6,0.015,0.001
1774254579.3567257,492.055,-9999.000000,26.016768,26.0,12.7255,HIGH,0.6,0.015,0.001
1774254579.4200907,492.118,-9999.000000,26.010811,26.0,13.0959,HIGH,0.6,0.015,0.001
1774254579.4883454,492.186,-9999.000000,26.015180,26.0,12.8164,HIGH,0.6,0.015,0.001
1774254579.559786,492.258,-9999.000000,26.014783,26.0,12.8456,HIGH,0.6,0.015,0.001
1774254579.668677,492.367,-9999.000000,26.010018,26.0,13.1337,HIGH,0.6,0.015,0.001
1774254579.7300277,492.428,-9999.000000,26.010018,26.0,13.1284,HIGH,0.6,0.015,0.001
1774254579.798681,492.497,-9999.000000,26.009622,26.0,13.1518,HIGH,0.6,0.015,0.001
1774254579.869934,492.568,-9999.000000,26.013195,26.0,12.9304,HIGH,0.6,0.015,0.001
1774254579.939922,492.638,-9999.000000,26.007238,26.0,13.3006,HIGH,0.6,0.015,0.001
1774254580.0494533,492.747,-9999.000000,26.008826,26.0,13.1939,HIGH,0.6,0.015,0.001
1774254580.1083705,492.806,-9999.000000,26.006046,26.0,13.3663,HIGH,0.6,0.015,0.001
1774254580.1823082,492.880,-9999.000000,26.009622,26.0,13.1411,HIGH,0.6,0.015,0.001
1774254580.2514348,492.949,-9999.000000,26.008826,26.0,13.1939,HIGH,0.6,0.015,0.001
1774254580.322522,493.020,-9999.000000,26.014387,26.0,12.8498,HIGH,0.6,0.015,0.001
1774254580.4307227,493.129,-9999.000000,26.011607,26.0,13.0251,HIGH,0.6,0.015,0.001
1774254580.4919538,493.190,-9999.000000,26.014387,26.0,12.8499,HIGH,0.6,0.015,0.001
1774254580.5627437,493.261,-9999.000000,26.008031,26.0,13.2439,HIGH,0.6,0.015,0.001
1774254580.6311977,493.329,-9999.000000,26.007634,26.0,13.2585,HIGH,0.6,0.015,0.001
1774254580.7014074,493.399,-9999.000000,26.012799,26.0,12.9394,HIGH,0.6,0.015,0.001
1774254580.7735953,493.471,-9999.000000,26.016372,26.0,12.7256,HIGH,0.6,0.015,0.001
1774254580.8836794,493.582,-9999.000000,26.010018,26.0,13.1159,HIGH,0.6,0.015,0.001
1774254580.9452012,493.643,-9999.000000,26.024714,26.0,12.2022,HIGH,0.6,0.015,0.001
1774254581.014466,493.712,-9999.000000,26.008826,26.0,13.2014,HIGH,0.6,0.015,0.001
1774254581.0886633,493.787,-9999.000000,26.013591,26.0,12.8846,HIGH,0.6,0.015,0.001
1774254581.1952183,493.893,-9999.000000,26.019549,26.0,12.5249,HIGH,0.6,0.015,0.001
1774254581.257216,493.955,-9999.000000,26.013988,26.0,12.8718,HIGH,0.6,0.015,0.001
1774254581.3267992,494.025,-9999.000000,26.012003,26.0,12.9835,HIGH,0.6,0.015,0.001
1774254581.3987827,494.097,-9999.000000,26.009622,26.0,13.1258,HIGH,0.6,0.015,0.001
1774254581.4679585,494.166,-9999.000000,26.005650,26.0,13.3660,HIGH,0.6,0.015,0.001
1774254581.574334,494.272,-9999.000000,26.015180,26.0,12.7770,HIGH,0.6,0.015,0.001
1774254581.6381786,494.336,-9999.000000,26.013988,26.0,12.8580,HIGH,0.6,0.015,0.001
1774254581.714988,494.413,-9999.000000,26.005253,26.0,13.3910,HIGH,0.6,0.015,0.001
1774254581.8231099,494.521,-9999.000000,26.010811,26.0,13.0393,HIGH,0.6,0.015,0.001
1774254581.8850276,494.583,-9999.000000,26.023522,26.0,12.2591,HIGH,0.6,0.015,0.001
1774254581.95336,494.651,-9999.000000,26.014387,26.0,12.8396,HIGH,0.6,0.015,0.001
1774254582.0291903,494.727,-9999.000000,26.008826,26.0,13.1662,HIGH,0.6,0.015,0.001
1774254582.1012385,494.799,-9999.000000,26.005650,26.0,13.3532,HIGH,0.6,0.015,0.001
1774254582.2070005,494.905,-9999.000000,26.012003,26.0,12.9597,HIGH,0.6,0.015,0.001
1774254582.2706645,494.969,-9999.000000,26.015180,26.0,12.7687,HIGH,0.6,0.015,0.001
1774254582.3415232,495.039,-9999.000000,26.018357,26.0,12.5766,HIGH,0.6,0.015,0.001
1774254582.4121642,495.110,-9999.000000,26.012003,26.0,12.9700,HIGH,0.6,0.015,0.001
1774254582.510595,495.208,-9999.000000,26.003662,26.0,13.4694,HIGH,0.6,0.015,0.001
1774254582.5798614,495.278,-9999.000000,26.011210,26.0,12.9960,HIGH,0.6,0.015,0.001
1774254582.650826,495.349,-9999.000000,26.006442,26.0,13.2990,HIGH,0.6,0.015,0.001
1774254582.7211704,495.419,-9999.000000,26.010811,26.0,13.0228,HIGH,0.6,0.015,0.001
1774254582.8300228,495.528,-9999.000000,26.010415,26.0,13.0515,HIGH,0.6,0.015,0.001
1774254582.8913524,495.589,-9999.000000,26.013591,26.0,12.8541,HIGH,0.6,0.015,0.001
1774254582.9621058,495.660,-9999.000000,26.009223,26.0,13.1266,HIGH,0.6,0.015,0.001
1774254583.0257592,495.724,-9999.000000,26.004458,26.0,13.4134,HIGH,0.6,0.015,0.001
1774254583.1048825,495.803,-9999.000000,26.009223,26.0,13.1129,HIGH,0.6,0.015,0.001
1774254583.2125323,495.910,-9999.000000,26.003662,26.0,13.4571,HIGH,0.6,0.015,0.001
1774254583.2760386,495.974,-9999.000000,26.017564,26.0,12.5942,HIGH,0.6,0.015,0.001
1774254583.3405309,496.038,-9999.000000,26.023918,26.0,12.2227,HIGH,0.6,0.015,0.001
1774254583.419253,496.117,-9999.000000,26.005650,26.0,13.3512,HIGH,0.6,0.015,0.001
1774254583.5254683,496.223,-9999.000000,26.011607,26.0,12.9631,HIGH,0.6,0.015,0.001
1774254583.579713,496.278,-9999.000000,26.009622,26.0,13.0907,HIGH,0.6,0.015,0.001
1774254583.6598969,496.358,-9999.000000,26.014387,26.0,12.7935,HIGH,0.6,0.015,0.001
1774254583.7279456,496.426,-9999.000000,26.004458,26.0,13.4093,HIGH,0.6,0.015,0.001
1774254583.8015623,496.499,-9999.000000,26.005650,26.0,13.3210,HIGH,0.6,0.015,0.001
1774254583.9077365,496.606,-9999.000000,26.011210,26.0,12.9819,HIGH,0.6,0.015,0.001
1774254583.970492,496.668,-9999.000000,25.993736,26.0,14.0640,HIGH,0.6,0.015,0.001
1774254584.039075,496.737,-9999.000000,26.009223,26.0,13.0835,HIGH,0.6,0.015,0.001
1774254584.1043258,496.802,-9999.000000,26.010018,26.0,13.0561,HIGH,0.6,0.015,0.001
1774254584.2199512,496.918,-9999.000000,26.004061,26.0,13.4192,HIGH,0.6,0.015,0.001
1774254584.2714124,496.969,-9999.000000,26.000885,26.0,13.6107,HIGH,0.6,0.015,0.001
1774254584.352208,497.050,-9999.000000,26.006046,26.0,13.2878,HIGH,0.6,0.015,0.001
1774254584.460965,497.159,-9999.000000,26.005650,26.0,13.3174,HIGH,0.6,0.015,0.001
1774254584.525742,497.224,-9999.000000,26.002074,26.0,13.5369,HIGH,0.6,0.015,0.001
1774254584.5967584,497.295,-9999.000000,26.008031,26.0,13.1647,HIGH,0.6,0.015,0.001
1774254584.6675208,497.365,-9999.000000,26.005253,26.0,13.3431,HIGH,0.6,0.015,0.001
1774254584.7714326,497.469,-9999.000000,26.008826,26.0,13.1200,HIGH,0.6,0.015,0.001
1774254584.833853,497.532,-9999.000000,26.004458,26.0,13.3921,HIGH,0.6,0.015,0.001
1774254584.902671,497.601,-9999.000000,26.007634,26.0,13.1891,HIGH,0.6,0.015,0.001
1774254584.9737868,497.672,-9999.000000,26.011607,26.0,12.9486,HIGH,0.6,0.015,0.001
1774254585.0434427,497.741,-9999.000000,26.017564,26.0,12.5863,HIGH,0.6,0.015,0.001
1774254585.154176,497.852,-9999.000000,26.012399,26.0,12.9074,HIGH,0.6,0.015,0.001
1774254585.21731,497.915,-9999.000000,26.010811,26.0,12.9995,HIGH,0.6,0.015,0.001
1774254585.2801614,497.978,-9999.000000,26.025906,26.0,12.0648,HIGH,0.6,0.015,0.001
1774254585.359119,498.057,-9999.000000,26.011210,26.0,12.9879,HIGH,0.6,0.015,0.001
1774254585.4542716,498.152,-9999.000000,26.006046,26.0,13.2837,HIGH,0.6,0.015,0.001
1774254585.5180032,498.216,-9999.000000,26.010811,26.0,12.9839,HIGH,0.6,0.015,0.001
1774254585.5973003,498.295,-9999.000000,26.010415,26.0,13.0144,HIGH,0.6,0.015,0.001
1774254585.6648977,498.363,-9999.000000,26.006442,26.0,13.2574,HIGH,0.6,0.015,0.001
1774254585.7731683,498.471,-9999.000000,26.009622,26.0,13.0563,HIGH,0.6,0.015,0.001
1774254585.8347754,498.533,-9999.000000,26.003266,26.0,13.4506,HIGH,0.6,0.015,0.001
1774254585.9026148,498.600,-9999.000000,26.010415,26.0,12.9998,HIGH,0.6,0.015,0.001
1774254585.9768162,498.675,-9999.000000,26.008430,26.0,13.1311,HIGH,0.6,0.015,0.001
1774254586.0807474,498.779,-9999.000000,26.005650,26.0,13.2970,HIGH,0.6,0.015,0.001
1774254586.1466656,498.845,-9999.000000,26.008031,26.0,13.1471,HIGH,0.6,0.015,0.001
1774254586.2152147,498.913,-9999.000000,26.005253,26.0,13.3209,HIGH,0.6,0.015,0.001
1774254586.2812378,498.979,-9999.000000,26.004854,26.0,13.3409,HIGH,0.6,0.015,0.001
1774254586.34426,499.042,-9999.000000,26.010415,26.0,12.9968,HIGH,0.6,0.015,0.001
1774254586.4527557,499.151,-9999.000000,26.005253,26.0,13.3193,HIGH,0.6,0.015,0.001
1774254586.5159137,499.214,-9999.000000,26.006046,26.0,13.2651,HIGH,0.6,0.015,0.001
1774254586.5952802,499.293,-9999.000000,26.012003,26.0,12.9000,HIGH,0.6,0.015,0.001
1774254586.665877,499.364,-9999.000000,26.003266,26.0,13.4438,HIGH,0.6,0.015,0.001
1774254586.7360218,499.434,-9999.000000,26.004854,26.0,13.3333,HIGH,0.6,0.015,0.001
1774254586.8415663,499.539,-9999.000000,26.010018,26.0,13.0193,HIGH,0.6,0.015,0.001
1774254586.9032328,499.601,-9999.000000,26.018357,26.0,12.5086,HIGH,0.6,0.015,0.001
1774254586.9755874,499.673,-9999.000000,25.978648,26.0,14.9619,HIGH,0.6,0.015,0.001
1774254587.044547,499.742,-9999.000000,25.996516,26.0,13.8093,HIGH,0.6,0.015,0.001
1774254587.1155863,499.813,-9999.000000,26.006842,26.0,13.2005,HIGH,0.6,0.015,0.001
1774254587.2231872,499.921,-9999.000000,26.017564,26.0,12.5589,HIGH,0.6,0.015,0.001
1774254587.3213205,500.019,-9999.000000,26.010811,26.0,12.9793,HIGH,0.6,0.015,0.001
1774254587.3848634,500.083,-9999.000000,26.005253,26.0,13.3141,HIGH,0.6,0.015,0.001
1774254587.455066,500.153,-9999.000000,26.021933,26.0,12.2785,HIGH,0.6,0.015,0.001
1774254587.5108044,500.209,-9999.000000,26.008430,26.0,13.1360,HIGH,0.6,0.015,0.001
1774254587.5942175,500.292,-9999.000000,26.006842,26.0,13.2081,HIGH,0.6,0.015,0.001
1774254587.665028,500.363,-9999.000000,26.006842,26.0,13.2055,HIGH,0.6,0.015,0.001
1774254587.77531,500.473,-9999.000000,26.005650,26.0,13.2771,HIGH,0.6,0.015,0.001
1774254587.8290434,500.527,-9999.000000,26.002869,26.0,13.4478,HIGH,0.6,0.015,0.001
1774254587.908448,500.606,-9999.000000,26.010018,26.0,13.0035,HIGH,0.6,0.015,0.001
1774254587.9716134,500.669,-9999.000000,26.011607,26.0,12.9136,HIGH,0.6,0.015,0.001
1774254588.034903,500.733,-9999.000000,26.008430,26.0,13.1109,HIGH,0.6,0.015,0.001
1774254588.115949,500.814,-9999.000000,26.005253,26.0,13.2998,HIGH,0.6,0.015,0.001
1774254588.2241454,500.922,-9999.000000,26.009223,26.0,13.0526,HIGH,0.6,0.015,0.001
1774254588.286891,500.985,-9999.000000,26.003662,26.0,13.3984,HIGH,0.6,0.015,0.001
1774254588.349701,501.048,-9999.000000,26.008031,26.0,13.1197,HIGH,0.6,0.015,0.001
1774254588.4134483,501.111,-9999.000000,26.008826,26.0,13.0768,HIGH,0.6,0.015,0.001
1774254588.4970253,501.195,-9999.000000,26.010811,26.0,12.9552,HIGH,0.6,0.015,0.001
1774254588.602679,501.301,-9999.000000,26.001677,26.0,13.5140,HIGH,0.6,0.015,0.001
1774254588.664932,501.363,-9999.000000,26.008430,26.0,13.0886,HIGH,0.6,0.015,0.001
1774254588.7346995,501.433,-9999.000000,26.008430,26.0,13.0986,HIGH,0.6,0.015,0.001
1774254588.8547173,501.553,-9999.000000,26.011210,26.0,12.9274,HIGH,0.6,0.015,0.001
1774254588.9270515,501.625,-9999.000000,26.011607,26.0,12.9041,HIGH,0.6,0.015,0.001
1774254588.9982297,501.696,-9999.000000,26.011210,26.0,12.9278,HIGH,0.6,0.015,0.001
1774254589.104822,501.803,-9999.000000,26.007634,26.0,13.1440,HIGH,0.6,0.015,0.001
1774254589.166423,501.864,-9999.000000,26.008430,26.0,13.0908,HIGH,0.6,0.015,0.001
1774254589.2399302,501.938,-9999.000000,26.003662,26.0,13.3842,HIGH,0.6,0.015,0.001
1774254589.3101432,502.008,-9999.000000,26.013591,26.0,12.7664,HIGH,0.6,0.015,0.001
1774254589.3808727,502.079,-9999.000000,26.010415,26.0,12.9745,HIGH,0.6,0.015,0.001
1774254589.4863913,502.184,-9999.000000,26.011210,26.0,12.9198,HIGH,0.6,0.015,0.001
1774254589.5487354,502.247,-9999.000000,26.003662,26.0,13.3852,HIGH,0.6,0.015,0.001
1774254589.6192105,502.317,-9999.000000,25.998501,26.0,13.6902,HIGH,0.6,0.015,0.001
1774254589.6897764,502.388,-9999.000000,26.008826,26.0,13.0478,HIGH,0.6,0.015,0.001
1774254589.8014884,502.499,-9999.000000,26.009622,26.0,13.0124,HIGH,0.6,0.015,0.001
1774254589.8645601,502.562,-9999.000000,26.015579,26.0,12.6448,HIGH,0.6,0.015,0.001
1774254589.9359527,502.634,-9999.000000,26.016372,26.0,12.6038,HIGH,0.6,0.015,0.001
1774254590.010245,502.708,-9999.000000,26.014387,26.0,12.7250,HIGH,0.6,0.015,0.001
1774254590.115395,502.813,-9999.000000,26.009622,26.0,13.0113,HIGH,0.6,0.015,0.001
1774254590.1804147,502.878,-9999.000000,26.013988,26.0,12.7367,HIGH,0.6,0.015,0.001
1774254590.289282,502.987,-9999.000000,25.999296,26.0,13.6385,HIGH,0.6,0.015,0.001
1774254590.3500116,503.048,-9999.000000,26.010811,26.0,12.9142,HIGH,0.6,0.015,0.001
1774254590.415751,503.114,-9999.000000,26.009622,26.0,13.0054,HIGH,0.6,0.015,0.001
1774254590.478464,503.176,-9999.000000,26.015180,26.0,12.6598,HIGH,0.6,0.015,0.001
1774254590.5571527,503.255,-9999.000000,26.015180,26.0,12.6669,HIGH,0.6,0.015,0.001
1774254590.6678796,503.366,-9999.000000,26.014783,26.0,12.6886,HIGH,0.6,0.015,0.001
1774254590.7332063,503.431,-9999.000000,26.012003,26.0,12.8581,HIGH,0.6,0.015,0.001
1774254590.8024292,503.500,-9999.000000,26.011210,26.0,12.9014,HIGH,0.6,0.015,0.001
1774254590.873586,503.571,-9999.000000,26.015976,26.0,12.6059,HIGH,0.6,0.015,0.001
1774254590.9816117,503.679,-9999.000000,26.019152,26.0,12.4160,HIGH,0.6,0.015,0.001
1774254591.0441487,503.742,-9999.000000,26.015180,26.0,12.6622,HIGH,0.6,0.015,0.001
1774254591.114414,503.812,-9999.000000,26.018756,26.0,12.4342,HIGH,0.6,0.015,0.001
1774254591.18636,503.884,-9999.000000,26.014783,26.0,12.6816,HIGH,0.6,0.015,0.001
1774254591.2574885,503.955,-9999.000000,26.023522,26.0,12.1370,HIGH,0.6,0.015,0.001
1774254591.3622708,504.060,-9999.000000,26.021137,26.0,12.2913,HIGH,0.6,0.015,0.001
1774254591.4261076,504.124,-9999.000000,26.019948,26.0,12.3603,HIGH,0.6,0.015,0.001
1774254591.4893143,504.187,-9999.000000,26.019549,26.0,12.3812,HIGH,0.6,0.015,0.001
1774254591.56549,504.263,-9999.000000,26.014783,26.0,12.6710,HIGH,0.6,0.015,0.001
1774254591.673013,504.371,-9999.000000,26.018357,26.0,12.4441,HIGH,0.6,0.015,0.001
1774254591.725739,504.424,-9999.000000,26.013195,26.0,12.7659,HIGH,0.6,0.015,0.001
1774254591.8046806,504.503,-9999.000000,26.037423,26.0,11.2673,HIGH,0.6,0.015,0.001
1774254591.9159062,504.614,-9999.000000,26.018756,26.0,12.4316,HIGH,0.6,0.015,0.001
1774254591.9789095,504.677,-9999.000000,26.013195,26.0,12.7561,HIGH,0.6,0.015,0.001
1774254592.0486188,504.747,-9999.000000,26.021933,26.0,12.2082,HIGH,0.6,0.015,0.001
1774254592.121596,504.819,-9999.000000,26.016768,26.0,12.5358,HIGH,0.6,0.015,0.001
1774254592.231194,504.929,-9999.000000,26.018357,26.0,12.4290,HIGH,0.6,0.015,0.001
1774254592.294224,504.992,-9999.000000,26.027494,26.0,11.8651,HIGH,0.6,0.015,0.001
1774254592.3647938,505.063,-9999.000000,26.015579,26.0,12.6097,HIGH,0.6,0.015,0.001
1774254592.43413,505.132,-9999.000000,26.015180,26.0,12.6158,HIGH,0.6,0.015,0.001
1774254592.543216,505.241,-9999.000000,26.020741,26.0,12.2731,HIGH,0.6,0.015,0.001
1774254592.608566,505.306,-9999.000000,26.016372,26.0,12.5454,HIGH,0.6,0.015,0.001
1774254592.6783798,505.376,-9999.000000,26.019948,26.0,12.3169,HIGH,0.6,0.015,0.001
1774254592.7458422,505.444,-9999.000000,26.015976,26.0,12.5647,HIGH,0.6,0.015,0.001
1774254592.8477182,505.546,-9999.000000,26.019549,26.0,12.3379,HIGH,0.6,0.015,0.001
1774254592.9165123,505.614,-9999.000000,26.013988,26.0,12.6817,HIGH,0.6,0.015,0.001
1774254592.9902427,505.688,-9999.000000,26.022329,26.0,12.1593,HIGH,0.6,0.015,0.001
1774254593.0610538,505.759,-9999.000000,26.031068,26.0,11.6307,HIGH,0.6,0.015,0.001
1774254593.1689672,505.867,-9999.000000,26.015579,26.0,12.5842,HIGH,0.6,0.015,0.001
1774254593.2328472,505.931,-9999.000000,26.031864,26.0,11.5642,HIGH,0.6,0.015,0.001
1774254593.300405,505.998,-9999.000000,26.012003,26.0,12.8095,HIGH,0.6,0.015,0.001
1774254593.370272,506.068,-9999.000000,26.017564,26.0,12.4367,HIGH,0.6,0.015,0.001
1774254593.4652264,506.163,-9999.000000,26.020741,26.0,12.2477,HIGH,0.6,0.015,0.001
1774254593.5428603,506.241,-9999.000000,26.033453,26.0,11.4681,HIGH,0.6,0.015,0.001
1774254593.6114671,506.309,-9999.000000,26.019152,26.0,12.3613,HIGH,0.6,0.015,0.001
1774254593.670716,506.369,-9999.000000,26.014387,26.0,12.6332,HIGH,0.6,0.015,0.001
1774254593.751986,506.450,-9999.000000,26.016768,26.0,12.4773,HIGH,0.6,0.015,0.001
1774254593.8584876,506.556,-9999.000000,26.019549,26.0,12.3077,HIGH,0.6,0.015,0.001
1774254593.9148982,506.613,-9999.000000,26.025110,26.0,11.9646,HIGH,0.6,0.015,0.001
1774254593.992299,506.690,-9999.000000,26.006842,26.0,13.0934,HIGH,0.6,0.015,0.001
1774254594.0621793,506.760,-9999.000000,26.015579,26.0,12.5314,HIGH,0.6,0.015,0.001
1774254594.1294475,506.827,-9999.000000,26.013988,26.0,12.6403,HIGH,0.6,0.015,0.001
1774254594.2412868,506.939,-9999.000000,26.017564,26.0,12.4173,HIGH,0.6,0.015,0.001
1774254594.3402314,507.038,-9999.000000,26.013591,26.0,12.6608,HIGH,0.6,0.015,0.001
1774254594.403376,507.101,-9999.000000,26.013195,26.0,12.6800,HIGH,0.6,0.015,0.001
1774254594.4734411,507.171,-9999.000000,26.011210,26.0,12.8001,HIGH,0.6,0.015,0.001
1774254594.543981,507.242,-9999.000000,26.014387,26.0,12.6006,HIGH,0.6,0.015,0.001
1774254594.6132553,507.311,-9999.000000,26.017960,26.0,12.3837,HIGH,0.6,0.015,0.001
1774254594.6847005,507.383,-9999.000000,26.012799,26.0,12.7044,HIGH,0.6,0.015,0.001
1774254594.7939913,507.492,-9999.000000,26.015180,26.0,12.5496,HIGH,0.6,0.015,0.001
1774254594.8568664,507.555,-9999.000000,26.012799,26.0,12.6973,HIGH,0.6,0.015,0.001
1774254594.9253662,507.623,-9999.000000,26.025110,26.0,11.9342,HIGH,0.6,0.015,0.001
1774254594.9972043,507.695,-9999.000000,26.029083,26.0,11.7052,HIGH,0.6,0.015,0.001
1774254595.1035583,507.801,-9999.000000,26.010415,26.0,12.8467,HIGH,0.6,0.015,0.001
1774254595.1660182,507.864,-9999.000000,26.012399,26.0,12.7057,HIGH,0.6,0.015,0.001
1774254595.2356038,507.933,-9999.000000,26.010415,26.0,12.8297,HIGH,0.6,0.015,0.001
1774254595.3093526,508.007,-9999.000000,26.031068,26.0,11.5562,HIGH,0.6,0.015,0.001
1774254595.3782418,508.076,-9999.000000,26.021137,26.0,12.1923,HIGH,0.6,0.015,0.001
1774254595.489067,508.187,-9999.000000,26.011210,26.0,12.7806,HIGH,0.6,0.015,0.001
1774254595.5522318,508.250,-9999.000000,26.010018,26.0,12.8441,HIGH,0.6,0.015,0.001
1774254595.6230721,508.321,-9999.000000,26.011210,26.0,12.7678,HIGH,0.6,0.015,0.001
1774254595.6935914,508.391,-9999.000000,26.014783,26.0,12.5485,HIGH,0.6,0.015,0.001
1774254595.8025393,508.500,-9999.000000,26.011210,26.0,12.7694,HIGH,0.6,0.015,0.001
1774254595.903118,508.601,-9999.000000,25.994928,26.0,13.7600,HIGH,0.6,0.015,0.001
1774254595.9648821,508.663,-9999.000000,26.017960,26.0,12.3229,HIGH,0.6,0.015,0.001
1774254596.0262382,508.724,-9999.000000,26.009223,26.0,12.8979,HIGH,0.6,0.015,0.001
1774254596.1056783,508.804,-9999.000000,25.998501,26.0,13.5406,HIGH,0.6,0.015,0.001
1774254596.1772523,508.875,-9999.000000,25.984604,26.0,14.3820,HIGH,0.6,0.015,0.001
1774254596.2476313,508.946,-9999.000000,26.017168,26.0,12.3607,HIGH,0.6,0.015,0.001
1774254596.3468435,509.045,-9999.000000,26.010415,26.0,12.8174,HIGH,0.6,0.015,0.001
1774254596.4180596,509.116,-9999.000000,26.007238,26.0,13.0049,HIGH,0.6,0.015,0.001
1774254596.4853876,509.183,-9999.000000,26.010811,26.0,12.7796,HIGH,0.6,0.015,0.001
1774254596.560049,509.258,-9999.000000,26.024314,26.0,11.9539,HIGH,0.6,0.015,0.001
1774254596.627542,509.325,-9999.000000,26.019549,26.0,12.2630,HIGH,0.6,0.015,0.001
1774254596.7430885,509.441,-9999.000000,26.011607,26.0,12.7374,HIGH,0.6,0.015,0.001
1774254596.8336794,509.532,-9999.000000,26.007634,26.0,12.9722,HIGH,0.6,0.015,0.001
1774254596.9068131,509.605,-9999.000000,26.009223,26.0,12.8693,HIGH,0.6,0.015,0.001
1774254596.977745,509.676,-9999.000000,26.007634,26.0,12.9682,HIGH,0.6,0.015,0.001
1774254597.0481842,509.746,-9999.000000,26.014387,26.0,12.5497,HIGH,0.6,0.015,0.001
1774254597.1187754,509.817,-9999.000000,26.012003,26.0,12.7044,HIGH,0.6,0.015,0.001
1774254597.2254605,509.923,-9999.000000,26.026302,26.0,11.8255,HIGH,0.6,0.015,0.001
1774254597.2892692,509.987,-9999.000000,26.007634,26.0,12.9875,HIGH,0.6,0.015,0.001
1774254597.3615634,510.059,-9999.000000,26.014783,26.0,12.5178,HIGH,0.6,0.015,0.001
1774254597.430209,510.128,-9999.000000,26.012399,26.0,12.6729,HIGH,0.6,0.015,0.001
1774254597.5397022,510.238,-9999.000000,26.006442,26.0,13.0313,HIGH,0.6,0.015,0.001
1774254597.6028337,510.301,-9999.000000,26.009223,26.0,12.8537,HIGH,0.6,0.015,0.001
1774254597.6737833,510.372,-9999.000000,26.006442,26.0,13.0282,HIGH,0.6,0.015,0.001
1774254597.737066,510.435,-9999.000000,26.009622,26.0,12.8275,HIGH,0.6,0.015,0.001
1774254597.8120372,510.510,-9999.000000,26.009223,26.0,12.8560,HIGH,0.6,0.015,0.001
1774254597.922053,510.620,-9999.000000,26.007238,26.0,12.9752,HIGH,0.6,0.015,0.001
1774254597.9851098,510.683,-9999.000000,26.006842,26.0,12.9971,HIGH,0.6,0.015,0.001
1774254598.0568578,510.755,-9999.000000,25.996117,26.0,13.6554,HIGH,0.6,0.015,0.001
1774254598.1295915,510.827,-9999.000000,26.016768,26.0,12.3711,HIGH,0.6,0.015,0.001
1774254598.2379553,510.936,-9999.000000,26.007634,26.0,12.9547,HIGH,0.6,0.015,0.001
1774254598.3016553,511.000,-9999.000000,26.002074,26.0,13.2885,HIGH,0.6,0.015,0.001
1774254598.4120347,511.110,-9999.000000,26.003662,26.0,13.1824,HIGH,0.6,0.015,0.001
1774254598.4733064,511.171,-9999.000000,26.006842,26.0,12.9872,HIGH,0.6,0.015,0.001
1774254598.544349,511.242,-9999.000000,26.023522,26.0,11.9656,HIGH,0.6,0.015,0.001
1774254598.6171918,511.315,-9999.000000,26.010415,26.0,12.7924,HIGH,0.6,0.015,0.001
1774254598.6880174,511.386,-9999.000000,26.006046,26.0,13.0420,HIGH,0.6,0.015,0.001
1774254598.7574184,511.455,-9999.000000,26.007238,26.0,12.9619,HIGH,0.6,0.015,0.001
1774254598.862297,511.560,-9999.000000,26.004854,26.0,13.1082,HIGH,0.6,0.015,0.001
1774254598.9210954,511.619,-9999.000000,26.011210,26.0,12.7127,HIGH,0.6,0.015,0.001
1774254599.001973,511.700,-9999.000000,26.006842,26.0,12.9902,HIGH,0.6,0.015,0.001
1774254599.0676138,511.765,-9999.000000,26.005253,26.0,13.0820,HIGH,0.6,0.015,0.001
1774254599.1400898,511.838,-9999.000000,26.011210,26.0,12.7127,HIGH,0.6,0.015,0.001
1774254599.2507095,511.949,-9999.000000,26.006842,26.0,12.9859,HIGH,0.6,0.015,0.001
1774254599.3143299,512.012,-9999.000000,26.015579,26.0,12.4425,HIGH,0.6,0.015,0.001
1774254599.377802,512.076,-9999.000000,26.004458,26.0,13.1406,HIGH,0.6,0.015,0.001
1774254599.4585426,512.156,-9999.000000,26.008430,26.0,12.8788,HIGH,0.6,0.015,0.001
1774254599.5664625,512.264,-9999.000000,26.010811,26.0,12.7369,HIGH,0.6,0.015,0.001
1774254599.6281207,512.326,-9999.000000,26.015976,26.0,12.4194,HIGH,0.6,0.015,0.001
1774254599.70256,512.400,-9999.000000,26.007238,26.0,12.9629,HIGH,0.6,0.015,0.001
1774254599.771575,512.469,-9999.000000,26.006842,26.0,12.9748,HIGH,0.6,0.015,0.001
1774254599.8823833,512.580,-9999.000000,26.011210,26.0,12.7063,HIGH,0.6,0.015,0.001
1774254599.9301724,512.628,-9999.000000,26.011607,26.0,12.6848,HIGH,0.6,0.015,0.001
1774254600.014739,512.713,-9999.000000,26.021137,26.0,12.0999,HIGH,0.6,0.015,0.001
1774254600.0801282,512.778,-9999.000000,26.007634,26.0,12.9412,HIGH,0.6,0.015,0.001
1774254600.190934,512.889,-9999.000000,26.009622,26.0,12.7979,HIGH,0.6,0.015,0.001
1774254600.2563627,512.954,-9999.000000,26.010018,26.0,12.7743,HIGH,0.6,0.015,0.001
1774254600.3247285,513.023,-9999.000000,26.010415,26.0,12.7495,HIGH,0.6,0.015,0.001
1774254600.3995824,513.097,-9999.000000,26.015976,26.0,12.4072,HIGH,0.6,0.015,0.001
1774254600.467077,513.165,-9999.000000,26.009223,26.0,12.8289,HIGH,0.6,0.015,0.001
1774254600.5764093,513.274,-9999.000000,26.010018,26.0,12.7688,HIGH,0.6,0.015,0.001
1774254600.6404934,513.338,-9999.000000,25.998105,26.0,13.5031,HIGH,0.6,0.015,0.001
1774254600.7105656,513.408,-9999.000000,26.015976,26.0,12.3851,HIGH,0.6,0.015,0.001
1774254600.7803607,513.478,-9999.000000,26.011607,26.0,12.6778,HIGH,0.6,0.015,0.001
1774254600.8934479,513.591,-9999.000000,26.010415,26.0,12.7423,HIGH,0.6,0.015,0.001
1774254600.9570262,513.655,-9999.000000,26.004061,26.0,13.1321,HIGH,0.6,0.015,0.001
1774254601.0263338,513.724,-9999.000000,26.010018,26.0,12.7550,HIGH,0.6,0.015,0.001
1774254601.0991774,513.797,-9999.000000,26.015976,26.0,12.3962,HIGH,0.6,0.015,0.001
1774254601.204576,513.902,-9999.000000,25.990560,26.0,13.9550,HIGH,0.6,0.015,0.001
1774254601.259267,513.957,-9999.000000,26.006842,26.0,12.9236,HIGH,0.6,0.015,0.001
1774254601.3387141,514.037,-9999.000000,26.003266,26.0,13.1721,HIGH,0.6,0.015,0.001
1774254601.4477196,514.146,-9999.000000,26.012799,26.0,12.5847,HIGH,0.6,0.015,0.001
1774254601.51116,514.209,-9999.000000,26.011607,26.0,12.6658,HIGH,0.6,0.015,0.001
1774254601.5827956,514.281,-9999.000000,26.012003,26.0,12.6383,HIGH,0.6,0.015,0.001
1774254601.6536863,514.352,-9999.000000,26.006842,26.0,12.9551,HIGH,0.6,0.015,0.001
1774254601.7580929,514.456,-9999.000000,26.016372,26.0,12.3643,HIGH,0.6,0.015,0.001
1774254601.8226535,514.521,-9999.000000,26.003662,26.0,13.1553,HIGH,0.6,0.015,0.001
1774254601.8930159,514.591,-9999.000000,26.006442,26.0,12.9642,HIGH,0.6,0.015,0.001
1774254601.9643917,514.662,-9999.000000,26.024314,26.0,11.8682,HIGH,0.6,0.015,0.001
1774254602.0340476,514.732,-9999.000000,26.013988,26.0,12.5262,HIGH,0.6,0.015,0.001
1774254602.1440535,514.842,-9999.000000,26.007238,26.0,12.9213,HIGH,0.6,0.015,0.001
1774254602.2048137,514.903,-9999.000000,26.001281,26.0,13.2822,HIGH,0.6,0.015,0.001
1774254602.2766576,514.975,-9999.000000,26.008430,26.0,12.8327,HIGH,0.6,0.015,0.001
1774254602.388421,515.086,-9999.000000,26.008826,26.0,12.8170,HIGH,0.6,0.015,0.001
1774254602.450537,515.148,-9999.000000,25.999693,26.0,13.3801,HIGH,0.6,0.015,0.001
1774254602.5204792,515.218,-9999.000000,25.970705,26.0,15.1491,HIGH,0.6,0.015,0.001
1774254602.5921257,515.290,-9999.000000,26.004854,26.0,13.0106,HIGH,0.6,0.015,0.001
1774254602.7071562,515.405,-9999.000000,26.002869,26.0,13.1786,HIGH,0.6,0.015,0.001
1774254602.769193,515.467,-9999.000000,26.002869,26.0,13.1766,HIGH,0.6,0.015,0.001
1774254602.840376,515.538,-9999.000000,25.999296,26.0,13.3960,HIGH,0.6,0.015,0.001
1774254602.9499614,515.648,-9999.000000,26.013988,26.0,12.4938,HIGH,0.6,0.015,0.001
1774254603.0127623,515.711,-9999.000000,26.009223,26.0,12.7999,HIGH,0.6,0.015,0.001
1774254603.083348,515.781,-9999.000000,26.007238,26.0,12.9134,HIGH,0.6,0.015,0.001
1774254603.1548038,515.853,-9999.000000,26.004061,26.0,13.1052,HIGH,0.6,0.015,0.001
1774254603.2628527,515.961,-9999.000000,26.007634,26.0,12.8818,HIGH,0.6,0.015,0.001
1774254603.3263605,516.024,-9999.000000,26.004061,26.0,13.1048,HIGH,0.6,0.015,0.001
1774254603.3979816,516.096,-9999.000000,26.008031,26.0,12.8546,HIGH,0.6,0.015,0.001
1774254603.4694953,516.167,-9999.000000,26.006842,26.0,12.9324,HIGH,0.6,0.015,0.001
1774254603.5795934,516.277,-9999.000000,26.023522,26.0,11.9109,HIGH,0.6,0.015,0.001
1774254603.6274753,516.325,-9999.000000,26.004458,26.0,13.1094,HIGH,0.6,0.015,0.001
1774254603.7106752,516.409,-9999.000000,26.008826,26.0,12.8011,HIGH,0.6,0.015,0.001
1774254603.780203,516.478,-9999.000000,26.011607,26.0,12.6343,HIGH,0.6,0.015,0.001
1774254603.892222,516.590,-9999.000000,26.005253,26.0,13.0243,HIGH,0.6,0.015,0.001
1774254603.9572084,516.655,-9999.000000,26.003662,26.0,13.1162,HIGH,0.6,0.015,0.001
1774254604.0272393,516.725,-9999.000000,26.006842,26.0,12.9177,HIGH,0.6,0.015,0.001
1774254604.0847816,516.783,-9999.000000,26.003662,26.0,13.1182,HIGH,0.6,0.015,0.001
1774254604.206001,516.904,-9999.000000,26.000089,26.0,13.3300,HIGH,0.6,0.015,0.001
1774254604.2577853,516.956,-9999.000000,25.997705,26.0,13.4749,HIGH,0.6,0.015,0.001
1774254604.34051,517.038,-9999.000000,26.004061,26.0,13.0807,HIGH,0.6,0.015,0.001
1774254604.4139366,517.112,-9999.000000,26.024314,26.0,11.8430,HIGH,0.6,0.015,0.001
1774254604.522222,517.220,-9999.000000,25.999693,26.0,13.3706,HIGH,0.6,0.015,0.001
1774254604.5818222,517.280,-9999.000000,25.992148,26.0,13.8139,HIGH,0.6,0.015,0.001
1774254604.65495,517.353,-9999.000000,26.001677,26.0,13.2163,HIGH,0.6,0.015,0.001
1774254604.7274153,517.425,-9999.000000,26.002074,26.0,13.2048,HIGH,0.6,0.015,0.001
1774254604.7962017,517.494,-9999.000000,26.006442,26.0,12.9362,HIGH,0.6,0.015,0.001
1774254604.9115174,517.609,-9999.000000,26.005650,26.0,12.9898,HIGH,0.6,0.015,0.001
1774254604.9749804,517.673,-9999.000000,25.997705,26.0,13.4785,HIGH,0.6,0.015,0.001
1774254605.0318172,517.730,-9999.000000,26.005650,26.0,12.9749,HIGH,0.6,0.015,0.001
1774254605.110358,517.808,-9999.000000,26.007634,26.0,12.8664,HIGH,0.6,0.015,0.001
1774254605.22134,517.919,-9999.000000,26.000485,26.0,13.3042,HIGH,0.6,0.015,0.001
1774254605.2867184,517.985,-9999.000000,26.004458,26.0,13.0529,HIGH,0.6,0.015,0.001
1774254605.3482187,518.046,-9999.000000,26.000885,26.0,13.2791,HIGH,0.6,0.015,0.001
1774254605.4314206,518.129,-9999.000000,26.007238,26.0,12.8835,HIGH,0.6,0.015,0.001
1774254605.5383554,518.236,-9999.000000,25.999296,26.0,13.3752,HIGH,0.6,0.015,0.001
1774254605.6016457,518.300,-9999.000000,26.004458,26.0,13.0495,HIGH,0.6,0.015,0.001
1774254605.6718452,518.370,-9999.000000,26.000485,26.0,13.3016,HIGH,0.6,0.015,0.001
1774254605.7422545,518.440,-9999.000000,26.009223,26.0,12.7583,HIGH,0.6,0.015,0.001
1774254605.8508816,518.549,-9999.000000,26.004061,26.0,13.0845,HIGH,0.6,0.015,0.001
1774254605.9522421,518.650,-9999.000000,26.002869,26.0,13.1520,HIGH,0.6,0.015,0.001
1774254606.0141258,518.712,-9999.000000,26.007238,26.0,12.8810,HIGH,0.6,0.015,0.001
1774254606.0863705,518.784,-9999.000000,26.003266,26.0,13.1315,HIGH,0.6,0.015,0.001
1774254606.1580508,518.856,-9999.000000,25.999296,26.0,13.3698,HIGH,0.6,0.015,0.001
1774254606.2296755,518.928,-9999.000000,25.990560,26.0,13.9017,HIGH,0.6,0.015,0.001
1774254606.337991,519.036,-9999.000000,26.004854,26.0,13.0179,HIGH,0.6,0.015,0.001
1774254606.4017515,519.100,-9999.000000,26.019948,26.0,12.0998,HIGH,0.6,0.015,0.001
1774254606.474396,519.172,-9999.000000,26.000089,26.0,13.3424,HIGH,0.6,0.015,0.001
1774254606.531946,519.230,-9999.000000,26.003662,26.0,13.0941,HIGH,0.6,0.015,0.001
1774254606.6429718,519.341,-9999.000000,26.000089,26.0,13.3179,HIGH,0.6,0.015,0.001
1774254606.71809,519.416,-9999.000000,26.010018,26.0,12.7046,HIGH,0.6,0.015,0.001
1774254606.790913,519.489,-9999.000000,25.996117,26.0,13.5714,HIGH,0.6,0.015,0.001
1774254606.8624346,519.560,-9999.000000,26.003266,26.0,13.1131,HIGH,0.6,0.015,0.001
1774254606.9711246,519.669,-9999.000000,26.002074,26.0,13.1953,HIGH,0.6,0.015,0.001
1774254607.0331104,519.731,-9999.000000,26.004854,26.0,13.0225,HIGH,0.6,0.015,0.001
1774254607.1039834,519.802,-9999.000000,26.001677,26.0,13.2219,HIGH,0.6,0.015,0.001
1774254607.1757505,519.874,-9999.000000,25.996117,26.0,13.5592,HIGH,0.6,0.015,0.001
1774254607.2461772,519.944,-9999.000000,26.003662,26.0,13.0876,HIGH,0.6,0.015,0.001
1774254607.3558753,520.054,-9999.000000,25.998897,26.0,13.3887,HIGH,0.6,0.015,0.001
1774254607.416626,520.115,-9999.000000,26.018756,26.0,12.1585,HIGH,0.6,0.015,0.001
1774254607.4906747,520.189,-9999.000000,25.999693,26.0,13.3607,HIGH,0.6,0.015,0.001
1774254607.5655909,520.263,-9999.000000,26.005253,26.0,12.9933,HIGH,0.6,0.015,0.001
1774254607.6758537,520.374,-9999.000000,25.996516,26.0,13.5335,HIGH,0.6,0.015,0.001
1774254607.732193,520.430,-9999.000000,25.998501,26.0,13.4031,HIGH,0.6,0.015,0.001
1774254607.8093874,520.507,-9999.000000,25.998897,26.0,13.3824,HIGH,0.6,0.015,0.001
1774254607.9209554,520.619,-9999.000000,26.000885,26.0,13.2618,HIGH,0.6,0.015,0.001
1774254607.9822445,520.680,-9999.000000,25.975469,26.0,14.8322,HIGH,0.6,0.015,0.001
1774254608.0551176,520.753,-9999.000000,26.002074,26.0,13.1577,HIGH,0.6,0.015,0.001
1774254608.124281,520.822,-9999.000000,25.997309,26.0,13.4873,HIGH,0.6,0.015,0.001
1774254608.2342198,520.932,-9999.000000,26.001677,26.0,13.2141,HIGH,0.6,0.015,0.001
1774254608.2914143,520.989,-9999.000000,26.003266,26.0,13.1197,HIGH,0.6,0.015,0.001
1774254608.36801,521.066,-9999.000000,26.011210,26.0,12.6341,HIGH,0.6,0.015,0.001
1774254608.4396536,521.138,-9999.000000,25.999693,26.0,13.3517,HIGH,0.6,0.015,0.001
1774254608.5493214,521.247,-9999.000000,26.005650,26.0,12.9718,HIGH,0.6,0.015,0.001
1774254608.6104095,521.308,-9999.000000,26.003266,26.0,13.1239,HIGH,0.6,0.015,0.001
1774254608.6778865,521.376,-9999.000000,26.000885,26.0,13.2663,HIGH,0.6,0.015,0.001
1774254608.753267,521.451,-9999.000000,26.000885,26.0,13.2626,HIGH,0.6,0.015,0.001
1774254608.820679,521.519,-9999.000000,26.001281,26.0,13.2381,HIGH,0.6,0.015,0.001
1774254608.937365,521.635,-9999.000000,25.999693,26.0,13.3354,HIGH,0.6,0.015,0.001
1774254608.9941766,521.692,-9999.000000,26.009622,26.0,12.7200,HIGH,0.6,0.015,0.001
1774254609.0675242,521.765,-9999.000000,26.002869,26.0,13.1516,HIGH,0.6,0.015,0.001
1774254609.1373622,521.835,-9999.000000,25.997705,26.0,13.4598,HIGH,0.6,0.015,0.001
1774254609.2484114,521.946,-9999.000000,26.006842,26.0,12.8949,HIGH,0.6,0.015,0.001
1774254609.3136554,522.012,-9999.000000,25.983412,26.0,14.3464,HIGH,0.6,0.015,0.001
1774254609.374614,522.072,-9999.000000,26.004854,26.0,12.9884,HIGH,0.6,0.015,0.001
1774254609.4558716,522.154,-9999.000000,25.998105,26.0,13.4371,HIGH,0.6,0.015,0.001
1774254609.5486853,522.247,-9999.000000,26.000485,26.0,13.2833,HIGH,0.6,0.015,0.001
1774254609.6120076,522.310,-9999.000000,25.999296,26.0,13.3591,HIGH,0.6,0.015,0.001
1774254609.6966274,522.395,-9999.000000,26.007634,26.0,12.8461,HIGH,0.6,0.015,0.001
1774254609.7693074,522.467,-9999.000000,26.002473,26.0,13.1725,HIGH,0.6,0.015,0.001
1774254609.878224,522.576,-9999.000000,25.999296,26.0,13.3590,HIGH,0.6,0.015,0.001
1774254609.944572,522.642,-9999.000000,26.001281,26.0,13.2339,HIGH,0.6,0.015,0.001
1774254610.0173771,522.715,-9999.000000,26.004061,26.0,13.0658,HIGH,0.6,0.015,0.001
1774254610.0882685,522.786,-9999.000000,26.000885,26.0,13.2646,HIGH,0.6,0.015,0.001
1774254610.1944053,522.892,-9999.000000,25.998105,26.0,13.4299,HIGH,0.6,0.015,0.001
1774254610.2588603,522.957,-9999.000000,26.002473,26.0,13.1581,HIGH,0.6,0.015,0.001
1774254610.324456,523.022,-9999.000000,26.006842,26.0,12.8955,HIGH,0.6,0.015,0.001
1774254610.40345,523.101,-9999.000000,26.000885,26.0,13.2670,HIGH,0.6,0.015,0.001
1774254610.5138474,523.212,-9999.000000,26.002869,26.0,13.1381,HIGH,0.6,0.015,0.001
1774254610.5771282,523.275,-9999.000000,26.004061,26.0,13.0661,HIGH,0.6,0.015,0.001
1774254610.6406145,523.338,-9999.000000,26.000885,26.0,13.2635,HIGH,0.6,0.015,0.001
1774254610.7182844,523.416,-9999.000000,26.002473,26.0,13.1609,HIGH,0.6,0.015,0.001
1774254610.8298957,523.528,-9999.000000,26.001281,26.0,13.2353,HIGH,0.6,0.015,0.001
1774254610.8936415,523.592,-9999.000000,25.997309,26.0,13.4790,HIGH,0.6,0.015,0.001
1774254610.9568324,523.655,-9999.000000,26.003266,26.0,13.1057,HIGH,0.6,0.015,0.001
1774254611.0363443,523.734,-9999.000000,25.991353,26.0,13.8459,HIGH,0.6,0.015,0.001
1774254611.1472802,523.845,-9999.000000,26.000485,26.0,13.2746,HIGH,0.6,0.015,0.001
1774254611.245762,523.944,-9999.000000,26.003662,26.0,13.0885,HIGH,0.6,0.015,0.001
1774254611.306828,524.005,-9999.000000,25.995324,26.0,13.6060,HIGH,0.6,0.015,0.001
1774254611.3807995,524.079,-9999.000000,25.998105,26.0,13.4220,HIGH,0.6,0.015,0.001
1774254611.4525254,524.150,-9999.000000,25.994529,26.0,13.6459,HIGH,0.6,0.015,0.001
1774254611.522544,524.220,-9999.000000,25.997705,26.0,13.4460,HIGH,0.6,0.015,0.001
1774254611.630361,524.328,-9999.000000,26.002473,26.0,13.1597,HIGH,0.6,0.015,0.001
1774254611.6945076,524.392,-9999.000000,25.998105,26.0,13.4332,HIGH,0.6,0.015,0.001
1774254611.766753,524.465,-9999.000000,26.001677,26.0,13.2069,HIGH,0.6,0.015,0.001
1774254611.8344,524.532,-9999.000000,25.996913,26.0,13.5051,HIGH,0.6,0.015,0.001
1774254611.908449,524.606,-9999.000000,25.996516,26.0,13.5228,HIGH,0.6,0.015,0.001
1774254612.0165572,524.714,-9999.000000,26.002869,26.0,13.1347,HIGH,0.6,0.015,0.001
1774254612.0792627,524.777,-9999.000000,25.996913,26.0,13.5078,HIGH,0.6,0.015,0.001
1774254612.1486168,524.846,-9999.000000,25.999693,26.0,13.3275,HIGH,0.6,0.015,0.001
1774254612.2188113,524.917,-9999.000000,26.000485,26.0,13.2827,HIGH,0.6,0.015,0.001
1774254612.3294165,525.027,-9999.000000,26.002869,26.0,13.1382,HIGH,0.6,0.015,0.001
1774254612.3928442,525.091,-9999.000000,25.995324,26.0,13.6054,HIGH,0.6,0.015,0.001
1774254612.4629035,525.161,-9999.000000,25.996117,26.0,13.5452,HIGH,0.6,0.015,0.001
1774254612.5345223,525.232,-9999.000000,26.002074,26.0,13.1804,HIGH,0.6,0.015,0.001
1774254612.6448514,525.343,-9999.000000,25.993340,26.0,13.7218,HIGH,0.6,0.015,0.001
1774254612.7078853,525.406,-9999.000000,25.994928,26.0,13.6165,HIGH,0.6,0.015,0.001
1774254612.7725563,525.470,-9999.000000,25.997705,26.0,13.4484,HIGH,0.6,0.015,0.001
1774254612.849835,525.548,-9999.000000,26.004458,26.0,13.0383,HIGH,0.6,0.015,0.001
1774254612.960999,525.659,-9999.000000,25.996516,26.0,13.5312,HIGH,0.6,0.015,0.001
1774254613.0623612,525.760,-9999.000000,25.993736,26.0,13.6945,HIGH,0.6,0.015,0.001
1774254613.1251295,525.823,-9999.000000,25.993340,26.0,13.7168,HIGH,0.6,0.015,0.001
1774254613.196851,525.895,-9999.000000,25.969118,26.0,15.2067,HIGH,0.6,0.015,0.001
1774254613.2688346,525.967,-9999.000000,25.999296,26.0,13.3203,HIGH,0.6,0.015,0.001
1774254613.3413324,526.039,-9999.000000,26.000089,26.0,13.3136,HIGH,0.6,0.015,0.001
1774254613.4458659,526.144,-9999.000000,25.996117,26.0,13.5574,HIGH,0.6,0.015,0.001
1774254613.5119073,526.210,-9999.000000,25.996117,26.0,13.5540,HIGH,0.6,0.015,0.001
1774254613.5828006,526.281,-9999.000000,26.000485,26.0,13.2856,HIGH,0.6,0.015,0.001
1774254613.6475627,526.345,-9999.000000,25.998501,26.0,13.4141,HIGH,0.6,0.015,0.001
1774254613.722841,526.421,-9999.000000,25.996516,26.0,13.5331,HIGH,0.6,0.015,0.001
1774254613.8313046,526.529,-9999.000000,26.000885,26.0,13.2642,HIGH,0.6,0.015,0.001
1774254613.8957858,526.594,-9999.000000,25.983412,26.0,14.3453,HIGH,0.6,0.015,0.001
1774254613.9655094,526.663,-9999.000000,26.000089,26.0,13.2937,HIGH,0.6,0.015,0.001
1774254614.0399473,526.738,-9999.000000,25.999296,26.0,13.3663,HIGH,0.6,0.015,0.001
1774254614.1470203,526.845,-9999.000000,25.998105,26.0,13.4381,HIGH,0.6,0.015,0.001
1774254614.2100594,526.908,-9999.000000,26.001677,26.0,13.2168,HIGH,0.6,0.015,0.001
1774254614.2736433,526.972,-9999.000000,26.001281,26.0,13.2468,HIGH,0.6,0.015,0.001
1774254614.3521512,527.050,-9999.000000,26.003266,26.0,13.1242,HIGH,0.6,0.015,0.001
1774254614.462523,527.160,-9999.000000,26.000089,26.0,13.3202,HIGH,0.6,0.015,0.001
1774254614.5268114,527.225,-9999.000000,25.997309,26.0,13.4887,HIGH,0.6,0.015,0.001
1774254614.5971575,527.295,-9999.000000,26.002074,26.0,13.1915,HIGH,0.6,0.015,0.001
1774254614.6675444,527.365,-9999.000000,26.004061,26.0,13.0757,HIGH,0.6,0.015,0.001
1774254614.7763412,527.474,-9999.000000,26.007238,26.0,12.8839,HIGH,0.6,0.015,0.001
1774254614.8343186,527.532,-9999.000000,26.000485,26.0,13.3035,HIGH,0.6,0.015,0.001
1774254614.904245,527.602,-9999.000000,25.993340,26.0,13.7315,HIGH,0.6,0.015,0.001
1774254614.9676244,527.666,-9999.000000,25.983808,26.0,14.3098,HIGH,0.6,0.015,0.001
1774254615.0776427,527.776,-9999.000000,25.997705,26.0,13.4487,HIGH,0.6,0.015,0.001
1774254615.1492455,527.847,-9999.000000,26.001281,26.0,13.2416,HIGH,0.6,0.015,0.001
1774254615.2258675,527.924,-9999.000000,26.014387,26.0,12.4415,HIGH,0.6,0.015,0.001
1774254615.297155,527.995,-9999.000000,25.998501,26.0,13.4342,HIGH,0.6,0.015,0.001
1774254615.4065223,528.104,-9999.000000,25.995324,26.0,13.6062,HIGH,0.6,0.015,0.001
1774254615.457303,528.155,-9999.000000,26.007238,26.0,12.8645,HIGH,0.6,0.015,0.001
1774254615.5415814,528.239,-9999.000000,26.001281,26.0,13.2523,HIGH,0.6,0.015,0.001
1774254615.6058757,528.304,-9999.000000,25.999693,26.0,13.3430,HIGH,0.6,0.015,0.001
1774254615.7089267,528.407,-9999.000000,26.003662,26.0,13.0980,HIGH,0.6,0.015,0.001
1774254615.772325,528.470,-9999.000000,26.006046,26.0,12.9544,HIGH,0.6,0.015,0.001
1774254615.8557506,528.554,-9999.000000,26.019549,26.0,12.1294,HIGH,0.6,0.015,0.001
1774254615.9637568,528.662,-9999.000000,26.005253,26.0,13.0157,HIGH,0.6,0.015,0.001
1774254616.0265064,528.724,-9999.000000,26.000089,26.0,13.3205,HIGH,0.6,0.015,0.001
1774254616.0977912,528.796,-9999.000000,26.003266,26.0,13.1169,HIGH,0.6,0.015,0.001
1774254616.1663306,528.864,-9999.000000,26.003266,26.0,13.1210,HIGH,0.6,0.015,0.001
1774254616.2767153,528.975,-9999.000000,26.000885,26.0,13.2659,HIGH,0.6,0.015,0.001
1774254616.3401315,529.038,-9999.000000,26.004458,26.0,13.0433,HIGH,0.6,0.015,0.001
1774254616.4076319,529.106,-9999.000000,26.008031,26.0,12.8284,HIGH,0.6,0.015,0.001
1774254616.4826448,529.181,-9999.000000,26.008031,26.0,12.8328,HIGH,0.6,0.015,0.001
1774254616.5914207,529.289,-9999.000000,25.993340,26.0,13.7289,HIGH,0.6,0.015,0.001
1774254616.6540558,529.352,-9999.000000,26.005650,26.0,12.9566,HIGH,0.6,0.015,0.001
1774254616.7266548,529.425,-9999.000000,25.999296,26.0,13.3663,HIGH,0.6,0.015,0.001
1774254616.799593,529.497,-9999.000000,26.006442,26.0,12.9183,HIGH,0.6,0.015,0.001
1774254616.9082162,529.606,-9999.000000,26.004061,26.0,13.0724,HIGH,0.6,0.015,0.001
1774254616.9718826,529.670,-9999.000000,26.004854,26.0,13.0210,HIGH,0.6,0.015,0.001
1774254617.043892,529.742,-9999.000000,26.002869,26.0,13.1438,HIGH,0.6,0.015,0.001
1774254617.1179967,529.816,-9999.000000,26.007238,26.0,12.8722,HIGH,0.6,0.015,0.001
1774254617.2253513,529.923,-9999.000000,25.996913,26.0,13.5077,HIGH,0.6,0.015,0.001
1774254617.3200037,530.018,-9999.000000,26.005650,26.0,12.9638,HIGH,0.6,0.015,0.001
1774254617.3835957,530.081,-9999.000000,26.007238,26.0,12.8746,HIGH,0.6,0.015,0.001
1774254617.4626007,530.160,-9999.000000,26.005650,26.0,12.9737,HIGH,0.6,0.015,0.001
1774254617.5254366,530.223,-9999.000000,26.011607,26.0,12.6037,HIGH,0.6,0.015,0.001
1774254617.6047397,530.303,-9999.000000,26.009223,26.0,12.7582,HIGH,0.6,0.015,0.001
1774254617.7133617,530.411,-9999.000000,26.006842,26.0,12.8991,HIGH,0.6,0.015,0.001
1774254617.774972,530.473,-9999.000000,26.004458,26.0,13.0434,HIGH,0.6,0.015,0.001
1774254617.844327,530.542,-9999.000000,26.008430,26.0,12.7946,HIGH,0.6,0.015,0.001
1774254617.9173641,530.615,-9999.000000,26.009622,26.0,12.7261,HIGH,0.6,0.015,0.001
1774254617.9903574,530.688,-9999.000000,26.006442,26.0,12.9222,HIGH,0.6,0.015,0.001
1774254618.0946636,530.793,-9999.000000,26.010018,26.0,12.6982,HIGH,0.6,0.015,0.001
1774254618.157819,530.856,-9999.000000,26.005650,26.0,12.9702,HIGH,0.6,0.015,0.001
1774254618.226728,530.925,-9999.000000,26.023522,26.0,11.8626,HIGH,0.6,0.015,0.001
1774254618.3421254,531.040,-9999.000000,26.006046,26.0,12.9511,HIGH,0.6,0.015,0.001
1774254618.4055111,531.103,-9999.000000,26.010415,26.0,12.6660,HIGH,0.6,0.015,0.001
1774254618.4747372,531.173,-9999.000000,25.978249,26.0,14.6516,HIGH,0.6,0.015,0.001
1774254618.544637,531.243,-9999.000000,26.017168,26.0,12.2125,HIGH,0.6,0.015,0.001
1774254618.659606,531.357,-9999.000000,26.004458,26.0,13.0411,HIGH,0.6,0.015,0.001
1774254618.7223785,531.420,-9999.000000,26.009223,26.0,12.7356,HIGH,0.6,0.015,0.001
1774254618.7954316,531.493,-9999.000000,26.015180,26.0,12.3760,HIGH,0.6,0.015,0.001
1774254618.8665783,531.564,-9999.000000,26.012003,26.0,12.5779,HIGH,0.6,0.015,0.001
1774254618.9358976,531.634,-9999.000000,26.016768,26.0,12.2789,HIGH,0.6,0.015,0.001
1774254619.0470142,531.745,-9999.000000,26.010018,26.0,12.6952,HIGH,0.6,0.015,0.001
1774254619.1100214,531.808,-9999.000000,25.990161,26.0,13.9130,HIGH,0.6,0.015,0.001
1774254619.180841,531.879,-9999.000000,26.012399,26.0,12.5145,HIGH,0.6,0.015,0.001
1774254619.2556534,531.954,-9999.000000,26.011607,26.0,12.5932,HIGH,0.6,0.015,0.001
1774254619.358595,532.056,-9999.000000,26.008826,26.0,12.7603,HIGH,0.6,0.015,0.001
1774254619.4225647,532.120,-9999.000000,26.008826,26.0,12.7568,HIGH,0.6,0.015,0.001
1774254619.483924,532.182,-9999.000000,26.007634,26.0,12.8295,HIGH,0.6,0.015,0.001
1774254619.5472298,532.245,-9999.000000,25.999296,26.0,13.3411,HIGH,0.6,0.015,0.001
1774254619.6583695,532.356,-9999.000000,26.013591,26.0,12.4551,HIGH,0.6,0.015,0.001
1774254619.738176,532.436,-9999.000000,26.011210,26.0,12.6125,HIGH,0.6,0.015,0.001
1774254619.801377,532.499,-9999.000000,26.009622,26.0,12.7064,HIGH,0.6,0.015,0.001
1774254619.8651507,532.563,-9999.000000,26.008430,26.0,12.7764,HIGH,0.6,0.015,0.001
1774254619.9285336,532.626,-9999.000000,26.008826,26.0,12.7493,HIGH,0.6,0.015,0.001
1774254620.008363,532.706,-9999.000000,25.989764,26.0,13.9188,HIGH,0.6,0.015,0.001
1774254620.232608,532.930,-9999.000000,26.012003,26.0,12.5466,HIGH,0.6,0.015,0.001
