time,temp,duty
1774232892.61317,23.53229675292969,50.0
1774232892.670992,23.5904541015625,50.0
1774232892.7373078,23.56583251953125,50.0
1774232892.8000667,23.53790283203125,50.0
1774232892.8621378,23.57559814453125,50.0
1774232892.9250073,22.939639282226562,50.0
1774232892.988462,23.308294677734374,50.0
1774232893.0509477,23.523336791992186,50.0
1774232893.1127694,23.52059326171875,50.0
1774232893.1749995,22.9804931640625,50.0
1774232893.2379694,23.3232666015625,50.0
1774232893.3001938,23.197671508789064,50.0
1774232893.3622694,23.669415283203126,50.0
1774232893.4248483,23.478240966796875,50.0
1774232893.4873106,23.501666259765624,50.0
1774232893.5512302,23.793289184570312,50.0
1774232893.6147869,23.5151611328125,50.0
1774232893.6763594,23.823394775390625,50.0
1774232893.738669,24.081869506835936,50.0
1774232893.8016722,23.799798583984376,50.0
1774232893.8654685,23.30101623535156,50.0
1774232893.9269369,23.642391967773438,50.0
1774232893.9891624,23.32860412597656,50.0
1774232894.0509248,23.337628173828126,50.0
1774232894.112016,23.325579833984374,50.0
1774232894.1752303,23.009585571289062,50.0
1774232894.2377744,24.129165649414062,50.0
1774232894.2999766,23.481814575195312,50.0
1774232894.3623633,23.865567016601563,50.0
1774232894.425834,23.289840698242188,50.0
1774232894.4873972,23.63426818847656,50.0
1774232894.549823,23.638189697265624,50.0
1774232894.6110108,23.683770751953126,50.0
1774232894.6737032,23.790408325195312,50.0
1774232894.736622,23.606805419921876,50.0
1774232894.800912,23.84271240234375,50.0
1774232894.8629627,23.3744384765625,50.0
1774232894.9268236,23.746804809570314,50.0
1774232894.9886365,23.381451416015626,50.0
1774232895.0506573,23.211492919921874,50.0
1774232895.1131,23.33502197265625,50.0
1774232895.1759052,23.3266845703125,50.0
1774232895.238041,23.130538940429688,50.0
1774232895.3008218,23.489456176757812,50.0
1774232895.36232,23.56158447265625,50.0
1774232895.425102,23.57451477050781,50.0
1774232895.4864612,23.672970581054688,50.0
1774232895.5500667,23.160650634765624,50.0
1774232895.6118162,23.695175170898438,50.0
1774232895.6752138,23.42615661621094,50.0
1774232895.7373116,23.650161743164062,50.0
1774232895.800975,23.575115966796876,50.0
1774232895.8623974,23.41043701171875,50.0
1774232895.9262152,23.719097900390626,50.0
1774232895.9885948,23.4421142578125,50.0
1774232896.0511708,23.5702880859375,50.0
1774232896.113125,23.460922241210938,50.0
1774232896.1757934,23.778091430664062,50.0
1774232896.2352898,23.664288330078126,50.0
1774232896.299075,23.58951416015625,50.0
1774232896.3612714,24.13622131347656,50.0
1774232896.4234583,23.694931030273438,50.0
1774232896.486277,23.79337158203125,50.0
1774232896.5489173,23.66234130859375,50.0
1774232896.611233,23.75841369628906,50.0
1774232896.6730313,23.558926391601563,50.0
1774232896.7369514,23.576373291015624,50.0
1774232896.799733,23.098199462890626,50.0
1774232896.861192,23.499371337890626,50.0
1774232896.92369,23.44112548828125,50.0
1774232896.9859946,23.55811767578125,50.0
1774232897.0495644,23.2766357421875,50.0
1774232897.1121192,24.175320434570313,50.0
1774232897.175706,23.909686279296874,50.0
1774232897.2368984,23.777886962890626,50.0
1774232897.2987535,23.088577270507812,50.0
1774232897.3611813,24.490066528320312,50.0
1774232897.4234798,23.78705749511719,50.0
1774232897.486788,24.079791259765624,50.0
1774232897.5487087,23.3756103515625,50.0
1774232897.6112056,23.814376831054688,50.0
1774232897.6731486,23.7814697265625,50.0
1774232897.7356122,23.694674682617187,50.0
1774232897.7968764,23.535687255859376,50.0
1774232897.8611357,23.632989501953126,50.0
1774232897.923069,23.64649353027344,50.0
1774232897.9847822,23.777926635742187,50.0
1774232898.0482934,23.649227905273438,50.0
1774232898.1102257,23.576934814453125,50.0
1774232898.1715713,23.68848571777344,50.0
1774232898.234042,23.440426635742188,50.0
1774232898.2965896,23.632305908203126,50.0
1774232898.3578417,23.490542602539062,50.0
1774232898.4348207,23.666348266601563,50.0
1774232898.4840698,23.456314086914062,50.0
1774232898.5463493,23.898468017578125,50.0
1774232898.6093316,23.723159790039062,50.0
1774232898.6706698,23.77138671875,50.0
1774232898.7330093,23.742691040039062,50.0
1774232898.7953174,23.804049682617187,50.0
1774232898.857333,23.80352783203125,50.0
1774232898.9206653,23.764093017578126,50.0
1774232898.9970958,23.62657775878906,50.0
1774232899.061143,23.745132446289062,50.0
1774232899.1231425,23.77325439453125,50.0
1774232899.1876705,23.692996215820312,50.0
1774232899.2511754,24.010336303710936,50.0
1774232899.3139868,23.827386474609376,50.0
1774232899.3755186,23.902777099609374,50.0
1774232899.439171,23.911956787109375,50.0
1774232899.5018752,23.656082153320312,50.0
1774232899.5649989,23.979302978515626,50.0
1774232899.6268313,24.118429565429686,50.0
1774232899.6885147,23.82889404296875,50.0
1774232899.7510629,24.661398315429686,50.0
1774232899.8132882,23.980126953125,50.0
1774232899.8764436,24.770730590820314,50.0
1774232899.9392884,24.290463256835938,50.0
1774232900.0022788,24.110018920898437,50.0
1774232900.0647035,24.413406372070312,50.0
1774232900.126546,24.235223388671876,50.0
1774232900.1884964,23.640011596679688,50.0
1774232900.251485,24.498135375976563,50.0
1774232900.3133419,23.973355102539063,50.0
1774232900.3750887,24.02880859375,50.0
1774232900.4379766,23.926736450195314,50.0
1774232900.5000494,23.91795959472656,50.0
1774232900.561796,23.805331420898437,50.0
1774232900.6252072,23.926907348632813,50.0
1774232900.6874502,23.777865600585937,50.0
1774232900.7494423,24.031069946289062,50.0
1774232900.8108552,24.4826171875,50.0
1774232900.889326,24.305099487304688,50.0
1774232900.9662142,24.825888061523436,50.0
1774232901.0297444,24.48497619628906,50.0
1774232901.0904863,24.897930908203126,50.0
1774232901.1533427,24.076437377929686,50.0
1774232901.2154722,24.23065185546875,50.0
1774232901.2775106,24.161538696289064,50.0
1774232901.3399546,24.0807861328125,50.0
1774232901.4017582,23.967291259765624,50.0
1774232901.4645085,24.10301513671875,50.0
1774232901.526116,24.234234619140626,50.0
1774232901.5897303,24.162802124023436,50.0
1774232901.6500146,24.62256774902344,50.0
1774232901.7133422,24.236553955078126,50.0
1774232901.7734334,24.569747924804688,50.0
1774232901.838385,23.861880493164062,50.0
1774232901.9003623,24.02478942871094,50.0
1774232901.9635015,24.081008911132812,50.0
1774232902.0255973,24.329315185546875,50.0
1774232902.0875611,24.03941650390625,50.0
1774232902.1501567,23.907821655273438,50.0
1774232902.2142162,24.234686279296874,50.0
1774232902.2754676,24.288177490234375,50.0
1774232902.3381934,24.190338134765625,50.0
1774232902.4000862,24.13837890625,50.0
1774232902.4634032,24.129782104492186,50.0
1774232902.524965,24.22266845703125,50.0
1774232902.5884328,24.166262817382812,50.0
1774232902.6512573,23.955972290039064,50.0
1774232902.7153957,24.559869384765626,50.0
1774232902.7780972,24.002236938476564,50.0
1774232902.840257,24.130145263671874,50.0
1774232902.9028263,24.34333190917969,50.0
1774232902.9655607,24.493408203125,50.0
1774232903.0279129,24.0631591796875,50.0
1774232903.0897667,24.048928833007814,50.0
1774232903.1513104,24.17645263671875,50.0
1774232903.2154827,24.704696655273438,50.0
1774232903.2784374,24.389187622070313,50.0
1774232903.3405812,23.93897399902344,50.0
1774232903.4020352,24.349807739257812,50.0
1774232903.4649112,24.25029602050781,50.0
1774232903.5276253,23.832797241210937,50.0
1774232903.5908036,24.14777526855469,50.0
1774232903.6535852,24.139044189453124,50.0
1774232903.7175014,24.076617431640624,50.0
1774232903.7783117,24.299789428710938,50.0
1774232903.8401887,23.960739135742188,50.0
1774232903.903741,24.2371826171875,50.0
1774232903.9665396,24.176473999023436,50.0
1774232904.0288363,24.22391357421875,50.0
1774232904.0909336,24.051556396484376,50.0
1774232904.139068,24.225131225585937,50.0
1774232904.2012758,23.927902221679688,50.0
1774232904.2641754,24.23834228515625,50.0
1774232904.3268635,24.185052490234376,50.0
1774232904.3892827,24.23145751953125,50.0
1774232904.4520435,24.38756408691406,50.0
1774232904.515766,24.259661865234374,50.0
1774232904.5789042,24.41895751953125,50.0
1774232904.6402133,24.232403564453126,50.0
1774232904.7043602,24.2255126953125,50.0
1774232904.766798,24.3162841796875,50.0
1774232904.8286827,24.415603637695312,50.0
1774232904.8910785,24.291510009765624,50.0
1774232904.9525833,24.537600708007812,50.0
1774232905.0156388,24.189712524414062,50.0
1774232905.0774302,24.249627685546876,50.0
1774232905.1532762,24.396182250976562,50.0
1774232905.2157383,24.191043090820312,50.0
1774232905.2784076,24.44377746582031,50.0
1774232905.3409276,24.282168579101562,50.0
1774232905.402422,24.466583251953125,50.0
1774232905.4660826,24.33719482421875,50.0
1774232905.5293128,24.937887573242186,50.0
1774232905.5765178,24.553982543945313,50.0
1774232905.65393,24.58326110839844,50.0
1774232905.7156675,24.413043212890624,50.0
1774232905.7790942,24.539752197265624,50.0
1774232905.8412137,24.50715026855469,50.0
1774232905.9039638,24.4732666015625,50.0
1774232905.966557,24.424261474609374,50.0
1774232906.044432,24.31743469238281,50.0
1774232906.105085,24.304901123046875,50.0
1774232906.1661446,23.98896484375,50.0
1774232906.2282224,24.403439331054688,50.0
1774232906.291108,24.322787475585937,50.0
1774232906.3533404,24.460958862304686,50.0
1774232906.4159174,24.35401611328125,50.0
1774232906.4791796,24.998748779296875,50.0
1774232906.541402,24.442413330078125,50.0
1774232906.6034608,24.608563232421876,50.0
1774232906.6648934,24.45812072753906,50.0
1774232906.7276032,24.80667724609375,50.0
1774232906.789456,24.34123840332031,50.0
1774232906.8525271,24.202587890625,50.0
1774232906.9160047,24.45673522949219,50.0
1774232906.9784107,24.500454711914063,50.0
1774232907.040457,24.482113647460938,50.0
1774232907.1031647,24.47899475097656,50.0
1774232907.1654596,24.46788635253906,50.0
1774232907.22836,24.625973510742188,50.0
1774232907.290853,24.679104614257813,50.0
1774232907.353115,24.731781005859375,50.0
1774232907.414164,24.599676513671874,50.0
1774232907.478024,24.761822509765626,50.0
1774232907.5403626,24.61742248535156,50.0
1774232907.60188,24.25509033203125,50.0
1774232907.6644027,24.649935913085937,50.0
1774232907.7253017,24.17560729980469,50.0
1774232907.7889376,25.021466064453126,50.0
1774232907.8521326,24.660061645507813,50.0
1774232907.913627,25.222573852539064,50.0
1774232907.9746656,24.711392211914063,50.0
1774232908.0377371,24.92662353515625,50.0
1774232908.099644,24.740728759765624,50.0
1774232908.163517,24.938583374023438,50.0
1774232908.2272909,24.985208129882814,50.0
1774232908.291109,24.813323974609375,50.0
1774232908.3554053,24.6863037109375,50.0
1774232908.4174476,24.826785278320312,50.0
1774232908.478719,24.56446228027344,50.0
1774232908.5429807,24.768597412109376,50.0
1774232908.6052613,24.306219482421874,50.0
1774232908.6684299,24.611669921875,50.0
1774232908.7308733,24.450057983398438,50.0
1774232908.794329,24.586474609375,50.0
1774232908.8557587,24.707843017578124,50.0
1774232908.919098,24.784906005859376,50.0
1774232908.9808593,24.786898803710937,50.0
1774232909.0443015,24.495367431640624,50.0
1774232909.1067965,24.815609741210938,50.0
1774232909.1702049,24.68407287597656,50.0
1774232909.2179084,24.745523071289064,50.0
1774232909.2809727,24.704745483398437,50.0
1774232909.345203,24.711572265625,50.0
1774232909.408074,24.630792236328126,50.0
1774232909.4704192,24.754129028320314,50.0
1774232909.5331,25.051052856445313,50.0
1774232909.5957298,24.26160888671875,50.0
1774232909.6575778,24.714694213867187,50.0
1774232909.7202094,24.952865600585938,50.0
1774232909.7842834,24.575924682617188,50.0
1774232909.8452585,24.264923095703125,50.0
1774232909.9077966,24.538262939453126,50.0
1774232909.9708982,24.738888549804688,50.0
1774232910.033347,24.868817138671876,50.0
1774232910.0948524,24.739678955078126,50.0
1774232910.157614,25.10832824707031,50.0
1774232910.221195,24.839987182617186,50.0
1774232910.2819016,25.01402587890625,50.0
1774232910.3443837,24.9168701171875,50.0
1774232910.406827,24.979498291015624,50.0
1774232910.4686751,25.259951782226562,50.0
1774232910.5309236,25.134954833984374,50.0
1774232910.593131,24.917703247070314,50.0
1774232910.6571085,25.062313842773438,50.0
1774232910.718156,25.59193115234375,50.0
1774232910.7808828,25.360406494140626,50.0
1774232910.8451931,24.769097900390626,50.0
1774232910.9081526,25.03065185546875,50.0
1774232910.9693775,24.95105895996094,50.0
1774232911.0318491,25.049722290039064,50.0
1774232911.0944233,24.915118408203124,50.0
1774232911.1566234,25.048736572265625,50.0
1774232911.2180197,24.9526123046875,50.0
1774232911.28024,24.557745361328124,50.0
1774232911.342148,24.95032653808594,50.0
1774232911.4050105,24.949542236328124,50.0
1774232911.4676766,25.295074462890625,50.0
1774232911.5441072,24.98591003417969,50.0
1774232911.6076424,24.7966064453125,50.0
1774232911.6847644,25.0449951171875,50.0
1774232911.7478077,24.861782836914063,50.0
1774232911.824661,25.098626708984376,50.0
1774232911.888018,24.70732421875,50.0
1774232911.9502046,24.85328369140625,50.0
1774232912.0118058,24.948733520507812,50.0
1774232912.074427,24.876345825195312,50.0
1774232912.1368923,24.989120483398438,50.0
1774232912.19952,24.964398193359376,50.0
1774232912.2637372,24.989376831054688,50.0
1774232912.3249614,25.105621337890625,50.0
1774232912.3734992,24.703631591796874,50.0
1774232912.4506524,24.59688720703125,50.0
1774232912.5120754,25.336581420898437,50.0
1774232912.5755556,24.705401611328124,50.0
1774232912.6378722,24.7702392578125,50.0
1774232912.6995072,24.865118408203124,50.0
1774232912.761275,24.936419677734374,50.0
1774232912.8242512,24.995623779296874,50.0
1774232912.886697,24.918984985351564,50.0
1774232912.948957,25.00835266113281,50.0
1774232913.012028,25.28118896484375,50.0
1774232913.0736723,24.984930419921874,50.0
1774232913.135866,25.211343383789064,50.0
1774232913.199529,25.056475830078124,50.0
1774232913.261185,25.28077392578125,50.0
1774232913.324082,25.15082702636719,50.0
1774232913.3878877,24.944635009765626,50.0
1774232913.4485629,25.070025634765624,50.0
1774232913.5102103,25.259539794921874,50.0
1774232913.572595,25.137017822265626,50.0
1774232913.6337962,25.103982543945314,50.0
1774232913.6954322,25.163641357421874,50.0
1774232913.757744,24.975738525390625,50.0
1774232913.8209386,25.2010498046875,50.0
1774232913.8840199,25.081884765625,50.0
1774232913.9485083,24.990579223632814,50.0
1774232914.0110774,25.073388671875,50.0
1774232914.0732124,25.00043640136719,50.0
1774232914.1369472,25.237411499023438,50.0
1774232914.1985867,25.02696533203125,50.0
1774232914.2612405,25.123959350585938,50.0
1774232914.3230183,25.045547485351562,50.0
1774232914.3853157,25.1972412109375,50.0
1774232914.4465961,25.776406860351564,50.0
1774232914.5104861,25.370223999023438,50.0
1774232914.5718489,25.337265014648438,50.0
1774232914.634607,25.401632690429686,50.0
1774232914.6965451,25.087213134765626,50.0
1774232914.7609372,25.33521728515625,50.0
1774232914.8223424,24.866131591796876,50.0
1774232914.8851721,25.2955078125,50.0
1774232914.9483926,25.08161315917969,50.0
1774232915.0127273,25.103659057617186,50.0
1774232915.0756142,25.27628173828125,50.0
1774232915.1373088,25.791287231445313,50.0
1774232915.2002044,25.555352783203126,50.0
1774232915.2612765,25.204684448242187,50.0
1774232915.323882,25.342794799804686,50.0
1774232915.385304,25.49022216796875,50.0
1774232915.4494126,25.54462585449219,50.0
1774232915.5112438,25.421023559570312,50.0
1774232915.5745592,25.22059020996094,50.0
1774232915.6366127,25.385040283203125,50.0
1774232915.700077,25.471664428710938,50.0
1774232915.7612932,25.171524047851562,50.0
1774232915.8243294,25.123947143554688,50.0
1774232915.8862255,25.526763916015625,50.0
1774232915.9482985,24.940219116210937,50.0
1774232916.0111487,25.2493896484375,50.0
1774232916.074299,25.090591430664062,50.0
1774232916.1374414,25.055465698242188,50.0
1774232916.2000854,25.317010498046876,50.0
1774232916.2630026,25.114932250976562,50.0
1774232916.3251817,25.319094848632812,50.0
1774232916.3890903,25.367794799804688,50.0
1774232916.4531033,25.29207763671875,50.0
1774232916.5153418,25.87059326171875,50.0
1774232916.5791912,24.968695068359374,50.0
1774232916.640345,25.38057861328125,50.0
1774232916.703048,25.29580078125,50.0
1774232916.763325,25.45418701171875,50.0
1774232916.8405998,25.9341796875,50.0
1774232916.889442,25.59996337890625,50.0
1774232916.9523883,25.40601806640625,50.0
1774232917.013757,25.626980590820313,50.0
1774232917.0922153,25.47607421875,50.0
1774232917.1545227,25.55155029296875,50.0
1774232917.2173297,25.340875244140626,50.0
1774232917.2798603,25.390966796875,50.0
1774232917.342975,25.52784423828125,50.0
1774232917.4060414,25.309017944335938,50.0
1774232917.4685323,25.048583984375,50.0
1774232917.5308115,25.712741088867187,50.0
1774232917.5945358,25.620932006835936,50.0
1774232917.6566248,25.151510620117186,50.0
1774232917.7187734,25.17144775390625,50.0
1774232917.7807693,25.10120849609375,50.0
1774232917.842236,25.209295654296874,50.0
1774232917.906461,25.15355224609375,50.0
1774232917.9699075,25.217767333984376,50.0
1774232918.0312955,25.177029418945313,50.0
1774232918.093695,25.498550415039062,50.0
1774232918.156017,25.224993896484374,50.0
1774232918.219551,25.4703125,50.0
1774232918.2805772,25.820855712890626,50.0
1774232918.3423088,25.517059326171875,50.0
1774232918.4050732,25.613714599609374,50.0
1774232918.4668314,25.540753173828126,50.0
1774232918.5299194,25.63623962402344,50.0
1774232918.5933998,25.21529541015625,50.0
1774232918.65566,25.30093994140625,50.0
1774232918.7179525,25.409173583984376,50.0
1774232918.781056,25.413232421875,50.0
1774232918.8421593,25.386895751953126,50.0
1774232918.905506,25.43427734375,50.0
1774232918.9677045,25.441317749023437,50.0
1774232919.03126,25.28197326660156,50.0
1774232919.0944896,25.526510620117186,50.0
1774232919.1562648,25.232278442382814,50.0
1774232919.2177324,25.34443054199219,50.0
1774232919.2804818,25.7792236328125,50.0
1774232919.3417165,25.462985229492187,50.0
1774232919.419487,25.54859619140625,50.0
1774232919.4822156,25.4021484375,50.0
1774232919.5294979,25.603582763671874,50.0
1774232919.5931256,25.741030883789062,50.0
1774232919.6556203,25.904812622070313,50.0
1774232919.7171552,25.614117431640626,50.0
1774232919.7937648,25.709121704101562,50.0
1774232919.8578994,25.532058715820312,50.0
1774232919.920427,25.526666259765626,50.0
1774232919.9828532,25.852212524414064,50.0
1774232920.060451,25.43388671875,50.0
1774232920.121129,25.083978271484376,50.0
1774232920.1840184,26.162619018554686,50.0
1774232920.2325397,25.759420776367186,50.0
1774232920.2960315,25.758395385742187,50.0
1774232920.373009,25.36085205078125,50.0
1774232920.4344,26.044195556640624,50.0
1774232920.4977286,25.390261840820312,50.0
1774232920.5595374,25.611422729492187,50.0
1774232920.621348,25.5070556640625,50.0
1774232920.6844087,26.28516845703125,50.0
1774232920.7482774,25.889129638671875,50.0
1774232920.795733,26.181353759765624,50.0
1774232920.8577864,26.03424987792969,50.0
1774232920.9340723,25.748822021484376,50.0
1774232920.998244,25.790606689453124,50.0
1774232921.0592651,25.720745849609376,50.0
1774232921.121996,25.553265380859376,50.0
1774232921.1832736,25.62557373046875,50.0
1774232921.2448194,25.506594848632812,50.0
1774232921.307402,25.458438110351562,50.0
1774232921.3701587,25.992385864257812,50.0
1774232921.4330857,25.954055786132812,50.0
1774232921.4968889,25.4747802734375,50.0
1774232921.5605857,25.451983642578124,50.0
1774232921.6075559,25.504248046875,50.0
1774232921.6704853,25.47830810546875,50.0
1774232921.7336555,25.544406127929687,50.0
1774232921.7961173,25.449258422851564,50.0
1774232921.857969,25.7218017578125,50.0
1774232921.935037,25.41531982421875,50.0
1774232921.9978113,25.73584899902344,50.0
1774232922.0602038,25.877175903320314,50.0
1774232922.1065276,25.4837646484375,50.0
1774232922.16927,25.67994079589844,50.0
1774232922.2331991,25.706484985351562,50.0
1774232922.2968152,25.706704711914064,50.0
1774232922.357993,25.7470703125,50.0
1774232922.4194136,25.334487915039062,50.0
1774232922.4854908,25.581378173828124,50.0
1774232922.7010705,25.723516845703124,50.0
1774232922.753911,25.862655639648438,50.0
1774232922.8337781,25.653720092773437,50.0
1774232922.8902383,25.505758666992186,50.0
1774232922.930967,25.76758728027344,50.0
1774232923.0009003,25.957394409179688,50.0
1774232923.0630403,25.9515380859375,50.0
1774232923.2823007,25.826748657226563,50.0
1774232923.362185,26.1345458984375,50.0
1774232923.4208338,25.865023803710937,50.0
1774232923.4869616,26.057620239257812,50.0
1774232923.5474555,25.976730346679688,50.0
1774232923.611139,26.02818603515625,50.0
1774232923.6712723,25.793292236328124,50.0
1774232923.7325256,25.70413818359375,50.0
1774232923.8022382,25.801364135742187,50.0
1774232923.8608088,25.7452392578125,50.0
1774232923.923893,25.808203125,50.0
1774232923.9870253,25.814431762695314,50.0
1774232924.0561209,25.823159790039064,50.0
1774232924.120176,25.743246459960936,50.0
1774232924.3066008,25.434353637695313,50.0
1774232924.3709745,25.837896728515624,50.0
1774232924.436393,25.583883666992186,50.0
1774232924.4999547,25.659735107421874,50.0
1774232924.566554,25.95521240234375,50.0
1774232924.6308825,25.778903198242187,50.0
1774232924.7011611,25.66877136230469,50.0
1774232924.7411804,25.68055114746094,50.0
1774232924.816777,25.552301025390626,50.0
1774232924.8809597,25.79114990234375,50.0
1774232924.9442236,25.617050170898438,50.0
1774232925.0009885,25.707330322265626,50.0
1774232925.0513217,25.754327392578126,50.0
1774232925.1112876,25.758380126953124,50.0
1774232925.1811376,25.509335327148438,50.0
1774232925.250832,25.642929077148438,50.0
1774232925.3200758,25.680938720703125,50.0
1774232925.3708012,25.2641357421875,50.0
1774232925.4329398,25.401873779296874,50.0
1774232925.5034304,25.529580688476564,50.0
1774232925.5711236,25.875433349609374,50.0
1774232925.630923,25.46708984375,50.0
1774232925.6940565,25.84093017578125,50.0
1774232925.742492,25.926742553710938,50.0
1774232925.8058856,25.9852294921875,50.0
1774232925.870847,26.083035278320313,50.0
1774232925.932465,25.35260925292969,50.0
1774232926.0009136,25.852871704101563,50.0
1774232926.060949,26.609237670898438,50.0
1774232926.111162,26.292324829101563,50.0
1774232926.1735425,26.29896240234375,50.0
1774232926.2337708,26.135702514648436,50.0
1774232926.3011944,26.11139831542969,50.0
1774232926.3711426,26.359805297851562,50.0
1774232926.4309733,26.105014038085937,50.0
1774232926.5011227,26.163632202148438,50.0
1774232926.563188,25.890277099609374,50.0
1774232926.6211002,25.83687744140625,50.0
1774232926.671062,25.981704711914062,50.0
1774232926.7400835,25.64989013671875,50.0
1774232926.8010209,25.89630126953125,50.0
1774232926.8610725,25.943792724609374,50.0
1774232926.9402287,25.652371215820313,50.0
1774232927.0013077,25.929122924804688,50.0
1774232927.0609012,25.62053527832031,50.0
1774232927.1312683,25.89678039550781,50.0
1774232927.2026944,25.8839111328125,50.0
1774232927.422293,25.867593383789064,50.0
1774232927.5052798,25.99720153808594,50.0
1774232927.5730329,26.212319946289064,50.0
1774232927.635984,25.585699462890624,50.0
1774232927.696499,25.941159057617188,50.0
1774232927.7609148,26.06633605957031,50.0
1774232927.8121536,25.90997314453125,50.0
1774232927.8812318,25.946823120117188,50.0
1774232927.941145,25.674090576171874,50.0
1774232928.0112302,26.009228515625,50.0
1774232928.0727203,26.00145263671875,50.0
1774232928.1333165,26.105874633789064,50.0
1774232928.1970673,25.89356689453125,50.0
1774232928.2613204,26.006655883789062,50.0
1774232928.321426,26.004885864257812,50.0
1774232928.382745,26.002505493164062,50.0
1774232928.452555,25.72703857421875,50.0
1774232928.5126114,25.683929443359375,50.0
1774232928.5761817,25.876336669921876,50.0
1774232928.6335576,25.84609375,50.0
1774232928.7032332,25.870074462890624,50.0
1774232928.7704964,25.8807861328125,50.0
1774232928.8310304,26.02192077636719,50.0
1774232928.8934836,26.402938842773438,50.0
1774232928.9606476,26.371478271484374,50.0
1774232929.02108,26.15938720703125,50.0
1774232929.081032,26.22213134765625,50.0
1774232929.1432967,25.961126708984374,50.0
1774232929.1931024,26.1465087890625,50.0
1774232929.251087,26.12542724609375,50.0
1774232929.3210812,26.426153564453124,50.0
1774232929.3884287,26.027215576171876,50.0
1774232929.4526515,25.877349853515625,50.0
1774232929.5135217,26.220181274414063,50.0
1774232929.5711234,26.187823486328124,50.0
1774232929.6400406,26.12891540527344,50.0
1774232929.7064688,25.947802734375,50.0
1774232929.850947,25.828939819335936,50.0
1774232929.9326744,25.79560241699219,50.0
1774232930.002567,26.006881713867188,50.0
1774232930.0737677,25.981295776367187,50.0
1774232930.288907,25.896090698242187,50.0
1774232930.3743734,25.604595947265626,50.0
1774232930.4372168,26.3068115234375,50.0
1774232930.4992087,26.353207397460938,50.0
1774232930.5634484,26.098187255859376,50.0
1774232930.629982,26.30604248046875,50.0
1774232930.690354,26.317770385742186,50.0
1774232930.7511158,26.157244873046874,50.0
1774232930.8210628,26.15009460449219,50.0
1774232930.8739452,26.341693115234374,50.0
1774232930.9411902,25.91265869140625,50.0
1774232931.004564,26.120773315429688,50.0
1774232931.25654,26.39629211425781,50.0
1774232931.3283632,26.001824951171876,50.0
1774232931.401963,25.897488403320313,50.0
1774232931.4543076,26.165939331054688,50.0
1774232931.5240462,26.259698486328126,50.0
1774232931.570859,26.133456420898437,50.0
1774232931.644143,25.88642272949219,50.0
1774232931.7178824,26.088546752929688,50.0
1774232931.772567,26.034002685546874,50.0
1774232931.843395,26.191217041015626,50.0
1774232931.8911023,25.974533081054688,50.0
1774232932.0709522,26.591595458984376,50.0
1774232932.1291494,26.479019165039062,50.0
1774232932.1975822,26.281149291992186,50.0
1774232932.259549,26.363461303710938,50.0
1774232932.3282292,26.362716674804688,50.0
1774232932.3778954,26.299514770507812,50.0
1774232932.4430866,26.101593017578125,50.0
1774232932.5012648,26.289627075195312,50.0
1774232932.574499,26.1541748046875,50.0
1774232932.6411166,26.246331787109376,50.0
1774232932.7022517,26.14169921875,50.0
1774232932.7635229,26.330789184570314,50.0
1774232932.8210857,26.072628784179688,50.0
1774232932.8935566,26.25208740234375,50.0
1774232932.95272,25.8810302734375,50.0
1774232933.0310628,25.938922119140624,50.0
1774232933.0928297,26.045770263671876,50.0
1774232933.3345087,26.121282958984374,50.0
1774232933.397902,25.879254150390626,50.0
1774232933.4519176,25.957965087890624,50.0
1774232933.5337439,26.19361267089844,50.0
1774232933.5857923,26.418426513671875,50.0
1774232933.6482584,26.337893676757812,50.0
1774232933.7011638,26.414974975585938,50.0
1774232933.780427,26.497918701171876,50.0
1774232933.8331404,26.220574951171876,50.0
1774232933.9102323,26.413531494140624,50.0
1774232933.9612162,26.277099609375,50.0
1774232934.0193715,26.404742431640624,50.0
1774232934.10471,26.282623291015625,50.0
1774232934.1629303,26.314242553710937,50.0
1774232934.218704,26.49122009277344,50.0
1774232934.2767818,26.047683715820312,50.0
1774232934.335814,26.749923706054688,50.0
1774232934.5352473,26.294955444335937,50.0
1774232934.591809,26.2984619140625,50.0
1774232934.655755,26.312130737304688,50.0
1774232934.7123303,26.228793334960937,50.0
1774232934.7934365,25.946893310546876,50.0
1774232934.8451285,26.139645385742188,50.0
1774232934.8971074,26.100997924804688,50.0
1774232934.9657354,25.879177856445313,50.0
1774232935.0411205,26.037033081054688,50.0
1774232935.1083016,26.148886108398436,50.0
1774232935.161002,26.149188232421874,50.0
1774232935.2209852,25.962612915039063,50.0
1774232935.281011,25.895126342773438,50.0
1774232935.34375,26.344000244140624,50.0
1774232935.4049613,26.156109619140626,50.0
1774232935.481175,25.703628540039062,50.0
1774232935.5330102,26.021823120117187,50.0
1774232935.5909555,26.2076416015625,50.0
1774232935.659906,26.35401611328125,50.0
1774232935.7131617,26.190277099609375,50.0
1774232935.797485,26.18812255859375,50.0
1774232935.8512695,25.835208129882812,50.0
1774232935.9119115,26.199432373046875,50.0
1774232935.9688115,26.288055419921875,50.0
1774232936.0429819,26.106338500976562,50.0
1774232936.0909822,26.096371459960938,50.0
1774232936.1532547,26.156732177734376,50.0
1774232936.2129114,26.349127197265624,50.0
1774232936.2746277,26.20489501953125,50.0
1774232936.3311381,26.17272033691406,50.0
1774232936.4128847,26.324786376953124,50.0
1774232936.4674473,26.198507690429686,50.0
1774232936.520937,26.382513427734374,50.0
1774232936.7653406,26.211248779296874,50.0
1774232936.8328447,26.289474487304688,50.0
1774232936.9075286,26.51262512207031,50.0
1774232936.9730167,26.132406616210936,50.0
1774232937.030403,26.245425415039062,50.0
1774232937.106566,26.23343505859375,50.0
1774232937.1527138,26.29666748046875,50.0
1774232937.2308586,26.184451293945312,50.0
1774232937.2811596,25.801925659179688,50.0
1774232937.3231208,26.360723876953124,50.0
1774232937.3912714,26.404257202148436,50.0
1774232937.4712899,26.470648193359374,50.0
1774232937.5225654,26.351419067382814,50.0
1774232937.5925343,26.397476196289062,50.0
1774232937.6560745,26.451898193359376,50.0
1774232937.7137024,26.534255981445312,50.0
1774232937.7832613,26.43204345703125,50.0
1774232937.8477201,26.724899291992188,50.0
1774232937.9108906,26.433206176757814,50.0
1774232938.0010939,26.342816162109376,50.0
1774232938.0412621,26.01876220703125,50.0
1774232938.090921,26.937542724609376,50.0
1774232938.1412446,26.449639892578126,50.0
1774232938.2024508,26.431512451171876,50.0
1774232938.2688768,26.379983520507814,50.0
1774232938.3309555,26.107955932617188,50.0
1774232938.3930418,26.636001586914062,50.0
1774232938.4692085,26.87030029296875,50.0
1774232938.5227106,26.48932800292969,50.0
1774232938.5809631,26.442095947265624,50.0
1774232938.6509848,26.415939331054688,50.0
1774232938.7128732,26.86662902832031,50.0
1774232938.7825358,26.54605712890625,50.0
1774232938.8501673,26.43714599609375,50.0
1774232938.9012535,26.477352905273438,50.0
1774232938.9612596,26.77371826171875,50.0
1774232939.021164,26.052853393554688,50.0
1774232939.082216,26.571075439453125,50.0
1774232939.1411824,26.709210205078126,50.0
1774232939.2111554,26.614215087890624,50.0
1774232939.278371,27.05779113769531,50.0
1774232939.3308887,26.583206176757812,50.0
1774232939.3912559,26.67041931152344,50.0
1774232939.452773,26.618307495117186,50.0
1774232939.5178623,26.452670288085937,50.0
1774232939.5881064,26.54973449707031,50.0
1774232939.6512067,26.28975830078125,50.0
1774232939.7130282,26.558282470703126,50.0
1774232939.7712429,26.35997619628906,50.0
1774232939.8309898,26.59667053222656,50.0
1774232939.896579,26.65926513671875,50.0
1774232939.9634986,26.388739013671874,50.0
1774232940.0209947,26.645181274414064,50.0
1774232940.0866985,26.667230224609376,50.0
1774232940.140867,26.548983764648437,50.0
1774232940.2010033,26.15777587890625,50.0
1774232940.2770884,26.5861328125,50.0
1774232940.3410418,26.119369506835938,50.0
1774232940.403188,26.288385009765626,50.0
1774232940.4612148,26.615206909179687,50.0
1774232940.531318,26.04546203613281,50.0
1774232940.5944812,26.56255187988281,50.0
1774232940.6509364,26.564361572265625,50.0
1774232940.7130058,26.394342041015626,50.0
1774232940.772761,26.503106689453126,50.0
1774232940.840044,26.084530639648438,50.0
1774232940.9012322,26.394171142578124,50.0
1774232940.9626396,26.4716552734375,50.0
1774232941.0208817,26.356076049804688,50.0
1774232941.0859756,26.218670654296876,50.0
1774232941.1511605,26.423345947265624,50.0
1774232941.2109697,26.89891662597656,50.0
1774232941.2812588,26.231353759765625,50.0
1774232941.3381257,26.3414794921875,50.0
1774232941.395989,26.119189453125,50.0
1774232941.4609303,26.523211669921874,50.0
1774232941.51763,26.979400634765625,50.0
1774232941.5841157,26.282351684570312,50.0
1774232941.6409068,26.44904479980469,50.0
1774232941.7009466,26.529452514648437,50.0
1774232941.7662997,26.273114013671876,50.0
1774232941.8408327,26.574325561523438,50.0
1774232941.905283,26.589910888671874,50.0
1774232941.9628572,26.686318969726564,50.0
1774232942.0210102,26.683975219726562,50.0
1774232942.0830424,26.632135009765626,50.0
1774232942.1502411,26.639529418945312,50.0
1774232942.2100985,26.66333923339844,50.0
1774232942.2750278,26.671786499023437,50.0
1774232942.3340087,26.5634765625,50.0
1774232942.40023,26.55553283691406,50.0
1774232942.461227,26.754888916015624,50.0
1774232942.531072,26.60758056640625,50.0
1774232942.5986354,26.5363525390625,50.0
1774232942.6602054,26.627279663085936,50.0
1774232942.7208648,26.7418212890625,50.0
1774232942.7711933,26.52867431640625,50.0
1774232942.830977,26.60401306152344,50.0
1774232943.0322866,26.8795166015625,50.0
1774232943.081184,26.739913940429688,50.0
1774232943.1512594,27.38006591796875,50.0
1774232943.221263,26.86689147949219,50.0
1774232943.2832382,27.0577392578125,50.0
1774232943.343283,27.140652465820313,50.0
1774232943.4028678,26.902993774414064,50.0
1774232943.461023,26.963616943359376,50.0
1774232943.5252235,26.78673095703125,50.0
1774232943.591255,26.776937866210936,50.0
1774232943.6522112,26.839556884765624,50.0
1774232943.7109993,26.75743713378906,50.0
1774232943.7726083,26.704168701171874,50.0
1774232943.831224,26.68333740234375,50.0
1774232943.893228,26.681195068359376,50.0
1774232943.9534805,26.148565673828124,50.0
1774232944.0170128,26.423077392578126,50.0
1774232944.0808864,27.059548950195314,50.0
1774232944.1441884,26.616494750976564,50.0
1774232944.201116,26.609869384765624,50.0
1774232944.263065,26.834988403320313,50.0
1774232944.3343163,26.969540405273438,50.0
1774232944.4053524,26.65074768066406,50.0
1774232944.4702919,26.677914428710938,50.0
1774232944.5313833,26.1834228515625,50.0
1774232944.5910041,26.375811767578124,50.0
1774232944.6528497,26.4239013671875,50.0
1774232944.7108176,26.47940673828125,50.0
1774232944.7838306,26.711578369140625,50.0
1774232944.8422742,26.587405395507812,50.0
1774232944.9126482,26.533389282226562,50.0
1774232944.971096,26.765609741210938,50.0
1774232945.041104,26.7174560546875,50.0
1774232945.0864656,26.714691162109375,50.0
1774232945.332744,26.733038330078124,50.0
1774232945.3908198,26.3922119140625,50.0
1774232945.461027,27.314901733398436,50.0
1774232945.5212631,26.672064208984374,50.0
1774232945.5955389,26.780911254882813,50.0
1774232945.6608922,26.912783813476562,50.0
1774232945.7228878,26.831436157226562,50.0
1774232945.7861445,26.847454833984376,50.0
1774232945.8510463,26.823526000976564,50.0
1774232945.9126685,26.925949096679688,50.0
1774232945.9610593,27.028347778320313,50.0
1774232946.0246377,27.2403076171875,50.0
1774232946.0901651,26.89824523925781,50.0
1774232946.1569664,26.964483642578124,50.0
1774232946.2147102,26.8312744140625,50.0
1774232946.2711906,26.810260009765624,50.0
1774232946.3527844,26.900244140625,50.0
1774232946.4001267,26.81993408203125,50.0
1774232946.4808164,26.722576904296876,50.0
1774232946.5208538,26.522323608398438,50.0
1774232946.5934603,26.576925659179686,50.0
1774232946.6534996,26.625546264648438,50.0
1774232946.714534,26.12364807128906,50.0
1774232946.776958,27.297531127929688,50.0
1774232946.8400204,26.73017578125,50.0
1774232946.9023387,26.672036743164064,50.0
1774232946.961312,26.998046875,50.0
1774232947.023793,26.644686889648437,50.0
1774232947.0813582,26.68677978515625,50.0
1774232947.1509748,26.53174743652344,50.0
1774232947.213757,26.798846435546874,50.0
1774232947.2712035,27.13330078125,50.0
1774232947.33105,26.710165405273436,50.0
1774232947.4009957,26.743099975585938,50.0
1774232947.4627845,26.825042724609375,50.0
1774232947.5209022,26.71617431640625,50.0
1774232947.5952215,26.78486022949219,50.0
1774232947.6583772,26.579623413085937,50.0
1774232947.7211246,26.7016357421875,50.0
1774232947.776914,26.429443359375,50.0
1774232947.8509893,26.19542236328125,50.0
1774232947.9027996,26.307110595703126,50.0
1774232947.9713094,27.07890625,50.0
1774232948.0234995,26.642922973632814,50.0
1774232948.085965,26.596292114257814,50.0
1774232948.150774,26.96187744140625,50.0
1774232948.221217,26.5039306640625,50.0
1774232948.2728932,26.696954345703126,50.0
1774232948.3311918,26.55750732421875,50.0
1774232948.4028773,26.914266967773436,50.0
1774232948.4711435,27.121762084960938,50.0
1774232948.5313098,27.002236938476564,50.0
1774232948.5909755,26.813616943359374,50.0
1774232948.6524513,26.867086791992186,50.0
1774232948.72088,27.433023071289064,50.0
1774232948.7835624,26.6558837890625,50.0
1774232948.8477902,26.463031005859374,50.0
1774232948.9100306,26.73645935058594,50.0
1774232948.9726682,26.690240478515626,50.0
1774232949.0310204,26.855670166015624,50.0
1774232949.080257,26.713137817382812,50.0
1774232949.141023,26.80950927734375,50.0
1774232949.210264,26.882861328125,50.0
1774232949.2722034,26.843264770507812,50.0
1774232949.341078,26.81116638183594,50.0
1774232949.412324,26.899197387695313,50.0
1774232949.4600713,26.835009765625,50.0
1774232949.533143,26.95390930175781,50.0
1774232949.5929067,26.401583862304687,50.0
1774232949.6612394,26.92637939453125,50.0
1774232949.7211246,26.317092895507812,50.0
1774232949.7830405,26.77164306640625,50.0
1774232949.8444092,26.5123291015625,50.0
1774232949.9100795,26.61649169921875,50.0
1774232949.9811614,26.737646484375,50.0
1774232950.0224605,26.8306640625,50.0
1774232950.0927913,27.148721313476564,50.0
1774232950.1409469,26.889486694335936,50.0
1774232950.203787,27.069296264648436,50.0
1774232950.272733,26.506204223632814,50.0
1774232950.3309038,26.806625366210938,50.0
1774232950.4029126,26.6647705078125,50.0
1774232950.4661689,26.728610229492187,50.0
1774232950.521354,26.840570068359376,50.0
1774232950.5965674,26.727825927734376,50.0
1774232950.6612709,26.68079528808594,50.0
1774232950.712835,26.632205200195312,50.0
1774232950.7718925,26.697412109375,50.0
1774232950.8409758,26.764767456054688,50.0
1774232950.902843,26.57184753417969,50.0
1774232950.962121,26.379067993164064,50.0
1774232951.030454,26.792779541015626,50.0
1774232951.0908375,26.683782958984374,50.0
1774232951.151125,26.61920166015625,50.0
1774232951.2109282,26.878265380859375,50.0
1774232951.2724776,26.845709228515624,50.0
1774232951.3512695,26.293502807617188,50.0
1774232951.4131782,26.625521850585937,50.0
1774232951.4748058,26.712744140625,50.0
1774232951.5412025,26.507073974609376,50.0
1774232951.5910695,26.440347290039064,50.0
1774232951.6426663,26.77283630371094,50.0
1774232951.7107732,26.634716796875,50.0
1774232951.7709396,27.009771728515624,50.0
1774232952.0161955,26.84571228027344,50.0
1774232952.0849733,26.86577453613281,50.0
1774232952.171008,26.87452087402344,50.0
1774232952.2223005,26.808868408203125,50.0
1774232952.2911677,26.782485961914062,50.0
1774232952.342909,26.57502136230469,50.0
1774232952.4008067,26.820681762695312,50.0
1774232952.4712908,26.72980651855469,50.0
1774232952.5233378,26.809609985351564,50.0
1774232952.5912557,26.755221557617187,50.0
1774232952.6513562,26.824124145507813,50.0
1774232952.720161,27.57943115234375,50.0
1774232952.7808251,26.92825927734375,50.0
1774232952.8412278,27.158636474609374,50.0
1774232952.902898,27.169027709960936,50.0
1774232952.9679837,27.137429809570314,50.0
1774232953.03096,27.077740478515626,50.0
1774232953.0942664,27.25667724609375,50.0
1774232953.1580975,27.166265869140624,50.0
1774232953.2112832,27.084344482421876,50.0
1774232953.2929661,26.843362426757814,50.0
1774232953.3427927,27.00837097167969,50.0
1774232953.390783,26.941424560546874,50.0
1774232953.4535217,27.068011474609374,50.0
1774232953.5108,26.9452392578125,50.0
1774232953.5807698,26.843060302734376,50.0
1774232953.6425025,27.624688720703126,50.0
1774232953.7103493,26.782672119140624,50.0
1774232953.7713284,27.221273803710936,50.0
1774232953.8451307,26.971023559570312,50.0
1774232953.9069045,27.04398193359375,50.0
1774232953.9625976,27.199813842773438,50.0
1774232954.0312061,26.540087890625,50.0
1774232954.0928826,26.86852111816406,50.0
1774232954.1608384,27.072726440429687,50.0
1774232954.2210112,26.857781982421876,50.0
1774232954.2874446,26.818817138671875,50.0
1774232954.3510287,27.156906127929688,50.0
1774232954.4158201,26.318621826171874,50.0
1774232954.4808605,26.937942504882812,50.0
1774232954.5240996,26.79652099609375,50.0
1774232954.5830395,26.921170043945313,50.0
1774232954.6430664,26.549472045898437,50.0
1774232954.7127762,26.90126953125,50.0
1774232954.7762737,26.625991821289062,50.0
1774232954.8411899,27.536831665039063,50.0
1774232954.9010289,27.003677368164062,50.0
1774232954.963735,27.169027709960936,50.0
1774232955.020957,26.939019775390626,50.0
1774232955.2212243,26.997369384765626,50.0
1774232955.296581,27.06793212890625,50.0
1774232955.351158,27.13154296875,50.0
1774232955.4127495,26.842449951171876,50.0
1774232955.4610267,26.906112670898438,50.0
1774232955.524725,27.1144287109375,50.0
1774232955.5875,27.027444458007814,50.0
1774232955.6512609,27.09957275390625,50.0
1774232955.7010694,26.62281188964844,50.0
1774232955.7842276,26.922689819335936,50.0
1774232955.832955,26.997161865234375,50.0
1774232955.900034,26.77359619140625,50.0
1774232955.964178,26.848321533203126,50.0
1774232956.0343559,27.034588623046876,50.0
1774232956.079962,26.838433837890626,50.0
1774232956.1470802,26.98594970703125,50.0
1774232956.2127092,26.957675170898437,50.0
1774232956.2712936,27.590704345703124,50.0
1774232956.3411283,27.19090576171875,50.0
1774232956.3908741,27.292703247070314,50.0
1774232956.4624598,27.112692260742186,50.0
1774232956.5267925,27.214273071289064,50.0
1774232956.5850182,26.8792724609375,50.0
1774232956.651257,27.022219848632812,50.0
1774232956.7173665,26.753619384765624,50.0
1774232956.7854362,26.812615966796876,50.0
1774232956.8466885,26.653103637695313,50.0
1774232956.9112628,26.84552001953125,50.0
1774232956.9710584,26.914239501953126,50.0
1774232957.0342197,26.311282348632812,50.0
1774232957.0860112,27.1712646484375,50.0
1774232957.151193,26.840570068359376,50.0
1774232957.2142203,26.938504028320313,50.0
1774232957.28275,26.668923950195314,50.0
1774232957.3571343,26.922787475585938,50.0
1774232957.401326,26.964154052734376,50.0
1774232957.4609253,27.34624328613281,50.0
1774232957.5228002,26.94416198730469,50.0
1774232957.6009798,26.737725830078126,50.0
1774232957.662884,27.40357666015625,50.0
1774232957.7231376,26.822747802734376,50.0
1774232957.7863932,26.943280029296876,50.0
1774232957.8502467,26.754226684570312,50.0
1774232957.8929129,27.091043090820314,50.0
1774232957.9632092,27.060061645507812,50.0
1774232958.0247633,26.894625854492187,50.0
1774232958.0908546,27.0362060546875,50.0
1774232958.1420753,27.000909423828126,50.0
1774232958.2164004,27.21851806640625,50.0
1774232958.2708333,27.160601806640624,50.0
1774232958.3327584,27.0404541015625,50.0
1774232958.4024885,26.962625122070314,50.0
1774232958.4713888,27.04864501953125,50.0
1774232958.5357997,27.103848266601563,50.0
1774232958.5912302,27.069912719726563,50.0
1774232958.6623688,26.91840515136719,50.0
1774232958.7347002,27.236050415039063,50.0
1774232958.781102,26.960330200195312,50.0
1774232958.8312047,27.194384765625,50.0
1774232958.9010851,27.13471374511719,50.0
1774232959.1023479,27.325466918945313,50.0
1774232959.151871,27.220184326171875,50.0
1774232959.2156708,26.86031494140625,50.0
1774232959.2681634,27.01873779296875,50.0
1774232959.3354113,27.033953857421874,50.0
1774232959.4055736,26.958462524414063,50.0
1774232959.4728768,26.614480590820314,50.0
1774232959.5209653,27.01032409667969,50.0
1774232959.5828636,26.87848815917969,50.0
1774232959.6409662,27.804855346679688,50.0
1774232959.7109323,27.083306884765626,50.0
1774232959.7810156,26.99634704589844,50.0
1774232959.8423898,27.075381469726562,50.0
1774232959.890971,27.16004333496094,50.0
1774232959.9529228,27.070455932617186,50.0
1774232960.2237632,26.866033935546874,50.0
1774232960.2825003,26.911529541015625,50.0
1774232960.3412979,26.933187866210936,50.0
1774232960.4128888,27.001113891601562,50.0
1774232960.460315,26.612631225585936,50.0
1774232960.5237417,26.964663696289062,50.0
1774232960.587677,26.7362548828125,50.0
1774232960.653618,26.6469482421875,50.0
1774232960.7145581,26.735140991210937,50.0
1774232960.7811496,26.9321533203125,50.0
1774232960.8425841,26.775588989257812,50.0
1774232960.9014218,26.929153442382812,50.0
1774232960.960942,27.050439453125,50.0
1774232961.0331078,27.3864013671875,50.0
1774232961.0927377,27.117584228515625,50.0
1774232961.1668642,26.885955810546875,50.0
1774232961.3708272,27.294741821289062,50.0
1774232961.4113672,27.208950805664063,50.0
1774232961.4812086,27.416485595703126,50.0
1774232961.5330374,27.1302490234375,50.0
1774232961.5812786,27.780682373046876,50.0
1774232961.6496704,27.305923461914062,50.0
1774232961.716092,27.33971252441406,50.0
1774232961.7762487,27.175680541992186,50.0
1774232961.850997,27.01431884765625,50.0
1774232961.9019625,27.505123901367188,50.0
1774232961.9654677,27.11699523925781,50.0
1774232962.031175,26.940655517578126,50.0
1774232962.1004188,27.25694580078125,50.0
1774232962.162645,27.06949462890625,50.0
1774232962.2188299,27.105532836914062,50.0
1774232962.2828245,27.071807861328125,50.0
1774232962.3411112,27.313958740234376,50.0
1774232962.4049568,27.080474853515625,50.0
1774232962.4742856,27.110134887695313,50.0
1774232962.5324683,27.049417114257814,50.0
1774232962.582541,26.798117065429686,50.0
1774232962.6527262,26.964556884765624,50.0
1774232962.722534,26.894537353515624,50.0
1774232962.7702148,27.07764587402344,50.0
1774232962.8302395,27.04293212890625,50.0
1774232962.893408,27.040444946289064,50.0
1774232962.9608877,27.225930786132814,50.0
1774232963.022438,27.129205322265626,50.0
1774232963.0808926,27.24797668457031,50.0
1774232963.1510346,27.839202880859375,50.0
1774232963.212639,27.266574096679687,50.0
1774232963.2844725,27.5136962890625,50.0
1774232963.351126,27.59951171875,50.0
1774232963.4124718,27.32404479980469,50.0
1774232963.466886,27.59552001953125,50.0
1774232963.512452,27.165792846679686,50.0
1774232963.5722308,26.697879028320312,50.0
1774232963.6408894,27.162445068359375,50.0
1774232963.7100182,27.06279602050781,50.0
1774232963.7710555,27.29932556152344,50.0
1774232963.8341572,27.155859375,50.0
1774232963.901235,27.69621887207031,50.0
1774232963.972624,27.101043701171875,50.0
1774232964.0308852,27.326742553710936,50.0
1774232964.080937,27.188681030273436,50.0
1774232964.141295,27.16241455078125,50.0
1774232964.2109427,26.940762329101563,50.0
1774232964.274716,27.334326171875,50.0
1774232964.340977,27.097439575195313,50.0
1774232964.4010036,27.496731567382813,50.0
1774232964.471112,27.194686889648438,50.0
1774232964.5209825,27.14376220703125,50.0
1774232964.5958204,27.201907348632812,50.0
1774232964.6431365,26.77698669433594,50.0
1774232964.7200947,27.235385131835937,50.0
1774232964.7828436,27.741293334960936,50.0
1774232964.8526227,27.154400634765626,50.0
1774232964.9110222,27.446405029296876,50.0
1774232964.9742231,27.95289001464844,50.0
1774232965.0366564,27.554055786132814,50.0
1774232965.1028314,27.453268432617186,50.0
1774232965.148314,27.475527954101562,50.0
1774232965.2118416,27.365884399414064,50.0
1774232965.2725608,26.929660034179687,50.0
1774232965.3313286,26.935238647460938,50.0
1774232965.401337,27.241192626953126,50.0
1774232965.4511473,26.938897705078126,50.0
1774232965.5202324,27.051840209960936,50.0
1774232965.5812607,27.111117553710937,50.0
1774232965.660906,26.92763671875,50.0
1774232965.7130766,27.197445678710938,50.0
1774232965.7773564,27.104913330078126,50.0
1774232965.8412066,27.062594604492187,50.0
1774232965.9140131,27.132110595703125,50.0
1774232965.9610972,27.200851440429688,50.0
1774232966.030891,26.77403869628906,50.0
1774232966.090963,26.920266723632814,50.0
1774232966.1525407,27.026535034179688,50.0
1774232966.2160919,27.221151733398436,50.0
1774232966.2808182,27.075238037109376,50.0
1774232966.3311994,26.98236083984375,50.0
1774232966.4013522,27.046267700195312,50.0
1774232966.4724178,27.091470336914064,50.0
1774232966.5311506,26.885604858398438,50.0
1774232966.5850985,27.119696044921874,50.0
1774232966.6512325,27.03778076171875,50.0
1774232966.7129111,27.098040771484374,50.0
1774232966.7749562,27.03333740234375,50.0
1774232967.0209515,26.905563354492188,50.0
1774232967.0993211,27.35533447265625,50.0
1774232967.1534154,26.824798583984375,50.0
1774232967.2250226,27.06432189941406,50.0
1774232967.2751846,26.472738647460936,50.0
1774232967.3336818,26.948141479492186,50.0
1774232967.40295,27.3125732421875,50.0
1774232967.4601808,27.46590576171875,50.0
1774232967.5239558,27.209622192382813,50.0
1774232967.5932992,27.68857421875,50.0
1774232967.6510873,27.383575439453125,50.0
1774232967.714301,27.4912841796875,50.0
1774232967.9163828,27.363949584960938,50.0
1774232967.9646897,27.356622314453126,50.0
1774232968.0271778,27.273883056640624,50.0
1774232968.0917654,27.119906616210937,50.0
1774232968.1609285,27.118389892578126,50.0
1774232968.2229054,27.178219604492188,50.0
1774232968.281131,27.52115478515625,50.0
1774232968.3435876,27.29091796875,50.0
1774232968.398739,27.3324951171875,50.0
1774232968.461298,27.290573120117188,50.0
1774232968.5229867,27.20904541015625,50.0
1774232968.5812583,27.311444091796876,50.0
1774232968.6508613,27.38782958984375,50.0
1774232968.7229066,27.339279174804688,50.0
1774232968.8027961,27.980987548828125,50.0
1774232968.8504126,27.451919555664062,50.0
1774232968.9009814,27.15015563964844,50.0
1774232968.951189,27.234292602539064,50.0
1774232969.021259,26.967263793945314,50.0
1774232969.0904763,27.320291137695314,50.0
1774232969.1510303,27.045028686523438,50.0
1774232969.2109952,27.04712829589844,50.0
1774232969.280032,27.505889892578125,50.0
1774232969.3461285,27.254757690429688,50.0
1774232969.4103315,27.182421875,50.0
1774232969.4736485,27.271609497070312,50.0
1774232969.5313678,27.129421997070313,50.0
1774232969.6009426,27.152487182617186,50.0
1774232969.647309,27.321612548828124,50.0
1774232969.713072,27.244696044921874,50.0
1774232969.7746544,27.20882568359375,50.0
1774232969.8404434,26.85439453125,50.0
1774232969.902535,27.142581176757812,50.0
1774232969.971199,27.9541015625,50.0
1774232970.0210783,27.2883544921875,50.0
1774232970.0955834,27.33519592285156,50.0
1774232970.1610832,28.014846801757812,50.0
1774232970.2111094,27.364300537109376,50.0
1774232970.2711987,27.29197998046875,50.0
1774232970.3407857,27.347991943359375,50.0
1774232970.4026635,27.253509521484375,50.0
1774232970.47583,27.307717895507814,50.0
1774232970.5311663,26.984307861328126,50.0
1774232970.58117,27.10606994628906,50.0
1774232970.7991433,27.408306884765626,50.0
1774232970.843125,27.20025634765625,50.0
1774232970.9131176,27.142486572265625,50.0
1774232970.9628017,27.272708129882812,50.0
1774232971.030472,27.156234741210938,50.0
1774232971.1012487,27.533670043945314,50.0
1774232971.1536098,27.272854614257813,50.0
1774232971.2059894,27.22293701171875,50.0
1774232971.277284,27.38965759277344,50.0
1774232971.3341894,27.250869750976562,50.0
1774232971.3990233,27.381137084960937,50.0
1774232971.460975,26.664401245117187,50.0
1774232971.5229185,26.97797546386719,50.0
1774232971.5924563,26.95689697265625,50.0
1774232971.6413496,27.089920043945312,50.0
1774232971.7030082,27.099826049804687,50.0
1774232971.7726471,26.90965881347656,50.0
1774232971.840834,26.939492797851564,50.0
1774232971.913859,27.136886596679688,50.0
1774232971.9720018,27.326611328125,50.0
1774232972.041116,26.990969848632812,50.0
1774232972.0910025,27.10162353515625,50.0
1774232972.1621056,27.215374755859376,50.0
1774232972.3969498,27.35888671875,50.0
1774232972.467661,27.380142211914062,50.0
1774232972.5449688,27.007427978515626,50.0
1774232972.6136777,27.285763549804688,50.0
1774232972.6821303,27.063021850585937,50.0
1774232972.8912668,26.945925903320312,50.0
1774232972.9477153,27.2132080078125,50.0
1774232972.995868,27.094692993164063,50.0
1774232973.0630221,27.21800537109375,50.0
1774232973.1311193,26.586224365234376,50.0
1774232973.1927161,26.985922241210936,50.0
1774232973.2429206,27.149749755859375,50.0
1774232973.319957,27.119473266601563,50.0
1774232973.534467,27.04253234863281,50.0
1774232973.6191266,27.07813720703125,50.0
1774232973.6890485,27.12299499511719,50.0
1774232973.7428668,27.8921875,50.0
1774232973.8149168,27.355621337890625,50.0
1774232973.8811848,27.596746826171874,50.0
1774232973.94038,27.422308349609374,50.0
1774232973.9902916,27.427767944335937,50.0
1774232974.052284,27.57892761230469,50.0
1774232974.1182983,27.187869262695312,50.0
1774232974.1819482,27.258721923828126,50.0
1774232974.244903,27.0951416015625,50.0
1774232974.3108375,26.963714599609375,50.0
1774232974.3730245,27.21629943847656,50.0
1774232974.4426003,27.309637451171874,50.0
1774232974.4926257,27.241213989257812,50.0
1774232974.5508869,27.243157958984376,50.0
1774232974.6264164,27.326821899414064,50.0
1774232974.6910636,27.306900024414062,50.0
1774232974.7613525,27.462686157226564,50.0
1774232974.8102198,26.810357666015626,50.0
1774232974.8808,27.271551513671874,50.0
1774232974.9439049,27.25458984375,50.0
1774232974.9922743,27.312158203125,50.0
1774232975.0527136,27.2525390625,50.0
1774232975.1208951,27.285598754882812,50.0
1774232975.1841874,27.175924682617186,50.0
1774232975.2477055,27.30640563964844,50.0
1774232975.3110921,27.27955017089844,50.0
1774232975.3749094,27.258489990234374,50.0
1774232975.442333,27.308355712890624,50.0
1774232975.4927897,27.454962158203124,50.0
1774232975.563553,28.005853271484376,50.0
1774232975.6265845,27.351397705078124,50.0
1774232975.6908321,27.577362060546875,50.0
1774232975.7609398,27.284588623046876,50.0
1774232975.816927,27.200521850585936,50.0
1774232975.8710928,27.39649658203125,50.0
1774232975.9330852,27.1915771484375,50.0
1774232976.0062482,27.32569580078125,50.0
1774232976.0544229,27.317898559570313,50.0
1774232976.1235476,27.276171875,50.0
1774232976.1911619,27.547198486328124,50.0
1774232976.2411397,27.423355102539062,50.0
1774232976.4901333,26.91863098144531,50.0
1774232976.5603127,26.75531921386719,50.0
1774232976.628758,27.08039245605469,50.0
1774232976.6907616,27.220401000976562,50.0
1774232976.7550707,27.230105590820312,50.0
1774232976.8010018,26.964154052734376,50.0
1774232976.880198,26.9448974609375,50.0
1774232976.9328363,26.774945068359376,50.0
1774232977.0056798,27.18675537109375,50.0
1774232977.0700123,27.15882568359375,50.0
1774232977.1308594,27.702447509765626,50.0
1774232977.182357,27.33861083984375,50.0
1774232977.2608864,27.370993041992186,50.0
1774232977.3200505,26.9345703125,50.0
1774232977.3811707,27.301373291015626,50.0
1774232977.4443688,27.410577392578126,50.0
1774232977.492631,27.414645385742187,50.0
1774232977.562706,27.330584716796874,50.0
1774232977.6109939,27.368011474609375,50.0
1774232977.6838331,27.418768310546874,50.0
1774232977.751152,27.857916259765624,50.0
1774232977.8125448,27.255526733398437,50.0
1774232977.882637,27.430337524414064,50.0
1774232977.9327395,27.454751586914064,50.0
1774232977.9910593,27.96589050292969,50.0
1774232978.0512164,27.51861572265625,50.0
1774232978.120121,27.354412841796876,50.0
1774232978.1850603,27.638836669921876,50.0
1774232978.2513242,27.495297241210938,50.0
1774232978.316589,27.49646911621094,50.0
1774232978.3811915,27.112713623046876,50.0
1774232978.4424236,27.2279541015625,50.0
1774232978.4909978,27.133160400390626,50.0
1774232978.5610962,27.31531982421875,50.0
1774232978.6166284,27.061984252929687,50.0
1774232978.6812015,27.000146484375,50.0
1774232978.7434454,27.15888671875,50.0
1774232978.812969,27.494061279296876,50.0
1774232978.8624456,27.301702880859374,50.0
1774232978.9328103,27.331341552734376,50.0
1774232979.0008101,27.404666137695312,50.0
1774232979.0624392,27.510354614257814,50.0
1774232979.1330729,27.364016723632812,50.0
1774232979.1825514,27.404742431640624,50.0
1774232979.2503219,27.547012329101562,50.0
1774232979.3152132,27.537454223632814,50.0
1774232979.3810427,27.2537841796875,50.0
1774232979.4510272,27.372705078125,50.0
1774232979.501248,27.112466430664064,50.0
1774232979.5609233,27.384915161132813,50.0
1774232979.6343236,27.356451416015624,50.0
1774232979.6809125,27.13199462890625,50.0
1774232979.7312346,27.343533325195313,50.0
1774232979.8010976,27.175836181640626,50.0
1774232979.8609276,27.330093383789062,50.0
1774232979.9324765,27.45721435546875,50.0
1774232979.9960036,27.554296875,50.0
1774232980.0627751,27.402239990234374,50.0
1774232980.1202488,27.461318969726562,50.0
1774232980.2163155,27.27176513671875,50.0
1774232980.302562,27.24022216796875,50.0
1774232980.3630242,27.338528442382813,50.0
1774232980.4402354,27.345062255859375,50.0
1774232980.5113091,27.552719116210938,50.0
1774232980.563849,27.774942016601564,50.0
1774232980.621135,27.5068115234375,50.0
1774232980.7012768,27.420242309570312,50.0
1774232980.754897,27.48990478515625,50.0
1774232980.8127701,27.588906860351564,50.0
1774232980.891242,27.537396240234376,50.0
1774232980.9525852,27.505386352539062,50.0
1774232981.001153,27.720913696289063,50.0
1774232981.072247,27.285739135742187,50.0
1774232981.1410298,27.276522827148437,50.0
1774232981.2037077,27.1680419921875,50.0
1774232981.2530768,27.346298217773438,50.0
1774232981.3212137,27.19462890625,50.0
1774232981.390363,27.247308349609376,50.0
1774232981.450967,27.114459228515624,50.0
1774232981.5201378,27.378872680664063,50.0
1774232981.583891,27.459384155273437,50.0
1774232981.6634064,28.01470947265625,50.0
1774232981.7422297,27.523983764648438,50.0
1774232981.811169,27.572900390625,50.0
1774232981.8811066,27.663906860351563,50.0
1774232981.951086,27.754122924804687,50.0
1774232982.0009985,27.702685546875,50.0
1774232982.072939,27.411846923828126,50.0
1774232982.1411831,27.67290344238281,50.0
1774232982.1901426,28.01727294921875,50.0
1774232982.2526672,27.196286010742188,50.0
1774232982.3112612,27.456362915039062,50.0
1774232982.3808064,28.38873291015625,50.0
1774232982.4537764,27.594293212890626,50.0
1774232982.5111587,27.42586669921875,50.0
1774232982.585618,27.481549072265626,50.0
1774232982.655012,27.60777893066406,50.0
1774232982.7210577,27.648379516601562,50.0
1774232982.773159,27.27086181640625,50.0
1774232982.835428,27.397998046875,50.0
1774232982.8808315,27.583990478515624,50.0
1774232982.9612298,27.417684936523436,50.0
1774232983.0129397,27.57969970703125,50.0
1774232983.0702329,28.320135498046874,50.0
1774232983.12286,27.219180297851562,50.0
1774232983.2012317,27.5141845703125,50.0
1774232983.2507758,27.140518188476562,50.0
1774232983.3241444,27.41832580566406,50.0
1774232983.380863,27.332138061523438,50.0
1774232983.458063,27.481390380859374,50.0
1774232983.5136912,27.41396484375,50.0
1774232983.7674785,27.3653564453125,50.0
1774232983.8237417,27.633560180664062,50.0
1774232983.8810053,27.639892578125,50.0
1774232983.9703598,27.612411499023438,50.0
1774232984.0210693,27.412124633789062,50.0
1774232984.0712852,27.734136962890624,50.0
1774232984.140962,27.57269287109375,50.0
1774232984.1981504,27.82003173828125,50.0
1774232984.25111,27.496295166015624,50.0
1774232984.3125408,27.486309814453126,50.0
1774232984.3909106,27.652032470703126,50.0
1774232984.444877,27.1958740234375,50.0
1774232984.5027025,27.43868408203125,50.0
1774232984.5780928,27.389608764648436,50.0
1774232984.6313007,27.25906982421875,50.0
1774232984.7125707,27.75125732421875,50.0
1774232984.7712274,26.9597412109375,50.0
1774232984.8312423,27.343099975585936,50.0
1774232984.8948388,27.157632446289064,50.0
1774232984.9610953,27.144134521484375,50.0
1774232985.0132384,27.272305297851563,50.0
1774232985.0842907,27.21058349609375,50.0
1774232985.150242,27.235861206054686,50.0
1774232985.2013679,27.41217956542969,50.0
1774232985.263139,27.6352294921875,50.0
1774232985.320535,27.679562377929688,50.0
1774232985.371267,27.652960205078124,50.0
1774232985.4593916,27.58301696777344,50.0
1774232985.5109453,27.631710815429688,50.0
1774232985.5737507,27.662521362304688,50.0
1774232985.6303399,27.41197814941406,50.0
1774232985.8210266,27.500119018554688,50.0
1774232985.8863678,27.51679382324219,50.0
1774232985.967952,27.41437683105469,50.0
1774232986.0247746,28.045773315429688,50.0
1774232986.085239,28.174945068359374,50.0
1774232986.1412735,27.718804931640626,50.0
1774232986.200961,27.81257019042969,50.0
1774232986.263625,27.805563354492186,50.0
1774232986.3269517,27.457656860351562,50.0
1774232986.388049,27.814535522460936,50.0
1774232986.446693,27.532913208007812,50.0
1774232986.6301591,27.359756469726562,50.0
1774232986.703819,27.603854370117187,50.0
1774232986.7744005,27.906881713867186,50.0
1774232986.8221946,27.683197021484375,50.0
1774232986.8910685,27.59626159667969,50.0
1774232986.9521677,27.66878662109375,50.0
1774232987.0124247,27.200299072265626,50.0
1774232987.083328,28.269903564453124,50.0
1774232987.133682,27.57242431640625,50.0
1774232987.205651,27.492822265625,50.0
1774232987.2711005,28.060870361328124,50.0
1774232987.3241963,27.66854248046875,50.0
1774232987.3943295,27.343960571289063,50.0
1774232987.442227,27.58646240234375,50.0
1774232987.511095,27.60265197753906,50.0
1774232987.5710616,28.121945190429688,50.0
1774232987.6413348,27.031497192382812,50.0
1774232987.6962183,27.48546447753906,50.0
1774232987.7609198,27.599346923828126,50.0
1774232987.8310995,27.322503662109376,50.0
1774232987.8808098,27.2787841796875,50.0
1774232987.9408667,27.12889709472656,50.0
1774232988.0209699,27.40291748046875,50.0
1774232988.08027,27.328778076171876,50.0
1774232988.1510751,27.464907836914062,50.0
1774232988.3469257,27.48753662109375,50.0
1774232988.3946447,27.50709228515625,50.0
1774232988.4527807,27.14734802246094,50.0
1774232988.522755,27.564385986328126,50.0
1774232988.5777185,27.912481689453124,50.0
1774232988.630187,27.477886962890626,50.0
1774232988.702802,27.523709106445313,50.0
1774232988.7526932,27.51478271484375,50.0
1774232988.82311,27.768051147460938,50.0
1774232988.8901713,27.37784423828125,50.0
1774232988.9515436,27.526486206054688,50.0
1774232989.011121,27.512393188476562,50.0
1774232989.0757082,27.583602905273438,50.0
1774232989.130824,27.589788818359374,50.0
1774232989.204577,27.327301025390625,50.0
1774232989.271068,27.412969970703124,50.0
1774232989.3212044,27.640283203125,50.0
1774232989.4024909,27.593701171875,50.0
1774232989.451895,27.636138916015625,50.0
1774232989.5286877,28.35142822265625,50.0
1774232989.570912,27.815386962890624,50.0
1774232989.653161,27.808963012695312,50.0
1774232989.7100677,27.750473022460938,50.0
1774232989.765281,27.701144409179687,50.0
1774232989.8409224,27.68248291015625,50.0
1774232989.8910463,27.713778686523437,50.0
1774232989.9409945,27.587469482421874,50.0
1774232990.0108411,27.720986938476564,50.0
1774232990.2210753,27.3294189453125,50.0
1774232990.286759,27.383258056640624,50.0
1774232990.388767,27.456329345703125,50.0
1774232990.4611328,27.223880004882812,50.0
1774232990.5131433,27.37712707519531,50.0
1774232990.58407,27.26111755371094,50.0
1774232990.6402001,27.009341430664062,50.0
1774232990.691213,27.28284912109375,50.0
1774232990.7611284,27.716769409179687,50.0
1774232990.8167453,27.56659851074219,50.0
1774232990.962714,27.368997192382814,50.0
1774232991.011006,27.53253173828125,50.0
1774232991.0728154,27.960614013671876,50.0
1774232991.1228054,27.549923706054688,50.0
1774232991.1926918,27.887350463867186,50.0
1774232991.2625766,27.345550537109375,50.0
1774232991.3308785,27.665142822265626,50.0
1774232991.5300674,27.579226684570312,50.0
1774232991.5796704,27.512130737304688,50.0
1774232991.6328495,28.095770263671874,50.0
1774232991.6981719,27.81580505371094,50.0
1774232991.7700584,27.617138671875,50.0
1774232991.8233345,28.2426513671875,50.0
1774232991.8911786,28.0083251953125,50.0
1774232991.9423144,27.817105102539063,50.0
1774232992.0043228,27.859197998046874,50.0
1774232992.0657685,27.72503662109375,50.0
1774232992.2405844,27.556033325195312,50.0
1774232992.311893,27.696432495117186,50.0
1774232992.3830707,27.297052001953126,50.0
1774232992.457875,27.9923095703125,50.0
1774232992.5134447,27.357070922851562,50.0
1774232992.5660565,27.32860412597656,50.0
1774232992.6443293,27.567019653320312,50.0
1774232992.7033648,28.06549987792969,50.0
1774232992.8723996,27.7103271484375,50.0
1774232992.9453464,27.809368896484376,50.0
1774232993.0249245,27.679815673828124,50.0
1774232993.085173,27.67455139160156,50.0
1774232993.1445014,27.67552795410156,50.0
1774232993.2112694,27.6591552734375,50.0
1774232993.261127,27.85698547363281,50.0
1774232993.328355,27.48115234375,50.0
1774232993.3849332,27.560406494140626,50.0
1774232993.4543324,27.781454467773436,50.0
1774232993.5073993,27.46874084472656,50.0
1774232993.5799491,27.607333374023437,50.0
1774232993.6407075,27.362014770507812,50.0
1774232993.7060695,27.849139404296874,50.0
1774232993.7731433,27.581387329101563,50.0
1774232993.8209329,27.63695068359375,50.0
1774232993.8989,27.018038940429687,50.0
1774232993.9472742,27.522708129882812,50.0
1774232994.0227268,27.626467895507812,50.0
1774232994.0927446,26.975628662109376,50.0
1774232994.1458638,27.380947875976563,50.0
1774232994.1957133,27.411749267578124,50.0
1774232994.270866,27.82127685546875,50.0
1774232994.3223958,27.551980590820314,50.0
1774232994.3963995,27.641064453125,50.0
1774232994.4512272,28.314727783203125,50.0
1774232994.5080857,27.637750244140626,50.0
1774232994.590264,27.36097412109375,50.0
1774232994.6394207,27.3964111328125,50.0
1774232994.7136116,27.4850830078125,50.0
1774232994.7642176,27.608053588867186,50.0
1774232994.8269076,27.616482543945313,50.0
1774232994.8813736,27.533416748046875,50.0
1774232994.9475846,26.960311889648438,50.0
1774232995.0099878,27.789083862304686,50.0
1774232995.0802097,27.722210693359376,50.0
1774232995.127795,27.955709838867186,50.0
1774232995.1982946,27.7304443359375,50.0
1774232995.2689753,27.716061401367188,50.0
1774232995.3411572,27.796270751953124,50.0
1774232995.3883166,27.717916870117186,50.0
1774232995.456752,27.752865600585938,50.0
1774232995.509421,27.62071838378906,50.0
1774232995.5813236,27.545904541015624,50.0
1774232995.6490235,27.417010498046874,50.0
1774232995.701046,27.6089111328125,50.0
1774232995.7653768,27.4472900390625,50.0
1774232995.8331068,27.58765563964844,50.0
1774232995.9027233,27.534686279296874,50.0
1774232995.9476445,27.794644165039063,50.0
1774232996.0155923,27.634445190429688,50.0
1774232996.0645742,27.335986328125,50.0
1774232996.1349134,27.81343994140625,50.0
1774232996.2011313,27.7443115234375,50.0
1774232996.265771,27.626907348632812,50.0
1774232996.3348846,27.64899597167969,50.0
1774232996.3825505,27.656069946289062,50.0
1774232996.450027,27.80433044433594,50.0
1774232996.5200226,27.740402221679688,50.0
1774232996.5666122,27.683233642578124,50.0
1774232996.6377394,27.484213256835936,50.0
1774232996.6855872,27.5241455078125,50.0
1774232996.761973,27.522976684570313,50.0
1774232996.8301082,27.805743408203124,50.0
1774232996.8817017,28.19495544433594,50.0
1774232996.94678,27.92088928222656,50.0
1774232997.0165396,27.273214721679686,50.0
1774232997.06717,27.677206420898436,50.0
1774232997.133448,27.73681640625,50.0
1774232997.2023575,27.770730590820314,50.0
1774232997.2685544,27.203582763671875,50.0
1774232997.330184,27.5406005859375,50.0
1774232997.3845472,27.61883544921875,50.0
1774232997.4379077,27.606109619140625,50.0
1774232997.606174,27.909149169921875,50.0
1774232997.6607854,27.65697021484375,50.0
1774232997.7081695,27.684234619140625,50.0
1774232997.7648482,27.97380676269531,50.0
1774232997.8170886,27.964657592773438,50.0
1774232997.880976,27.884423828125,50.0
1774232997.9373457,27.338052368164064,50.0
1774232998.0046113,27.610757446289064,50.0
1774232998.082811,27.460470581054686,50.0
1774232998.1473126,27.406689453125,50.0
1774232998.2047825,27.544393920898436,50.0
1774232998.2555196,27.598779296875,50.0
1774232998.3322492,27.431976318359375,50.0
1774232998.382808,27.516351318359376,50.0
1774232998.4521797,27.521084594726563,50.0
1774232998.5276783,27.567919921875,50.0
1774232998.5767965,27.40472412109375,50.0
1774232998.6277041,27.538677978515626,50.0
1774232998.6854029,27.616848754882813,50.0
1774232998.757555,27.564276123046874,50.0
1774232998.8208332,27.323394775390625,50.0
1774232998.8931248,27.608645629882812,50.0
1774232998.9630425,28.238278198242188,50.0
1774232999.023077,27.521163940429688,50.0
1774232999.0729313,27.671490478515626,50.0
1774232999.1508572,28.417214965820314,50.0
1774232999.2060316,27.615771484375,50.0
1774232999.2517607,27.531927490234374,50.0
1774232999.317149,27.629928588867188,50.0
1774232999.3900166,27.75762023925781,50.0
1774232999.457589,27.716629028320312,50.0
1774232999.5248613,27.643621826171874,50.0
1774232999.5956764,27.768438720703124,50.0
1774232999.6464791,27.627664184570314,50.0
1774232999.718238,27.624942016601562,50.0
1774232999.7715805,27.745755004882813,50.0
1774232999.8485076,27.44939270019531,50.0
1774232999.9000018,27.662704467773438,50.0
1774232999.9519036,27.507095336914062,50.0
1774233000.0168116,27.432220458984375,50.0
1774233000.100003,27.58370361328125,50.0
1774233000.1533778,27.313845825195312,50.0
1774233000.205657,27.189996337890626,50.0
1774233000.2735,27.4109130859375,50.0
1774233000.352229,27.493759155273438,50.0
1774233000.4024687,27.530023193359376,50.0
1774233000.477776,27.695309448242188,50.0
1774233000.5299492,27.659133911132812,50.0
1774233000.6010606,27.7156982421875,50.0
1774233000.6549568,28.158016967773438,50.0
1774233000.7209303,27.62206115722656,50.0
1774233000.7728803,27.846786499023438,50.0
1774233000.8383694,27.922015380859374,50.0
1774233000.9111357,27.614935302734374,50.0
1774233000.9626138,27.8582275390625,50.0
1774233001.0211036,27.472067260742186,50.0
1774233001.1027427,27.527206420898438,50.0
1774233001.1563725,27.582235717773436,50.0
1774233001.2143104,27.213296508789064,50.0
1774233001.2869022,27.337884521484376,50.0
1774233001.3369403,27.339068603515624,50.0
1774233001.4057875,27.37332763671875,50.0
1774233001.6154134,28.265457153320312,50.0
1774233001.6631882,27.701751708984375,50.0
1774233001.711368,27.361288452148436,50.0
1774233001.787449,27.908981323242188,50.0
1774233001.8383062,28.081451416015625,50.0
1774233001.905704,28.011376953125,50.0
1774233001.9709194,27.755355834960938,50.0
1774233002.0209222,27.887106323242186,50.0
1774233002.0878332,27.887149047851562,50.0
1774233002.1532187,27.99278564453125,50.0
1774233002.2068932,27.84564208984375,50.0
1774233002.2854831,27.761441040039063,50.0
1774233002.3483436,27.825961303710937,50.0
1774233002.4090645,27.80296936035156,50.0
1774233002.4723256,27.34901123046875,50.0
1774233002.540214,27.424197387695312,50.0
1774233002.6047244,27.506341552734376,50.0
1774233002.670896,27.261029052734376,50.0
1774233002.7380028,27.421725463867187,50.0
1774233002.7883217,27.63228759765625,50.0
1774233002.8548915,27.549093627929686,50.0
1774233002.9216309,27.449017333984376,50.0
1774233002.9708207,27.4353759765625,50.0
1774233003.0379648,27.701931762695313,50.0
1774233003.106728,27.730194091796875,50.0
1774233003.1772096,28.295648193359376,50.0
1774233003.235368,27.913729858398437,50.0
1774233003.2878706,27.596347045898437,50.0
1774233003.35533,27.88996276855469,50.0
1774233003.4333894,28.02769775390625,50.0
1774233003.4818122,27.874114990234375,50.0
1774233003.564405,27.495828247070314,50.0
1774233003.6353266,27.892117309570313,50.0
1774233003.6848814,27.90916748046875,50.0
1774233003.7542899,27.733352661132812,50.0
1774233003.8058934,27.9302490234375,50.0
1774233003.85933,27.93439636230469,50.0
1774233003.9111855,27.802069091796874,50.0
1774233003.9934952,27.723556518554688,50.0
1774233004.0429661,27.453125,50.0
1774233004.1174133,27.2899169921875,50.0
1774233004.165383,27.658511352539062,50.0
1774233004.242719,27.6755126953125,50.0
1774233004.3012352,27.155120849609375,50.0
1774233004.3526406,27.692849731445314,50.0
1774233004.4409194,27.5734375,50.0
1774233004.5780509,27.806951904296874,50.0
1774233004.6559784,27.739657592773437,50.0
1774233004.7500334,27.573751831054686,50.0
1774233004.8002012,27.626971435546874,50.0
1774233004.8529234,28.371905517578124,50.0
1774233004.9345248,27.421389770507812,50.0
1774233005.0044427,27.853271484375,50.0
1774233005.0576887,27.943695068359375,50.0
1774233005.1110349,27.66803894042969,50.0
1774233005.1850748,27.59451904296875,50.0
1774233005.2375002,27.866705322265624,50.0
1774233005.289071,28.22661437988281,50.0
1774233005.3572636,27.640243530273438,50.0
1774233005.4109695,27.784527587890626,50.0
1774233005.47371,28.42720947265625,50.0
1774233005.5427177,27.956039428710938,50.0
1774233005.5908096,28.322955322265624,50.0
1774233005.6575286,27.908892822265624,50.0
1774233005.7311785,27.981011962890626,50.0
1774233005.7994633,27.7985595703125,50.0
1774233005.853218,27.737643432617187,50.0
1774233005.9275463,27.93740234375,50.0
1774233005.9838517,27.74370422363281,50.0
1774233006.0569901,27.918905639648436,50.0
1774233006.124152,27.76396484375,50.0
1774233006.172243,28.067398071289062,50.0
1774233006.2401605,27.843722534179687,50.0
1774233006.3076618,27.991836547851562,50.0
1774233006.3611217,28.562374877929688,50.0
1774233006.411222,27.958535766601564,50.0
1774233006.47327,28.014434814453125,50.0
1774233006.540513,27.8967529296875,50.0
1774233006.6100283,27.89305725097656,50.0
1774233006.6650887,27.957574462890626,50.0
1774233006.7469022,27.970681762695314,50.0
1774233006.8082192,27.71337890625,50.0
1774233006.8602364,27.771664428710938,50.0
1774233006.926217,27.839456176757814,50.0
1774233006.983469,28.245819091796875,50.0
1774233007.05128,27.91651306152344,50.0
1774233007.110814,27.945541381835938,50.0
1774233007.17102,27.67945251464844,50.0
1774233007.2253544,27.851992797851562,50.0
1774233007.2922616,27.871871948242188,50.0
1774233007.3618858,27.88636169433594,50.0
1774233007.4308622,27.3535888671875,50.0
1774233007.486303,27.866326904296876,50.0
1774233007.5666685,27.825131225585938,50.0
1774233007.6192205,27.508425903320312,50.0
1774233007.673743,27.645205688476562,50.0
1774233007.7246807,27.6292724609375,50.0
1774233007.7918298,27.967828369140626,50.0
1774233007.8639922,27.521121215820312,50.0
1774233008.0578144,27.729534912109376,50.0
1774233008.125165,27.442733764648438,50.0
1774233008.1924326,27.70258483886719,50.0
1774233008.2598631,27.683621215820313,50.0
1774233008.3119578,27.70911560058594,50.0
1774233008.3786507,27.526217651367187,50.0
1774233008.4482377,27.5436767578125,50.0
1774233008.5091808,27.570098876953125,50.0
1774233008.5607586,27.32903137207031,50.0
1774233008.6290863,27.517987060546876,50.0
1774233008.7035072,27.42947998046875,50.0
1774233008.7525563,27.581781005859376,50.0
1774233008.8229578,27.958270263671874,50.0
1774233008.8768198,27.768936157226562,50.0
1774233008.9424572,27.874835205078124,50.0
1774233009.0134583,27.71070556640625,50.0
1774233009.0612738,27.832122802734375,50.0
1774233009.1407976,27.988330078125,50.0
1774233009.1948776,27.868099975585938,50.0
1774233009.2522779,27.867462158203125,50.0
1774233009.31862,27.81580505371094,50.0
1774233009.372619,27.740560913085936,50.0
1774233009.4413047,27.851882934570312,50.0
1774233009.5127046,27.77178039550781,50.0
1774233009.560964,27.9806396484375,50.0
1774233009.6316078,27.81285400390625,50.0
1774233009.6853013,27.396701049804687,50.0
1774233009.7414825,27.824612426757813,50.0
1774233009.8249295,27.339703369140626,50.0
1774233009.8769681,27.539547729492188,50.0
1774233009.9279447,27.4801513671875,50.0
1774233010.0109253,27.22548828125,50.0
1774233010.0656695,27.703573608398436,50.0
1774233010.270249,27.24907531738281,50.0
1774233010.3223581,27.738812255859376,50.0
1774233010.3758948,27.721328735351562,50.0
1774233010.5643888,27.752749633789062,50.0
1774233010.6369827,27.859408569335937,50.0
1774233010.6867669,27.782611083984374,50.0
1774233010.76188,27.885797119140626,50.0
1774233010.8113215,27.869039916992186,50.0
1774233010.8703127,27.867486572265626,50.0
1774233010.9381886,27.611083984375,50.0
1774233011.0100768,27.84095153808594,50.0
1774233011.0587785,27.854592895507814,50.0
1774233011.138428,27.775119018554687,50.0
1774233011.1835215,27.748263549804687,50.0
1774233011.25833,27.63388671875,50.0
1774233011.3100471,27.43010559082031,50.0
1774233011.3768282,27.772463989257812,50.0
1774233011.4454923,27.970819091796876,50.0
1774233011.496055,27.830535888671875,50.0
1774233011.5731137,27.55644836425781,50.0
1774233011.6191523,27.772637939453126,50.0
1774233011.6862986,27.887701416015624,50.0
1774233011.7398114,27.843853759765626,50.0
1774233011.8110235,27.813848876953124,50.0
1774233011.8669224,28.064669799804687,50.0
1774233011.9400454,28.260104370117187,50.0
1774233011.9962294,28.28939208984375,50.0
1774233012.070785,28.073715209960938,50.0
1774233012.1189742,28.065911865234376,50.0
1774233012.1885896,28.057928466796874,50.0
1774233012.2462602,28.070169067382814,50.0
1774233012.3140259,28.63262023925781,50.0
1774233012.3710616,28.248165893554688,50.0
1774233012.432954,28.129885864257812,50.0
1774233012.5053904,28.023870849609374,50.0
1774233012.5629277,28.12950744628906,50.0
1774233012.615227,28.215426635742187,50.0
1774233012.868927,27.941082763671876,50.0
1774233012.9346292,27.951571655273437,50.0
1774233012.9986668,27.508956909179688,50.0
1774233013.063908,27.287725830078124,50.0
1774233013.1299171,27.9205078125,50.0
1774233013.1941464,27.7232666015625,50.0
1774233013.2441614,27.416403198242186,50.0
1774233013.310816,27.336080932617186,50.0
1774233013.3622885,27.56824645996094,50.0
1774233013.4312193,27.491644287109374,50.0
1774233013.4977267,27.437515258789062,50.0
1774233013.5637932,27.460147094726562,50.0
1774233013.6147802,27.83631591796875,50.0
1774233013.6850443,27.719415283203126,50.0
1774233013.7407641,27.84477844238281,50.0
1774233013.9196322,27.694354248046874,50.0
1774233014.001384,27.8072265625,50.0
1774233014.0639765,27.659274291992187,50.0
1774233014.1169143,27.882107543945313,50.0
1774233014.187367,27.918594360351562,50.0
1774233014.2394469,28.042803955078124,50.0
1774233014.3027685,27.936431884765625,50.0
1774233014.373423,28.171780395507813,50.0
1774233014.4365427,27.82178955078125,50.0
1774233014.497251,28.043777465820312,50.0
1774233014.5637763,27.923098754882812,50.0
1774233014.6129649,27.928076171875,50.0
1774233014.6824558,27.874661254882813,50.0
1774233014.7537766,27.8158203125,50.0
1774233014.8281322,27.871365356445313,50.0
1774233014.8849664,27.77572021484375,50.0
1774233014.9388065,27.598733520507814,50.0
1774233014.9983242,27.744024658203124,50.0
1774233015.0667558,27.75342712402344,50.0
1774233015.1153867,27.68857421875,50.0
1774233015.1745327,27.70811767578125,50.0
1774233015.245257,27.93631591796875,50.0
1774233015.301169,27.791729736328126,50.0
1774233015.3669488,27.683779907226562,50.0
1774233015.4386199,27.80230712890625,50.0
1774233015.4909492,27.792996215820313,50.0
1774233015.572096,27.78968505859375,50.0
1774233015.6253896,27.91680908203125,50.0
1774233015.69929,27.898348999023437,50.0
1774233015.74856,28.14912109375,50.0
1774233015.8242824,27.983111572265624,50.0
1774233015.88472,27.994674682617188,50.0
1774233015.9401758,28.013128662109374,50.0
1774233015.9976313,27.95057373046875,50.0
1774233016.0537956,27.57837829589844,50.0
1774233016.1255522,27.88330993652344,50.0
1774233016.1995063,27.9421630859375,50.0
1774233016.2525787,27.7852294921875,50.0
1774233016.4669414,27.235540771484374,50.0
1774233016.5208302,27.667303466796874,50.0
1774233016.5711486,27.80317077636719,50.0
1774233016.6329427,27.891058349609374,50.0
1774233016.683149,27.800839233398438,50.0
1774233016.7354693,27.793231201171874,50.0
1774233016.807884,28.214199829101563,50.0
1774233016.8610158,27.987994384765624,50.0
1774233016.9244645,27.98564453125,50.0
1774233016.9934282,28.093948364257812,50.0
1774233017.0647318,27.937017822265624,50.0
1774233017.1212754,27.855743408203125,50.0
1774233017.1832445,27.8705322265625,50.0
1774233017.2631583,28.129290771484374,50.0
1774233017.3149023,27.96070251464844,50.0
1774233017.367511,28.122433471679688,50.0
1774233017.4312243,27.694256591796876,50.0
1774233017.49501,27.8258544921875,50.0
1774233017.5836394,28.138421630859376,50.0
1774233017.6442356,28.563677978515624,50.0
1774233017.6932511,28.082015991210938,50.0
1774233017.7545831,28.009136962890626,50.0
1774233017.8071697,28.099142456054686,50.0
1774233017.8822997,28.09266357421875,50.0
1774233017.930195,28.237066650390624,50.0
1774233018.0015044,27.96003112792969,50.0
1774233018.0534647,28.227151489257814,50.0
1774233018.1293066,28.150985717773438,50.0
1774233018.1783419,27.949142456054688,50.0
1774233018.2497573,28.08756103515625,50.0
1774233018.3002756,27.924880981445312,50.0
1774233018.375394,28.537777709960938,50.0
1774233018.444609,28.089230346679688,50.0
1774233018.4974616,27.660006713867187,50.0
1774233018.5762713,27.911715698242187,50.0
1774233018.758716,28.0292236328125,50.0
1774233018.8075318,28.047103881835938,50.0
1774233018.8813174,27.864361572265626,50.0
1774233018.9312253,27.606268310546874,50.0
1774233019.0002506,27.831393432617187,50.0
1774233019.0534542,28.027386474609376,50.0
1774233019.1210203,27.508267211914063,50.0
1774233019.1911607,27.8055908203125,50.0
1774233019.2630002,28.05787048339844,50.0
1774233019.3117833,27.94542541503906,50.0
1774233019.3791003,27.93651123046875,50.0
1774233019.4313545,27.275323486328126,50.0
1774233019.5010495,27.779571533203125,50.0
1774233019.5628438,27.894415283203124,50.0
1774233019.6341898,27.823101806640626,50.0
1774233019.6874065,27.740902709960938,50.0
1774233019.740447,27.5660400390625,50.0
1774233019.8076026,27.720428466796875,50.0
1774233019.8701642,27.75298156738281,50.0
1774233020.043355,27.8812255859375,50.0
1774233020.1137822,27.862371826171874,50.0
1774233020.1765156,28.107485961914062,50.0
1774233020.2467375,27.97515869140625,50.0
1774233020.3111315,27.855874633789064,50.0
1774233020.3658588,28.05682373046875,50.0
1774233020.4401872,27.679388427734374,50.0
1774233020.4910753,28.191693115234376,50.0
1774233020.5538697,27.325344848632813,50.0
1774233020.6259766,28.044940185546874,50.0
1774233020.6827497,28.106826782226562,50.0
1774233020.753867,27.923709106445312,50.0
1774233020.802928,28.093896484375,50.0
1774233020.870991,28.033941650390624,50.0
1774233020.9375257,28.188754272460937,50.0
1774233020.9875984,27.865216064453126,50.0
1774233021.0544329,28.2568603515625,50.0
1774233021.1230066,27.83359375,50.0
1774233021.1708548,27.95445556640625,50.0
1774233021.2391784,28.1822265625,50.0
1774233021.4402342,27.842373657226563,50.0
1774233021.4909058,27.87433776855469,50.0
1774233021.5708563,27.92815246582031,50.0
1774233021.6312058,27.934390258789062,50.0
1774233021.692669,28.07611083984375,50.0
1774233021.7449703,27.420489501953124,50.0
1774233021.8208838,27.897952270507812,50.0
1774233021.8749447,27.69446716308594,50.0
1774233021.9331017,27.116217041015624,50.0
1774233021.9962966,27.686846923828124,50.0
1774233022.0597687,27.388211059570313,50.0
1774233022.1271656,27.672698974609375,50.0
1774233022.1910927,27.191729736328124,50.0
1774233022.2410066,27.451919555664062,50.0
1774233022.3115346,27.485308837890624,50.0
1774233022.50887,27.744216918945312,50.0
1774233022.555702,27.398330688476562,50.0
1774233022.6224678,27.656460571289063,50.0
1774233022.6887226,27.745758056640625,50.0
1774233022.7408147,27.917404174804688,50.0
1774233022.797665,27.700909423828126,50.0
1774233022.876984,27.923892211914062,50.0
1774233022.930311,27.894927978515625,50.0
1774233023.0001898,27.90247802734375,50.0
1774233023.0701764,27.83367919921875,50.0
1774233023.1245036,27.818927001953124,50.0
1774233023.173684,28.049029541015624,50.0
1774233023.2531826,27.69254150390625,50.0
1774233023.3069205,28.148745727539062,50.0
1774233023.3754742,28.171807861328126,50.0
1774233023.430316,27.955712890625,50.0
1774233023.4934587,28.816693115234376,50.0
1774233023.5712354,27.863726806640624,50.0
1774233023.6269698,28.05341796875,50.0
1774233023.6907108,28.11072998046875,50.0
1774233023.7509706,28.1574951171875,50.0
1774233023.817304,28.06981201171875,50.0
1774233023.8688915,28.342202758789064,50.0
1774233023.9411802,27.648025512695312,50.0
1774233023.9925528,27.897210693359376,50.0
1774233024.0518763,28.161050415039064,50.0
1774233024.1134925,28.019989013671875,50.0
1774233024.1753078,28.15208740234375,50.0
1774233024.2410483,27.567315673828126,50.0
1774233024.4691775,27.62474670410156,50.0
1774233024.5562706,27.6094970703125,50.0
1774233024.6225038,27.831292724609376,50.0
1774233024.6870282,27.9988037109375,50.0
1774233024.7608676,27.711727905273438,50.0
1774233024.8309476,27.872781372070314,50.0
1774233024.891177,27.827426147460937,50.0
1774233024.9499552,27.92664794921875,50.0
1774233024.9937582,27.562313842773438,50.0
1774233025.0573528,27.89861145019531,50.0
1774233025.1168087,27.888916015625,50.0
1774233025.1752906,27.744113159179687,50.0
1774233025.2412074,28.049136352539062,50.0
1774233025.3054962,28.04114685058594,50.0
1774233025.3740366,27.791836547851563,50.0
1774233025.4300437,27.879226684570312,50.0
1774233025.4946163,28.074435424804687,50.0
1774233025.5578735,28.025927734375,50.0
1774233025.62256,27.862063598632812,50.0
1774233025.6912267,28.11797180175781,50.0
1774233025.7409596,28.1846923828125,50.0
1774233025.8052342,28.188601684570312,50.0
1774233025.8739758,27.761822509765626,50.0
1774233025.9541876,27.902987670898437,50.0
1774233026.0011952,27.974087524414063,50.0
1774233026.0664809,28.06373291015625,50.0
1774233026.1254625,27.982083129882813,50.0
1774233026.2090416,27.92772216796875,50.0
1774233026.2610533,28.29125061035156,50.0
1774233026.312593,28.085720825195313,50.0
1774233026.361041,28.240036010742188,50.0
1774233026.4389076,27.96019287109375,50.0
1774233026.506188,28.032315063476563,50.0
1774233026.5610223,28.55064697265625,50.0
1774233026.6110044,28.972427368164062,50.0
1774233026.6740956,28.215509033203126,50.0
1774233026.742492,28.623446655273437,50.0
1774233026.8108144,28.321502685546875,50.0
1774233026.8709562,28.5227783203125,50.0
1774233026.9411068,28.458551025390626,50.0
1774233026.9932761,28.422018432617186,50.0
1774233027.0587113,28.203659057617188,50.0
1774233027.112589,27.99071044921875,50.0
1774233027.1763532,28.024441528320313,50.0
1774233027.2430403,28.0154052734375,50.0
1774233027.3127017,27.86961669921875,50.0
1774233027.3797193,27.379879760742188,50.0
1774233027.5955853,27.88306884765625,50.0
1774233027.671374,27.882843017578125,50.0
1774233027.737782,27.642950439453124,50.0
1774233027.809035,27.778564453125,50.0
1774233027.876738,27.91689453125,50.0
1774233027.9206913,28.187344360351563,50.0
1774233027.9900322,27.98057861328125,50.0
1774233028.0450485,28.173507690429688,50.0
1774233028.1112607,28.44818115234375,50.0
1774233028.1756225,28.376300048828124,50.0
1774233028.2440097,28.321783447265624,50.0
1774233028.3104222,28.33017578125,50.0
1774233028.3775501,28.048971557617186,50.0
1774233028.4223974,28.030224609375,50.0
1774233028.4812887,27.970382690429688,50.0
1774233028.5563903,28.091802978515624,50.0
1774233028.6270278,27.775079345703126,50.0
1774233028.6755645,27.657797241210936,50.0
1774233028.7474523,28.421694946289062,50.0
1774233028.7975261,27.954989624023437,50.0
1774233028.8727903,27.827316284179688,50.0
1774233028.9354286,28.1701171875,50.0
1774233028.9947255,28.008383178710936,50.0
1774233029.0609052,28.04384765625,50.0
1774233029.1270652,28.013748168945312,50.0
1774233029.1911595,28.706686401367186,50.0
1774233029.2426655,27.962841796875,50.0
1774233029.3107808,28.17977294921875,50.0
1774233029.3825407,28.0975830078125,50.0
1774233029.4300199,28.131884765625,50.0
1774233029.4950635,28.18602294921875,50.0
1774233029.553504,27.93292236328125,50.0
1774233029.6129506,27.983401489257812,50.0
1774233029.6715312,27.95281066894531,50.0
1774233029.7419188,28.566738891601563,50.0
1774233029.801044,28.10260925292969,50.0
1774233029.8685184,28.03385009765625,50.0
1774233029.9272316,27.927484130859376,50.0
1774233029.9819689,28.06702880859375,50.0
1774233030.0443158,28.772219848632812,50.0
1774233030.1151075,28.160928344726564,50.0
1774233030.1923926,28.0588134765625,50.0
1774233030.2435384,28.105386352539064,50.0
1774233030.300843,27.993319702148437,50.0
1774233030.367809,28.010675048828126,50.0
1774233030.4324884,27.713140869140624,50.0
1774233030.4978862,27.992822265625,50.0
1774233030.5611293,27.918191528320314,50.0
1774233030.6246717,27.731723022460937,50.0
1774233030.6766427,28.071978759765624,50.0
1774233030.738276,27.988650512695312,50.0
1774233030.7967541,27.606216430664062,50.0
1774233030.870918,27.91656494140625,50.0
1774233030.929845,28.015225219726563,50.0
1774233030.9871173,27.680361938476562,50.0
1774233031.0559072,28.841015625,50.0
1774233031.1213117,28.03585205078125,50.0
1774233031.186827,28.070309448242188,50.0
1774233031.256428,28.85828857421875,50.0
1774233031.3181965,28.15801086425781,50.0
1774233031.3635693,28.088424682617188,50.0
1774233031.4232056,28.01709899902344,50.0
1774233031.4908142,28.0997314453125,50.0
1774233031.5624444,27.968051147460937,50.0
1774233031.629022,28.1995849609375,50.0
1774233031.678827,27.64867248535156,50.0
1774233031.7492108,27.82525634765625,50.0
1774233031.811359,27.8496826171875,50.0
1774233031.87395,27.519207763671876,50.0
1774233031.9361498,28.336151123046875,50.0
1774233032.0022912,27.85030517578125,50.0
1774233032.0611286,27.3864013671875,50.0
1774233032.1189535,27.786343383789063,50.0
1774233032.2880569,27.62176513671875,50.0
1774233032.360317,27.827618408203126,50.0
1774233032.4238555,28.07319030761719,50.0
1774233032.4872317,27.9130615234375,50.0
1774233032.5478733,28.20869140625,50.0
1774233032.6139996,28.187872314453124,50.0
1774233032.680796,28.172113037109376,50.0
1774233032.7504406,28.220046997070312,50.0
1774233032.9639666,28.18426513671875,50.0
1774233033.012092,28.129104614257812,50.0
1774233033.0591116,28.145346069335936,50.0
1774233033.1300805,28.09369812011719,50.0
1774233033.197953,27.51763916015625,50.0
1774233033.2459,27.35675964355469,50.0
1774233033.3141832,28.003912353515624,50.0
1774233033.3825777,27.8946044921875,50.0
1774233033.4284403,27.9052734375,50.0
1774233033.4975932,27.842715454101562,50.0
1774233033.5639548,28.25616455078125,50.0
1774233033.6313982,27.826702880859376,50.0
1774233033.6821003,27.997491455078126,50.0
1774233033.7418993,27.976828002929686,50.0
1774233033.8062403,28.1034912109375,50.0
1774233033.8729768,28.28894958496094,50.0
1774233033.925031,27.885614013671876,50.0
1774233033.9888263,28.16702880859375,50.0
1774233034.0670903,28.038772583007812,50.0
1774233034.1218438,28.044390869140624,50.0
1774233034.1829865,28.064846801757813,50.0
1774233034.2492678,28.058197021484375,50.0
1774233034.31526,27.83541259765625,50.0
1774233034.382186,27.99832763671875,50.0
1774233034.43091,27.925827026367188,50.0
1774233034.4983273,28.15870361328125,50.0
1774233034.5663524,28.00318603515625,50.0
1774233034.6175523,27.992767333984375,50.0
1774233034.6830196,28.02672424316406,50.0
1774233034.74867,28.317041015625,50.0
1774233034.8163714,28.11864318847656,50.0
1774233034.8644676,28.129605102539063,50.0
1774233034.9344153,28.067938232421874,50.0
1774233035.0009277,28.052737426757812,50.0
1774233035.0493011,27.944171142578124,50.0
1774233035.117048,27.970367431640625,50.0
1774233035.1842775,28.03870849609375,50.0
1774233035.2510748,28.02078857421875,50.0
1774233035.3143134,28.0564453125,50.0
1774233035.3810315,27.89918212890625,50.0
1774233035.4272127,27.5544921875,50.0
1774233035.4903896,27.6908203125,50.0
1774233035.5508084,27.82947692871094,50.0
1774233035.6200259,27.786590576171875,50.0
1774233035.6840127,27.79920349121094,50.0
1774233035.7335777,27.98861083984375,50.0
1774233035.8050895,27.83875732421875,50.0
1774233035.867601,28.06319580078125,50.0
1774233035.933309,28.029827880859376,50.0
1774233035.9986176,28.148440551757812,50.0
1774233036.0606556,27.953170776367188,50.0
1774233036.1229596,28.083694458007812,50.0
1774233036.1724617,28.223541259765625,50.0
1774233036.2402413,27.853659057617186,50.0
1774233036.3037555,28.1128662109375,50.0
1774233036.367845,27.700619506835938,50.0
1774233036.4314668,27.813510131835937,50.0
1774233036.5090485,27.933737182617186,50.0
1774233036.5566382,27.889682006835937,50.0
1774233036.6164255,27.907394409179688,50.0
1774233036.676621,27.620635986328125,50.0
1774233036.749848,28.00169982910156,50.0
1774233036.8109787,27.547882080078125,50.0
1774233036.8680098,28.104180908203126,50.0
1774233036.9428368,27.872891235351563,50.0
1774233036.9975047,27.57544860839844,50.0
1774233037.0659702,27.995315551757812,50.0
1774233037.1347888,27.873519897460938,50.0
1774233037.1850808,27.885430908203126,50.0
1774233037.2502437,27.806185913085937,50.0
1774233037.3109853,27.593936157226562,50.0
1774233037.3639708,27.87781982421875,50.0
1774233037.4545984,28.160186767578125,50.0
1774233037.5020142,28.026593017578126,50.0
1774233037.5480592,28.118942260742188,50.0
1774233037.6183848,28.087789916992186,50.0
1774233037.6850626,27.88892517089844,50.0
1774233037.7548382,28.560418701171876,50.0
1774233037.8025522,27.964031982421876,50.0
1774233037.8781476,28.146585083007814,50.0
1774233037.9310732,28.132369995117188,50.0
1774233037.9944947,28.03650817871094,50.0
1774233038.064521,28.331365966796874,50.0
1774233038.1215634,28.115966796875,50.0
1774233038.3054175,28.086404418945314,50.0
1774233038.3703403,27.960552978515626,50.0
1774233038.4329169,28.18763122558594,50.0
1774233038.5007179,28.079486083984374,50.0
1774233038.5751333,27.98399963378906,50.0
1774233038.6219885,27.93547668457031,50.0
1774233038.6855526,28.048056030273436,50.0
1774233038.7429485,27.923541259765624,50.0
1774233038.8044338,27.913800048828126,50.0
1774233038.870294,27.934783935546875,50.0
1774233038.9369943,27.7560546875,50.0
1774233039.0035896,28.445114135742188,50.0
1774233039.053666,28.098281860351562,50.0
1774233039.1209772,28.540057373046874,50.0
1774233039.187197,28.219204711914063,50.0
1774233039.2344303,28.679458618164062,50.0
1774233039.2980034,28.332138061523438,50.0
1774233039.3759887,28.15381774902344,50.0
1774233039.4386907,28.279275512695314,50.0
1774233039.5041356,28.257611083984376,50.0
1774233039.553938,28.1512939453125,50.0
1774233039.6208584,27.436175537109374,50.0
1774233039.6864386,27.902020263671876,50.0
1774233039.75264,28.060501098632812,50.0
1774233039.8183606,27.984555053710938,50.0
1774233039.8688307,27.70258483886719,50.0
1774233039.9371996,28.134149169921876,50.0
1774233040.0044305,28.13782653808594,50.0
1774233040.0545318,27.985879516601564,50.0
1774233040.122766,28.072537231445313,50.0
1774233040.1741555,28.086776733398438,50.0
1774233040.241051,28.71507568359375,50.0
1774233040.3098855,28.079754638671876,50.0
1774233040.3743162,28.106646728515624,50.0
1774233040.4422033,28.25020751953125,50.0
1774233040.520267,28.145046997070313,50.0
1774233040.5662522,28.136859130859374,50.0
1774233040.6308305,27.755902099609376,50.0
1774233040.6945438,27.856625366210938,50.0
1774233040.7504914,27.370242309570312,50.0
1774233040.8133059,27.697674560546876,50.0
1774233040.8709805,27.827230834960936,50.0
1774233040.936692,28.407757568359376,50.0
1774233041.00525,27.824508666992188,50.0
1774233041.0641348,27.662698364257814,50.0
1774233041.1251426,28.1525390625,50.0
1774233041.1867645,28.09876708984375,50.0
1774233041.2408335,28.100137329101564,50.0
1774233041.3171353,28.050689697265625,50.0
1774233041.3810613,28.1666259765625,50.0
1774233041.4308403,28.143084716796874,50.0
1774233041.496952,28.134124755859375,50.0
1774233041.5649188,28.06092224121094,50.0
1774233041.623623,28.2302978515625,50.0
1774233041.686679,28.317950439453124,50.0
1774233041.750199,27.774444580078125,50.0
1774233041.8113117,28.242559814453124,50.0
1774233041.878533,28.612954711914064,50.0
1774233041.940839,27.7418701171875,50.0
1774233042.0041976,28.009332275390626,50.0
1774233042.0491915,27.953607177734376,50.0
1774233042.1144433,28.210009765625,50.0
1774233042.1787927,28.046347045898436,50.0
1774233042.2396827,27.956375122070312,50.0
1774233042.297978,28.01136169433594,50.0
1774233042.3656886,28.1584716796875,50.0
1774233042.4264574,28.783346557617186,50.0
1774233042.489312,28.157025146484376,50.0
1774233042.5566852,28.15410461425781,50.0
1774233042.62901,28.02153625488281,50.0
1774233042.6949275,28.142758178710938,50.0
1774233042.7428129,27.994998168945312,50.0
1774233042.8067224,28.090957641601562,50.0
1774233042.8723893,28.751998901367188,50.0
1774233042.9312406,28.62494812011719,50.0
1774233042.9931624,28.040359497070312,50.0
1774233043.072761,28.212619018554687,50.0
1774233043.1239088,28.200375366210938,50.0
1774233043.1890268,28.198431396484374,50.0
1774233043.240769,28.12250671386719,50.0
1774233043.307298,27.96512451171875,50.0
1774233043.3728254,27.856707763671874,50.0
1774233043.439499,28.052224731445314,50.0
1774233043.500927,28.155490112304687,50.0
1774233043.560831,27.87330322265625,50.0
1774233043.6243496,28.05714111328125,50.0
1774233043.6895614,27.99614562988281,50.0
1774233043.737801,27.940017700195312,50.0
1774233043.7994776,28.180270385742187,50.0
1774233043.8611543,28.648593139648437,50.0
1774233043.9247096,28.236166381835936,50.0
1774233043.9911351,28.353244018554687,50.0
1774233044.0580652,28.090048217773436,50.0
1774233044.1268897,28.07054443359375,50.0
1774233044.1922536,28.06224670410156,50.0
1774233044.2445555,27.92518310546875,50.0
1774233044.2943842,28.794125366210938,50.0
1774233044.3641078,28.122967529296876,50.0
1774233044.427035,28.040533447265624,50.0
1774233044.4929225,28.175643920898438,50.0
1774233044.561047,28.201602172851562,50.0
1774233044.6210577,28.05953369140625,50.0
1774233044.7008421,27.83983459472656,50.0
1774233044.9128833,27.922805786132812,50.0
1774233044.992512,27.754983520507814,50.0
1774233045.0599625,28.066989135742187,50.0
1774233045.1303172,28.250250244140624,50.0
1774233045.1756864,27.980612182617186,50.0
1774233045.4282866,28.07603759765625,50.0
1774233045.5093005,28.010043334960937,50.0
1774233045.5728097,28.10787353515625,50.0
1774233045.6335547,27.643331909179686,50.0
1774233045.6810427,27.94104919433594,50.0
1774233045.748383,27.65552978515625,50.0
1774233045.8112707,27.560305786132812,50.0
1774233045.8608685,27.782736206054686,50.0
1774233045.9263463,28.294671630859376,50.0
1774233045.9912198,28.122842407226564,50.0
1774233046.054434,27.84284362792969,50.0
1774233046.111268,28.062850952148438,50.0
1774233046.1854005,28.237994384765624,50.0
1774233046.2432575,28.16165771484375,50.0
1774233046.4690368,28.295526123046876,50.0
1774233046.5609884,27.902301025390624,50.0
1774233046.6335437,28.11649169921875,50.0
1774233046.6911821,27.82786865234375,50.0
1774233046.7525856,28.015826416015624,50.0
1774233046.8159187,27.887979125976564,50.0
1774233046.870528,28.003363037109374,50.0
1774233046.930903,28.432281494140625,50.0
1774233046.9961162,27.972146606445314,50.0
1774233047.2480354,27.899481201171874,50.0
1774233047.3134286,28.219265747070313,50.0
1774233047.3608263,28.12146911621094,50.0
1774233047.4308958,28.060665893554688,50.0
1774233047.4942584,27.671450805664062,50.0
1774233047.5610607,28.665081787109376,50.0
1774233047.6277676,28.319110107421874,50.0
1774233047.6957698,28.447671508789064,50.0
1774233047.7593164,27.90782775878906,50.0
1774233047.812258,28.09827575683594,50.0
1774233047.8740687,28.5017578125,50.0
1774233047.9482102,28.347866821289063,50.0
1774233047.9980469,28.152059936523436,50.0
1774233048.0653875,28.154217529296876,50.0
1774233048.1312413,28.791510009765624,50.0
1774233048.182834,28.18951416015625,50.0
1774233048.2481968,28.226651000976563,50.0
1774233048.312658,28.212286376953124,50.0
1774233048.376196,28.07294616699219,50.0
1774233048.4376047,28.186181640625,50.0
1774233048.5122662,28.02275390625,50.0
1774233048.5636292,27.950802612304688,50.0
1774233048.6283128,28.006689453125,50.0
1774233048.6817951,27.933221435546876,50.0
1774233048.7501905,27.887811279296876,50.0
1774233048.8042276,28.061404418945312,50.0
1774233048.8768666,27.853460693359374,50.0
1774233048.926977,27.884054565429686,50.0
1774233048.9879894,27.817791748046876,50.0
1774233049.0555217,28.030990600585938,50.0
1774233049.11767,28.023941040039062,50.0
1774233049.1858432,27.799456787109374,50.0
1774233049.252245,27.98402099609375,50.0
1774233049.3074114,28.00506591796875,50.0
1774233049.3683693,28.17108154296875,50.0
1774233049.4295623,28.12159118652344,50.0
1774233049.4874737,28.041943359375,50.0
1774233049.5508626,28.05418701171875,50.0
1774233049.6161036,27.833966064453126,50.0
1774233049.6789985,28.196450805664064,50.0
1774233049.7448432,28.07604064941406,50.0
1774233049.8121777,27.819171142578124,50.0
1774233049.8661883,27.867523193359375,50.0
1774233049.9308085,28.230169677734374,50.0
1774233049.9955566,27.977865600585936,50.0
1774233050.061128,27.705401611328124,50.0
1774233050.1283956,28.210903930664063,50.0
1774233050.1851716,28.337155151367188,50.0
1774233050.2505147,28.02757568359375,50.0
1774233050.3123574,28.106353759765625,50.0
1774233050.3672297,28.2103515625,50.0
1774233050.4291666,28.230645751953126,50.0
1774233050.4951086,28.0572265625,50.0
1774233050.5608006,27.98162841796875,50.0
1774233050.6181417,28.066262817382814,50.0
1774233050.6928349,27.9171142578125,50.0
1774233050.7428482,28.12972412109375,50.0
1774233050.8072639,28.023095703125,50.0
1774233050.859574,28.051348876953124,50.0
1774233051.1333666,28.389154052734376,50.0
1774233051.382382,27.643405151367187,50.0
1774233051.440583,28.208285522460937,50.0
1774233051.5047052,27.96861572265625,50.0
1774233051.572144,28.055718994140626,50.0
1774233051.63699,28.051632690429688,50.0
1774233051.6973019,27.986956787109374,50.0
1774233051.7633944,28.411117553710938,50.0
1774233051.8125625,27.771542358398438,50.0
1774233051.8803167,28.1732421875,50.0
1774233051.945737,28.029046630859376,50.0
1774233052.0071638,27.506716918945312,50.0
1774233052.0685754,27.9705810546875,50.0
1774233052.1301003,27.70361328125,50.0
1774233052.1975734,27.836550903320312,50.0
1774233052.263461,28.01952209472656,50.0
1774233052.3138013,28.045831298828126,50.0
1774233052.3780165,28.083868408203124,50.0
1774233052.4389913,27.993572998046876,50.0
1774233052.500862,28.078897094726564,50.0
1774233052.5673866,27.952786254882813,50.0
1774233052.6303117,27.988458251953126,50.0
1774233052.6970646,27.376220703125,50.0
1774233052.7575805,27.474038696289064,50.0
1774233052.8258307,27.63216552734375,50.0
1774233053.02321,27.936502075195314,50.0
1774233053.0680525,27.88609924316406,50.0
1774233053.1380715,28.098895263671874,50.0
1774233053.1885762,28.140692138671874,50.0
1774233053.2546716,28.104736328125,50.0
1774233053.319024,28.210205078125,50.0
1774233053.3841946,28.144302368164062,50.0
1774233053.449502,28.13319091796875,50.0
1774233053.4997687,27.909619140625,50.0
1774233053.5759716,28.024615478515624,50.0
1774233053.6311512,27.6267333984375,50.0
1774233053.6976707,28.195755004882812,50.0
1774233053.7480369,28.155197143554688,50.0
1774233053.807957,28.110784912109374,50.0
1774233053.8754065,28.017449951171876,50.0
1774233053.9494944,28.112347412109376,50.0
1774233054.002392,28.30328369140625,50.0
1774233054.071265,28.313226318359376,50.0
1774233054.120932,28.11273193359375,50.0
1774233054.1919339,27.829513549804688,50.0
1774233054.2572584,28.128884887695314,50.0
1774233054.3061001,27.761868286132813,50.0
1774233054.3859806,28.011376953125,50.0
1774233054.435213,27.95643310546875,50.0
1774233054.5020206,28.163143920898438,50.0
1774233054.5692298,28.03356018066406,50.0
1774233054.6168315,27.68795166015625,50.0
1774233054.6861675,28.114425659179688,50.0
1774233054.7501783,28.031411743164064,50.0
1774233054.8210177,27.56505126953125,50.0
1774233054.87227,27.982769775390626,50.0
1774233054.9344072,27.84143981933594,50.0
1774233055.0012715,27.808660888671874,50.0
1774233055.0687497,27.6832763671875,50.0
1774233055.118319,28.628268432617187,50.0
1774233055.1850274,28.113165283203124,50.0
1774233055.2519906,27.7486572265625,50.0
1774233055.304517,27.893560791015624,50.0
1774233055.3701208,28.0653076171875,50.0
1774233055.4570775,28.350949096679688,50.0
1774233055.5209587,27.844607543945312,50.0
1774233055.6172662,28.28138427734375,50.0
1774233055.6871088,28.403805541992188,50.0
1774233055.7511554,28.136138916015625,50.0
1774233055.810917,28.11839904785156,50.0
1774233055.8787649,28.01299133300781,50.0
1774233055.9293368,28.1725830078125,50.0
1774233056.191119,28.180819702148437,50.0
1774233056.240615,28.05048828125,50.0
1774233056.3039567,28.042459106445314,50.0
1774233056.3686285,28.703826904296875,50.0
1774233056.4360814,28.315570068359374,50.0
1774233056.4888206,28.083279418945313,50.0
1774233056.5564144,28.3427978515625,50.0
1774233056.6247385,28.1145751953125,50.0
1774233056.684136,28.242416381835938,50.0
1774233056.7502477,27.697854614257814,50.0
1774233056.8102334,27.974676513671874,50.0
1774233057.0051556,28.079693603515626,50.0
1774233057.0588472,28.167172241210938,50.0
1774233057.1283624,28.594638061523437,50.0
1774233057.1767218,28.321292114257812,50.0
1774233057.2400389,28.23253173828125,50.0
1774233057.3033454,28.03002014160156,50.0
1774233057.3678677,28.269497680664063,50.0
1774233057.4290133,28.014404296875,50.0
1774233057.5001924,28.06358947753906,50.0
1774233057.56746,28.0415283203125,50.0
1774233057.618568,27.946774291992188,50.0
1774233057.6789224,27.85478515625,50.0
1774233057.7420447,28.032330322265626,50.0
1774233057.8045664,28.047735595703124,50.0
1774233057.8707702,28.058065795898436,50.0
1774233057.9380398,27.94892578125,50.0
1774233058.000996,28.248001098632812,50.0
1774233058.062307,28.1710693359375,50.0
1774233058.1252096,28.141656494140626,50.0
1774233058.1781461,28.08202209472656,50.0
1774233058.242521,28.145538330078125,50.0
1774233058.3049846,28.11708984375,50.0
1774233058.3755345,27.8814697265625,50.0
1774233058.423688,27.93431396484375,50.0
1774233058.4853375,28.066619873046875,50.0
1774233058.5536342,28.4958984375,50.0
1774233058.619404,28.1525146484375,50.0
1774233058.6807232,28.17298278808594,50.0
1774233058.7474055,28.205914306640626,50.0
1774233058.8076856,28.398410034179687,50.0
1774233058.8758483,28.001190185546875,50.0
1774233058.9308305,27.83084716796875,50.0
1774233058.9933991,27.969454956054687,50.0
1774233059.0556207,27.61719970703125,50.0
1774233059.1302245,28.114569091796874,50.0
1774233059.1811535,28.076202392578125,50.0
1774233059.2563863,28.174105834960937,50.0
1774233059.3100967,28.114578247070312,50.0
1774233059.3853202,28.218231201171875,50.0
1774233059.438879,28.244378662109376,50.0
1774233059.5065696,28.297967529296876,50.0
1774233059.5701394,27.743222045898438,50.0
1774233059.6193504,28.09874267578125,50.0
1774233059.6880414,28.013397216796875,50.0
1774233059.7572725,28.0722412109375,50.0
1774233059.8205853,27.855145263671876,50.0
1774233059.8781435,27.890234375,50.0
1774233059.948166,28.008944702148437,50.0
1774233060.001021,28.120916748046874,50.0
1774233060.0651867,28.341290283203126,50.0
1774233060.1220863,28.117855834960938,50.0
1774233060.1985767,28.143194580078124,50.0
1774233060.2600274,28.163845825195313,50.0
1774233060.3193145,27.68915710449219,50.0
1774233060.3788388,28.078903198242188,50.0
1774233060.433875,27.423858642578125,50.0
1774233060.5089102,27.885787963867188,50.0
1774233060.7160697,27.9719482421875,50.0
1774233060.769027,27.97803955078125,50.0
1774233060.820871,28.18172607421875,50.0
1774233060.8730068,27.993365478515624,50.0
1774233060.9372005,28.992193603515624,50.0
1774233061.0043747,28.41394958496094,50.0
1774233061.058564,28.304244995117188,50.0
1774233061.1282148,28.28319396972656,50.0
1774233061.1925514,28.207009887695314,50.0
1774233061.243905,28.212042236328124,50.0
1774233061.3150818,28.1990966796875,50.0
1774233061.380036,28.198953247070314,50.0
1774233061.441877,28.16388854980469,50.0
1774233061.502925,28.063726806640624,50.0
1774233061.571737,28.08326416015625,50.0
1774233061.6257055,28.230075073242187,50.0
1774233061.6880765,28.02982177734375,50.0
1774233061.7446742,28.00975646972656,50.0
1774233061.9509127,28.16773681640625,50.0
1774233062.002468,28.002685546875,50.0
1774233062.065283,28.273666381835938,50.0
1774233062.1280565,28.116775512695312,50.0
1774233062.1787534,28.055154418945314,50.0
1774233062.2403693,28.28526611328125,50.0
1774233062.3109498,28.292709350585938,50.0
1774233062.3793356,28.303683471679687,50.0
1774233062.4409506,28.22887268066406,50.0
1774233062.489477,28.22769775390625,50.0
1774233062.5487595,28.443936157226563,50.0
1774233062.618394,28.271380615234374,50.0
1774233062.6793172,28.096212768554686,50.0
1774233062.7457087,28.246981811523437,50.0
1774233062.810983,28.290036010742188,50.0
1774233062.8780022,28.164956665039064,50.0
1774233062.9362752,28.047305297851562,50.0
1774233062.9878712,28.020037841796874,50.0
1774233063.047282,28.06236877441406,50.0
1774233063.1106799,28.11011657714844,50.0
1774233063.1749372,28.10933837890625,50.0
1774233063.2448666,28.221353149414064,50.0
1774233063.311438,28.732666015625,50.0
1774233063.361429,28.190213012695313,50.0
1774233063.425123,28.292434692382812,50.0
1774233063.682604,28.150173950195313,50.0
1774233063.745269,28.261642456054688,50.0
1774233063.8074613,28.073785400390626,50.0
1774233063.8723953,27.9926025390625,50.0
1774233063.933807,27.88092956542969,50.0
1774233063.9983158,28.077996826171876,50.0
1774233064.0453846,28.289373779296874,50.0
1774233064.1123893,27.982699584960937,50.0
1774233064.1790652,28.42353515625,50.0
1774233064.240991,28.476913452148438,50.0
1774233064.3065689,28.913665771484375,50.0
1774233064.3755167,28.499310302734376,50.0
1774233064.4260287,28.685321044921874,50.0
1774233064.4928856,28.238937377929688,50.0
1774233064.5599816,28.462911987304686,50.0
1774233064.6238983,28.1277587890625,50.0
1774233064.6909513,28.399002075195312,50.0
1774233064.7421117,28.071636962890626,50.0
1774233064.8084593,27.69481506347656,50.0
1774233064.8740113,28.002804565429688,50.0
1774233064.9360042,27.952297973632813,50.0
1774233065.000243,28.083209228515624,50.0
1774233065.0616584,27.67217102050781,50.0
1774233065.1241302,28.142599487304686,50.0
1774233065.1853027,28.719610595703124,50.0
1774233065.2475932,27.7615966796875,50.0
1774233065.3132544,27.953976440429688,50.0
1774233065.3908746,28.049288940429687,50.0
1774233065.4364681,28.836849975585938,50.0
1774233065.4988046,28.593533325195313,50.0
1774233065.56526,28.589462280273438,50.0
1774233065.61576,28.43961181640625,50.0
1774233065.67818,28.607806396484374,50.0
1774233065.7432156,28.610968017578124,50.0
1774233065.9687002,28.578976440429688,50.0
1774233066.051145,28.264248657226563,50.0
1774233066.117111,28.229446411132812,50.0
1774233066.1859102,28.274453735351564,50.0
1774233066.2530718,28.191897583007812,50.0
1774233066.306335,28.47381591796875,50.0
1774233066.3709328,28.0242919921875,50.0
1774233066.4372418,28.187750244140624,50.0
1774233066.5001645,28.328253173828124,50.0
1774233066.5678298,28.106771850585936,50.0
1774233066.6163433,28.159194946289062,50.0
1774233066.6792073,28.161541748046876,50.0
1774233066.7433505,27.78204345703125,50.0
1774233066.803075,28.209048461914062,50.0
1774233066.8623958,27.542941284179687,50.0
1774233066.9311407,27.89344177246094,50.0
1774233067.1680117,28.357440185546874,50.0
1774233067.2443757,28.121533203125,50.0
1774233067.31181,28.14110412597656,50.0
1774233067.3771474,28.01834716796875,50.0
1774233067.430345,28.435140991210936,50.0
1774233067.5073216,28.32236328125,50.0
1774233067.5608437,28.113116455078124,50.0
1774233067.6271408,28.165731811523436,50.0
1774233067.6785817,28.3355712890625,50.0
1774233067.7432945,28.308102416992188,50.0
1774233067.8122234,28.332455444335938,50.0
1774233067.8593507,28.285507202148438,50.0
1774233067.9299414,28.387017822265626,50.0
1774233067.9943717,28.323077392578124,50.0
1774233068.0601208,28.090603637695313,50.0
1774233068.120016,28.946072387695313,50.0
1774233068.1815305,28.291213989257812,50.0
1774233068.2461784,28.246600341796874,50.0
1774233068.3123808,27.639666748046874,50.0
1774233068.377553,27.665576171875,50.0
1774233068.4441905,28.11296691894531,50.0
1774233068.504706,28.009259033203126,50.0
1774233068.5663042,27.881884765625,50.0
1774233068.6284435,28.003900146484376,50.0
1774233068.6949346,28.40745849609375,50.0
1774233068.7540689,28.284234619140626,50.0
1774233068.818168,28.467926025390625,50.0
1774233068.8792214,28.305279541015626,50.0
1774233068.9511492,28.26085205078125,50.0
1774233068.998765,28.78707275390625,50.0
1774233069.065485,28.182275390625,50.0
1774233069.137848,28.445651245117187,50.0
1774233069.1853406,27.99669189453125,50.0
1774233069.2479458,28.4230224609375,50.0
1774233069.3134093,28.324658203125,50.0
1774233069.383861,28.213638305664062,50.0
1774233069.4501216,27.979205322265624,50.0
1774233069.5018637,27.98273620605469,50.0
1774233069.5650117,28.069070434570314,50.0
1774233069.6335418,28.195291137695314,50.0
1774233069.840322,27.934521484375,50.0
1774233069.89092,28.011459350585938,50.0
1774233069.9409454,28.116439819335938,50.0
1774233070.0069406,27.71143798828125,50.0
1774233070.0678968,28.213079833984374,50.0
1774233070.1323676,27.725137329101564,50.0
1774233070.1962154,28.00877685546875,50.0
1774233070.2576973,28.341879272460936,50.0
1774233070.3194942,28.4671142578125,50.0
1774233070.3710835,28.10871276855469,50.0
1774233070.4354565,28.138150024414063,50.0
1774233070.500126,28.16895446777344,50.0
1774233070.5639179,28.291122436523438,50.0
1774233070.629758,28.197860717773438,50.0
1774233070.6970358,27.90679931640625,50.0
1774233070.7480078,28.226751708984374,50.0
1774233070.814133,28.205673217773438,50.0
1774233070.8802176,27.96869812011719,50.0
1774233070.9289854,28.317864990234376,50.0
1774233070.9970665,28.297607421875,50.0
1774233071.058348,28.292514038085937,50.0
1774233071.1213002,28.227398681640626,50.0
1774233071.1808527,28.189205932617188,50.0
1774233071.2478063,28.34697570800781,50.0
1774233071.3159497,28.29706726074219,50.0
1774233071.3641791,28.203878784179686,50.0
1774233071.4248466,27.995745849609374,50.0
1774233071.4936118,28.220437622070314,50.0
1774233071.5531986,28.23699951171875,50.0
1774233071.628582,28.209689331054687,50.0
1774233071.6775892,28.352423095703124,50.0
1774233071.7444065,28.199099731445312,50.0
1774233071.8157558,28.269149780273438,50.0
1774233071.8632336,28.308087158203126,50.0
1774233071.9325628,28.328692626953124,50.0
1774233071.9982085,28.27315673828125,50.0
1774233072.047151,28.520721435546875,50.0
1774233072.1161125,27.839437866210936,50.0
1774233072.182237,28.46072998046875,50.0
1774233072.2478874,28.264968872070312,50.0
1774233072.2997346,28.136947631835938,50.0
1774233072.367622,28.299444580078124,50.0
1774233072.4331598,28.28076171875,50.0
1774233072.5012188,28.064248657226564,50.0
1774233072.5660355,27.695657348632814,50.0
1774233072.632663,28.178311157226563,50.0
1774233072.6985662,28.13023986816406,50.0
1774233072.8163128,28.007916259765626,50.0
1774233072.885919,27.698245239257812,50.0
1774233072.9512138,28.2213134765625,50.0
1774233073.0221965,28.255673217773438,50.0
1774233073.0865393,28.3230712890625,50.0
1774233073.1489606,28.8263671875,50.0
1774233073.2100565,28.32418212890625,50.0
1774233073.2721682,28.489028930664062,50.0
1774233073.3365703,28.585836791992186,50.0
1774233073.4001005,28.39063720703125,50.0
1774233073.4602118,28.376812744140626,50.0
1774233073.5224183,28.328948974609375,50.0
1774233073.5878108,28.119293212890625,50.0
1774233073.6372366,28.289016723632812,50.0
1774233073.7007115,28.007443237304688,50.0
1774233073.7662826,28.339837646484376,50.0
1774233073.8266392,28.413858032226564,50.0
1774233073.8940544,28.2141845703125,50.0
1774233073.956559,28.4296142578125,50.0
1774233074.0165308,28.438375854492186,50.0
1774233074.0828178,28.3150634765625,50.0
1774233074.1337924,28.043603515625,50.0
1774233074.2008083,28.45078125,50.0
1774233074.261573,28.319497680664064,50.0
1774233074.336619,28.275479125976563,50.0
1774233074.3835726,28.13011779785156,50.0
1774233074.4430327,28.139715576171874,50.0
1774233074.5044513,28.246737670898437,50.0
1774233074.567248,28.279620361328124,50.0
1774233074.6344402,28.149130249023436,50.0
1774233074.7011638,28.227993774414063,50.0
1774233074.767002,28.278701782226562,50.0
1774233074.8345299,28.214788818359374,50.0
1774233074.880947,28.438815307617187,50.0
1774233074.9547434,28.242599487304688,50.0
1774233075.0042365,28.245526123046876,50.0
1774233075.068389,28.135580444335936,50.0
1774233075.1364613,28.266116333007812,50.0
1774233075.2010615,28.441189575195313,50.0
1774233075.2676296,28.71689453125,50.0
1774233075.3248458,28.30066833496094,50.0
1774233075.3890135,28.117233276367188,50.0
1774233075.4454856,28.190853881835938,50.0
1774233075.5175412,28.333233642578126,50.0
1774233075.576558,28.267391967773438,50.0
1774233075.6418142,28.211907958984376,50.0
1774233075.6938012,28.14586486816406,50.0
1774233075.7575383,28.53023681640625,50.0
1774233075.8203924,27.943145751953125,50.0
1774233075.8851647,28.036785888671876,50.0
1774233075.9394138,27.623275756835938,50.0
1774233076.0018072,28.10450439453125,50.0
1774233076.0620787,28.076300048828124,50.0
1774233076.128149,28.245391845703125,50.0
1774233076.189322,28.145941162109374,50.0
1774233076.2543528,28.30179443359375,50.0
1774233076.320426,28.29158935546875,50.0
1774233076.3854425,28.005105590820314,50.0
1774233076.452117,28.335842895507813,50.0
1774233076.5186696,28.11666259765625,50.0
1774233076.5679154,28.421148681640624,50.0
1774233076.6362224,28.364715576171875,50.0
1774233076.702176,28.229522705078125,50.0
1774233076.769409,28.3755126953125,50.0
1774233076.8199387,28.356561279296876,50.0
1774233076.8859031,28.360467529296876,50.0
1774233076.952362,28.46214599609375,50.0
1774233077.0192459,28.235336303710938,50.0
1774233077.067354,28.253457641601564,50.0
1774233077.1358297,28.328851318359376,50.0
1774233077.2014296,28.171237182617187,50.0
1774233077.2704828,28.52984619140625,50.0
1774233077.3208275,28.455850219726564,50.0
1774233077.3873363,28.555569458007813,50.0
1774233077.4543343,28.324935913085938,50.0
1774233077.5130703,28.073330688476563,50.0
1774233077.5760164,28.313238525390624,50.0
1774233077.638467,28.237271118164063,50.0
1774233077.7037027,28.1712158203125,50.0
1774233077.7698412,28.278375244140626,50.0
1774233077.836449,28.116864013671876,50.0
1774233077.906416,28.6489990234375,50.0
1774233077.95415,28.265841674804687,50.0
1774233078.0133626,28.17913818359375,50.0
1774233078.0780416,28.06629333496094,50.0
1774233078.1427674,28.159613037109374,50.0
1774233078.2081134,28.204766845703126,50.0
1774233078.2708073,28.183755493164064,50.0
1774233078.3367293,28.99010009765625,50.0
1774233078.4068444,28.41191711425781,50.0
1774233078.4536192,28.436679077148437,50.0
1774233078.5223212,28.103460693359374,50.0
1774233078.7111955,28.2786865234375,50.0
1774233078.7685893,27.833255004882812,50.0
1774233078.8347287,28.131484985351562,50.0
1774233078.9010038,27.905313110351564,50.0
1774233078.9465833,27.840997314453126,50.0
1774233079.0111382,28.012255859375,50.0
1774233079.0727692,27.997064208984376,50.0
1774233079.122994,28.489730834960938,50.0
1774233079.1881568,27.735995483398437,50.0
1774233079.251085,28.10338439941406,50.0
1774233079.3207986,28.207760620117188,50.0
1774233079.3812401,28.06143798828125,50.0
1774233079.4508638,28.224514770507813,50.0
1774233079.5201147,28.23076171875,50.0
1774233079.584638,28.325741577148438,50.0
1774233079.640947,28.10657653808594,50.0
1774233079.707731,27.594793701171874,50.0
1774233079.9481223,28.020013427734376,50.0
1774233080.0111344,28.12425842285156,50.0
1774233080.0720181,27.8274169921875,50.0
1774233080.1373901,27.99931945800781,50.0
1774233080.2011821,28.158636474609374,50.0
1774233080.2742121,28.138308715820312,50.0
1774233080.3371341,28.217022705078126,50.0
1774233080.3909764,28.156033325195313,50.0
1774233080.4641438,28.249569702148438,50.0
1774233080.5125363,27.917623901367186,50.0
1774233080.5912287,27.926025390625,50.0
1774233080.6482682,27.935580444335937,50.0
1774233080.7163541,28.21016845703125,50.0
1774233080.7692988,28.443096923828126,50.0
1774233080.8449166,28.34436950683594,50.0
1774233080.925926,28.17339172363281,50.0
1774233080.99211,28.233419799804686,50.0
1774233081.0487409,28.48472900390625,50.0
1774233081.102974,28.563613891601562,50.0
1774233081.1552193,28.354229736328126,50.0
1774233081.228313,28.391824340820314,50.0
1774233081.2812853,28.996121215820313,50.0
1774233081.358408,28.413134765625,50.0
1774233081.4172213,28.32872314453125,50.0
1774233081.4695606,28.52879638671875,50.0
1774233081.5332527,28.202499389648438,50.0
1774233081.601129,28.4752685546875,50.0
1774233081.6574383,28.207089233398438,50.0
1774233081.7265003,28.172247314453124,50.0
1774233081.7756763,28.0048828125,50.0
1774233081.8501053,28.178729248046874,50.0
1774233081.9130669,27.714422607421874,50.0
1774233082.1156082,28.054632568359374,50.0
1774233082.1749768,28.49718017578125,50.0
1774233082.232202,28.11387939453125,50.0
1774233082.2777958,28.10783996582031,50.0
1774233082.3425388,28.287811279296875,50.0
1774233082.406699,28.141082763671875,50.0
1774233082.4740777,28.398419189453126,50.0
1774233082.5393074,28.346807861328124,50.0
1774233082.6089191,28.368240356445312,50.0
1774233082.6593413,28.42200927734375,50.0
1774233082.726564,28.192742919921876,50.0
1774233082.7894142,28.409320068359374,50.0
1774233082.8383994,28.0804443359375,50.0
1774233082.9011104,28.222329711914064,50.0
1774233082.964739,28.201678466796874,50.0
1774233083.032055,28.134066772460937,50.0
1774233083.1019642,28.144015502929687,50.0
1774233083.1540256,28.302096557617187,50.0
1774233083.2179568,28.47332763671875,50.0
1774233083.2794323,28.349642944335937,50.0
1774233083.3436205,28.432577514648436,50.0
1774233083.4088366,28.54356689453125,50.0
1774233083.4686477,28.296881103515624,50.0
1774233083.5302463,28.822723388671875,50.0
1774233083.5945013,28.428765869140626,50.0
1774233083.6571574,28.250286865234376,50.0
1774233083.7236164,28.066159057617188,50.0
1774233083.7859015,28.911224365234375,50.0
1774233083.8484683,28.5528564453125,50.0
1774233083.9139493,28.380343627929687,50.0
1774233083.9602623,28.17107238769531,50.0
1774233084.030341,28.599850463867188,50.0
1774233084.093111,28.41190185546875,50.0
1774233084.1600387,28.32255859375,50.0
1774233084.2246864,28.283059692382814,50.0
1774233084.2925062,27.781350708007814,50.0
1774233084.343541,28.3868408203125,50.0
1774233084.410808,27.90830078125,50.0
1774233084.482992,27.733639526367188,50.0
1774233084.531249,27.99677429199219,50.0
1774233084.5959885,27.82625732421875,50.0
1774233084.6579194,28.327972412109375,50.0
1774233084.7249107,28.731103515625,50.0
1774233084.7868276,28.262057495117187,50.0
1774233084.8479407,28.401394653320313,50.0
1774233084.911081,28.278262329101562,50.0
1774233084.97503,28.3874267578125,50.0
1774233085.0432014,28.493218994140626,50.0
1774233085.093053,28.526400756835937,50.0
1774233085.3471014,28.294027709960936,50.0
1774233085.4104338,28.0724609375,50.0
1774233085.4711397,28.271035766601564,50.0
1774233085.5361261,28.276828002929687,50.0
1774233085.5971549,28.408114624023437,50.0
1774233085.6585681,28.262567138671876,50.0
1774233085.7257745,28.146975708007812,50.0
1774233085.775981,28.140496826171876,50.0
1774233085.8450084,28.129144287109376,50.0
1774233085.8979914,28.222085571289064,50.0
1774233085.9658158,28.057449340820312,50.0
1774233086.0355086,28.141091918945314,50.0
1774233086.0881157,28.336724853515626,50.0
1774233086.1550453,28.1191162109375,50.0
1774233086.218246,28.208355712890626,50.0
1774233086.287464,28.06065673828125,50.0
1774233086.336299,28.196273803710938,50.0
1774233086.3985217,28.229794311523438,50.0
1774233086.4608836,28.169976806640626,50.0
1774233086.5275607,28.118585205078126,50.0
1774233086.593578,28.198138427734374,50.0
1774233086.6456225,28.165985107421875,50.0
1774233086.7109294,28.131103515625,50.0
1774233086.7800803,28.13929138183594,50.0
1774233086.8438776,28.22108154296875,50.0
1774233086.8943622,28.548672485351563,50.0
1774233086.9535878,28.3145751953125,50.0
1774233087.01662,28.44664611816406,50.0
1774233087.0958416,28.277301025390624,50.0
1774233087.1460712,28.282318115234375,50.0
1774233087.2111466,28.2940185546875,50.0
1774233087.2774615,28.318148803710937,50.0
1774233087.338365,28.324334716796876,50.0
1774233087.4029002,28.396548461914062,50.0
1774233087.4652333,28.248550415039062,50.0
1774233087.5279639,28.353359985351563,50.0
1774233087.59739,28.4714111328125,50.0
1774233087.6436198,28.309332275390624,50.0
1774233087.7070084,28.298275756835938,50.0
1774233087.7831786,28.340353393554686,50.0
1774233087.8326294,28.402499389648437,50.0
1774233087.8966732,28.174200439453124,50.0
1774233087.9624407,28.348245239257814,50.0
1774233088.0288024,28.639056396484374,50.0
1774233088.087487,28.430877685546875,50.0
1774233088.1557493,28.318121337890624,50.0
1774233088.2189553,28.41806640625,50.0
1774233088.2790103,28.923031616210938,50.0
1774233088.3454556,28.378762817382814,50.0
1774233088.3938217,28.699038696289062,50.0
1774233088.4624057,28.536862182617188,50.0
1774233088.528587,28.400283813476562,50.0
1774233088.5956032,28.358016967773438,50.0
1774233088.6419964,28.581423950195312,50.0
1774233088.7086492,28.548526000976562,50.0
1774233088.7836616,28.679733276367188,50.0
1774233088.838475,28.40272216796875,50.0
1774233088.8943973,28.164779663085938,50.0
1774233088.9653556,28.2420166015625,50.0
1774233089.0296998,28.19200744628906,50.0
1774233089.1003249,28.188897705078126,50.0
1774233089.1666577,28.22403564453125,50.0
1774233089.2165837,27.74737548828125,50.0
1774233089.2841768,28.08988037109375,50.0
1774233089.352479,28.181097412109374,50.0
1774233089.4245207,27.985507202148437,50.0
1774233089.4726079,28.221713256835937,50.0
1774233089.535042,28.141647338867188,50.0
1774233089.5961277,28.114813232421874,50.0
1774233089.6578972,28.208935546875,50.0
1774233089.7223964,28.265396118164062,50.0
1774233089.7910147,28.509640502929688,50.0
1774233089.8569093,28.43365478515625,50.0
1774233089.9094748,28.106503295898438,50.0
1774233089.9576335,28.323577880859375,50.0
1774233090.0184908,28.43228759765625,50.0
1774233090.080435,27.605548095703124,50.0
1774233090.1485431,27.917965698242188,50.0
1774233090.2141235,27.80299072265625,50.0
1774233090.2797887,27.97156982421875,50.0
1774233090.327078,27.968218994140624,50.0
1774233090.3969965,28.026467895507814,50.0
1774233090.451636,28.229714965820314,50.0
1774233090.5200427,28.567584228515624,50.0
1774233090.7463539,28.341058349609376,50.0
1774233090.8016872,28.57884521484375,50.0
1774233090.8528109,28.248638916015626,50.0
1774233090.916965,28.43782958984375,50.0
1774233090.9801335,28.348062133789064,50.0
1774233091.037778,28.420989990234375,50.0
1774233091.0992694,28.301632690429688,50.0
1774233091.1612232,27.848782348632813,50.0
1774233091.2328799,27.93437805175781,50.0
1774233091.2840412,28.139590454101562,50.0
1774233091.370809,28.260177612304688,50.0
1774233091.4208748,28.256671142578124,50.0
1774233091.4931839,28.075286865234375,50.0
1774233091.5589366,28.100982666015625,50.0
1774233091.6099424,28.279476928710938,50.0
1774233091.6751115,27.860821533203126,50.0
1774233091.7315683,28.185736083984374,50.0
1774233091.8062367,28.403048706054687,50.0
1774233091.879354,28.14046630859375,50.0
1774233091.9275439,28.202377319335938,50.0
1774233091.9883466,28.66179504394531,50.0
1774233092.0517886,28.44512939453125,50.0
1774233092.118151,28.226895141601563,50.0
1774233092.1822317,29.106414794921875,50.0
1774233092.2337632,28.3753173828125,50.0
1774233092.2991657,28.504534912109374,50.0
1774233092.359069,28.316180419921874,50.0
1774233092.422287,28.362936401367186,50.0
1774233092.4897292,28.390216064453124,50.0
1774233092.551864,28.263119506835938,50.0
1774233092.6172686,28.864016723632812,50.0
1774233092.6834738,28.21256103515625,50.0
1774233092.7519224,28.4315185546875,50.0
1774233092.798044,28.26610412597656,50.0
1774233092.8657036,28.387286376953124,50.0
1774233092.9335995,28.1296875,50.0
1774233093.0013056,28.218771362304686,50.0
1774233093.0513582,28.255804443359374,50.0
1774233093.1167796,28.25740966796875,50.0
1774233093.186762,28.302996826171874,50.0
1774233093.2332244,28.788046264648436,50.0
1774233093.3001487,28.495245361328124,50.0
1774233093.3669481,28.479324340820312,50.0
1774233093.427435,29.07723388671875,50.0
1774233093.47791,28.8849609375,50.0
1774233093.5517561,28.642913818359375,50.0
1774233093.6173742,28.505429077148438,50.0
1774233093.6643794,28.502352905273437,50.0
1774233093.7293365,28.4511474609375,50.0
1774233093.8002894,28.20909729003906,50.0
1774233093.8673582,28.95137939453125,50.0
1774233093.921083,28.411697387695312,50.0
1774233093.9843957,28.151791381835938,50.0
1774233094.0435133,28.291482543945314,50.0
1774233094.1072838,28.258743286132812,50.0
1774233094.172485,28.120379638671874,50.0
1774233094.2464333,28.15986328125,50.0
1774233094.2934418,28.075881958007812,50.0
1774233094.3600204,28.221435546875,50.0
1774233094.4224164,27.95845947265625,50.0
1774233094.4852073,28.33104248046875,50.0
1774233094.5511394,28.32681884765625,50.0
1774233094.6019595,28.203738403320312,50.0
1774233094.6679587,28.086865234375,50.0
1774233094.7337077,28.177334594726563,50.0
1774233094.8006632,28.33550109863281,50.0
1774233094.8509753,28.265896606445313,50.0
1774233094.9237304,28.254940795898438,50.0
1774233094.9884255,28.18436279296875,50.0
1774233095.0363588,28.452761840820312,50.0
1774233095.1050115,28.5107666015625,50.0
1774233095.1684904,28.38493957519531,50.0
1774233095.3908129,28.403048706054687,50.0
1774233095.4699667,28.50745849609375,50.0
1774233095.5394375,28.06804504394531,50.0
1774233095.602345,28.335430908203126,50.0
1774233095.6683037,28.11780700683594,50.0
1774233095.7359467,28.29120788574219,50.0
1774233095.7947571,28.194149780273438,50.0
1774233095.8531775,28.20252685546875,50.0
1774233095.9185002,28.116806030273438,50.0
1774233095.9799414,28.541293334960937,50.0
1774233096.0392864,28.370565795898436,50.0
1774233096.102955,28.24957275390625,50.0
1774233096.339777,28.563037109375,50.0
1774233096.4210153,28.357794189453124,50.0
1774233096.4903502,28.437130737304688,50.0
1774233096.54878,28.37183532714844,50.0
1774233096.6207104,28.386395263671876,50.0
1774233096.6736515,28.011502075195313,50.0
1774233096.7402787,28.35077819824219,50.0
1774233096.8061914,28.612710571289064,50.0
1774233096.8586,28.462918090820313,50.0
1774233096.930942,28.852197265625,50.0
1774233096.9948206,28.589739990234374,50.0
1774233097.0503273,28.648171997070314,50.0
1774233097.2568295,28.52953186035156,50.0
1774233097.3145137,28.64130554199219,50.0
1774233097.3676457,28.4665771484375,50.0
1774233097.416966,28.404080200195313,50.0
1774233097.4890118,28.52601318359375,50.0
1774233097.5532317,28.427890014648437,50.0
1774233097.606788,28.376715087890624,50.0
1774233097.6704886,28.388650512695314,50.0
1774233097.732567,28.306088256835938,50.0
1774233097.8019779,28.21407470703125,50.0
1774233097.8586009,28.020623779296876,50.0
1774233097.9259343,28.343624877929688,50.0
1774233097.9772565,28.15655517578125,50.0
1774233098.0409155,28.28372802734375,50.0
1774233098.1066604,28.045428466796874,50.0
1774233098.1756117,28.126104736328124,50.0
1774233098.237561,28.188214111328126,50.0
1774233098.3027565,27.646697998046875,50.0
1774233098.3723829,28.119580078125,50.0
1774233098.4202878,28.134967041015624,50.0
1774233098.4809418,28.030294799804686,50.0
1774233098.5494964,28.232305908203124,50.0
1774233098.614161,28.22644958496094,50.0
1774233098.6772537,28.26177978515625,50.0
1774233098.7255085,28.300741577148436,50.0
1774233098.7873516,28.200006103515626,50.0
1774233098.855519,28.280291748046874,50.0
1774233098.9249907,28.40422668457031,50.0
1774233098.987815,27.817019653320312,50.0
1774233099.0550349,28.185208129882813,50.0
1774233099.1114137,28.1456298828125,50.0
1774233099.1683123,28.301080322265626,50.0
1774233099.2258897,28.039599609375,50.0
1774233099.3989992,28.165093994140626,50.0
1774233099.4716015,28.188909912109374,50.0
1774233099.5379927,27.9729736328125,50.0
1774233099.6049948,28.830123901367188,50.0
1774233099.6702566,28.309262084960938,50.0
1774233099.7408082,28.26679382324219,50.0
1774233099.7879622,28.20538330078125,50.0
1774233099.8510385,28.287017822265625,50.0
1774233099.9130642,28.518649291992187,50.0
1774233099.9738693,28.523745727539062,50.0
1774233100.0388446,28.438653564453126,50.0
1774233100.1039262,28.505081176757812,50.0
1774233100.16682,28.312258911132812,50.0
1774233100.2322404,27.972518920898438,50.0
1774233100.2956314,28.105105590820312,50.0
1774233100.3586438,28.438619995117186,50.0
1774233100.4212337,28.167269897460937,50.0
1774233100.4820516,27.882748413085938,50.0
1774233100.5457714,27.916287231445313,50.0
1774233100.6059215,27.971063232421876,50.0
1774233100.6743505,28.183660888671874,50.0
1774233100.7352133,28.83465576171875,50.0
1774233100.7967732,28.23414306640625,50.0
1774233100.996362,28.221478271484376,50.0
1774233101.0409148,28.22908935546875,50.0
1774233101.1057582,28.120523071289064,50.0
1774233101.1732166,28.14761962890625,50.0
1774233101.234553,27.971044921875,50.0
1774233101.2992258,28.160098266601562,50.0
1774233101.3444066,28.82109680175781,50.0
1774233101.4060023,28.141293334960938,50.0
1774233101.4680507,28.507025146484374,50.0
1774233101.5298593,28.375936889648436,50.0
1774233101.608107,28.65001525878906,50.0
1774233101.6754935,28.29778137207031,50.0
1774233101.7410102,28.260150146484374,50.0
1774233101.8065739,28.10599365234375,50.0
1774233101.8746653,28.212335205078126,50.0
1774233101.9375148,28.389785766601562,50.0
1774233101.9984322,28.304855346679688,50.0
1774233102.0659342,28.277557373046875,50.0
1774233102.1310582,28.243597412109374,50.0
1774233102.1934128,28.384274291992188,50.0
1774233102.3991177,28.830776977539063,50.0
1774233102.4476864,28.553311157226563,50.0
1774233102.5059183,28.088339233398436,50.0
1774233102.5579119,28.37738952636719,50.0
1774233102.6287143,28.665887451171876,50.0
1774233102.6932068,29.283599853515625,50.0
1774233102.7574825,28.152825927734376,50.0
1774233102.8261318,28.50188293457031,50.0
1774233102.880806,28.443905639648438,50.0
1774233102.9411938,28.442538452148437,50.0
1774233102.9955301,28.298516845703126,50.0
1774233103.0596738,28.519308471679686,50.0
1774233103.1253638,28.1421875,50.0
1774233103.192008,28.272116088867186,50.0
1774233103.244642,28.16455993652344,50.0
1774233103.3101542,28.140203857421874,50.0
1774233103.3814778,27.868301391601562,50.0
1774233103.4268968,27.788055419921875,50.0
1774233103.4860792,28.02680358886719,50.0
1774233103.5481238,28.20933837890625,50.0
1774233103.6094058,28.73216552734375,50.0
1774233103.6733706,28.27850341796875,50.0
1774233103.7358868,28.282861328125,50.0
1774233103.794816,28.306704711914062,50.0
1774233103.871056,27.895440673828126,50.0
1774233103.9324613,28.384686279296876,50.0
1774233104.01117,27.906344604492187,50.0
1774233104.056577,28.021530151367188,50.0
1774233104.1286283,28.707568359375,50.0
1774233104.182264,28.377789306640626,50.0
1774233104.254314,28.21319580078125,50.0
1774233104.3110976,28.003933715820313,50.0
1774233104.3651404,28.24681396484375,50.0
1774233104.4292881,28.530880737304688,50.0
1774233104.4933047,29.194085693359376,50.0
1774233104.5592525,28.22335205078125,50.0
1774233104.6335196,28.300326538085937,50.0
1774233104.6865845,28.386227416992188,50.0
1774233104.7602024,28.438824462890626,50.0
1774233104.8277714,29.2637939453125,50.0
1774233104.8809552,28.41431884765625,50.0
1774233104.9503045,28.38004150390625,50.0
1774233105.000719,28.476873779296874,50.0
1774233105.0461814,28.426406860351562,50.0
1774233105.113266,28.494790649414064,50.0
1774233105.1773078,28.45531005859375,50.0
1774233105.2509801,27.98857421875,50.0
1774233105.3116887,28.243490600585936,50.0
1774233105.377429,28.36971435546875,50.0
1774233105.4409819,27.644793701171874,50.0
1774233105.514257,28.057101440429687,50.0
1774233105.5616088,28.372891235351563,50.0
1774233105.6285403,28.374554443359376,50.0
1774233105.690253,28.223776245117186,50.0
1774233105.8989146,28.105950927734376,50.0
1774233105.9473877,28.408401489257812,50.0
1774233106.0158794,28.211663818359376,50.0
1774233106.0646684,28.198440551757812,50.0
1774233106.1309974,28.179751586914062,50.0
1774233106.1972158,28.243838500976562,50.0
1774233106.267465,28.370172119140626,50.0
1774233106.3297548,28.22460021972656,50.0
1774233106.396691,28.440170288085938,50.0
1774233106.4612086,28.0519775390625,50.0
1774233106.5225344,28.31495056152344,50.0
1774233106.586896,28.31957092285156,50.0
1774233106.6409245,28.269512939453126,50.0
1774233106.7081947,28.337884521484376,50.0
1774233106.778953,28.596173095703126,50.0
1774233106.828959,28.07756652832031,50.0
1774233106.8953297,28.205673217773438,50.0
1774233106.9556031,28.508584594726564,50.0
1774233107.0223799,28.393475341796876,50.0
1774233107.0871406,28.411398315429686,50.0
1774233107.1352634,27.809207153320312,50.0
1774233107.1961284,28.306964111328124,50.0
1774233107.2638037,28.145062255859376,50.0
1774233107.3296862,28.221640014648436,50.0
1774233107.3974774,28.196368408203124,50.0
1774233107.4538653,28.453509521484374,50.0
1774233107.5153794,27.85553894042969,50.0
1774233107.5813894,28.51417236328125,50.0
1774233107.6468601,28.405572509765626,50.0
1774233107.7055764,28.035580444335938,50.0
1774233107.7716734,28.32982177734375,50.0
1774233107.8387043,27.976913452148438,50.0
1774233107.8861215,28.370147705078125,50.0
1774233107.9520066,28.261654663085938,50.0
1774233108.0107665,28.380465698242187,50.0
1774233108.0811386,28.415167236328124,50.0
1774233108.14996,28.259075927734376,50.0
1774233108.205111,28.425662231445312,50.0
1774233108.2615514,28.375930786132812,50.0
1774233108.3408923,28.43082275390625,50.0
1774233108.3919857,28.465447998046876,50.0
1774233108.473573,28.15697021484375,50.0
1774233108.5181832,28.013778686523438,50.0
1774233108.5802338,27.811102294921874,50.0
1774233108.6416407,28.149884033203126,50.0
1774233108.703921,28.117205810546874,50.0
1774233108.7615936,28.026272583007813,50.0
1774233108.8228993,28.055947875976564,50.0
1774233108.8984153,28.112066650390624,50.0
1774233108.946965,28.30303039550781,50.0
1774233109.0163593,28.320370483398438,50.0
1774233109.0809016,28.550579833984376,50.0
1774233109.1257713,28.53599853515625,50.0
1774233109.1985083,28.361260986328126,50.0
1774233109.267806,28.178814697265626,50.0
1774233109.3167233,28.34595642089844,50.0
1774233109.3802264,28.5206787109375,50.0
1774233109.4474232,28.220046997070312,50.0
1774233109.513706,28.278659057617187,50.0
1774233109.582841,28.165216064453126,50.0
1774233109.6287725,28.34486083984375,50.0
1774233109.7025247,28.548974609375,50.0
1774233109.7493572,28.257708740234374,50.0
1774233109.8140225,28.323764038085937,50.0
1774233109.8838377,27.9749267578125,50.0
1774233109.9473004,29.081765747070314,50.0
1774233110.0088084,28.4052490234375,50.0
1774233110.0676708,28.317593383789063,50.0
1774233110.1310794,28.406979370117188,50.0
1774233110.1931753,28.33212890625,50.0
1774233110.2648883,28.7588623046875,50.0
1774233110.3233385,28.187811279296874,50.0
1774233110.3971713,28.71483154296875,50.0
1774233110.4601731,28.60615234375,50.0
1774233110.5082378,28.414712524414064,50.0
1774233110.5687058,28.489334106445312,50.0
1774233110.6313434,29.24437561035156,50.0
1774233110.6986558,28.749432373046876,50.0
1774233110.7651894,28.824798583984375,50.0
1774233110.825992,28.600860595703125,50.0
1774233110.890693,28.621905517578124,50.0
1774233110.9541404,28.57694091796875,50.0
1774233111.154372,28.098748779296876,50.0
1774233111.2034109,28.223556518554688,50.0
1774233111.2513015,28.286163330078125,50.0
1774233111.316988,28.018817138671874,50.0
1774233111.382369,28.0429931640625,50.0
1774233111.4490254,28.155227661132812,50.0
1774233111.5087745,28.153683471679688,50.0
1774233111.567431,28.132247924804688,50.0
1774233111.6319795,27.999356079101563,50.0
1774233111.700016,28.238235473632812,50.0
1774233111.7688513,28.259872436523438,50.0
1774233111.8177834,28.215255737304688,50.0
1774233111.8831306,28.141998291015625,50.0
1774233111.9429111,28.093856811523438,50.0
1774233112.0063882,28.35006103515625,50.0
1774233112.074441,28.376904296875,50.0
1774233112.1448438,28.434548950195314,50.0
1774233112.2304318,28.327804565429688,50.0
1774233112.2776103,28.071356201171874,50.0
1774233112.3313472,28.205447387695312,50.0
1774233112.3812,28.240707397460938,50.0
1774233112.4426734,28.144122314453124,50.0
1774233112.5009012,27.853546142578125,50.0
1774233112.5710096,28.3937744140625,50.0
1774233112.6328201,27.821670532226562,50.0
1774233112.702914,28.152606201171874,50.0
1774233112.7726817,28.439678955078126,50.0
1774233112.8412108,28.443966674804688,50.0
1774233112.890213,28.389431762695313,50.0
1774233112.9541616,28.394146728515626,50.0
1774233113.0110574,28.3618408203125,50.0
1774233113.0728843,28.592282104492188,50.0
1774233113.1401076,28.458526611328125,50.0
1774233113.201358,28.285296630859374,50.0
1774233113.261165,28.146401977539064,50.0
1774233113.333927,28.198638916015625,50.0
1774233113.3925312,28.472879028320314,50.0
1774233113.442716,28.013412475585938,50.0
1774233113.5013573,28.188949584960938,50.0
1774233113.5609052,28.206875610351563,50.0
1774233113.6311653,28.464743041992186,50.0
1774233113.7009764,28.271072387695312,50.0
1774233113.7708008,28.258071899414062,50.0
1774233113.8331137,29.16258850097656,50.0
1774233113.8912365,28.76817626953125,50.0
1774233113.9512265,28.519638061523438,50.0
1774233114.016758,28.643756103515624,50.0
1774233114.0839744,28.704156494140626,50.0
1774233114.150918,28.551980590820314,50.0
1774233114.192025,28.638934326171874,50.0
1774233114.2612717,28.482949829101564,50.0
1774233114.334812,28.439926147460938,50.0
1774233114.3851604,28.60877380371094,50.0
1774233114.451267,28.37930908203125,50.0
1774233114.5202136,28.49580078125,50.0
1774233114.576579,28.561203002929688,50.0
1774233114.641141,28.40439453125,50.0
1774233114.70118,28.333819580078124,50.0
1774233114.7670085,28.305581665039064,50.0
1774233114.830109,28.372409057617187,50.0
1774233114.893141,28.362283325195314,50.0
1774233114.952603,28.350015258789064,50.0
1774233115.018594,28.437118530273438,50.0
1774233115.0822046,28.4020751953125,50.0
1774233115.1511786,27.729364013671876,50.0
1774233115.2112994,28.19941101074219,50.0
1774233115.271047,28.187149047851562,50.0
1774233115.3344235,28.032431030273436,50.0
1774233115.4012296,27.884097290039062,50.0
1774233115.4449904,28.05931396484375,50.0
1774233115.51121,28.030389404296876,50.0
1774233115.5712645,28.084912109375,50.0
1774233115.636369,28.1560302734375,50.0
1774233115.692372,27.618411254882812,50.0
1774233115.7587485,28.285519409179688,50.0
1774233115.8213139,28.060272216796875,50.0
1774233115.8832464,28.112448120117186,50.0
1774233115.9542007,27.748538208007812,50.0
1774233116.0239086,28.07696533203125,50.0
1774233116.0708232,28.182232666015626,50.0
1774233116.140158,28.621405029296874,50.0
1774233116.2028263,28.5733642578125,50.0
1774233116.261207,28.371978759765625,50.0
1774233116.320895,28.65718994140625,50.0
1774233116.3833094,28.51091613769531,50.0
1774233116.4411871,28.416815185546874,50.0
1774233116.5024855,27.913800048828126,50.0
1774233116.570221,28.057965087890626,50.0
1774233116.640278,28.158370971679688,50.0
1774233116.7021353,28.1962158203125,50.0
1774233116.7628603,28.24653015136719,50.0
1774233116.830073,28.729458618164063,50.0
1774233116.902431,28.425213623046876,50.0
1774233116.9562707,28.67239990234375,50.0
1774233117.0131915,28.51050720214844,50.0
1774233117.0711918,28.39983215332031,50.0
1774233117.1410265,28.628140258789063,50.0
1774233117.1828394,28.393072509765624,50.0
1774233117.252978,28.973883056640624,50.0
1774233117.3209503,28.42633056640625,50.0
1774233117.3866138,28.19623718261719,50.0
1774233117.4412386,28.609808349609374,50.0
1774233117.510384,28.23106994628906,50.0
1774233117.5711155,28.394131469726563,50.0
1774233117.631409,28.32322998046875,50.0
1774233117.7042973,29.037664794921874,50.0
1774233117.770841,28.474472045898438,50.0
1774233117.8310552,28.347048950195312,50.0
1774233117.8961647,28.428302001953124,50.0
1774233117.9509985,28.417791748046874,50.0
1774233117.9929147,28.981500244140626,50.0
1774233118.0630202,29.121954345703124,50.0
1774233118.1212156,28.592245483398436,50.0
1774233118.1837676,28.696856689453124,50.0
1774233118.2525644,28.70752868652344,50.0
1774233118.3125153,28.918869018554688,50.0
1774233118.3711848,28.544793701171876,50.0
1774233118.4408295,28.31621398925781,50.0
1774233118.5027003,28.590728759765625,50.0
1774233118.5729418,28.648605346679688,50.0
1774233118.6350691,28.41082763671875,50.0
1774233118.693402,28.247964477539064,50.0
1774233118.760951,28.380844116210938,50.0
1774233118.820808,28.056375122070314,50.0
1774233118.8911128,27.95120849609375,50.0
1774233118.9510608,28.068563842773436,50.0
1774233119.01269,28.163455200195312,50.0
1774233119.07127,28.307012939453124,50.0
1774233119.1348765,28.480535888671874,50.0
1774233119.2023916,27.88312683105469,50.0
1774233119.25113,28.417413330078126,50.0
1774233119.31326,28.477999877929687,50.0
1774233119.3800235,28.205633544921874,50.0
1774233119.4412014,28.971456909179686,50.0
1774233119.5022593,28.444241333007813,50.0
1774233119.5674853,28.51343688964844,50.0
1774233119.6236377,29.192462158203124,50.0
1774233119.6872432,28.234451293945312,50.0
1774233119.7529917,28.490921020507812,50.0
1774233119.844368,28.34625244140625,50.0
1774233119.8928776,28.294580078125,50.0
1774233119.9638767,28.43561706542969,50.0
1774233120.01795,28.57393798828125,50.0
1774233120.0713263,28.71494140625,50.0
1774233120.1233006,28.540625,50.0
1774233120.189876,28.49752197265625,50.0
1774233120.2600853,28.352960205078126,50.0
1774233120.3252935,28.182632446289062,50.0
1774233120.3910763,28.139999389648438,50.0
1774233120.4702237,28.1716552734375,50.0
1774233120.5111012,28.264633178710938,50.0
1774233120.5838356,28.92889404296875,50.0
1774233120.658187,28.429440307617188,50.0
1774233120.7202342,28.354638671875,50.0
1774233120.7675312,28.649774169921876,50.0
1774233120.833504,28.557061767578126,50.0
1774233120.8929045,28.57848205566406,50.0
1774233120.9422996,28.566873168945314,50.0
1774233121.0137694,28.444943237304688,50.0
1774233121.0739703,28.763946533203125,50.0
1774233121.140938,28.560830688476564,50.0
1774233121.201189,28.4735595703125,50.0
1774233121.261118,28.634060668945313,50.0
1774233121.4611876,28.528350830078125,50.0
1774233121.5101016,28.499957275390624,50.0
1774233121.5771737,28.619937133789062,50.0
1774233121.6364753,28.08704833984375,50.0
1774233121.6990314,28.276348876953126,50.0
1774233121.7596655,28.133193969726562,50.0
1774233121.8257694,28.29798278808594,50.0
1774233121.8861961,28.112698364257813,50.0
1774233121.9532735,28.782943725585938,50.0
1774233122.0080626,28.673712158203124,50.0
1774233122.0786018,28.37896728515625,50.0
1774233122.1255836,28.506719970703124,50.0
1774233122.1975348,28.558535766601562,50.0
1774233122.2517967,28.314407348632812,50.0
1774233122.3126245,28.48553466796875,50.0
1774233122.3856096,28.08101806640625,50.0
1774233122.441256,28.019631958007814,50.0
1774233122.5025222,28.36805114746094,50.0
1774233122.5659094,27.9936279296875,50.0
1774233122.6212883,28.546023559570312,50.0
1774233122.6956203,28.384249877929687,50.0
1774233122.7608,28.32549133300781,50.0
1774233122.822208,28.39704284667969,50.0
1774233122.8910513,28.34308776855469,50.0
1774233122.961031,28.460720825195313,50.0
1774233123.0145652,28.547442626953124,50.0
1774233123.0726736,28.420989990234375,50.0
1774233123.1309164,28.08499755859375,50.0
1774233123.2011771,28.297744750976562,50.0
1774233123.2601268,28.4023681640625,50.0
1774233123.3213518,28.349380493164062,50.0
1774233123.3910725,28.047756958007813,50.0
1774233123.460224,28.178314208984375,50.0
1774233123.5070586,28.211502075195312,50.0
1774233123.5809891,28.317144775390624,50.0
1774233123.6208694,28.175067138671874,50.0
1774233123.683674,28.254745483398438,50.0
1774233123.752945,28.22918701171875,50.0
1774233123.8112152,28.359716796875,50.0
1774233123.873245,28.47911376953125,50.0
1774233123.941024,28.226202392578124,50.0
1774233124.0023644,28.47443542480469,50.0
1774233124.0726156,28.187710571289063,50.0
1774233124.1426322,28.165740966796875,50.0
1774233124.2101712,28.364712524414063,50.0
1774233124.2678165,28.3960693359375,50.0
1774233124.3412566,28.469943237304687,50.0
1774233124.3829405,28.339639282226564,50.0
1774233124.4510245,28.21907958984375,50.0
1774233124.5128126,28.7687744140625,50.0
1774233124.5710175,28.495416259765626,50.0
1774233124.6209047,28.425924682617186,50.0
1774233124.6913514,28.3805908203125,50.0
1774233124.7611616,28.416632080078124,50.0
1774233124.820513,28.57987060546875,50.0
1774233124.8812535,28.349258422851562,50.0
1774233124.9410913,28.198388671875,50.0
1774233125.0108664,28.389321899414064,50.0
1774233125.0773313,28.193524169921876,50.0
1774233125.143301,28.34723815917969,50.0
1774233125.212506,28.793716430664062,50.0
1774233125.261248,28.379144287109376,50.0
1774233125.321391,28.40687255859375,50.0
1774233125.3809416,28.06383361816406,50.0
1774233125.4501126,28.555160522460938,50.0
1774233125.5126896,28.2584716796875,50.0
1774233125.5710363,28.607095336914064,50.0
1774233125.641407,27.947933959960938,50.0
1774233125.7026536,28.28917236328125,50.0
1774233125.7709303,28.601455688476562,50.0
1774233125.9830837,28.09721984863281,50.0
1774233126.060957,28.642337036132812,50.0
1774233126.1225328,28.311630249023438,50.0
1774233126.200209,28.428399658203126,50.0
1774233126.2708645,28.450405883789063,50.0
1774233126.3208175,28.34791259765625,50.0
1774233126.385348,28.20415344238281,50.0
1774233126.4435794,28.878094482421876,50.0
1774233126.6800363,28.707418823242186,50.0
1774233126.7426383,28.1482177734375,50.0
1774233126.8135424,27.931268310546876,50.0
1774233126.8809419,28.191485595703124,50.0
1774233126.9411702,28.072610473632814,50.0
1774233127.0138795,28.137393188476562,50.0
1774233127.0780027,28.046624755859376,50.0
1774233127.1430314,28.34097900390625,50.0
1774233127.210998,28.562863159179688,50.0
1774233127.2801929,28.630844116210938,50.0
1774233127.322368,28.368936157226564,50.0
1774233127.3809211,28.462890625,50.0
1774233127.450101,28.554296875,50.0
1774233127.5123599,28.346685791015624,50.0
1774233127.5828173,28.3541015625,50.0
1774233127.7812498,28.216616821289062,50.0
1774233127.8308961,28.57906494140625,50.0
1774233127.8912802,28.49274597167969,50.0
1774233127.9529219,28.2630615234375,50.0
1774233128.020801,28.399252319335936,50.0
1774233128.0808697,28.354641723632813,50.0
1774233128.142543,28.221951293945313,50.0
1774233128.2130086,28.621505737304688,50.0
1774233128.2708573,28.53528747558594,50.0
1774233128.337592,28.33568420410156,50.0
1774233128.3979192,28.401974487304688,50.0
1774233128.445584,28.449356079101562,50.0
1774233128.5011077,28.4462890625,50.0
1774233128.5612404,28.24647216796875,50.0
1774233128.6313405,28.472311401367186,50.0
1774233128.6928372,28.291928100585938,50.0
1774233128.761081,28.051052856445313,50.0
1774233128.8209412,28.70337829589844,50.0
1774233128.8825538,28.6625244140625,50.0
1774233128.9412196,28.43743896484375,50.0
1774233129.0030181,28.263644409179687,50.0
1774233129.0633438,28.501712036132812,50.0
1774233129.1270297,28.260470581054687,50.0
1774233129.1911304,28.07325439453125,50.0
1774233129.2525806,28.341567993164062,50.0
1774233129.3201725,28.245486450195312,50.0
1774233129.3812106,28.33934326171875,50.0
1774233129.448908,27.993435668945313,50.0
1774233129.5158393,28.296231079101563,50.0
1774233129.5808468,28.172811889648436,50.0
1774233129.6310284,28.199078369140626,50.0
1774233129.692864,28.408831787109374,50.0
1774233129.7648094,28.14403381347656,50.0
1774233129.8212738,28.11591796875,50.0
1774233129.8827024,28.297900390625,50.0
1774233130.071924,28.343447875976562,50.0
1774233130.1330903,28.345535278320312,50.0
1774233130.1943083,27.9694091796875,50.0
1774233130.260944,27.990072631835936,50.0
1774233130.311182,28.213385009765624,50.0
1774233130.3828573,28.092877197265626,50.0
1774233130.4421496,28.389752197265626,50.0
1774233130.5039237,28.884976196289063,50.0
1774233130.5701885,28.503439331054686,50.0
1774233130.6312404,28.681094360351562,50.0
1774233130.701055,28.516650390625,50.0
1774233130.7627785,28.578793334960938,50.0
1774233130.825915,29.025082397460938,50.0
1774233130.88786,28.682440185546874,50.0
1774233130.9510767,28.570843505859376,50.0
1774233131.0162075,28.420782470703124,50.0
1774233131.0723908,28.20661315917969,50.0
1774233131.1409972,28.463046264648437,50.0
1774233131.2036154,28.27100830078125,50.0
1774233131.270985,28.162051391601562,50.0
1774233131.3340032,28.3541015625,50.0
1774233131.3824224,28.35955810546875,50.0
1774233131.4327042,28.147384643554688,50.0
1774233131.5026565,28.326251220703124,50.0
1774233131.5710921,28.237371826171874,50.0
1774233131.6438417,28.098809814453126,50.0
1774233131.6899683,28.489218139648436,50.0
1774233131.7539508,28.373495483398436,50.0
1774233131.8175626,28.332962036132812,50.0
1774233131.8854797,29.0281982421875,50.0
1774233131.9501112,28.543475341796874,50.0
1774233132.0176733,28.554159545898436,50.0
1774233132.0651968,28.577572631835938,50.0
1774233132.2160387,28.2128173828125,50.0
1774233132.2690957,28.503689575195313,50.0
1774233132.333873,28.63825378417969,50.0
1774233132.3919034,28.405538940429686,50.0
1774233132.5801191,28.945254516601562,50.0
1774233132.6392138,28.67676696777344,50.0
1774233132.6890852,28.73250732421875,50.0
1774233132.7687793,28.622076416015624,50.0
1774233132.819225,28.606695556640624,50.0
1774233132.8884892,28.590182495117187,50.0
1774233132.9492676,28.419598388671876,50.0
1774233133.018898,28.592758178710938,50.0
1774233133.0839937,28.61829528808594,50.0
1774233133.1310701,28.542788696289062,50.0
1774233133.2026286,28.721417236328126,50.0
1774233133.25121,28.258306884765624,50.0
1774233133.325711,28.648175048828126,50.0
1774233133.3826008,28.493569946289064,50.0
1774233133.4510498,28.283938598632812,50.0
1774233133.5227516,28.495556640625,50.0
1774233133.592275,28.25634765625,50.0
1774233133.6371086,27.926995849609376,50.0
1774233133.7011812,28.0991943359375,50.0
1774233133.7680936,28.148486328125,50.0
1774233133.820778,28.401583862304687,50.0
1774233133.887319,28.320172119140626,50.0
1774233133.9369063,28.2210205078125,50.0
1774233134.0038133,28.419815063476562,50.0
1774233134.0771985,28.39409484863281,50.0
1774233134.1347892,29.11895751953125,50.0
1774233134.2040513,28.544842529296876,50.0
1774233134.2506902,28.6862548828125,50.0
1774233134.3194163,28.604302978515626,50.0
1774233134.3859873,28.383895874023438,50.0
1774233134.4476151,28.66812744140625,50.0
1774233134.5046203,28.405441284179688,50.0
1774233134.5726779,28.5156982421875,50.0
1774233134.6438587,28.05931701660156,50.0
1774233134.7093987,28.371240234375,50.0
1774233134.7528415,28.265701293945312,50.0
1774233134.810928,28.37493896484375,50.0
1774233134.8764515,28.30359802246094,50.0
1774233134.9440744,28.347967529296874,50.0
1774233135.0031197,28.46700439453125,50.0
1774233135.063597,28.5255859375,50.0
1774233135.1216412,29.038714599609374,50.0
1774233135.1882403,29.296035766601562,50.0
1774233135.2508304,28.75592956542969,50.0
1774233135.3136015,28.78363037109375,50.0
1774233135.3742266,29.308389282226564,50.0
1774233135.4412239,28.775247192382814,50.0
1774233135.5053716,28.6639404296875,50.0
1774233135.5638697,28.570965576171876,50.0
1774233135.6219864,28.230953979492188,50.0
1774233135.6900797,28.3551025390625,50.0
1774233135.7484245,28.399200439453125,50.0
1774233135.8108647,27.887796020507814,50.0
1774233135.87351,28.975430297851563,50.0
1774233135.9399245,28.041055297851564,50.0
1774233136.004712,28.497808837890624,50.0
1774233136.0649915,28.306716918945312,50.0
1774233136.1309166,28.370184326171874,50.0
1774233136.1902158,28.364364624023438,50.0
1774233136.250142,28.259860229492187,50.0
1774233136.3151662,28.189877319335938,50.0
1774233136.3764722,28.411529541015625,50.0
1774233136.4366453,28.33984375,50.0
1774233136.5109544,28.141744995117186,50.0
1774233136.573072,28.295272827148438,50.0
1774233136.648167,28.38099060058594,50.0
1774233136.6932561,28.290652465820312,50.0
1774233136.756361,28.18509521484375,50.0
1774233136.8213344,28.23322448730469,50.0
1774233136.8757846,28.2236328125,50.0
1774233137.0481758,28.38654479980469,50.0
1774233137.1278846,28.440304565429688,50.0
1774233137.1888797,28.440109252929688,50.0
1774233137.254823,28.16148986816406,50.0
1774233137.312968,28.495272827148437,50.0
1774233137.3737285,28.431637573242188,50.0
1774233137.4509325,28.436651611328124,50.0
1774233137.5353189,28.36131591796875,50.0
1774233137.580928,28.3087158203125,50.0
1774233137.635978,28.375155639648437,50.0
1774233137.6912708,28.45269775390625,50.0
1774233137.7566066,28.257284545898436,50.0
1774233137.8145857,28.09847412109375,50.0
1774233137.8740938,28.211447143554686,50.0
1774233137.9412026,28.508688354492186,50.0
1774233138.0000172,28.316455078125,50.0
1774233138.0609803,28.254299926757813,50.0
1774233138.1237144,28.13988037109375,50.0
1774233138.1911557,28.23340759277344,50.0
1774233138.2631228,28.29425048828125,50.0
1774233138.3329294,28.31549987792969,50.0
1774233138.3897686,28.13721923828125,50.0
1774233138.4578612,28.514532470703124,50.0
1774233138.5109239,28.03905029296875,50.0
1774233138.573681,28.221713256835937,50.0
1774233138.6309488,28.051974487304687,50.0
1774233138.6894386,28.042446899414063,50.0
1774233138.7555528,28.235147094726564,50.0
1774233138.822752,28.20398864746094,50.0
1774233138.8811522,27.95723876953125,50.0
1774233138.9372592,27.999151611328124,50.0
1774233139.0006535,28.2647216796875,50.0
1774233139.0611439,28.90411376953125,50.0
1774233139.1256168,28.34495849609375,50.0
1774233139.1946023,28.481900024414063,50.0
1774233139.2561567,28.222003173828124,50.0
1774233139.3253024,28.495367431640624,50.0
1774233139.3918996,28.587689208984376,50.0
1774233139.4586098,28.767633056640626,50.0
1774233139.5100021,28.365805053710936,50.0
1774233139.5761833,28.693798828125,50.0
1774233139.6430135,28.586907958984376,50.0
1774233139.8451366,28.635220336914063,50.0
1774233139.8934374,28.535882568359376,50.0
1774233139.9611762,28.56297607421875,50.0
1774233140.0207698,28.279937744140625,50.0
1774233140.0808516,28.08568115234375,50.0
1774233140.1309452,28.31728515625,50.0
1774233140.1938221,27.9646240234375,50.0
1774233140.251228,28.337603759765624,50.0
1774233140.3112626,28.205780029296875,50.0
1774233140.5228395,28.20008544921875,50.0
1774233140.5726123,28.241836547851562,50.0
1774233140.631423,28.456640625,50.0
1774233140.6892018,28.36473388671875,50.0
1774233140.75056,27.7994873046875,50.0
1774233140.8214302,28.363299560546874,50.0
1774233140.8934767,28.2392578125,50.0
1774233140.9575574,28.625225830078126,50.0
1774233141.0078063,28.405572509765626,50.0
1774233141.0684912,28.249710083007812,50.0
1774233141.1272767,28.443423461914062,50.0
1774233141.1939595,28.409527587890626,50.0
1774233141.2599964,28.02755126953125,50.0
1774233141.3165,28.342507934570314,50.0
1774233141.3811843,28.32044372558594,50.0
1774233141.4409814,28.454800415039063,50.0
1774233141.5074804,28.380923461914062,50.0
1774233141.5676131,28.55966796875,50.0
1774233141.630353,28.211163330078126,50.0
1774233141.6948724,29.145974731445314,50.0
1774233141.762859,28.417202758789063,50.0
1774233141.837346,29.374160766601562,50.0
1774233141.8877401,28.586404418945314,50.0
1774233141.9462168,29.09599914550781,50.0
1774233142.0081801,29.38778076171875,50.0
1774233142.0739863,28.285968017578124,50.0
1774233142.1412077,28.72712097167969,50.0
1774233142.1902695,28.40563049316406,50.0
1774233142.2527661,28.038714599609374,50.0
1774233142.3242166,28.14447937011719,50.0
1774233142.3809636,28.371481323242186,50.0
1774233142.5527167,28.45640869140625,50.0
1774233142.6280022,28.6326904296875,50.0
1774233142.687557,28.219161987304688,50.0
1774233142.7544873,28.33147277832031,50.0
1774233142.8203504,28.480123901367186,50.0
1774233142.886875,28.180130004882812,50.0
1774233142.951109,28.133877563476563,50.0
1774233143.0112512,28.428244018554686,50.0
1774233143.0746646,28.48182373046875,50.0
1774233143.1310818,28.394760131835938,50.0
1774233143.19094,28.299310302734376,50.0
1774233143.263587,28.695034790039063,50.0
1774233143.3330495,28.460507202148438,50.0
1774233143.3811781,28.572659301757813,50.0
1774233143.453798,29.368243408203124,50.0
1774233143.5090082,28.274887084960938,50.0
1774233143.587068,28.758544921875,50.0
1774233143.642847,28.2186767578125,50.0
1774233143.693366,28.53648986816406,50.0
1774233143.765604,28.665234375,50.0
1774233143.9650352,28.506573486328126,50.0
1774233144.0149155,28.505645751953125,50.0
1774233144.077096,28.423300170898436,50.0
1774233144.1311698,28.517208862304688,50.0
1774233144.1980567,28.512734985351564,50.0
1774233144.2630541,28.605682373046875,50.0
1774233144.3309407,28.54287109375,50.0
1774233144.3809643,28.34967041015625,50.0
1774233144.4508626,28.523098754882813,50.0
1774233144.5168471,28.4629638671875,50.0
1774233144.5693126,28.461602783203126,50.0
1774233144.6353197,28.47021484375,50.0
1774233144.6966562,28.274191284179686,50.0
1774233144.7669718,28.925997924804687,50.0
1774233144.8411832,29.252978515625,50.0
1774233144.8966303,28.543551635742187,50.0
1774233144.960236,28.73702392578125,50.0
1774233145.0137775,28.284796142578124,50.0
1774233145.0726526,28.402554321289063,50.0
1774233145.1425054,28.46068420410156,50.0
1774233145.19046,28.380142211914062,50.0
1774233145.2554126,28.408447265625,50.0
1774233145.3180437,28.175250244140624,50.0
1774233145.3851123,28.489535522460937,50.0
1774233145.4473236,28.421188354492188,50.0
1774233145.5241516,28.536294555664064,50.0
1774233145.5701392,28.475341796875,50.0
1774233145.6377685,28.062371826171876,50.0
1774233145.704054,28.156521606445313,50.0
1774233145.7528296,28.226577758789062,50.0
1774233145.8153927,27.955465698242186,50.0
1774233145.8869624,28.090631103515626,50.0
1774233145.947807,28.145526123046874,50.0
1774233146.0076203,28.161660766601564,50.0
1774233146.070129,28.366357421875,50.0
1774233146.1307414,28.436874389648438,50.0
1774233146.195125,28.175631713867187,50.0
1774233146.2642114,28.998785400390624,50.0
1774233146.3312378,28.188800048828124,50.0
1774233146.3809714,29.206051635742188,50.0
1774233146.4484303,28.86666259765625,50.0
1774233146.504901,28.746914672851563,50.0
1774233146.5650234,28.781399536132813,50.0
1774233146.6432254,28.048159790039062,50.0
1774233146.70501,28.627786254882814,50.0
1774233146.767534,28.428564453125,50.0
1774233146.8344476,28.201080322265625,50.0
1774233146.9041026,28.400180053710937,50.0
1774233146.965434,28.285833740234374,50.0
1774233147.030445,28.64388427734375,50.0
1774233147.0971427,28.382119750976564,50.0
1774233147.1633062,28.5132080078125,50.0
1774233147.2103796,28.50634765625,50.0
1774233147.2728317,28.247030639648436,50.0
1774233147.337347,28.346414184570314,50.0
1774233147.410881,28.127407836914063,50.0
1774233147.463073,28.34266357421875,50.0
1774233147.5331862,27.939437866210938,50.0
1774233147.5871542,28.269879150390626,50.0
1774233147.648614,27.83250732421875,50.0
1774233147.722165,28.140985107421876,50.0
1774233147.780961,28.607025146484375,50.0
1774233147.8308375,28.120870971679686,50.0
1774233147.8987725,28.244082641601562,50.0
1774233147.9663389,28.2704833984375,50.0
1774233148.0261312,28.3971923828125,50.0
1774233148.088342,27.927737426757812,50.0
1774233148.1561654,28.169888305664063,50.0
1774233148.226464,28.103103637695312,50.0
1774233148.2727656,28.294863891601562,50.0
1774233148.3351324,28.093350219726563,50.0
1774233148.3993664,28.255838012695314,50.0
1774233148.464719,28.36658935546875,50.0
1774233148.5166588,28.335995483398438,50.0
1774233148.5802379,28.353485107421875,50.0
1774233148.6591327,28.494662475585937,50.0
1774233148.711282,28.306674194335937,50.0
1774233148.7703345,28.80756530761719,50.0
1774233148.8330543,28.0671875,50.0
1774233148.8932533,28.64012451171875,50.0
1774233148.9521105,28.520309448242188,50.0
1774233149.0253978,28.32662353515625,50.0
1774233149.0909727,28.05937805175781,50.0
1774233149.1533988,28.161770629882813,50.0
1774233149.216969,28.283956909179686,50.0
1774233149.2762134,28.035919189453125,50.0
1774233149.3331146,28.198248291015624,50.0
1774233149.3991086,28.335757446289062,50.0
1774233149.642708,28.04697265625,50.0
1774233149.7022355,28.06798400878906,50.0
1774233149.7650924,28.095272827148438,50.0
1774233149.8391662,28.345037841796874,50.0
1774233149.906774,28.30645751953125,50.0
1774233149.9562752,28.20478210449219,50.0
1774233150.0183022,28.477938842773437,50.0
1774233150.0833802,28.66300048828125,50.0
1774233150.143874,28.5316162109375,50.0
1774233150.2078872,28.535565185546876,50.0
1774233150.272898,29.188714599609376,50.0
1774233150.3488727,28.65815124511719,50.0
1774233150.4024801,28.639157104492188,50.0
1774233150.4661376,28.565594482421876,50.0
1774233150.516833,28.359112548828126,50.0
1774233150.582909,28.568606567382812,50.0
1774233150.644571,28.716696166992186,50.0
1774233150.872992,28.316827392578126,50.0
1774233150.9204445,28.1765380859375,50.0
1774233150.9700854,29.046514892578124,50.0
1774233151.0336742,28.6245361328125,50.0
1774233151.101235,28.56044921875,50.0
1774233151.148745,28.519903564453124,50.0
1774233151.219197,28.735073852539063,50.0
1774233151.2851279,28.228683471679688,50.0
1774233151.3380585,28.473883056640624,50.0
1774233151.3987682,28.473492431640626,50.0
1774233151.467505,28.590744018554688,50.0
1774233151.5334551,28.479583740234375,50.0
1774233151.6027827,28.443209838867187,50.0
1774233151.652801,28.318014526367186,50.0
1774233151.7211607,28.439297485351563,50.0
1774233151.7764053,28.428045654296874,50.0
1774233151.8377953,28.240634155273437,50.0
1774233151.9023318,28.55560302734375,50.0
1774233151.9626913,29.163815307617188,50.0
1774233152.0190876,28.5654052734375,50.0
1774233152.0786674,28.680484008789062,50.0
1774233152.1403508,28.367156982421875,50.0
1774233152.2142894,28.62724914550781,50.0
1774233152.271103,28.772537231445312,50.0
1774233152.3352385,28.112408447265626,50.0
1774233152.4036705,28.394363403320312,50.0
1774233152.4619968,28.3750732421875,50.0
1774233152.5233378,28.25151672363281,50.0
1774233152.5856292,28.444970703125,50.0
1774233152.650916,28.310516357421875,50.0
1774233152.718745,28.34593811035156,50.0
1774233152.7692208,28.552932739257812,50.0
1774233152.8289218,28.403302001953126,50.0
1774233152.8926132,28.6991455078125,50.0
1774233152.9539938,28.59744873046875,50.0
1774233153.0193105,28.388034057617187,50.0
1774233153.0855286,28.451361083984374,50.0
1774233153.1567829,28.045681762695313,50.0
1774233153.2210011,28.127178955078126,50.0
1774233153.287708,28.362933349609374,50.0
1774233153.336666,27.846755981445312,50.0
1774233153.4044309,28.4666748046875,50.0
1774233153.4624796,28.547689819335936,50.0
1774233153.5217488,28.05672607421875,50.0
1774233153.5869198,28.706381225585936,50.0
1774233153.6547217,28.347634887695314,50.0
1774233153.7032504,28.554348754882813,50.0
1774233153.7807848,28.549932861328124,50.0
1774233153.8380263,28.24646911621094,50.0
1774233153.901603,28.4908447265625,50.0
1774233153.9512413,28.33916015625,50.0
1774233154.0436366,28.358453369140626,50.0
1774233154.0909564,28.47205810546875,50.0
1774233154.1513486,28.866461181640624,50.0
1774233154.2185814,29.056439208984376,50.0
1774233154.2831101,28.580523681640624,50.0
1774233154.3529294,28.64281005859375,50.0
1774233154.4112737,28.899688720703125,50.0
1774233154.4738724,28.653665161132814,50.0
1774233154.5376036,28.51749267578125,50.0
1774233154.7609537,28.34996643066406,50.0
1774233154.8088117,28.774090576171876,50.0
1774233154.8773723,28.554592895507813,50.0
1774233154.9388206,28.22197265625,50.0
1774233154.999542,28.2470703125,50.0
1774233155.0725942,28.40745849609375,50.0
1774233155.125087,28.49590148925781,50.0
1774233155.174254,28.30462646484375,50.0
1774233155.2377937,28.395736694335938,50.0
1774233155.3033555,28.52918395996094,50.0
1774233155.3611374,28.55426940917969,50.0
1774233155.4235148,28.489547729492188,50.0
1774233155.484936,28.427365112304688,50.0
1774233155.5486586,28.56482849121094,50.0
1774233155.6080842,28.366378784179688,50.0
1774233155.6730163,28.3663818359375,50.0
1774233155.739985,28.078826904296875,50.0
1774233155.806409,28.36188659667969,50.0
1774233155.8708007,28.54773864746094,50.0
1774233155.93611,28.471649169921875,50.0
1774233155.984151,29.027590942382812,50.0
1774233156.0556269,28.142559814453126,50.0
1774233156.121991,28.6226806640625,50.0
1774233156.1866093,28.768051147460938,50.0
1774233156.252988,28.482321166992186,50.0
1774233156.3009663,28.743499755859375,50.0
1774233156.362714,28.395602416992187,50.0
1774233156.4249146,28.749774169921874,50.0
1774233156.6701212,28.568118286132812,50.0
1774233156.7402961,27.91016845703125,50.0
1774233156.8053882,28.6958251953125,50.0
1774233156.861272,28.454977416992186,50.0
1774233156.9252725,28.552423095703126,50.0
1774233156.9932578,28.264312744140625,50.0
1774233157.06092,27.9899169921875,50.0
1774233157.290266,28.3134521484375,50.0
1774233157.3603456,28.335879516601562,50.0
1774233157.4222198,28.430731201171874,50.0
1774233157.486765,28.891275024414064,50.0
1774233157.5559618,28.762881469726562,50.0
1774233157.625901,28.642984008789064,50.0
1774233157.6751163,28.73589172363281,50.0
1774233157.7391438,28.597442626953125,50.0
1774233157.8074508,29.159548950195312,50.0
1774233157.8711722,28.670111083984374,50.0
1774233157.9281566,28.3324951171875,50.0
1774233157.9911559,28.74117431640625,50.0
1774233158.0568683,28.578158569335937,50.0
1774233158.1238935,28.464932250976563,50.0
1774233158.184865,28.020303344726564,50.0
1774233158.2486572,28.314193725585938,50.0
1774233158.3112915,28.409317016601562,50.0
1774233158.3666346,28.418133544921876,50.0
1774233158.4302654,28.40513916015625,50.0
1774233158.495733,28.429150390625,50.0
1774233158.5590382,28.2173828125,50.0
1774233158.623656,28.28070983886719,50.0
1774233158.673618,28.219869995117186,50.0
1774233158.740971,28.459628295898437,50.0
1774233158.8079886,28.031719970703126,50.0
1774233158.8756375,28.47229919433594,50.0
1774233158.9407196,28.67191162109375,50.0
1774233158.989036,28.348373413085938,50.0
1774233159.0510726,28.58072509765625,50.0
1774233159.1125724,28.415484619140624,50.0
1774233159.1746547,28.322122192382814,50.0
1774233159.2337244,28.318435668945312,50.0
1774233159.3029926,28.10529479980469,50.0
1774233159.362955,28.430059814453124,50.0
1774233159.4263299,28.397927856445314,50.0
1774233159.4911532,28.42364501953125,50.0
1774233159.5588489,28.398135375976562,50.0
1774233159.6265907,28.566610717773436,50.0
1774233159.6852493,28.155459594726562,50.0
1774233159.7486284,28.50715026855469,50.0
1774233159.8202446,28.5938232421875,50.0
1774233159.863268,28.616015625,50.0
1774233159.926993,28.53675537109375,50.0
1774233159.9925742,29.02540283203125,50.0
1774233160.05844,28.57080993652344,50.0
1774233160.1181781,28.430728149414062,50.0
1774233160.1808197,28.533221435546874,50.0
1774233160.2422729,28.369973754882814,50.0
1774233160.310764,28.621444702148438,50.0
1774233160.3809385,28.402566528320314,50.0
1774233160.4439871,28.61192932128906,50.0
1774233160.4965954,28.45145263671875,50.0
1774233160.562813,28.29398193359375,50.0
1774233160.619009,28.43173828125,50.0
1774233160.6811626,28.35872802734375,50.0
1774233160.7439187,27.849868774414062,50.0
1774233160.800866,28.301907348632813,50.0
1774233160.9768164,28.06835021972656,50.0
1774233161.052377,28.24439697265625,50.0
1774233161.1272745,28.116244506835937,50.0
1774233161.176583,28.323764038085937,50.0
1774233161.2425754,28.244580078125,50.0
1774233161.3046205,28.300155639648438,50.0
1774233161.3660216,27.709616088867186,50.0
1774233161.430056,28.276651000976564,50.0
1774233161.4946558,27.990615844726562,50.0
1774233161.5615482,28.160736083984375,50.0
1774233161.6272397,28.859097290039063,50.0
1774233161.6869872,28.105084228515626,50.0
1774233161.7460725,28.770358276367187,50.0
1774233161.8078732,28.613467407226562,50.0
1774233161.8703134,28.638519287109375,50.0
1774233161.9277043,28.531573486328124,50.0
1774233161.9937215,28.612921142578124,50.0
1774233162.0647156,28.72633056640625,50.0
1774233162.1401238,28.54710998535156,50.0
1774233162.1908257,28.54906005859375,50.0
1774233162.2424457,28.46680603027344,50.0
1774233162.3010492,28.9055908203125,50.0
1774233162.3613307,28.559893798828124,50.0
1774233162.4219258,28.508624267578124,50.0
1774233162.4957342,28.356411743164063,50.0
1774233162.5702264,28.510226440429687,50.0
1774233162.6211517,28.484466552734375,50.0
1774233162.8701184,28.54013671875,50.0
1774233162.93705,28.26838073730469,50.0
1774233163.0068347,28.338522338867186,50.0
1774233163.057304,28.14833984375,50.0
1774233163.1229002,28.290789794921874,50.0
1774233163.1845307,28.620315551757812,50.0
1774233163.2436283,28.10087890625,50.0
1774233163.311036,28.203143310546874,50.0
1774233163.3783596,28.439395141601562,50.0
1774233163.446575,28.45417175292969,50.0
1774233163.4967902,28.347222900390626,50.0
1774233163.5610688,28.322647094726562,50.0
1774233163.6234908,28.506204223632814,50.0
1774233163.6894224,28.6939453125,50.0
1774233163.7503076,28.453369140625,50.0
1774233163.9526284,28.408612060546876,50.0
1774233163.9971738,28.467251586914063,50.0
1774233164.060945,28.19806823730469,50.0
1774233164.1312587,28.15604248046875,50.0
1774233164.1789258,28.435073852539062,50.0
1774233164.243744,28.317721557617187,50.0
1774233164.313692,28.283676147460938,50.0
1774233164.37446,28.36982116699219,50.0
1774233164.45089,28.205206298828124,50.0
1774233164.5024486,28.45282897949219,50.0
1774233164.577303,28.083209228515624,50.0
1774233164.631914,28.146365356445312,50.0
1774233164.7027805,28.3258056640625,50.0
1774233164.7702475,28.567239379882814,50.0
1774233164.8352244,28.323162841796876,50.0
1774233164.8909233,28.3581787109375,50.0
1774233164.9426174,28.293258666992188,50.0
1774233165.017685,28.53399658203125,50.0
1774233165.077894,28.707846069335936,50.0
1774233165.1349468,28.421356201171875,50.0
1774233165.2031462,28.563742065429686,50.0
1774233165.2650263,28.468359375,50.0
1774233165.3309705,28.462127685546875,50.0
1774233165.378812,28.509075927734376,50.0
1774233165.4411206,28.585043334960936,50.0
1774233165.6513455,28.425274658203126,50.0
1774233165.6986792,28.481134033203126,50.0
1774233165.764197,28.520626831054688,50.0
1774233165.8268688,28.48692932128906,50.0
1774233165.8761702,28.18433532714844,50.0
1774233165.9411428,28.286846923828126,50.0
1774233166.0008378,28.395404052734374,50.0
1774233166.064939,28.449215698242188,50.0
1774233166.1314254,28.233172607421874,50.0
1774233166.1978593,28.437472534179687,50.0
1774233166.2653344,28.342819213867188,50.0
1774233166.3311574,28.946823120117188,50.0
1774233166.3762176,28.619964599609375,50.0
1774233166.4475317,28.024227905273438,50.0
1774233166.5025647,28.323822021484375,50.0
1774233166.6748445,28.37315979003906,50.0
1774233166.7625153,28.039151000976563,50.0
1774233166.8311195,28.101425170898438,50.0
1774233166.880727,28.074545288085936,50.0
1774233166.9431608,28.433404541015626,50.0
1774233167.0060575,29.15819396972656,50.0
1774233167.0709896,28.60956726074219,50.0
1774233167.136941,28.647586059570312,50.0
1774233167.2011678,28.595733642578125,50.0
1774233167.265604,28.94312438964844,50.0
1774233167.3186216,28.767044067382812,50.0
1774233167.3865356,28.70306396484375,50.0
1774233167.4548707,28.36932373046875,50.0
1774233167.5189283,28.52474365234375,50.0
1774233167.5662155,28.451498413085936,50.0
1774233167.6323195,28.300579833984376,50.0
1774233167.6984522,28.523028564453124,50.0
1774233167.767243,28.500198364257812,50.0
1774233167.8309567,28.438845825195312,50.0
1774233167.8793974,28.70234069824219,50.0
1774233167.938656,28.59992370605469,50.0
1774233168.1256256,28.486895751953124,50.0
1774233168.2003975,28.187594604492187,50.0
1774233168.2682524,28.508120727539062,50.0
1774233168.3162286,28.403121948242188,50.0
1774233168.384324,28.27442626953125,50.0
1774233168.4509408,28.425189208984374,50.0
1774233168.5164163,28.32819519042969,50.0
1774233168.567571,28.661273193359374,50.0
1774233168.6276822,28.5514892578125,50.0
1774233168.692277,28.471826171875,50.0
1774233168.7576208,28.190057373046876,50.0
1774233168.8150053,27.794757080078124,50.0
1774233168.8845632,28.929766845703124,50.0
1774233169.1001654,28.29308166503906,50.0
1774233169.148958,28.46541748046875,50.0
1774233169.1986752,28.3817138671875,50.0
1774233169.2669716,28.1798095703125,50.0
1774233169.3326032,28.693585205078126,50.0
1774233169.3752267,28.71137390136719,50.0
1774233169.4398212,28.225201416015626,50.0
1774233169.5009298,28.406134033203124,50.0
1774233169.5768564,28.432681274414062,50.0
1774233169.639898,28.240078735351563,50.0
1774233169.7132173,28.46827392578125,50.0
1774233169.7775137,28.549346923828125,50.0
1774233169.8411145,28.396337890625,50.0
1774233169.9008121,28.440750122070312,50.0
1774233169.9607646,28.533123779296876,50.0
1774233170.0210893,28.650823974609374,50.0
1774233170.0820816,29.132025146484374,50.0
1774233170.1525805,28.66544189453125,50.0
1774233170.2110236,28.650042724609374,50.0
1774233170.2728355,28.799484252929688,50.0
1774233170.3346512,29.086788940429688,50.0
1774233170.3931916,28.721456909179686,50.0
1774233170.4572031,28.665606689453124,50.0
1774233170.520075,28.534661865234376,50.0
1774233170.5853066,28.55030212402344,50.0
1774233170.6508193,28.42620849609375,50.0
1774233170.721059,28.50031433105469,50.0
1774233170.7708616,27.8706298828125,50.0
1774233170.8342264,28.20753173828125,50.0
1774233170.8942132,28.984710693359375,50.0
1774233170.958425,28.47568359375,50.0
1774233171.0335767,28.518875122070312,50.0
1774233171.0788138,28.486495971679688,50.0
1774233171.152549,28.624661254882813,50.0
1774233171.2183523,28.6072265625,50.0
1774233171.280091,28.339804077148436,50.0
1774233171.3435013,29.007171630859375,50.0
1774233171.4028435,28.653414916992187,50.0
1774233171.4720395,28.793756103515626,50.0
1774233171.536723,28.35950927734375,50.0
1774233171.5937183,28.360348510742188,50.0
1774233171.6539361,28.383770751953126,50.0
1774233171.7186935,28.27669677734375,50.0
1774233171.7873735,28.546713256835936,50.0
1774233171.852842,28.326287841796876,50.0
1774233171.9049604,28.835354614257813,50.0
1774233171.966812,28.580718994140625,50.0
1774233172.0295005,28.41668701171875,50.0
1774233172.1873834,28.485183715820312,50.0
1774233172.2760208,28.432827758789063,50.0
1774233172.3372278,28.57990417480469,50.0
1774233172.4014225,28.541403198242186,50.0
1774233172.454719,28.67738037109375,50.0
1774233172.5174055,28.462234497070312,50.0
1774233172.5871413,28.71011962890625,50.0
1774233172.6533527,28.405807495117188,50.0
1774233172.7093225,28.55562744140625,50.0
1774233172.7708554,28.67048034667969,50.0
1774233172.8350594,28.4215087890625,50.0
1774233172.9033716,28.6528564453125,50.0
1774233172.9535131,28.593258666992188,50.0
1774233173.0270116,28.875613403320312,50.0
1774233173.0909662,28.596762084960936,50.0
1774233173.1552267,28.742626953125,50.0
1774233173.2154953,28.49876708984375,50.0
1774233173.2753713,28.518692016601562,50.0
1774233173.3381984,28.590570068359376,50.0
1774233173.3962653,28.897616577148437,50.0
1774233173.4619331,28.583746337890624,50.0
1774233173.5233662,28.780233764648436,50.0
1774233173.5888696,28.5775634765625,50.0
1774233173.6467698,29.24744567871094,50.0
1774233173.7207735,28.840884399414062,50.0
1774233173.787563,28.702084350585938,50.0
1774233173.8431034,28.549606323242188,50.0
1774233173.910378,28.750091552734375,50.0
1774233173.9729645,29.04851379394531,50.0
1774233174.0231583,28.55570068359375,50.0
1774233174.0853531,28.736630249023438,50.0
1774233174.1534545,28.56816711425781,50.0
1774233174.2211607,28.686346435546874,50.0
1774233174.272337,29.45464172363281,50.0
1774233174.3301663,28.172344970703126,50.0
1774233174.392726,28.578875732421874,50.0
1774233174.4559748,29.056842041015624,50.0
1774233174.5216687,28.695895385742187,50.0
1774233174.5812607,28.714639282226564,50.0
1774233174.6439419,28.472903442382812,50.0
1774233174.7109942,28.7177978515625,50.0
1774233174.781065,28.30028076171875,50.0
1774233174.9636507,28.430862426757812,50.0
1774233175.039472,28.04459228515625,50.0
1774233175.0919995,28.3920166015625,50.0
1774233175.1449907,27.787481689453124,50.0
1774233175.2211921,28.10814208984375,50.0
1774233175.2737792,28.2471923828125,50.0
1774233175.3407736,28.54986572265625,50.0
1774233175.406855,28.216107177734376,50.0
1774233175.4575527,28.31878662109375,50.0
1774233175.5239987,28.022988891601564,50.0
1774233175.5884619,28.357925415039062,50.0
1774233175.657458,28.318954467773438,50.0
1774233175.7241547,28.202243041992187,50.0
1774233175.771685,28.08611145019531,50.0
1774233175.8276412,28.024102783203126,50.0
1774233176.0074608,28.061712646484374,50.0
1774233176.0840838,28.268093872070313,50.0
1774233176.1449175,28.49250183105469,50.0
1774233176.2178447,27.926498413085938,50.0
1774233176.274503,28.501785278320312,50.0
1774233176.3433933,28.36955871582031,50.0
1774233176.4058437,28.527545166015624,50.0
1774233176.4697313,28.43341979980469,50.0
1774233176.5257592,28.512698364257812,50.0
1774233176.5908134,28.514144897460938,50.0
1774233176.6612725,28.76326904296875,50.0
1774233176.7208114,28.5309326171875,50.0
1774233176.7847114,28.214315795898436,50.0
1774233176.8375697,28.394024658203126,50.0
1774233176.9044027,27.982635498046875,50.0
1774233176.9579186,28.217648315429688,50.0
1774233177.0252445,28.375442504882812,50.0
1774233177.094219,28.387759399414062,50.0
1774233177.144497,28.26038513183594,50.0
1774233177.2202673,28.35272216796875,50.0
1774233177.2862315,28.465353393554686,50.0
1774233177.3348167,28.528713989257813,50.0
1774233177.3976014,28.317340087890624,50.0
1774233177.4602292,28.60931396484375,50.0
1774233177.5343306,28.535552978515625,50.0
1774233177.5903811,28.673638916015626,50.0
1774233177.6573653,28.690042114257814,50.0
1774233177.7258701,28.627569580078124,50.0
1774233177.7749312,28.83966979980469,50.0
1774233177.8414679,28.79413757324219,50.0
1774233178.0982635,28.701409912109376,50.0
1774233178.1630948,28.619613647460938,50.0
1774233178.2120578,28.46898498535156,50.0
1774233178.2682793,28.52387390136719,50.0
1774233178.3302088,28.608798217773437,50.0
1774233178.3976178,28.254208374023438,50.0
1774233178.456831,28.173736572265625,50.0
1774233178.5333085,28.395843505859375,50.0
1774233178.5951574,28.27662048339844,50.0
1774233178.6575782,28.241937255859376,50.0
1774233178.704007,28.404055786132812,50.0
1774233178.7662692,28.79117431640625,50.0
1774233178.8269498,28.531842041015626,50.0
1774233179.0323641,28.297891235351564,50.0
1774233179.1000302,28.66434326171875,50.0
1774233179.1464913,28.917910766601562,50.0
1774233179.2067528,28.67198486328125,50.0
1774233179.2753723,28.5853759765625,50.0
1774233179.3412247,28.525204467773438,50.0
1774233179.394087,28.751907348632812,50.0
1774233179.457404,28.778201293945312,50.0
1774233179.520117,28.635076904296874,50.0
1774233179.5829408,28.273480224609376,50.0
1774233179.6434085,28.259066772460937,50.0
1774233179.7109008,28.427655029296876,50.0
1774233179.7764492,28.400973510742187,50.0
1774233179.8363423,28.688394165039064,50.0
1774233179.8972056,28.6085693359375,50.0
1774233179.9573462,28.783078002929688,50.0
1774233180.0214345,28.559323120117188,50.0
1774233180.0862312,29.291693115234374,50.0
1774233180.1594083,29.0414306640625,50.0
1774233180.206955,28.610574340820314,50.0
1774233180.270059,28.73228759765625,50.0
1774233180.3314602,28.840130615234376,50.0
1774233180.3940468,28.679806518554688,50.0
1774233180.454575,28.59901123046875,50.0
1774233180.5243294,28.69423828125,50.0
1774233180.5848973,28.61268310546875,50.0
1774233180.650978,28.36882629394531,50.0
1774233180.711822,28.396954345703126,50.0
1774233180.771592,28.261199951171875,50.0
1774233180.8359692,28.4506591796875,50.0
1774233180.9012396,28.3599365234375,50.0
1774233180.9653008,28.23375244140625,50.0
1774233181.0304377,28.35726318359375,50.0
1774233181.095567,28.412835693359376,50.0
1774233181.1614964,28.452777099609374,50.0
1774233181.2175696,28.419418334960938,50.0
1774233181.2703543,28.36004638671875,50.0
1774233181.3355265,28.45447998046875,50.0
1774233181.4046905,28.52503356933594,50.0
1774233181.4755719,28.74273681640625,50.0
1774233181.5327253,28.55896911621094,50.0
1774233181.5801373,28.78160400390625,50.0
1774233181.6500762,28.58939208984375,50.0
1774233181.7164688,28.605612182617186,50.0
1774233181.7811818,28.539572143554686,50.0
1774233181.8426514,28.578936767578124,50.0
1774233181.9064128,28.470050048828124,50.0
1774233181.9765048,28.407089233398438,50.0
1774233182.0328267,28.026492309570312,50.0
1774233182.0930066,28.48748779296875,50.0
1774233182.1663423,28.290512084960938,50.0
1774233182.2287774,28.454666137695312,50.0
1774233182.278664,28.448199462890624,50.0
1774233182.3384893,28.444882202148438,50.0
1774233182.400393,28.90623779296875,50.0
1774233182.4634655,28.723965454101563,50.0
1774233182.5268083,28.808346557617188,50.0
1774233182.5887864,28.843203735351562,50.0
1774233182.6509755,28.441134643554687,50.0
1774233182.8470056,28.572265625,50.0
1774233182.9178357,28.690814208984374,50.0
1774233182.9649594,28.500283813476564,50.0
1774233183.030187,28.839239501953124,50.0
1774233183.0800853,28.44547119140625,50.0
1774233183.14299,28.635787963867188,50.0
1774233183.2065284,28.578912353515626,50.0
1774233183.275418,28.385903930664064,50.0
1774233183.3383405,28.847564697265625,50.0
1774233183.3975015,28.610992431640625,50.0
1774233183.4609506,28.562887573242186,50.0
1774233183.5250962,28.443280029296876,50.0
1774233183.5879216,28.7216064453125,50.0
1774233183.6584518,28.766421508789062,50.0
1774233183.721226,28.622454833984374,50.0
1774233183.7724593,28.602401733398438,50.0
1774233183.8349347,28.555075073242186,50.0
1774233183.8934078,28.854779052734376,50.0
1774233183.9643762,28.651092529296875,50.0
1774233184.0310762,28.49239501953125,50.0
1774233184.0939817,28.5171875,50.0
1774233184.146931,28.569827270507812,50.0
1774233184.215008,28.588128662109376,50.0
1774233184.280309,28.42359313964844,50.0
1774233184.3409688,28.4774658203125,50.0
1774233184.402254,28.20084228515625,50.0
1774233184.4622622,29.2283935546875,50.0
1774233184.5350516,28.853634643554688,50.0
1774233184.6008043,29.48197021484375,50.0
1774233184.6500654,29.42762451171875,50.0
1774233184.7149622,28.877975463867188,50.0
1774233184.7956493,28.8708740234375,50.0
1774233184.8451812,28.79244384765625,50.0
1774233184.9186895,28.763833618164064,50.0
1774233184.9711764,28.5861328125,50.0
1774233185.0334065,29.042208862304687,50.0
1774233185.082265,28.725875854492188,50.0
1774233185.15123,28.736993408203126,50.0
1774233185.220319,28.531866455078124,50.0
1774233185.2660205,28.480584716796876,50.0
1774233185.331181,28.538296508789063,50.0
1774233185.393156,28.615682983398436,50.0
1774233185.451224,28.501156616210938,50.0
1774233185.5160108,28.37415466308594,50.0
1774233185.5876927,28.711337280273437,50.0
1774233185.6495934,28.582870483398438,50.0
1774233185.7076998,28.726217651367186,50.0
1774233185.7728674,28.55335693359375,50.0
1774233185.8307767,28.40301513671875,50.0
1774233185.9039726,28.34168395996094,50.0
1774233185.964883,28.63874206542969,50.0
1774233186.0259635,28.4517822265625,50.0
1774233186.087438,28.4315185546875,50.0
1774233186.148915,29.25110778808594,50.0
1774233186.2156637,28.590884399414062,50.0
1774233186.275406,28.564593505859374,50.0
1774233186.3348143,28.694915771484375,50.0
1774233186.3972306,28.637252807617188,50.0
1774233186.527337,28.872314453125,50.0
1774233186.5853658,28.214599609375,50.0
1774233186.6637876,28.593704223632812,50.0
1774233186.7096477,28.376132202148437,50.0
1774233186.773885,28.431655883789062,50.0
1774233186.8351116,28.548712158203124,50.0
1774233186.9008012,28.578076171875,50.0
1774233186.9657798,28.49254150390625,50.0
1774233187.0309098,28.48533935546875,50.0
1774233187.0985537,28.45242919921875,50.0
1774233187.1653707,28.480087280273438,50.0
1774233187.2256255,28.50482177734375,50.0
1774233187.2798653,28.296627807617188,50.0
1774233187.348444,28.3025146484375,50.0
1774233187.416068,28.0723388671875,50.0
1774233187.4688275,28.18746337890625,50.0
1774233187.5344803,28.217813110351564,50.0
1774233187.5995393,28.10767822265625,50.0
1774233187.6461177,28.455343627929686,50.0
1774233187.7171195,28.585574340820312,50.0
1774233187.7835371,28.704989624023437,50.0
1774233187.8340585,28.42940673828125,50.0
1774233187.9008129,28.665328979492188,50.0
1774233187.960805,28.656588745117187,50.0
1774233188.0292406,28.290304565429686,50.0
1774233188.1002653,28.421722412109375,50.0
1774233188.1480849,28.454168701171874,50.0
1774233188.2078683,28.501992797851564,50.0
1774233188.2712638,28.18720703125,50.0
1774233188.332151,29.034857177734374,50.0
1774233188.3956292,28.546957397460936,50.0
1774233188.4567227,28.24654541015625,50.0
1774233188.5188017,29.111715698242186,50.0
1774233188.5825953,28.56717529296875,50.0
1774233188.6514163,28.71385803222656,50.0
1774233188.717343,28.605831909179688,50.0
1774233188.7755566,28.293911743164063,50.0
1774233188.8408577,28.547402954101564,50.0
1774233188.9008515,28.2209716796875,50.0
1774233188.9597297,28.403515625,50.0
1774233189.026496,28.45142822265625,50.0
1774233189.0859685,28.363983154296875,50.0
1774233189.151062,28.644061279296874,50.0
1774233189.2126222,28.52274169921875,50.0
1774233189.274968,28.519247436523436,50.0
1774233189.334844,28.70075378417969,50.0
1774233189.4026353,28.52625427246094,50.0
1774233189.460685,28.243283081054688,50.0
1774233189.5210989,28.448858642578124,50.0
1774233189.5855591,28.16454162597656,50.0
1774233189.6528788,28.388018798828124,50.0
1774233189.7229788,28.41333923339844,50.0
1774233189.7747715,28.344784545898438,50.0
1774233189.8295188,28.39549560546875,50.0
1774233189.9029682,28.877792358398438,50.0
1774233190.159376,28.62344970703125,50.0
1774233190.21142,28.589569091796875,50.0
1774233190.2676468,28.594448852539063,50.0
1774233190.32942,28.57652893066406,50.0
1774233190.3923128,28.67001953125,50.0
1774233190.4579222,29.2216552734375,50.0
1774233190.5208404,28.713739013671876,50.0
1774233190.5863652,28.8479248046875,50.0
1774233190.6469736,28.73652038574219,50.0
1774233190.7059984,28.431228637695312,50.0
1774233190.7713175,28.769024658203126,50.0
1774233190.8332548,28.3911865234375,50.0
1774233190.8970494,28.52271728515625,50.0
1774233190.9608307,28.451388549804687,50.0
1774233191.0209408,28.62389221191406,50.0
1774233191.0801406,28.529608154296874,50.0
1774233191.1412966,28.5465087890625,50.0
1774233191.2059798,28.68162841796875,50.0
1774233191.4012315,28.405560302734376,50.0
1774233191.4973562,28.4685302734375,50.0
1774233191.5960877,28.563204956054687,50.0
1774233191.6725807,29.033160400390624,50.0
1774233191.7267554,28.923074340820314,50.0
1774233191.7766397,28.656881713867186,50.0
1774233191.8745732,28.872482299804688,50.0
1774233191.922309,28.488876342773438,50.0
1774233191.9887578,28.742330932617186,50.0
1774233192.0527341,28.63349304199219,50.0
1774233192.121146,28.586126708984374,50.0
1774233192.20264,28.44549560546875,50.0
1774233192.2751188,28.78901062011719,50.0
1774233192.3419058,28.497250366210938,50.0
1774233192.4054415,28.468222045898436,50.0
1774233192.475085,28.546490478515626,50.0
1774233192.5243113,28.373895263671876,50.0
1774233192.5930266,28.462872314453126,50.0
1774233192.6409767,28.31090393066406,50.0
1774233192.7108107,28.50301513671875,50.0
1774233192.772506,28.342315673828125,50.0
1774233193.0357661,28.51221618652344,50.0
1774233193.0835152,28.644454956054688,50.0
1774233193.156221,28.536624145507812,50.0
1774233193.223034,28.43146667480469,50.0
1774233193.4240618,28.537451171875,50.0
1774233193.4745798,28.76724853515625,50.0
1774233193.522532,28.506851196289062,50.0
1774233193.5880558,28.512701416015624,50.0
1774233193.6565711,29.366543579101563,50.0
1774233193.721856,28.74124755859375,50.0
1774233193.7886245,28.67756042480469,50.0
1774233193.8431008,28.67093505859375,50.0
1774233193.9195368,28.44416198730469,50.0
1774233193.9702253,28.82886962890625,50.0
1774233194.0332792,28.506317138671875,50.0
1774233194.0876496,28.314483642578125,50.0
1774233194.1571205,28.564395141601562,50.0
1774233194.2057889,28.556414794921874,50.0
1774233194.2730765,28.530331420898438,50.0
1774233194.3293731,28.59110107421875,50.0
1774233194.5093153,28.65576171875,50.0
1774233194.5921297,28.271139526367186,50.0
1774233194.6587427,28.140579223632812,50.0
1774233194.7265718,28.899331665039064,50.0
1774233194.7971067,28.745196533203124,50.0
1774233194.852315,28.772650146484374,50.0
1774233194.906024,28.583895874023437,50.0
1774233194.974474,28.729611206054688,50.0
1774233195.0399258,28.968966674804687,50.0
1774233195.1078832,28.47759094238281,50.0
1774233195.1763802,28.93175354003906,50.0
1774233195.3778875,28.585772705078124,50.0
1774233195.4243798,28.667816162109375,50.0
1774233195.4747956,28.782327270507814,50.0
1774233195.5432408,28.629312133789064,50.0
1774233195.6158116,28.873333740234376,50.0
1774233195.670252,28.633026123046875,50.0
1774233195.7409177,29.378268432617187,50.0
1774233195.791872,28.524661254882812,50.0
1774233195.8546383,28.80240478515625,50.0
1774233195.931013,28.542312622070312,50.0
1774233195.9828374,28.893408203125,50.0
1774233196.0387535,28.821774291992188,50.0
1774233196.1122742,28.471624755859374,50.0
1774233196.1630137,28.4600830078125,50.0
1774233196.2328992,28.523208618164062,50.0
1774233196.3013608,28.45848693847656,50.0
1774233196.3475213,28.499856567382814,50.0
1774233196.5296755,28.523562622070312,50.0
1774233196.6093128,28.73037109375,50.0
1774233196.680363,28.550247192382812,50.0
1774233196.7310877,28.376861572265625,50.0
1774233196.8094726,28.663787841796875,50.0
1774233196.8609502,28.507720947265625,50.0
1774233196.9373662,28.457864379882814,50.0
1774233196.9905553,29.06817626953125,50.0
1774233197.0447657,28.649722290039062,50.0
1774233197.1210868,28.458462524414063,50.0
1774233197.1750255,28.581637573242187,50.0
1774233197.2274742,27.909848022460938,50.0
1774233197.3012626,28.459140014648437,50.0
1774233197.3682864,27.976263427734374,50.0
1774233197.4262018,28.168017578125,50.0
1774233197.4802861,28.551492309570314,50.0
1774233197.5546336,28.42901611328125,50.0
1774233197.6056983,28.560540771484376,50.0
1774233197.676752,28.444830322265624,50.0
1774233197.7446644,28.96064453125,50.0
1774233197.7950103,29.103900146484374,50.0
1774233197.8607683,28.718966674804687,50.0
1774233197.9069226,28.778952026367186,50.0
1774233197.9944215,28.794384765625,50.0
1774233198.1875834,28.15247497558594,50.0
1774233198.2427473,28.802713012695314,50.0
1774233198.2950802,28.154129028320312,50.0
1774233198.3789713,28.574295043945312,50.0
1774233198.431162,28.439276123046874,50.0
1774233198.4871297,28.508572387695313,50.0
1774233198.5410154,28.2700927734375,50.0
1774233198.6109302,28.399172973632812,50.0
1774233198.6776853,28.310723876953126,50.0
1774233198.7308505,28.296035766601562,50.0
1774233198.7943697,28.431912231445313,50.0
1774233198.8703494,28.417984008789062,50.0
1774233199.0764618,28.34271240234375,50.0
1774233199.161043,28.577023315429688,50.0
1774233199.220875,28.51982727050781,50.0
1774233199.2985258,28.587448120117188,50.0
1774233199.3508184,28.378048706054688,50.0
1774233199.4123397,28.422283935546876,50.0
1774233199.485451,28.448770141601564,50.0
1774233199.5435684,28.579656982421874,50.0
1774233199.6211994,28.364031982421874,50.0
1774233199.680069,28.532037353515626,50.0
1774233199.7329197,28.454672241210936,50.0
1774233199.7912576,28.0904541015625,50.0
1774233199.8720875,28.396011352539062,50.0
1774233199.9267044,28.41549072265625,50.0
1774233199.9865954,28.436334228515626,50.0
1774233200.040965,28.39854736328125,50.0
1774233200.0956893,28.431268310546876,50.0
1774233200.178389,28.62835693359375,50.0
1774233200.231058,28.461773681640626,50.0
1774233200.3075671,28.67182312011719,50.0
1774233200.362358,28.142022705078126,50.0
1774233200.4391422,28.498406982421876,50.0
1774233200.482634,28.6224609375,50.0
1774233200.6769447,28.150228881835936,50.0
1774233200.7463174,28.389163208007812,50.0
1774233200.8031015,28.602130126953124,50.0
1774233200.8511798,28.636306762695312,50.0
1774233200.9297316,28.346499633789062,50.0
1774233200.9797957,28.286361694335938,50.0
1774233201.0463984,28.51396484375,50.0
1774233201.1001842,28.455328369140624,50.0
1774233201.1635427,28.83556213378906,50.0
1774233201.230018,28.352984619140624,50.0
1774233201.2959871,28.585577392578124,50.0
1774233201.3634777,28.579544067382812,50.0
1774233201.4146023,28.2009033203125,50.0
1774233201.4802315,28.51591796875,50.0
1774233201.5462496,28.770816040039062,50.0
1774233201.593895,28.552935791015624,50.0
1774233201.6632307,28.69548645019531,50.0
1774233201.727232,28.478515625,50.0
1774233201.9372063,28.680783081054688,50.0
1774233201.9924393,28.257830810546874,50.0
1774233202.0437238,28.504592895507812,50.0
1774233202.1127803,28.630218505859375,50.0
1774233202.1631901,28.471826171875,50.0
1774233202.230746,28.497735595703126,50.0
1774233202.2976089,28.59700927734375,50.0
1774233202.3654377,28.553561401367187,50.0
1774233202.41334,28.620721435546876,50.0
1774233202.4808996,28.549380493164062,50.0
1774233202.5477016,28.60041198730469,50.0
1774233202.7516356,28.502923583984376,50.0
1774233202.8012302,28.3613037109375,50.0
1774233202.8547375,28.45184326171875,50.0
1774233202.905625,29.005923461914062,50.0
1774233202.9844418,28.378512573242187,50.0
1774233203.057933,28.516403198242188,50.0
1774233203.107365,28.737109375,50.0
1774233203.1835809,28.773883056640624,50.0
1774233203.2369637,28.649874877929687,50.0
1774233203.308516,28.575518798828124,50.0
1774233203.3574238,28.43213806152344,50.0
1774233203.4101799,28.529595947265626,50.0
1774233203.4812474,28.573818969726563,50.0
1774233203.5511992,28.64197998046875,50.0
1774233203.6011345,28.403173828125,50.0
1774233203.6735806,28.368649291992188,50.0
1774233203.8771014,28.605264282226564,50.0
1774233203.9324088,28.559649658203124,50.0
1774233203.9848485,28.4338134765625,50.0
1774233204.0355155,28.191677856445313,50.0
1774233204.1008036,28.601351928710937,50.0
1774233204.1808817,28.544158935546875,50.0
1774233204.23286,28.3587646484375,50.0
1774233204.3028934,28.61201171875,50.0
1774233204.350886,28.516973876953124,50.0
1774233204.4154246,28.579132080078125,50.0
1774233204.4678369,28.236813354492188,50.0
1774233204.5353503,28.632846069335937,50.0
1774233204.600774,28.435009765625,50.0
1774233204.6659503,27.876629638671876,50.0
1774233204.7328885,28.393704223632813,50.0
1774233204.798211,28.556365966796875,50.0
1774233204.866533,28.51024475097656,50.0
1774233204.9188037,28.385195922851562,50.0
1774233204.9729466,28.4315673828125,50.0
1774233205.13056,28.300726318359374,50.0
1774233205.1865485,28.36932373046875,50.0
1774233205.233612,28.541131591796876,50.0
1774233205.3026578,28.243130493164063,50.0
1774233205.3511138,28.707296752929686,50.0
1774233205.4165754,28.321319580078125,50.0
1774233205.4701505,28.112216186523437,50.0
1774233205.5363548,28.3314453125,50.0
1774233205.6064184,28.556988525390626,50.0
1774233205.677518,28.460018920898438,50.0
1774233205.7304213,28.34920654296875,50.0
1774233205.786584,28.577816772460938,50.0
1774233205.850925,28.547869873046874,50.0
1774233205.9170613,28.710299682617187,50.0
1774233205.970912,28.774169921875,50.0
1774233206.0367768,28.705624389648438,50.0
1774233206.1150162,28.63078918457031,50.0
1774233206.1659415,28.74000244140625,50.0
1774233206.2211788,28.763565063476562,50.0
1774233206.2983334,28.579116821289062,50.0
1774233206.3531692,28.8877685546875,50.0
1774233206.4209461,28.74329528808594,50.0
1774233206.4740798,28.68415222167969,50.0
1774233206.552613,28.75411376953125,50.0
1774233206.7883804,28.93073425292969,50.0
1774233206.8564901,28.756332397460938,50.0
1774233206.921909,28.6241455078125,50.0
1774233206.9973638,28.651043701171876,50.0
1774233207.0488331,28.587738037109375,50.0
1774233207.1009257,28.65882568359375,50.0
1774233207.1676981,28.502587890625,50.0
1774233207.2185457,28.509744262695314,50.0
1774233207.2854893,28.58891906738281,50.0
1774233207.3567078,28.558731079101562,50.0
1774233207.4354742,28.579190063476563,50.0
1774233207.4900603,28.15617980957031,50.0
1774233207.5355313,28.343502807617188,50.0
1774233207.6071994,28.465298461914063,50.0
1774233207.6571972,28.373641967773438,50.0
1774233207.7271729,28.279598999023438,50.0
1774233207.7912135,28.565716552734376,50.0
1774233207.8658128,28.4697509765625,50.0
1774233207.9307933,28.505935668945312,50.0
1774233207.9812098,28.476669311523438,50.0
1774233208.038235,28.4544189453125,50.0
1774233208.1209745,28.680300903320312,50.0
1774233208.3225305,28.714804077148436,50.0
1774233208.4078918,28.950588989257813,50.0
1774233208.470881,28.59093322753906,50.0
1774233208.5510309,28.672161865234376,50.0
1774233208.6022348,28.591122436523438,50.0
1774233208.670026,28.504632568359376,50.0
1774233208.7339087,28.954400634765626,50.0
1774233208.8030682,28.44147644042969,50.0
1774233208.8630245,28.507666015625,50.0
1774233208.9208324,28.522274780273438,50.0
1774233208.9808693,28.164715576171876,50.0
1774233209.058703,28.131344604492188,50.0
1774233209.2582803,28.07624206542969,50.0
1774233209.3432252,28.340374755859376,50.0
1774233209.4170897,28.631671142578124,50.0
1774233209.4823134,28.623275756835938,50.0
1774233209.5312886,28.453240966796876,50.0
1774233209.6066399,29.027426147460936,50.0
1774233209.6709998,28.630245971679688,50.0
1774233209.7309322,28.720236206054686,50.0
1774233209.7971616,28.538711547851562,50.0
1774233209.8710494,28.469174194335938,50.0
1774233209.9213262,28.911422729492188,50.0
1774233209.9911337,28.429702758789062,50.0
1774233210.0408244,28.387619018554688,50.0
1774233210.12079,28.52081298828125,50.0
1774233210.17803,28.397708129882812,50.0
1774233210.2509744,28.612753295898436,50.0
1774233210.3041291,28.35897216796875,50.0
1774233210.3524597,28.522006225585937,50.0
1774233210.4212508,28.809613037109376,50.0
1774233210.4809659,28.502566528320312,50.0
1774233210.531006,29.268765258789063,50.0
1774233210.6047568,28.748880004882814,50.0
1774233210.6711526,28.769332885742188,50.0
1774233210.7212749,28.901953125,50.0
1774233210.8026755,28.644342041015626,50.0
1774233210.8584285,28.857659912109376,50.0
1774233211.0326087,28.458297729492188,50.0
1774233211.1052535,28.22666015625,50.0
1774233211.1801982,28.515847778320314,50.0
1774233211.2312076,28.31000671386719,50.0
1774233211.305814,29.062478637695314,50.0
1774233211.3708878,28.602700805664064,50.0
1774233211.4210265,28.23914489746094,50.0
1774233211.472605,28.29118957519531,50.0
1774233211.540078,28.554782104492187,50.0
1774233211.6011095,28.434976196289064,50.0
1774233211.6636221,28.410128784179687,50.0
1774233211.8225431,28.390792846679688,50.0
1774233211.8800128,28.547024536132813,50.0
1774233211.929292,28.59729919433594,50.0
1774233211.9780707,28.19725341796875,50.0
1774233212.042719,28.486538696289063,50.0
1774233212.1110995,28.868524169921876,50.0
1774233212.1610954,28.42041931152344,50.0
1774233212.357683,28.509255981445314,50.0
1774233212.426922,28.377569580078124,50.0
1774233212.4752753,28.575155639648436,50.0
1774233212.540212,28.511907958984374,50.0
1774233212.6090977,28.57001953125,50.0
1774233212.6726358,28.450668334960938,50.0
1774233212.7327309,28.373947143554688,50.0
1774233212.7902334,28.526300048828126,50.0
1774233212.8602068,28.557107543945314,50.0
1774233212.9220502,28.440670776367188,50.0
1774233212.985732,28.5560302734375,50.0
1774233213.0409467,28.317398071289062,50.0
1774233213.1067836,28.635833740234375,50.0
1774233213.1728346,28.215426635742187,50.0
1774233213.2400348,28.465548706054687,50.0
1774233213.3032691,28.361083984375,50.0
1774233213.3600757,28.459365844726562,50.0
1774233213.4103596,28.92529296875,50.0
1774233213.465115,28.562905883789064,50.0
1774233213.5404084,28.904446411132813,50.0
1774233213.60123,28.629046630859374,50.0
1774233213.6682513,28.382907104492187,50.0
1774233213.7334194,28.724996948242186,50.0
1774233213.7809403,28.5866943359375,50.0
1774233213.8510742,28.47722473144531,50.0
1774233213.9330597,28.415692138671876,50.0
1774233213.98619,28.520736694335938,50.0
1774233214.053292,28.8212158203125,50.0
1774233214.123425,28.712435913085937,50.0
1774233214.1729681,28.769143676757814,50.0
1774233214.2260783,28.574441528320314,50.0
1774233214.2912893,28.46630859375,50.0
1774233214.350335,29.104959106445314,50.0
1774233214.5275624,28.1353271484375,50.0
1774233214.5991795,28.670703125,50.0
1774233214.6700318,28.529852294921874,50.0
1774233214.740507,28.480523681640626,50.0
1774233214.789887,28.569793701171875,50.0
1774233214.8575091,28.260833740234375,50.0
1774233214.9210873,28.608782958984374,50.0
1774233214.9712546,28.7883056640625,50.0
1774233215.046055,28.36512451171875,50.0
1774233215.1030607,28.539468383789064,50.0
1774233215.181053,28.971640014648436,50.0
1774233215.2350006,28.69346923828125,50.0
1774233215.3093925,29.200759887695312,50.0
1774233215.3600929,28.800738525390624,50.0
1774233215.430279,28.80887451171875,50.0
1774233215.4941378,29.000881958007813,50.0
1774233215.7058144,28.522738647460937,50.0
1774233215.7573388,28.38323059082031,50.0
1774233215.8077946,28.725726318359374,50.0
1774233215.8607676,28.306170654296874,50.0
1774233215.9298286,28.592376708984375,50.0
1774233215.9829476,28.319293212890624,50.0
1774233216.051024,28.50941162109375,50.0
1774233216.100852,28.544683837890624,50.0
1774233216.1508718,28.35125732421875,50.0
1774233216.2210011,28.28326416015625,50.0
1774233216.2952287,28.30836181640625,50.0
1774233216.4975624,28.63868103027344,50.0
1774233216.5512176,28.667462158203126,50.0
1774233216.6027555,28.52913818359375,50.0
1774233216.672972,28.67756042480469,50.0
1774233216.7231069,28.53479919433594,50.0
1774233216.7927046,28.4636962890625,50.0
1774233216.8602962,28.283868408203126,50.0
1774233216.930493,28.299154663085936,50.0
1774233216.991096,28.871722412109374,50.0
1774233217.0601985,28.26588134765625,50.0
1774233217.1223166,28.52788391113281,50.0
1774233217.2143974,28.539974975585938,50.0
1774233217.2910056,28.60582275390625,50.0
1774233217.360298,28.411404418945313,50.0
1774233217.4227738,29.21480712890625,50.0
1774233217.481226,28.802862548828124,50.0
1774233217.5476983,28.748532104492188,50.0
1774233217.59536,28.694384765625,50.0
1774233217.6612217,28.683676147460936,50.0
1774233217.7427387,28.7775634765625,50.0
1774233217.7909708,28.471026611328124,50.0
1774233217.8610466,28.5316162109375,50.0
1774233217.9310548,28.506881713867188,50.0
1774233217.9912004,28.32452392578125,50.0
1774233218.0410488,28.50107421875,50.0
1774233218.112765,28.753292846679688,50.0
1774233218.1809993,28.5244873046875,50.0
1774233218.2410843,28.51927490234375,50.0
1774233218.310791,28.439840698242186,50.0
1774233218.3603408,28.49463806152344,50.0
1774233218.4162269,28.128131103515624,50.0
1774233218.4711204,28.285418701171874,50.0
1774233218.5421007,28.024542236328124,50.0
1774233218.6102328,28.356146240234374,50.0
1774233218.6646776,28.314276123046874,50.0
1774233218.8312936,28.399981689453124,50.0
1774233218.9111626,28.511764526367188,50.0
1774233218.9728177,28.6216552734375,50.0
1774233219.0428257,28.89974365234375,50.0
1774233219.1146586,28.8212890625,50.0
1774233219.1630628,28.836831665039064,50.0
1774233219.231248,28.23121337890625,50.0
1774233219.2911391,28.654580688476564,50.0
1774233219.3513083,28.528759765625,50.0
1774233219.4031918,28.296124267578126,50.0
1774233219.477862,28.525363159179687,50.0
1774233219.5424256,28.451556396484374,50.0
1774233219.610943,28.774819946289064,50.0
1774233219.666059,27.985470581054688,50.0
1774233219.869228,28.356124877929688,50.0
1774233219.9224038,28.550372314453124,50.0
1774233219.9751525,28.410140991210938,50.0
1774233220.041021,28.273226928710937,50.0
1774233220.1117349,28.585360717773437,50.0
1774233220.1625817,28.440780639648438,50.0
1774233220.2311256,28.614373779296876,50.0
1774233220.2945004,29.419577026367186,50.0
1774233220.3610263,28.820095825195313,50.0
1774233220.41629,29.05294189453125,50.0
1774233220.4856513,28.61279296875,50.0
1774233220.5530999,28.854568481445312,50.0
1774233220.6111388,28.823019409179686,50.0
1774233220.66111,28.639346313476562,50.0
1774233220.7310247,28.81285705566406,50.0
1774233220.802727,28.595779418945312,50.0
1774233220.9912724,28.415725708007812,50.0
1774233221.0433006,28.661553955078126,50.0
1774233221.1134613,28.812271118164062,50.0
1774233221.1817157,28.732632446289063,50.0
1774233221.2315714,28.221185302734376,50.0
1774233221.300871,28.72669677734375,50.0
1774233221.3644652,28.656857299804688,50.0
1774233221.4211388,28.114773559570313,50.0
1774233221.4827726,28.405172729492186,50.0
1774233221.5547383,28.42421875,50.0
1774233221.602655,28.93578186035156,50.0
1774233221.66055,28.3048095703125,50.0
1774233221.7311912,28.6419921875,50.0
1774233221.7910972,28.53978271484375,50.0
1774233221.850506,28.12547607421875,50.0
1774233221.9312234,28.363262939453126,50.0
1774233221.980789,28.261572265625,50.0
1774233222.0423164,28.485531616210938,50.0
1774233222.0912373,28.4634765625,50.0
1774233222.1712933,28.45258483886719,50.0
1774233222.3901644,28.598306274414064,50.0
1774233222.4722414,28.593295288085937,50.0
1774233222.5354478,28.77310791015625,50.0
1774233222.6024625,29.45286865234375,50.0
1774233222.667358,28.646286010742188,50.0
1774233222.7332838,28.586859130859374,50.0
1774233222.8027205,28.55296630859375,50.0
1774233222.859228,28.66338195800781,50.0
1774233222.930883,28.607440185546874,50.0
1774233222.9813159,27.984603881835938,50.0
1774233223.0536869,28.092752075195314,50.0
1774233223.1210592,28.592752075195314,50.0
1774233223.1812503,28.5070556640625,50.0
1774233223.2311733,28.053668212890624,50.0
1774233223.3008425,28.97010498046875,50.0
1774233223.3512378,28.39720764160156,50.0
1774233223.4208958,28.586624145507812,50.0
1774233223.471109,28.750799560546874,50.0
1774233223.5411768,28.38641357421875,50.0
1774233223.5934443,28.4419921875,50.0
1774233223.666864,28.411740112304688,50.0
1774233223.7324264,28.433770751953126,50.0
1774233223.7938085,28.322918701171876,50.0
1774233223.8413692,28.309097290039062,50.0
1774233223.9204135,28.1633544921875,50.0
1774233223.984179,28.463955688476563,50.0
1774233224.0311794,28.266580200195314,50.0
1774233224.2511103,28.538873291015626,50.0
1774233224.3033483,28.4173583984375,50.0
1774233224.360569,28.286434936523438,50.0
1774233224.4138515,28.45928039550781,50.0
1774233224.4863951,28.53038635253906,50.0
1774233224.5600777,28.645486450195314,50.0
1774233224.6151977,28.513449096679686,50.0
1774233224.6941803,28.616860961914064,50.0
1774233224.7752526,28.719699096679687,50.0
1774233224.8529363,28.46331787109375,50.0
1774233224.9054818,28.23216552734375,50.0
1774233224.9829862,28.308975219726562,50.0
1774233225.0331955,28.49072265625,50.0
1774233225.09083,28.472372436523436,50.0
1774233225.3538723,28.394412231445312,50.0
1774233225.4204109,28.672650146484376,50.0
1774233225.490023,28.700357055664064,50.0
1774233225.537277,28.445001220703126,50.0
1774233225.6026785,28.575274658203124,50.0
1774233225.6717684,28.600201416015626,50.0
1774233225.7312706,29.224072265625,50.0
1774233225.80015,28.725955200195312,50.0
1774233225.861154,28.642800903320314,50.0
1774233225.9112277,28.9408935546875,50.0
1774233225.9908757,28.84510192871094,50.0
1774233226.050935,28.935256958007812,50.0
1774233226.2663312,28.68804016113281,50.0
1774233226.3183713,28.651513671875,50.0
1774233226.3667512,28.380368041992188,50.0
1774233226.4335485,28.095950317382812,50.0
1774233226.4827578,28.3947998046875,50.0
1774233226.5518005,28.11220703125,50.0
1774233226.6212049,28.384030151367188,50.0
1774233226.6638775,28.364154052734374,50.0
1774233226.7271495,28.42459716796875,50.0
1774233226.7908108,27.793655395507812,50.0
1774233226.853766,28.19969787597656,50.0
1774233226.9248023,28.47667236328125,50.0
1774233226.9710746,28.50597229003906,50.0
1774233227.0433905,28.37505187988281,50.0
1774233227.1112492,28.385330200195312,50.0
1774233227.1609402,28.753463745117188,50.0
1774233227.2341006,29.58173828125,50.0
1774233227.2812521,28.97918701171875,50.0
1774233227.351197,28.638140869140624,50.0
1774233227.4211695,28.726394653320312,50.0
1774233227.501073,29.261019897460937,50.0
1774233227.5508108,28.729702758789063,50.0
1774233227.6128526,28.385031127929686,50.0
1774233227.670866,28.538372802734376,50.0
1774233227.7396667,28.2198486328125,50.0
1774233227.8026972,28.291961669921875,50.0
1774233228.0192494,28.001852416992186,50.0
1774233228.070357,28.418902587890624,50.0
1774233228.1251304,28.460842895507813,50.0
1774233228.1717942,28.310867309570312,50.0
1774233228.2383227,28.407839965820312,50.0
1774233228.3080013,28.40045166015625,50.0
1774233228.3707807,28.57654724121094,50.0
1774233228.4261494,29.330691528320312,50.0
1774233228.492787,28.37373046875,50.0
1774233228.5747871,28.890240478515626,50.0
1774233228.626069,28.664584350585937,50.0
1774233228.6758933,28.674331665039062,50.0
1774233228.7412162,28.67048034667969,50.0
1774233228.8070679,28.36945495605469,50.0
1774233228.8709846,28.93677978515625,50.0
1774233228.9365578,28.414874267578124,50.0
1774233229.0026164,28.82093505859375,50.0
1774233229.0711477,28.424786376953126,50.0
1774233229.130819,28.6989990234375,50.0
1774233229.2010045,28.552197265625,50.0
1774233229.2436903,28.614358520507814,50.0
1774233229.3160667,28.603512573242188,50.0
1774233229.3831956,28.530291748046874,50.0
1774233229.43109,28.739462280273436,50.0
1774233229.5112362,28.64014587402344,50.0
1774233229.5677407,28.729534912109376,50.0
1774233229.6336148,28.4270263671875,50.0
1774233229.7026858,29.049533081054687,50.0
1774233229.7526991,29.282510375976564,50.0
1774233229.8057249,28.71988525390625,50.0
1774233229.8709915,28.596630859375,50.0
1774233229.932348,28.651760864257813,50.0
1774233230.002812,29.274563598632813,50.0
1774233230.071121,28.561932373046876,50.0
1774233230.1310608,28.717822265625,50.0
1774233230.192965,28.491888427734374,50.0
1774233230.255931,27.993304443359374,50.0
1774233230.3346558,28.686962890625,50.0
1774233230.4212503,28.71131286621094,50.0
1774233230.490877,28.82134094238281,50.0
1774233230.5631526,28.349639892578125,50.0
1774233230.6211917,28.666943359375,50.0
1774233230.691291,28.500848388671876,50.0
1774233230.753595,28.5951904296875,50.0
1774233230.8012686,28.74033203125,50.0
1774233230.871058,28.77484130859375,50.0
1774233230.9432836,28.761837768554688,50.0
1774233231.0025613,28.894622802734375,50.0
1774233231.0709774,28.650857543945314,50.0
1774233231.131268,28.790899658203124,50.0
1774233231.1813078,28.452883911132812,50.0
1774233231.2610579,28.539019775390624,50.0
1774233231.4441416,28.639755249023438,50.0
1774233231.511274,28.427706909179687,50.0
1774233231.5730433,28.724667358398438,50.0
1774233231.6383147,28.453521728515625,50.0
1774233231.6865127,28.55754699707031,50.0
1774233231.756555,28.55731201171875,50.0
1774233231.820934,28.575189208984376,50.0
1774233231.870229,28.34758605957031,50.0
1774233231.9214215,28.655303955078125,50.0
1774233231.9904027,29.122998046875,50.0
1774233232.0573785,28.527383422851564,50.0
1774233232.2482207,28.994140625,50.0
1774233232.3179932,28.613287353515624,50.0
1774233232.3694024,28.820166015625,50.0
1774233232.4388583,28.811444091796876,50.0
1774233232.5071871,28.7042724609375,50.0
1774233232.5518277,28.552828979492187,50.0
1774233232.6239896,28.734033203125,50.0
1774233232.6954286,28.409326171875,50.0
1774233232.742658,28.70043029785156,50.0
1774233232.8008716,28.616726684570313,50.0
1774233232.876046,28.507125854492188,50.0
1774233232.941024,28.585284423828124,50.0
1774233233.0047042,29.31867370605469,50.0
1774233233.063331,28.932330322265624,50.0
1774233233.2430794,28.852297973632812,50.0
1774233233.3133347,28.824069213867187,50.0
1774233233.3757238,28.761880493164064,50.0
1774233233.443327,28.974148559570313,50.0
1774233233.5105586,28.54046630859375,50.0
1774233233.5712318,28.761090087890626,50.0
1774233233.621207,28.697415161132813,50.0
1774233233.683247,29.07493896484375,50.0
1774233233.7509613,28.611334228515624,50.0
1774233233.8047185,28.285162353515624,50.0
1774233233.8840544,28.598321533203126,50.0
1774233233.941207,28.66590270996094,50.0
1774233233.9959726,29.295700073242188,50.0
1774233234.0609195,28.64111328125,50.0
1774233234.121353,28.700576782226562,50.0
1774233234.1911783,28.708578491210936,50.0
1774233234.2410216,28.843167114257813,50.0
1774233234.3031309,28.79627380371094,50.0
1774233234.3809597,28.55719909667969,50.0
1774233234.4373417,28.701370239257812,50.0
1774233234.507334,28.682333374023436,50.0
1774233234.5549326,28.6613037109375,50.0
1774233234.622823,28.602484130859374,50.0
1774233234.693052,28.6287841796875,50.0
1774233234.7627828,28.463394165039062,50.0
1774233234.9792826,28.353530883789062,50.0
1774233235.0470443,28.716180419921876,50.0
1774233235.117804,28.56453857421875,50.0
1774233235.1928773,28.58094482421875,50.0
1774233235.2430658,28.644625854492187,50.0
1774233235.3108175,28.54413757324219,50.0
1774233235.3725927,28.682376098632812,50.0
1774233235.443478,28.410406494140624,50.0
1774233235.4911392,28.556268310546876,50.0
1774233235.5608015,28.426821899414062,50.0
1774233235.6300771,28.352227783203126,50.0
1774233235.696493,28.536642456054686,50.0
1774233235.8712778,28.63941650390625,50.0
1774233235.941065,28.557772827148437,50.0
1774233236.0129035,28.588699340820312,50.0
1774233236.0809255,28.46837463378906,50.0
1774233236.1469114,28.673275756835938,50.0
1774233236.2011466,28.490963745117188,50.0
1774233236.2733219,28.596347045898437,50.0
1774233236.3225527,28.563616943359374,50.0
1774233236.4000704,28.509909057617186,50.0
1774233236.4575026,28.714947509765626,50.0
1774233236.5112493,28.665432739257813,50.0
1774233236.5843906,28.782089233398438,50.0
1774233236.6508174,28.803897094726562,50.0
1774233236.7010982,28.50861511230469,50.0
1774233236.7511647,28.6914794921875,50.0
1774233236.8212302,28.442770385742186,50.0
1774233236.8909142,28.55931701660156,50.0
1774233236.9409006,28.511270141601564,50.0
1774233237.0110917,28.530987548828126,50.0
1774233237.0801935,28.545413208007812,50.0
1774233237.1221325,28.266482543945312,50.0
1774233237.1910405,28.660101318359374,50.0
1774233237.2610505,28.819329833984376,50.0
1774233237.330954,28.618136596679687,50.0
1774233237.3928773,28.661907958984376,50.0
1774233237.4410555,28.422348022460938,50.0
1774233237.5111043,29.219854736328124,50.0
1774233237.5727932,28.552606201171876,50.0
1774233237.6251836,28.590084838867188,50.0
1774233237.695846,28.82689514160156,50.0
1774233237.7711437,28.782504272460937,50.0
1774233237.9754975,28.701248168945312,50.0
1774233238.0624466,28.619509887695312,50.0
1774233238.1285362,28.5678955078125,50.0
1774233238.1962895,28.807586669921875,50.0
1774233238.2558744,28.171102905273436,50.0
1774233238.324696,28.561965942382812,50.0
1774233238.3924766,28.34710693359375,50.0
1774233238.4611702,28.213015747070312,50.0
1774233238.5144224,28.45670166015625,50.0
1774233238.570866,28.087313842773437,50.0
1774233238.72347,28.317242431640626,50.0
1774233238.7740538,28.37334289550781,50.0
1774233238.8269656,28.400820922851562,50.0
1774233238.896979,28.491595458984374,50.0
1774233238.9662695,28.56136474609375,50.0
1774233239.0177932,28.44276123046875,50.0
1774233239.080944,28.55223693847656,50.0
1774233239.1438003,28.40145263671875,50.0
1774233239.1908731,28.383731079101562,50.0
1774233239.2610903,28.465350341796874,50.0
1774233239.3303492,28.65133056640625,50.0
1774233239.4000733,28.6992431640625,50.0
1774233239.5402055,28.56639404296875,50.0
1774233239.623125,28.637091064453124,50.0
1774233239.7009282,28.434344482421874,50.0
1774233239.751122,28.699652099609374,50.0
1774233239.8300428,28.041836547851563,50.0
1774233239.8930295,28.57864990234375,50.0
1774233239.9428673,28.355282592773438,50.0
1774233240.0127878,28.088531494140625,50.0
1774233240.0832632,28.108184814453125,50.0
1774233240.1329727,28.006875610351564,50.0
1774233240.2012393,28.48360595703125,50.0
1774233240.2611458,28.050930786132813,50.0
1774233240.3324792,28.763119506835938,50.0
1774233240.3965209,28.383853149414062,50.0
1774233240.6009893,28.529949951171876,50.0
1774233240.6532013,28.676007080078126,50.0
1774233240.7209902,28.07605895996094,50.0
1774233240.7712955,28.561843872070312,50.0
1774233240.8411937,28.248825073242188,50.0
1774233240.8927853,27.967984008789063,50.0
1774233240.9652793,28.451177978515624,50.0
1774233241.0333874,28.407369995117186,50.0
1774233241.240245,28.674990844726562,50.0
1774233241.292277,28.398052978515626,50.0
1774233241.3421981,28.859173583984376,50.0
1774233241.4147012,28.29779052734375,50.0
1774233241.4641871,28.55750427246094,50.0
1774233241.5350695,28.278900146484375,50.0
1774233241.592837,28.703277587890625,50.0
1774233241.6627817,28.4447998046875,50.0
1774233241.712655,28.2678955078125,50.0
1774233241.780834,28.519207763671876,50.0
1774233241.8512595,28.82257080078125,50.0
1774233242.0652275,28.70598449707031,50.0
1774233242.1469057,28.4979736328125,50.0
1774233242.2162964,28.561285400390624,50.0
1774233242.282968,28.340887451171874,50.0
1774233242.3489635,28.26646728515625,50.0
1774233242.4110374,28.54656982421875,50.0
1774233242.4611783,28.369143676757812,50.0
1774233242.5232563,28.89036865234375,50.0
1774233242.5931447,28.354266357421874,50.0
1774233242.6643085,29.004672241210937,50.0
1774233242.7114108,28.949069213867187,50.0
1774233242.7813022,28.506011962890625,50.0
1774233242.830904,28.7036865234375,50.0
1774233242.901204,28.304550170898438,50.0
1774233242.9709451,28.622650146484375,50.0
1774233243.012701,28.43023681640625,50.0
1774233243.0825431,28.27689208984375,50.0
1774233243.1510108,28.84021911621094,50.0
1774233243.21311,28.83153076171875,50.0
1774233243.2831597,29.470065307617187,50.0
1774233243.3510537,28.902462768554688,50.0
1774233243.4108503,28.835910034179687,50.0
1774233243.4808428,28.926919555664064,50.0
1774233243.5308583,28.836825561523437,50.0
1774233243.6010082,28.947036743164062,50.0
1774233243.6670027,28.574945068359376,50.0
1774233243.7323637,28.417929077148436,50.0
1774233243.7945287,28.605853271484374,50.0
1774233243.8626382,28.533792114257814,50.0
1774233243.9124408,28.653768920898436,50.0
1774233243.982809,28.655133056640626,50.0
1774233244.0510972,28.40185546875,50.0
1774233244.1208396,28.897872924804688,50.0
1774233244.1710918,29.367477416992188,50.0
1774233244.2308295,28.85518798828125,50.0
1774233244.3009238,28.712225341796874,50.0
1774233244.3610613,28.768515014648436,50.0
1774233244.441027,28.81649169921875,50.0
1774233244.500933,28.730615234375,50.0
1774233244.562777,28.41340026855469,50.0
1774233244.6125865,28.535983276367187,50.0
1774233244.6912532,28.370205688476563,50.0
1774233244.7651997,28.310397338867187,50.0
1774233244.8208094,28.46336669921875,50.0
1774233244.881217,28.88702392578125,50.0
1774233244.933745,28.535641479492188,50.0
1774233245.0011187,28.410433959960937,50.0
1774233245.067066,28.629000854492187,50.0
1774233245.1311064,28.5637939453125,50.0
1774233245.201274,29.06824951171875,50.0
1774233245.2512832,28.53013916015625,50.0
1774233245.2908208,28.6326416015625,50.0
1774233245.361151,28.68780517578125,50.0
1774233245.4308774,28.74748840332031,50.0
1774233245.501073,28.67041931152344,50.0
1774233245.5632634,28.679263305664062,50.0
1774233245.6211357,28.290252685546875,50.0
1774233245.8311768,28.3975830078125,50.0
1774233245.8882122,28.258200073242186,50.0
1774233245.9375846,28.434231567382813,50.0
1774233246.0032816,28.08849182128906,50.0
1774233246.0494428,28.4345947265625,50.0
1774233246.1201153,28.447607421875,50.0
1774233246.1853197,28.428106689453124,50.0
1774233246.2510011,28.50699462890625,50.0
1774233246.3119342,28.52997741699219,50.0
1774233246.3608615,27.96500244140625,50.0
1774233246.4309256,28.631222534179688,50.0
1774233246.5021708,28.63741455078125,50.0
1774233246.5712473,28.526022338867186,50.0
1774233246.62109,28.59730224609375,50.0
1774233246.6908083,28.38966064453125,50.0
1774233246.7509449,28.594265747070313,50.0
1774233246.800898,28.49468078613281,50.0
1774233246.8624854,28.48612060546875,50.0
1774233246.9418285,28.525662231445313,50.0
1774233246.994768,27.885281372070313,50.0
1774233247.0711231,28.185873413085936,50.0
1774233247.1223683,28.39664306640625,50.0
1774233247.3300736,28.41710510253906,50.0
1774233247.3810902,27.835598754882813,50.0
1774233247.431312,28.085696411132812,50.0
1774233247.5128343,28.02335205078125,50.0
1774233247.5711994,28.191714477539062,50.0
1774233247.6209285,28.5095703125,50.0
1774233247.693008,27.99683837890625,50.0
1774233247.7510808,28.465802001953126,50.0
1774233247.8211164,28.27062072753906,50.0
1774233247.8711836,28.639547729492186,50.0
1774233247.9230742,28.62554016113281,50.0
1774233247.9912877,28.551544189453125,50.0
1774233248.0567944,28.617794799804688,50.0
1774233248.1209362,28.663363647460937,50.0
1774233248.1710668,28.561117553710936,50.0
1774233248.2474923,28.597384643554687,50.0
1774233248.321104,28.541720581054687,50.0
1774233248.3713248,28.53963623046875,50.0
1774233248.436778,28.615634155273437,50.0
1774233248.5011573,29.04840087890625,50.0
1774233248.5708058,28.567282104492186,50.0
1774233248.6211026,28.789666748046876,50.0
1774233248.6810153,28.75242919921875,50.0
1774233248.7573636,28.872726440429688,50.0
1774233248.8103611,29.454324340820314,50.0
1774233248.8708684,28.88734130859375,50.0
1774233248.9444041,28.880343627929687,50.0
1774233248.9908965,28.692337036132812,50.0
1774233249.2135558,28.89464416503906,50.0
1774233249.300202,29.130935668945312,50.0
1774233249.3610506,28.713360595703126,50.0
1774233249.4359221,28.782489013671874,50.0
1774233249.5013092,28.516751098632813,50.0
1774233249.5524044,28.7173828125,50.0
1774233249.622334,28.711163330078126,50.0
1774233249.6930957,28.44666442871094,50.0
1774233249.7610445,28.442965698242187,50.0
1774233249.801281,28.538021850585938,50.0
1774233249.870974,28.73082275390625,50.0
1774233249.952597,28.54645690917969,50.0
1774233250.0080123,28.877273559570312,50.0
1774233250.0631025,28.883135986328124,50.0
1774233250.1128342,28.761459350585938,50.0
1774233250.1710498,28.802590942382814,50.0
1774233250.2409956,28.2990234375,50.0
1774233250.3086486,28.700564575195312,50.0
1774233250.3812087,28.327975463867187,50.0
1774233250.4311924,28.63292236328125,50.0
1774233250.5010471,28.092770385742188,50.0
1774233250.5713367,28.613137817382814,50.0
1774233250.6111598,28.6554931640625,50.0
1774233250.680997,28.53887939453125,50.0
1774233250.8833191,28.623080444335937,50.0
1774233250.9339352,28.797357177734376,50.0
1774233251.0018017,28.775994873046876,50.0
1774233251.0658946,28.61453857421875,50.0
1774233251.1308413,28.58980712890625,50.0
1774233251.1933012,28.426361083984375,50.0
1774233251.2520905,28.746926879882814,50.0
1774233251.3225617,28.713226318359375,50.0
1774233251.3726075,28.905575561523438,50.0
1774233251.442006,28.718096923828124,50.0
1774233251.5008292,28.639993286132814,50.0
1774233251.5728397,28.76971435546875,50.0
1774233251.6320412,28.856222534179686,50.0
1774233251.6909993,28.236834716796874,50.0
1774233251.7509332,28.439129638671876,50.0
1774233251.8127303,28.42218017578125,50.0
1774233251.8696623,28.332363891601563,50.0
1774233251.9310644,28.70647277832031,50.0
1774233252.0013638,28.791162109375,50.0
1774233252.0624235,28.744137573242188,50.0
1774233252.1129956,28.65709228515625,50.0
1774233252.1907864,28.646145629882813,50.0
1774233252.253029,28.984152221679686,50.0
1774233252.3009996,28.738909912109374,50.0
1774233252.3786383,28.433633422851564,50.0
1774233252.4505434,28.508074951171874,50.0
1774233252.5026045,28.587344360351562,50.0
1774233252.5608532,28.589639282226564,50.0
1774233252.6422973,28.637106323242186,50.0
1774233252.6903417,28.509344482421874,50.0
1774233252.760191,28.550021362304687,50.0
1774233252.8220925,28.674270629882812,50.0
1774233252.891179,28.781378173828124,50.0
1774233252.966315,28.41624755859375,50.0
1774233253.0330262,28.422198486328124,50.0
1774233253.130365,28.515960693359375,50.0
1774233253.3416965,28.218728637695314,50.0
1774233253.4082766,29.30208740234375,50.0
1774233253.462588,28.6009033203125,50.0
1774233253.51388,28.534878540039063,50.0
1774233253.5772111,28.73780517578125,50.0
1774233253.6426775,28.690899658203126,50.0
1774233253.7082584,28.894430541992186,50.0
1774233253.7602193,28.076290893554688,50.0
1774233253.8212738,28.56771240234375,50.0
1774233253.8927794,27.954840087890624,50.0
1774233253.961183,28.56354675292969,50.0
1774233254.0209982,28.285202026367188,50.0
1774233254.0709631,28.91327819824219,50.0
1774233254.1510746,28.814361572265625,50.0
1774233254.2059934,28.64981689453125,50.0
1774233254.3903005,28.12886962890625,50.0
1774233254.4602122,28.358157348632812,50.0
1774233254.5261812,28.715737915039064,50.0
1774233254.580963,28.08533630371094,50.0
1774233254.6526823,28.75334777832031,50.0
1774233254.7010496,28.3936767578125,50.0
1774233254.7712343,28.959396362304688,50.0
1774233254.8509386,28.810507202148436,50.0
1774233254.93124,28.695028686523436,50.0
1774233255.1210349,28.544699096679686,50.0
1774233255.172574,28.485916137695312,50.0
1774233255.2229083,28.589361572265624,50.0
1774233255.29396,28.66575927734375,50.0
1774233255.360183,28.272683715820314,50.0
1774233255.4220457,28.302154541015625,50.0
1774233255.4730268,28.564923095703126,50.0
1774233255.543575,28.571981811523436,50.0
1774233255.613081,28.520608520507814,50.0
1774233255.6762779,29.082418823242186,50.0
1774233255.7408442,28.526626586914062,50.0
1774233255.7910526,29.157879638671876,50.0
1774233255.8601136,28.799676513671876,50.0
1774233255.9010768,28.799093627929686,50.0
1774233255.9708421,29.161276245117186,50.0
1774233256.0422518,28.608670043945313,50.0
1774233256.110441,28.836611938476562,50.0
1774233256.1731055,28.399188232421874,50.0
1774233256.2228394,28.575701904296874,50.0
1774233256.2942464,29.125860595703124,50.0
1774233256.352809,28.271087646484375,50.0
1774233256.5334423,28.408084106445312,50.0
1774233256.600562,28.613531494140624,50.0
1774233256.6637206,28.415982055664063,50.0
1774233256.7303035,28.242520141601563,50.0
1774233256.796967,28.404742431640624,50.0
1774233256.843046,28.547970581054688,50.0
1774233256.9110274,28.599041748046876,50.0
1774233256.9809148,28.51496276855469,50.0
1774233257.0550418,28.584942626953126,50.0
1774233257.1100707,28.677767944335937,50.0
1774233257.1804323,28.20523681640625,50.0
1774233257.2228527,28.775982666015626,50.0
1774233257.3010933,28.62153015136719,50.0
1774233257.3701262,28.538894653320312,50.0
1774233257.4108179,28.52501525878906,50.0
1774233257.4867532,28.4698486328125,50.0
1774233257.563706,28.517205810546876,50.0
1774233257.6140976,28.067822265625,50.0
1774233257.662509,28.38546142578125,50.0
1774233257.7328835,28.373635864257814,50.0
1774233257.8109362,29.360870361328125,50.0
1774233257.8810232,28.584793090820312,50.0
1774233257.921157,28.609524536132813,50.0
1774233257.9987996,28.675408935546876,50.0
1774233258.0627637,28.602938842773437,50.0
1774233258.1111653,28.6706787109375,50.0
1774233258.1743808,28.518142700195312,50.0
1774233258.2432733,28.546441650390626,50.0
1774233258.3128257,28.29765930175781,50.0
1774233258.3710213,28.211788940429688,50.0
1774233258.4438264,28.47010498046875,50.0
1774233258.660957,28.528158569335936,50.0
1774233258.733659,28.3653076171875,50.0
1774233258.8016372,28.46068115234375,50.0
1774233258.865562,28.522576904296876,50.0
1774233258.9336107,28.480999755859376,50.0
1774233258.9928734,28.55264892578125,50.0
1774233259.0611825,28.531405639648437,50.0
1774233259.11122,29.205859375,50.0
1774233259.1810758,28.567120361328126,50.0
1774233259.2476876,28.58115234375,50.0
1774233259.3132553,28.47228088378906,50.0
1774233259.3799593,28.7508544921875,50.0
1774233259.4412758,28.814730834960937,50.0
1774233259.492991,28.408712768554686,50.0
1774233259.5625944,28.323178100585938,50.0
1774233259.6312947,28.550131225585936,50.0
1774233259.6928952,28.46846923828125,50.0
1774233259.7612543,28.564065551757814,50.0
1774233259.8113048,28.902188110351563,50.0
1774233259.8808684,28.67676696777344,50.0
1774233259.9323792,28.524847412109374,50.0
1774233259.9940083,28.561865234375,50.0
1774233260.060944,28.866046142578124,50.0
1774233260.111261,28.359600830078126,50.0
1774233260.181171,28.45318603515625,50.0
1774233260.2604742,28.63800964355469,50.0
1774233260.3028328,28.780581665039062,50.0
1774233260.505128,28.69827880859375,50.0
1774233260.5723503,28.284368896484374,50.0
1774233260.619362,28.57333984375,50.0
1774233260.676245,28.486306762695314,50.0
1774233260.7410307,28.57593688964844,50.0
1774233260.8110464,29.22637023925781,50.0
1774233260.8711603,28.82257080078125,50.0
1774233260.9409177,28.700650024414063,50.0
1774233260.9911838,28.581973266601562,50.0
1774233261.067174,28.8993896484375,50.0
1774233261.1312017,28.7356201171875,50.0
1774233261.186384,28.552774047851564,50.0
1774233261.2626138,28.361862182617188,50.0
1774233261.3111215,28.404925537109374,50.0
1774233261.3731155,28.502908325195314,50.0
1774233261.442448,28.642156982421874,50.0
1774233261.4926324,28.662643432617188,50.0
1774233261.5624826,28.45152893066406,50.0
1774233261.6130962,28.633209228515625,50.0
1774233261.6911182,28.505447387695312,50.0
1774233261.750141,28.68891296386719,50.0
1774233261.8011932,28.56661376953125,50.0
1774233261.8746533,28.763824462890625,50.0
1774233261.941206,28.8746337890625,50.0
1774233261.9995456,28.805120849609374,50.0
1774233262.0530555,28.660421752929686,50.0
1774233262.121198,28.54057922363281,50.0
1774233262.1901047,28.647909545898436,50.0
1774233262.2580829,28.8404541015625,50.0
1774233262.323285,28.584579467773438,50.0
1774233262.381184,27.964804077148436,50.0
1774233262.430981,28.307034301757813,50.0
1774233262.5008268,28.3951416015625,50.0
1774233262.540995,28.11827392578125,50.0
1774233262.611232,28.453985595703124,50.0
1774233262.6838648,27.9657470703125,50.0
1774233262.7512796,28.430517578125,50.0
1774233262.8123724,28.037564086914063,50.0
1774233262.8753877,28.134280395507812,50.0
1774233262.9362717,28.233859252929687,50.0
1774233263.0113013,28.387387084960938,50.0
1774233263.0602355,28.825991821289062,50.0
1774233263.2376971,28.031338500976563,50.0
1774233263.311189,28.407919311523436,50.0
1774233263.381225,28.573147583007813,50.0
1774233263.4511132,28.24686279296875,50.0
1774233263.5019958,28.4544189453125,50.0
1774233263.5710168,28.115277099609376,50.0
1774233263.6322386,28.349688720703124,50.0
1774233263.7009149,28.659521484375,50.0
1774233263.7513337,28.465573120117188,50.0
1774233263.8056304,28.67947998046875,50.0
1774233263.862724,28.448629760742186,50.0
1774233263.9254649,29.031964111328126,50.0
1774233264.100924,28.413189697265626,50.0
1774233264.1753683,28.4990966796875,50.0
1774233264.2469707,28.564105224609374,50.0
1774233264.311095,28.526080322265624,50.0
1774233264.3850589,28.97564697265625,50.0
1774233264.4360847,28.473492431640626,50.0
1774233264.5009537,28.683273315429688,50.0
1774233264.553021,28.674911499023438,50.0
1774233264.6112418,28.285040283203124,50.0
1774233264.6810381,28.40645751953125,50.0
1774233264.7529573,28.42423095703125,50.0
1774233264.8207898,28.58101806640625,50.0
1774233264.8834105,28.501559448242187,50.0
1774233264.9329774,28.250448608398436,50.0
1774233265.002621,28.471969604492188,50.0
1774233265.0810094,28.58416748046875,50.0
1774233265.1408231,28.544052124023438,50.0
1774233265.1825576,28.56800537109375,50.0
1774233265.2509272,28.56080017089844,50.0
1774233265.3029215,28.709207153320314,50.0
1774233265.3704035,28.450729370117188,50.0
1774233265.4312024,28.68525085449219,50.0
1774233265.6420279,28.682376098632812,50.0
1774233265.701678,28.479461669921875,50.0
1774233265.7584727,28.62773742675781,50.0
1774233265.8128269,28.73099365234375,50.0
1774233265.8882995,28.665628051757814,50.0
1774233265.9412858,28.538681030273438,50.0
1774233266.0004766,28.429788208007814,50.0
1774233266.0809863,28.332373046875,50.0
1774233266.1393967,28.50108947753906,50.0
1774233266.1940596,28.67713623046875,50.0
1774233266.2480574,28.814190673828126,50.0
1774233266.3204205,28.45528564453125,50.0
1774233266.3737228,29.05596923828125,50.0
1774233266.4254482,28.59339294433594,50.0
1774233266.5099945,28.673895263671874,50.0
1774233266.5737174,28.872726440429688,50.0
1774233266.6228473,29.155133056640626,50.0
1774233266.673162,28.588714599609375,50.0
1774233266.7514098,28.672576904296875,50.0
1774233266.8012412,28.865908813476562,50.0
1774233266.8753002,28.630453491210936,50.0
1774233267.0679119,28.712066650390625,50.0
1774233267.1211045,28.183572387695314,50.0
1774233267.1908205,28.435516357421875,50.0
1774233267.2400925,28.446966552734374,50.0
1774233267.301044,28.4924072265625,50.0
1774233267.3712614,28.45262756347656,50.0
1774233267.4327917,28.60433349609375,50.0
1774233267.5051098,28.509478759765624,50.0
1774233267.5528233,28.573748779296874,50.0
1774233267.6159623,28.646011352539062,50.0
1774233267.681187,28.37435302734375,50.0
1774233267.7308075,28.706854248046874,50.0
1774233267.952557,28.807894897460937,50.0
1774233268.0009503,28.601535034179687,50.0
1774233268.0638773,28.379452514648438,50.0
1774233268.1125576,28.56954345703125,50.0
1774233268.1712658,28.629147338867188,50.0
1774233268.2310598,28.51029052734375,50.0
1774233268.30103,29.071487426757812,50.0
1774233268.370137,28.421536254882813,50.0
1774233268.4311213,28.628765869140626,50.0
1774233268.4912775,28.505511474609374,50.0
1774233268.552815,28.539459228515625,50.0
1774233268.6204293,28.5711181640625,50.0
1774233268.6812673,28.801980590820314,50.0
1774233268.7519977,29.306857299804687,50.0
1774233268.8163016,28.694400024414062,50.0
1774233268.8801396,28.778790283203126,50.0
1774233268.9429567,28.793389892578126,50.0
1774233269.006328,28.811260986328126,50.0
1774233269.0546205,28.66436767578125,50.0
1774233269.1204078,28.496517944335938,50.0
1774233269.1808412,28.42303466796875,50.0
1774233269.2449217,28.00202331542969,50.0
1774233269.313123,28.3947021484375,50.0
1774233269.381052,28.141241455078124,50.0
1774233269.5878103,28.375653076171876,50.0
1774233269.6373565,28.400384521484376,50.0
1774233269.6903787,28.3557861328125,50.0
1774233269.753931,28.728012084960938,50.0
1774233269.8209727,28.3630126953125,50.0
1774233269.8684716,28.428271484375,50.0
1774233269.9371557,28.621847534179686,50.0
1774233269.9926472,28.464083862304687,50.0
1774233270.0512772,28.271771240234376,50.0
1774233270.111182,28.523287963867187,50.0
1774233270.1901195,28.500115966796876,50.0
1774233270.24356,28.485516357421876,50.0
1774233270.312426,28.84202880859375,50.0
1774233270.371102,28.531060791015626,50.0
1774233270.4214578,28.591845703125,50.0
1774233270.483464,28.563604736328124,50.0
1774233270.5579858,28.516665649414062,50.0
1774233270.6211069,28.608990478515626,50.0
1774233270.6848264,28.519180297851562,50.0
1774233270.732992,28.399765014648438,50.0
1774233270.8112323,28.741552734375,50.0
1774233270.862884,29.133953857421876,50.0
1774233270.9380891,28.644924926757813,50.0
1774233270.9999886,28.735494995117186,50.0
1774233271.0668113,28.780145263671876,50.0
1774233271.115886,28.681008911132814,50.0
1774233271.1810038,28.940826416015625,50.0
1774233271.2555194,28.21019592285156,50.0
1774233271.321303,28.86451416015625,50.0
1774233271.375082,28.6296875,50.0
1774233271.4402273,28.459686279296875,50.0
1774233271.5029042,28.692239379882814,50.0
1774233271.571022,28.83218994140625,50.0
1774233271.6309376,28.648016357421874,50.0
1774233271.7009993,29.08057861328125,50.0
1774233271.7525096,29.003762817382814,50.0
1774233271.804542,28.722967529296874,50.0
1774233271.8709874,28.829315185546875,50.0
1774233271.9380143,28.63792724609375,50.0
1774233271.9901097,28.55206298828125,50.0
1774233272.061166,28.713040161132813,50.0
1774233272.1360502,28.58295593261719,50.0
1774233272.183976,28.678390502929688,50.0
1774233272.2682564,28.390884399414062,50.0
1774233272.3122804,28.499343872070312,50.0
1774233272.3686264,28.53961181640625,50.0
1774233272.432772,28.18905029296875,50.0
1774233272.4910214,28.91351318359375,50.0
1774233272.555308,28.302035522460937,50.0
1774233272.6213536,28.675628662109375,50.0
1774233272.6913567,28.294412231445314,50.0
1774233272.75529,28.917446899414063,50.0
1774233272.8238084,28.67431640625,50.0
1774233272.8723433,29.50224914550781,50.0
1774233272.941209,28.935076904296874,50.0
1774233273.0142186,29.29072265625,50.0
1774233273.0619652,28.95362548828125,50.0
1774233273.1312866,28.850570678710938,50.0
1774233273.1923552,28.6804443359375,50.0
1774233273.2531776,28.544088745117186,50.0
1774233273.3251653,28.694985961914064,50.0
1774233273.391326,28.551254272460938,50.0
1774233273.4527857,28.526229858398438,50.0
1774233273.5110083,28.4977783203125,50.0
1774233273.5627246,28.508697509765625,50.0
1774233273.6312997,28.644796752929686,50.0
1774233273.6912563,28.13763427734375,50.0
1774233273.7611766,28.441464233398438,50.0
1774233273.8251503,28.445370483398438,50.0
1774233273.8927643,28.314990234375,50.0
1774233273.9520373,28.33472595214844,50.0
1774233274.0028708,28.790365600585936,50.0
1774233274.0701332,28.375408935546876,50.0
1774233274.1310663,28.617095947265625,50.0
1774233274.2013748,28.559063720703126,50.0
1774233274.2641237,28.525558471679688,50.0
1774233274.3326256,28.7798583984375,50.0
1774233274.395478,28.571493530273436,50.0
1774233274.4500391,28.804022216796874,50.0
1774233274.506724,28.636166381835938,50.0
1774233274.5734365,28.757879638671874,50.0
1774233274.6209211,28.51323547363281,50.0
1774233274.6908326,28.67021484375,50.0
1774233274.7526162,28.1267578125,50.0
1774233274.8244765,28.548431396484375,50.0
1774233274.8911896,28.250341796875,50.0
1774233274.9410899,29.02013244628906,50.0
1774233275.0099661,28.927923583984374,50.0
1774233275.0742545,28.856875610351562,50.0
1774233275.142447,28.780364990234375,50.0
1774233275.1928928,28.826473999023438,50.0
1774233275.261059,28.780914306640625,50.0
1774233275.3211246,29.10413818359375,50.0
1774233275.3912933,28.9486572265625,50.0
1774233275.442786,28.659671020507812,50.0
1774233275.5013924,28.978631591796876,50.0
1774233275.5627663,28.91210021972656,50.0
1774233275.6209514,28.48316345214844,50.0
1774233275.7027397,28.528463745117186,50.0
1774233275.7765408,29.513961791992188,50.0
1774233275.82453,28.790142822265626,50.0
1774233275.8810039,28.508099365234376,50.0
1774233275.9408185,28.44182434082031,50.0
1774233276.0110543,28.500082397460936,50.0
1774233276.0788717,28.732266235351563,50.0
1774233276.1436713,28.542889404296876,50.0
1774233276.210943,28.528036499023436,50.0
1774233276.2708862,29.124139404296876,50.0
1774233276.3326619,28.695370483398438,50.0
1774233276.396689,28.65277099609375,50.0
1774233276.4447756,28.70262756347656,50.0
1774233276.5099745,28.799517822265624,50.0
1774233276.571126,28.572897338867186,50.0
1774233276.6348882,28.61601867675781,50.0
1774233276.6908326,28.65837707519531,50.0
1774233276.7610366,29.468112182617187,50.0
1774233276.820854,29.0177734375,50.0
1774233276.883143,28.526303100585938,50.0
1774233276.94095,28.77489013671875,50.0
1774233277.0110433,28.58455810546875,50.0
1774233277.0803082,28.79683837890625,50.0
1774233277.2717617,28.284133911132812,50.0
1774233277.3389275,28.0554443359375,50.0
1774233277.3851247,28.401339721679687,50.0
1774233277.450832,28.710159301757812,50.0
1774233277.5210316,28.524856567382812,50.0
1774233277.5837445,28.428204345703126,50.0
1774233277.6330614,28.596441650390624,50.0
1774233277.7010443,28.546173095703125,50.0
1774233277.7612147,28.610653686523438,50.0
1774233277.831305,28.59406433105469,50.0
1774233277.8848212,28.71396484375,50.0
1774233277.9401734,28.667626953125,50.0
1774233278.0030258,28.642703247070312,50.0
1774233278.0726712,28.342828369140626,50.0
1774233278.1355917,28.63518371582031,50.0
1774233278.1929276,28.655401611328124,50.0
