time_s,setpoint,temp_sec,temp_amb,duty,error,integral,is_smith,kp,ki
332.31805992126465,31.0,30.003577564207433,23.41909143688099,1.0,0.9964224357925673,0.02349379205625013,0,5.55674,0.18522
332.3587236404419,31.0,30.00481570639755,23.419873983863738,1.0,0.9951842936024491,0.048373399396311356,0,5.55674,0.18522
332.4000413417816,31.0,30.002339439305956,23.41870164107212,1.0,0.9976605606940439,0.07331491341366245,0,5.55674,0.18522
332.4431438446045,31.0,30.001512992758137,23.41870164107212,1.0,0.998487007241863,0.09827708859470902,0,5.55674,0.18522
332.47929549217224,31.0,30.001101331691018,23.419873983863738,1.0,0.998898668308982,0.12324955530243356,0,5.55674,0.18522
332.51731514930725,31.0,30.002339439305956,23.41870164107212,1.0,0.9976605606940439,0.14819106931978465,0,5.55674,0.18522
332.57149744033813,31.0,30.002339439305956,23.41909143688099,1.0,0.9976605606940439,0.17313258333713574,0,5.55674,0.18522
332.6040925979614,31.0,30.002339439305956,23.41909143688099,1.0,0.9976605606940439,0.19807409735448683,0,5.55674,0.18522
332.6402723789215,31.0,30.001101331691018,23.42026378203019,1.0,0.998898668308982,0.22304656406221138,0,5.55674,0.18522
332.6807072162628,31.0,30.001927774402418,23.419873983863738,1.0,0.998072225597582,0.24799836970215094,0,5.55674,0.18522
332.72437024116516,31.0,30.000278015289155,23.420653580980627,1.0,0.9997219847108454,0.2729914193199221,0,5.55674,0.18522
332.7662708759308,31.0,30.003162774846203,23.420653580980627,1.0,0.9968372251537971,0.29791234994876703,0,5.55674,0.18522
332.8061237335205,31.0,30.001512992758137,23.421046333746347,1.0,0.998487007241863,0.3228745251298136,0,5.55674,0.18522
332.84863805770874,31.0,30.001101331691018,23.421046333746347,1.0,0.998898668308982,0.3478469918375382,0,5.55674,0.18522
332.88614225387573,31.0,30.00068967253469,23.422608493605026,1.0,0.9993103274653095,0.37282975002417096,0,5.55674,0.18522
332.9296555519104,31.0,30.00068967253469,23.422998297272613,1.0,0.9993103274653095,0.3978125082108037,0,5.55674,0.18522
332.97060561180115,31.0,30.00068967253469,23.422998297272613,1.0,0.9993103274653095,0.4227952663974365,0,5.55674,0.18522
333.0106453895569,31.0,30.000278015289155,23.424170666061116,1.0,0.9997219847108454,0.44778831601520763,0,5.55674,0.18522
333.04929876327515,31.0,29.999863241360515,23.424950280468977,1.0,1.000136758639485,0.47279173498119476,0,5.55674,0.18522
333.09157824516296,31.0,29.999039936451425,23.425343041946803,1.0,1.0009600635485754,0.49781573656990913,0,5.55674,0.18522
333.13269996643066,31.0,30.00068967253469,23.426905236463938,1.0,0.9993103274653095,0.5227984947565418,0,5.55674,0.18522
333.17605781555176,31.0,30.00068967253469,23.42846744358951,1.0,0.9993103274653095,0.5477812529431746,0,5.55674,0.18522
333.2325003147125,31.0,30.00068967253469,23.428857259053814,1.0,0.9993103274653095,0.5727640111298073,0,5.55674,0.18522
333.27183842658997,31.0,30.002751106120513,23.429247075303522,1.0,0.9972488938794868,0.5976952334767945,0,5.55674,0.18522
333.3105661869049,31.0,30.00068967253469,23.430809301337263,1.0,0.9993103274653095,0.6226779916634273,0,5.55674,0.18522
333.3609790802002,31.0,30.001512992758137,23.43159189568189,1.0,0.998487007241863,0.6476401668444739,0,5.55674,0.18522
333.3963143825531,31.0,30.001101331691018,23.43159189568189,1.0,0.998898668308982,0.6726126335521985,0,5.55674,0.18522
333.4379482269287,31.0,30.001927774402418,23.431202074706846,1.0,0.998072225597582,0.6975644391921381,0,5.55674,0.18522
333.47604537010193,31.0,30.002339439305956,23.43159189568189,1.0,0.9976605606940439,0.7225059532094892,0,5.55674,0.18522
333.51613759994507,31.0,30.003577564207433,23.431202074706846,1.0,0.9964224357925673,0.7474165141043033,0,5.55674,0.18522
333.55778646469116,31.0,30.003577564207433,23.432371539989447,1.0,0.9964224357925673,0.7723270749991175,0,5.55674,0.18522
333.60675287246704,31.0,30.005227384709087,23.432371539989447,1.0,0.9947726152909127,0.7971963903813902,0,5.55674,0.18522
333.64018511772156,31.0,30.005227384709087,23.43315414065671,1.0,0.9947726152909127,0.822065705763663,0,5.55674,0.18522
333.68233919143677,31.0,30.003577564207433,23.432764316532143,1.0,0.9964224357925673,0.8469762666584771,0,5.55674,0.18522
333.71605110168457,31.0,30.006465549939605,23.433933791264053,1.0,0.9935344500603946,0.871814627909987,0,5.55674,0.18522
333.75796484947205,31.0,30.00770061359424,23.433933791264053,1.0,0.9922993864057617,0.896622112570131,0,5.55674,0.18522
333.7944016456604,31.0,30.010177030444595,23.434716398255944,1.0,0.989822969555405,0.9213676868090162,0,5.55674,0.18522
333.8386535644531,31.0,30.009353629758095,23.435888838056997,1.0,0.9906463702419046,0.9461338460650638,0,5.55674,0.18522
333.87780237197876,31.0,30.010177030444595,23.436278668483567,1.0,0.989822969555405,0.9708794203039489,0,5.55674,0.18522
333.9189956188202,31.0,30.01223868466076,23.43666849969668,1.0,0.9877613153392417,0.99557345318743,0,5.55674,0.18522
333.95884013175964,31.0,30.013065231212636,23.43823078570955,1.0,0.9869347687873642,1.0202468224071142,0,5.55674,0.18522
334.0156457424164,31.0,30.01554179798819,23.437451117764567,1.0,0.9844582020118082,1.0448582774574093,0,5.55674,0.18522
334.06300950050354,31.0,30.015953526128385,23.439403246840072,1.0,0.984046473871615,1.0694594393041996,0,5.55674,0.18522
334.0964856147766,31.0,30.0176035770441,23.439403246840072,1.0,0.982396422955901,1.0940193498780972,0,5.55674,0.18522
334.1335597038269,31.0,30.020903771098347,23.43901341010752,1.0,0.9790962289016534,1.1184967556006387,0,5.55674,0.18522
334.17151284217834,31.0,30.022965674987574,23.438623574161852,1.0,0.9770343250124256,1.1429226137259494,0,5.55674,0.18522
334.2109990119934,31.0,30.022965674987574,23.44096555497697,1.0,0.9770343250124256,1.1673484718512601,0,5.55674,0.18522
334.24601101875305,31.0,30.024615856565276,23.44096555497697,1.0,0.9753841434347237,1.1917330754371283,0,5.55674,0.18522
334.2945942878723,31.0,30.028743004903163,23.440575715089835,1.0,0.9712569950968373,1.2160145003145493,0,5.55674,0.18522
334.3252923488617,31.0,30.030393294193857,23.440575715089835,1.0,0.969606705806143,1.2402546679597029,0,5.55674,0.18522
334.36298513412476,31.0,30.03122001022956,23.440575715089835,1.0,0.9687799897704394,1.264474167703964,0,5.55674,0.18522
334.40928316116333,31.0,30.034520711992798,23.440575715089835,1.0,0.9654792880072023,1.288611149904144,0,5.55674,0.18522
334.4421281814575,31.0,30.036582933164027,23.439403246840072,1.0,0.963417066835973,1.3126965765750434,0,5.55674,0.18522
334.4789471626282,31.0,30.03864832237872,23.440185875989926,1.0,0.9613516776212805,1.3367303685155754,0,5.55674,0.18522
334.5152006149292,31.0,30.041534332212393,23.43979603767724,1.0,0.9584656677876069,1.3606920102102655,0,5.55674,0.18522
334.5560796260834,31.0,30.04401169579296,23.43901341010752,1.0,0.9559883042070396,1.3845917178154414,0,5.55674,0.18522
334.6080150604248,31.0,30.04566227001601,23.438623574161852,1.0,0.9543377299839904,1.4084501610650413,0,5.55674,0.18522
334.63886404037476,31.0,30.0469010009744,23.437840951343674,1.0,0.9530989990255989,1.4322776360406813,0,5.55674,0.18522
334.6763298511505,31.0,30.050614177652278,23.43901341010752,1.0,0.9493858223477218,1.4560122815993743,0,5.55674,0.18522
334.7173614501953,31.0,30.054330630903053,23.43823078570955,1.0,0.9456693690969473,1.4796540158267981,0,5.55674,0.18522
334.76187324523926,31.0,30.05680523267648,23.437061284972174,1.0,0.9431947673235186,1.503233885009886,0,5.55674,0.18522
334.7998261451721,31.0,30.060110010774622,23.43666849969668,1.0,0.939889989225378,1.5267311347405206,0,5.55674,0.18522
334.8508951663971,31.0,30.065886648066282,23.436278668483567,1.0,0.9341133519337177,1.5500839685388634,0,5.55674,0.18522
334.8913209438324,31.0,30.06753763116467,23.43666849969668,1.0,0.9324623688353313,1.5733955277597467,0,5.55674,0.18522
334.9320909976959,31.0,30.07001572426833,23.436278668483567,1.0,0.9299842757316696,1.5966451346530384,0,5.55674,0.18522
334.9686770439148,31.0,30.07414499373209,23.435888838056997,1.0,0.9258550062679092,1.6197915098097362,0,5.55674,0.18522
335.015340089798,31.0,30.077859316611296,23.43666849969668,1.0,0.9221406833887045,1.6428450268944539,0,5.55674,0.18522
335.05886578559875,31.0,30.082400991252598,23.435106226317316,1.0,0.917599008747402,1.6657850021131388,0,5.55674,0.18522
335.09398770332336,31.0,30.083228194299352,23.436278668483567,1.0,0.9167718057006482,1.688704297255655,0,5.55674,0.18522
335.136132478714,31.0,30.086530840826583,23.434716398255944,1.0,0.9134691591734168,1.7115410262349904,0,5.55674,0.18522
335.1809539794922,31.0,30.08942153852587,23.434326570980886,1.0,0.910578461474131,1.7343054877718436,0,5.55674,0.18522
335.22873544692993,31.0,30.09561531820259,23.43354396556731,1.0,0.9043846817974099,1.7569151048167788,0,5.55674,0.18522
335.268798828125,31.0,30.098506314090628,23.432371539989447,1.0,0.9014936859093723,1.7794524469645132,0,5.55674,0.18522
335.31143021583557,31.0,30.104285468441844,23.432764316532143,1.0,0.8957145315581556,1.801845310253467,0,5.55674,0.18522
335.3513240814209,31.0,30.107592027279736,23.431202074706846,1.0,0.8924079727202638,1.8241555095714737,0,5.55674,0.18522
335.40655755996704,31.0,30.112959595631594,23.430809301337263,1.0,0.8870404043684061,1.8463315196806838,0,5.55674,0.18522
335.44077610969543,31.0,30.1170908792069,23.429247075303522,1.0,0.8829091207931015,1.8684042477005114,0,5.55674,0.18522
335.4762706756592,31.0,30.120394796715516,23.42846744358951,1.0,0.8796052032844841,1.8903943777826235,0,5.55674,0.18522
335.519083738327,31.0,30.125763146834686,23.42768486188413,1.0,0.8742368531653142,1.9122502991117565,0,5.55674,0.18522
335.5603392124176,31.0,30.12824287945557,23.42768486188413,1.0,0.8717571205444301,1.9340442271253673,0,5.55674,0.18522
335.6064295768738,31.0,30.133199431430853,23.42651247181675,1.0,0.8668005685691469,1.955714241339596,0,5.55674,0.18522
335.65139150619507,31.0,30.13815626322412,23.424170666061116,1.0,0.8618437367758816,1.977260334758993,0,5.55674,0.18522
335.6888678073883,31.0,30.14394114933549,23.424950280468977,1.0,0.8560588506645104,1.9986618060256058,0,5.55674,0.18522
335.7261891365051,31.0,30.14518126365863,23.423777906961107,1.0,0.8548187363413717,2.02003227443414,0,5.55674,0.18522
335.76182293891907,31.0,30.15013877237243,23.422608493605026,1.0,0.8498612276275708,2.041278805124829,0,5.55674,0.18522
335.80985283851624,31.0,30.153859430869545,23.421825935579648,1.0,0.8461405691304549,2.0624323193530905,0,5.55674,0.18522
335.8412482738495,31.0,30.15675234415778,23.421436134270948,1.0,0.8432476558422195,2.083513510749146,0,5.55674,0.18522
335.87817764282227,31.0,30.161710507253247,23.420653580980627,1.0,0.8382894927467532,2.104470748067815,0,5.55674,0.18522
335.918496131897,31.0,30.167496947787697,23.41909143688099,1.0,0.8325030522123029,2.1252833243731226,0,5.55674,0.18522
335.9676411151886,31.0,30.171627675382013,23.41831184604689,1.0,0.8283723246179875,2.1459926324885723,0,5.55674,0.18522
336.0027196407318,31.0,30.176174200724688,23.417139512701453,1.0,0.823825799275312,2.166588277470455,0,5.55674,0.18522
336.03828835487366,31.0,30.18030846281323,23.41674972081654,1.0,0.8196915371867703,2.1870805659001245,0,5.55674,0.18522
336.076847076416,31.0,30.183614763099627,23.41674972081654,1.0,0.8163852369003735,2.2074901968226337,0,5.55674,0.18522
336.1256823539734,31.0,30.189815194357436,23.416356976755196,1.0,0.8101848056425638,2.227744816963698,0,5.55674,0.18522
336.15786957740784,31.0,30.19436266512014,23.41518760816865,1.0,0.8056373348798616,2.2478857503356946,0,5.55674,0.18522
336.1941604614258,31.0,30.197256917486868,23.415577396914216,1.0,0.8027430825131319,2.267954327398523,0,5.55674,0.18522
336.23855996131897,31.0,30.203870925310355,23.414794867270075,1.0,0.7961290746896452,2.287857554265764,0,5.55674,0.18522
336.27638363838196,31.0,30.20924752000036,23.414015293706484,1.0,0.7907524799996395,2.307626366265755,0,5.55674,0.18522
336.3137938976288,31.0,30.21090120203587,23.414015293706484,1.0,0.7890987979641295,2.3273538362148583,0,5.55674,0.18522
336.35236978530884,31.0,30.217928918668235,23.412842986326893,1.0,0.7820710813317646,2.3469056132481523,0,5.55674,0.18522
336.4073815345764,31.0,30.225373038392775,23.41323277036247,1.0,0.7746269616072254,2.366271287288333,0,5.55674,0.18522
336.443163394928,31.0,30.229509629889037,23.412842986326893,1.0,0.7704903701109629,2.385533546541107,0,5.55674,0.18522
336.4981698989868,31.0,30.236126083040062,23.413622555180893,1.0,0.7638739169599376,2.4046303944651055,0,5.55674,0.18522
336.5335841178894,31.0,30.23943449802681,23.412453203074165,1.0,0.7605655019731898,2.423644532014435,0,5.55674,0.18522
336.57807540893555,31.0,30.24646764267817,23.412453203074165,1.0,0.7535323573218307,2.442482840947481,0,5.55674,0.18522
336.6185004711151,31.0,30.251018067852215,23.412060467709637,1.0,0.7489819321477853,2.4612073892511757,0,5.55674,0.18522
336.6593155860901,31.0,30.257223292208607,23.412842986326893,1.0,0.7427767077913927,2.4797768069459605,0,5.55674,0.18522
336.70090341567993,31.0,30.262600051663014,23.412060467709637,1.0,0.7373999483369857,2.498211805654385,0,5.55674,0.18522
336.758348941803,31.0,30.269222148890037,23.412842986326893,1.0,0.7307778511099627,2.516481251932134,0,5.55674,0.18522
336.8112323284149,31.0,30.277496569437574,23.412842986326893,1.0,0.7225034305624263,2.534543837696195,0,5.55674,0.18522
336.84421253204346,31.0,30.279980613573173,23.412060467709637,1.0,0.7200193864268272,2.5525443223568653,0,5.55674,0.18522
336.88472175598145,31.0,30.286187906021212,23.412060467709637,1.0,0.7138120939787882,2.570389624706335,0,5.55674,0.18522
336.94521498680115,31.0,30.293637868747908,23.413622555180893,1.0,0.7063621312520922,2.5880486779876373,0,5.55674,0.18522
336.99620747566223,31.0,30.300672272055692,23.413622555180893,1.0,0.6993277279443078,2.605531871186245,0,5.55674,0.18522
337.03177213668823,31.0,30.30688104515292,23.414015293706484,1.0,0.6931189548470797,2.622859845057422,0,5.55674,0.18522
337.07154750823975,31.0,30.312677135942806,23.412842986326893,1.0,0.6873228640571938,2.6400429166588517,0,5.55674,0.18522
337.12616896629333,31.0,30.318473614530433,23.41518760816865,1.0,0.6815263854695672,2.657081076295591,0,5.55674,0.18522
337.16351222991943,31.0,30.32302781559798,23.415577396914216,1.0,0.6769721844020182,2.6740053809056414,0,5.55674,0.18522
337.2197413444519,31.0,30.332136936636346,23.415967186443083,1.0,0.6678630633636544,2.6907019574897326,0,5.55674,0.18522
337.2555513381958,31.0,30.335449012877007,23.417139512701453,1.0,0.6645509871229933,2.7073157321678076,0,5.55674,0.18522
337.3119399547577,31.0,30.34331648508396,23.41674972081654,1.0,0.6566835149160397,2.7237328200407087,0,5.55674,0.18522
337.34543013572693,31.0,30.347042278845038,23.417919098821756,1.0,0.6529577211549622,2.7400567630695827,0,5.55674,0.18522
337.3900377750397,31.0,30.356570396502548,23.41870164107212,1.0,0.6434296034974523,2.756142503157019,0,5.55674,0.18522
337.42955589294434,31.0,30.35822688700614,23.41870164107212,1.0,0.6417731129938602,2.772186830981865,0,5.55674,0.18522
337.4691948890686,31.0,30.366509816322946,23.419873983863738,1.0,0.6334901836770541,2.7880240855737917,0,5.55674,0.18522
337.51443815231323,31.0,30.371066549295847,23.420653580980627,1.0,0.6289334507041531,2.8037474218413956,0,5.55674,0.18522
337.55840039253235,31.0,30.380594187432166,23.421436134270948,1.0,0.6194058125678339,2.8192325671555913,0,5.55674,0.18522
337.59835267066956,31.0,30.383908122964897,23.422215737672673,1.0,0.6160918770351032,2.834634864081469,0,5.55674,0.18522
337.64015221595764,31.0,30.3913665102084,23.422608493605026,1.0,0.6086334897916004,2.849850701326259,0,5.55674,0.18522
337.68111085891724,31.0,30.398412005884495,23.423777906961107,1.0,0.6015879941155049,2.8648904011791463,0,5.55674,0.18522
337.7214539051056,31.0,30.40297042609825,23.423777906961107,1.0,0.5970295739017502,2.87981614052669,0,5.55674,0.18522
337.75977993011475,31.0,30.407112375334066,23.425732851118596,1.0,0.5928876246659343,2.8946383311433386,0,5.55674,0.18522
337.81280303001404,31.0,30.4154031390662,23.426122661075226,1.0,0.5845968609338001,2.9092532526666837,0,5.55674,0.18522
337.85135555267334,31.0,30.42120652260627,23.42651247181675,1.0,0.5787934773937309,2.923723089601527,0,5.55674,0.18522
337.908819437027,31.0,30.42990919877758,23.42846744358951,1.0,0.5700908012224204,2.9379753596320874,0,5.55674,0.18522
337.9416003227234,31.0,30.434055580380175,23.429247075303522,1.0,0.5659444196198251,2.952123970122583,0,5.55674,0.18522
337.98080945014954,31.0,30.440273961059745,23.430809301337263,1.0,0.559726038940255,2.9661171210960893,0,5.55674,0.18522
338.0185718536377,31.0,30.445662125965384,23.430419481939566,1.0,0.5543378740346157,2.979975567946955,0,5.55674,0.18522
338.0609278678894,31.0,30.451881347821768,23.43159189568189,1.0,0.548118652178232,2.9936785342514107,0,5.55674,0.18522
338.10177087783813,31.0,30.457687197855137,23.43315414065671,1.0,0.5423128021448633,3.0072363543050322,0,5.55674,0.18522
338.15937423706055,31.0,30.467224442272595,23.432764316532143,1.0,0.5327755577274047,3.0205557432482175,0,5.55674,0.18522
338.1961452960968,31.0,30.471786517416717,23.43354396556731,1.0,0.5282134825832827,3.0337610803127997,0,5.55674,0.18522
338.24772691726685,31.0,30.479252540707478,23.434326570980886,1.0,0.5207474592925223,3.0467797667951126,0,5.55674,0.18522
338.28624534606934,31.0,30.48464629326338,23.435106226317316,1.0,0.5153537067366187,3.059663609463528,0,5.55674,0.18522
338.3417522907257,31.0,30.49543168241422,23.435888838056997,1.0,0.5045683175857789,3.0722778174031724,0,5.55674,0.18522
338.37526392936707,31.0,30.50082331896573,23.43666849969668,1.0,0.49917668103427104,3.0847572344290293,0,5.55674,0.18522
338.41249322891235,31.0,30.503727855209718,23.437451117764567,1.0,0.49627214479028225,3.097164038048786,0,5.55674,0.18522
338.4634418487549,31.0,30.51161074989352,23.437451117764567,1.0,0.48838925010647927,3.109373769301448,0,5.55674,0.18522
338.49644780158997,31.0,30.51576108993669,23.43666849969668,1.0,0.4842389100633113,3.121479742053031,0,5.55674,0.18522
338.5313911437988,31.0,30.52198540973967,23.43666849969668,1.0,0.47801459026032944,3.133430106809539,0,5.55674,0.18522
338.5713698863983,31.0,30.527378723359845,23.43666849969668,1.0,0.4726212766401545,3.145245638725543,0,5.55674,0.18522
338.6138334274292,31.0,30.535266941104453,23.436278668483567,1.0,0.46473305889554695,3.1568639651979318,0,5.55674,0.18522
338.6544916629791,31.0,30.54024687209005,23.436278668483567,1.0,0.4597531279099485,3.1683577933956806,0,5.55674,0.18522
338.69163370132446,31.0,30.545641341235978,23.434716398255944,1.0,0.45435865876402204,3.1797167598647813,0,5.55674,0.18522
338.7433388233185,31.0,30.554774118502905,23.433933791264053,1.0,0.44522588149709463,3.1908474069022086,0,5.55674,0.18522
338.77463269233704,31.0,30.559755190364115,23.43354396556731,1.0,0.4402448096358853,3.201853527143106,0,5.55674,0.18522
338.81198716163635,31.0,30.565985864035042,23.432764316532143,1.0,0.43401413596495786,3.2127038805422297,0,5.55674,0.18522
338.856249332428,31.0,30.572213854980646,23.432371539989447,1.0,0.4277861450193541,3.2233985341677136,0,5.55674,0.18522
338.8992397785187,31.0,30.5776103511638,23.432371539989447,1.0,0.42238964883620156,3.2339582753886185,0,5.55674,0.18522
338.94246196746826,31.0,30.584253629183706,23.431202074706846,1.0,0.4157463708162936,3.2443519346590257,0,5.55674,0.18522
338.9949917793274,31.0,30.592976075233025,23.430419481939566,1.0,0.4070239247669747,3.2545275327782,0,5.55674,0.18522
339.029447555542,31.0,30.59920604540696,23.430029663327502,1.0,0.40079395459304124,3.2645473816430264,0,5.55674,0.18522
339.07213020324707,31.0,30.605021934435797,23.428074675771995,1.0,0.394978065564203,3.2744218332821315,0,5.55674,0.18522
339.1122407913208,31.0,30.608344581357585,23.42768486188413,1.0,0.39165541864241504,3.284213218748192,0,5.55674,0.18522
339.15015506744385,31.0,30.61789870194309,23.426905236463938,1.0,0.3821012980569094,3.2937657511996146,0,5.55674,0.18522
339.19009375572205,31.0,30.622468854476665,23.425732851118596,1.0,0.377531145523335,3.303204029837698,0,5.55674,0.18522
339.24328541755676,31.0,30.632024568177144,23.425732851118596,1.0,0.3679754318228561,3.3124034156332693,0,5.55674,0.18522
339.2793951034546,31.0,30.63742801322195,23.423777906961107,1.0,0.36257198677805036,3.321467715302721,0,5.55674,0.18522
339.3167369365692,31.0,30.641166645183944,23.422998297272613,1.0,0.35883335481605627,3.330438549173122,0,5.55674,0.18522
339.35529470443726,31.0,30.649480195601598,23.422215737672673,1.0,0.35051980439840236,3.3392015442830822,0,5.55674,0.18522
339.4041221141815,31.0,30.655714323789937,23.42026378203019,1.0,0.34428567621006323,3.347808686188334,0,5.55674,0.18522
339.44374680519104,31.0,30.662778549079405,23.42026378203019,1.0,0.33722145092059463,3.356239222461349,0,5.55674,0.18522
339.48507809638977,31.0,30.66818396031215,23.41909143688099,1.0,0.3318160396878511,3.364534623453545,0,5.55674,0.18522
339.5363211631775,31.0,30.677744843231665,23.41831184604689,1.0,0.3222551567683354,3.3725910023727534,0,5.55674,0.18522
339.5702052116394,31.0,30.68314806978549,23.41831184604689,1.0,0.3168519302145114,3.380512300628116,0,5.55674,0.18522
339.61071014404297,31.0,30.688969734439297,23.41674972081654,1.0,0.3110302655607029,3.388288057267134,0,5.55674,0.18522
339.6645872592926,31.0,30.69603988832256,23.417139512701453,1.0,0.30396011167744064,3.39588706005907,0,5.55674,0.18522
339.69618344306946,31.0,30.701029277898613,23.417139512701453,1.0,0.2989707221013873,3.4033613281116044,0,5.55674,0.18522
339.7334096431732,31.0,30.707267216587923,23.416356976755196,1.0,0.2927327834120774,3.4106796476969063,0,5.55674,0.18522
339.7888116836548,31.0,30.71600236516275,23.416356976755196,1.0,0.2839976348372488,3.4177795885678375,0,5.55674,0.18522
339.8274190425873,31.0,30.72432015113111,23.416356976755196,1.0,0.2756798488688901,3.42467158478956,0,5.55674,0.18522
339.8816006183624,31.0,30.730559816837456,23.416356976755196,1.0,0.26944018316254414,3.4314075893686233,0,5.55674,0.18522
339.9174976348877,31.0,30.736384761521776,23.416356976755196,1.0,0.26361523847822355,3.4379979703305787,0,5.55674,0.18522
339.963139295578,31.0,30.74470456483232,23.417139512701453,1.0,0.2552954351676817,3.444380356209771,0,5.55674,0.18522
340.0034282207489,31.0,30.749696842503283,23.417529305369783,1.0,0.2503031574967167,3.4506379351471885,0,5.55674,0.18522
340.06372356414795,31.0,30.75885169595847,23.417529305369783,1.0,0.24114830404153054,3.456666642748227,0,5.55674,0.18522
340.1122944355011,31.0,30.767176873357243,23.41831184604689,1.0,0.2328231266427565,3.4624872209142956,0,5.55674,0.18522
340.142466545105,31.0,30.773419725606118,23.419484186481156,1.0,0.22658027439388206,3.4681517277741425,0,5.55674,0.18522
340.1818027496338,31.0,30.778413712897816,23.419484186481156,1.0,0.2215862871021841,3.4736913849516973,0,5.55674,0.18522
340.2227272987366,31.0,30.787156267609532,23.419484186481156,1.0,0.21284373239046772,3.479012478261459,0,5.55674,0.18522
340.26660776138306,31.0,30.794231544679462,23.42026378203019,1.0,0.20576845532053767,3.4841566896444722,0,5.55674,0.18522
340.305632352829,31.0,30.79798029912581,23.420653580980627,1.0,0.20201970087418886,3.489207182166327,0,5.55674,0.18522
340.34660744667053,31.0,30.80380678245058,23.420653580980627,1.0,0.1961932175494212,3.494112012605062,0,5.55674,0.18522
340.3972878456116,31.0,30.813386265036797,23.420653580980627,1.0,0.18661373496320266,3.498777355979142,0,5.55674,0.18522
340.43326354026794,31.0,30.820048162837054,23.421436134270948,1.0,0.17995183716294605,3.503276151908216,0,5.55674,0.18522
340.4757869243622,31.0,30.825044934902905,23.419873983863738,1.0,0.17495506509709458,3.507650028535643,0,5.55674,0.18522
340.5279846191406,31.0,30.835042525377958,23.419484186481156,1.0,0.16495747462204235,3.5117739654011944,0,5.55674,0.18522
340.5692775249481,31.0,30.84045589391485,23.419484186481156,1.0,0.1595441060851499,3.515762568053323,0,5.55674,0.18522
340.615172624588,31.0,30.84878920031946,23.419484186481156,1.0,0.15121079968054119,3.5195428380453366,0,5.55674,0.18522
340.6643455028534,31.0,30.855038151978704,23.419873983863738,1.0,0.1449618480212962,3.523166884245869,0,5.55674,0.18522
340.7008490562439,31.0,30.861703377037657,23.41870164107212,1.0,0.13829662296234346,3.526624299819928,0,5.55674,0.18522
340.7428967952728,31.0,30.867953297613838,23.419484186481156,1.0,0.13204670238616245,3.529925467379582,0,5.55674,0.18522
340.7853138446808,31.0,30.87503542796827,23.419873983863738,1.0,0.12496457203172895,3.5330495816803755,0,5.55674,0.18522
340.8277654647827,31.0,30.88295628253985,23.420653580980627,1.0,0.11704371746014886,3.5359756746168793,0,5.55674,0.18522
340.8675091266632,31.0,30.888372766600014,23.420653580980627,1.0,0.11162723339998593,3.538766355451879,0,5.55674,0.18522
340.9093050956726,31.0,30.8958757630283,23.421046333746347,1.0,0.1041242369716997,3.5413694613761715,0,5.55674,0.18522
340.9484944343567,31.0,30.901293089256285,23.421436134270948,1.0,0.09870691074371507,3.5438371341447645,0,5.55674,0.18522
340.9861788749695,31.0,30.907965174428398,23.421825935579648,1.0,0.09203482557160214,3.5461380047840545,0,5.55674,0.18522
341.04776668548584,31.0,30.917969579632256,23.421825935579648,1.0,0.08203042036774377,3.548188765293248,0,5.55674,0.18522
341.08022809028625,31.0,30.9242237337034,23.42338810172464,1.0,0.07577626629660017,3.550083171950663,0,5.55674,0.18522
341.1339337825775,31.0,30.9308976633381,23.422998297272613,1.0,0.06910233666189924,3.5518107303672104,0,5.55674,0.18522
341.1654715538025,31.0,30.937568977528485,23.421825935579648,1.0,0.06243102247151455,3.553371505928998,0,5.55674,0.18522
341.207311630249,31.0,30.945492649330674,23.421436134270948,1.0,0.05450735066932566,3.5547341896957314,0,5.55674,0.18522
341.26557755470276,31.0,30.95341707953156,23.422215737672673,1.0,0.04658292046843826,3.5558987627074425,0,5.55674,0.18522
341.2980306148529,31.0,30.959673910705646,23.422215737672673,1.0,0.04032608929435355,3.5569069149398014,0,5.55674,0.18522
341.33536672592163,31.0,30.96467908564489,23.421046333746347,1.0,0.0353209143551112,3.5577899377986792,0,5.55674,0.18522
341.37604451179504,31.0,30.972605354268467,23.421046333746347,1.0,0.027394645731533274,3.5584748039419676,0,5.55674,0.18522
341.42781138420105,31.0,30.981368345850058,23.421046333746347,1.0,0.01863165414994228,3.558940595295716,0,5.55674,0.18522
341.46268606185913,31.0,30.986374835016875,23.419873983863738,1.0,0.01362516498312516,3.5592812244202943,0,5.55674,0.18522
341.5007483959198,31.0,30.991384782776095,23.42026378203019,1.0,0.008615217223905347,3.559496604850892,0,5.55674,0.18522
341.53826904296875,31.0,30.99806097928422,23.41909143688099,1.0,0.0019390207157812256,3.5595450803687863,0,5.55674,0.18522
341.5760929584503,31.0,31.003068481254616,23.41831184604689,1.0,-0.0030684812546155626,3.559468368337421,0,5.55674,0.18522
341.61608839035034,31.0,31.01183470832666,23.417529305369783,0.9825116942522123,-0.011834708326659893,3.5591725006292543,0,5.55674,0.18522
341.6680223941803,31.0,31.017679377742297,23.417529305369783,0.949952521564928,-0.01767937774229722,3.558730516185697,0,5.55674,0.18522
341.7021219730377,31.0,31.02226830186828,23.415967186443083,0.9244300997106643,-0.022268301868280105,3.55817380863899,0,5.55674,0.18522
341.74122428894043,31.0,31.03145323039456,23.41518760816865,0.873286194673492,-0.03145323039456116,3.557387477879126,0,5.55674,0.18522
341.7799782752991,31.0,31.036465919222792,23.414405080096742,0.8453032809497254,-0.036465919222791854,3.556475829898556,0,5.55674,0.18522
341.8173990249634,31.0,31.041475756582486,23.413622555180893,0.8173130138814099,-0.0414757565824857,3.555438935983994,0,5.55674,0.18522
341.85820174217224,31.0,31.050246074316703,23.412453203074165,0.7684059716105238,-0.05024607431670347,3.5541827841260765,0,5.55674,0.18522
341.9128682613373,31.0,31.058597372571626,23.412453203074165,0.7217286434117738,-0.05859737257162578,3.5527178498117857,0,5.55674,0.18522
341.95557713508606,31.0,31.06486219288547,23.4112809051295,0.6866764700856594,-0.0648621928854709,3.551096294989649,0,5.55674,0.18522
341.99541306495667,31.0,31.074051881840887,23.41089112501328,0.6352888596204707,-0.07405188184088729,3.5492449979436267,0,5.55674,0.18522
342.03697752952576,31.0,31.078230214726545,23.40971883650053,0.6117688533369887,-0.07823021472654546,3.547289242575463,0,5.55674,0.18522
342.0806233882904,31.0,31.085747328247805,23.40971883650053,0.5696011549454112,-0.0857473282478054,3.545145559369268,0,5.55674,0.18522
342.1316463947296,31.0,31.09243434830006,23.40893633047449,0.5320552549938833,-0.09243434830005981,3.5428347006617664,0,5.55674,0.18522
342.1662976741791,31.0,31.09828159469714,23.408546555064163,0.49912853286346337,-0.09828159469714137,3.540377660794338,0,5.55674,0.18522
342.20611333847046,31.0,31.107057986046073,23.40776405376073,0.4499048248559477,-0.10705798604607253,3.537701211143186,0,5.55674,0.18522
342.2518994808197,31.0,31.11249236440767,23.406594736931936,0.4192464970781474,-0.11249236440767163,3.534888902032994,0,5.55674,0.18522
342.3003406524658,31.0,31.119595514590685,23.406202013413974,0.3792425013007987,-0.11959551459068507,3.531899014168227,0,5.55674,0.18522
342.3386719226837,31.0,31.125447861486293,23.405422474345926,0.34618164176316574,-0.12544786148629328,3.52876281763107,0,5.55674,0.18522
342.37842059135437,31.0,31.133806826253476,23.405032705984354,0.2991334537504873,-0.13380682625347617,3.525417646974733,0,5.55674,0.18522
342.4156324863434,31.0,31.138405411449696,23.4042502188301,0.272979573324685,-0.1384054114496962,3.5219575116884907,0,5.55674,0.18522
342.45282316207886,31.0,31.142587030097218,23.40346773482537,0.24912330445195274,-0.14258703009721785,3.5183928359360603,0,5.55674,0.18522
342.50551080703735,31.0,31.1517854481653,23.403860452819004,0.1972870946011171,-0.15178544816529893,3.5145981997319278,0,5.55674,0.18522
342.5461332798004,31.0,31.160984902909718,23.4042502188301,0.14540267759560715,-0.16098490290971768,3.510573577159185,0,5.55674,0.18522
342.59965658187866,31.0,31.16767491735942,23.40346773482537,0.10749173597109618,-0.1676749173594203,3.5063817042251992,0,5.55674,0.18522
342.6351463794708,31.0,31.173530711291164,23.403860452819004,0.0741289279227067,-0.17353071129116415,3.50204343644292,0,5.55674,0.18522
342.67392778396606,31.0,31.180221755418472,23.402298443841516,0.036194162664301144,-0.18022175541847218,3.497537892557458,0,5.55674,0.18522
342.7160005569458,31.0,31.183988081029725,23.401515967690443,0.014453861248626798,-0.18398808102972453,3.492938190531715,0,5.55674,0.18522
342.7573940753937,31.0,31.193191171102967,23.401126207159564,0.0,-0.19319117110296702,3.488108411254141,0,5.55674,0.18522
342.7992887496948,31.0,31.19695493379703,23.401905729002408,0.0,-0.19695493379703066,3.483184537909215,0,5.55674,0.18522
342.84136486053467,31.0,31.206994594430626,23.3999539775416,0.0,-0.2069945944306255,3.4780096730484495,0,5.55674,0.18522
342.884051322937,31.0,31.21243563407785,23.401905729002408,0.0,-0.21243563407784904,3.4726987821965034,0,5.55674,0.18522
342.9283652305603,31.0,31.218712262406314,23.401515967690443,0.0,-0.21871226240631358,3.4672309756363457,0,5.55674,0.18522
342.96763849258423,31.0,31.22415092264316,23.401905729002408,0.0,-0.22415092264316172,3.461627202570267,0,5.55674,0.18522
343.00608229637146,31.0,31.22833694579009,23.401905729002408,0.0,-0.22833694579009034,3.4559187789255144,0,5.55674,0.18522
343.0463173389435,31.0,31.233779414947207,23.401905729002408,0.0,-0.23377941494720744,3.4500742935518343,0,5.55674,0.18522
343.09823632240295,31.0,31.241731771659147,23.40346773482537,0.0,-0.24173177165914694,3.4440309992603555,0,5.55674,0.18522
343.13208508491516,31.0,31.245080032434714,23.40346773482537,0.0,-0.2450800324347142,3.4379039984494875,0,5.55674,0.18522
343.17382287979126,31.0,31.251359185225112,23.40346773482537,0.0,-0.25135918522511247,3.4316200188188595,0,5.55674,0.18522
343.2163369655609,31.0,31.2568000339175,23.40463998562268,0.0,-0.25680003391750006,3.425200017970922,0,5.55674,0.18522
343.25390434265137,31.0,31.261405575221602,23.40463998562268,0.0,-0.2614055752216018,3.418664878590382,0,5.55674,0.18522
343.2940742969513,31.0,31.2676859929731,23.405032705984354,0.0,-0.2676859929730995,3.4119727287660546,0,5.55674,0.18522
343.34907960891724,31.0,31.27480586602053,23.40776405376073,0.0,-0.2748058660205288,3.4051025821155414,0,5.55674,0.18522
343.38304686546326,31.0,31.27606275167426,23.407374280702584,0.0,-0.2760627516742602,3.398201013323685,0,5.55674,0.18522
343.4263241291046,31.0,31.2852762878544,23.408546555064163,0.0,-0.2852762878544013,3.391069106127325,0,5.55674,0.18522
343.46787452697754,31.0,31.2852762878544,23.410108614263493,0.0,-0.2852762878544013,3.383937198930965,0,5.55674,0.18522
343.5073139667511,31.0,31.291976549105982,23.410498392808847,0.0,-0.29197654910598203,3.3766377852033154,0,5.55674,0.18522
343.55032420158386,31.0,31.294490873566303,23.41089112501328,0.0,-0.29449087356630343,3.369275513364158,0,5.55674,0.18522
343.59660959243774,31.0,31.30077385994008,23.412060467709637,0.0,-0.30077385994007955,3.3617561668656557,0,5.55674,0.18522
343.6349678039551,31.0,31.30538190490978,23.41323277036247,0.0,-0.3053819049097797,3.3541216192429113,0,5.55674,0.18522
343.68052983283997,31.0,31.308732799577456,23.413622555180893,0.0,-0.3087327995774558,3.346403299253475,0,5.55674,0.18522
343.7204964160919,31.0,31.31208383327811,23.414405080096742,0.0,-0.31208383327810907,3.338601203421522,0,5.55674,0.18522
343.76280784606934,31.0,31.31543500605443,23.415967186443083,0.0,-0.31543500605442887,3.3307153282701614,0,5.55674,0.18522
343.8085844516754,31.0,31.317950060743158,23.416356976755196,0.0,-0.3179500607431578,3.3227665767515826,0,5.55674,0.18522
343.85387206077576,31.0,31.322137769005735,23.417919098821756,0.0,-0.3221377690057352,3.3147131325264394,0,5.55674,0.18522
343.9082291126251,31.0,31.326328862563912,23.417529305369783,0.0,-0.326328862563912,3.3065549109623418,0,5.55674,0.18522
343.94882345199585,31.0,31.332196125755672,23.41909143688099,0.0,-0.33219612575567226,3.29825000781845,0,5.55674,0.18522
344.00146865844727,31.0,31.332196125755672,23.419873983863738,0.0,-0.33219612575567226,3.289945104674558,0,5.55674,0.18522
344.03512501716614,31.0,31.33554813401787,23.421046333746347,0.0,-0.33554813401786987,3.281556401324111,0,5.55674,0.18522
344.0735788345337,31.0,31.339739924588002,23.420653580980627,0.0,-0.3397399245880024,3.2730629032094107,0,5.55674,0.18522
344.12844252586365,31.0,31.339739924588002,23.421825935579648,0.0,-0.3397399245880024,3.2645694050947105,0,5.55674,0.18522
344.16255474090576,31.0,31.344768459863246,23.422215737672673,0.0,-0.34476845986324633,3.2559501935981294,0,5.55674,0.18522
344.20416951179504,31.0,31.342252568712468,23.422998297272613,0.0,-0.34225256871246756,3.2473938793803176,0,5.55674,0.18522
344.24421405792236,31.0,31.344768459863246,23.422215737672673,0.0,-0.34476845986324633,3.2387746678837366,0,5.55674,0.18522
344.28635454177856,31.0,31.346026434899045,23.42338810172464,0.0,-0.34602643489904494,3.2301240070112605,0,5.55674,0.18522
344.32515954971313,31.0,31.348539275076405,23.422608493605026,0.0,-0.3485392750764049,3.2214105251343503,0,5.55674,0.18522
344.3802602291107,31.0,31.35105536257248,23.422608493605026,0.0,-0.35105536257248104,3.2126341410700383,0,5.55674,0.18522
344.4164094924927,31.0,31.351895132191885,23.422998297272613,0.0,-0.35189513219188484,3.203836762765241,0,5.55674,0.18522
344.47028827667236,31.0,31.352313435797953,23.42338810172464,0.0,-0.35231343579795293,3.1950289268702923,0,5.55674,0.18522
344.5058274269104,31.0,31.35398984099254,23.422608493605026,0.0,-0.35398984099253994,3.1861791808454787,0,5.55674,0.18522
344.546124458313,31.0,31.35357152867806,23.422215737672673,0.0,-0.3535715286780601,3.177339892628527,0,5.55674,0.18522
344.590430021286,31.0,31.35524796006581,23.422215737672673,0.0,-0.3552479600658103,3.168458693626882,0,5.55674,0.18522
344.63574171066284,31.0,31.35398984099254,23.423777906961107,0.0,-0.35398984099253994,3.1596089476020683,0,5.55674,0.18522
344.6851997375488,31.0,31.35398984099254,23.421825935579648,0.0,-0.35398984099253994,3.1507592015772548,0,5.55674,0.18522
344.7253830432892,31.0,31.354826472141156,23.421825935579648,0.0,-0.3548264721411556,3.141888539773726,0,5.55674,0.18522
344.76634907722473,31.0,31.356924426360536,23.421046333746347,0.0,-0.35692442636053556,3.1329654291147127,0,5.55674,0.18522
344.8073420524597,31.0,31.35524796006581,23.421046333746347,0.0,-0.3552479600658103,3.1240842301130676,0,5.55674,0.18522
344.84758591651917,31.0,31.35524796006581,23.421046333746347,0.0,-0.3552479600658103,3.1152030311114225,0,5.55674,0.18522
344.8835985660553,31.0,31.35524796006581,23.419484186481156,0.0,-0.3552479600658103,3.1063218321097774,0,5.55674,0.18522
344.9331774711609,31.0,31.35273174157686,23.419873983863738,0.0,-0.3527317415768607,3.097503538570356,0,5.55674,0.18522
344.96875619888306,31.0,31.354826472141156,23.41909143688099,0.0,-0.3548264721411556,3.088632876766827,0,5.55674,0.18522
345.0052306652069,31.0,31.35398984099254,23.419484186481156,0.0,-0.35398984099253994,3.0797831307420136,0,5.55674,0.18522
345.047833442688,31.0,31.351473661816613,23.41870164107212,0.0,-0.35147366181661255,3.0709962891965983,0,5.55674,0.18522
345.0841269493103,31.0,31.35315004952878,23.417919098821756,0.0,-0.3531500495287787,3.062167537958379,0,5.55674,0.18522
345.12649750709534,31.0,31.350637065500962,23.417919098821756,0.0,-0.35063706550096185,3.053401611320855,0,5.55674,0.18522
345.1716618537903,31.0,31.35021877060194,23.41870164107212,0.0,-0.3502187706019413,3.0446461420558064,0,5.55674,0.18522
345.21612095832825,31.0,31.348960730096167,23.41831184604689,0.0,-0.34896073009616657,3.0359221238034024,0,5.55674,0.18522
345.2545630931854,31.0,31.345608163941733,23.417529305369783,0.0,-0.34560816394173344,3.0272819197048593,0,5.55674,0.18522
345.29608607292175,31.0,31.34267399084638,23.417529305369783,0.0,-0.34267399084637873,3.0187150699337,0,5.55674,0.18522
345.33440589904785,31.0,31.344768459863246,23.415967186443083,0.0,-0.34476845986324633,3.010095858437119,0,5.55674,0.18522
345.38028287887573,31.0,31.343092246571928,23.41674972081654,0.0,-0.3430922465719277,3.0015185522728207,0,5.55674,0.18522
345.42134404182434,31.0,31.340576407754156,23.417919098821756,0.0,-0.3405764077541562,2.993004142078967,0,5.55674,0.18522
345.46375250816345,31.0,31.33848204768526,23.416356976755196,0.0,-0.338482047685261,2.984542090886835,0,5.55674,0.18522
345.5004529953003,31.0,31.337642417856273,23.415967186443083,0.0,-0.3376424178562729,2.9761010304404283,0,5.55674,0.18522
345.5405099391937,31.0,31.33471170302886,23.415577396914216,0.0,-0.33471170302885866,2.967733237864707,0,5.55674,0.18522
345.60218834877014,31.0,31.331777926562438,23.41674972081654,0.0,-0.3317779265624381,2.959438789700646,0,5.55674,0.18522
345.6585166454315,31.0,31.329680626955906,23.415577396914216,0.0,-0.3296806269559056,2.9511967740267484,0,5.55674,0.18522
345.69519090652466,31.0,31.327168374598045,23.41518760816865,0.0,-0.3271683745980454,2.943017564661797,0,5.55674,0.18522
345.73561096191406,31.0,31.32591069379157,23.414794867270075,0.0,-0.32591069379157034,2.934869797317008,0,5.55674,0.18522
345.77522468566895,31.0,31.324653032592266,23.41518760816865,0.0,-0.3246530325922663,2.9267534715022014,0,5.55674,0.18522
345.8164207935333,31.0,31.32130147707096,23.41518760816865,0.0,-0.3213014770709606,2.9187209345754273,0,5.55674,0.18522
345.85411190986633,31.0,31.317531935389127,23.41518760816865,0.0,-0.31753193538912683,2.910782636190699,0,5.55674,0.18522
345.9038076400757,31.0,31.314177508093508,23.41518760816865,0.0,-0.31417750809350764,2.9029281984883615,0,5.55674,0.18522
345.9398286342621,31.0,31.31166573830518,23.414015293706484,0.0,-0.3116657383051802,2.895136555030732,0,5.55674,0.18522
345.97974586486816,31.0,31.308732799577456,23.414015293706484,0.0,-0.3087327995774558,2.8874182350412956,0,5.55674,0.18522
346.03290009498596,31.0,31.306218031962544,23.412842986326893,0.0,-0.30621803196254405,2.879762784242232,0,5.55674,0.18522
346.0664527416229,31.0,31.303706509699907,23.414015293706484,0.0,-0.3037065096999072,2.8721701214997344,0,5.55674,0.18522
346.1064031124115,31.0,31.29951659020975,23.41323277036247,0.0,-0.2995165902097483,2.8646822067444906,0,5.55674,0.18522
346.15459752082825,31.0,31.29616607772755,23.414794867270075,0.0,-0.2961660777275483,2.8572780548013017,0,5.55674,0.18522
346.1873393058777,31.0,31.29616607772755,23.414794867270075,0.0,-0.2961660777275483,2.849873902858113,0,5.55674,0.18522
346.22717547416687,31.0,31.291976549105982,23.413622555180893,0.0,-0.29197654910598203,2.842574489130463,0,5.55674,0.18522
346.26524472236633,31.0,31.289462302829747,23.414015293706484,0.0,-0.2894623028297474,2.8353379315597196,0,5.55674,0.18522
346.3180856704712,31.0,31.283180195337593,23.414405080096742,0.0,-0.283180195337593,2.8282584266762796,0,5.55674,0.18522
346.3506419658661,31.0,31.282344306520315,23.414015293706484,0.0,-0.28234430652031506,2.821199819013272,0,5.55674,0.18522
346.3870851993561,31.0,31.277319656845464,23.414794867270075,0.0,-0.27731965684546367,2.814266827592135,0,5.55674,0.18522
346.4370105266571,31.0,31.27438796377868,23.415577396914216,0.0,-0.274387963778679,2.807407128497668,0,5.55674,0.18522
346.47468161582947,31.0,31.269781684272232,23.414794867270075,0.0,-0.2697816842722318,2.800662586390862,0,5.55674,0.18522
346.5153474807739,31.0,31.266850264136338,23.415967186443083,0.0,-0.2668502641363375,2.7939913297874535,0,5.55674,0.18522
346.55599641799927,31.0,31.26098774212096,23.415967186443083,0.0,-0.2609877421209603,2.7874666362344294,0,5.55674,0.18522
346.59719014167786,31.0,31.260569911175082,23.417139512701453,0.0,-0.2605699111750823,2.780952388455052,0,5.55674,0.18522
346.63617300987244,31.0,31.255964417362236,23.417919098821756,0.0,-0.25596441736223596,2.7745532780209965,0,5.55674,0.18522
346.6894299983978,31.0,31.248010665217976,23.41870164107212,0.0,-0.24801066521797566,2.768353011390547,0,5.55674,0.18522
346.7216272354126,31.0,31.24759290115702,23.41909143688099,0.0,-0.24759290115702015,2.7621631888616216,0,5.55674,0.18522
346.7609634399414,31.0,31.243405884772017,23.419873983863738,0.0,-0.24340588477201663,2.756078041742321,0,5.55674,0.18522
346.80241084098816,31.0,31.239636805424993,23.420653580980627,0.0,-0.23963680542499333,2.7500871216066964,0,5.55674,0.18522
346.840300321579,31.0,31.23503250021804,23.422215737672673,0.0,-0.23503250021803979,2.7442113091012454,0,5.55674,0.18522
346.8796055316925,31.0,31.230010782630984,23.42338810172464,0.0,-0.23001078263098407,2.738461039535471,0,5.55674,0.18522
346.9353654384613,31.0,31.22331564225715,23.423777906961107,0.0,-0.22331564225714828,2.7328781484790423,0,5.55674,0.18522
346.9696478843689,31.0,31.222898005285003,23.424560472872713,0.0,-0.22289800528500336,2.727305698346917,0,5.55674,0.18522
347.0061421394348,31.0,31.21787387422114,23.425343041946803,0.0,-0.2178738742211408,2.7218588514913886,0,5.55674,0.18522
347.0521638393402,31.0,31.21243563407785,23.426122661075226,0.0,-0.21243563407784904,2.7165479606394425,0,5.55674,0.18522
347.0916180610657,31.0,31.209506284928466,23.42651247181675,0.0,-0.2095062849284659,2.711310303516231,0,5.55674,0.18522
347.13129925727844,31.0,31.205321231604557,23.428074675771995,0.0,-0.2053212316045574,2.706177272726117,0,5.55674,0.18522
347.18614959716797,31.0,31.198210614360676,23.429247075303522,0.0,-0.19821061436067566,2.7012220073671003,0,5.55674,0.18522
347.2186255455017,31.0,31.194864284458447,23.429639845500958,0.0,-0.19486428445844695,2.696350400255639,0,5.55674,0.18522
347.2552330493927,31.0,31.189841884934253,23.430809301337263,0.0,-0.18984188493425336,2.691604353132283,0,5.55674,0.18522
347.3062822818756,31.0,31.18566100527329,23.432371539989447,0.0,-0.185661005273289,2.6869628280004507,0,5.55674,0.18522
347.34539556503296,31.0,31.181477177940337,23.432764316532143,0.0,-0.18147717794033724,2.6824258985519425,0,5.55674,0.18522
347.38602089881897,31.0,31.176041369499785,23.434326570980886,0.0,-0.1760413694997851,2.6780248643144478,0,5.55674,0.18522
347.4374370574951,31.0,31.171020130416878,23.435106226317316,0.0,-0.1710201304168777,2.6737493610540257,0,5.55674,0.18522
347.4702055454254,31.0,31.16767491735942,23.435499008416855,0.0,-0.1676749173594203,2.66955748812004,0,5.55674,0.18522
347.5090959072113,31.0,31.163912507111547,23.435106226317316,0.0,-0.16391250711154726,2.6654596754422513,0,5.55674,0.18522
347.5622887611389,31.0,31.155967752111962,23.435888838056997,0.014404148798920657,-0.15596775211196245,2.661560481639452,0,5.55674,0.18522
347.59878492355347,31.0,31.15220272056729,23.437061284972174,0.03456051915465491,-0.15220272056728845,2.65775541362527,0,5.55674,0.18522
347.6518609523773,31.0,31.145931214791688,23.437840951343674,0.06869390826266131,-0.14593121479168758,2.6541071332554775,0,5.55674,0.18522
347.69533491134644,31.0,31.14133220595255,23.438623574161852,0.09355481076392724,-0.14133220595255125,2.6505738281066638,0,5.55674,0.18522
347.74820470809937,31.0,31.135061534824104,23.440575715089835,0.1276737362573408,-0.13506153482410355,2.647197289736061,0,5.55674,0.18522
347.7876558303833,31.0,31.1287913448312,23.44096555497697,0.16189918142972493,-0.1287913448311997,2.6439775061152813,0,5.55674,0.18522
347.8415012359619,31.0,31.122938758673968,23.441748190460487,0.19381105736533172,-0.12293875867396764,2.6409040371484322,0,5.55674,0.18522
347.87520241737366,31.0,31.119595514590685,23.442138032715604,0.21181480629431831,-0.11959551459068507,2.6379141492836653,0,5.55674,0.18522
347.9168026447296,31.0,31.114580904625655,23.4433105175774,0.23908896491332343,-0.11458090462565451,2.635049626668024,0,5.55674,0.18522
347.9562542438507,31.0,31.10914638760852,23.445262705913308,0.26868159706700523,-0.10914638760851858,2.632320966977811,0,5.55674,0.18522
348.00087547302246,31.0,31.1024611627019,23.445262705913308,0.3053552073007185,-0.10246116270189987,2.6297594379102636,0,5.55674,0.18522
348.04404401779175,31.0,31.096610459003443,23.44604535882769,0.33737853519962435,-0.09661045900344334,2.6273441764351775,0,5.55674,0.18522
348.0852930545807,31.0,31.093268289861555,23.446435209766435,0.35549821872733145,-0.09326828986155533,2.6250124691886385,0,5.55674,0.18522
348.125324010849,31.0,31.087418242460444,23.44604535882769,0.38762062356485255,-0.08741824246044416,2.6228270131271274,0,5.55674,0.18522
348.18372774124146,31.0,31.078230214726545,23.447607720748863,0.43823369755262537,-0.07823021472654546,2.6208712577589637,0,5.55674,0.18522
348.22824120521545,31.0,31.074885636489853,23.447607720748863,0.45647189128381804,-0.07488563648985291,2.6189991168467173,0,5.55674,0.18522
348.2663860321045,31.0,31.0682032047647,23.44799757484651,0.4932686092329202,-0.06820320476469988,2.6172940367276,0,5.55674,0.18522
348.3063051700592,31.0,31.061938129579858,23.44799757484651,0.5277951986065214,-0.06193812957985756,2.6157455834881036,0,5.55674,0.18522
348.35746693611145,31.0,31.055256751416607,23.44721786743952,0.5647060190248239,-0.05525675141660713,2.6143641647026885,0,5.55674,0.18522
348.39185905456543,31.0,31.053166564157152,23.44799757484651,0.5760344528907211,-0.05316656415715215,2.6130350005987597,0,5.55674,0.18522
348.4362292289734,31.0,31.046902635508275,23.44799757484651,0.6106242931173635,-0.04690263550827467,2.611862434711053,0,5.55674,0.18522
348.4751923084259,31.0,31.041892467575394,23.447607720748863,0.6382905133812715,-0.04189246757539422,2.610815123021668,0,5.55674,0.18522
348.51826000213623,31.0,31.03688260483733,23.44721786743952,0.6659782358858943,-0.036882604837330746,2.609893057900735,0,5.55674,0.18522
348.55731439590454,31.0,31.031036572271944,23.44604535882769,0.6983795635331618,-0.031036572271943896,2.609117143593936,0,5.55674,0.18522
348.59645676612854,31.0,31.026860638042763,23.446435209766435,0.7214397635037813,-0.02686063804276273,2.608445627642867,0,5.55674,0.18522
348.6394603252411,31.0,31.021851690226413,23.44604535882769,0.749192002554796,-0.021851690226412757,2.6078993353872066,0,5.55674,0.18522
348.6820549964905,31.0,31.013920690168618,23.446825061493257,0.7931580427925187,-0.013920690168617966,2.607551318132991,0,5.55674,0.18522
348.7280788421631,31.0,31.01016532972875,23.446435209766435,0.813998536457861,-0.010165329728749839,2.6072971848897724,0,5.55674,0.18522
348.76979780197144,31.0,31.00640698483261,23.44604535882769,0.8348730169463618,-0.006406984832608487,2.607137010268957,0,5.55674,0.18522
348.82445192337036,31.0,30.99639187951209,23.445655508677135,0.8905610632601676,0.0036081204879110373,2.607227213281155,0,5.55674,0.18522
348.8599314689636,31.0,30.992217700297203,23.446435209766435,0.9137519226227377,0.007782299702796536,2.607421770773725,0,5.55674,0.18522
348.90372228622437,31.0,30.988043732202755,23.44604535882769,0.937020944203504,0.011956267797245346,2.607720677468656,0,5.55674,0.18522
348.9487843513489,31.0,30.982204316944603,23.446825061493257,0.9695114541878698,0.017795683055396694,2.608165569545041,0,5.55674,0.18522
348.99236607551575,31.0,30.975945780308564,23.447607720748863,1.0,0.024054219691436174,2.608766925037327,0,5.55674,0.18522
349.0461513996124,31.0,30.970936768981403,23.447607720748863,1.0,0.02906323101859698,2.6094935058127917,0,5.55674,0.18522
349.08542943000793,31.0,30.965098562709898,23.448387429732634,1.0,0.03490143729010242,2.6103660417450443,0,5.55674,0.18522
349.1398448944092,31.0,30.96050966239096,23.448780238862298,1.0,0.039490337609038306,2.6113533001852702,0,5.55674,0.18522
349.178284406662,31.0,30.953000815212192,23.44917009533134,1.0,0.046999184787807735,2.6125282798049656,0,5.55674,0.18522
349.22049021720886,31.0,30.949664469267532,23.449559952589027,1.0,0.050335530732468214,2.6137866680732773,0,5.55674,0.18522
349.2569262981415,31.0,30.94382461084848,23.449559952589027,1.0,0.05617538915151954,2.615191052802065,0,5.55674,0.18522
349.3097143173218,31.0,30.938401353097902,23.44995276410839,1.0,0.06159864690209815,2.6167310189746176,0,5.55674,0.18522
349.3430187702179,31.0,30.932981603137648,23.45034262294945,1.0,0.06701839686235189,2.6184064788961763,0,5.55674,0.18522
349.3854398727417,31.0,30.93006221050871,23.451122342997962,1.0,0.06993778949129137,2.6201549236334585,0,5.55674,0.18522
349.43723034858704,31.0,30.924643005861242,23.451905019705066,1.0,0.07535699413875818,2.6220388484869273,0,5.55674,0.18522
349.47374987602234,31.0,30.920888546478864,23.453467429133013,1.0,0.07911145352113635,2.624016634824956,0,5.55674,0.18522
349.52885031700134,31.0,30.915469941286347,23.45268474607724,1.0,0.08453005871365349,2.626129886292797,0,5.55674,0.18522
349.56270360946655,31.0,30.91338328952247,23.453467429133013,1.0,0.08661671047752861,2.628295304054735,0,5.55674,0.18522
349.6014006137848,31.0,30.90879725288562,23.45385729508729,1.0,0.09120274711438014,2.630575372732595,0,5.55674,0.18522
349.6527843475342,31.0,30.902544261363232,23.453467429133013,1.0,0.09745573863676782,2.633011766198514,0,5.55674,0.18522
349.6931269168854,31.0,30.898793953036375,23.45385729508729,1.0,0.10120604696362534,2.635541917372605,0,5.55674,0.18522
349.73615622520447,31.0,30.8958757630283,23.455419720355394,1.0,0.1041242369716997,2.6381450232968975,0,5.55674,0.18522
349.7822594642639,31.0,30.892957675517835,23.455419720355394,1.0,0.10704232448216544,2.6408210814089514,0,5.55674,0.18522
349.8238272666931,31.0,30.887956828613255,23.455029851237384,1.0,0.11204317138674469,2.64362216069362,0,5.55674,0.18522
349.8660297393799,31.0,30.88754089270782,23.456202414529173,1.0,0.11245910729218167,2.6464336383759246,0,5.55674,0.18522
349.90757966041565,31.0,30.88295628253985,23.456592286022158,1.0,0.11704371746014886,2.6493597313124284,0,5.55674,0.18522
349.9501488208771,31.0,30.879619601494653,23.456982158304868,1.0,0.12038039850534688,2.652369241275062,0,5.55674,0.18522
349.9931650161743,31.0,30.87628620489528,23.456982158304868,1.0,0.12371379510472025,2.65546208615268,0,5.55674,0.18522
350.03709983825684,31.0,30.871702215029472,23.456982158304868,1.0,0.12829778497052757,2.6586695307769435,0,5.55674,0.18522
350.07842469215393,31.0,30.870870507850668,23.456982158304868,1.0,0.12912949214933178,2.6618977680806766,0,5.55674,0.18522
350.1180508136749,31.0,30.867953297613838,23.45776485883289,1.0,0.13204670238616245,2.6651989356403307,0,5.55674,0.18522
350.16146087646484,31.0,30.865870988693075,23.45776485883289,1.0,0.1341290113069249,2.668552160923004,0,5.55674,0.18522
350.2041652202606,31.0,30.862534992636938,23.458154733491313,1.0,0.1374650073630619,2.6719887861070806,0,5.55674,0.18522
350.2474117279053,31.0,30.860868619730866,23.456982158304868,1.0,0.1391313802691343,2.675467070613809,0,5.55674,0.18522
350.29142665863037,31.0,30.8587864879662,23.456982158304868,1.0,0.14121351203380073,2.678997408414654,0,5.55674,0.18522
350.33619379997253,31.0,30.859202280165448,23.45737498496436,1.0,0.14079771983455203,2.682517351410518,0,5.55674,0.18522
350.37416219711304,31.0,30.855869701035715,23.45737498496436,1.0,0.14413029896428498,2.686120608884625,0,5.55674,0.18522
350.41723561286926,31.0,30.85545392546976,23.456202414529173,1.0,0.14454607453023982,2.6897342607478807,0,5.55674,0.18522
350.4700765609741,31.0,30.850036433485513,23.456592286022158,1.0,0.1499635665144865,2.6934833499107427,0,5.55674,0.18522
350.50380063056946,31.0,30.849204942634458,23.45737498496436,1.0,0.1507950573655421,2.6972532263448814,0,5.55674,0.18522
350.5407078266144,31.0,30.850036433485513,23.456592286022158,1.0,0.1499635665144865,2.7010023155077434,0,5.55674,0.18522
350.5853102207184,31.0,30.84711995280975,23.456592286022158,1.0,0.1528800471902514,2.7048243166874997,0,5.55674,0.18522
350.6223738193512,31.0,30.84878920031946,23.456202414529173,1.0,0.15121079968054119,2.708604586679513,0,5.55674,0.18522
350.65903663635254,31.0,30.845453888152747,23.456982158304868,1.0,0.1545461118472531,2.7124682394756947,0,5.55674,0.18522
350.6982228755951,31.0,30.845453888152747,23.456982158304868,1.0,0.1545461118472531,2.716331892271876,0,5.55674,0.18522
350.7526445388794,31.0,30.844622443008063,23.455812543825914,1.0,0.15537755699193667,2.7202163311966747,0,5.55674,0.18522
350.7926766872406,31.0,30.844206723544858,23.458154733491313,1.0,0.1557932764551424,2.7241111631080535,0,5.55674,0.18522
350.8430564403534,31.0,30.842121858710527,23.459717193648828,1.0,0.15787814128947275,2.72805811664029,0,5.55674,0.18522
350.8761234283447,31.0,30.84170615171348,23.458937438789235,1.0,0.15829384828651882,2.7320154628474533,0,5.55674,0.18522
350.91693139076233,31.0,30.843787856788083,23.459717193648828,1.0,0.156212143211917,2.735920766427751,0,5.55674,0.18522
350.9697721004486,31.0,30.842121858710527,23.460889785506424,1.0,0.15787814128947275,2.739867719959988,0,5.55674,0.18522
351.0064949989319,31.0,30.84045589391485,23.46167250193463,1.0,0.1595441060851499,2.7438563226121166,0,5.55674,0.18522
351.0444886684418,31.0,30.842537567779743,23.462062384514127,1.0,0.1574624322202567,2.747792883417623,0,5.55674,0.18522
351.0852053165436,31.0,30.84045589391485,23.46401476296154,1.0,0.1595441060851499,2.751781486069752,0,5.55674,0.18522
351.1240973472595,31.0,30.842121858710527,23.46401476296154,1.0,0.15787814128947275,2.7557284396019885,0,5.55674,0.18522
351.1628761291504,31.0,30.84170615171348,23.464404650291897,1.0,0.15829384828651882,2.7596857858091517,0,5.55674,0.18522
351.22032356262207,31.0,30.842956428256116,23.465577270742187,1.0,0.15704357174388406,2.763611875102749,0,5.55674,0.18522
351.26371216773987,31.0,30.842537567779743,23.467139791230238,1.0,0.1574624322202567,2.7675484359082554,0,5.55674,0.18522
351.3087565898895,31.0,30.843372141485816,23.46870232442967,1.0,0.15662785851418448,2.77146413237111,0,5.55674,0.18522
351.34866285324097,31.0,30.843372141485816,23.46753263864548,1.0,0.15662785851418448,2.7753798288339646,0,5.55674,0.18522
351.40371346473694,31.0,30.84503816454395,23.47104762496997,1.0,0.15496183545604936,2.7792538747203657,0,5.55674,0.18522
351.44222044944763,31.0,30.844206723544858,23.47104762496997,1.0,0.1557932764551424,2.7831487066317444,0,5.55674,0.18522
351.49266624450684,31.0,30.846704220893173,23.4718303827878,1.0,0.153295779106827,2.786981101109415,0,5.55674,0.18522
351.52974128723145,31.0,30.849620687023105,23.472610189977388,1.0,0.1503793129768951,2.7907405839338373,0,5.55674,0.18522
351.57669949531555,31.0,30.849204942634458,23.47456267566946,1.0,0.1507950573655421,2.794510460367976,0,5.55674,0.18522
351.6241364479065,31.0,30.85087108226554,23.476518135119022,1.0,0.14912891773445835,2.7982386833113373,0,5.55674,0.18522
351.6635580062866,31.0,30.85087108226554,23.476518135119022,1.0,0.14912891773445835,2.8019669062546986,0,5.55674,0.18522
351.71524596214294,31.0,30.85336877930473,23.47690804784702,1.0,0.14663122069526935,2.80563268677208,0,5.55674,0.18522
351.7541890144348,31.0,30.85545392546976,23.4792534487176,1.0,0.14454607453023982,2.809246338635336,0,5.55674,0.18522
351.8107829093933,31.0,30.856285478676625,23.480033286096045,1.0,0.1437145213233748,2.8128392016684205,0,5.55674,0.18522
351.846563577652,31.0,30.858370697842474,23.48081608059607,1.0,0.14162930215752567,2.8163799342223585,0,5.55674,0.18522
351.9053223133087,31.0,30.859621224404805,23.483158575322705,1.0,0.1403787755951953,2.8198894036122386,0,5.55674,0.18522
351.94877314567566,31.0,30.862953953641522,23.483158575322705,1.0,0.13704604635847772,2.8233155547712006,0,5.55674,0.18522
351.99072432518005,31.0,30.865036189605974,23.485114122501045,1.0,0.1349638103940265,2.826689650031051,0,5.55674,0.18522
352.03333163261414,31.0,30.866702645918224,23.4855040527259,1.0,0.13329735408177612,2.8300220838830956,0,5.55674,0.18522
352.08170223236084,31.0,30.868369135589376,23.486286869590856,1.0,0.13163086441062433,2.8333128554933613,0,5.55674,0.18522
352.12512397766113,31.0,30.871286360401143,23.488239494670665,1.0,0.12871363959885684,2.8365306964833326,0,5.55674,0.18522
352.17042446136475,31.0,30.87378782034466,23.488629431264485,1.0,0.12621217965534015,2.8396860009747162,0,5.55674,0.18522
352.2096252441406,31.0,30.875454451897156,23.489412260916993,1.0,0.12454554810284435,2.8427996396772874,0,5.55674,0.18522
352.25351428985596,31.0,30.87628620489528,23.489802199901646,1.0,0.12371379510472025,2.8458924845549056,0,5.55674,0.18522
352.3143563270569,31.0,30.88295628253985,23.49019213968137,1.0,0.11704371746014886,2.8488185774914094,0,5.55674,0.18522
352.3546464443207,31.0,30.88295628253985,23.490974975730694,1.0,0.11704371746014886,2.8517446704279132,0,5.55674,0.18522
352.3963484764099,31.0,30.88503901912179,23.489802199901646,1.0,0.11496098087820883,2.8546186949498686,0,5.55674,0.18522
352.4406237602234,31.0,30.888372766600014,23.491754860868696,1.0,0.11162723339998593,2.857409375784868,0,5.55674,0.18522
352.48289680480957,31.0,30.890039690476954,23.489802199901646,1.0,0.10996030952304636,2.8601583835229443,0,5.55674,0.18522
352.52123522758484,31.0,30.894208722084045,23.49019213968137,1.0,0.1057912779159551,2.8628031654708432,0,5.55674,0.18522
352.56252694129944,31.0,30.894624691361855,23.489412260916993,1.0,0.10537530863814482,2.865437548186797,0,5.55674,0.18522
352.6064624786377,31.0,30.89837796288242,23.489412260916993,1.0,0.10162203711757911,2.8679780991147363,0,5.55674,0.18522
352.6511375904083,31.0,30.90379545232156,23.489019368653146,1.0,0.09620454767843967,2.8703832128066975,0,5.55674,0.18522
352.6922471523285,31.0,30.90421146961262,23.488629431264485,1.0,0.09578853038738089,2.872777926066382,0,5.55674,0.18522
352.7330656051636,31.0,30.90879725288562,23.488239494670665,1.0,0.09120274711438014,2.8750579947442416,0,5.55674,0.18522
352.7717185020447,31.0,30.90963249154379,23.487849558871744,1.0,0.090367508456211,2.8773171824556467,0,5.55674,0.18522
352.82602167129517,31.0,30.91338328952247,23.487849558871744,1.0,0.08661671047752861,2.879482600217585,0,5.55674,0.18522
352.8661735057831,31.0,30.917137409196698,23.4858939837452,1.0,0.08286259080330183,2.8815541649876675,0,5.55674,0.18522
352.9080345630646,31.0,30.921304649470756,23.486286869590856,1.0,0.07869535052924448,2.8835215487508985,0,5.55674,0.18522
352.946040391922,31.0,30.92339150051282,23.4855040527259,1.0,0.07660849948717896,2.885436761238078,0,5.55674,0.18522
352.9913923740387,31.0,30.92672678841575,23.485114122501045,1.0,0.07327321158425093,2.887268591527684,0,5.55674,0.18522
353.03227138519287,31.0,30.930478359544622,23.483158575322705,1.0,0.06952164045537756,2.8890066325390684,0,5.55674,0.18522
353.0852963924408,31.0,30.938401353097902,23.483941382596242,1.0,0.06159864690209815,2.890546598711621,0,5.55674,0.18522
353.129047870636,31.0,30.939236890017014,23.483551455554277,1.0,0.06076310998298595,2.8920656764611956,0,5.55674,0.18522
353.1716320514679,31.0,30.94424082902475,23.482378725220997,1.0,0.05575917097525007,2.893459655735577,0,5.55674,0.18522
353.20855832099915,31.0,30.94632825780161,23.481988801360956,1.0,0.05367174219838944,2.8948014492905365,0,5.55674,0.18522
353.2439007759094,31.0,30.947160721419436,23.48081608059607,1.0,0.05283927858056359,2.8961224312550504,0,5.55674,0.18522
353.28819251060486,31.0,30.954669038627173,23.48081608059607,1.0,0.04533096137282655,2.8972557052893713,0,5.55674,0.18522
353.3286929130554,31.0,30.95925761490389,23.479643367010112,1.0,0.0407423850961095,2.898274264916774,0,5.55674,0.18522
353.3694956302643,31.0,30.961758574988664,23.479643367010112,1.0,0.03824142501133565,2.8992303005420577,0,5.55674,0.18522
353.4103832244873,31.0,30.96467908564489,23.4792534487176,1.0,0.0353209143551112,2.9001133234009355,0,5.55674,0.18522
353.46421551704407,31.0,30.969687717732654,23.4792534487176,1.0,0.030312282267345836,2.9008711304576194,0,5.55674,0.18522
353.49782824516296,31.0,30.971356277802045,23.478860577301077,1.0,0.028643722197955412,2.901587223512568,0,5.55674,0.18522
353.5381569862366,31.0,30.975945780308564,23.4792534487176,1.0,0.024054219691436174,2.902188579004854,0,5.55674,0.18522
353.5764067173004,31.0,30.979699583573904,23.4792534487176,1.0,0.020300416426096035,2.9026960894155063,0,5.55674,0.18522
353.61642265319824,31.0,30.98387312983391,23.478470660601317,1.0,0.016126870166090157,2.9030992611696584,0,5.55674,0.18522
353.6664528846741,31.0,30.989296215957836,23.478860577301077,0.9831371076174058,0.010703784042163988,2.9033668557707126,0,5.55674,0.18522
353.7031729221344,31.0,30.993053781263313,23.479643367010112,0.9622492949889583,0.00694621873668666,2.9035405112391297,0,5.55674,0.18522
353.7428379058838,31.0,30.996808362493766,23.4792534487176,0.9414208482293192,0.0031916375062337465,2.9036203021767855,0,5.55674,0.18522
353.79221963882446,31.0,30.998893964203603,23.480033286096045,0.9297968111034565,0.001106035796397009,2.903647953071695,0,5.55674,0.18522
353.82759618759155,31.0,31.00432119312336,23.480033286096045,0.8996191017911284,-0.00432119312335999,2.903539923243611,0,5.55674,0.18522
353.8698399066925,31.0,31.008912529057397,23.48081608059607,0.8740248083826567,-0.008912529057397478,2.903317110017176,0,5.55674,0.18522
353.9110462665558,31.0,31.013920690168618,23.480033286096045,0.8461714633582353,-0.013920690168617966,2.9029690927629606,0,5.55674,0.18522
353.9514389038086,31.0,31.01684304703508,23.480426159917045,0.8298345366220634,-0.016843047035081327,2.9025480165870836,0,5.55674,0.18522
353.9921751022339,31.0,31.0205987118523,23.480033286096045,0.8088900590831174,-0.02059871185230122,2.902033048790776,0,5.55674,0.18522
354.04424834251404,31.0,31.02769707048759,23.48081608059607,0.769277910530598,-0.027697070487590736,2.9013406220285862,0,5.55674,0.18522
354.08364391326904,31.0,31.029366804444237,23.480426159917045,0.7598836562682078,-0.029366804444237005,2.90060645191748,0,5.55674,0.18522
354.127854347229,31.0,31.035212718387697,23.480033286096045,0.7272565376422541,-0.03521271838769735,2.8997261339577878,0,5.55674,0.18522
354.1691470146179,31.0,31.041475756582486,23.480033286096045,0.6922624092928906,-0.0414757565824857,2.898689240043226,0,5.55674,0.18522
354.2106604576111,31.0,31.043145770180445,23.48081608059607,0.6827426275391795,-0.04314577018044474,2.8976105957887146,0,5.55674,0.18522
354.25956177711487,31.0,31.04982616376998,23.48081608059607,0.6453906972131374,-0.04982616376997839,2.8963649416944652,0,5.55674,0.18522
354.2919352054596,31.0,31.055256751416607,23.481206002068802,0.6149384609936079,-0.05525675141660713,2.89498352290905,0,5.55674,0.18522
354.3281252384186,31.0,31.05692704501513,23.480033286096045,0.6054536431981479,-0.05692704501512935,2.893560346783672,0,5.55674,0.18522
354.367151260376,31.0,31.060684540370914,23.480426159917045,0.5842730609779307,-0.06068454037091442,2.892043233274399,0,5.55674,0.18522
354.41416692733765,31.0,31.067369517993086,23.479643367010112,0.5468545876954669,-0.06736951799308599,2.890358995324572,0,5.55674,0.18522
354.4495220184326,31.0,31.0707106319137,23.480033286096045,0.527941454637063,-0.07071063191369831,2.8885912295267295,0,5.55674,0.18522
354.4902515411377,31.0,31.075722557820086,23.480033286096045,0.49974085217201647,-0.07572255782008597,2.8866981655812274,0,5.55674,0.18522
354.54098677635193,31.0,31.081571770887308,23.480033286096045,0.46686057786776725,-0.08157177088730805,2.884658871309045,0,5.55674,0.18522
354.5820937156677,31.0,31.085747328247805,23.480033286096045,0.44326103825694574,-0.0857473282478054,2.88251518810285,0,5.55674,0.18522
354.6337831020355,31.0,31.091180293062678,23.478860577301077,0.41270942477337963,-0.09118029306267772,2.880235680776283,0,5.55674,0.18522
354.6701717376709,31.0,31.094105398826912,23.478470660601317,0.39603962350743505,-0.09410539882691182,2.87788304580561,0,5.55674,0.18522
354.70757579803467,31.0,31.099118754882568,23.478470660601317,0.3677227379842454,-0.09911875488256783,2.875405076933546,0,5.55674,0.18522
354.7581949234009,31.0,31.104969637750628,23.477690829581547,0.3347648530616229,-0.10496963775062795,2.87278083598978,0,5.55674,0.18522
354.79217743873596,31.0,31.107057986046073,23.477690829581547,0.3226647125500078,-0.10705798604607253,2.870104386338628,0,5.55674,0.18522
354.8264002799988,31.0,31.112072135070832,23.477297961368095,0.2943035975017295,-0.11207213507083225,2.8673025829618575,0,5.55674,0.18522
354.86263036727905,31.0,31.114163824256366,23.476128223183935,0.28221200630036414,-0.11416382425636584,2.8644484873554483,0,5.55674,0.18522
354.90380597114563,31.0,31.120850005096315,23.47573535817247,0.24451919909190667,-0.12085000509631527,2.8614272372280403,0,5.55674,0.18522
354.9383056163788,31.0,31.122938758673968,23.47456267566946,0.23240343903463967,-0.12293875867396764,2.8583537682611913,0,5.55674,0.18522
354.9768147468567,31.0,31.129208499794856,23.47456267566946,0.19696581780025235,-0.12920849979485638,2.85512355576632,0,5.55674,0.18522
355.01634907722473,31.0,31.13547872179015,23.47339295416947,0.16155650670451194,-0.1354787217901503,2.8517365877215664,0,5.55674,0.18522
355.0563952922821,31.0,31.134227167281267,23.47339295416947,0.1678895308081073,-0.13422716728126716,2.848380908539535,0,5.55674,0.18522
355.09264039993286,31.0,31.137988209540765,23.47417276771023,0.14631143148235892,-0.13798820954076518,2.844931203301016,0,5.55674,0.18522
355.1301808357239,31.0,31.144676339265743,23.472610189977388,0.10855748303135876,-0.14467633926574308,2.841314294819372,0,5.55674,0.18522
355.1762857437134,31.0,31.14969595708402,23.473782860543622,0.0799114369791466,-0.1496959570840204,2.8375718958922715,0,5.55674,0.18522
355.21063590049744,31.0,31.15261999510244,23.4718303827878,0.06305678951130544,-0.15261999510244095,2.8337563960147105,0,5.55674,0.18522
355.2428982257843,31.0,31.155967752111962,23.472220285986452,0.043711960255108595,-0.15596775211196245,2.8298572022119113,0,5.55674,0.18522
355.2740890979767,31.0,31.160567585597107,23.4718303827878,0.017428378624712138,-0.16056758559710715,2.825843012571984,0,5.55674,0.18522
355.311274766922,31.0,31.16516767846224,23.4718303827878,0.0,-0.16516767846223956,2.821713820610428,0,5.55674,0.18522
355.3443019390106,31.0,31.166840216404808,23.471437526578256,0.0,-0.1668402164048075,2.8175428152003077,0,5.55674,0.18522
355.386034488678,31.0,31.170185395214105,23.47104762496997,0.0,-0.17018539521410503,2.813288180319955,0,5.55674,0.18522
355.4237792491913,31.0,31.17394809495312,23.47065772415374,0.0,-0.17394809495311847,2.808939477946127,0,5.55674,0.18522
355.4574604034424,31.0,31.178548942876716,23.471437526578256,0.0,-0.1785489428767164,2.8044757543742094,0,5.55674,0.18522
355.510906457901,31.0,31.182315191146984,23.4718303827878,0.0,-0.18231519114698358,2.799917874595535,0,5.55674,0.18522
355.54356384277344,31.0,31.18566100527329,23.471437526578256,0.0,-0.185661005273289,2.7952763494637027,0,5.55674,0.18522
355.5794463157654,31.0,31.18775141827041,23.47104762496997,0.0,-0.18775141827040898,2.7905825640069426,0,5.55674,0.18522
355.6141335964203,31.0,31.191518092137585,23.470267824129508,0.0,-0.19151809213758497,2.785794611703503,0,5.55674,0.18522
355.6512043476105,31.0,31.19611676989689,23.470267824129508,0.0,-0.1961167698968893,2.780891692456081,0,5.55674,0.18522
355.7017207145691,31.0,31.19904563684821,23.47065772415374,0.0,-0.19904563684821142,2.7759155515348755,0,5.55674,0.18522
355.73721981048584,31.0,31.202812833480834,23.470267824129508,0.0,-0.20281283348083434,2.7708452306978546,0,5.55674,0.18522
355.77409076690674,31.0,31.208250429981604,23.47065772415374,0.0,-0.2082504299816037,2.7656389699483146,0,5.55674,0.18522
355.8273775577545,31.0,31.211179733881806,23.471437526578256,0.0,-0.21117973388180644,2.7603594766012693,0,5.55674,0.18522
355.86630868911743,31.0,31.21243563407785,23.47065772415374,0.0,-0.21243563407784904,2.755048585749323,0,5.55674,0.18522
355.90373373031616,31.0,31.215782687046158,23.47104762496997,0.0,-0.21578268704615766,2.7496540185731693,0,5.55674,0.18522
355.94091534614563,31.0,31.215782687046158,23.47065772415374,0.0,-0.21578268704615766,2.7442594513970153,0,5.55674,0.18522
355.99164938926697,31.0,31.22164194339166,23.4718303827878,0.0,-0.22164194339165988,2.738718402812224,0,5.55674,0.18522
356.03039479255676,31.0,31.22331564225715,23.470267824129508,0.0,-0.22331564225714828,2.7331355117557954,0,5.55674,0.18522
356.0687155723572,31.0,31.226663143450992,23.471437526578256,0.0,-0.2266631434509918,2.7274689331695208,0,5.55674,0.18522
356.1060881614685,31.0,31.230849296100303,23.471437526578256,0.0,-0.23084929610030258,2.721697700767013,0,5.55674,0.18522
356.1427276134491,31.0,31.231266973965262,23.4718303827878,0.0,-0.23126697396526197,2.7159160264178817,0,5.55674,0.18522
356.1929335594177,31.0,31.231266973965262,23.4718303827878,0.0,-0.23126697396526197,2.71013435206875,0,5.55674,0.18522
356.24427914619446,31.0,31.234614802978342,23.472220285986452,0.0,-0.23461480297834214,2.7042689819942916,0,5.55674,0.18522
356.2796070575714,31.0,31.23670963956613,23.4718303827878,0.0,-0.23670963956612923,2.6983512410051382,0,5.55674,0.18522
356.3267340660095,31.0,31.240475418346193,23.4718303827878,0.0,-0.24047541834619324,2.6923393555464834,0,5.55674,0.18522
356.35897946357727,31.0,31.239636805424993,23.473000094760664,0.0,-0.23963680542499333,2.6863484354108587,0,5.55674,0.18522
356.3942198753357,31.0,31.242149505533916,23.472220285986452,0.0,-0.24214950553391645,2.680294697772511,0,5.55674,0.18522
356.4282670021057,31.0,31.24256724155964,23.47339295416947,0.0,-0.24256724155964093,2.6742305167335196,0,5.55674,0.18522
356.4628129005432,31.0,31.24382362726743,23.47339295416947,0.0,-0.24382362726743168,2.6681349260518337,0,5.55674,0.18522
356.4997546672821,31.0,31.245915536821144,23.473000094760664,0.0,-0.2459155368211441,2.661987037631305,0,5.55674,0.18522
356.5453555583954,31.0,31.246336457063876,23.47456267566946,0.0,-0.24633645706387597,2.655828626204708,0,5.55674,0.18522
356.584349155426,31.0,31.24759290115702,23.474955538278493,0.0,-0.24759290115702015,2.6496388036757827,0,5.55674,0.18522
356.6228578090668,31.0,31.246336457063876,23.475345447829113,0.0,-0.24633645706387597,2.643480392249186,0,5.55674,0.18522
356.66942167282104,31.0,31.24884619979639,23.476128223183935,0.0,-0.24884619979638956,2.637259237254276,0,5.55674,0.18522
356.70519948005676,31.0,31.249267135250363,23.477690829581547,0.0,-0.24926713525036348,2.6310275588730168,0,5.55674,0.18522
356.73802495002747,31.0,31.25177696869082,23.477690829581547,0.0,-0.25177696869081956,2.624733134655746,0,5.55674,0.18522
356.7727496623993,31.0,31.250941403912236,23.479643367010112,0.0,-0.2509414039122362,2.6184595995579403,0,5.55674,0.18522
356.81051778793335,31.0,31.25177696869082,23.478860577301077,0.0,-0.25177696869081956,2.6121651753406696,0,5.55674,0.18522
356.85778641700745,31.0,31.25052045976662,23.48081608059607,0.0,-0.2505204597666193,2.6059021638465043,0,5.55674,0.18522
356.89061760902405,31.0,31.25010268277532,23.48081608059607,0.0,-0.2501026827753208,2.5996495967771214,0,5.55674,0.18522
356.92461585998535,31.0,31.25010268277532,23.481206002068802,0.0,-0.2501026827753208,2.5933970297077384,0,5.55674,0.18522
356.9596199989319,31.0,31.248010665217976,23.482378725220997,0.0,-0.24801066521797566,2.587196763077289,0,5.55674,0.18522
356.99722266197205,31.0,31.24759290115702,23.483158575322705,0.0,-0.24759290115702015,2.5810069405483635,0,5.55674,0.18522
357.0427074432373,31.0,31.25052045976662,23.48472123906265,0.0,-0.2505204597666193,2.5747439290541982,0,5.55674,0.18522
357.0801577568054,31.0,31.249684907936626,23.4855040527259,0.0,-0.24968490793662568,2.5685018063557825,0,5.55674,0.18522
357.1135859489441,31.0,31.248010665217976,23.485114122501045,0.0,-0.24801066521797566,2.562301539725333,0,5.55674,0.18522
357.1524784564972,31.0,31.24759290115702,23.48667680220518,0.0,-0.24759290115702015,2.5561117171964076,0,5.55674,0.18522
357.2028913497925,31.0,31.24759290115702,23.486286869590856,0.0,-0.24759290115702015,2.549921894667482,0,5.55674,0.18522
357.23255157470703,31.0,31.24549778355214,23.487849558871744,0.0,-0.24549778355213903,2.543784450078679,0,5.55674,0.18522
357.2731935977936,31.0,31.246336457063876,23.489019368653146,0.0,-0.24633645706387597,2.537626038652082,0,5.55674,0.18522
357.3104465007782,31.0,31.24549778355214,23.49058503435458,0.0,-0.24549778355213903,2.5314885940632785,0,5.55674,0.18522
357.35976481437683,31.0,31.24256724155964,23.489802199901646,0.0,-0.24256724155964093,2.5254244130242873,0,5.55674,0.18522
357.3954014778137,31.0,31.24131403993522,23.490974975730694,0.0,-0.24131403993521872,2.519391562025907,0,5.55674,0.18522
357.4360809326172,31.0,31.241731771659147,23.491364917902047,0.0,-0.24173177165914694,2.513348267734428,0,5.55674,0.18522
357.4851930141449,31.0,31.240893145752295,23.490974975730694,0.0,-0.24089314575229537,2.5073259390906206,0,5.55674,0.18522
357.51645159721375,31.0,31.238801365699032,23.49058503435458,0.0,-0.23880136569903243,2.5013559049481446,0,5.55674,0.18522
357.56141448020935,31.0,31.237962770078695,23.491364917902047,0.0,-0.23796277007869548,2.495406835696177,0,5.55674,0.18522
357.61041283607483,31.0,31.234614802978342,23.491364917902047,0.0,-0.23461480297834214,2.4895414656217185,0,5.55674,0.18522
357.64726090431213,31.0,31.231684653979016,23.49214775875322,0.0,-0.23168465397901628,2.483749349272243,0,5.55674,0.18522
357.6890609264374,31.0,31.231684653979016,23.490974975730694,0.0,-0.23168465397901628,2.4779572329227677,0,5.55674,0.18522
357.74633741378784,31.0,31.228754610731357,23.491364917902047,0.0,-0.2287546107313574,2.4722383676544837,0,5.55674,0.18522
357.79309129714966,31.0,31.227919282996936,23.49058503435458,0.0,-0.2279192829969361,2.4665403855795605,0,5.55674,0.18522
357.82438707351685,31.0,31.225407023333787,23.49058503435458,0.0,-0.22540702333378704,2.460905209996216,0,5.55674,0.18522
357.8578534126282,31.0,31.222898005285003,23.488629431264485,0.0,-0.22289800528500336,2.4553327598640906,0,5.55674,0.18522
357.89687943458557,31.0,31.22164194339166,23.489019368653146,0.0,-0.22164194339165988,2.4497917112792993,0,5.55674,0.18522
357.92964339256287,31.0,31.218712262406314,23.489019368653146,0.0,-0.21871226240631358,2.4443239047191416,0,5.55674,0.18522
357.9675214290619,31.0,31.217038658365823,23.48667680220518,0.0,-0.2170386583658228,2.4388979382599962,0,5.55674,0.18522
358.01915216445923,31.0,31.2141091433337,23.486286869590856,0.0,-0.214109143333701,2.433545209676654,0,5.55674,0.18522
358.05626225471497,31.0,31.212853217282486,23.486286869590856,0.0,-0.21285321728248618,2.428223879244592,0,5.55674,0.18522
358.10380721092224,31.0,31.210344586809356,23.48433131043231,0.0,-0.21034458680935586,2.422965264574358,0,5.55674,0.18522
358.1423110961914,31.0,31.206577041314347,23.48433131043231,0.0,-0.20657704131434684,2.4178008385414995,0,5.55674,0.18522
358.1754877567291,31.0,31.205321231604557,23.48433131043231,0.0,-0.2053212316045574,2.4126678077513857,0,5.55674,0.18522
358.20816707611084,31.0,31.202812833480834,23.483551455554277,0.0,-0.20281283348083434,2.407597486914365,0,5.55674,0.18522
358.24620842933655,31.0,31.197793106330323,23.483158575322705,0.0,-0.1977931063303231,2.402652659256107,0,5.55674,0.18522
358.2937262058258,31.0,31.195699272608977,23.481988801360956,0.0,-0.19569927260897657,2.3977601774408823,0,5.55674,0.18522
358.3260235786438,31.0,31.192353045961795,23.48081608059607,0.0,-0.19235304596179503,2.3929513512918374,0,5.55674,0.18522
358.35975432395935,31.0,31.1906799842219,23.481988801360956,0.0,-0.19067998422190158,2.3881843516862897,0,5.55674,0.18522
358.3929786682129,31.0,31.18816887479801,23.480033286096045,0.0,-0.18816887479800926,2.3834801298163395,0,5.55674,0.18522
358.4264121055603,31.0,31.185240399157863,23.480033286096045,0.0,-0.1852403991578626,2.378849119837393,0,5.55674,0.18522
358.46191930770874,31.0,31.18356748355376,23.479643367010112,0.0,-0.18356748355375885,2.374259932748549,0,5.55674,0.18522
358.51068329811096,31.0,31.18105975571052,23.478860577301077,0.0,-0.18105975571052113,2.369733438855786,0,5.55674,0.18522
358.5441734790802,31.0,31.178966352242128,23.478470660601317,0.0,-0.17896635224212787,2.3652592800497327,0,5.55674,0.18522
358.5778441429138,31.0,31.172692788422296,23.478470660601317,0.0,-0.17269278842229596,2.3609419603391752,0,5.55674,0.18522
358.61083364486694,31.0,31.17185803609152,23.478080744694864,0.0,-0.17185803609152117,2.356645509436887,0,5.55674,0.18522
358.6441740989685,31.0,31.16767491735942,23.47690804784702,0.0,-0.1676749173594203,2.3524536365029016,0,5.55674,0.18522
358.67693996429443,31.0,31.16641970741796,23.478080744694864,0.0,-0.1664197074179583,2.3482931438174526,0,5.55674,0.18522
358.72774147987366,31.0,31.162657355077272,23.477690829581547,0.0,-0.16265735507727186,2.344226709940521,0,5.55674,0.18522
358.76057600975037,31.0,31.160147108948877,23.478080744694864,0.0,-0.16014710894887685,2.340223032216799,0,5.55674,0.18522
358.79594588279724,31.0,31.156385045897707,23.478470660601317,0.0,-0.1563850458977072,2.3363134060693564,0,5.55674,0.18522
358.8287138938904,31.0,31.153040432965895,23.478080744694864,0.0,-0.15304043296589498,2.332487395245209,0,5.55674,0.18522
358.8623025417328,31.0,31.148023770523537,23.477690829581547,0.0,-0.14802377052353677,2.3287868009821207,0,5.55674,0.18522
358.89552998542786,31.0,31.14844102369858,23.478860577301077,0.0,-0.14844102369858092,2.325075775389656,0,5.55674,0.18522
358.9273941516876,31.0,31.144259105327137,23.4792534487176,0.014249398458684337,-0.14425910532713715,2.3214692977564777,0,5.55674,0.18522
358.96133732795715,31.0,31.14133220595255,23.478080744694864,0.02991914803375617,-0.14133220595255125,2.317935992607664,0,5.55674,0.18522
359.0104968547821,31.0,31.13589907141761,23.478470660601317,0.05946037743226723,-0.1358990714176116,2.314538515822224,0,5.55674,0.18522
359.0415849685669,31.0,31.131717795020336,23.4792534487176,0.08204456041319508,-0.13171779502033587,2.3112455709467152,0,5.55674,0.18522
359.075914144516,31.0,31.1287913448312,23.4792534487176,0.09770971491493474,-0.1287913448311997,2.3080257873259353,0,5.55674,0.18522
359.1118268966675,31.0,31.12670244176286,23.480426159917045,0.10867034060209896,-0.12670244176285905,2.3048582262818638,0,5.55674,0.18522
359.14397835731506,31.0,31.12335904382809,23.480033286096045,0.12669767730243453,-0.12335904382808849,2.3017742501861616,0,5.55674,0.18522
359.19879245758057,31.0,31.11666949814787,23.480426159917045,0.16330934754162635,-0.11666949814787131,2.298857512732465,0,5.55674,0.18522
359.2306716442108,31.0,31.114163824256366,23.480033286096045,0.17672424800601577,-0.11416382425636584,2.2960034171260557,0,5.55674,0.18522
359.2639398574829,31.0,31.109983658868828,23.481206002068802,0.1993828907520378,-0.10998365886882766,2.293253825654335,0,5.55674,0.18522
359.30019068717957,31.0,31.106640944006244,23.482378725220997,0.21740351674082808,-0.10664094400624435,2.290587802054179,0,5.55674,0.18522
359.3380169868469,31.0,31.1032983656051,23.48159592433518,0.23553919699588766,-0.10329836560509875,2.2880053429140514,0,5.55674,0.18522
359.38785123825073,31.0,31.09744760211288,23.481988801360956,0.2675789795249028,-0.0974476021128794,2.2855691528612296,0,5.55674,0.18522
359.4239661693573,31.0,31.094105398826912,23.483551455554277,0.2856348019338965,-0.09410539882691182,2.283216517890557,0,5.55674,0.18522
359.4663257598877,31.0,31.090343213972744,23.483941382596242,0.30610194422982756,-0.09034321397274425,2.2809579375412383,0,5.55674,0.18522
359.5088891983032,31.0,31.085747328247805,23.48472123906265,0.33120302011070124,-0.0857473282478054,2.2788142543350434,0,5.55674,0.18522
359.5486032962799,31.0,31.079064011836294,23.485114122501045,0.36795420763421555,-0.07906401183629441,2.276837654039136,0,5.55674,0.18522
359.5889401435852,31.0,31.076976376692755,23.4855040527259,0.3791782075478247,-0.07697637669275537,2.274913244621817,0,5.55674,0.18522
359.63607716560364,31.0,31.07321497754947,23.486286869590856,0.39970013761767104,-0.07321497754946904,2.2730828701830803,0,5.55674,0.18522
359.66819524765015,31.0,31.06945690876529,23.48667680220518,0.42024112173321154,-0.06945690876528943,2.271346447463948,0,5.55674,0.18522
359.70554065704346,31.0,31.06486219288547,23.487066735614007,0.4454524120220897,-0.0648621928854709,2.269724892641811,0,5.55674,0.18522
359.74919533729553,31.0,31.059850929926938,23.489412260916993,0.4729012125589721,-0.05985092992693808,2.268228619393638,0,5.55674,0.18522
359.7952814102173,31.0,31.054420038654712,23.49058503435458,0.5027670982524509,-0.05442003865471179,2.26686811842727,0,5.55674,0.18522
359.8292112350464,31.0,31.05191626607268,23.489802199901646,0.5164796791943633,-0.05191626607268063,2.265570211775453,0,5.55674,0.18522
359.8650963306427,31.0,31.046485899125116,23.490974975730694,0.5463793902624103,-0.04648589912511625,2.264408064297325,0,5.55674,0.18522
359.8975827693939,31.0,31.043145770180445,23.49214775875322,0.564679658308255,-0.04314577018044474,2.263329420042814,0,5.55674,0.18522
359.9311227798462,31.0,31.042729052837103,23.493317594830444,0.5667373689851241,-0.042729052837103154,2.2622611937218866,0,5.55674,0.18522
359.9808294773102,31.0,31.033959536639486,23.493710495927303,0.6152898816744578,-0.03395953663948603,2.2614122053058994,0,5.55674,0.18522
360.01916456222534,31.0,31.02978345411435,23.494880341570592,0.6382973513356691,-0.02978345411435157,2.2606676189530406,0,5.55674,0.18522
360.0568175315857,31.0,31.025610739735896,23.495663196822193,0.6613252826790297,-0.025610739735896004,2.260027350459643,0,5.55674,0.18522
360.10618138313293,31.0,31.01976550756632,23.496836008617663,0.6936540188485765,-0.01976550756631923,2.259533212770485,0,5.55674,0.18522
360.14224457740784,31.0,31.01600672481777,23.496836008617663,0.7144664781594752,-0.0160067248177711,2.259133044650041,0,5.55674,0.18522
360.1765913963318,31.0,31.013087553417563,23.499178699585116,0.7305067530905961,-0.013087553417562958,2.2588058558146016,0,5.55674,0.18522
360.21148705482483,31.0,31.01016532972875,23.49878874146532,0.7467177279047306,-0.010165329728749839,2.258551722571383,0,5.55674,0.18522
360.2627303600311,31.0,31.00473771614702,23.499961572457778,0.7767954513656488,-0.004737716147019455,2.2584332796677073,0,5.55674,0.18522
360.3036570549011,31.0,31.00056626992972,23.501134410656732,0.7999122948978926,-0.0005662699297204199,2.2584191229194643,0,5.55674,0.18522
360.3594455718994,31.0,30.99555576472187,23.502307256063887,0.8277147718598106,0.004444235278128872,2.2585302288014177,0,5.55674,0.18522
360.3976333141327,31.0,30.991384782776095,23.504260044892078,0.8508315324419666,0.008615217223905347,2.2587456092320153,0,5.55674,0.18522
360.45202469825745,31.0,30.986374835016875,23.50387007638784,0.8787536095256647,0.01362516498312516,2.2590862383565935,0,5.55674,0.18522
360.4841456413269,31.0,30.982204316944603,23.504260044892078,0.9019904883832903,0.017795683055396694,2.2595311304329786,0,5.55674,0.18522
360.51722025871277,31.0,30.978447245371967,23.505039984292637,0.9229273408900379,0.021552754628032744,2.2600699492986793,0,5.55674,0.18522
360.55411744117737,31.0,30.975109872549638,23.505432909517197,0.9415673473317916,0.024890127450362343,2.2606922024849383,0,5.55674,0.18522
360.614470243454,31.0,30.969687717732654,23.506995755456046,0.9717570258454005,0.030312282267345836,2.261450009541622,0,5.55674,0.18522
360.66296458244324,31.0,30.96467908564489,23.50777570604805,0.9997122276183892,0.0353209143551112,2.2623330324005,0,5.55674,0.18522
360.6952590942383,31.0,30.961342268693897,23.508948592303284,1.0,0.038657731306102505,2.2632994756831524,0,5.55674,0.18522
360.72946882247925,31.0,30.958005586368643,23.509338571196395,1.0,0.041994413631357475,2.2643493360239364,0,5.55674,0.18522
360.76280093193054,31.0,30.955921016666593,23.509338571196395,1.0,0.04407898333340654,2.2654513106072716,0,5.55674,0.18522
360.7953178882599,31.0,30.95174888135557,23.510121485777972,1.0,0.04825111864442988,2.2666575885733824,0,5.55674,0.18522
360.83367919921875,31.0,30.947576956367527,23.50973150528239,1.0,0.052423043632472854,2.267968164664194,0,5.55674,0.18522
360.88564825057983,31.0,30.945076424861668,23.510121485777972,1.0,0.054923575138332126,2.2693412540426525,0,5.55674,0.18522
360.91609621047974,31.0,30.941321039593618,23.510511467071865,1.0,0.05867896040638243,2.270808228052812,0,5.55674,0.18522
360.956414937973,31.0,30.939236890017014,23.51129438647382,1.0,0.06076310998298595,2.2723273058023867,0,5.55674,0.18522
361.00566029548645,31.0,30.933813932619785,23.51168437016912,1.0,0.06618606738021526,2.273981957486892,0,5.55674,0.18522
361.04366993904114,31.0,30.9308976633381,23.512074354662957,1.0,0.06910233666189924,2.2757095159034395,0,5.55674,0.18522
361.0822937488556,31.0,30.925475251613534,23.51324726738568,1.0,0.07452474838646594,2.2775726346131013,0,5.55674,0.18522
361.1357362270355,31.0,30.923807616063982,23.51403019803547,1.0,0.0761923839360179,2.279477444211502,0,5.55674,0.18522
361.1687948703766,31.0,30.91922100316293,23.51403019803547,1.0,0.08077899683706846,2.2814969191324286,0,5.55674,0.18522
361.20303988456726,31.0,30.9183856679806,23.51520016832842,1.0,0.08161433201939872,2.2835372774329135,0,5.55674,0.18522
361.2411801815033,31.0,30.913802506888146,23.51481017743174,1.0,0.08619749311185387,2.2856922147607097,0,5.55674,0.18522
361.2862057685852,31.0,30.911715897054535,23.515983107010925,1.0,0.08828410294546529,2.2878993173343463,0,5.55674,0.18522
361.3174617290497,31.0,30.907965174428398,23.51520016832842,1.0,0.09203482557160214,2.2902001879736362,0,5.55674,0.18522
361.35213828086853,31.0,30.90754598654678,23.516373100311228,1.0,0.0924540134532208,2.2925115383099666,0,5.55674,0.18522
361.3894877433777,31.0,30.9050466621336,23.516373100311228,1.0,0.09495333786640003,2.2948853717566267,0,5.55674,0.18522
361.43170952796936,31.0,30.902128252424745,23.516766048914633,1.0,0.09787174757525463,2.297332165446008,0,5.55674,0.18522
361.466233253479,31.0,30.8979588233949,23.517936036028175,1.0,0.10204117660509837,2.2998831948611356,0,5.55674,0.18522
361.5060660839081,31.0,30.89754283742309,23.51715604381974,1.0,0.10245716257691129,2.3024446239255583,0,5.55674,0.18522
361.556245803833,31.0,30.89545978748697,23.517546039524234,1.0,0.10454021251302947,2.305058129238384,0,5.55674,0.18522
361.58946228027344,31.0,30.894624691361855,23.51871898596903,1.0,0.10537530863814482,2.3076925119543374,0,5.55674,0.18522
361.63064098358154,31.0,30.892541714585093,23.519891939647437,1.0,0.1074582854149071,2.3103789690897103,0,5.55674,0.18522
361.6670160293579,31.0,30.88962374414882,23.51949898458662,1.0,0.11037625585117894,2.3131383754859898,0,5.55674,0.18522
361.70782446861267,31.0,30.885870867979293,23.51910898487796,1.0,0.1141291320207074,2.3159916037865074,0,5.55674,0.18522
361.7565257549286,31.0,30.886705876150018,23.51949898458662,1.0,0.1132941238499825,2.318823956882757,0,5.55674,0.18522
361.78656029701233,31.0,30.88754089270782,23.520281940961866,1.0,0.11245910729218167,2.321635434565062,0,5.55674,0.18522
361.8296813964844,31.0,30.885454942510194,23.52184490880211,1.0,0.11454505748980637,2.324499061002307,0,5.55674,0.18522
361.8807716369629,31.0,30.881705405309674,23.52184490880211,1.0,0.118294594690326,2.327456425869565,0,5.55674,0.18522
361.9130606651306,31.0,30.87837192512177,23.5210649005611,1.0,0.12162807487823102,2.3304971277415207,0,5.55674,0.18522
361.949987411499,31.0,30.878787815166618,23.52145490428154,1.0,0.12121218483338225,2.3335274323623554,0,5.55674,0.18522
361.9975893497467,31.0,30.878787815166618,23.523017881766123,1.0,0.12121218483338225,2.33655773698319,0,5.55674,0.18522
362.03188920021057,31.0,30.87837192512177,23.522234914122862,1.0,0.12162807487823102,2.3395984388551456,0,5.55674,0.18522
362.0665190219879,31.0,30.875454451897156,23.522627874838747,1.0,0.12454554810284435,2.342712077557717,0,5.55674,0.18522
362.1084680557251,31.0,30.877537000627342,23.522234914122862,1.0,0.12246299937265803,2.345773652542033,0,5.55674,0.18522
362.1663076877594,31.0,30.875454451897156,23.522627874838747,1.0,0.12454554810284435,2.3488872912446044,0,5.55674,0.18522
362.20285177230835,31.0,30.875454451897156,23.52184490880211,1.0,0.12454554810284435,2.3520009299471756,0,5.55674,0.18522
362.25355672836304,31.0,30.87628620489528,23.523017881766123,1.0,0.12371379510472025,2.3550937748247938,0,5.55674,0.18522
362.2875819206238,31.0,30.87587032735678,23.523407889493853,1.0,0.12412967264322106,2.358197016640874,0,5.55674,0.18522
362.32120418548584,31.0,30.874203687473994,23.523797898021996,1.0,0.1257963125260062,2.3613419244540244,0,5.55674,0.18522
362.36524081230164,31.0,30.87628620489528,23.523797898021996,1.0,0.12371379510472025,2.3644347693316425,0,5.55674,0.18522
362.40759348869324,31.0,30.875454451897156,23.523407889493853,1.0,0.12454554810284435,2.3675484080342137,0,5.55674,0.18522
362.44331645965576,31.0,30.87587032735678,23.523797898021996,1.0,0.12412967264322106,2.370651649850294,0,5.55674,0.18522
362.4777891635895,31.0,30.87295294185219,23.523407889493853,1.0,0.12704705814780937,2.373827826303989,0,5.55674,0.18522
362.5141727924347,31.0,30.874619556681864,23.523797898021996,1.0,0.1253804433181358,2.3769623373869426,0,5.55674,0.18522
362.54996395111084,31.0,30.877952886497837,23.523797898021996,1.0,0.12204711350216257,2.380013515224497,0,5.55674,0.18522
362.59776544570923,31.0,30.877121116836065,23.524190861969885,1.0,0.12287888316393492,2.383085487303595,0,5.55674,0.18522
362.63098978996277,31.0,30.876705235123836,23.524970883041078,1.0,0.12329476487616375,2.3861678564254993,0,5.55674,0.18522
362.6672215461731,31.0,30.87628620489528,23.524970883041078,1.0,0.12371379510472025,2.3892607013031175,0,5.55674,0.18522
362.707811832428,31.0,30.879619601494653,23.524190861969885,1.0,0.12038039850534688,2.392270211265751,0,5.55674,0.18522
362.7562494277954,31.0,30.87837192512177,23.524970883041078,1.0,0.12162807487823102,2.3953109131377066,0,5.55674,0.18522
362.7886657714844,31.0,30.879619601494653,23.52458087210516,1.0,0.12038039850534688,2.39832042310034,0,5.55674,0.18522
362.82126021385193,31.0,30.879619601494653,23.525753861958492,1.0,0.12038039850534688,2.4013299330629736,0,5.55674,0.18522
362.8583586215973,31.0,30.881289500675678,23.52458087210516,1.0,0.11871049932432243,2.4042976955460817,0,5.55674,0.18522
362.9043536186218,31.0,30.881705405309674,23.524970883041078,1.0,0.118294594690326,2.40725506041334,0,5.55674,0.18522
362.9353840351105,31.0,30.881289500675678,23.524970883041078,1.0,0.11871049932432243,2.410222822896448,0,5.55674,0.18522
362.9707510471344,31.0,30.884204027691567,23.524190861969885,1.0,0.11579597230843319,2.413117722204159,0,5.55674,0.18522
363.0043296813965,31.0,30.884623097814085,23.52458087210516,1.0,0.11537690218591479,2.416002144758807,0,5.55674,0.18522
363.0465884208679,31.0,30.88628994650344,23.523017881766123,1.0,0.11371005349656116,2.4188448960962208,0,5.55674,0.18522
363.0920400619507,31.0,30.88754089270782,23.52184490880211,1.0,0.11245910729218167,2.4216563737785255,0,5.55674,0.18522
363.137318611145,31.0,30.88962374414882,23.522234914122862,1.0,0.11037625585117894,2.424415780174805,0,5.55674,0.18522
363.1741795539856,31.0,30.89212575573447,23.519891939647437,1.0,0.10787424426553116,2.4271126362814432,0,5.55674,0.18522
363.2315797805786,31.0,30.892957675517835,23.51949898458662,1.0,0.10704232448216544,2.429788694393497,0,5.55674,0.18522
363.2818396091461,31.0,30.8958757630283,23.517936036028175,1.0,0.1041242369716997,2.43239180031779,0,5.55674,0.18522
363.315860748291,31.0,30.89754283742309,23.517936036028175,1.0,0.10245716257691129,2.4349532293822125,0,5.55674,0.18522
363.3524627685547,31.0,30.898793953036375,23.516766048914633,1.0,0.10120604696362534,2.437483380556303,0,5.55674,0.18522
363.3860275745392,31.0,30.899209945273697,23.516373100311228,1.0,0.10079005472630342,2.4400031319244606,0,5.55674,0.18522
363.4216616153717,31.0,30.9046306406579,23.51520016832842,1.0,0.09536935934210078,2.4423873659080133,0,5.55674,0.18522
363.46761322021484,31.0,30.9050466621336,23.51442018733411,1.0,0.09495333786640003,2.4447611993546734,0,5.55674,0.18522
363.5020921230316,31.0,30.90629789080151,23.51520016832842,1.0,0.09370210919848887,2.4471037520846357,0,5.55674,0.18522
363.5431399345398,31.0,30.90879725288562,23.51403019803547,1.0,0.09120274711438014,2.4493838207624954,0,5.55674,0.18522
363.5994746685028,31.0,30.91129984215297,23.51481017743174,1.0,0.088700157847029,2.451601324708671,0,5.55674,0.18522
363.6353540420532,31.0,30.912131954041968,23.51442018733411,1.0,0.08786804595803233,2.453798025857622,0,5.55674,0.18522
363.67100524902344,31.0,30.917969579632256,23.51442018733411,1.0,0.08203042036774377,2.4558487863668157,0,5.55674,0.18522
363.7172908782959,31.0,30.918804910624374,23.51481017743174,1.0,0.08119508937562614,2.4578786636012064,0,5.55674,0.18522
363.7503192424774,31.0,30.920888546478864,23.51520016832842,1.0,0.07911145352113635,2.459856449939235,0,5.55674,0.18522
363.7864661216736,31.0,30.922556123323943,23.51520016832842,1.0,0.07744387667605679,2.4617925468561364,0,5.55674,0.18522
363.82144570350647,31.0,30.92672678841575,23.51520016832842,1.0,0.07327321158425093,2.4636243771457425,0,5.55674,0.18522
363.856418132782,31.0,30.92839448268586,23.515983107010925,1.0,0.07160551731413989,2.4654145150785958,0,5.55674,0.18522
363.9040651321411,31.0,30.9308976633381,23.51715604381974,1.0,0.06910233666189924,2.4671420734951433,0,5.55674,0.18522
363.93649792671204,31.0,30.935065595346202,23.516766048914633,1.0,0.06493440465379763,2.4687654336114884,0,5.55674,0.18522
363.9714195728302,31.0,30.93673345743258,23.51715604381974,1.0,0.06326654256741904,2.470347097175674,0,5.55674,0.18522
364.0064296722412,31.0,30.93965308513657,23.517936036028175,1.0,0.060346914863430356,2.47185577004726,0,5.55674,0.18522
364.04064655303955,31.0,30.942156605967625,23.517546039524234,1.0,0.05784339403237482,2.4733018548980694,0,5.55674,0.18522
364.0881202220917,31.0,30.94632825780161,23.51832898785983,1.0,0.05367174219838944,2.474643648453029,0,5.55674,0.18522
364.1254904270172,31.0,30.94882882711994,23.51871898596903,1.0,0.05117117288006057,2.4759229277750303,0,5.55674,0.18522
364.1622884273529,31.0,30.94924507045596,23.51832898785983,1.0,0.05075492954404126,2.4771918010136313,0,5.55674,0.18522
364.1996512413025,31.0,30.95425276800961,23.51910898487796,1.0,0.04574723199038999,2.478335481813391,0,5.55674,0.18522
364.2528386116028,31.0,30.958005586368643,23.519891939647437,1.0,0.041994413631357475,2.479385342154175,0,5.55674,0.18522
364.2865240573883,31.0,30.961342268693897,23.51910898487796,1.0,0.038657731306102505,2.4803517854368273,0,5.55674,0.18522
364.3224585056305,31.0,30.964262764647003,23.51910898487796,1.0,0.03573723535299678,2.4812452163206524,0,5.55674,0.18522
364.37085032463074,31.0,30.967599699461857,23.51910898487796,1.0,0.0324003005381428,2.482055223834106,0,5.55674,0.18522
364.3998558521271,31.0,30.97010406605159,23.51910898487796,1.0,0.029895933948409947,2.482802622182816,0,5.55674,0.18522
364.4337565898895,31.0,30.97385760392018,23.519891939647437,0.9890443536469748,0.02614239607981972,2.4834561820848116,0,5.55674,0.18522
364.46714091300964,31.0,30.975109872549638,23.51910898487796,0.9822412483258138,0.024890127450362343,2.4840784352710705,0,5.55674,0.18522
364.5021674633026,31.0,30.978447245371967,23.51832898785983,0.9638361556697175,0.021552754628032744,2.4846172541367713,0,5.55674,0.18522
364.5352828502655,31.0,30.979699583573904,23.51832898785983,0.9569712389677487,0.020300416426096035,2.4851247645474235,0,5.55674,0.18522
364.5674695968628,31.0,30.984289549650043,23.51832898785983,0.9315387381141681,0.015710450349956773,2.4855175258061726,0,5.55674,0.18522
364.6015086174011,31.0,30.98679442224983,23.51715604381974,0.9177411426107005,0.013205577750170505,2.485847665249927,0,5.55674,0.18522
364.63880443573,31.0,30.990965172209087,23.51715604381974,0.8946072052521812,0.009034827790912914,2.4860735359446995,0,5.55674,0.18522
364.68707847595215,31.0,30.99347024739575,23.51559311450984,0.8807975811236726,0.006529752604251371,2.486236779759806,0,5.55674,0.18522
364.7181599140167,31.0,30.99639187951209,23.516766048914633,0.8645193571349139,0.0036081204879110373,2.486326982772004,0,5.55674,0.18522
364.7524130344391,31.0,31.003484997950522,23.51559311450984,0.8251487862448479,-0.0034849979505224837,2.4862398578232408,0,5.55674,0.18522
364.79020977020264,31.0,31.005990453376114,23.51559311450984,0.8111988830688875,-0.0059904533761141465,2.4860900964888377,0,5.55674,0.18522
364.84277391433716,31.0,31.00932907527846,23.51481017743174,0.7926440021361943,-0.009329075278458276,2.4858568696068764,0,5.55674,0.18522
364.87905955314636,31.0,31.01350412074021,23.51481017743174,0.7693818291859823,-0.013504120740208236,2.485519266588371,0,5.55674,0.18522
364.9164443016052,31.0,31.017259633344963,23.513637255080482,0.7484936820685099,-0.017259633344963277,2.4850877757547467,0,5.55674,0.18522
364.96665692329407,31.0,31.021018473264917,23.51324726738568,0.7275294695215673,-0.021018473264916793,2.484562313923124,0,5.55674,0.18522
364.99730587005615,31.0,31.026444003165466,23.51168437016912,0.6973389512434631,-0.0264440031654658,2.4839012138439873,0,5.55674,0.18522
365.0313982963562,31.0,31.029366804444237,23.512074354662957,0.6809417120116081,-0.029366804444237005,2.483167043732881,0,5.55674,0.18522
365.0634913444519,31.0,31.03145323039456,23.510511467071865,0.6692825304973252,-0.03145323039456116,2.482380712973017,0,5.55674,0.18522
365.1005856990814,31.0,31.03437620956123,23.51129438647382,0.6528409458912721,-0.03437620956123055,2.481521307733986,0,5.55674,0.18522
365.14987683296204,31.0,31.039389076472617,23.509338571196395,0.6249037063722203,-0.03938907647261658,2.4805365808221707,0,5.55674,0.18522
365.18700909614563,31.0,31.043145770180445,23.508168636911307,0.603888977102656,-0.04314577018044474,2.4794579365676594,0,5.55674,0.18522
365.22006607055664,31.0,31.047739271745797,23.50973150528239,0.5780628382984634,-0.047739271745797396,2.4782644547740147,0,5.55674,0.18522
365.25630235671997,31.0,31.04982616376998,23.508558614208255,0.566295980981979,-0.04982616376997839,2.4770188006797653,0,5.55674,0.18522
365.288667678833,31.0,31.054420038654712,23.506212853715112,0.5406373777975053,-0.05442003865471179,2.4756582997133973,0,5.55674,0.18522
365.3360574245453,31.0,31.057760625788774,23.506212853715112,0.5218071430684632,-0.05776062578877372,2.474214284068678,0,5.55674,0.18522
365.3725395202637,31.0,31.062354944336278,23.505039984292637,0.49604915286344575,-0.06235494433627764,2.4726554104602707,0,5.55674,0.18522
365.41047406196594,31.0,31.067369517993086,23.505039984292637,0.46787251628864557,-0.06736951799308599,2.4709711725104437,0,5.55674,0.18522
365.44618010520935,31.0,31.06904005795525,23.503477154383177,0.45835025631564835,-0.06904005795524881,2.4692451710615626,0,5.55674,0.18522
365.4993088245392,31.0,31.076139442573492,23.503087187479593,0.4185682667067847,-0.07613944257349203,2.4673416849972254,0,5.55674,0.18522
365.54165482521057,31.0,31.07990097579159,23.501524373568998,0.39737660856789525,-0.07990097579158828,2.4653441606024358,0,5.55674,0.18522
365.5864610671997,31.0,31.084913463192095,23.501134410656732,0.36915033589745594,-0.0849134631920947,2.4632213240226335,0,5.55674,0.18522
365.61939907073975,31.0,31.08825529168314,23.500351532973525,0.3502121658925464,-0.08825529168314006,2.461014941730555,0,5.55674,0.18522
365.6564178466797,31.0,31.09243434830006,23.49839878414201,0.32666240992364937,-0.09243434830005981,2.4587040830230533,0,5.55674,0.18522
365.6942105293274,31.0,31.095776483429404,23.49839878414201,0.30764754095849794,-0.09577648342940392,2.4563096709373182,0,5.55674,0.18522
365.7512013912201,31.0,31.102044144071556,23.497225962749553,0.27240744049875065,-0.10204414407155582,2.4537585673355293,0,5.55674,0.18522
365.7900929450989,31.0,31.106223904090484,23.495663196822193,0.24876991398517584,-0.10622390409048421,2.451102969733267,0,5.55674,0.18522
365.83378982543945,31.0,31.110820938692825,23.494100443679258,0.22279241387829507,-0.11082093869282517,2.4483324462659466,0,5.55674,0.18522
365.8736925125122,31.0,31.11666949814787,23.49253770331677,0.1898334331510928,-0.11666949814787131,2.44541570881225,0,5.55674,0.18522
365.91439843177795,31.0,31.119178408658968,23.491754860868696,0.17538038050107096,-0.11917840865896778,2.442436248595776,0,5.55674,0.18522
365.9610872268677,31.0,31.123776171078987,23.49019213968137,0.1493388452574314,-0.12377617107898686,2.4393418443188013,0,5.55674,0.18522
365.99690341949463,31.0,31.12670244176286,23.489412260916993,0.13253163854389244,-0.12670244176285905,2.4361742832747297,0,5.55674,0.18522
366.03506541252136,31.0,31.132134964918293,23.489019368653146,0.10175282752910642,-0.13213496491829346,2.4328709091517724,0,5.55674,0.18522
366.06908416748047,31.0,31.133806826253476,23.487066735614007,0.0919433226697684,-0.13380682625347617,2.4295257384954354,0,5.55674,0.18522
366.10146141052246,31.0,31.137571009762098,23.48667680220518,0.07040971788435352,-0.13757100976209813,2.4260864632513828,0,5.55674,0.18522
366.13946866989136,31.0,31.140914989096586,23.485114122501045,0.05125576583814134,-0.1409149890965864,2.422563588523968,0,5.55674,0.18522
366.1791570186615,31.0,31.14509673622348,23.48472123906265,0.027367172077345514,-0.14509673622347918,2.418936170118381,0,5.55674,0.18522
366.2361526489258,31.0,31.150113218805302,23.482768649874856,0.0,-0.15011321880530204,2.4151833396482485,0,5.55674,0.18522
366.2883388996124,31.0,31.156385045897707,23.481988801360956,0.0,-0.1563850458977072,2.411273713500806,0,5.55674,0.18522
366.32396626472473,31.0,31.158474708243318,23.480426159917045,0.0,-0.15847470824331822,2.407311845794723,0,5.55674,0.18522
366.36163353919983,31.0,31.163074683081277,23.480033286096045,0.0,-0.16307468308127682,2.403234978717691,0,5.55674,0.18522
366.4119942188263,31.0,31.168092271041075,23.478080744694864,0.0,-0.1680922710410755,2.399032671941664,0,5.55674,0.18522
366.44518876075745,31.0,31.169768030817806,23.478860577301077,0.0,-0.16976803081780645,2.394788471171219,0,5.55674,0.18522
366.4815616607666,31.0,31.17394809495312,23.478080744694864,0.0,-0.17394809495311847,2.3904397687973913,0,5.55674,0.18522
366.5137379169464,31.0,31.175620813046862,23.47690804784702,0.0,-0.17562081304686217,2.38604924847122,0,5.55674,0.18522
366.55942845344543,31.0,31.179386925962547,23.475345447829113,0.0,-0.17938692596254668,2.381564575322156,0,5.55674,0.18522
366.59866189956665,31.0,31.182732619809997,23.476128223183935,0.0,-0.18273261980999678,2.3769962598269063,0,5.55674,0.18522
366.65196776390076,31.0,31.18566100527329,23.475345447829113,0.0,-0.185661005273289,2.372354734695074,0,5.55674,0.18522
366.6838903427124,31.0,31.18858949603964,23.47417276771023,0.0,-0.18858949603963993,2.3676399972940834,0,5.55674,0.18522
366.7178637981415,31.0,31.191097455765544,23.473000094760664,0.0,-0.1910974557655436,2.362862560899945,0,5.55674,0.18522
366.7562279701233,31.0,31.19360865552534,23.471437526578256,0.0,-0.19360865552533824,2.3580223445118116,0,5.55674,0.18522
366.80267810821533,31.0,31.195699272608977,23.472220285986452,0.0,-0.19569927260897657,2.353129862696587,0,5.55674,0.18522
366.8347134590149,31.0,31.199466314302015,23.4718303827878,0.0,-0.19946631430201478,2.3481432048390367,0,5.55674,0.18522
366.86858773231506,31.0,31.200718870578157,23.47104762496997,0.0,-0.2007188705781573,2.343125233074583,0,5.55674,0.18522
366.9033854007721,31.0,31.202812833480834,23.470267824129508,0.0,-0.20281283348083434,2.338054912237562,0,5.55674,0.18522
366.936185836792,31.0,31.20155708188696,23.469485072683938,0.0,-0.20155708188696053,2.333015985190388,0,5.55674,0.18522
366.9707987308502,31.0,31.206577041314347,23.469485072683938,0.0,-0.20657704131434684,2.3278515591575295,0,5.55674,0.18522
367.0208065509796,31.0,31.209506284928466,23.46870232442967,0.0,-0.2095062849284659,2.322613902034318,0,5.55674,0.18522
367.05170607566833,31.0,31.20992385308682,23.468312428376635,0.0,-0.2099238530868206,2.3173658057071473,0,5.55674,0.18522
367.08617663383484,31.0,31.212853217282486,23.467922533115257,0.0,-0.21285321728248618,2.3120444752750853,0,5.55674,0.18522
367.1360545158386,31.0,31.212853217282486,23.467139791230238,0.0,-0.21285321728248618,2.306723144843023,0,5.55674,0.18522
367.16814494132996,31.0,31.21662105365715,23.467139791230238,0.0,-0.2166210536571498,2.3013076185015944,0,5.55674,0.18522
367.20315170288086,31.0,31.218294649097004,23.46597011496192,0.0,-0.2182946490970039,2.2958502522741693,0,5.55674,0.18522
367.2563121318817,31.0,31.219129877861974,23.464404650291897,0.0,-0.2191298778619739,2.2903720053276198,0,5.55674,0.18522
367.28942346572876,31.0,31.222059573906336,23.464797492114144,0.0,-0.22205957390633557,2.2848205159799613,0,5.55674,0.18522
367.32804107666016,31.0,31.222477206568044,23.46401476296154,0.0,-0.22247720656804404,2.2792585858157604,0,5.55674,0.18522
367.3864588737488,31.0,31.22331564225715,23.46362487642216,0.0,-0.22331564225714828,2.2736756947593317,0,5.55674,0.18522
367.44194865226746,31.0,31.224571730030675,23.46245226788426,0.0,-0.2245717300306751,2.268061401508565,0,5.55674,0.18522
367.4738221168518,31.0,31.225827837229247,23.46167250193463,0.0,-0.2258278372292466,2.262415705577834,0,5.55674,0.18522
367.51016068458557,31.0,31.227080799783664,23.46167250193463,0.0,-0.22708079978366413,2.256738685583242,0,5.55674,0.18522
367.5519781112671,31.0,31.22498937560846,23.46167250193463,0.0,-0.22498937560845889,2.2511139511930307,0,5.55674,0.18522
367.5878412723541,31.0,31.22750162235195,23.461279666498797,0.0,-0.22750162235195148,2.245426410634232,0,5.55674,0.18522
367.63534235954285,31.0,31.226245489266205,23.46167250193463,0.0,-0.2262454892662049,2.239770273402577,0,5.55674,0.18522
367.6740200519562,31.0,31.227919282996936,23.461279666498797,0.0,-0.2279192829969361,2.234072291327654,0,5.55674,0.18522
367.72249269485474,31.0,31.22750162235195,23.460889785506424,0.0,-0.22750162235195148,2.2283847507688552,0,5.55674,0.18522
367.7660586833954,31.0,31.226663143450992,23.460889785506424,0.0,-0.2266631434509918,2.2227181721825806,0,5.55674,0.18522
367.8137536048889,31.0,31.22750162235195,23.460889785506424,0.0,-0.22750162235195148,2.217030631623782,0,5.55674,0.18522
367.86855244636536,31.0,31.22750162235195,23.460889785506424,0.0,-0.22750162235195148,2.2113430910649834,0,5.55674,0.18522
367.90533208847046,31.0,31.22750162235195,23.46011002589296,0.0,-0.22750162235195148,2.205655550506185,0,5.55674,0.18522
367.9532437324524,31.0,31.225827837229247,23.46049990530446,0.0,-0.2258278372292466,2.2000098545754536,0,5.55674,0.18522
368.0098102092743,31.0,31.225827837229247,23.46049990530446,0.0,-0.2258278372292466,2.1943641586447225,0,5.55674,0.18522
368.04847025871277,31.0,31.225827837229247,23.46049990530446,0.0,-0.2258278372292466,2.1887184627139913,0,5.55674,0.18522
368.08815693855286,31.0,31.223733281376497,23.46049990530446,0.0,-0.2237332813764965,2.1831251306795787,0,5.55674,0.18522
368.1255373954773,31.0,31.22331564225715,23.46049990530446,0.0,-0.22331564225714828,2.17754223962315,0,5.55674,0.18522
368.1751027107239,31.0,31.222898005285003,23.459717193648828,0.0,-0.22289800528500336,2.171969789491025,0,5.55674,0.18522
368.2173252105713,31.0,31.220803524976077,23.460889785506424,0.0,-0.22080352497607691,2.166449701366623,0,5.55674,0.18522
368.2602708339691,31.0,31.221224315023903,23.46049990530446,0.0,-0.22122431502390327,2.1609190934910254,0,5.55674,0.18522
368.31458497047424,31.0,31.219968279006707,23.46049990530446,0.0,-0.21996827900670723,2.155419886515858,0,5.55674,0.18522
368.36877703666687,31.0,31.21494749268186,23.46011002589296,0.0,-0.21494749268185842,2.1500461991988113,0,5.55674,0.18522
368.41085505485535,31.0,31.212853217282486,23.459717193648828,0.0,-0.21285321728248618,2.1447248687667493,0,5.55674,0.18522
368.4557385444641,31.0,31.21076215927326,23.46049990530446,0.0,-0.21076215927325848,2.1394558147849176,0,5.55674,0.18522
368.5073184967041,31.0,31.210344586809356,23.46167250193463,0.0,-0.21034458680935586,2.134197200114684,0,5.55674,0.18522
368.5614347457886,31.0,31.208250429981604,23.462062384514127,0.0,-0.2082504299816037,2.128990939365144,0,5.55674,0.18522
368.616384267807,31.0,31.205321231604557,23.46284215204514,0.0,-0.2053212316045574,2.12385790857503,0,5.55674,0.18522
368.67403531074524,31.0,31.200718870578157,23.464404650291897,0.0,-0.2007188705781573,2.118839936810576,0,5.55674,0.18522
368.73836398124695,31.0,31.19904563684821,23.465187381032592,0.0,-0.19904563684821142,2.1138637958893707,0,5.55674,0.18522
368.7881109714508,31.0,31.19611676989689,23.465577270742187,0.0,-0.1961167698968893,2.1089608766419485,0,5.55674,0.18522
368.8385646343231,31.0,31.192770526085496,23.46753263864548,0.0,-0.19277052608549639,2.104141613489811,0,5.55674,0.18522
368.8860704898834,31.0,31.18775141827041,23.469485072683938,0.0,-0.18775141827040898,2.099447828033051,0,5.55674,0.18522
368.94084000587463,31.0,31.18566100527329,23.46909517504139,0.0,-0.185661005273289,2.094806302901219,0,5.55674,0.18522
368.97314381599426,31.0,31.18566100527329,23.47065772415374,0.0,-0.185661005273289,2.090164777769387,0,5.55674,0.18522
369.0059115886688,31.0,31.180642335619666,23.472220285986452,0.0,-0.18064233561966603,2.085648719378895,0,5.55674,0.18522
369.0523536205292,31.0,31.176876164678447,23.47339295416947,0.0,-0.1768761646784469,2.081226815261934,0,5.55674,0.18522
369.0818078517914,31.0,31.17729356547477,23.473782860543622,0.0,-0.17729356547476982,2.0767944761250647,0,5.55674,0.18522
369.12618350982666,31.0,31.17520342081832,23.474955538278493,0.0,-0.1752034208183204,2.0724143906046066,0,5.55674,0.18522
369.16242694854736,31.0,31.169768030817806,23.476518135119022,0.0,-0.16976803081780645,2.0681701898341616,0,5.55674,0.18522
369.20863676071167,31.0,31.168092271041075,23.477297961368095,0.0,-0.1680922710410755,2.0639678830581345,0,5.55674,0.18522
369.25203919410706,31.0,31.16516767846224,23.478080744694864,0.0,-0.16516767846223956,2.0598386910965787,0,5.55674,0.18522
369.28125047683716,31.0,31.16516767846224,23.478470660601317,0.0,-0.16516767846223956,2.055709499135023,0,5.55674,0.18522
369.31439900398254,31.0,31.159729795922033,23.480033286096045,0.0,-0.15972979592203274,2.0517162542369722,0,5.55674,0.18522
369.34643363952637,31.0,31.15805740377067,23.481206002068802,0.0,-0.15805740377066968,2.0477648191427056,0,5.55674,0.18522
369.40284872055054,31.0,31.15429543706341,23.482378725220997,0.0,-0.15429543706341065,2.0439074332161202,0,5.55674,0.18522
369.4315176010132,31.0,31.150530482659406,23.482378725220997,0.0,-0.1505304826594056,2.040144171149635,0,5.55674,0.18522
369.46537256240845,31.0,31.14844102369858,23.483158575322705,0.0,-0.14844102369858092,2.0364331455571705,0,5.55674,0.18522
369.50183296203613,31.0,31.14509673622348,23.483551455554277,0.0,-0.14509673622347918,2.0328057271515836,0,5.55674,0.18522
369.53600668907166,31.0,31.14049777437151,23.48472123906265,0.0,-0.1404977743715108,2.029293282792296,0,5.55674,0.18522
369.58192777633667,31.0,31.138405411449696,23.4858939837452,0.0,-0.1384054114496962,2.0258331475060536,0,5.55674,0.18522
369.62615609169006,31.0,31.133806826253476,23.487066735614007,0.01655178845774835,-0.13380682625347617,2.0224879768497166,0,5.55674,0.18522
369.6537072658539,31.0,31.13088030127409,23.487849558871744,0.03216752025657654,-0.13088030127408956,2.019215969317864,0,5.55674,0.18522
369.6861069202423,31.0,31.12628529958522,23.487849558871744,0.05711598586145655,-0.12628529958521995,2.0160588368282335,0,5.55674,0.18522
369.7175998687744,31.0,31.122938758673968,23.489412260916993,0.07506239599839903,-0.12293875867396764,2.0129853678613845,0,5.55674,0.18522
369.7706069946289,31.0,31.120012622649085,23.491364917902047,0.09066626701021019,-0.12001262264908519,2.0099850522951574,0,5.55674,0.18522
369.80098032951355,31.0,31.115835318244308,23.49058503435458,0.1133821005956383,-0.11583531824430793,2.0070891693390496,0,5.55674,0.18522
369.8359706401825,31.0,31.114163824256366,23.49253770331677,0.12204133426153169,-0.11416382425636584,2.0042350737326404,0,5.55674,0.18522
369.8866853713989,31.0,31.106223904090484,23.49214775875322,0.16568954387352097,-0.10622390409048421,2.0015794761303782,0,5.55674,0.18522
369.91636896133423,31.0,31.104969637750628,23.493317594830444,0.17211309153284082,-0.10496963775062795,1.9989552351866124,0,5.55674,0.18522
369.95542788505554,31.0,31.10287818345563,23.493710495927303,0.18323822273133328,-0.10287818345562982,1.9963832806002217,0,5.55674,0.18522
369.98743534088135,31.0,31.099955923623156,23.49449039222702,0.19897359972584222,-0.0999559236231562,1.9938843825096428,0,5.55674,0.18522
370.0175371170044,31.0,31.095776483429404,23.49605314855961,0.22167398675194905,-0.09577648342940392,1.9914899704239077,0,5.55674,0.18522
370.05347752571106,31.0,31.092014221864076,23.494880341570592,0.24221399903515645,-0.09201422186407626,1.9891896148773058,0,5.55674,0.18522
370.08991265296936,31.0,31.08950930217162,23.496446055282036,0.25563837945543344,-0.08950930217162067,1.9869518823230152,0,5.55674,0.18522
370.12128949165344,31.0,31.082825679165808,23.496446055282036,0.29239401044937713,-0.08282567916580774,1.98488124034387,0,5.55674,0.18522
370.1746566295624,31.0,31.078230214726545,23.497225962749553,0.3175275507326571,-0.07823021472654546,1.9829254849757063,0,5.55674,0.18522
370.2253749370575,31.0,31.07530567518478,23.498008827615138,0.3333895861421178,-0.07530567518477937,1.981042843096087,0,5.55674,0.18522
370.28215193748474,31.0,31.067369517993086,23.499178699585116,0.377116769486414,-0.06736951799308599,1.9793586051462597,0,5.55674,0.18522
370.33109307289124,31.0,31.065279022483708,23.499178699585116,0.3884308349895862,-0.06527902248370765,1.9777266295841671,0,5.55674,0.18522
370.38811016082764,31.0,31.059850929926938,23.50074444854141,0.41823585827623466,-0.05985092992693808,1.9762303563359938,0,5.55674,0.18522
370.4165053367615,31.0,31.059850929926938,23.50074444854141,0.417958718545208,-0.05985092992693808,1.9747340830878204,0,5.55674,0.18522
370.4537546634674,31.0,31.051496346993133,23.50074444854141,0.4641445098820478,-0.0514963469931331,1.9734466744129922,0,5.55674,0.18522
370.48604679107666,31.0,31.047739271745797,23.499961572457778,0.4848407115845982,-0.047739271745797396,1.9722531926193472,0,5.55674,0.18522
370.51886320114136,31.0,31.04606916485426,23.501524373568998,0.4938275533181035,-0.04606916485425927,1.9711014634979906,0,5.55674,0.18522
370.55612349510193,31.0,31.041475756582486,23.502697221373182,0.5190996984061538,-0.0414757565824857,1.9700645695834285,0,5.55674,0.18522
370.597727060318,31.0,31.038135831108946,23.501134410656732,0.5375623931759937,-0.038135831108945695,1.9691111738057048,0,5.55674,0.18522
370.6446177959442,31.0,31.033542865827542,23.501134410656732,0.5629289868335674,-0.033542865827541846,1.9682726021600163,0,5.55674,0.18522
370.68640398979187,31.0,31.02978345411435,23.50191433727815,0.5836411312340335,-0.02978345411435157,1.9675280158071575,0,5.55674,0.18522
370.71969079971313,31.0,31.024774328486274,23.502307256063887,0.6113406624287523,-0.02477432848627359,1.9669086575950008,0,5.55674,0.18522
370.7533309459686,31.0,31.024774328486274,23.503477154383177,0.6111659193327494,-0.02477432848627359,1.966289299382844,0,5.55674,0.18522
370.7883276939392,31.0,31.01976550756632,23.503087187479593,0.6389271192722605,-0.01976550756631923,1.965795161693686,0,5.55674,0.18522
370.81976890563965,31.0,31.013920690168618,23.50387007638784,0.6713006213944381,-0.013920690168617966,1.9654471444394706,0,5.55674,0.18522
370.85888028144836,31.0,31.01183470832666,23.503087187479593,0.6828772482665127,-0.011834708326659893,1.965151276731304,0,5.55674,0.18522
370.89281010627747,31.0,31.009745623604488,23.504260044892078,0.6943804444013194,-0.009745623604487719,1.9649076361411917,0,5.55674,0.18522
370.92559337615967,31.0,31.005990453376114,23.505039984292637,0.7151791928076867,-0.0059904533761141465,1.9647578748067889,0,5.55674,0.18522
370.9722681045532,31.0,31.00056626992972,23.505432909517197,0.745297187468534,-0.0005662699297204199,1.9647437180585459,0,5.55674,0.18522
371.02208042144775,31.0,30.998477470692478,23.506212853715112,0.7568711341538144,0.001522529307521836,1.9647817812912338,0,5.55674,0.18522
371.0498557090759,31.0,30.994303185966317,23.50777570604805,0.7800127407652236,0.005696814033683495,1.9649242016420758,0,5.55674,0.18522
371.089866399765,31.0,30.989715818039997,23.50777570604805,0.8055511725206863,0.010284181960003025,1.965181306191076,0,5.55674,0.18522
371.13918924331665,31.0,30.986374835016875,23.508558614208255,0.8241390681147589,0.01362516498312516,1.9655219353156541,0,5.55674,0.18522
371.16850066185,31.0,30.980951940764044,23.509338571196395,0.8543208652470506,0.019048059235956316,1.965998136796553,0,5.55674,0.18522
371.2163014411926,31.0,30.977614466750936,23.510121485777972,0.8729298267406027,0.022385533249064338,1.9665577751277796,0,5.55674,0.18522
371.26141119003296,31.0,30.975109872549638,23.510511467071865,0.8869424499559895,0.024890127450362343,1.9671800283140386,0,5.55674,0.18522
371.30930256843567,31.0,30.97010406605159,23.51168437016912,0.9148366685399121,0.029895933948409947,1.967927426662749,0,5.55674,0.18522
371.3531987667084,31.0,30.965514887916243,23.51129438647382,0.9405172309883321,0.034485112083757485,1.9687895544648428,0,5.55674,0.18522
371.3953552246094,31.0,30.963846445745276,23.51168437016912,0.9499357299453024,0.03615355425472444,1.9696933933212109,0,5.55674,0.18522
371.43633341789246,31.0,30.959673910705646,23.51168437016912,0.9733081522578886,0.04032608929435355,1.9707015455535697,0,5.55674,0.18522
371.4727053642273,31.0,30.956753576783115,23.512074354662957,0.9897159316752074,0.04324642321688543,1.9717827061339919,0,5.55674,0.18522
371.5063078403473,31.0,30.95425276800961,23.51168437016912,1.0,0.04574723199038999,1.9729263869337517,0,5.55674,0.18522
371.54921102523804,31.0,30.950913218162725,23.51129438647382,1.0,0.049086781837274884,1.9741535564796835,0,5.55674,0.18522
371.5853452682495,31.0,30.946744488564207,23.510904403577058,1.0,0.053255511435793323,1.9754849442655784,0,5.55674,0.18522
371.62053751945496,31.0,30.94424082902475,23.510511467071865,1.0,0.05575917097525007,1.9768789235399598,0,5.55674,0.18522
371.67248463630676,31.0,30.94006928234745,23.510121485777972,1.0,0.05993071765254854,1.9783771914812736,0,5.55674,0.18522
371.7059943675995,31.0,30.93715279288017,23.509338571196395,1.0,0.06284720711983027,1.9799483716592694,0,5.55674,0.18522
371.74298071861267,31.0,30.93464942327347,23.510121485777972,1.0,0.06535057672653011,1.9815821360774326,0,5.55674,0.18522
371.8006737232208,31.0,30.93214612929995,23.50973150528239,1.0,0.06785387070004845,1.983278482844934,0,5.55674,0.18522
371.83371090888977,31.0,30.92839448268586,23.510121485777972,1.0,0.07160551731413989,1.9850686207777875,0,5.55674,0.18522
371.8685312271118,31.0,30.924643005861242,23.510121485777972,1.0,0.07535699413875818,1.9869525456312565,0,5.55674,0.18522
371.90117025375366,31.0,30.924643005861242,23.510121485777972,1.0,0.07535699413875818,1.9888364704847254,0,5.55674,0.18522
371.93528866767883,31.0,30.920888546478864,23.510511467071865,1.0,0.07911145352113635,1.9908142568227538,0,5.55674,0.18522
371.9706230163574,31.0,30.917969579632256,23.510121485777972,1.0,0.08203042036774377,1.9928650173319473,0,5.55674,0.18522
372.00540137290955,31.0,30.91588601709759,23.51129438647382,1.0,0.08411398290240868,1.9949678669045074,0,5.55674,0.18522
372.0561420917511,31.0,30.914218574337724,23.51129438647382,1.0,0.08578142566227598,1.9971124025460643,0,5.55674,0.18522
372.09915256500244,31.0,30.91129984215297,23.510904403577058,1.0,0.088700157847029,1.99932990649224,0,5.55674,0.18522
372.1460063457489,31.0,30.908381212614415,23.51168437016912,1.0,0.09161878738558471,2.00162037617688,0,5.55674,0.18522
372.18320417404175,31.0,30.906713920631717,23.512074354662957,1.0,0.09328607936828348,2.003952528161087,0,5.55674,0.18522
372.22444581985474,31.0,30.9046306406579,23.512857280489754,1.0,0.09536935934210078,2.0063367621446395,0,5.55674,0.18522
372.27398324012756,31.0,30.900877086585353,23.51324726738568,1.0,0.09912291341464652,2.0088148349800057,0,5.55674,0.18522
372.30630135536194,31.0,30.899209945273697,23.51442018733411,1.0,0.10079005472630342,2.011334586348163,0,5.55674,0.18522
372.3413486480713,31.0,30.89837796288242,23.51442018733411,1.0,0.10162203711757911,2.0138751372761026,0,5.55674,0.18522
372.37896513938904,31.0,30.8979588233949,23.51403019803547,1.0,0.10204117660509837,2.01642616669123,0,5.55674,0.18522
372.4093670845032,31.0,30.89629174065243,23.51442018733411,1.0,0.10370825934757022,2.0190188731749195,0,5.55674,0.18522
372.4475359916687,31.0,30.895040662722124,23.51520016832842,1.0,0.10495933727787587,2.0216428566068663,0,5.55674,0.18522
372.4911675453186,31.0,30.894208722084045,23.51481017743174,1.0,0.1057912779159551,2.0242876385547652,0,5.55674,0.18522
372.5243821144104,31.0,30.89170664778618,23.51520016832842,1.0,0.10829335221382053,2.026994972360111,0,5.55674,0.18522
372.55715560913086,31.0,30.891290693115252,23.51481017743174,1.0,0.108709306884748,2.0297127050322294,0,5.55674,0.18522
372.59033584594727,31.0,30.89170664778618,23.516373100311228,1.0,0.10829335221382053,2.032420038837575,0,5.55674,0.18522
372.6232841014862,31.0,30.890039690476954,23.51520016832842,1.0,0.10996030952304636,2.035169046575651,0,5.55674,0.18522
372.6658368110657,31.0,30.89170664778618,23.516373100311228,1.0,0.10829335221382053,2.0378763803809967,0,5.55674,0.18522
372.72417187690735,31.0,30.888372766600014,23.517546039524234,1.0,0.11162723339998593,2.0406670612159963,0,5.55674,0.18522
372.7732963562012,31.0,30.885870867979293,23.51832898785983,1.0,0.1141291320207074,2.043520289516514,0,5.55674,0.18522
372.82410407066345,31.0,30.887121807877577,23.51871898596903,1.0,0.11287819212242312,2.0463422443195745,0,5.55674,0.18522
372.8530480861664,31.0,30.889207799902238,23.51910898487796,1.0,0.11079220009776236,2.0491120493220185,0,5.55674,0.18522
372.8981156349182,31.0,30.88754089270782,23.519891939647437,1.0,0.11245910729218167,2.0519235270043232,0,5.55674,0.18522
372.93109679222107,31.0,30.88754089270782,23.519891939647437,1.0,0.11245910729218167,2.054735004686628,0,5.55674,0.18522
372.96602845191956,31.0,30.88628994650344,23.520671943076195,1.0,0.11371005349656116,2.057577756024042,0,5.55674,0.18522
373.00918078422546,31.0,30.886705876150018,23.52145490428154,1.0,0.1132941238499825,2.0604101091202915,0,5.55674,0.18522
373.05875873565674,31.0,30.88628994650344,23.520671943076195,1.0,0.11371005349656116,2.0632528604577054,0,5.55674,0.18522
373.09208273887634,31.0,30.885870867979293,23.522234914122862,1.0,0.1141291320207074,2.066106088758223,0,5.55674,0.18522
373.126158952713,31.0,30.885454942510194,23.52184490880211,1.0,0.11454505748980637,2.0689697151954682,0,5.55674,0.18522
373.163866519928,31.0,30.886705876150018,23.52184490880211,1.0,0.1132941238499825,2.071802068291718,0,5.55674,0.18522
373.2162208557129,31.0,30.890874740526215,23.52145490428154,1.0,0.10912525947378526,2.074530199778563,0,5.55674,0.18522
373.25108432769775,31.0,30.889207799902238,23.5210649005611,1.0,0.11079220009776236,2.077300004781007,0,5.55674,0.18522
373.28608894348145,31.0,30.888788706668038,23.520671943076195,1.0,0.11121129333196222,2.080080287114306,0,5.55674,0.18522
373.33528327941895,31.0,30.89212575573447,23.51949898458662,1.0,0.10787424426553116,2.082777143220944,0,5.55674,0.18522
373.3725790977478,31.0,30.89045563888675,23.51949898458662,1.0,0.10954436111325094,2.0855157522487753,0,5.55674,0.18522
373.4052860736847,31.0,30.89170664778618,23.51832898785983,1.0,0.10829335221382053,2.088223086054121,0,5.55674,0.18522
373.4392890930176,31.0,30.89170664778618,23.516766048914633,1.0,0.10829335221382053,2.0909304198594665,0,5.55674,0.18522
373.47338342666626,31.0,30.892541714585093,23.516373100311228,1.0,0.1074582854149071,2.0936168769948393,0,5.55674,0.18522
373.5062048435211,31.0,30.89212575573447,23.515983107010925,1.0,0.10787424426553116,2.0963137331014776,0,5.55674,0.18522
373.5602903366089,31.0,30.89545978748697,23.51403019803547,1.0,0.10454021251302947,2.098927238414303,0,5.55674,0.18522
373.59353828430176,31.0,30.89629174065243,23.513637255080482,1.0,0.10370825934757022,2.1015199448979924,0,5.55674,0.18522
373.62540102005005,31.0,30.89754283742309,23.512857280489754,1.0,0.10245716257691129,2.104081373962415,0,5.55674,0.18522
373.6604769229889,31.0,30.89837796288242,23.51168437016912,1.0,0.10162203711757911,2.1066219248903546,0,5.55674,0.18522
373.69304156303406,31.0,30.900045087494505,23.510511467071865,1.0,0.09995491250549549,2.109120797702992,0,5.55674,0.18522
373.7265682220459,31.0,30.901712245570252,23.50973150528239,1.0,0.09828775442974802,2.1115779915637356,0,5.55674,0.18522
373.78149914741516,31.0,30.90421146961262,23.50777570604805,1.0,0.09578853038738089,2.11397270482342,0,5.55674,0.18522
373.81612849235535,31.0,30.90421146961262,23.507385730353064,1.0,0.09578853038738089,2.1163674180831045,0,5.55674,0.18522
373.8639349937439,31.0,30.907129952546768,23.506212853715112,1.0,0.09287004745323202,2.118689169269435,0,5.55674,0.18522
373.90999150276184,31.0,30.90754598654678,23.506212853715112,1.0,0.0924540134532208,2.1210005196057655,0,5.55674,0.18522
373.9375648498535,31.0,30.910048538086926,23.505432909517197,1.0,0.08995146191307413,2.123249306153592,0,5.55674,0.18522
373.96974205970764,31.0,30.911715897054535,23.50387007638784,1.0,0.08828410294546529,2.1254564087272287,0,5.55674,0.18522
374.02637457847595,31.0,30.914634643873626,23.50191433727815,1.0,0.08536535612637408,2.1275905426303883,0,5.55674,0.18522
374.074520111084,31.0,30.916302094995558,23.502697221373182,1.0,0.08369790500444196,2.1296829902554992,0,5.55674,0.18522
374.1086926460266,31.0,30.917969579632256,23.501524373568998,1.0,0.08203042036774377,2.1317337507646927,0,5.55674,0.18522
374.1452238559723,31.0,30.920056346757974,23.500351532973525,1.0,0.0799436532420259,2.1337323420957435,0,5.55674,0.18522
374.1960108280182,31.0,30.926310658213595,23.499178699585116,1.0,0.0736893417864053,2.1355745756404034,0,5.55674,0.18522
374.2354712486267,31.0,30.92589137762252,23.49878874146532,1.0,0.07410862237748006,2.1374272911998404,0,5.55674,0.18522
374.2689778804779,31.0,30.929226766100612,23.49878874146532,1.0,0.07077323389938783,2.1391966220473253,0,5.55674,0.18522
374.31084060668945,31.0,30.931313816568945,23.496836008617663,1.0,0.06868618343105481,2.1409137766331017,0,5.55674,0.18522
374.3477165699005,31.0,30.93339776683365,23.496836008617663,1.0,0.06660223316634983,2.1425788324622603,0,5.55674,0.18522
374.3962571620941,31.0,30.935484922351975,23.49605314855961,1.0,0.064515077648025,2.144191709403461,0,5.55674,0.18522
374.42947363853455,31.0,30.94006928234745,23.49605314855961,1.0,0.05993071765254854,2.145689977344775,0,5.55674,0.18522
374.4631061553955,31.0,30.93965308513657,23.49449039222702,1.0,0.060346914863430356,2.1471986502163607,0,5.55674,0.18522
374.50114369392395,31.0,30.9446570492932,23.494880341570592,1.0,0.05534295070680173,2.1485822239840306,0,5.55674,0.18522
374.5377824306488,31.0,30.94632825780161,23.49449039222702,1.0,0.05367174219838944,2.14992401753899,0,5.55674,0.18522
374.59434843063354,31.0,30.94924507045596,23.493710495927303,1.0,0.05075492954404126,2.1511928907775912,0,5.55674,0.18522
374.62381410598755,31.0,30.95258455298682,23.493317594830444,1.0,0.047415447013179346,2.1523782769529207,0,5.55674,0.18522
374.65987181663513,31.0,30.95425276800961,23.491754860868696,1.0,0.04574723199038999,2.1535219577526803,0,5.55674,0.18522
374.6931686401367,31.0,30.958421875869305,23.491754860868696,1.0,0.041578124130694505,2.1545614108559477,0,5.55674,0.18522
374.72873306274414,31.0,30.960090208602765,23.491364917902047,1.0,0.039909791397235495,2.1555591556408786,0,5.55674,0.18522
374.77647137641907,31.0,30.965931215218973,23.49058503435458,0.9740175924113927,0.03406878478102726,2.1564108752604043,0,5.55674,0.18522
374.8064069747925,31.0,30.966347544618202,23.490974975730694,0.9718399786263883,0.03365245538179806,2.1572521866449494,0,5.55674,0.18522
374.843364238739,31.0,30.969687717732654,23.49019213968137,0.9534600321338202,0.030312282267345836,2.1580099937016333,0,5.55674,0.18522
374.87749457359314,31.0,30.973024871559403,23.489802199901646,0.935061251482685,0.026975128440597018,2.1586843719126483,0,5.55674,0.18522
374.9101848602295,31.0,30.975109872549638,23.488629431264485,0.9236508696546264,0.024890127450362343,2.1593066250989073,0,5.55674,0.18522
374.96450638771057,31.0,30.980535537777428,23.489019368653146,0.8935719817998911,0.019464462222572365,2.1597932366544716,0,5.55674,0.18522
375.0109283924103,31.0,30.98387312983391,23.487849558871744,0.8751605470134712,0.016126870166090157,2.160196408408624,0,5.55674,0.18522
375.04824447631836,31.0,30.985958404683572,23.487456669817448,0.8636583949467916,0.014041595316427902,2.1605474482915343,0,5.55674,0.18522
375.0860035419464,31.0,30.991384782776095,23.486286869590856,0.8336053360432745,0.008615217223905347,2.160762828722132,0,5.55674,0.18522
375.1229999065399,31.0,30.992217700297203,23.486286869590856,0.8290130658758021,0.007782299702796536,2.160957386214702,0,5.55674,0.18522
375.1734228134155,31.0,30.996808362493766,23.485114122501045,0.8035789002328464,0.0031916375062337465,2.1610371771523575,0,5.55674,0.18522
375.20642161369324,31.0,30.997644489978768,23.483941382596242,0.7990038357460401,0.0023555100212320212,2.1610960649028885,0,5.55674,0.18522
375.24545645713806,31.0,31.003484997950522,23.482768649874856,0.7665936851925426,-0.0034849979505224837,2.1610089399541255,0,5.55674,0.18522
375.2975890636444,31.0,31.007659747426032,23.481206002068802,0.7434403962328264,-0.007659747426032482,2.160817446268475,0,5.55674,0.18522
375.3279564380646,31.0,31.01016532972875,23.480033286096045,0.7295306264058506,-0.010165329728749839,2.160563313025256,0,5.55674,0.18522
375.3642292022705,31.0,31.01350412074021,23.478860577301077,0.7109754717786059,-0.013504120740208236,2.160225710006751,0,5.55674,0.18522
375.42003178596497,31.0,31.017679377742297,23.478860577301077,0.6876927898261823,-0.01767937774229722,2.1597837255631935,0,5.55674,0.18522
375.4597752094269,31.0,31.020182108655717,23.477297961368095,0.6737724868621435,-0.020182108655717457,2.1592791728468006,0,5.55674,0.18522
375.51316261291504,31.0,31.028113711706396,23.475345447829113,0.6296686306581922,-0.028113711706396316,2.1585763300541405,0,5.55674,0.18522
375.54642701148987,31.0,31.030203262354405,23.47417276771023,0.6179778530815753,-0.03020326235440507,2.1578212484952806,0,5.55674,0.18522
375.5901017189026,31.0,31.03437620956123,23.47417276771023,0.5946306913811465,-0.03437620956123055,2.1569618432562496,0,5.55674,0.18522
375.64163303375244,31.0,31.038135831108946,23.472220285986452,0.5736630426176943,-0.038135831108945695,2.156008447478526,0,5.55674,0.18522
375.6743474006653,31.0,31.04356248963552,23.472610189977388,0.5432867906728794,-0.04356248963551934,2.1549193852376383,0,5.55674,0.18522
375.7260434627533,31.0,31.046485899125116,23.47104762496997,0.526907083922781,-0.04648589912511625,2.1537572377595104,0,5.55674,0.18522
375.76218605041504,31.0,31.051079587321112,23.47065772415374,0.5011646341201872,-0.051079587321112285,2.1524802480764826,0,5.55674,0.18522
375.8097982406616,31.0,31.055256751416607,23.46909517504139,0.47777752475422575,-0.05525675141660713,2.1510988292910675,0,5.55674,0.18522
375.8406012058258,31.0,31.05901417037552,23.468312428376635,0.4566654208627742,-0.05901417037551937,2.1496234750316794,0,5.55674,0.18522
375.8759717941284,31.0,31.062354944336278,23.46870232442967,0.437792869065997,-0.06235494433627764,2.1480646014232723,0,5.55674,0.18522
375.9112386703491,31.0,31.065279022483708,23.467139791230238,0.42132242356844335,-0.06527902248370765,2.1464326258611797,0,5.55674,0.18522
375.94604301452637,31.0,31.06904005795525,23.468312428376635,0.4000434712412666,-0.06904005795524881,2.1447066244122985,0,5.55674,0.18522
375.9802596569061,31.0,31.07112749120762,23.467139791230238,0.3881749576351365,-0.07112749120761919,2.1429284371321082,0,5.55674,0.18522
376.02803921699524,31.0,31.078230214726545,23.466749898349406,0.34836472950485037,-0.07823021472654546,2.1409726817639445,0,5.55674,0.18522
376.0608639717102,31.0,31.078647112222143,23.467139791230238,0.3456639582964565,-0.07864711222214282,2.1390065039583908,0,5.55674,0.18522
376.0971853733063,31.0,31.084076448084318,23.467139791230238,0.3151052345448205,-0.08407644808431769,2.1369045927562826,0,5.55674,0.18522
376.1360025405884,31.0,31.090343213972744,23.46753263864548,0.279843955251776,-0.09034321397274425,2.134646012406964,0,5.55674,0.18522
376.17837929725647,31.0,31.088672240145115,23.467139791230238,0.2887386819086117,-0.08867224014511521,2.132429206403336,0,5.55674,0.18522
376.21601152420044,31.0,31.096193470155413,23.467922533115257,0.24645957719265815,-0.0961934701554128,2.1300243696494507,0,5.55674,0.18522
376.2587876319885,31.0,31.099535758619766,23.467922533115257,0.22742644886096158,-0.0995357586197656,2.1275359756839567,0,5.55674,0.18522
376.291704416275,31.0,31.100789941743813,23.46987497111826,0.21989039510469344,-0.1007899417438125,2.125016227140361,0,5.55674,0.18522
376.325528383255,31.0,31.10580370692975,23.469485072683938,0.19156028653096185,-0.10580370692974839,2.1223711344671177,0,5.55674,0.18522
376.3588376045227,31.0,31.109566601925337,23.470267824129508,0.17010334754744438,-0.10956660192533718,2.1196319694189842,0,5.55674,0.18522
376.3924241065979,31.0,31.113326510235254,23.46909517504139,0.14874592294514716,-0.11332651023525386,2.1167988066631027,0,5.55674,0.18522
376.4288806915283,31.0,31.11666949814787,23.470267824129508,0.12956940347502205,-0.11666949814787131,2.113882069209406,0,5.55674,0.18522
376.47603368759155,31.0,31.121267119551476,23.472220285986452,0.10335991169745984,-0.12126711955147584,2.110850391220619,0,5.55674,0.18522
376.5064346790314,31.0,31.122938758673968,23.472220285986452,0.09350177979790486,-0.12293875867396764,2.10777692225377,0,5.55674,0.18522
376.53963255882263,31.0,31.125864999391865,23.4718303827878,0.07667860836640461,-0.12586499939186524,2.1046302972689737,0,5.55674,0.18522
376.5850853919983,31.0,31.1287913448312,23.47339295416947,0.05974112630752104,-0.1287913448311997,2.1014105136481938,0,5.55674,0.18522
376.6362373828888,31.0,31.13631626265959,23.47456267566946,0.0172358854639032,-0.13631626265959085,2.098002607081704,0,5.55674,0.18522
376.6698715686798,31.0,31.137571009762098,23.475345447829113,0.009586396730493718,-0.13757100976209813,2.0945633318376515,0,5.55674,0.18522
376.7060635089874,31.0,31.13966019063662,23.476518135119022,0.0,-0.1396601906366186,2.091071827071736,0,5.55674,0.18522
376.7457916736603,31.0,31.144676339265743,23.476128223183935,0.0,-0.14467633926574308,2.087454918590092,0,5.55674,0.18522
376.7808985710144,31.0,31.146348457273632,23.47690804784702,0.0,-0.146348457273632,2.0837962071582514,0,5.55674,0.18522
376.8152139186859,31.0,31.14969595708402,23.477690829581547,0.0,-0.1496959570840204,2.080053808231151,0,5.55674,0.18522
376.8510320186615,31.0,31.153040432965895,23.477297961368095,0.0,-0.15304043296589498,2.0762277974070034,0,5.55674,0.18522
376.8914475440979,31.0,31.15805740377067,23.478860577301077,0.0,-0.15805740377066968,2.0722763623127367,0,5.55674,0.18522
376.92961716651917,31.0,31.15805740377067,23.477297961368095,0.0,-0.15805740377066968,2.06832492721847,0,5.55674,0.18522
376.96503233909607,31.0,31.161819543939544,23.478080744694864,0.0,-0.16181954393954356,2.0642794386199816,0,5.55674,0.18522
377.0037124156952,31.0,31.164747178099788,23.477690829581547,0.0,-0.16474717809978756,2.060160759167487,0,5.55674,0.18522
377.0607342720032,31.0,31.169347506731015,23.477297961368095,0.0,-0.16934750673101462,2.0559270714992115,0,5.55674,0.18522
377.1040303707123,31.0,31.172692788422296,23.477690829581547,0.0,-0.17269278842229596,2.051609751788654,0,5.55674,0.18522
377.1537697315216,31.0,31.17520342081832,23.47690804784702,0.0,-0.1752034208183204,2.047229666268196,0,5.55674,0.18522
377.1861340999603,31.0,31.17729356547477,23.47690804784702,0.0,-0.17729356547476982,2.0427973271313267,0,5.55674,0.18522
377.22172689437866,31.0,31.178131535649584,23.476128223183935,0.0,-0.17813153564958384,2.038344038740087,0,5.55674,0.18522
377.27204990386963,31.0,31.182732619809997,23.476518135119022,0.0,-0.18273261980999678,2.0337757232448372,0,5.55674,0.18522
377.30568766593933,31.0,31.184405518266203,23.476128223183935,0.0,-0.18440551826620322,2.0291655852881822,0,5.55674,0.18522
377.34213948249817,31.0,31.186916511635673,23.475345447829113,0.0,-0.18691651163567258,2.0244926724972903,0,5.55674,0.18522
377.3755536079407,31.0,31.18816887479801,23.476128223183935,0.0,-0.18816887479800926,2.01978845062734,0,5.55674,0.18522
377.4107894897461,31.0,31.186916511635673,23.476518135119022,0.0,-0.18691651163567258,2.015115537836448,0,5.55674,0.18522
377.44560527801514,31.0,31.192353045961795,23.47573535817247,0.0,-0.19235304596179503,2.010306711687403,0,5.55674,0.18522
377.4802956581116,31.0,31.19360865552534,23.47690804784702,0.0,-0.19360865552533824,2.00546649529927,0,5.55674,0.18522
377.5266237258911,31.0,31.194026142089058,23.477690829581547,0.0,-0.19402614208905788,2.0006158417470434,0,5.55674,0.18522
377.5586516857147,31.0,31.197372437526894,23.477297961368095,0.0,-0.19737243752689437,1.9956815308088711,0,5.55674,0.18522
377.59755396842957,31.0,31.196537432209198,23.477690829581547,0.0,-0.1965374322091975,1.9907680950036413,0,5.55674,0.18522
377.6318850517273,31.0,31.200301349676806,23.478080744694864,0.0,-0.20030134967680624,1.985760561261721,0,5.55674,0.18522
377.66849994659424,31.0,31.199466314302015,23.4792534487176,0.0,-0.19946631430201478,1.9807739034041707,0,5.55674,0.18522
377.704598903656,31.0,31.20155708188696,23.480426159917045,0.0,-0.20155708188696053,1.9757349763569967,0,5.55674,0.18522
377.7566945552826,31.0,31.203647903207127,23.48081608059607,0.0,-0.203647903207127,1.9706437787768185,0,5.55674,0.18522
377.7960388660431,31.0,31.202812833480834,23.48081608059607,0.0,-0.20281283348083434,1.9655734579397977,0,5.55674,0.18522
377.8360149860382,31.0,31.205741941513566,23.48159592433518,0.0,-0.2057419415135655,1.9604299094019586,0,5.55674,0.18522
377.87624645233154,31.0,31.205321231604557,23.482378725220997,0.0,-0.2053212316045574,1.9552968786118448,0,5.55674,0.18522
377.9161431789398,31.0,31.206577041314347,23.481988801360956,0.0,-0.20657704131434684,1.950132452578986,0,5.55674,0.18522
377.9530770778656,31.0,31.208250429981604,23.483551455554277,0.0,-0.2082504299816037,1.944926191829446,0,5.55674,0.18522
378.00598192214966,31.0,31.208250429981604,23.483158575322705,0.0,-0.2082504299816037,1.939719931079906,0,5.55674,0.18522
378.03928661346436,31.0,31.205741941513566,23.48433131043231,0.0,-0.2057419415135655,1.934576382542067,0,5.55674,0.18522
378.07866740226746,31.0,31.205741941513566,23.48472123906265,0.0,-0.2057419415135655,1.929432834004228,0,5.55674,0.18522
378.11600708961487,31.0,31.205741941513566,23.48472123906265,0.0,-0.2057419415135655,1.9242892854663889,0,5.55674,0.18522
378.1724202632904,31.0,31.20615949034203,23.485114122501045,0.0,-0.2061594903420314,1.919135298207838,0,5.55674,0.18522
378.2065029144287,31.0,31.20741531299643,23.48667680220518,0.0,-0.20741531299643157,1.9139499153829271,0,5.55674,0.18522
378.25599431991577,31.0,31.20615949034203,23.487456669817448,0.0,-0.2061594903420314,1.9087959281243763,0,5.55674,0.18522
378.29888892173767,31.0,31.206994594430626,23.487849558871744,0.0,-0.2069945944306255,1.9036210632636106,0,5.55674,0.18522
378.334450006485,31.0,31.20783287041695,23.488239494670665,0.0,-0.20783287041695075,1.8984252415031868,0,5.55674,0.18522
378.3833875656128,31.0,31.20615949034203,23.489802199901646,0.0,-0.2061594903420314,1.893271254244636,0,5.55674,0.18522
378.4161524772644,31.0,31.20615949034203,23.491364917902047,0.0,-0.2061594903420314,1.888117266986085,0,5.55674,0.18522
378.4516775608063,31.0,31.205321231604557,23.490974975730694,0.0,-0.2053212316045574,1.8829842361959712,0,5.55674,0.18522
378.49290680885315,31.0,31.20239530183244,23.493317594830444,0.0,-0.20239530183243915,1.8779243536501602,0,5.55674,0.18522
378.5419931411743,31.0,31.20155708188696,23.49449039222702,0.0,-0.20155708188696053,1.8728854266029862,0,5.55674,0.18522
378.59046745300293,31.0,31.200301349676806,23.495273245880753,0.0,-0.20030134967680624,1.867877892861066,0,5.55674,0.18522
378.6309714317322,31.0,31.199883830918168,23.496446055282036,0.0,-0.19988383091816786,1.8628807970881118,0,5.55674,0.18522
378.66609954833984,31.0,31.198628124533286,23.498008827615138,0.0,-0.19862812453328615,1.8579150939747797,0,5.55674,0.18522
378.7155268192291,31.0,31.197372437526894,23.49878874146532,0.0,-0.19737243752689437,1.8529807830366074,0,5.55674,0.18522
378.7662546634674,31.0,31.194026142089058,23.50074444854141,0.0,-0.19402614208905788,1.848130129484381,0,5.55674,0.18522
378.7992539405823,31.0,31.195281777462867,23.501524373568998,0.0,-0.195281777462867,1.8432480850478095,0,5.55674,0.18522
378.84611439704895,31.0,31.191518092137585,23.503477154383177,0.0,-0.19151809213758497,1.83846013274437,0,5.55674,0.18522
378.89596581459045,31.0,31.189841884934253,23.504260044892078,0.0,-0.18984188493425336,1.8337140856210137,0,5.55674,0.18522
378.9264626502991,31.0,31.18816887479801,23.506212853715112,0.0,-0.18816887479800926,1.8290098637510634,0,5.55674,0.18522
378.9763398170471,31.0,31.186916511635673,23.507385730353064,0.0,-0.18691651163567258,1.8243369509601717,0,5.55674,0.18522
379.0275158882141,31.0,31.182732619809997,23.508168636911307,0.0,-0.18273261980999678,1.8197686354649218,0,5.55674,0.18522
379.0583264827728,31.0,31.181894602309058,23.509338571196395,0.0,-0.18189460230905752,1.8152212704071955,0,5.55674,0.18522
379.09849643707275,31.0,31.181894602309058,23.509338571196395,0.0,-0.18189460230905752,1.8106739053494691,0,5.55674,0.18522
379.13807821273804,31.0,31.178966352242128,23.510511467071865,0.0,-0.17896635224212787,1.8061997465434159,0,5.55674,0.18522
379.1901307106018,31.0,31.176876164678447,23.512074354662957,0.0,-0.1768761646784469,1.8017778424264548,0,5.55674,0.18522
379.2234902381897,31.0,31.172692788422296,23.512467294392536,0.0,-0.17269278842229596,1.7974605227158973,0,5.55674,0.18522
379.2628183364868,31.0,31.171440663131705,23.512857280489754,0.0,-0.1714406631317047,1.7931745061376048,0,5.55674,0.18522
379.29819774627686,31.0,31.168092271041075,23.512467294392536,0.0,-0.1680922710410755,1.788972199361578,0,5.55674,0.18522
379.3470182418823,31.0,31.166002362296865,23.513637255080482,0.0,-0.16600236229686516,1.7848221403041562,0,5.55674,0.18522
379.3837993144989,31.0,31.164747178099788,23.51324726738568,0.0,-0.16474717809978756,1.7807034608516614,0,5.55674,0.18522
379.4388349056244,31.0,31.15931248502983,23.51403019803547,0.0,-0.15931248502982953,1.7767206487259157,0,5.55674,0.18522
379.4761679172516,31.0,31.155967752111962,23.51520016832842,0.0,-0.15596775211196245,1.7728214549231167,0,5.55674,0.18522
379.5315225124359,31.0,31.153040432965895,23.512857280489754,0.0,-0.15304043296589498,1.7689954440989692,0,5.55674,0.18522
379.565625667572,31.0,31.150530482659406,23.51324726738568,0.0,-0.1505304826594056,1.765232182032484,0,5.55674,0.18522
379.6160306930542,31.0,31.150113218805302,23.512467294392536,0.0,-0.15011321880530204,1.7614793515623515,0,5.55674,0.18522
379.65608859062195,31.0,31.14509673622348,23.512074354662957,0.0,-0.14509673622347918,1.7578519331567646,0,5.55674,0.18522
379.69959807395935,31.0,31.142169806831816,23.51168437016912,0.0,-0.14216980683181646,1.754297687985969,0,5.55674,0.18522
379.74770188331604,31.0,31.137571009762098,23.51129438647382,0.0,-0.13757100976209813,1.7508584127419167,0,5.55674,0.18522
379.7812213897705,31.0,31.13547872179015,23.51129438647382,0.0,-0.1354787217901503,1.7474714446971629,0,5.55674,0.18522
379.82387685775757,31.0,31.13004597641344,23.510511467071865,0.0,-0.13004597641344162,1.7442202952868269,0,5.55674,0.18522
379.8764727115631,31.0,31.127119586068602,23.50973150528239,0.00041878402485423516,-0.12711958606860208,1.7410423056351119,0,5.55674,0.18522
379.9160327911377,31.0,31.12419330045742,23.508558614208255,0.016164494375461858,-0.12419330045742072,1.7379374731236763,0,5.55674,0.18522
379.95815563201904,31.0,31.12043289276812,23.508558614208255,0.036502437688934186,-0.12043289276812175,1.7349266508044732,0,5.55674,0.18522
379.9932150840759,31.0,31.118341043322232,23.508558614208255,0.04757832297778375,-0.11834104332223205,1.7319681247214174,0,5.55674,0.18522
380.0281648635864,31.0,31.111655067486367,23.508558614208255,0.08421353355397043,-0.11165506748636744,1.7291767480342581,0,5.55674,0.18522
380.0625138282776,31.0,31.109566601925337,23.508168636911307,0.09533125462217057,-0.10956660192533718,1.7264375829861247,0,5.55674,0.18522
380.09603929519653,31.0,31.107057986046073,23.506995755456046,0.10883542744650054,-0.10705798604607253,1.723761133334973,0,5.55674,0.18522
380.1408190727234,31.0,31.104132417762173,23.508558614208255,0.12452967686734029,-0.10413241776217319,1.7211578228909186,0,5.55674,0.18522
380.19084072113037,31.0,31.100789941743813,23.507385730353064,0.14269641798326865,-0.1007899417438125,1.7186380743473233,0,5.55674,0.18522
380.2246193885803,31.0,31.09828159469714,23.509338571196395,0.1560793603597581,-0.09828159469714137,1.7161810344798947,0,5.55674,0.18522
380.2745261192322,31.0,31.09076333184362,23.509338571196395,0.19743611268034206,-0.09076333184361829,1.7139119511838041,0,5.55674,0.18522
380.31196331977844,31.0,31.08825529168314,23.50973150528239,0.21094381282871638,-0.08825529168314006,1.7117055688917255,0,5.55674,0.18522
380.35042428970337,31.0,31.084496533844117,23.510121485777972,0.23141898240223102,-0.08449653384411704,1.7095931555456225,0,5.55674,0.18522
380.4063866138458,31.0,31.079064011836294,23.510904403577058,0.26119981860633057,-0.07906401183629441,1.7076165552497151,0,5.55674,0.18522
380.4412202835083,31.0,31.07530567518478,23.512074354662957,0.28167518700701166,-0.07530567518477937,1.7057339133700957,0,5.55674,0.18522
380.4820513725281,31.0,31.07112749120762,23.512467294392536,0.30454275209783405,-0.07112749120761919,1.7039557260899052,0,5.55674,0.18522
380.5163130760193,31.0,31.06945690876529,23.51168437016912,0.3135442947228504,-0.06945690876528943,1.7022193033707729,0,5.55674,0.18522
380.55174231529236,31.0,31.06486219288547,23.512467294392536,0.33873542129625445,-0.0648621928854709,1.700597748548636,0,5.55674,0.18522
380.58862113952637,31.0,31.059850929926938,23.51324726738568,0.36626454775975775,-0.05985092992693808,1.6991014753004627,0,5.55674,0.18522
380.63196992874146,31.0,31.056510257799857,23.51168437016912,0.38464631314458064,-0.0565102577998573,1.6976887188554663,0,5.55674,0.18522
380.6694791316986,31.0,31.054003264155938,23.51168437016912,0.3983269628908197,-0.054003264155937813,1.6963386372515679,0,5.55674,0.18522
380.70518016815186,31.0,31.051079587321112,23.51168437016912,0.4143365508768777,-0.051079587321112285,1.69506164756854,0,5.55674,0.18522
380.7561767101288,31.0,31.04356248963552,23.510904403577058,0.4559454109713009,-0.04356248963551934,1.6939725853276522,0,5.55674,0.18522
380.7913889884949,31.0,31.042729052837103,23.510904403577058,0.4603787456873699,-0.042729052837103154,1.6929043590067245,0,5.55674,0.18522
380.82896995544434,31.0,31.037715982397685,23.50973150528239,0.48812061035618154,-0.037715982397685366,1.6919614594467824,0,5.55674,0.18522
380.86338472366333,31.0,31.033542865827542,23.508948592303284,0.5111943838694818,-0.033542865827541846,1.691122887801094,0,5.55674,0.18522
380.92249631881714,31.0,31.031036572271944,23.508558614208255,0.5249974998114744,-0.031036572271943896,1.6903469734942953,0,5.55674,0.18522
380.9711594581604,31.0,31.025190954914592,23.50777570604805,0.5574035986253187,-0.025190954914592112,1.6897171996214304,0,5.55674,0.18522
381.00794863700867,31.0,31.02226830186828,23.50777570604805,0.5735409083420815,-0.022268301868280105,1.6891604920747234,0,5.55674,0.18522
381.0432894229889,31.0,31.01600672481777,23.506212853715112,0.6083409322576834,-0.0160067248177711,1.6887603239542792,0,5.55674,0.18522
381.0787398815155,31.0,31.015173566974568,23.506212853715112,0.6129003125694501,-0.01517356697456762,1.688380984779915,0,5.55674,0.18522
381.1080529689789,31.0,31.010581882281087,23.50582288121734,0.6383861200177747,-0.010581882281087474,1.6881164377228877,0,5.55674,0.18522
381.1628894805908,31.0,31.00640698483261,23.505039984292637,0.6615954412821787,-0.006406984832608487,1.6879562631020724,0,5.55674,0.18522
381.1964023113251,31.0,31.003484997950522,23.504260044892078,0.6778560428004186,-0.0034849979505224837,1.6878691381533093,0,5.55674,0.18522
381.23215103149414,31.0,31.001399280150224,23.504650014193658,0.6894193462767264,-0.0013992801502240582,1.6878341561495538,0,5.55674,0.18522
381.2657697200775,31.0,30.99639187951209,23.504260044892078,0.7172808857871834,0.0036081204879110373,1.6879243591617517,0,5.55674,0.18522
381.3015549182892,31.0,30.993886715630083,23.503087187479593,0.7312899150943317,0.0061132843699169825,1.6880771912709995,0,5.55674,0.18522
381.3364734649658,31.0,30.990132267328477,23.502697221373182,0.7522181092085831,0.0098677326715233,1.6883238845877877,0,5.55674,0.18522
381.3696343898773,31.0,30.989296215957836,23.502697221373182,0.7569133931738844,0.010703784042163988,1.688591479188842,0,5.55674,0.18522
381.40734124183655,31.0,30.982204316944603,23.503087187479593,0.7963836264844151,0.017795683055396694,1.6890363712652268,0,5.55674,0.18522
381.44211602211,31.0,30.980115982346035,23.503087187479593,0.8080800318254089,0.019884017653964747,1.689533471706576,0,5.55674,0.18522
381.4788296222687,31.0,30.97636216015917,23.502697221373182,0.8290685092640846,0.023637839840830566,1.6901244177025967,0,5.55674,0.18522
381.5132203102112,31.0,30.97385760392018,23.501524373568998,0.8431669063657623,0.02614239607981972,1.6907779776045921,0,5.55674,0.18522
381.54606008529663,31.0,30.969687717732654,23.501134410656732,0.8664982491212369,0.030312282267345836,1.6915357846612757,0,5.55674,0.18522
381.58353757858276,31.0,30.966767030148503,23.499961572457778,0.8829418123228502,0.03323296985149682,1.692366608907563,0,5.55674,0.18522
381.6316223144531,31.0,30.963430128939535,23.499961572457778,0.9016534415347159,0.03656987106046472,1.6932808556840746,0,5.55674,0.18522
381.66681241989136,31.0,30.95925761490389,23.499178699585116,0.9250678427170718,0.0407423850961095,1.6942994153114774,0,5.55674,0.18522
381.7019610404968,31.0,30.958841321197212,23.498008827615138,0.9276316880869213,0.04115867880278756,1.695328382281547,0,5.55674,0.18522
381.7327332496643,31.0,30.954669038627173,23.49878874146532,0.9509858664486577,0.04533096137282655,1.6964616563158676,0,5.55674,0.18522
381.7744462490082,31.0,30.953833345944872,23.49839878414201,0.9558633761677116,0.046166654055127765,1.6976158226672458,0,5.55674,0.18522
381.8161401748657,31.0,30.94882882711994,23.498008827615138,0.9839291422501275,0.05117117288006057,1.6988951019892473,0,5.55674,0.18522
381.85373187065125,31.0,30.946744488564207,23.49605314855961,0.9958582120134207,0.053255511435793323,1.7002264897751422,0,5.55674,0.18522
381.89239406585693,31.0,30.94257281575989,23.49605314855961,1.0,0.05742718424011173,1.7016621693811451,0,5.55674,0.18522
381.948194026947,31.0,30.937568977528485,23.494880341570592,1.0,0.06243102247151455,1.703222944942933,0,5.55674,0.18522
381.981392621994,31.0,30.93339776683365,23.494100443679258,1.0,0.06660223316634983,1.7048880007720917,0,5.55674,0.18522
382.015661239624,31.0,30.931729971889524,23.49292764867579,1.0,0.06827002811047578,1.7065947514748536,0,5.55674,0.18522
382.04825162887573,31.0,30.92714292070667,23.49214775875322,1.0,0.0728570792933283,1.7084161784571867,0,5.55674,0.18522
382.0817217826843,31.0,30.92589137762252,23.491364917902047,1.0,0.07410862237748006,1.7102688940166237,0,5.55674,0.18522
382.1331515312195,31.0,30.9242237337034,23.489412260916993,1.0,0.07577626629660017,1.7121633006740387,0,5.55674,0.18522
382.182245016098,31.0,30.917969579632256,23.489412260916993,1.0,0.08203042036774377,1.7142140611832322,0,5.55674,0.18522
382.2248795032501,31.0,30.916302094995558,23.488629431264485,1.0,0.08369790500444196,1.7163065088083431,0,5.55674,0.18522
382.26914143562317,31.0,30.914218574337724,23.488239494670665,1.0,0.08578142566227598,1.7184510444499,0,5.55674,0.18522
382.2998309135437,31.0,30.91046458671559,23.487066735614007,1.0,0.08953541328440906,1.7206894297820101,0,5.55674,0.18522
382.33188819885254,31.0,30.90963249154379,23.487066735614007,1.0,0.090367508456211,1.7229486174934154,0,5.55674,0.18522
382.3820469379425,31.0,30.9046306406579,23.48472123906265,1.0,0.09536935934210078,1.725332851476968,0,5.55674,0.18522
382.40878653526306,31.0,30.902963423992333,23.485114122501045,1.0,0.09703657600766746,1.7277587658771596,0,5.55674,0.18522
382.4558742046356,31.0,30.902963423992333,23.483158575322705,1.0,0.09703657600766746,1.7301846802773513,0,5.55674,0.18522
382.5025477409363,31.0,30.901293089256285,23.48159592433518,1.0,0.09870691074371507,1.7326523530459441,0,5.55674,0.18522
382.5415358543396,31.0,30.89629174065243,23.481206002068802,1.0,0.10370825934757022,1.7352450595296334,0,5.55674,0.18522
382.57853078842163,31.0,30.8958757630283,23.480426159917045,1.0,0.1041242369716997,1.737848165453926,0,5.55674,0.18522
382.61009216308594,31.0,30.893792754888693,23.478470660601317,1.0,0.10620724511130675,1.7405033465817086,0,5.55674,0.18522
382.6499354839325,31.0,30.890874740526215,23.477690829581547,1.0,0.10912525947378526,1.7432314780685532,0,5.55674,0.18522
382.68285751342773,31.0,30.891290693115252,23.477297961368095,1.0,0.108709306884748,1.7459492107406718,0,5.55674,0.18522
382.7334625720978,31.0,30.888372766600014,23.47456267566946,1.0,0.11162723339998593,1.7487398915756713,0,5.55674,0.18522
382.7653486728668,31.0,30.887121807877577,23.47417276771023,1.0,0.11287819212242312,1.751561846378732,0,5.55674,0.18522
382.7998683452606,31.0,30.885870867979293,23.472220285986452,1.0,0.1141291320207074,1.7544150746792495,0,5.55674,0.18522
382.8391671180725,31.0,30.885454942510194,23.47104762496997,1.0,0.11454505748980637,1.7572787011164948,0,5.55674,0.18522
383.0129442214966,31.0,30.8804545468941,23.467922533115257,1.0,0.11954545310589992,1.7602673374441422,0,5.55674,0.18522
383.0662853717804,31.0,30.8804545468941,23.466360006260004,1.0,0.11954545310589992,1.7632559737717897,0,5.55674,0.18522
383.09773540496826,31.0,30.8804545468941,23.46597011496192,1.0,0.11954545310589992,1.7662446100994371,0,5.55674,0.18522
383.13047885894775,31.0,30.879619601494653,23.465187381032592,1.0,0.12038039850534688,1.7692541200620708,0,5.55674,0.18522
383.1634929180145,31.0,30.879203707290912,23.46362487642216,1.0,0.12079629270908754,1.7722740273797981,0,5.55674,0.18522
383.19837975502014,31.0,30.87837192512177,23.46284215204514,1.0,0.12162807487823102,1.775314729251754,0,5.55674,0.18522
383.2435657978058,31.0,30.877121116836065,23.46167250193463,1.0,0.12287888316393492,1.7783867013308523,0,5.55674,0.18522
383.27617955207825,31.0,30.877121116836065,23.46049990530446,1.0,0.12287888316393492,1.7814586734099507,0,5.55674,0.18522
383.31572246551514,31.0,30.87503542796827,23.458154733491313,1.0,0.12496457203172895,1.7845827877107439,0,5.55674,0.18522
383.36940741539,31.0,30.878787815166618,23.458154733491313,1.0,0.12121218483338225,1.7876130923315785,0,5.55674,0.18522
383.4094514846802,31.0,30.875454451897156,23.456202414529173,1.0,0.12454554810284435,1.7907267310341497,0,5.55674,0.18522
383.4462342262268,31.0,30.879203707290912,23.455419720355394,1.0,0.12079629270908754,1.793746638351877,0,5.55674,0.18522
383.4813160896301,31.0,30.878787815166618,23.454639982908873,1.0,0.12121218483338225,1.7967769429727116,0,5.55674,0.18522
383.5232615470886,31.0,30.879619601494653,23.45307756396801,1.0,0.12038039850534688,1.7997864529353453,0,5.55674,0.18522
383.57615184783936,31.0,30.880870447352606,23.451905019705066,1.0,0.11912955264739367,1.80276469175153,0,5.55674,0.18522
383.6105492115021,31.0,30.879203707290912,23.45034262294945,1.0,0.12079629270908754,1.8057845990692574,0,5.55674,0.18522
383.6541738510132,31.0,30.8804545468941,23.449559952589027,1.0,0.11954545310589992,1.8087732353969048,0,5.55674,0.18522
383.689501285553,31.0,30.882537220817767,23.44917009533134,1.0,0.11746277918223313,1.8117098048764606,0,5.55674,0.18522
383.7244613170624,31.0,30.882537220817767,23.44799757484651,1.0,0.11746277918223313,1.8146463743560164,0,5.55674,0.18522
383.76794815063477,31.0,30.882121312023685,23.446435209766435,1.0,0.11787868797631518,1.8175933415554242,0,5.55674,0.18522
383.7982153892517,31.0,30.882537220817767,23.44604535882769,1.0,0.11746277918223313,1.82052991103498,0,5.55674,0.18522
383.8509738445282,31.0,30.884623097814085,23.445655508677135,1.0,0.11537690218591479,1.8234143335896278,0,5.55674,0.18522
383.88365483283997,31.0,30.88628994650344,23.445262705913308,1.0,0.11371005349656116,1.8262570849270419,0,5.55674,0.18522
383.9235780239105,31.0,30.887121807877577,23.445655508677135,1.0,0.11287819212242312,1.8290790397301024,0,5.55674,0.18522
383.9720952510834,31.0,30.88754089270782,23.445655508677135,1.0,0.11245910729218167,1.831890517412407,0,5.55674,0.18522
384.01519107818604,31.0,30.88962374414882,23.44604535882769,1.0,0.11037625585117894,1.8346499238086864,0,5.55674,0.18522
384.051171541214,31.0,30.890874740526215,23.445655508677135,1.0,0.10912525947378526,1.837378055295531,0,5.55674,0.18522
384.0778806209564,31.0,30.893373638532807,23.445655508677135,1.0,0.10662636146719251,1.8400437143322108,0,5.55674,0.18522
384.12080550193787,31.0,30.893373638532807,23.445655508677135,1.0,0.10662636146719251,1.8427093733688906,0,5.55674,0.18522
384.1691675186157,31.0,30.89754283742309,23.445655508677135,1.0,0.10245716257691129,1.8452708024333133,0,5.55674,0.18522
384.1987986564636,31.0,30.89754283742309,23.446825061493257,1.0,0.10245716257691129,1.847832231497736,0,5.55674,0.18522
384.232976436615,31.0,30.89837796288242,23.44721786743952,1.0,0.10162203711757911,1.8503727824256755,0,5.55674,0.18522
384.26715421676636,31.0,30.900461085998074,23.446825061493257,1.0,0.0995389140019256,1.8528612552757235,0,5.55674,0.18522
384.30120968818665,31.0,30.901712245570252,23.446825061493257,1.0,0.09828775442974802,1.8553184491364672,0,5.55674,0.18522
384.33335733413696,31.0,30.902963423992333,23.447607720748863,1.0,0.09703657600766746,1.8577443635366588,0,5.55674,0.18522
384.3667206764221,31.0,30.903379437114893,23.448387429732634,1.0,0.09662056288510712,1.8601598776087864,0,5.55674,0.18522
384.3995316028595,31.0,30.905878711338744,23.448780238862298,1.0,0.09412128866125613,1.862512909825318,0,5.55674,0.18522
384.4335412979126,31.0,30.90879725288562,23.448780238862298,1.0,0.09120274711438014,1.8647929785031774,0,5.55674,0.18522
384.48283672332764,31.0,30.91129984215297,23.44917009533134,1.0,0.088700157847029,1.8670104824493532,0,5.55674,0.18522
384.5175278186798,31.0,30.91338328952247,23.449559952589027,1.0,0.08661671047752861,1.8691759002112913,0,5.55674,0.18522
384.5502083301544,31.0,30.914634643873626,23.45034262294945,1.0,0.08536535612637408,1.8713100341144506,0,5.55674,0.18522
384.5824122428894,31.0,30.917553493370917,23.44995276410839,1.0,0.0824465066290827,1.8733711967801776,0,5.55674,0.18522
384.61608123779297,31.0,30.917969579632256,23.449559952589027,1.0,0.08203042036774377,1.875421957289371,0,5.55674,0.18522
384.66772294044495,31.0,30.922140014052786,23.44917009533134,1.0,0.07785998594721377,1.8773684569380515,0,5.55674,0.18522
384.701455116272,31.0,30.92339150051282,23.449559952589027,1.0,0.07660849948717896,1.879283669425231,0,5.55674,0.18522
384.7429711818695,31.0,30.92839448268586,23.449559952589027,1.0,0.07160551731413989,1.8810738073580846,0,5.55674,0.18522
384.7842893600464,31.0,30.929226766100612,23.44995276410839,1.0,0.07077323389938783,1.8828431382055693,0,5.55674,0.18522
384.83476209640503,31.0,30.933813932619785,23.44995276410839,1.0,0.06618606738021526,1.8844977898900745,0,5.55674,0.18522
384.8852767944336,31.0,30.93464942327347,23.451515157702545,1.0,0.06535057672653011,1.8861315543082378,0,5.55674,0.18522
384.9341139793396,31.0,30.938401353097902,23.451905019705066,1.0,0.06159864690209815,1.8876715204807901,0,5.55674,0.18522
384.97647619247437,31.0,30.94340839476439,23.451905019705066,1.0,0.05659160523561013,1.8890863106116804,0,5.55674,0.18522
385.02254462242126,31.0,30.94424082902475,23.453467429133013,1.0,0.05575917097525007,1.8904802898860618,0,5.55674,0.18522
385.0540487766266,31.0,30.948412585877122,23.45307756396801,1.0,0.05158741412287782,1.8917699752391337,0,5.55674,0.18522
385.1019856929779,31.0,30.94924507045596,23.45424716183095,1.0,0.05075492954404126,1.8930388484777347,0,5.55674,0.18522
385.13210010528564,31.0,30.95258455298682,23.455419720355394,1.0,0.047415447013179346,1.8942242346530642,0,5.55674,0.18522
385.1662492752075,31.0,30.95550158614509,23.455419720355394,0.9854204445084,0.04449841385491027,1.895336694999437,0,5.55674,0.18522
385.21234011650085,31.0,30.95925761490389,23.456592286022158,0.9646776644522288,0.0407423850961095,1.8963552546268398,0,5.55674,0.18522
385.247953414917,31.0,30.962178037238573,23.45776485883289,0.9485646086550471,0.03782196276142713,1.8973008036958756,0,5.55674,0.18522
385.2834007740021,31.0,30.965098562709898,23.45776485883289,0.9324976190528901,0.03490143729010242,1.8981733396281282,0,5.55674,0.18522
385.31873083114624,31.0,30.969268217380943,23.458154733491313,0.9094502318449209,0.030731782619056958,1.8989416341936045,0,5.55674,0.18522
385.35529041290283,31.0,30.972605354268467,23.459717193648828,0.8909533134502563,0.027394645731533274,1.8996265003368928,0,5.55674,0.18522
385.4064416885376,31.0,30.975109872549638,23.46011002589296,0.877131454692218,0.024890127450362343,1.9002487535231518,0,5.55674,0.18522
385.4404847621918,31.0,30.975945780308564,23.46049990530446,0.8725779116016898,0.024054219691436174,1.9008501090154377,0,5.55674,0.18522
385.47545099258423,31.0,30.979283186901,23.461279666498797,0.8540887318256725,0.020716813098999864,1.9013680293429127,0,5.55674,0.18522
385.5253875255585,31.0,30.984289549650043,23.46245226788426,0.8262822586660521,0.015710450349956773,1.9017607906016616,0,5.55674,0.18522
385.55875968933105,31.0,30.988463327918225,23.46245226788426,0.8031430785721885,0.011536672081774668,1.9020492074037059,0,5.55674,0.18522
385.59488797187805,31.0,30.988879770887536,23.46245226788426,0.8008805054878071,0.01112022911246413,1.9023272131315174,0,5.55674,0.18522
385.6500518321991,31.0,30.99555576472187,23.463234990673698,0.7637641623150435,0.004444235278128872,1.9024383190134706,0,5.55674,0.18522
385.6817808151245,31.0,30.997224847577968,23.46362487642216,0.7544823487889332,0.002775152422032079,1.9025076978240214,0,5.55674,0.18522
385.71650290489197,31.0,31.000982773988312,23.46284215204514,0.7336361383592351,-0.0009827739883121467,1.9024831284743136,0,5.55674,0.18522
385.7561573982239,31.0,31.003484997950522,23.46245226788426,0.7197357974146097,-0.0034849979505224837,1.9023960035255505,0,5.55674,0.18522
385.8040211200714,31.0,31.00849598494125,23.462062384514127,0.6918717091830775,-0.00849598494124848,1.9021836039020192,0,5.55674,0.18522
385.8366849422455,31.0,31.013087553417563,23.46245226788426,0.6662769507743167,-0.013087553417562958,1.9018564150665802,0,5.55674,0.18522
385.8760278224945,31.0,31.015173566974568,23.461279666498797,0.6546754188575391,-0.01517356697456762,1.901477075892216,0,5.55674,0.18522
385.9160587787628,31.0,31.01809596828133,23.46167250193463,0.6383324454958319,-0.018095968281329533,1.9010246766851826,0,5.55674,0.18522
385.95660376548767,31.0,31.021851690226413,23.461279666498797,0.6173818466263611,-0.021851690226412757,1.9004783844295223,0,5.55674,0.18522
385.9989712238312,31.0,31.026860638042763,23.460889785506424,0.5894440519084656,-0.02686063804276273,1.8998068684784533,0,5.55674,0.18522
386.0405216217041,31.0,31.03145323039456,23.45932731582394,0.5638587338622477,-0.03145323039456116,1.8990205377185891,0,5.55674,0.18522
386.0885534286499,31.0,31.035212718387697,23.458937438789235,0.5428251880112986,-0.03521271838769735,1.8981402197588968,0,5.55674,0.18522
386.12304854393005,31.0,31.03896922136505,23.45776485883289,0.5218309938357455,-0.038969221365050544,1.8971659892247705,0,5.55674,0.18522
386.17013335227966,31.0,31.04606916485426,23.45737498496436,0.4821851343737355,-0.04606916485425927,1.896014260103414,0,5.55674,0.18522
386.22260642051697,31.0,31.0481560144824,23.456982158304868,0.47038622243893585,-0.04815601448240159,1.894810359741354,0,5.55674,0.18522
386.2606029510498,31.0,31.050662829762302,23.455029851237384,0.4563220771475053,-0.05066282976230241,1.8935437889972964,0,5.55674,0.18522
386.3160333633423,31.0,31.056510257799857,23.45385729508729,0.4236279310622558,-0.0565102577998573,1.8921310325523,0,5.55674,0.18522
386.3702223300934,31.0,31.061938129579858,23.45385729508729,0.3931798543184376,-0.06193812957985756,1.8905825793128035,0,5.55674,0.18522
386.400687456131,31.0,31.063608559042166,23.45268474607724,0.38366333424595794,-0.06360855904216578,1.8889923653367493,0,5.55674,0.18522
386.43838596343994,31.0,31.068620051325297,23.45229488249663,0.3555180327311463,-0.06862005132529703,1.8872768640536168,0,5.55674,0.18522
386.4727942943573,31.0,31.074051881840887,23.45034262294945,0.32509203283511184,-0.07405188184088729,1.8854255670075946,0,5.55674,0.18522
386.52716517448425,31.0,31.076976376692755,23.44995276410839,0.3085049392187052,-0.07697637669275537,1.8835011575902756,0,5.55674,0.18522
386.563889503479,31.0,31.08240560196481,23.449559952589027,0.2779747213567092,-0.08240560196480828,1.8814410175411553,0,5.55674,0.18522
386.6043062210083,31.0,31.085747328247805,23.448780238862298,0.2590485700826086,-0.0857473282478054,1.8792973343349602,0,5.55674,0.18522
386.65620136260986,31.0,31.091180293062678,23.44721786743952,0.2285169495507003,-0.09118029306267772,1.8770178270083933,0,5.55674,0.18522
386.686181306839,31.0,31.09285131802011,23.446435209766435,0.2188417071848508,-0.09285131802010937,1.8746965440578904,0,5.55674,0.18522
386.72388982772827,31.0,31.097030609004264,23.446435209766435,0.19516917356656477,-0.09703060900426408,1.872270778832784,0,5.55674,0.18522
386.77566599845886,31.0,31.1024611627019,23.445262705913308,0.16457871145249658,-0.10246116270189987,1.8697092497652363,0,5.55674,0.18522
386.80798053741455,31.0,31.106223904090484,23.445262705913308,0.14317826608100342,-0.10622390409048421,1.8670536521629741,0,5.55674,0.18522
386.8452117443085,31.0,31.10872933493056,23.44448300956401,0.12879277207285922,-0.10872933493055825,1.86433541878971,0,5.55674,0.18522
386.8883328437805,31.0,31.114163824256366,23.444090209187834,0.09808624621274281,-0.11416382425636584,1.861481323183301,0,5.55674,0.18522
386.9300968647003,31.0,31.117506846376727,23.44370036298875,0.0789858283938964,-0.11750684637672748,1.8585436520238827,0,5.55674,0.18522
386.9759941101074,31.0,31.12210451484134,23.4433105175774,0.05289237750385711,-0.12210451484133955,1.8554910391528492,0,5.55674,0.18522
387.0309658050537,31.0,31.124610431963504,23.4433105175774,0.03839063898923545,-0.12461043196350374,1.8523757783537615,0,5.55674,0.18522
387.0660915374756,31.0,31.12670244176286,23.4433105175774,0.02617918880018283,-0.12670244176285905,1.84920821730969,0,5.55674,0.18522
387.10104537010193,31.0,31.13004597641344,23.44370036298875,0.006977855842140335,-0.13004597641344162,1.845957067899354,0,5.55674,0.18522
387.136123418808,31.0,31.132972471520304,23.44252787575823,0.0,-0.13297247152030423,1.8426327561113465,0,5.55674,0.18522
387.1876177787781,31.0,31.14049777437151,23.442920672953676,0.0,-0.1404977743715108,1.8391203117520587,0,5.55674,0.18522
387.22368264198303,31.0,31.142169806831816,23.4433105175774,0.0,-0.14216980683181646,1.8355660665812632,0,5.55674,0.18522
387.27359652519226,31.0,31.147186109601932,23.442920672953676,0.0,-0.14718610960193246,1.831886413841215,0,5.55674,0.18522
387.31820702552795,31.0,31.150113218805302,23.4433105175774,0.0,-0.15011321880530204,1.8281335833710823,0,5.55674,0.18522
387.3481922149658,31.0,31.15429543706341,23.44370036298875,0.0,-0.15429543706341065,1.824276197444497,0,5.55674,0.18522
387.403151512146,31.0,31.156802341817468,23.44370036298875,0.0,-0.15680234181746755,1.8203561388990603,0,5.55674,0.18522
387.4307279586792,31.0,31.159729795922033,23.444090209187834,0.0,-0.15972979592203274,1.8163628940010095,0,5.55674,0.18522
387.47013092041016,31.0,31.160567585597107,23.4433105175774,0.0,-0.16056758559710715,1.8123487043610818,0,5.55674,0.18522
387.5055556297302,31.0,31.16516767846224,23.444090209187834,0.0,-0.16516767846223956,1.8082195123995257,0,5.55674,0.18522
387.5404760837555,31.0,31.16767491735942,23.4433105175774,0.0,-0.1676749173594203,1.8040276394655401,0,5.55674,0.18522
387.57225227355957,31.0,31.170185395214105,23.44370036298875,0.0,-0.17018539521410503,1.7997730045851874,0,5.55674,0.18522
387.6220688819885,31.0,31.17060276174709,23.442920672953676,0.0,-0.17060276174709088,1.7955079355415102,0,5.55674,0.18522
387.65631651878357,31.0,31.174365480752613,23.444090209187834,0.0,-0.1743654807526127,1.7911487985226948,0,5.55674,0.18522
387.69607639312744,31.0,31.176041369499785,23.44448300956401,0.0,-0.1760413694997851,1.7867477642852,0,5.55674,0.18522
387.7388925552368,31.0,31.179386925962547,23.4433105175774,0.0,-0.17938692596254668,1.7822630911361363,0,5.55674,0.18522
387.7748303413391,31.0,31.178966352242128,23.442920672953676,0.0,-0.17896635224212787,1.777788932330083,0,5.55674,0.18522
387.8139660358429,31.0,31.181477177940337,23.442920672953676,0.0,-0.18147717794033724,1.7732520028815746,0,5.55674,0.18522
387.8713433742523,31.0,31.183988081029725,23.442138032715604,0.0,-0.18398808102972453,1.7686523008558315,0,5.55674,0.18522
387.9030303955078,31.0,31.184822957642268,23.44252787575823,0.0,-0.1848229576422682,1.7640317269147747,0,5.55674,0.18522
387.94018030166626,31.0,31.18858949603964,23.441748190460487,0.0,-0.18858949603963993,1.7593169895137837,0,5.55674,0.18522
387.99451327323914,31.0,31.192353045961795,23.440575715089835,0.0,-0.19235304596179503,1.7545081633647388,0,5.55674,0.18522
388.025461435318,31.0,31.1906799842219,23.44096555497697,0.0,-0.19067998422190158,1.7497411637591913,0,5.55674,0.18522
388.0687494277954,31.0,31.192770526085496,23.441748190460487,0.0,-0.19277052608549639,1.744921900607054,0,5.55674,0.18522
388.1081118583679,31.0,31.194864284458447,23.441748190460487,0.0,-0.19486428445844695,1.7400502934955928,0,5.55674,0.18522
388.14606189727783,31.0,31.19611676989689,23.44252787575823,0.0,-0.1961167698968893,1.7351473742481707,0,5.55674,0.18522
388.1918168067932,31.0,31.195699272608977,23.44370036298875,0.0,-0.19569927260897657,1.7302548924329462,0,5.55674,0.18522
388.2272026538849,31.0,31.195699272608977,23.44448300956401,0.0,-0.19569927260897657,1.7253624106177217,0,5.55674,0.18522
388.2596552371979,31.0,31.198628124533286,23.444090209187834,0.0,-0.19862812453328615,1.7203967075043896,0,5.55674,0.18522
388.3060450553894,31.0,31.19904563684821,23.445262705913308,0.0,-0.19904563684821142,1.7154205665831843,0,5.55674,0.18522
388.3422439098358,31.0,31.199883830918168,23.44448300956401,0.0,-0.19988383091816786,1.7104234708102302,0,5.55674,0.18522
388.38288974761963,31.0,31.198210614360676,23.446825061493257,0.0,-0.19821061436067566,1.7054682054512134,0,5.55674,0.18522
388.4222345352173,31.0,31.200301349676806,23.444872857344706,0.0,-0.20030134967680624,1.7004606717092932,0,5.55674,0.18522
388.47334694862366,31.0,31.200301349676806,23.445262705913308,0.0,-0.20030134967680624,1.695453137967373,0,5.55674,0.18522
388.5205023288727,31.0,31.198628124533286,23.444090209187834,0.0,-0.19862812453328615,1.6904874348540408,0,5.55674,0.18522
388.5640232563019,31.0,31.199466314302015,23.44370036298875,0.0,-0.19946631430201478,1.6855007769964905,0,5.55674,0.18522
388.59646344184875,31.0,31.198628124533286,23.444090209187834,0.0,-0.19862812453328615,1.6805350738831584,0,5.55674,0.18522
388.63089418411255,31.0,31.198628124533286,23.444090209187834,0.0,-0.19862812453328615,1.6755693707698263,0,5.55674,0.18522
388.67741417884827,31.0,31.19904563684821,23.44252787575823,0.0,-0.19904563684821142,1.670593229848621,0,5.55674,0.18522
388.71644711494446,31.0,31.198210614360676,23.44252787575823,0.0,-0.19821061436067566,1.6656379644896042,0,5.55674,0.18522
388.75061202049255,31.0,31.197793106330323,23.44370036298875,0.0,-0.1977931063303231,1.6606931368313462,0,5.55674,0.18522
388.7851107120514,31.0,31.197372437526894,23.441748190460487,0.0,-0.19737243752689437,1.655758825893174,0,5.55674,0.18522
388.83041429519653,31.0,31.19695493379703,23.442138032715604,0.0,-0.19695493379703066,1.6508349525482482,0,5.55674,0.18522
388.8808822631836,31.0,31.194864284458447,23.441358348992765,0.0,-0.19486428445844695,1.645963345436787,0,5.55674,0.18522
388.9256205558777,31.0,31.193191171102967,23.43979603767724,0.0,-0.19319117110296702,1.6411335661592128,0,5.55674,0.18522
388.96773386001587,31.0,31.194443630794183,23.43979603767724,0.0,-0.1944436307941828,1.6362724753893583,0,5.55674,0.18522
389.0018661022186,31.0,31.191935567979158,23.43979603767724,0.0,-0.1919355679791579,1.6314740861898793,0,5.55674,0.18522
389.03871846199036,31.0,31.191935567979158,23.43823078570955,0.0,-0.1919355679791579,1.6266756969904004,0,5.55674,0.18522
389.0760633945465,31.0,31.191097455765544,23.438623574161852,0.0,-0.1910974557655436,1.6218982605962617,0,5.55674,0.18522
389.1152560710907,31.0,31.18816887479801,23.438623574161852,0.0,-0.18816887479800926,1.6171940387263115,0,5.55674,0.18522
389.14895033836365,31.0,31.18816887479801,23.43823078570955,0.0,-0.18816887479800926,1.6124898168563613,0,5.55674,0.18522
389.1977274417877,31.0,31.18733396388302,23.43823078570955,0.0,-0.18733396388302026,1.6078064677592858,0,5.55674,0.18522
389.23232412338257,31.0,31.184405518266203,23.437840951343674,0.0,-0.18440551826620322,1.6031963298026308,0,5.55674,0.18522
389.2695345878601,31.0,31.1831500506122,23.437840951343674,0.0,-0.18315005061219836,1.5986175785373258,0,5.55674,0.18522
389.3052251338959,31.0,31.181894602309058,23.437061284972174,0.0,-0.18189460230905752,1.5940702134795994,0,5.55674,0.18522
389.3461105823517,31.0,31.180221755418472,23.437061284972174,0.0,-0.18022175541847218,1.5895646695941377,0,5.55674,0.18522
389.3984942436218,31.0,31.179386925962547,23.43666849969668,0.0,-0.17938692596254668,1.585079996445074,0,5.55674,0.18522
389.4346718788147,31.0,31.175620813046862,23.435499008416855,0.0,-0.17562081304686217,1.5806894761189023,0,5.55674,0.18522
389.48598170280457,31.0,31.173113329766522,23.435499008416855,0.0,-0.17311332976652238,1.5763616428747393,0,5.55674,0.18522
389.51652216911316,31.0,31.17227541118831,23.435106226317316,0.0,-0.17227541118830914,1.5720547575950317,0,5.55674,0.18522
389.55368423461914,31.0,31.169768030817806,23.434716398255944,0.0,-0.16976803081780645,1.5678105568245866,0,5.55674,0.18522
389.6056663990021,31.0,31.168092271041075,23.43354396556731,0.0,-0.1680922710410755,1.5636082500485597,0,5.55674,0.18522
389.63907122612,31.0,31.162657355077272,23.433933791264053,0.0,-0.16265735507727186,1.559541816171628,0,5.55674,0.18522
389.67181873321533,31.0,31.161819543939544,23.432371539989447,0.0,-0.16181954393954356,1.5554963275731393,0,5.55674,0.18522
389.70652294158936,31.0,31.160567585597107,23.432371539989447,0.0,-0.16056758559710715,1.5514821379332115,0,5.55674,0.18522
389.75589752197266,31.0,31.158474708243318,23.430809301337263,0.0,-0.15847470824331822,1.5475202702271287,0,5.55674,0.18522
389.8052258491516,31.0,31.154712722297916,23.430809301337263,0.0,-0.15471272229791566,1.5436524521696808,0,5.55674,0.18522
389.8529272079468,31.0,31.150530482659406,23.428857259053814,0.0,-0.1505304826594056,1.5398891901031957,0,5.55674,0.18522
389.89012384414673,31.0,31.147603358496212,23.428074675771995,0.0,-0.14760335849621242,1.5361991061407905,0,5.55674,0.18522
389.9247350692749,31.0,31.147603358496212,23.42651247181675,0.0,-0.14760335849621242,1.5325090221783852,0,5.55674,0.18522
389.9578597545624,31.0,31.144259105327137,23.425732851118596,0.0,-0.14425910532713715,1.528902544545207,0,5.55674,0.18522
389.994980096817,31.0,31.140077401083943,23.425343041946803,0.0,-0.14007740108394273,1.5254006095181083,0,5.55674,0.18522
390.04229044914246,31.0,31.1388257761339,23.424560472872713,0.0,-0.13882577613389913,1.5219299651147609,0,5.55674,0.18522
390.07277750968933,31.0,31.137988209540765,23.422998297272613,0.0,-0.13798820954076518,1.5184802598762417,0,5.55674,0.18522
390.11942768096924,31.0,31.132134964918293,23.422608493605026,0.0,-0.13213496491829346,1.5151768857532844,0,5.55674,0.18522
390.15005564689636,31.0,31.130463137779316,23.421825935579648,0.0,-0.13046313777931573,1.5119153073088014,0,5.55674,0.18522
390.1984119415283,31.0,31.127536732502563,23.421046333746347,0.0,-0.1275367325025627,1.5087268889962373,0,5.55674,0.18522
390.24645352363586,31.0,31.124610431963504,23.419873983863738,0.0,-0.12461043196350374,1.5056116281971497,0,5.55674,0.18522
390.28035283088684,31.0,31.119178408658968,23.419484186481156,0.005017958704295278,-0.11917840865896778,1.5026321679806756,0,5.55674,0.18522
390.3187401294708,31.0,31.115835318244308,23.41870164107212,0.023098418618038907,-0.11583531824430793,1.499736285024568,0,5.55674,0.18522
390.3563756942749,31.0,31.113326510235254,23.417919098821756,0.03655460499067614,-0.11332651023525386,1.4969031222686866,0,5.55674,0.18522
390.3933205604553,31.0,31.110820938692825,23.41870164107212,0.04992410728468383,-0.11082093869282517,1.494132598801366,0,5.55674,0.18522
390.42603516578674,31.0,31.10914638760852,23.417529305369783,0.058783900555154145,-0.10914638760851858,1.491403939111153,0,5.55674,0.18522
390.47901487350464,31.0,31.1024611627019,23.41870164107212,0.0953973601627856,-0.10246116270189987,1.4888424100436055,0,5.55674,0.18522
390.51029086112976,31.0,31.10120695398865,23.41831184604689,0.10191803283235179,-0.1012069539886511,1.4863122361938892,0,5.55674,0.18522
390.5446050167084,31.0,31.097030609004264,23.41831184604689,0.12467559582590027,-0.09703060900426408,1.4838864709687827,0,5.55674,0.18522
390.5861392021179,31.0,31.094105398826912,23.419484186481156,0.14043432230866304,-0.09410539882691182,1.4815338359981098,0,5.55674,0.18522
390.62409114837646,31.0,31.09076333184362,23.41909143688099,0.15860519132846457,-0.09076333184361829,1.4792647527020193,0,5.55674,0.18522
390.67240738868713,31.0,31.087418242460444,23.42026378203019,0.17672804202502546,-0.08741824246044416,1.4770792966405082,0,5.55674,0.18522
390.7031772136688,31.0,31.084913463192095,23.419873983863738,0.19027325729124633,-0.0849134631920947,1.474956460060706,0,5.55674,0.18522
390.7374544143677,31.0,31.07990097579159,23.421436134270948,0.21767621368016848,-0.07990097579158828,1.4729589356659163,0,5.55674,0.18522
390.79161405563354,31.0,31.075722557820086,23.422608493605026,0.24048381081656045,-0.07572255782008597,1.4710658717204141,0,5.55674,0.18522
390.82126331329346,31.0,31.072381239873835,23.424170666061116,0.25863533205812067,-0.0723812398738346,1.4692563407235684,0,5.55674,0.18522
390.8552956581116,31.0,31.068620051325297,23.424560472872713,0.27919753341616765,-0.06862005132529703,1.467540839440436,0,5.55674,0.18522
390.890830039978,31.0,31.067369517993086,23.425732851118596,0.28577431464260933,-0.06736951799308599,1.4658566014906087,0,5.55674,0.18522
390.92424869537354,31.0,31.062774918919786,23.425732851118596,0.3110146278351219,-0.0627749189197857,1.464287228517614,0,5.55674,0.18522
390.9561777114868,31.0,31.057760625788774,23.42768486188413,0.33851013599277474,-0.05776062578877372,1.4628432128728948,0,5.55674,0.18522
390.98858737945557,31.0,31.055673532273318,23.42846744358951,0.3498096227362365,-0.055673532273317505,1.4614513745660618,0,5.55674,0.18522
391.0410301685333,31.0,31.053586491770943,23.428857259053814,0.36113863113380645,-0.05358649177094321,1.4601117122717882,0,5.55674,0.18522
391.0834970474243,31.0,31.047739271745797,23.429639845500958,0.39336890260880136,-0.047739271745797396,1.4589182304781432,0,5.55674,0.18522
391.1163971424103,31.0,31.046485899125116,23.429639845500958,0.4001183154291463,-0.04648589912511625,1.4577560830000154,0,5.55674,0.18522
391.16604685783386,31.0,31.041892467575394,23.430809301337263,0.42538883432277136,-0.04189246757539422,1.4567087713106306,0,5.55674,0.18522
391.196195602417,31.0,31.037715982397685,23.429639845500958,0.44848183557753024,-0.037715982397685366,1.4557658717506885,0,5.55674,0.18522
391.23214983940125,31.0,31.032289709508916,23.430419481939566,0.4784447038199837,-0.032289709508916076,1.4549586290129657,0,5.55674,0.18522
391.2666964530945,31.0,31.030203262354405,23.430029663327502,0.48991869292996365,-0.03020326235440507,1.4542035474541055,0,5.55674,0.18522
391.30149102211,31.0,31.026027370396548,23.429247075303522,0.5130426723798642,-0.026027370396548122,1.4535528631941919,0,5.55674,0.18522
391.3399384021759,31.0,31.021851690226413,23.428074675771995,0.5362048110579221,-0.021851690226412757,1.4530065709385316,0,5.55674,0.18522
391.3859806060791,31.0,31.0205987118523,23.42768486188413,0.5430919044858141,-0.02059871185230122,1.4524916031422241,0,5.55674,0.18522
391.42242908477783,31.0,31.015173566974568,23.42651247181675,0.5732279162472992,-0.01517356697456762,1.4521122639678599,0,5.55674,0.18522
391.45529294013977,31.0,31.013087553417563,23.425732851118596,0.5847987503659375,-0.013087553417562958,1.4517850751324208,0,5.55674,0.18522
391.49214363098145,31.0,31.00932907527846,23.425343041946803,0.605660438368139,-0.009329075278458276,1.4515518482504595,0,5.55674,0.18522
391.52644753456116,31.0,31.003484997950522,23.424170666061116,0.6381784720241869,-0.0034849979505224837,1.4514647233016964,0,5.55674,0.18522
391.56010723114014,31.0,31.003484997950522,23.422998297272613,0.638222487064856,-0.0034849979505224837,1.4513775983529333,0,5.55674,0.18522
391.6051125526428,31.0,30.996808362493766,23.422998297272613,0.6753375932503042,0.0031916375062337465,1.451457389290589,0,5.55674,0.18522
391.6363959312439,31.0,30.995139288063285,23.421825935579648,0.6846948653873769,0.004860711936714779,1.451578907089007,0,5.55674,0.18522
391.6719751358032,31.0,30.992217700297203,23.42026378203019,0.7010455564712362,0.007782299702796536,1.451773464581577,0,5.55674,0.18522
391.7007143497467,31.0,30.988879770887536,23.41909143688099,0.7197052056708029,0.01112022911246413,1.4520514703093885,0,5.55674,0.18522
391.7416248321533,31.0,30.987210856800118,23.419484186481156,0.7290179961253508,0.012789143199881892,1.4523711988893855,0,5.55674,0.18522
391.7890465259552,31.0,30.980951940764044,23.416356976755196,0.7640458192705589,0.019048059235956316,1.4528474003702845,0,5.55674,0.18522
391.82406783103943,31.0,30.97886679232721,23.413622555180893,0.7758706030090277,0.021133207672789922,1.4533757305621042,0,5.55674,0.18522
391.8614287376404,31.0,30.974693499010016,23.41518760816865,0.799097390362026,0.025306500989984215,1.454008393086854,0,5.55674,0.18522
391.9006564617157,31.0,30.97052041646782,23.414405080096742,0.822462780493666,0.029479583532179277,1.4547453826751584,0,5.55674,0.18522
391.9513556957245,31.0,30.965514887916243,23.41323277036247,0.8504970338225695,0.034485112083757485,1.4556075104772523,0,5.55674,0.18522
391.9865388870239,31.0,30.964262764647003,23.412842986326893,0.8576402377268758,0.03573723535299678,1.4565009413610772,0,5.55674,0.18522
392.026079416275,31.0,30.96050966239096,23.41167068602823,0.878738259974988,0.039490337609038306,1.4574881998013032,0,5.55674,0.18522
392.0637228488922,31.0,30.956753576783115,23.410498392808847,0.8998702521245934,0.04324642321688543,1.4585693603817254,0,5.55674,0.18522
392.11372661590576,31.0,30.95174888135557,23.410108614263493,0.927923469098727,0.04825111864442988,1.4597756383478362,0,5.55674,0.18522
392.14613795280457,31.0,30.94882882711994,23.409329059519848,0.944426397066017,0.05117117288006057,1.4610549176698377,0,5.55674,0.18522
392.19802689552307,31.0,30.94424082902475,23.408546555064163,0.9702190514655487,0.05575917097525007,1.462448896944219,0,5.55674,0.18522
392.2334940433502,31.0,30.94257281575989,23.40893633047449,0.9797336853332158,0.05742718424011173,1.463884576550222,0,5.55674,0.18522
392.26839423179626,31.0,30.93798516426773,23.408156780436002,1.0,0.06201483573227051,1.4654349474435286,0,5.55674,0.18522
392.30612206459045,31.0,30.935484922351975,23.408546555064163,1.0,0.064515077648025,1.4670478243847294,0,5.55674,0.18522
392.33912539482117,31.0,30.93214612929995,23.408156780436002,1.0,0.06785387070004845,1.4687441711522307,0,5.55674,0.18522
392.3910856246948,31.0,30.92839448268586,23.408546555064163,1.0,0.07160551731413989,1.4705343090850842,0,5.55674,0.18522
392.42532563209534,31.0,30.926310658213595,23.408546555064163,1.0,0.0736893417864053,1.4723765426297444,0,5.55674,0.18522
392.47544860839844,31.0,30.921723906869488,23.407374280702584,1.0,0.07827609313051198,1.4743334449580072,0,5.55674,0.18522
392.5155794620514,31.0,30.920888546478864,23.40971883650053,1.0,0.07911145352113635,1.4763112312960356,0,5.55674,0.18522
392.5526237487793,31.0,30.914634643873626,23.409329059519848,1.0,0.08536535612637408,1.478445365199195,0,5.55674,0.18522
392.61014199256897,31.0,30.912131954041968,23.408546555064163,1.0,0.08786804595803233,1.4806420663481457,0,5.55674,0.18522
392.64245343208313,31.0,30.910048538086926,23.408546555064163,1.0,0.08995146191307413,1.4828908528959726,0,5.55674,0.18522
392.67426085472107,31.0,30.908381212614415,23.409329059519848,1.0,0.09161878738558471,1.485181322580612,0,5.55674,0.18522
392.70619678497314,31.0,30.906713920631717,23.40893633047449,1.0,0.09328607936828348,1.487513474564819,0,5.55674,0.18522
392.759503364563,31.0,30.90421146961262,23.408546555064163,1.0,0.09578853038738089,1.4899081878245035,0,5.55674,0.18522
392.78900384902954,31.0,30.901712245570252,23.40893633047449,1.0,0.09828775442974802,1.4923653816852471,0,5.55674,0.18522
392.8217046260834,31.0,30.8979588233949,23.408156780436002,1.0,0.10204117660509837,1.4949164111003745,0,5.55674,0.18522
392.8565421104431,31.0,30.897126853534417,23.408546555064163,1.0,0.10287314646558343,1.4974882397620142,0,5.55674,0.18522
392.8901336193085,31.0,30.894624691361855,23.40776405376073,1.0,0.10537530863814482,1.5001226224779678,0,5.55674,0.18522
392.9234125614166,31.0,30.893792754888693,23.408156780436002,1.0,0.10620724511130675,1.5027778036057504,0,5.55674,0.18522
392.9616549015045,31.0,30.893373638532807,23.40698450842632,1.0,0.10662636146719251,1.5054434626424302,0,5.55674,0.18522
392.9964144229889,31.0,30.890874740526215,23.40698450842632,1.0,0.10912525947378526,1.5081715941292748,0,5.55674,0.18522
393.04469108581543,31.0,30.888372766600014,23.406202013413974,1.0,0.11162723339998593,1.5109622749642744,0,5.55674,0.18522
393.0741102695465,31.0,30.88628994650344,23.405032705984354,1.0,0.11371005349656116,1.5138050263016885,0,5.55674,0.18522
393.1091911792755,31.0,30.884623097814085,23.4042502188301,1.0,0.11537690218591479,1.5166894488563363,0,5.55674,0.18522
393.1453227996826,31.0,30.885870867979293,23.4042502188301,1.0,0.1141291320207074,1.5195426771568539,0,5.55674,0.18522
393.1928949356079,31.0,30.882537220817767,23.403077970382867,1.0,0.11746277918223313,1.5224792466364097,0,5.55674,0.18522
393.24029779434204,31.0,30.8804545468941,23.401905729002408,1.0,0.11954545310589992,1.525467882964057,0,5.55674,0.18522
393.2919511795044,31.0,30.878787815166618,23.400736447409543,1.0,0.12121218483338225,1.5284981875848918,0,5.55674,0.18522
393.3229024410248,31.0,30.87837192512177,23.400736447409543,1.0,0.12162807487823102,1.5315388894568476,0,5.55674,0.18522
393.35602712631226,31.0,30.87628620489528,23.39956422013995,1.0,0.12371379510472025,1.5346317343344655,0,5.55674,0.18522
393.3925676345825,31.0,30.87628620489528,23.39800224565886,1.0,0.12371379510472025,1.5377245792120835,0,5.55674,0.18522
393.42905855178833,31.0,30.87628620489528,23.397609539491043,1.0,0.12371379510472025,1.5408174240897015,0,5.55674,0.18522
393.46450877189636,31.0,30.87503542796827,23.397609539491043,1.0,0.12496457203172895,1.5439415383904946,0,5.55674,0.18522
393.5127635002136,31.0,30.874203687473994,23.395268082315795,1.0,0.1257963125260062,1.5470864462036449,0,5.55674,0.18522
393.5482578277588,31.0,30.87378782034466,23.395268082315795,1.0,0.12621217965534015,1.5502417506950283,0,5.55674,0.18522
393.58015513420105,31.0,30.87503542796827,23.393706142300857,1.0,0.12496457203172895,1.5533658649958215,0,5.55674,0.18522
393.6160957813263,31.0,30.874619556681864,23.393706142300857,1.0,0.1253804433181358,1.556500376078775,0,5.55674,0.18522
393.65730714797974,31.0,30.872121222173405,23.393706142300857,1.0,0.12787877782659507,1.5596973455244398,0,5.55674,0.18522
393.69453978538513,31.0,30.872121222173405,23.39292370068796,1.0,0.12787877782659507,1.5628943149701047,0,5.55674,0.18522
393.7301621437073,31.0,30.87295294185219,23.393706142300857,1.0,0.12704705814780937,1.5660704914238,0,5.55674,0.18522
393.7620623111725,31.0,30.871702215029472,23.39292370068796,1.0,0.12829778497052757,1.569277936048063,0,5.55674,0.18522
393.8134763240814,31.0,30.872121222173405,23.392533957358864,1.0,0.12787877782659507,1.572474905493728,0,5.55674,0.18522
393.8518934249878,31.0,30.870870507850668,23.392533957358864,1.0,0.12912949214933178,1.5757031427974613,0,5.55674,0.18522
393.89083790779114,31.0,30.873368804808933,23.392533957358864,1.0,0.12663119519106658,1.5788689226772379,0,5.55674,0.18522
393.9397792816162,31.0,30.872121222173405,23.39292370068796,1.0,0.12787877782659507,1.5820658921229027,0,5.55674,0.18522
393.97611117362976,31.0,30.875454451897156,23.392144214809377,1.0,0.12454554810284435,1.585179530825474,0,5.55674,0.18522
394.0243670940399,31.0,30.874619556681864,23.39292370068796,1.0,0.1253804433181358,1.5883140419084274,0,5.55674,0.18522
394.0660569667816,31.0,30.875454451897156,23.393706142300857,1.0,0.12454554810284435,1.5914276806109986,0,5.55674,0.18522
394.10630655288696,31.0,30.875454451897156,23.394095887974913,1.0,0.12454554810284435,1.5945413193135698,0,5.55674,0.18522
394.1496071815491,31.0,30.877537000627342,23.394485634428804,1.0,0.12246299937265803,1.5976028942978862,0,5.55674,0.18522
394.186306476593,31.0,30.876705235123836,23.394485634428804,1.0,0.12329476487616375,1.6006852634197903,0,5.55674,0.18522
394.23131918907166,31.0,30.87837192512177,23.395268082315795,1.0,0.12162807487823102,1.6037259652917462,0,5.55674,0.18522
394.2698538303375,31.0,30.880038648515324,23.396047580695154,1.0,0.11996135148467602,1.606724999078863,0,5.55674,0.18522
394.3185908794403,31.0,30.880870447352606,23.397219786784433,1.0,0.11912955264739367,1.6097032378950478,0,5.55674,0.18522
394.3682391643524,31.0,30.883372195510105,23.398781754985976,1.0,0.11662780448989452,1.612618933007295,0,5.55674,0.18522
394.4012155532837,31.0,30.88503901912179,23.3999539775416,1.0,0.11496098087820883,1.6154929575292503,0,5.55674,0.18522
394.4385645389557,31.0,30.885870867979293,23.3999539775416,1.0,0.1141291320207074,1.6183461858297679,0,5.55674,0.18522
394.4761679172516,31.0,30.88628994650344,23.401515967690443,1.0,0.11371005349656116,1.621188937167182,0,5.55674,0.18522
394.51280331611633,31.0,30.88962374414882,23.403077970382867,1.0,0.11037625585117894,1.6239483435634614,0,5.55674,0.18522
394.5494124889374,31.0,30.889207799902238,23.40268820672162,1.0,0.11079220009776236,1.6267181485659055,0,5.55674,0.18522
394.59597086906433,31.0,30.892541714585093,23.4042502188301,1.0,0.1074582854149071,1.629404605701278,0,5.55674,0.18522
394.6425714492798,31.0,30.89170664778618,23.40463998562268,1.0,0.10829335221382053,1.6321119395066237,0,5.55674,0.18522
394.67233753204346,31.0,30.896707720359416,23.405422474345926,1.0,0.10329227964058418,1.6346942464976384,0,5.55674,0.18522
394.70624589920044,31.0,30.89545978748697,23.40698450842632,1.0,0.10454021251302947,1.6373077518104642,0,5.55674,0.18522
394.740602016449,31.0,30.897126853534417,23.407374280702584,1.0,0.10287314646558343,1.6398795804721038,0,5.55674,0.18522
394.7720046043396,31.0,30.8979588233949,23.408156780436002,1.0,0.10204117660509837,1.6424306098872312,0,5.55674,0.18522
394.82611179351807,31.0,30.902544261363232,23.408546555064163,1.0,0.09745573863676782,1.6448670033531505,0,5.55674,0.18522
394.85521602630615,31.0,30.903379437114893,23.40893633047449,1.0,0.09662056288510712,1.647282517425278,0,5.55674,0.18522
394.88985323905945,31.0,30.90379545232156,23.410108614263493,1.0,0.09620454767843967,1.649687631117239,0,5.55674,0.18522
394.92570328712463,31.0,30.906713920631717,23.40971883650053,1.0,0.09328607936828348,1.652019783101446,0,5.55674,0.18522
394.95820689201355,31.0,30.910048538086926,23.410108614263493,1.0,0.08995146191307413,1.654268569649273,0,5.55674,0.18522
394.9945316314697,31.0,30.912131954041968,23.410498392808847,1.0,0.08786804595803233,1.6564652707982237,0,5.55674,0.18522
395.0430734157562,31.0,30.91588601709759,23.4112809051295,1.0,0.08411398290240868,1.6585681203707838,0,5.55674,0.18522
395.0706558227539,31.0,30.916302094995558,23.41089112501328,1.0,0.08369790500444196,1.6606605679958948,0,5.55674,0.18522
395.1100158691406,31.0,30.917969579632256,23.410498392808847,1.0,0.08203042036774377,1.6627113285050883,0,5.55674,0.18522
395.1412477493286,31.0,30.920888546478864,23.410498392808847,1.0,0.07911145352113635,1.6646891148431167,0,5.55674,0.18522
395.1918411254883,31.0,30.922972234683016,23.4112809051295,1.0,0.07702776531698419,1.6666148089760413,0,5.55674,0.18522
395.24631690979004,31.0,30.92714292070667,23.410498392808847,1.0,0.0728570792933283,1.6684362359583744,0,5.55674,0.18522
395.29647612571716,31.0,30.931313816568945,23.410498392808847,1.0,0.06868618343105481,1.6701533905441508,0,5.55674,0.18522
395.33125734329224,31.0,30.935484922351975,23.4112809051295,1.0,0.064515077648025,1.6717662674853515,0,5.55674,0.18522
395.3755967617035,31.0,30.93715279288017,23.41089112501328,1.0,0.06284720711983027,1.6733374476633474,0,5.55674,0.18522
395.46795678138733,31.0,30.942989027644046,23.41167068602823,1.0,0.05701097235595398,1.6747627219722463,0,5.55674,0.18522
395.5154731273651,31.0,30.94882882711994,23.41089112501328,0.9841661576711525,0.05117117288006057,1.6760420012942479,0,5.55674,0.18522
395.5587773323059,31.0,30.950913218162725,23.41089112501328,0.972811034931361,0.049086781837274884,1.6772691708401797,0,5.55674,0.18522
395.5982210636139,31.0,30.954669038627173,23.410108614263493,0.9521909714861867,0.04533096137282655,1.6784024448745003,0,5.55674,0.18522
395.64080023765564,31.0,30.956753576783115,23.410498392808847,0.9407879885970509,0.04324642321688543,1.6794836054549225,0,5.55674,0.18522
395.70092725753784,31.0,30.962178037238573,23.41089112501328,0.9108006563577442,0.03782196276142713,1.6804291545239582,0,5.55674,0.18522
395.7360289096832,31.0,30.965514887916243,23.40971883650053,0.8924784762394755,0.034485112083757485,1.6812912823260522,0,5.55674,0.18522
395.77222633361816,31.0,30.969687717732654,23.410498392808847,0.8693915091502159,0.030312282267345836,1.6820490893827358,0,5.55674,0.18522
395.8295097351074,31.0,30.97385760392018,23.40971883650053,0.8463815858998409,0.02614239607981972,1.6827026492847312,0,5.55674,0.18522
395.8658125400543,31.0,30.977614466750936,23.410498392808847,0.8255693343871278,0.022385533249064338,1.6832622876159578,0,5.55674,0.18522
395.9362449645996,31.0,30.983453557446126,23.41089112501328,0.7931794934131735,0.016546442553874385,1.6836759486798045,0,5.55674,0.18522
395.9953486919403,31.0,30.988879770887536,23.4112809051295,0.7630589293758607,0.01112022911246413,1.683953954407616,0,5.55674,0.18522
396.04946780204773,31.0,30.992217700297203,23.412453203074165,0.7444868107579607,0.007782299702796536,1.684148511900186,0,5.55674,0.18522
396.0892369747162,31.0,30.996808362493766,23.41167068602823,0.7190326230501576,0.0031916375062337465,1.6842283028378418,0,5.55674,0.18522
396.1440439224243,31.0,31.003068481254616,23.412060467709637,0.6842125630644433,-0.0030684812546155626,1.6841515908064764,0,5.55674,0.18522
396.1774320602417,31.0,31.00432119312336,23.412453203074165,0.6772114090214092,-0.00432119312335999,1.6840435609783924,0,5.55674,0.18522
396.2135577201843,31.0,31.010581882281087,23.413622555180893,0.6423133902025213,-0.010581882281087474,1.683779013921365,0,5.55674,0.18522
396.2685658931732,31.0,31.013920690168618,23.414794867270075,0.6236358936912098,-0.013920690168617966,1.6834309966671497,0,5.55674,0.18522
396.30197286605835,31.0,31.01600672481777,23.414794867270075,0.6119702223756058,-0.0160067248177711,1.6830308285467055,0,5.55674,0.18522
396.3391592502594,31.0,31.02226830186828,23.416356976755196,0.5769930040632398,-0.022268301868280105,1.6824741209999985,0,5.55674,0.18522
396.3776686191559,31.0,31.024357704165936,23.41674972081654,0.5652497993356519,-0.02435770416593641,1.68186517839585,0,5.55674,0.18522
396.4264647960663,31.0,31.028113711706396,23.417919098821756,0.5441884625817367,-0.028113711706396316,1.6811623356031902,0,5.55674,0.18522
396.457156419754,31.0,31.03187304715152,23.41831184604689,0.5231310735782619,-0.03187304715152095,1.680365509424402,0,5.55674,0.18522
396.4943799972534,31.0,31.035212718387697,23.419484186481156,0.5043501854719873,-0.03521271838769735,1.6794851914647098,0,5.55674,0.18522
396.5286738872528,31.0,31.038552525181615,23.42026378203019,0.4855732302284729,-0.03855252518161478,1.6785213783351693,0,5.55674,0.18522
396.5782961845398,31.0,31.043145770180445,23.421825935579648,0.45976982398306543,-0.04314577018044474,1.6774427340806581,0,5.55674,0.18522
396.6108138561249,31.0,31.04857275933159,23.422215737672673,0.4293685400178479,-0.04857275933159144,1.6762284150973683,0,5.55674,0.18522
396.6462731361389,31.0,31.05191626607268,23.422998297272613,0.4105089922470896,-0.05191626607268063,1.6749305084455512,0,5.55674,0.18522
396.6882395744324,31.0,31.055673532273318,23.424560472872713,0.38929289189500016,-0.055673532273317505,1.6735386701387183,0,5.55674,0.18522
396.7414267063141,31.0,31.06110450641296,23.425343041946803,0.35879128389900683,-0.061104506412959836,1.6720110574783942,0,5.55674,0.18522
396.77628207206726,31.0,31.062354944336278,23.426905236463938,0.3514740372594678,-0.06235494433627764,1.6704521838699873,0,5.55674,0.18522
396.80998373031616,31.0,31.067786360320667,23.42768486188413,0.32093918475663635,-0.06778636032066743,1.6687575248619706,0,5.55674,0.18522
396.85934042930603,31.0,31.068620051325297,23.42846744358951,0.31594868246948626,-0.06862005132529703,1.6670420235788381,0,5.55674,0.18522
396.8913142681122,31.0,31.07321497754947,23.430029663327502,0.2899966952312241,-0.07321497754946904,1.6652116491401014,0,5.55674,0.18522
396.92940735816956,31.0,31.07990097579159,23.429639845500958,0.2524943608055583,-0.07990097579158828,1.6632141247453118,0,5.55674,0.18522
396.96779465675354,31.0,31.083242600019048,23.43159189568189,0.23344021243668406,-0.08324260001904804,1.6611330597448357,0,5.55674,0.18522
397.008665561676,31.0,31.087418242460444,23.43315414065671,0.20975230665249328,-0.08741824246044416,1.6589476036833246,0,5.55674,0.18522
397.046804189682,31.0,31.092014221864076,23.432371539989447,0.18382772616613913,-0.09201422186407626,1.6566472481367227,0,5.55674,0.18522
397.08423614501953,31.0,31.096193470155413,23.433933791264053,0.16007914959627711,-0.0961934701554128,1.6542424113828373,0,5.55674,0.18522
397.12432622909546,31.0,31.0978645973438,23.435106226317316,0.15027981256185924,-0.0978645973438006,1.6517957964492422,0,5.55674,0.18522
397.1792802810669,31.0,31.10287818345563,23.436278668483567,0.12188408455375094,-0.10287818345562982,1.6492238418628515,0,5.55674,0.18522
397.2133228778839,31.0,31.106223904090484,23.437061284972174,0.10276076031424597,-0.10622390409048421,1.6465682442605893,0,5.55674,0.18522
397.26995730400085,31.0,31.114580904625655,23.43823078570955,0.05573250911290473,-0.11458090462565451,1.643703721644948,0,5.55674,0.18522
397.30838418006897,31.0,31.115835318244308,23.438623574161852,0.048205530007861985,-0.11583531824430793,1.6408078386888403,0,5.55674,0.18522
397.364470243454,31.0,31.121267119551476,23.43979603767724,0.01740073783122631,-0.12126711955147584,1.6377761607000534,0,5.55674,0.18522
397.4019343852997,31.0,31.123776171078987,23.441358348992765,0.002805285649556233,-0.12377617107898686,1.6346817564230787,0,5.55674,0.18522
397.452339887619,31.0,31.129208499794856,23.441748190460487,0.0,-0.12920849979485638,1.6314515439282073,0,5.55674,0.18522
397.4863917827606,31.0,31.129628817176297,23.442920672953676,0.0,-0.1296288171762967,1.6282108234988,0,5.55674,0.18522
397.5237731933594,31.0,31.134644349987866,23.4433105175774,0.0,-0.134644349987866,1.6248447147491034,0,5.55674,0.18522
397.55838084220886,31.0,31.13673345603155,23.44448300956401,0.0,-0.13673345603154985,1.6214263783483147,0,5.55674,0.18522
397.61075162887573,31.0,31.140077401083943,23.44448300956401,0.0,-0.14007740108394273,1.617924443321216,0,5.55674,0.18522
397.64217829704285,31.0,31.142587030097218,23.44448300956401,0.0,-0.14258703009721785,1.6143597675687857,0,5.55674,0.18522
397.6777677536011,31.0,31.14885827900605,23.446435209766435,0.0,-0.1488582790060491,1.6106383105936346,0,5.55674,0.18522
397.71364164352417,31.0,31.14844102369858,23.446435209766435,0.0,-0.14844102369858092,1.60692728500117,0,5.55674,0.18522
397.76249170303345,31.0,31.15220272056729,23.448387429732634,0.0,-0.15220272056728845,1.6031222169869879,0,5.55674,0.18522
397.792272567749,31.0,31.15513000966604,23.448780238862298,0.0,-0.1551300096660384,1.5992439667453369,0,5.55674,0.18522
397.8296926021576,31.0,31.15805740377067,23.448387429732634,0.0,-0.15805740377066968,1.5952925316510702,0,5.55674,0.18522
397.8629562854767,31.0,31.159729795922033,23.44995276410839,0.0,-0.15972979592203274,1.5912992867530193,0,5.55674,0.18522
397.897319316864,31.0,31.162657355077272,23.451122342997962,0.0,-0.16265735507727186,1.5872328528760875,0,5.55674,0.18522
397.9318459033966,31.0,31.16516767846224,23.451122342997962,0.0,-0.16516767846223956,1.5831036609145315,0,5.55674,0.18522
397.98269295692444,31.0,31.16851278865363,23.45268474607724,0.0,-0.1685127886536293,1.5788908411981908,0,5.55674,0.18522
398.01359581947327,31.0,31.169768030817806,23.45307756396801,0.0,-0.16976803081780645,1.5746466404277457,0,5.55674,0.18522
398.0470824241638,31.0,31.170185395214105,23.454639982908873,0.0,-0.17018539521410503,1.570392005547393,0,5.55674,0.18522
398.0800242424011,31.0,31.173113329766522,23.45424716183095,0.0,-0.17311332976652238,1.56606417230323,0,5.55674,0.18522
398.116632938385,31.0,31.17394809495312,23.455029851237384,0.0,-0.17394809495311847,1.561715469929402,0,5.55674,0.18522
398.1681401729584,31.0,31.17729356547477,23.456592286022158,0.0,-0.17729356547476982,1.5572831307925328,0,5.55674,0.18522
398.1997718811035,31.0,31.178131535649584,23.456982158304868,0.0,-0.17813153564958384,1.5528298424012932,0,5.55674,0.18522
398.2353479862213,31.0,31.180642335619666,23.45776485883289,0.0,-0.18064233561966603,1.5483137840108014,0,5.55674,0.18522
398.2746617794037,31.0,31.181477177940337,23.458937438789235,0.0,-0.18147717794033724,1.543776854562293,0,5.55674,0.18522
398.3275249004364,31.0,31.1831500506122,23.46049990530446,0.0,-0.18315005061219836,1.539198103296988,0,5.55674,0.18522
398.36179184913635,31.0,31.184822957642268,23.461279666498797,0.0,-0.1848229576422682,1.5345775293559312,0,5.55674,0.18522
398.3975841999054,31.0,31.18649589903572,23.46245226788426,0.0,-0.1864958990357195,1.5299151318800381,0,5.55674,0.18522
398.4441032409668,31.0,31.186078451084597,23.46401476296154,0.0,-0.18607845108459742,1.5252631706029232,0,5.55674,0.18522
398.47737169265747,31.0,31.186916511635673,23.465187381032592,0.0,-0.18691651163567258,1.5205902578120314,0,5.55674,0.18522
398.50932145118713,31.0,31.186916511635673,23.466749898349406,0.0,-0.18691651163567258,1.5159173450211396,0,5.55674,0.18522
398.54284954071045,31.0,31.18900695686409,23.46753263864548,0.0,-0.18900695686409108,1.5111921710995373,0,5.55674,0.18522
398.5792796611786,31.0,31.191097455765544,23.466749898349406,0.0,-0.1910974557655436,1.5064147347053987,0,5.55674,0.18522
398.6124007701874,31.0,31.191518092137585,23.469485072683938,0.0,-0.19151809213758497,1.5016267824019591,0,5.55674,0.18522
398.6460955142975,31.0,31.191518092137585,23.47104762496997,0.0,-0.19151809213758497,1.4968388300985196,0,5.55674,0.18522
398.6965501308441,31.0,31.189841884934253,23.472220285986452,0.0,-0.18984188493425336,1.4920927829751633,0,5.55674,0.18522
398.72778248786926,31.0,31.189841884934253,23.472610189977388,0.0,-0.18984188493425336,1.487346735851807,0,5.55674,0.18522
398.7635521888733,31.0,31.192770526085496,23.473000094760664,0.0,-0.19277052608549639,1.4825274726996698,0,5.55674,0.18522
398.805376291275,31.0,31.193191171102967,23.47417276771023,0.0,-0.19319117110296702,1.4776976934220956,0,5.55674,0.18522
398.86100125312805,31.0,31.191935567979158,23.473782860543622,0.0,-0.1919355679791579,1.4728993042226166,0,5.55674,0.18522
398.8932263851166,31.0,31.191518092137585,23.47456267566946,0.0,-0.19151809213758497,1.468111351919177,0,5.55674,0.18522
398.9264314174652,31.0,31.191935567979158,23.474955538278493,0.0,-0.1919355679791579,1.4633129627196981,0,5.55674,0.18522
398.9612514972687,31.0,31.19360865552534,23.47456267566946,0.0,-0.19360865552533824,1.4584727463315648,0,5.55674,0.18522
399.01210474967957,31.0,31.1906799842219,23.473782860543622,0.0,-0.19067998422190158,1.4537057467260173,0,5.55674,0.18522
399.04327940940857,31.0,31.192353045961795,23.473782860543622,0.0,-0.19235304596179503,1.4488969205769724,0,5.55674,0.18522
399.0782537460327,31.0,31.189841884934253,23.473000094760664,0.0,-0.18984188493425336,1.4441508734536161,0,5.55674,0.18522
399.1116623878479,31.0,31.19026251481904,23.47339295416947,0.0,-0.19026251481903955,1.4393943105831402,0,5.55674,0.18522
399.14727091789246,31.0,31.189841884934253,23.472220285986452,0.0,-0.18984188493425336,1.434648263459784,0,5.55674,0.18522
399.1839282512665,31.0,31.189424419828924,23.47339295416947,0.0,-0.18942441982892433,1.429912652964061,0,5.55674,0.18522
399.2479155063629,31.0,31.18775141827041,23.473000094760664,0.0,-0.18775141827040898,1.4252188675073008,0,5.55674,0.18522
399.2952826023102,31.0,31.18858949603964,23.473782860543622,0.0,-0.18858949603963993,1.4205041301063097,0,5.55674,0.18522
399.3361942768097,31.0,31.185240399157863,23.473000094760664,0.0,-0.1852403991578626,1.415873120127363,0,5.55674,0.18522
399.38316822052,31.0,31.184822957642268,23.47339295416947,0.0,-0.1848229576422682,1.4112525461863064,0,5.55674,0.18522
399.4134421348572,31.0,31.1831500506122,23.472610189977388,0.0,-0.18315005061219836,1.4066737949210013,0,5.55674,0.18522
399.4473397731781,31.0,31.181894602309058,23.47417276771023,0.0,-0.18189460230905752,1.402126429863275,0,5.55674,0.18522
399.48095870018005,31.0,31.18105975571052,23.472610189977388,0.0,-0.18105975571052113,1.397599935970512,0,5.55674,0.18522
399.5165364742279,31.0,31.179386925962547,23.473000094760664,0.0,-0.17938692596254668,1.3931152628214483,0,5.55674,0.18522
399.5495502948761,31.0,31.178548942876716,23.472610189977388,0.0,-0.1785489428767164,1.3886515392495304,0,5.55674,0.18522
399.5904891490936,31.0,31.178966352242128,23.47339295416947,0.0,-0.17896635224212787,1.3841773804434772,0,5.55674,0.18522
399.6373543739319,31.0,31.174786030727546,23.473000094760664,0.0,-0.17478603072754595,1.3798077296752884,0,5.55674,0.18522
399.66877484321594,31.0,31.17394809495312,23.473000094760664,0.0,-0.17394809495311847,1.3754590273014604,0,5.55674,0.18522
399.706978559494,31.0,31.171020130416878,23.473782860543622,0.0,-0.1710201304168777,1.3711835240410384,0,5.55674,0.18522
399.74149799346924,31.0,31.169347506731015,23.47339295416947,0.0,-0.16934750673101462,1.366949836372763,0,5.55674,0.18522
399.8015787601471,31.0,31.168092271041075,23.47339295416947,0.0,-0.1680922710410755,1.3627475295967362,0,5.55674,0.18522
399.8390624523163,31.0,31.166840216404808,23.47339295416947,0.0,-0.1668402164048075,1.358576524186616,0,5.55674,0.18522
399.8902277946472,31.0,31.160567585597107,23.473782860543622,0.0,-0.16056758559710715,1.3545623345466882,0,5.55674,0.18522
399.92988443374634,31.0,31.15931248502983,23.473000094760664,0.0,-0.15931248502982953,1.3505795224209425,0,5.55674,0.18522
399.9829361438751,31.0,31.157219639871244,23.47417276771023,0.0,-0.15721963987124354,1.3466490314241615,0,5.55674,0.18522
400.0173804759979,31.0,31.156802341817468,23.475345447829113,0.0,-0.15680234181746755,1.3427289728787248,0,5.55674,0.18522
400.0530023574829,31.0,31.15261999510244,23.476128223183935,0.0,-0.15261999510244095,1.3389134730011638,0,5.55674,0.18522
400.0864725112915,31.0,31.15261999510244,23.476128223183935,0.0,-0.15261999510244095,1.3350979731236028,0,5.55674,0.18522
400.1334180831909,31.0,31.147186109601932,23.47690804784702,0.0,-0.14718610960193246,1.3314183203835546,0,5.55674,0.18522
400.1688838005066,31.0,31.146348457273632,23.477297961368095,0.0,-0.146348457273632,1.3277596089517139,0,5.55674,0.18522
400.2069802284241,31.0,31.143424643844526,23.478470660601317,0.0,-0.1434246438445257,1.3241739928556007,0,5.55674,0.18522
400.24456691741943,31.0,31.14049777437151,23.478860577301077,0.0,-0.1404977743715108,1.320661548496313,0,5.55674,0.18522
400.2989001274109,31.0,31.13673345603155,23.480426159917045,0.0,-0.13673345603154985,1.3172432120955242,0,5.55674,0.18522
400.3343098163605,31.0,31.134644349987866,23.48081608059607,0.0,-0.134644349987866,1.3138771033458276,0,5.55674,0.18522
400.3825798034668,31.0,31.132972471520304,23.48159592433518,0.0,-0.13297247152030423,1.3105527915578201,0,5.55674,0.18522
400.4156930446625,31.0,31.129208499794856,23.482378725220997,0.0,-0.12920849979485638,1.3073225790629488,0,5.55674,0.18522
400.4506998062134,31.0,31.127536732502563,23.483158575322705,0.0,-0.1275367325025627,1.3041341607503847,0,5.55674,0.18522
400.4854691028595,31.0,31.123776171078987,23.48433131043231,0.0,-0.12377617107898686,1.30103975647341,0,5.55674,0.18522
400.52198672294617,31.0,31.120012622649085,23.48472123906265,0.0,-0.12001262264908519,1.298039440907183,0,5.55674,0.18522
400.5700991153717,31.0,31.11792394378631,23.485114122501045,0.0,-0.11792394378630888,1.2950913423125252,0,5.55674,0.18522
400.60733461380005,31.0,31.114163824256366,23.4855040527259,0.0,-0.11416382425636584,1.292237246706116,0,5.55674,0.18522
400.6464874744415,31.0,31.109983658868828,23.486286869590856,0.013204629670342749,-0.10998365886882766,1.2894876552343955,0,5.55674,0.18522
400.69807529449463,31.0,31.107475030210196,23.48667680220518,0.026626756951294794,-0.10747503021019611,1.2868007794791405,0,5.55674,0.18522
400.73240089416504,31.0,31.10455260634683,23.487066735614007,0.04236176884114534,-0.10455260634682872,1.2841869643204697,0,5.55674,0.18522
400.77519035339355,31.0,31.10037293162202,23.487849558871744,0.06508219233153129,-0.10037293162201877,1.2816776410299193,0,5.55674,0.18522
400.8175196647644,31.0,31.096610459003443,23.487849558871744,0.08554191969965869,-0.09661045900344334,1.2792623795548332,0,5.55674,0.18522
400.850825548172,31.0,31.093688422726302,23.488239494670665,0.1013250843532455,-0.09368842272630218,1.2769201689866756,0,5.55674,0.18522
400.88439083099365,31.0,31.092014221864076,23.487849558871744,0.11022211836568957,-0.09201422186407626,1.2746198134400737,0,5.55674,0.18522
400.92780232429504,31.0,31.086584360411678,23.489019368653146,0.13993349678659187,-0.08658436041167761,1.2724552044297817,0,5.55674,0.18522
400.9726665019989,31.0,31.08240560196481,23.49058503435458,0.16269186011419254,-0.08240560196480828,1.2703950643806614,0,5.55674,0.18522
401.01135993003845,31.0,31.07739326781683,23.489412260916993,0.19024590132656055,-0.07739326781683076,1.2684602326852406,0,5.55674,0.18522
401.06367802619934,31.0,31.074051881840887,23.49058503435458,0.20841004411009914,-0.07405188184088729,1.2666089356392183,0,5.55674,0.18522
401.114444732666,31.0,31.069873761692236,23.490974975730694,0.23128321375762392,-0.0698737616922358,1.2648620915969124,0,5.55674,0.18522
401.14691162109375,31.0,31.065695854197884,23.49214775875322,0.2541343812175775,-0.06569585419788382,1.2632196952419654,0,5.55674,0.18522
401.1830506324768,31.0,31.064025382276895,23.49214775875322,0.26312028982717706,-0.06402538227689547,1.261619060685043,0,5.55674,0.18522
401.21617126464844,31.0,31.06110450641296,23.49214775875322,0.27906789315839753,-0.061104506412959836,1.260091448024719,0,5.55674,0.18522
401.25604462623596,31.0,31.056510257799857,23.49292764867579,0.30429525257257417,-0.0565102577998573,1.2586786915797226,0,5.55674,0.18522
401.29391074180603,31.0,31.051079587321112,23.49292764867579,0.3342355524195453,-0.051079587321112285,1.2574017018966948,0,5.55674,0.18522
401.33142042160034,31.0,31.04732253112178,23.493710495927303,0.35485324329310963,-0.047322531121778866,1.2562186386186502,0,5.55674,0.18522
401.3862829208374,31.0,31.045232545611384,23.49449039222702,0.36621728487303407,-0.04523254561138401,1.2550878249783657,0,5.55674,0.18522
401.41943192481995,31.0,31.040639184069107,23.49449039222702,0.3915532209476335,-0.04063918406910716,1.254071845376638,0,5.55674,0.18522
401.45449328422546,31.0,31.03896922136505,23.495663196822193,0.4005921478400364,-0.038969221365050544,1.2530976148425117,0,5.55674,0.18522
401.5053324699402,31.0,31.034796041230038,23.496446055282036,0.42358013456830845,-0.0347960412300381,1.2522277138117608,0,5.55674,0.18522
401.53818345069885,31.0,31.03061991625856,23.497615917677706,0.4465839659953275,-0.030619916258558533,1.2514622159052968,0,5.55674,0.18522
401.5782678127289,31.0,31.02769707048759,23.497615917677706,0.46269720871980236,-0.027697070487590736,1.250769789143107,0,5.55674,0.18522
401.6187469959259,31.0,31.023521305644238,23.49839878414201,0.48575176525273356,-0.0235213056442376,1.2501817565020013,0,5.55674,0.18522
401.66524863243103,31.0,31.018512560927093,23.49839878414201,0.5134983349589088,-0.018512560927092636,1.249718942478824,0,5.55674,0.18522
401.7005293369293,31.0,31.015173566974568,23.499571612738748,0.5319218190971001,-0.01517356697456762,1.2493396033044597,0,5.55674,0.18522
401.7416925430298,31.0,31.01016532972875,23.500351532973525,0.5596642043403943,-0.010165329728749839,1.249085470061241,0,5.55674,0.18522
401.79100704193115,31.0,31.006826673958813,23.501134410656732,0.5781444673171089,-0.006826673958812535,1.2489148032122708,0,5.55674,0.18522
401.83035111427307,31.0,31.00223545417407,23.501134410656732,0.6036463306732279,-0.002235454174069673,1.248858916857919,0,5.55674,0.18522
401.8672811985016,31.0,30.9997301128285,23.50191433727815,0.6175290940959367,0.00026988717149833974,1.2488656640372064,0,5.55674,0.18522
401.9032201766968,31.0,30.997644489978768,23.501524373568998,0.6291492735987678,0.0023555100212320212,1.2489245517877372,0,5.55674,0.18522
401.9471514225006,31.0,30.993053781263313,23.503477154383177,0.6545906188247561,0.00694621873668666,1.2490982072561543,0,5.55674,0.18522
401.986132144928,31.0,30.989296215957836,23.503477154383177,0.6755199961323215,0.010703784042163988,1.2493658018572085,0,5.55674,0.18522
402.0219397544861,31.0,30.985125550318116,23.50387007638784,0.6987440166734794,0.014874449681883561,1.2497376630992556,0,5.55674,0.18522
402.0600759983063,31.0,30.983037141845784,23.504650014193658,0.7103872887504453,0.01696285815421561,1.250161734553111,0,5.55674,0.18522
402.11545181274414,31.0,30.97719492615596,23.504650014193658,0.7429565612571559,0.02280507384404018,1.250731861399212,0,5.55674,0.18522
402.15691113471985,31.0,30.97385760392018,23.505432909517197,0.7615820765049919,0.02614239607981972,1.2513854213012074,0,5.55674,0.18522
402.2097542285919,31.0,30.97010406605159,23.506995755456046,0.7824977565758952,0.029895933948409947,1.2521328196499177,0,5.55674,0.18522
402.2423937320709,31.0,30.965931215218973,23.506605781356768,0.8058629681522106,0.03406878478102726,1.2529845392694434,0,5.55674,0.18522
402.2786478996277,31.0,30.965098562709898,23.507385730353064,0.810611394854432,0.03490143729010242,1.253857075201696,0,5.55674,0.18522
402.334192276001,31.0,30.95925761490389,23.507385730353064,0.8432566807801714,0.0407423850961095,1.2548756348290988,0,5.55674,0.18522
402.36537623405457,31.0,30.955921016666593,23.508558614208255,0.8619412186507069,0.04407898333340654,1.255977609412434,0,5.55674,0.18522
402.39922404289246,31.0,30.95550158614509,23.509338571196395,0.8644379165956455,0.04449841385491027,1.2570900697588068,0,5.55674,0.18522
402.4331376552582,31.0,30.950913218162725,23.509338571196395,0.8901615808412677,0.049086781837274884,1.2583172393047386,0,5.55674,0.18522
402.4680438041687,31.0,30.948412585877122,23.509338571196395,0.9042958198090649,0.05158741412287782,1.2596069246578105,0,5.55674,0.18522
402.5172667503357,31.0,30.9446570492932,23.510121485777972,0.9253804556339105,0.05534295070680173,1.2609904984254805,0,5.55674,0.18522
402.5486171245575,31.0,30.940904836092386,23.510904403577058,0.9464639987410246,0.059095163907613824,1.2624678775231708,0,5.55674,0.18522
402.58236145973206,31.0,30.93798516426773,23.510904403577058,0.9629750156528257,0.06201483573227051,1.2640182484164775,0,5.55674,0.18522
402.6200704574585,31.0,30.93464942327347,23.51168437016912,0.9817734481015612,0.06535057672653011,1.2656520128346407,0,5.55674,0.18522
402.6703038215637,31.0,30.931313816568945,23.512074354662957,1.0,0.06868618343105481,1.267369167420417,0,5.55674,0.18522
402.7003481388092,31.0,30.928810623348625,23.512074354662957,1.0,0.07118937665137537,1.2691489018367015,0,5.55674,0.18522
402.73541259765625,31.0,30.925059127693146,23.513637255080482,1.0,0.07494087230685409,1.2710224236443728,0,5.55674,0.18522
402.7771866321564,31.0,30.922972234683016,23.513637255080482,1.0,0.07702776531698419,1.2729481177772974,0,5.55674,0.18522
402.83250069618225,31.0,30.918804910624374,23.51403019803547,1.0,0.08119508937562614,1.2749779950116882,0,5.55674,0.18522
402.8661756515503,31.0,30.916718174980247,23.51442018733411,1.0,0.08328182501975334,1.277060040637182,0,5.55674,0.18522
402.9037709236145,31.0,30.91588601709759,23.51520016832842,1.0,0.08411398290240868,1.279162890209742,0,5.55674,0.18522
402.95605874061584,31.0,30.91129984215297,23.51520016832842,1.0,0.088700157847029,1.2813803941559179,0,5.55674,0.18522
402.9884366989136,31.0,30.910048538086926,23.51559311450984,1.0,0.08995146191307413,1.2836291807037448,0,5.55674,0.18522
403.02644395828247,31.0,30.9046306406579,23.516766048914633,1.0,0.09536935934210078,1.2860134146872972,0,5.55674,0.18522
403.0827970504761,31.0,30.903379437114893,23.516766048914633,1.0,0.09662056288510712,1.2884289287594248,0,5.55674,0.18522
403.1157863140106,31.0,30.902544261363232,23.517546039524234,1.0,0.09745573863676782,1.2908653222253441,0,5.55674,0.18522
403.1504096984863,31.0,30.899625939594443,23.51715604381974,1.0,0.10037406040555652,1.293374673735483,0,5.55674,0.18522
403.1994152069092,31.0,30.897126853534417,23.51832898785983,1.0,0.10287314646558343,1.2959465023971226,0,5.55674,0.18522
403.23378705978394,31.0,30.896707720359416,23.51832898785983,1.0,0.10329227964058418,1.2985288093881373,0,5.55674,0.18522
403.2694945335388,31.0,30.89545978748697,23.51910898487796,1.0,0.10454021251302947,1.301142314700963,0,5.55674,0.18522
403.30238342285156,31.0,30.892957675517835,23.51910898487796,1.0,0.10704232448216544,1.3038183728130173,0,5.55674,0.18522
403.33530378341675,31.0,30.890874740526215,23.51910898487796,1.0,0.10912525947378526,1.3065465042998619,0,5.55674,0.18522
403.37149691581726,31.0,30.89045563888675,23.519891939647437,1.0,0.10954436111325094,1.309285113327693,0,5.55674,0.18522
403.41846108436584,31.0,30.887121807877577,23.520281940961866,1.0,0.11287819212242312,1.3121070681307536,0,5.55674,0.18522
403.4509401321411,31.0,30.886705876150018,23.520671943076195,1.0,0.1132941238499825,1.3149394212270031,0,5.55674,0.18522
403.4873867034912,31.0,30.88295628253985,23.5210649005611,1.0,0.11704371746014886,1.317865514163507,0,5.55674,0.18522
403.5285530090332,31.0,30.881705405309674,23.52145490428154,1.0,0.118294594690326,1.320822879030765,0,5.55674,0.18522
403.58348846435547,31.0,30.882121312023685,23.52184490880211,1.0,0.11787868797631518,1.3237698462301728,0,5.55674,0.18522
403.61621356010437,31.0,30.880038648515324,23.523017881766123,1.0,0.11996135148467602,1.3267688800172897,0,5.55674,0.18522
403.6508345603943,31.0,30.880038648515324,23.522627874838747,1.0,0.11996135148467602,1.3297679138044065,0,5.55674,0.18522
403.68721175193787,31.0,30.879203707290912,23.522234914122862,1.0,0.12079629270908754,1.3327878211221338,0,5.55674,0.18522
403.7404315471649,31.0,30.877952886497837,23.524190861969885,1.0,0.12204711350216257,1.335838998959688,0,5.55674,0.18522
403.7804777622223,31.0,30.877952886497837,23.524970883041078,1.0,0.12204711350216257,1.338890176797242,0,5.55674,0.18522
403.8353555202484,31.0,30.87587032735678,23.524970883041078,1.0,0.12412967264322106,1.3419934186133227,0,5.55674,0.18522
403.8677248954773,31.0,30.87587032735678,23.525360894777634,1.0,0.12412967264322106,1.3450966604294032,0,5.55674,0.18522
403.91163873672485,31.0,30.877952886497837,23.52653388944782,1.0,0.12204711350216257,1.3481478382669574,0,5.55674,0.18522
403.9515883922577,31.0,30.87587032735678,23.526143875302694,1.0,0.12412967264322106,1.351251080083038,0,5.55674,0.18522
403.989816904068,31.0,30.87587032735678,23.525753861958492,1.0,0.12412967264322106,1.3543543218991185,0,5.55674,0.18522
404.02305841445923,31.0,30.87587032735678,23.52692685905555,1.0,0.12412967264322106,1.357457563715199,0,5.55674,0.18522
404.0622024536133,31.0,30.87587032735678,23.526143875302694,1.0,0.12412967264322106,1.3605608055312797,0,5.55674,0.18522
404.11786937713623,31.0,30.87587032735678,23.525360894777634,1.0,0.12412967264322106,1.3636640473473602,0,5.55674,0.18522
404.1529760360718,31.0,30.87628620489528,23.524970883041078,1.0,0.12371379510472025,1.3667568922249782,0,5.55674,0.18522
404.18737983703613,31.0,30.877121116836065,23.524970883041078,1.0,0.12287888316393492,1.3698288643040766,0,5.55674,0.18522
404.2386083602905,31.0,30.876705235123836,23.523017881766123,1.0,0.12329476487616375,1.3729112334259808,0,5.55674,0.18522
404.2734897136688,31.0,30.879619601494653,23.522627874838747,1.0,0.12038039850534688,1.3759207433886145,0,5.55674,0.18522
404.313499212265,31.0,30.877952886497837,23.52184490880211,1.0,0.12204711350216257,1.3789719212261686,0,5.55674,0.18522
404.36831521987915,31.0,30.87837192512177,23.51949898458662,1.0,0.12162807487823102,1.3820126230981244,0,5.55674,0.18522
404.3997268676758,31.0,30.880038648515324,23.51949898458662,1.0,0.11996135148467602,1.3850116568852413,0,5.55674,0.18522
404.4373445510864,31.0,30.882537220817767,23.51832898785983,1.0,0.11746277918223313,1.387948226364797,0,5.55674,0.18522
404.4868824481964,31.0,30.882121312023685,23.517546039524234,1.0,0.11787868797631518,1.3908951935642049,0,5.55674,0.18522
404.5170521736145,31.0,30.883372195510105,23.51715604381974,1.0,0.11662780448989452,1.3938108886764522,0,5.55674,0.18522
404.55234360694885,31.0,30.885454942510194,23.515983107010925,1.0,0.11454505748980637,1.3966745151136974,0,5.55674,0.18522
404.58621764183044,31.0,30.88503901912179,23.51520016832842,1.0,0.11496098087820883,1.3995485396356526,0,5.55674,0.18522
404.6261043548584,31.0,30.886705876150018,23.51559311450984,1.0,0.1132941238499825,1.4023808927319021,0,5.55674,0.18522
404.67165517807007,31.0,30.88754089270782,23.51442018733411,1.0,0.11245910729218167,1.4051923704142066,0,5.55674,0.18522
404.70166277885437,31.0,30.888788706668038,23.51403019803547,1.0,0.11121129333196222,1.4079726527475056,0,5.55674,0.18522
404.7359836101532,31.0,30.891290693115252,23.513637255080482,1.0,0.108709306884748,1.4106903854196242,0,5.55674,0.18522
404.77048802375793,31.0,30.891290693115252,23.512467294392536,1.0,0.108709306884748,1.4134081180917428,0,5.55674,0.18522
404.80403542518616,31.0,30.893792754888693,23.51168437016912,1.0,0.10620724511130675,1.4160632992195255,0,5.55674,0.18522
404.83992195129395,31.0,30.89545978748697,23.512074354662957,1.0,0.10454021251302947,1.4186768045323512,0,5.55674,0.18522
404.8862497806549,31.0,30.89754283742309,23.510904403577058,1.0,0.10245716257691129,1.421238233596774,0,5.55674,0.18522
404.9181592464447,31.0,30.8979588233949,23.510904403577058,1.0,0.10204117660509837,1.4237892630119013,0,5.55674,0.18522
404.9499161243439,31.0,30.900461085998074,23.50973150528239,1.0,0.0995389140019256,1.4262777358619494,0,5.55674,0.18522
404.98326110839844,31.0,30.900877086585353,23.510121485777972,1.0,0.09912291341464652,1.4287558086973156,0,5.55674,0.18522
405.01895475387573,31.0,30.902128252424745,23.510511467071865,1.0,0.09787174757525463,1.4312026023866968,0,5.55674,0.18522
405.0532035827637,31.0,30.905878711338744,23.510511467071865,1.0,0.09412128866125613,1.4335556346032283,0,5.55674,0.18522
405.0865457057953,31.0,30.905462685693863,23.509338571196395,1.0,0.09453731430613743,1.4359190674608817,0,5.55674,0.18522
405.1193859577179,31.0,30.907129952546768,23.508168636911307,1.0,0.09287004745323202,1.4382408186472124,0,5.55674,0.18522
405.1525752544403,31.0,30.911715897054535,23.50973150528239,1.0,0.08828410294546529,1.440447921220849,0,5.55674,0.18522
405.20549511909485,31.0,30.914218574337724,23.508558614208255,1.0,0.08578142566227598,1.4425924568624058,0,5.55674,0.18522
405.23405146598816,31.0,30.914634643873626,23.508948592303284,1.0,0.08536535612637408,1.444726590765565,0,5.55674,0.18522
405.26795077323914,31.0,30.916718174980247,23.508168636911307,1.0,0.08328182501975334,1.4468086363910588,0,5.55674,0.18522
405.3002953529358,31.0,30.918804910624374,23.508948592303284,1.0,0.08119508937562614,1.4488385136254496,0,5.55674,0.18522
405.3352038860321,31.0,30.920472445574603,23.508558614208255,1.0,0.07952755442539683,1.4508267024860846,0,5.55674,0.18522
405.3710513114929,31.0,30.92339150051282,23.508948592303284,1.0,0.07660849948717896,1.452741914973264,0,5.55674,0.18522
405.4062919616699,31.0,30.923807616063982,23.508948592303284,1.0,0.0761923839360179,1.4546467245716646,0,5.55674,0.18522
405.4525761604309,31.0,30.927559055086476,23.510121485777972,1.0,0.07244094491352371,1.4564577481945027,0,5.55674,0.18522
405.4865458011627,31.0,30.93339776683365,23.510904403577058,1.0,0.06660223316634983,1.4581228040236613,0,5.55674,0.18522
405.5200843811035,31.0,30.933813932619785,23.510904403577058,1.0,0.06618606738021526,1.4597774557081666,0,5.55674,0.18522
405.5533838272095,31.0,30.935484922351975,23.512074354662957,1.0,0.064515077648025,1.4613903326493674,0,5.55674,0.18522
405.5877001285553,31.0,30.940488634682765,23.512074354662957,0.9858366780021819,0.05951136531723478,1.4628781167822982,0,5.55674,0.18522
405.6220541000366,31.0,30.940904836092386,23.51324726738568,0.9837374149057054,0.059095163907613824,1.4643554958799885,0,5.55674,0.18522
405.67218947410583,31.0,30.9459088758922,23.513637255080482,0.9561617261083519,0.05409112410779926,1.4657077739826834,0,5.55674,0.18522
405.7054262161255,31.0,30.947160721419436,23.51403019803547,0.9494300570129313,0.05283927858056359,1.4670287559471975,0,5.55674,0.18522
405.7370762825012,31.0,30.94924507045596,23.51403019803547,0.9380828920489799,0.05075492954404126,1.4682976291857985,0,5.55674,0.18522
405.7703769207001,31.0,30.952165139377485,23.51403019803547,0.922078327592093,0.04783486062251541,1.4694935007013614,0,5.55674,0.18522
405.80465960502625,31.0,30.954669038627173,23.513637255080482,0.9083948767518901,0.04533096137282655,1.470626774735682,0,5.55674,0.18522
405.8454313278198,31.0,30.957589298962887,23.51481017743174,0.892303951359092,0.042410701037113085,1.47168704226161,0,5.55674,0.18522
405.8877112865448,31.0,30.963430128939535,23.513637255080482,0.8600774953086745,0.03656987106046472,1.4726012890381215,0,5.55674,0.18522
405.9197607040405,31.0,30.964262764647003,23.51324726738568,0.8556362460661742,0.03573723535299678,1.4734947199219464,0,5.55674,0.18522
405.9576213359833,31.0,30.966347544618202,23.513637255080482,0.8441874838733477,0.03365245538179806,1.4743360313064913,0,5.55674,0.18522
405.9932246208191,31.0,30.973024871559403,23.512857280489754,0.8072482417179796,0.026975128440597018,1.4750104095175063,0,5.55674,0.18522
406.0532648563385,31.0,30.97385760392018,23.512467294392536,0.8027620264129451,0.02614239607981972,1.4756639694195017,0,5.55674,0.18522
406.09274649620056,31.0,30.980535537777428,23.512074354662957,0.7657647755177319,0.019464462222572365,1.4761505809750661,0,5.55674,0.18522
406.1431140899658,31.0,30.982620728345296,23.51168437016912,0.7542783978651095,0.017379271654704098,1.4765850627664336,0,5.55674,0.18522
406.18093729019165,31.0,30.987210856800118,23.512467294392536,0.7287912970421853,0.012789143199881892,1.4769047913464306,0,5.55674,0.18522
406.21532559394836,31.0,30.989715818039997,23.51129438647382,0.7149796796122343,0.010284181960003025,1.4771618958954307,0,5.55674,0.18522
406.2611758708954,31.0,30.99347024739575,23.512074354662957,0.6941075089622069,0.006529752604251371,1.477325139710537,0,5.55674,0.18522
406.30391359329224,31.0,30.996808362493766,23.510904403577058,0.6756332784252365,0.0031916375062337465,1.4774049306481927,0,5.55674,0.18522
406.3355996608734,31.0,30.999313615095502,23.510904403577058,0.6617154193883652,0.0006863849044975723,1.477422090270805,0,5.55674,0.18522
406.37315607070923,31.0,31.00557392402402,23.51129438647382,0.6268826909135877,-0.005573924024020016,1.4772827421702046,0,5.55674,0.18522
406.424364566803,31.0,31.00932907527846,23.510904403577058,0.6059931028330572,-0.009329075278458276,1.4770495152882432,0,5.55674,0.18522
406.4607102870941,31.0,31.011418149442477,23.510511467071865,0.5943519500508423,-0.011418149442476988,1.4767640615521813,0,5.55674,0.18522
406.4961566925049,31.0,31.01559014484303,23.510121485777972,0.571117075464963,-0.01559014484303134,1.4763743079311056,0,5.55674,0.18522
406.545471906662,31.0,31.019348908583936,23.50973150528239,0.5501610167750636,-0.01934890858393601,1.4758905852165072,0,5.55674,0.18522
406.5780293941498,31.0,31.022688071790526,23.510121485777972,0.5314810886411176,-0.02268807179052601,1.475323383421744,0,5.55674,0.18522
406.61878776550293,31.0,31.028113711706396,23.508558614208255,0.5012822261351808,-0.028113711706396316,1.4746205406290842,0,5.55674,0.18522
406.65335845947266,31.0,31.032289709508916,23.508168636911307,0.47794778370294233,-0.032289709508916076,1.4738132978913614,0,5.55674,0.18522
406.7034101486206,31.0,31.03604607903344,23.509338571196395,0.45684767612898136,-0.03604607903344004,1.4729121459155254,0,5.55674,0.18522
406.74116110801697,31.0,31.03729929256224,23.509338571196395,0.44971118001075683,-0.037299292562238406,1.4719796636014695,0,5.55674,0.18522
406.7754135131836,31.0,31.040639184069107,23.508948592303284,0.4309841007157597,-0.04063918406910716,1.4709636839997418,0,5.55674,0.18522
406.82229685783386,31.0,31.046902635508275,23.509338571196395,0.3959425377332462,-0.04690263550827467,1.4697911181120349,0,5.55674,0.18522
406.85523438453674,31.0,31.048992663475588,23.509338571196395,0.38410193519793656,-0.048992663475587506,1.4685663015251451,0,5.55674,0.18522
406.88844561576843,31.0,31.05274979601552,23.50973150528239,0.3629601077927264,-0.05274979601551877,1.4672475566247571,0,5.55674,0.18522
406.9207556247711,31.0,31.05692704501513,23.50973150528239,0.33948462050468775,-0.05692704501512935,1.465824380499379,0,5.55674,0.18522
406.95402932167053,31.0,31.06110450641296,23.510904403577058,0.31592842974818824,-0.061104506412959836,1.4642967678390548,0,5.55674,0.18522
406.9888823032379,31.0,31.065279022483708,23.510511467071865,0.2924496157325581,-0.06527902248370765,1.4626647922769622,0,5.55674,0.18522
407.02904629707336,31.0,31.066532681830836,23.51168437016912,0.2851150973705928,-0.06653268183083583,1.4610014752311913,0,5.55674,0.18522
407.07744908332825,31.0,31.06904005795525,23.512467294392536,0.27082239961619786,-0.06904005795524881,1.4592754737823102,0,5.55674,0.18522
407.10692620277405,31.0,31.075722557820086,23.512857280489754,0.23331884246493306,-0.07572255782008597,1.457382409836808,0,5.55674,0.18522
407.14361691474915,31.0,31.079064011836294,23.51403019803547,0.21432496488858555,-0.07906401183629441,1.4554058095409006,0,5.55674,0.18522
407.17660760879517,31.0,31.08198868536641,23.51481017743174,0.19765364642305155,-0.08198868536641157,1.4533560924067404,0,5.55674,0.18522
407.21159195899963,31.0,31.086584360411678,23.51559311450984,0.1716755749711183,-0.08658436041167761,1.4511914833964483,0,5.55674,0.18522
407.26235270500183,31.0,31.0890923494523,23.516373100311228,0.15728677003054908,-0.08909234945230082,1.4489641746601407,0,5.55674,0.18522
407.30827498435974,31.0,31.095359498825417,23.517936036028175,0.1219400965901477,-0.09535949882541672,1.4465801871895052,0,5.55674,0.18522
407.36851930618286,31.0,31.099535758619766,23.51871898596903,0.0982326345302264,-0.0995357586197656,1.4440917932240112,0,5.55674,0.18522
407.4242055416107,31.0,31.10455260634683,23.517546039524234,0.06993136720993454,-0.10455260634682872,1.4414779780653404,0,5.55674,0.18522
407.46672773361206,31.0,31.111655067486367,23.52184490880211,0.029727250560888374,-0.11165506748636744,1.4386866013781812,0,5.55674,0.18522
407.5060181617737,31.0,31.112909436258747,23.522627874838747,0.022194049578231345,-0.11290943625874661,1.4358638654717124,0,5.55674,0.18522
407.54833579063416,31.0,31.11708975109343,23.52458087210516,0.0,-0.117089751093431,1.4329366216943766,0,5.55674,0.18522
407.59748101234436,31.0,31.12043289276812,23.52653388944782,0.0,-0.12043289276812175,1.4299257993751735,0,5.55674,0.18522
407.64305424690247,31.0,31.125864999391865,23.527316874808605,0.0,-0.12586499939186524,1.4267791743903768,0,5.55674,0.18522
407.6857080459595,31.0,31.129208499794856,23.528879900524203,0.0,-0.12920849979485638,1.4235489618955055,0,5.55674,0.18522
407.7282190322876,31.0,31.133389647822185,23.53044293910932,0.0,-0.13338964782218454,1.4202142206999508,0,5.55674,0.18522
407.7752592563629,31.0,31.13547872179015,23.53122594059346,0.0,-0.1354787217901503,1.416827252655197,0,5.55674,0.18522
407.81881642341614,31.0,31.1388257761339,23.533179026302264,0.0,-0.13882577613389913,1.4133566082518496,0,5.55674,0.18522
407.8646762371063,31.0,31.142587030097218,23.535522164740314,0.0,-0.14258703009721785,1.4097919324994193,0,5.55674,0.18522
407.91668176651,31.0,31.147603358496212,23.53630518719268,0.0,-0.14760335849621242,1.406101848537014,0,5.55674,0.18522
407.97244238853455,31.0,31.150530482659406,23.538258325217328,0.0,-0.1505304826594056,1.402338586470529,0,5.55674,0.18522
408.0159683227539,31.0,31.15261999510244,23.54021443824172,0.0,-0.15261999510244095,1.3985230865929679,0,5.55674,0.18522
408.07310366630554,31.0,31.15931248502983,23.54177757026872,0.0,-0.15931248502982953,1.3945402744672222,0,5.55674,0.18522
408.1265106201172,31.0,31.16140222235714,23.54334071519827,0.0,-0.16140222235713964,1.3905052189082936,0,5.55674,0.18522
408.1718924045563,31.0,31.163912507111547,23.544903873034286,0.0,-0.16391250711154726,1.386407406230505,0,5.55674,0.18522
408.21101546287537,31.0,31.163912507111547,23.546857099742283,0.0,-0.16391250711154726,1.3823095935527163,0,5.55674,0.18522
408.25262904167175,31.0,31.169347506731015,23.546857099742283,0.0,-0.16934750673101462,1.378075905884441,0,5.55674,0.18522
408.30641508102417,31.0,31.17227541118831,23.549203362417927,0.0,-0.17227541118830914,1.3737690206047333,0,5.55674,0.18522
408.3594310283661,31.0,31.17520342081832,23.55154965420371,0.0,-0.1752034208183204,1.3693889350842752,0,5.55674,0.18522
408.3954985141754,31.0,31.173530711291164,23.55154965420371,0.0,-0.17353071129116415,1.365050667301996,0,5.55674,0.18522
408.45374751091003,31.0,31.178548942876716,23.552719855953114,0.0,-0.1785489428767164,1.3605869437300782,0,5.55674,0.18522
408.4950168132782,31.0,31.178548942876716,23.552719855953114,0.0,-0.1785489428767164,1.3561232201581603,0,5.55674,0.18522
408.542133808136,31.0,31.180221755418472,23.5535029495544,0.0,-0.18022175541847218,1.3516176762726986,0,5.55674,0.18522
408.57479906082153,31.0,31.183988081029725,23.554676118494285,0.0,-0.18398808102972453,1.3470179742469555,0,5.55674,0.18522
408.6115052700043,31.0,31.182732619809997,23.55623937004094,0.0,-0.18273261980999678,1.3424496587517056,0,5.55674,0.18522
408.6463084220886,31.0,31.18356748355376,23.55584633960666,0.0,-0.18356748355375885,1.3378604716628617,0,5.55674,0.18522
408.70251274108887,31.0,31.182732619809997,23.55584633960666,0.0,-0.18273261980999678,1.3332921561676119,0,5.55674,0.18522
408.7460660934448,31.0,31.18566100527329,23.557019523100735,0.0,-0.185661005273289,1.3286506310357797,0,5.55674,0.18522
408.8099100589752,31.0,31.186916511635673,23.55819271388367,0.0,-0.18691651163567258,1.323977718244888,0,5.55674,0.18522
408.8609359264374,31.0,31.18775141827041,23.55858279404606,0.0,-0.18775141827040898,1.3192839327881278,0,5.55674,0.18522
408.9090392589569,31.0,31.18900695686409,23.559755994543934,0.0,-0.18900695686409108,1.3145587588665255,0,5.55674,0.18522
408.95174956321716,31.0,31.18649589903572,23.559755994543934,0.0,-0.1864958990357195,1.3098963613906325,0,5.55674,0.18522
408.9937448501587,31.0,31.18733396388302,23.56053911732272,0.0,-0.18733396388302026,1.305213012293557,0,5.55674,0.18522
409.0389063358307,31.0,31.189841884934253,23.56014607793702,0.0,-0.18984188493425336,1.3004669651702008,0,5.55674,0.18522
409.08394289016724,31.0,31.189424419828924,23.562102417419737,0.0,-0.18942441982892433,1.2957313546744778,0,5.55674,0.18522
409.12683176994324,31.0,31.18816887479801,23.562102417419737,0.0,-0.18816887479800926,1.2910271328045275,0,5.55674,0.18522
409.16976046562195,31.0,31.18733396388302,23.562882594714324,0.0,-0.18733396388302026,1.286343783707452,0,5.55674,0.18522
409.2173764705658,31.0,31.18566100527329,23.562882594714324,0.0,-0.185661005273289,1.28170225857562,0,5.55674,0.18522
409.2611391544342,31.0,31.18816887479801,23.562882594714324,0.0,-0.18816887479800926,1.2769980367056697,0,5.55674,0.18522
409.30139088630676,31.0,31.18566100527329,23.563275639800963,0.0,-0.185661005273289,1.2723565115738376,0,5.55674,0.18522
409.35356187820435,31.0,31.18649589903572,23.564055821948386,0.0,-0.1864958990357195,1.2676941140979445,0,5.55674,0.18522
409.40441513061523,31.0,31.18356748355376,23.563665730471257,0.0,-0.18356748355375885,1.2631049270091006,0,5.55674,0.18522
409.44831800460815,31.0,31.182315191146984,23.564445914232465,0.0,-0.18231519114698358,1.258547047230426,0,5.55674,0.18522
409.49197697639465,31.0,31.184405518266203,23.564445914232465,0.0,-0.18440551826620322,1.253936909273771,0,5.55674,0.18522
409.54498386383057,31.0,31.182315191146984,23.56561915119272,0.0,-0.18231519114698358,1.2493790294950966,0,5.55674,0.18522
409.5885920524597,31.0,31.179386925962547,23.56561915119272,0.0,-0.17938692596254668,1.2448943563460328,0,5.55674,0.18522
409.6662118434906,31.0,31.17771413056073,23.566009246711246,0.0,-0.17771413056073015,1.2404515030820147,0,5.55674,0.18522
409.72646832466125,31.0,31.175620813046862,23.56561915119272,0.0,-0.17562081304686217,1.236060982755843,0,5.55674,0.18522
409.7787444591522,31.0,31.172692788422296,23.566009246711246,0.0,-0.17269278842229596,1.2317436630452856,0,5.55674,0.18522
409.8293013572693,31.0,31.170185395214105,23.566009246711246,0.0,-0.17018539521410503,1.2274890281649329,0,5.55674,0.18522
409.8863778114319,31.0,31.17060276174709,23.566402298315154,0.0,-0.17060276174709088,1.2232239591212557,0,5.55674,0.18522
409.94621777534485,31.0,31.163492013220605,23.567182493400708,0.0,-0.1634920132206048,1.2191366587907406,0,5.55674,0.18522
409.9938716888428,31.0,31.163074683081277,23.566792395454286,0.0,-0.16307468308127682,1.2150597917137087,0,5.55674,0.18522
410.0452928543091,31.0,31.161819543939544,23.568355747393753,0.0,-0.16181954393954356,1.21101430311522,0,5.55674,0.18522
410.0772306919098,31.0,31.160567585597107,23.568355747393753,0.0,-0.16056758559710715,1.2070001134752923,0,5.55674,0.18522
410.10903692245483,31.0,31.160567585597107,23.568745848576384,0.0,-0.16056758559710715,1.2029859238353646,0,5.55674,0.18522
410.15072798728943,31.0,31.154712722297916,23.569529008691973,0.0,-0.15471272229791566,1.1991181057779168,0,5.55674,0.18522
410.19063234329224,31.0,31.154712722297916,23.56991911230392,0.0,-0.15471272229791566,1.195250287720469,0,5.55674,0.18522
410.23785948753357,31.0,31.15136817789636,23.570309216723672,0.0,-0.1513681778963587,1.19146608327306,0,5.55674,0.18522
410.27023553848267,31.0,31.147186109601932,23.57109238333885,0.0,-0.14718610960193246,1.1877864305330117,0,5.55674,0.18522
410.3049097061157,31.0,31.147186109601932,23.57109238333885,0.0,-0.14718610960193246,1.1841067777929635,0,5.55674,0.18522
410.3389413356781,31.0,31.143841873520103,23.57109238333885,0.0,-0.14384187352010258,1.180510730954961,0,5.55674,0.18522
410.3875377178192,31.0,31.140914989096586,23.57109238333885,0.0,-0.1409149890965864,1.1769878562275462,0,5.55674,0.18522
410.41602516174316,31.0,31.139242982319956,23.57109238333885,0.0,-0.13924298231995635,1.1735067816695472,0,5.55674,0.18522
410.4543526172638,31.0,31.13966019063662,23.570702277297073,0.0,-0.1396601906366186,1.1700152769036318,0,5.55674,0.18522
410.4914252758026,31.0,31.132972471520304,23.570702277297073,0.0,-0.13297247152030423,1.1666909651156243,0,5.55674,0.18522
410.53840231895447,31.0,31.132134964918293,23.570309216723672,0.0,-0.13213496491829346,1.163387590992667,0,5.55674,0.18522
410.58640217781067,31.0,31.124610431963504,23.56991911230392,0.0,-0.12461043196350374,1.1602723301935793,0,5.55674,0.18522
410.6291198730469,31.0,31.12335904382809,23.568745848576384,0.0,-0.12335904382808849,1.1571883540978771,0,5.55674,0.18522
410.6771869659424,31.0,31.120850005096315,23.567965647018752,0.0,-0.12085000509631527,1.1541671039704693,0,5.55674,0.18522
410.72613167762756,31.0,31.118761304853876,23.566402298315154,0.0,-0.11876130485387648,1.1511980713491223,0,5.55674,0.18522
410.7723321914673,31.0,31.113326510235254,23.56561915119272,0.0,-0.11332651023525386,1.148364908593241,0,5.55674,0.18522
410.82789516448975,31.0,31.10872933493056,23.564838962577255,0.0,-0.10872933493055825,1.145646675219977,0,5.55674,0.18522
410.87267994880676,31.0,31.10455260634683,23.562102417419737,0.012367247630471923,-0.10455260634682872,1.1430328600613062,0,5.55674,0.18522
410.9224591255188,31.0,31.100789941743813,23.56249250566367,0.032788673922067135,-0.1007899417438125,1.140513111517711,0,5.55674,0.18522
410.9520215988159,31.0,31.099118754882568,23.56092920233459,0.04169626594203513,-0.09911875488256783,1.1380351426456468,0,5.55674,0.18522
411.0011866092682,31.0,31.094105398826912,23.56053911732272,0.06913844164496569,-0.09410539882691182,1.135682507674974,0,5.55674,0.18522
411.036235332489,31.0,31.092014221864076,23.559365911957116,0.0803926917141718,-0.09201422186407626,1.133382152128372,0,5.55674,0.18522
411.07251238822937,31.0,31.08992625701171,23.557802634527263,0.09165877520105964,-0.08992625701171164,1.1311339957030793,0,5.55674,0.18522
411.1092920303345,31.0,31.086584360411678,23.557019523100735,0.10986807699899437,-0.08658436041167761,1.1289693866927872,0,5.55674,0.18522
411.1454219818115,31.0,31.08240560196481,23.55662944616796,0.13272678628012036,-0.08240560196480828,1.126909246643667,0,5.55674,0.18522
411.1782879829407,31.0,31.08115170010859,23.55584633960666,0.13935879984920127,-0.08115170010859174,1.1248804541409523,0,5.55674,0.18522
411.22614669799805,31.0,31.072381239873835,23.554283091312584,0.1878390134341929,-0.0723812398738346,1.1230709231441065,0,5.55674,0.18522
411.2745130062103,31.0,31.071964374212143,23.5531128798832,0.18988223812946298,-0.07196437421214341,1.121271813788803,0,5.55674,0.18522
411.3259787559509,31.0,31.066532681830836,23.551939720648534,0.21981685374933035,-0.06653268183083583,1.119608496743032,0,5.55674,0.18522
411.37937903404236,31.0,31.06110450641296,23.550376504671192,0.24977707485713763,-0.061104506412959836,1.118080884082708,0,5.55674,0.18522
411.42408537864685,31.0,31.057760625788774,23.550376504671192,0.2680906894990627,-0.05776062578877372,1.1166368684379886,0,5.55674,0.18522
411.4539303779602,31.0,31.054420038654712,23.548420286626595,0.2865018420074536,-0.05442003865471179,1.1152763674716208,0,5.55674,0.18522
411.48877573013306,31.0,31.050662829762302,23.548813301618452,0.3071249157590761,-0.05066282976230241,1.1140097967275633,0,5.55674,0.18522
411.54173970222473,31.0,31.044399091886476,23.54646704378098,0.34184567121765175,-0.04439909188647562,1.1128998194304014,0,5.55674,0.18522
411.57456970214844,31.0,31.04356248963552,23.54529392577348,0.3463529270662527,-0.04356248963551934,1.1118107571895135,0,5.55674,0.18522
411.61105489730835,31.0,31.037715982397685,23.54529392577348,0.3786658038385218,-0.037715982397685366,1.1108678576295714,0,5.55674,0.18522
411.6672987937927,31.0,31.03437620956123,23.5437307647162,0.3971450773467561,-0.03437620956123055,1.1100084523905407,0,5.55674,0.18522
411.69927954673767,31.0,31.030203262354405,23.54216761656653,0.420273406375577,-0.03020326235440507,1.1092533708316805,0,5.55674,0.18522
411.7305977344513,31.0,31.026860638042763,23.542557663667708,0.43870310973023846,-0.02686063804276273,1.1085818548806115,0,5.55674,0.18522
411.77082920074463,31.0,31.023104687663476,23.54021443824172,0.4595871902459725,-0.023104687663476398,1.1080042376890245,0,5.55674,0.18522
411.8008315563202,31.0,31.021018473264917,23.539821441103527,0.47110257924249915,-0.021018473264916793,1.1074787758574016,0,5.55674,0.18522
411.8564784526825,31.0,31.017259633344963,23.53786828696866,0.4920097677889586,-0.017259633344963277,1.1070472850237776,0,5.55674,0.18522
411.9096989631653,31.0,31.01183470832666,23.53591515296307,0.5222000771273196,-0.011834708326659893,1.106751417315611,0,5.55674,0.18522
411.95219445228577,31.0,31.006826673958813,23.535522164740314,0.5500169746892368,-0.006826673958812535,1.1065807504666407,0,5.55674,0.18522
411.99322295188904,31.0,31.003484997950522,23.53474210030521,0.5686096859779377,-0.0034849979505224837,1.1064936255178777,0,5.55674,0.18522
412.0363075733185,31.0,30.99806097928422,23.53395908430781,0.598798701366394,0.0019390207157812256,1.106542101035772,0,5.55674,0.18522
412.0735580921173,31.0,30.99597539863288,23.533179026302264,0.6104463902110641,0.004024601367120795,1.1066427160699501,0,5.55674,0.18522
412.1078510284424,31.0,30.992217700297203,23.53161596517981,0.6314431769074941,0.007782299702796536,1.10683727356252,0,5.55674,0.18522
412.1427767276764,31.0,30.991384782776095,23.53200599056794,0.6360913642127997,0.008615217223905347,1.1070526539931176,0,5.55674,0.18522
412.1762614250183,31.0,30.987210856800118,23.53122594059346,0.6593840288555887,0.012789143199881892,1.1073723825731145,0,5.55674,0.18522
412.2149705886841,31.0,30.98178475303564,23.53005291693387,0.6896800083129242,0.01821524696435972,1.1078277637472236,0,5.55674,0.18522
412.2614047527313,31.0,30.978447245371967,23.529269920289266,0.7083656449545428,0.021552754628032744,1.1083665826129243,0,5.55674,0.18522
412.2910153865814,31.0,30.975109872549638,23.529269920289266,0.7270258117464535,0.024890127450362343,1.1089888357991833,0,5.55674,0.18522
412.3257439136505,31.0,30.975109872549638,23.52848988156046,0.7271810879920694,0.024890127450362343,1.1096110889854423,0,5.55674,0.18522
412.36064076423645,31.0,30.970936768981403,23.52848988156046,0.750504516805053,0.02906323101859698,1.110337669760907,0,5.55674,0.18522
412.39204597473145,31.0,30.967599699461857,23.52848988156046,0.769197774078736,0.0324003005381428,1.1111476772743607,0,5.55674,0.18522
412.4279911518097,31.0,30.963846445745276,23.527706891362698,0.7902612121142887,0.03615355425472444,1.1120515161307287,0,5.55674,0.18522
412.46125531196594,31.0,30.961342268693897,23.527316874808605,0.8043752886386122,0.038657731306102505,1.1130179594133813,0,5.55674,0.18522
412.49609565734863,31.0,30.958421875869305,23.52653388944782,0.8208358534638437,0.041578124130694505,1.1140574125166487,0,5.55674,0.18522
412.5496573448181,31.0,30.95425276800961,23.52692685905555,0.8441941718024746,0.04574723199038999,1.1152010933164085,0,5.55674,0.18522
412.6000654697418,31.0,30.947576956367527,23.527316874808605,0.8815126552201062,0.052423043632472854,1.1165116694072204,0,5.55674,0.18522
412.6322491168976,31.0,30.946744488564207,23.526143875302694,0.8864452466919895,0.053255511435793323,1.1178430571931153,0,5.55674,0.18522
412.6698923110962,31.0,30.94257281575989,23.52692685905555,0.9098518907924609,0.05742718424011173,1.1192787367991182,0,5.55674,0.18522
412.7071454524994,31.0,30.93882069698867,23.52692685905555,0.9309847300158287,0.06117930301132901,1.1208082193744013,0,5.55674,0.18522
412.7402205467224,31.0,30.937568977528485,23.52653388944782,0.9382494590859594,0.06243102247151455,1.1223689949361892,0,5.55674,0.18522
412.79616832733154,31.0,30.93464942327347,23.52653388944782,0.9547752688425067,0.06535057672653011,1.1240027593543525,0,5.55674,0.18522
412.8283360004425,31.0,30.9308976633381,23.52692685905555,0.975922639088298,0.06910233666189924,1.1257303177709,0,5.55674,0.18522
412.85928559303284,31.0,30.929226766100612,23.52653388944782,0.9855552586906962,0.07077323389938783,1.1274996486183846,0,5.55674,0.18522
412.90600991249084,31.0,30.922972234683016,23.527316874808605,1.0,0.07702776531698419,1.1294253427513092,0,5.55674,0.18522
412.9464247226715,31.0,30.921304649470756,23.52692685905555,1.0,0.07869535052924448,1.1313927265145403,0,5.55674,0.18522
412.99777579307556,31.0,30.915469941286347,23.52653388944782,1.0,0.08453005871365349,1.1335059779823815,0,5.55674,0.18522
413.0591504573822,31.0,30.911715897054535,23.52692685905555,1.0,0.08828410294546529,1.135713080556018,0,5.55674,0.18522
413.1171431541443,31.0,30.90754598654678,23.528879900524203,1.0,0.0924540134532208,1.1380244308923486,0,5.55674,0.18522
413.15896701812744,31.0,30.90629789080151,23.52965994085565,1.0,0.09370210919848887,1.140366983622311,0,5.55674,0.18522
413.20547890663147,31.0,30.902963423992333,23.529269920289266,1.0,0.09703657600766746,1.1427928980225026,0,5.55674,0.18522
413.2533812522888,31.0,30.899209945273697,23.53122594059346,1.0,0.10079005472630342,1.1453126493906602,0,5.55674,0.18522
413.293340921402,31.0,30.8979588233949,23.530832962086265,1.0,0.10204117660509837,1.1478636788057877,0,5.55674,0.18522
413.33412528038025,31.0,30.893792754888693,23.53161596517981,1.0,0.10620724511130675,1.1505188599335703,0,5.55674,0.18522
413.36901593208313,31.0,30.892957675517835,23.532788998502497,1.0,0.10704232448216544,1.1531949180456245,0,5.55674,0.18522
413.4109642505646,31.0,30.893373638532807,23.53395908430781,1.0,0.10662636146719251,1.1558605770823043,0,5.55674,0.18522
413.4511423110962,31.0,30.887956828613255,23.53395908430781,1.0,0.11204317138674469,1.158661656366973,0,5.55674,0.18522
413.4917223453522,31.0,30.887121807877577,23.53513213212159,1.0,0.11287819212242312,1.1614836111700335,0,5.55674,0.18522
413.5429151058197,31.0,30.884623097814085,23.53435206929106,1.0,0.11537690218591479,1.1643680337246813,0,5.55674,0.18522
413.5795319080353,31.0,30.88503901912179,23.53513213212159,1.0,0.11496098087820883,1.1672420582466365,0,5.55674,0.18522
413.62148571014404,31.0,30.881289500675678,23.53591515296307,1.0,0.11871049932432243,1.1702098207297447,0,5.55674,0.18522
413.6764738559723,31.0,30.879203707290912,23.537088212879326,1.0,0.12079629270908754,1.173229728047472,0,5.55674,0.18522
413.70946073532104,31.0,30.87837192512177,23.53669522222475,1.0,0.12162807487823102,1.1762704299194278,0,5.55674,0.18522
413.7446279525757,31.0,30.876705235123836,23.53630518719268,1.0,0.12329476487616375,1.179352799041332,0,5.55674,0.18522
413.78350281715393,31.0,30.87628620489528,23.537088212879326,1.0,0.12371379510472025,1.18244564391895,0,5.55674,0.18522
413.82459139823914,31.0,30.87628620489528,23.537088212879326,1.0,0.12371379510472025,1.1855384887965679,0,5.55674,0.18522
413.85750436782837,31.0,30.873368804808933,23.53747824952262,1.0,0.12663119519106658,1.1887042686763445,0,5.55674,0.18522
413.8930706977844,31.0,30.874203687473994,23.53591515296307,1.0,0.1257963125260062,1.1918491764894947,0,5.55674,0.18522
413.93113684654236,31.0,30.87503542796827,23.53591515296307,1.0,0.12496457203172895,1.194973290790288,0,5.55674,0.18522
413.994074344635,31.0,30.871702215029472,23.53395908430781,1.0,0.12829778497052757,1.198180735414551,0,5.55674,0.18522
414.0539994239807,31.0,30.86961981232338,23.53395908430781,1.0,0.13038018767662152,1.2014402401064666,0,5.55674,0.18522
414.0983965396881,31.0,30.868784975642257,23.53395908430781,1.0,0.13121502435774346,1.2047206157154102,0,5.55674,0.18522
414.1372265815735,31.0,30.868784975642257,23.533179026302264,1.0,0.13121502435774346,1.208000991324354,0,5.55674,0.18522
414.34882497787476,31.0,30.868369135589376,23.527706891362698,1.0,0.13163086441062433,1.2112917629346196,0,5.55674,0.18522
414.4059398174286,31.0,30.870035658624715,23.525360894777634,1.0,0.12996434137528468,1.2145408714690018,0,5.55674,0.18522
414.44416069984436,31.0,30.869203968099725,23.52458087210516,1.0,0.13079603190027456,1.2178107722665086,0,5.55674,0.18522
414.4822778701782,31.0,30.871286360401143,23.523797898021996,1.0,0.12871363959885684,1.22102861325648,0,5.55674,0.18522
414.53121972084045,31.0,30.871702215029472,23.522627874838747,1.0,0.12829778497052757,1.2242360578807432,0,5.55674,0.18522
414.57550859451294,31.0,30.871702215029472,23.52184490880211,1.0,0.12829778497052757,1.2274435025050063,0,5.55674,0.18522
414.61485981941223,31.0,30.873368804808933,23.52145490428154,1.0,0.12663119519106658,1.230609282384783,0,5.55674,0.18522
414.65931391716003,31.0,30.874203687473994,23.519891939647437,1.0,0.1257963125260062,1.2337541901979332,0,5.55674,0.18522
414.69622683525085,31.0,30.8725370809737,23.519891939647437,1.0,0.12746291902629991,1.2369407631735907,0,5.55674,0.18522
414.73309779167175,31.0,30.876705235123836,23.51871898596903,1.0,0.12329476487616375,1.2400231322954949,0,5.55674,0.18522
414.7790367603302,31.0,30.879203707290912,23.517936036028175,1.0,0.12079629270908754,1.2430430396132222,0,5.55674,0.18522
414.8351993560791,31.0,30.876705235123836,23.51832898785983,1.0,0.12329476487616375,1.2461254087351263,0,5.55674,0.18522
414.8834674358368,31.0,30.879203707290912,23.51715604381974,1.0,0.12079629270908754,1.2491453160528536,0,5.55674,0.18522
414.9221613407135,31.0,30.880870447352606,23.516373100311228,1.0,0.11912955264739367,1.2521235548690384,0,5.55674,0.18522
414.9660232067108,31.0,30.881705405309674,23.516373100311228,1.0,0.118294594690326,1.2550809197362964,0,5.55674,0.18522
415.0147399902344,31.0,30.88503901912179,23.516373100311228,1.0,0.11496098087820883,1.2579549442582516,0,5.55674,0.18522
415.0506477355957,31.0,30.886705876150018,23.517546039524234,1.0,0.1132941238499825,1.2607872973545011,0,5.55674,0.18522
415.0903787612915,31.0,30.889207799902238,23.517546039524234,1.0,0.11079220009776236,1.2635571023569452,0,5.55674,0.18522
415.14880204200745,31.0,30.890039690476954,23.51832898785983,1.0,0.10996030952304636,1.2663061100950213,0,5.55674,0.18522
415.20209550857544,31.0,30.89212575573447,23.51871898596903,1.0,0.10787424426553116,1.2690029662016595,0,5.55674,0.18522
415.2383277416229,31.0,30.894208722084045,23.51910898487796,1.0,0.1057912779159551,1.2716477481495585,0,5.55674,0.18522
415.27612137794495,31.0,30.89754283742309,23.51871898596903,1.0,0.10245716257691129,1.2742091772139812,0,5.55674,0.18522
415.3278851509094,31.0,30.900461085998074,23.51949898458662,1.0,0.0995389140019256,1.2766976500640292,0,5.55674,0.18522
415.3594150543213,31.0,30.902128252424745,23.519891939647437,1.0,0.09787174757525463,1.2791444437534105,0,5.55674,0.18522
415.3988778591156,31.0,30.902544261363232,23.5210649005611,1.0,0.09745573863676782,1.2815808372193298,0,5.55674,0.18522
415.4495975971222,31.0,30.907129952546768,23.52184490880211,1.0,0.09287004745323202,1.2839025884056605,0,5.55674,0.18522
415.50603008270264,31.0,30.91088378933722,23.522234914122862,1.0,0.0891162106627803,1.28613049367223,0,5.55674,0.18522
415.56854033470154,31.0,30.915469941286347,23.522627874838747,1.0,0.08453005871365349,1.2882437451400712,0,5.55674,0.18522
415.62516808509827,31.0,30.91922100316293,23.523797898021996,1.0,0.08077899683706846,1.290263220060998,0,5.55674,0.18522
415.6664237976074,31.0,30.920056346757974,23.523797898021996,1.0,0.0799436532420259,1.2922618113920488,0,5.55674,0.18522
415.7105088233948,31.0,30.9242237337034,23.523407889493853,1.0,0.07577626629660017,1.2941562180494637,0,5.55674,0.18522
415.772545337677,31.0,30.928810623348625,23.523407889493853,1.0,0.07118937665137537,1.295935952465748,0,5.55674,0.18522
415.8178448677063,31.0,30.931729971889524,23.523407889493853,1.0,0.06827002811047578,1.29764270316851,0,5.55674,0.18522
415.8591845035553,31.0,30.936317276981754,23.522627874838747,0.978164323886205,0.06368272301824618,1.2992347712439662,0,5.55674,0.18522
415.9001181125641,31.0,30.937568977528485,23.522627874838747,0.9714980362397139,0.06243102247151455,1.3007955468057542,0,5.55674,0.18522
415.94545674324036,31.0,30.941321039593618,23.52145490428154,0.9509806990055196,0.05867896040638243,1.3022625208159138,0,5.55674,0.18522
415.9807291030884,31.0,30.9446570492932,23.52145490428154,0.9326996260007194,0.05534295070680173,1.3036460945835837,0,5.55674,0.18522
416.0223619937897,31.0,30.9459088758922,23.519891939647437,0.9260742131723737,0.05409112410779926,1.3049983726862786,0,5.55674,0.18522
416.0652015209198,31.0,30.952165139377485,23.51949898458662,0.8915514448162767,0.04783486062251541,1.3061942442018415,0,5.55674,0.18522
416.1063742637634,31.0,30.954669038627173,23.517546039524234,0.8779480351308914,0.04533096137282655,1.3073275182361621,0,5.55674,0.18522
416.15207171440125,31.0,30.958841321197212,23.516766048914633,0.8549943509863884,0.04115867880278756,1.3083564852062317,0,5.55674,0.18522
416.2062146663666,31.0,30.963430128939535,23.51520016832842,0.8297452190102033,0.03656987106046472,1.3092707319827432,0,5.55674,0.18522
416.2596695423126,31.0,30.96843553126064,23.513637255080482,0.8021578495096076,0.03156446873936147,1.3100598437012272,0,5.55674,0.18522
416.31353092193604,31.0,30.973441236690803,23.51324726738568,0.7744854359014108,0.02655876330919682,1.310723812783957,0,5.55674,0.18522
416.3716473579407,31.0,30.97552624818752,23.51129438647382,0.7631130939481441,0.02447375181247935,1.311335656579269,0,5.55674,0.18522
416.41792035102844,31.0,30.99180124048587,23.510511467071865,0.6727553279132257,0.00819875951412996,1.3115406255671223,0,5.55674,0.18522
416.4822301864624,31.0,30.986374835016875,23.508168636911307,0.7030917503464063,0.01362516498312516,1.3118812546917005,0,5.55674,0.18522
416.53785371780396,31.0,30.993053781263313,23.507385730353064,0.6660509167009233,0.00694621873668666,1.3120549101601175,0,5.55674,0.18522
416.5754613876343,31.0,30.994303185966317,23.50582288121734,0.6592148659401218,0.005696814033683495,1.3121973305109595,0,5.55674,0.18522
416.63374495506287,31.0,31.00223545417407,23.504650014193658,0.615187140516129,-0.002235454174069673,1.3121414441566077,0,5.55674,0.18522
416.6675474643707,31.0,31.00473771614702,23.504260044892078,0.6012807920125282,-0.004737716147019455,1.3120230012529321,0,5.55674,0.18522
416.7155952453613,31.0,31.008912529057397,23.503087187479593,0.5781013500492896,-0.008912529057397478,1.3118001880264971,0,5.55674,0.18522
416.75630402565,31.0,31.01559014484303,23.50191433727815,0.5409835621671198,-0.01559014484303134,1.3114104344054214,0,5.55674,0.18522
416.81216263771057,31.0,31.018512560927093,23.501134410656732,0.5246987501612106,-0.018512560927092636,1.310947620382244,0,5.55674,0.18522
416.84915828704834,31.0,31.023521305644238,23.500351532973525,0.4967977108084375,-0.0235213056442376,1.3103595877411383,0,5.55674,0.18522
416.88613200187683,31.0,31.025190954914592,23.500351532973525,0.48740325720515576,-0.025190954914592112,1.3097298138682734,0,5.55674,0.18522
416.9360201358795,31.0,31.031036572271944,23.499961572457778,0.45479697479875975,-0.031036572271943896,1.3089538995614747,0,5.55674,0.18522
416.9686915874481,31.0,31.03437620956123,23.50074444854141,0.43604013155902666,-0.03437620956123055,1.308094494322444,0,5.55674,0.18522
417.0120904445648,31.0,31.041892467575394,23.499961572457778,0.3941204250207841,-0.04189246757539422,1.3070471826330592,0,5.55674,0.18522
417.05017948150635,31.0,31.042729052837103,23.500351532973525,0.38925387311867315,-0.042729052837103154,1.3059789563121316,0,5.55674,0.18522
417.09019899368286,31.0,31.046485899125116,23.50074444854141,0.36814264226563154,-0.04648589912511625,1.3048168088340037,0,5.55674,0.18522
417.1311194896698,31.0,31.051079587321112,23.500351532973525,0.342400347145011,-0.051079587321112285,1.303539819150976,0,5.55674,0.18522
417.16646218299866,31.0,31.054420038654712,23.50191433727815,0.3235061506815836,-0.05442003865471179,1.3021793181846082,0,5.55674,0.18522
417.2186963558197,31.0,31.065695854197884,23.502307256063887,0.26052501074756307,-0.06569585419788382,1.3005369218296612,0,5.55674,0.18522
417.2541763782501,31.0,31.064025382276895,23.50191433727815,0.2695310793769542,-0.06402538227689547,1.2989362872727388,0,5.55674,0.18522
417.29803490638733,31.0,31.06904005795525,23.502307256063887,0.24132598043986778,-0.06904005795524881,1.2972102858238577,0,5.55674,0.18522
417.34638690948486,31.0,31.073635007693042,23.504260044892078,0.2153518781321865,-0.0736350076930421,1.2953694106315317,0,5.55674,0.18522
417.38046526908875,31.0,31.07739326781683,23.504260044892078,0.19410983424529932,-0.07739326781683076,1.2934345789361108,0,5.55674,0.18522
417.43602418899536,31.0,31.083242600019048,23.50582288121734,0.16114097459066473,-0.08324260001904804,1.2913535139356347,0,5.55674,0.18522
417.4735143184662,31.0,31.08783834534171,23.507385730353064,0.13511669003713755,-0.08783834534170865,1.289157555302092,0,5.55674,0.18522
417.5076742172241,31.0,31.08783834534171,23.50777570604805,0.13468994556441058,-0.08783834534170865,1.2869615966685493,0,5.55674,0.18522
417.5430574417114,31.0,31.093688422726302,23.509338571196395,0.10166857426414755,-0.09368842272630218,1.2846193861003916,0,5.55674,0.18522
417.588502407074,31.0,31.0978645973438,23.510121485777972,0.07796932563635317,-0.0978645973438006,1.2821727711667965,0,5.55674,0.18522
417.6255090236664,31.0,31.10037293162202,23.51129438647382,0.06350620774435717,-0.10037293162201877,1.279663447876246,0,5.55674,0.18522
417.6620788574219,31.0,31.103715390621858,23.510904403577058,0.044472787389450874,-0.10371539062185775,1.2770705631106996,0,5.55674,0.18522
417.6998817920685,31.0,31.107475030210196,23.512467294392536,0.023003595206258054,-0.10747503021019611,1.2743836873554446,0,5.55674,0.18522
417.73422408103943,31.0,31.112072135070832,23.513637255080482,0.0,-0.11207213507083225,1.2715818839786739,0,5.55674,0.18522
417.782342672348,31.0,31.11708975109343,23.51481017743174,0.0,-0.117089751093431,1.2686546402013381,0,5.55674,0.18522
417.8185360431671,31.0,31.12043289276812,23.51520016832842,0.0,-0.12043289276812175,1.265643817882135,0,5.55674,0.18522
417.8527555465698,31.0,31.120012622649085,23.516373100311228,0.0,-0.12001262264908519,1.262643502315908,0,5.55674,0.18522
417.9004578590393,31.0,31.12419330045742,23.517936036028175,0.0,-0.12419330045742072,1.2595386698044724,0,5.55674,0.18522
417.9364080429077,31.0,31.129208499794856,23.517936036028175,0.0,-0.12920849979485638,1.256308457309601,0,5.55674,0.18522
417.97052931785583,31.0,31.130463137779316,23.51910898487796,0.0,-0.13046313777931573,1.2530468788651181,0,5.55674,0.18522
418.00753355026245,31.0,31.133389647822185,23.519891939647437,0.0,-0.13338964782218454,1.2497121376695635,0,5.55674,0.18522
418.04616808891296,31.0,31.137153812113695,23.519891939647437,0.0,-0.13715381211369504,1.246283292366721,0,5.55674,0.18522
418.08396577835083,31.0,31.140914989096586,23.52145490428154,0.0,-0.1409149890965864,1.2427604176393063,0,5.55674,0.18522
418.13258028030396,31.0,31.145931214791688,23.52184490880211,0.0,-0.14593121479168758,1.2391121372695142,0,5.55674,0.18522
418.1662907600403,31.0,31.146348457273632,23.52184490880211,0.0,-0.146348457273632,1.2354534258376735,0,5.55674,0.18522
418.2157120704651,31.0,31.149275536445998,23.523797898021996,0.0,-0.1492755364459981,1.2317215374265236,0,5.55674,0.18522
418.24619364738464,31.0,31.153457711783744,23.523797898021996,0.0,-0.15345771178374434,1.22788509463193,0,5.55674,0.18522
418.2804698944092,31.0,31.155547299167893,23.52458087210516,0.0,-0.15554729916789256,1.2239964121527327,0,5.55674,0.18522
418.3173921108246,31.0,31.156385045897707,23.525360894777634,0.0,-0.1563850458977072,1.22008678600529,0,5.55674,0.18522
418.35261034965515,31.0,31.158474708243318,23.525360894777634,0.0,-0.15847470824331822,1.216124918299207,0,5.55674,0.18522
418.4032390117645,31.0,31.162657355077272,23.525360894777634,0.0,-0.16265735507727186,1.2120584844222753,0,5.55674,0.18522
418.43550658226013,31.0,31.16516767846224,23.526143875302694,0.0,-0.16516767846223956,1.2079292924607192,0,5.55674,0.18522
418.4798002243042,31.0,31.168092271041075,23.526143875302694,0.0,-0.1680922710410755,1.2037269856846924,0,5.55674,0.18522
418.5215892791748,31.0,31.169768030817806,23.527316874808605,0.0,-0.16976803081780645,1.1994827849142473,0,5.55674,0.18522
418.56158113479614,31.0,31.17060276174709,23.526143875302694,0.0,-0.17060276174709088,1.1952177158705701,0,5.55674,0.18522
418.75845670700073,31.0,31.178966352242128,23.52692685905555,0.0,-0.17896635224212787,1.1907435570645168,0,5.55674,0.18522
418.8031642436981,31.0,31.179386925962547,23.528879900524203,0.0,-0.17938692596254668,1.186258883915453,0,5.55674,0.18522
418.8473174571991,31.0,31.181477177940337,23.52809690871794,0.0,-0.18147717794033724,1.1817219544669446,0,5.55674,0.18522
418.9032492637634,31.0,31.184405518266203,23.529269920289266,0.0,-0.18440551826620322,1.1771118165102896,0,5.55674,0.18522
418.93543910980225,31.0,31.186078451084597,23.53044293910932,0.0,-0.18607845108459742,1.1724598552331746,0,5.55674,0.18522
418.97519516944885,31.0,31.183988081029725,23.53005291693387,0.0,-0.18398808102972453,1.1678601532074315,0,5.55674,0.18522
419.0152258872986,31.0,31.18649589903572,23.530832962086265,0.0,-0.1864958990357195,1.1631977557315385,0,5.55674,0.18522
419.065078496933,31.0,31.18816887479801,23.53161596517981,0.0,-0.18816887479800926,1.1584935338615883,0,5.55674,0.18522
419.09647846221924,31.0,31.1906799842219,23.53122594059346,0.0,-0.19067998422190158,1.1537265342560408,0,5.55674,0.18522
419.13307094573975,31.0,31.18775141827041,23.532396016757787,0.0,-0.18775141827040898,1.1490327487992806,0,5.55674,0.18522
419.17221093177795,31.0,31.18733396388302,23.533569054903978,0.0,-0.18733396388302026,1.1443493997022052,0,5.55674,0.18522
419.23208451271057,31.0,31.18816887479801,23.533179026302264,0.0,-0.18816887479800926,1.139645177832255,0,5.55674,0.18522
419.28853034973145,31.0,31.189841884934253,23.53474210030521,0.0,-0.18984188493425336,1.1348991307088987,0,5.55674,0.18522
419.335426568985,31.0,31.18775141827041,23.535522164740314,0.0,-0.18775141827040898,1.1302053452521386,0,5.55674,0.18522
419.38741159439087,31.0,31.18775141827041,23.53747824952262,0.0,-0.18775141827040898,1.1255115597953784,0,5.55674,0.18522
419.4306917190552,31.0,31.1906799842219,23.537088212879326,0.0,-0.19067998422190158,1.120744560189831,0,5.55674,0.18522
419.4760813713074,31.0,31.18733396388302,23.538651319113228,0.0,-0.18733396388302026,1.1160612110927555,0,5.55674,0.18522
419.5205433368683,31.0,31.18733396388302,23.539041358973748,0.0,-0.18733396388302026,1.11137786199568,0,5.55674,0.18522
419.563289642334,31.0,31.18566100527329,23.539041358973748,0.0,-0.185661005273289,1.1067363368638479,0,5.55674,0.18522
419.609840631485,31.0,31.184822957642268,23.540994525202166,0.0,-0.1848229576422682,1.1021157629227911,0,5.55674,0.18522
419.66606616973877,31.0,31.18566100527329,23.54177757026872,0.0,-0.185661005273289,1.097474237790959,0,5.55674,0.18522
419.70818185806274,31.0,31.182732619809997,23.542950666483875,0.0,-0.18273261980999678,1.0929059222957092,0,5.55674,0.18522
419.7524366378784,31.0,31.18105975571052,23.5437307647162,0.0,-0.18105975571052113,1.0883794284029462,0,5.55674,0.18522
419.790158033371,31.0,31.180221755418472,23.544120815037843,0.0,-0.18022175541847218,1.0838738845174845,0,5.55674,0.18522
419.8325936794281,31.0,31.179386925962547,23.544903873034286,0.0,-0.17938692596254668,1.0793892113684207,0,5.55674,0.18522
419.8760190010071,31.0,31.178966352242128,23.545683979316493,0.0,-0.17896635224212787,1.0749150525623674,0,5.55674,0.18522
419.9153220653534,31.0,31.17729356547477,23.546857099742283,0.0,-0.17729356547476982,1.0704827134254982,0,5.55674,0.18522
419.96901178359985,31.0,31.175620813046862,23.548030227442155,0.0,-0.17562081304686217,1.0660921930993266,0,5.55674,0.18522
420.00124859809875,31.0,31.17394809495312,23.548813301618452,0.0,-0.17394809495311847,1.0617434907254986,0,5.55674,0.18522
420.04925751686096,31.0,31.172692788422296,23.549983486430506,0.0,-0.17269278842229596,1.057426171014941,0,5.55674,0.18522
420.0876655578613,31.0,31.17060276174709,23.55154965420371,0.0,-0.17060276174709088,1.053161101971264,0,5.55674,0.18522
420.125607252121,31.0,31.16851278865363,23.55154965420371,0.0,-0.1685127886536293,1.0489482822549232,0,5.55674,0.18522
420.16632056236267,31.0,31.16767491735942,23.5531128798832,0.0,-0.1676749173594203,1.0447564093209376,0,5.55674,0.18522
420.21300649642944,31.0,31.163074683081277,23.554283091312584,0.0,-0.16307468308127682,1.0406795422439057,0,5.55674,0.18522
420.25291752815247,31.0,31.160984902909718,23.55584633960666,0.0,-0.16098490290971768,1.0366549196711627,0,5.55674,0.18522
420.2921562194824,31.0,31.160147108948877,23.55584633960666,0.0,-0.16014710894887685,1.0326512419474407,0,5.55674,0.18522
420.3498604297638,31.0,31.157640101432378,23.557412555976725,0.0,-0.15764010143237783,1.0287102394116312,0,5.55674,0.18522
420.39965772628784,31.0,31.156802341817468,23.55662944616796,0.0,-0.15680234181746755,1.0247901808661946,0,5.55674,0.18522
420.4487578868866,31.0,31.153457711783744,23.557802634527263,0.0,-0.15345771178374434,1.020953738071601,0,5.55674,0.18522
420.50600814819336,31.0,31.14885827900605,23.55819271388367,0.0,-0.1488582790060491,1.0172322810964498,0,5.55674,0.18522
420.5390031337738,31.0,31.145513974441712,23.55858279404606,0.0,-0.14551397444171243,1.013594431735407,0,5.55674,0.18522
420.57614946365356,31.0,31.143004255493793,23.55897583017645,0.0,-0.1430042554937927,1.0100193253480623,0,5.55674,0.18522
420.6122295856476,31.0,31.14133220595255,23.55819271388367,0.0,-0.14133220595255125,1.0064860201992485,0,5.55674,0.18522
420.6505846977234,31.0,31.140914989096586,23.559365911957116,0.0,-0.1409149890965864,1.0029631454718337,0,5.55674,0.18522
420.6887958049774,31.0,31.13631626265959,23.559755994543934,0.0,-0.13631626265959085,0.9995552389053439,0,5.55674,0.18522
420.7283818721771,31.0,31.133806826253476,23.559365911957116,0.0,-0.13380682625347617,0.996210068249007,0,5.55674,0.18522
420.7839710712433,31.0,31.13088030127409,23.559755994543934,0.0,-0.13088030127408956,0.9929380607171548,0,5.55674,0.18522
420.83837938308716,31.0,31.125864999391865,23.56014607793702,0.0,-0.12586499939186524,0.9897914357323582,0,5.55674,0.18522
420.88613271713257,31.0,31.124610431963504,23.56092920233459,0.0,-0.12461043196350374,0.9866761749332705,0,5.55674,0.18522
420.9229440689087,31.0,31.118761304853876,23.56053911732272,0.0,-0.11876130485387648,0.9837071423119236,0,5.55674,0.18522
420.96025943756104,31.0,31.114997987120603,23.56092920233459,0.0,-0.11499798712060283,0.9808321926339085,0,5.55674,0.18522
420.996173620224,31.0,31.112909436258747,23.561319288152845,0.0,-0.11290943625874661,0.9780094567274399,0,5.55674,0.18522
421.0394468307495,31.0,31.109983658868828,23.5617123299823,0.0,-0.10998365886882766,0.9752598652557192,0,5.55674,0.18522
421.0764801502228,31.0,31.107475030210196,23.56249250566367,0.0,-0.10747503021019611,0.9725729895004642,0,5.55674,0.18522
421.1363184452057,31.0,31.10287818345563,23.563665730471257,0.0,-0.10287818345562982,0.9700010349140735,0,5.55674,0.18522
421.1853220462799,31.0,31.098701753268074,23.564055821948386,0.012272697855878145,-0.09870175326807384,0.9675334910823716,0,5.55674,0.18522
421.21863985061646,31.0,31.094105398826912,23.563665730471257,0.037397704339207194,-0.09410539882691182,0.9651808561116988,0,5.55674,0.18522
421.2583703994751,31.0,31.091597256402736,23.564055821948386,0.050890643622336695,-0.09159725640273564,0.9628909247016304,0,5.55674,0.18522
421.2984049320221,31.0,31.08825529168314,23.564445914232465,0.06903239153354573,-0.08825529168314006,0.9606845424095519,0,5.55674,0.18522
421.351637840271,31.0,31.083242600019048,23.565229056481485,0.09646097920468472,-0.08324260001904804,0.9586034774090757,0,5.55674,0.18522
421.3833830356598,31.0,31.081571770887308,23.565229056481485,0.1053676241890959,-0.08157177088730805,0.956564183136893,0,5.55674,0.18522
421.41810178756714,31.0,31.08115170010859,23.566009246711246,0.10728604505694411,-0.08115170010859174,0.9545353906341781,0,5.55674,0.18522
421.4521715641022,31.0,31.074468758106434,23.56561915119272,0.14409660377617386,-0.07446875810643405,0.9526736716815173,0,5.55674,0.18522
421.50140261650085,31.0,31.0707106319137,23.567182493400708,0.16457189580540776,-0.07071063191369831,0.9509059058836749,0,5.55674,0.18522
421.5335235595703,31.0,31.066115845868353,23.56757554745127,0.1897776108307178,-0.06611584586835306,0.949253009736966,0,5.55674,0.18522
421.5691714286804,31.0,31.066115845868353,23.568355747393753,0.18943143062435752,-0.06611584586835306,0.9476001135902572,0,5.55674,0.18522
421.60498547554016,31.0,31.059430970294216,23.568355747393753,0.22630235101424326,-0.05943097029421551,0.9461143393329018,0,5.55674,0.18522
421.63898611068726,31.0,31.056090315244035,23.56991911230392,0.24452556265832404,-0.05609031524403463,0.944712081451801,0,5.55674,0.18522
421.68916416168213,31.0,31.051496346993133,23.56991911230392,0.2698145959620869,-0.0514963469931331,0.9434246727769726,0,5.55674,0.18522
421.7219214439392,31.0,31.050246074316703,23.570702277297073,0.2764891887930233,-0.05024607431670347,0.942168520919055,0,5.55674,0.18522
421.7564744949341,31.0,31.044399091886476,23.570702277297073,0.3087737599473873,-0.04439909188647562,0.9410585436218931,0,5.55674,0.18522
421.79409551620483,31.0,31.040222479425893,23.571482490188657,0.3317558278341609,-0.04022247942589274,0.9400529816362458,0,5.55674,0.18522
421.85146975517273,31.0,31.035212718387697,23.572265661682934,0.3593905316455228,-0.03521271838769735,0.9391726636765534,0,5.55674,0.18522
421.8861496448517,31.0,31.032289709508916,23.57304588105211,0.3754433827239021,-0.032289709508916076,0.9383654209388305,0,5.55674,0.18522
421.951051235199,31.0,31.025610739735896,23.573438947337877,0.41241792310230996,-0.025610739735896004,0.9377251524454331,0,5.55674,0.18522
422.00403022766113,31.0,31.021018473264917,23.575002354448714,0.43775841199183474,-0.021018473264916793,0.9371996906138101,0,5.55674,0.18522
422.05508613586426,31.0,31.013920690168618,23.575392469400697,0.4771144713188657,-0.013920690168617966,0.9368516733595947,0,5.55674,0.18522
422.1011805534363,31.0,31.010998436938564,23.575002354448714,0.493321760629861,-0.010998436938564282,0.9365767124361306,0,5.55674,0.18522
422.1545181274414,31.0,31.00223545417407,23.57773908701074,0.541864608937639,-0.002235454174069673,0.9365208260817789,0,5.55674,0.18522
422.1900749206543,31.0,31.001399280150224,23.57734601174309,0.5465246992647896,-0.0013992801502240582,0.9364858440780233,0,5.55674,0.18522
422.23313212394714,31.0,30.997224847577968,23.57734601174309,0.5697337860596385,0.002775152422032079,0.9365552228885741,0,5.55674,0.18522
422.2869772911072,31.0,30.990965172209087,23.579302529853464,0.6044586245970609,0.009034827790912914,0.9367810935833469,0,5.55674,0.18522
422.3250768184662,31.0,30.986374835016875,23.579692653723328,0.6300090095957362,0.01362516498312516,0.937121722707925,0,5.55674,0.18522
422.38020849227905,31.0,30.981368345850058,23.580082778402584,0.6578950254243356,0.01863165414994228,0.9375875140616736,0,5.55674,0.18522
422.4335107803345,31.0,30.97636216015917,23.581256112808944,0.6857623508497545,0.023637839840830566,0.9381784600576943,0,5.55674,0.18522
422.4851965904236,31.0,30.969268217380943,23.582036369465982,0.7252838162706559,0.030731782619056958,0.9389467546231708,0,5.55674,0.18522
422.7207021713257,31.0,30.9459088758922,23.586336705767053,0.8551154292279016,0.05409112410779926,0.9402990327258658,0,5.55674,0.18522
422.79295563697815,31.0,30.93715279288017,23.58711993912806,0.9040215335149369,0.06284720711983027,0.9418702129038615,0,5.55674,0.18522
422.8437132835388,31.0,30.929226766100612,23.588683460023162,0.948311897323491,0.07077323389938783,0.9436395437513462,0,5.55674,0.18522
422.889018535614,31.0,30.927978344112205,23.58907360337298,0.9555625323842243,0.07202165588779508,0.945440085148541,0,5.55674,0.18522
422.93003487586975,31.0,30.922972234683016,23.589466703174367,0.9837166886536687,0.07702776531698419,0.9473657792814657,0,5.55674,0.18522
422.9683358669281,31.0,30.922140014052786,23.590637140541048,0.9886415997578327,0.07785998594721377,0.949312278930146,0,5.55674,0.18522
423.0059187412262,31.0,30.91588601709759,23.591030243617467,1.0,0.08411398290240868,0.9514151285027063,0,5.55674,0.18522
423.04300260543823,31.0,30.912131954041968,23.59142039184593,1.0,0.08786804595803233,0.953611829651657,0,5.55674,0.18522
423.09562826156616,31.0,30.907965174428398,23.593767209672876,1.0,0.09203482557160214,0.9559127002909471,0,5.55674,0.18522
423.1327862739563,31.0,30.90421146961262,23.594157363593922,1.0,0.09578853038738089,0.9583074135506316,0,5.55674,0.18522
423.18504452705383,31.0,30.900045087494505,23.593767209672876,1.0,0.09995491250549549,0.960806286363269,0,5.55674,0.18522
423.2188401222229,31.0,30.8979588233949,23.595330785960925,1.0,0.10204117660509837,0.9633573157783965,0,5.55674,0.18522
423.2585964202881,31.0,30.894624691361855,23.596111101121892,1.0,0.10537530863814482,0.9659916984943501,0,5.55674,0.18522
423.3170964717865,31.0,30.890874740526215,23.59728453571762,1.0,0.10912525947378526,0.9687198299811947,0,5.55674,0.18522
423.3525199890137,31.0,30.887956828613255,23.598067814788408,1.0,0.11204317138674469,0.9715209092658633,0,5.55674,0.18522
423.40990352630615,31.0,30.882121312023685,23.59963142695176,1.0,0.11787868797631518,0.9744678764652712,0,5.55674,0.18522
423.44753313064575,31.0,30.880038648515324,23.59963142695176,1.0,0.11996135148467602,0.9774669102523881,0,5.55674,0.18522
423.4999740123749,31.0,30.87503542796827,23.600411760020563,1.0,0.12496457203172895,0.9805910245531813,0,5.55674,0.18522
423.53501057624817,31.0,30.8725370809737,23.60158522155109,1.0,0.12746291902629991,0.9837775975288388,0,5.55674,0.18522
423.5710382461548,31.0,30.87045465737816,23.60197539174925,1.0,0.1295453426218387,0.9870162310943847,0,5.55674,0.18522
423.6223874092102,31.0,30.867537461715585,23.602758690434825,1.0,0.13246253828441468,0.9903277945514951,0,5.55674,0.18522
423.6586174964905,31.0,30.865036189605974,23.60393216667336,1.0,0.1349638103940265,0.9937018898113458,0,5.55674,0.18522
423.6986348628998,31.0,30.863369766647565,23.60432234176261,1.0,0.13663023335243452,0.9971176456451566,0,5.55674,0.18522
423.7515637874603,31.0,30.859621224404805,23.606276185316062,1.0,0.1403787755951953,1.0006271150350365,0,5.55674,0.18522
423.79629826545715,31.0,30.857120190053536,23.6058860061533,1.0,0.14287980994646432,1.0041991102836982,0,5.55674,0.18522
423.8552107810974,31.0,30.85336877930473,23.608233005209286,1.0,0.14663122069526935,1.0078648908010799,0,5.55674,0.18522
423.9082224369049,31.0,30.85128683496532,23.609403559825296,1.0,0.14871316503467824,1.011582719926947,0,5.55674,0.18522
423.94117045402527,31.0,30.85045533163975,23.609013374139238,1.0,0.1495446683602495,1.0153213366359533,0,5.55674,0.18522
423.9771418571472,31.0,30.85045533163975,23.610186889607633,1.0,0.1495446683602495,1.0190599533449596,0,5.55674,0.18522
424.03361654281616,31.0,30.8479545723863,23.610577077742505,1.0,0.1520454276137002,1.022861089035302,0,5.55674,0.18522
424.07213258743286,31.0,30.845453888152747,23.612140794424704,1.0,0.1545461118472531,1.0267247418314833,0,5.55674,0.18522
424.1296167373657,31.0,30.845872763279317,23.61253098663815,1.0,0.15412723672068296,1.0305779227495004,0,5.55674,0.18522
424.1848554611206,31.0,30.843787856788083,23.613314329526077,1.0,0.156212143211917,1.0344832263297983,0,5.55674,0.18522
424.2249639034271,31.0,30.842121858710527,23.61448787199754,1.0,0.15787814128947275,1.038430179862035,0,5.55674,0.18522
424.26576709747314,31.0,30.84170615171348,23.615661421840798,1.0,0.15829384828651882,1.042387526069198,0,5.55674,0.18522
424.31059861183167,31.0,30.839624498600585,23.616441821788214,1.0,0.1603755013994146,1.0463969136041833,0,5.55674,0.18522
424.35415053367615,31.0,30.839624498600585,23.616832022984795,1.0,0.1603755013994146,1.0504063011391687,0,5.55674,0.18522
424.40602016448975,31.0,30.837539748308757,23.61839874812017,1.0,0.16246025169124323,1.0544678074314497,0,5.55674,0.18522
424.4398789405823,31.0,30.84045589391485,23.619179159508406,1.0,0.1595441060851499,1.0584564100835785,0,5.55674,0.18522
424.4832384586334,31.0,30.83837427200541,23.61956936642605,1.0,0.16162572799458985,1.0624970532834432,0,5.55674,0.18522
424.5299696922302,31.0,30.837958583686543,23.61956936642605,1.0,0.16204141631345692,1.0665480886912797,0,5.55674,0.18522
424.56650733947754,31.0,30.83837427200541,23.620352738837255,1.0,0.16162572799458985,1.0705887318911445,0,5.55674,0.18522
424.6193549633026,31.0,30.83920565485795,23.6207429482086,1.0,0.16079434514205104,1.0746085905196958,0,5.55674,0.18522
424.65381932258606,31.0,30.837958583686543,23.621916537371987,1.0,0.16204141631345692,1.0786596259275323,0,5.55674,0.18522
424.6916856765747,31.0,30.837539748308757,23.6234803490147,1.0,0.16246025169124323,1.0827211322198134,0,5.55674,0.18522
424.74490427970886,31.0,30.837958583686543,23.62387056492787,1.0,0.16204141631345692,1.0867721676276498,0,5.55674,0.18522
424.78720211982727,31.0,30.837958583686543,23.624263737848082,1.0,0.16204141631345692,1.0908232030354863,0,5.55674,0.18522
424.84405493736267,31.0,30.839624498600585,23.624653955400447,1.0,0.1603755013994146,1.0948325905704717,0,5.55674,0.18522
424.8792428970337,31.0,30.84045589391485,23.626217789997952,1.0,0.1595441060851499,1.0988211932226004,0,5.55674,0.18522
424.92509293556213,31.0,30.842537567779743,23.62739141361527,1.0,0.1574624322202567,1.1027577540281068,0,5.55674,0.18522
424.9624819755554,31.0,30.84170615171348,23.62817186263078,1.0,0.15829384828651882,1.1067151002352698,0,5.55674,0.18522
425.0025544166565,31.0,30.843372141485816,23.627781637714463,1.0,0.15662785851418448,1.1106307966981244,0,5.55674,0.18522
425.0407783985138,31.0,30.843787856788083,23.628955271179905,1.0,0.156212143211917,1.1145361002784222,0,5.55674,0.18522
425.09049797058105,31.0,30.844206723544858,23.629735726745594,1.0,0.1557932764551424,1.1184309321898007,0,5.55674,0.18522
425.12374997138977,31.0,30.843372141485816,23.630128912037947,1.0,0.15662785851418448,1.1223466286526553,0,5.55674,0.18522
425.1609802246094,31.0,30.84503816454395,23.63129960398834,1.0,0.15496183545604936,1.1262206745390566,0,5.55674,0.18522
425.2019362449646,31.0,30.85087108226554,23.630909372520648,1.0,0.14912891773445835,1.1299488974824181,0,5.55674,0.18522
425.2382299900055,31.0,30.8483703105386,23.63129960398834,1.0,0.15162968946140154,1.1337396397189532,0,5.55674,0.18522
425.27419114112854,31.0,30.849620687023105,23.632083025691202,1.0,0.1503793129768951,1.1374991225433755,0,5.55674,0.18522
425.3151297569275,31.0,30.85336877930473,23.63247325961828,1.0,0.14663122069526935,1.1411649030607571,0,5.55674,0.18522
425.37303352355957,31.0,30.855038151978704,23.633646922645994,1.0,0.1449618480212962,1.1447889492612895,0,5.55674,0.18522
425.4086604118347,31.0,30.8567044082468,23.6344303542258,1.0,0.14329559175320128,1.1483713390551196,0,5.55674,0.18522
425.44613432884216,31.0,30.85795175989267,23.633646922645994,1.0,0.14204824010732864,1.1519225450578028,0,5.55674,0.18522
425.497109413147,31.0,30.859202280165448,23.63599427090162,1.0,0.14079771983455203,1.1554424880536667,0,5.55674,0.18522
425.5360310077667,31.0,30.862119183799223,23.634820593073243,1.0,0.1378808162007772,1.158889508458686,0,5.55674,0.18522
425.59278106689453,31.0,30.86420139888895,23.637164999737536,1.0,0.13579860111104836,1.1622844734864624,0,5.55674,0.18522
425.62437748908997,31.0,30.866286816267177,23.637164999737536,1.0,0.13371318373282293,1.165627303079783,0,5.55674,0.18522
425.6601700782776,31.0,30.868369135589376,23.637948446128746,1.0,0.13163086441062433,1.1689180746900487,0,5.55674,0.18522
425.72099590301514,31.0,30.871702215029472,23.63873189581966,1.0,0.12829778497052757,1.1721255193143119,0,5.55674,0.18522
425.7529594898224,31.0,30.87378782034466,23.63873189581966,1.0,0.12621217965534015,1.1752808238056953,0,5.55674,0.18522
425.80645537376404,31.0,30.87628620489528,23.63990264188584,1.0,0.12371379510472025,1.1783736686833133,0,5.55674,0.18522
425.8415775299072,31.0,30.879619601494653,23.63990264188584,1.0,0.12038039850534688,1.181383178645947,0,5.55674,0.18522
425.87475514411926,31.0,30.880870447352606,23.6406860998095,1.0,0.11912955264739367,1.1843614174621317,0,5.55674,0.18522
425.9121603965759,31.0,30.882537220817767,23.64107635178067,1.0,0.11746277918223313,1.1872979869416875,0,5.55674,0.18522
425.95142793655396,31.0,30.885454942510194,23.641466604571065,1.0,0.11454505748980637,1.1901616133789328,0,5.55674,0.18522
425.99130940437317,31.0,30.888788706668038,23.642250069085776,1.0,0.11121129333196222,1.1929418957122317,0,5.55674,0.18522
426.04104685783386,31.0,30.891290693115252,23.643030580414404,1.0,0.108709306884748,1.1956596283843504,0,5.55674,0.18522
426.0760307312012,31.0,30.893373638532807,23.642640324340334,1.0,0.10662636146719251,1.1983252874210302,0,5.55674,0.18522
426.118958234787,31.0,30.896707720359416,23.643423793802754,1.0,0.10329227964058418,1.2009075944120449,0,5.55674,0.18522
426.15908312797546,31.0,30.8979588233949,23.64537804712262,1.0,0.10204117660509837,1.2034586238271723,0,5.55674,0.18522
426.2072286605835,31.0,30.9046306406579,23.645768308947083,1.0,0.09536935934210078,1.2058428578107248,0,5.55674,0.18522
426.26271629333496,31.0,30.90754598654678,23.645768308947083,1.0,0.0924540134532208,1.2081542081470553,0,5.55674,0.18522
426.2997512817383,31.0,30.90963249154379,23.64694205589126,1.0,0.090367508456211,1.2104133958584606,0,5.55674,0.18522
426.3408966064453,31.0,30.91338328952247,23.64733232100218,1.0,0.08661671047752861,1.2125788136203988,0,5.55674,0.18522
426.3902266025543,31.0,30.917137409196698,23.648115810254126,1.0,0.08286259080330183,1.2146503783904814,0,5.55674,0.18522
426.43043756484985,31.0,30.920472445574603,23.64928957203739,1.0,0.07952755442539683,1.2166385672511164,0,5.55674,0.18522
426.4706575870514,31.0,30.9242237337034,23.65007011294915,1.0,0.07577626629660017,1.2185329739085313,0,5.55674,0.18522
426.5090093612671,31.0,30.926310658213595,23.65085361375651,1.0,0.0736893417864053,1.2203752074531915,0,5.55674,0.18522
426.54531598091125,31.0,30.928810623348625,23.650463341242755,0.9990410918506373,0.07118937665137537,1.222154941869476,0,5.55674,0.18522
426.5816841125488,31.0,30.931729971889524,23.652027392854336,0.983054906476395,0.06827002811047578,1.2238616925722379,0,5.55674,0.18522
426.6372447013855,31.0,30.937568977528485,23.65319822272778,0.9508380837672419,0.06243102247151455,1.2254224681340258,0,5.55674,0.18522
426.67539286613464,31.0,30.941740398267143,23.654372016660773,0.9278681289322274,0.058259601732856936,1.2268789581773472,0,5.55674,0.18522
426.7269837856293,31.0,30.946744488564207,23.654372016660773,0.9003082998606257,0.053255511435793323,1.228210345963242,0,5.55674,0.18522
426.77609729766846,31.0,30.95174888135557,23.655545818023086,0.8726633912393313,0.04825111864442988,1.229416623929353,0,5.55674,0.18522
426.80970191955566,31.0,30.954669038627173,23.657109912495116,0.8565664904112102,0.04533096137282655,1.2305498979636735,0,5.55674,0.18522
426.8460350036621,31.0,30.958005586368643,23.657109912495116,0.8382206172465994,0.041994413631357475,1.2315997583044576,0,5.55674,0.18522
426.90493845939636,31.0,30.96301066033851,23.657109912495116,0.8105800016525718,0.03698933966148843,1.2325244917959948,0,5.55674,0.18522
426.9393479824066,31.0,30.967183363756817,23.657893443042838,0.787505129424091,0.032816636243182984,1.2333449077020744,0,5.55674,0.18522
426.9944021701813,31.0,30.968851873272286,23.657893443042838,0.7783778872599193,0.031148126727714498,1.2341236108702673,0,5.55674,0.18522
427.03332686424255,31.0,30.974277127568598,23.657109912495116,0.7483904711321907,0.02572287243140181,1.2347666826810524,0,5.55674,0.18522
427.0876798629761,31.0,30.980535537777428,23.657109912495116,0.7137042429807015,0.019464462222572365,1.2352532942366168,0,5.55674,0.18522
427.1213388442993,31.0,30.984289549650043,23.65671962681654,0.6929369472073817,0.015710450349956773,1.2356460554953657,0,5.55674,0.18522
427.15618348121643,31.0,30.988463327918225,23.65671962681654,0.6697977671135182,0.011536672081774668,1.23593447229741,0,5.55674,0.18522
427.19417667388916,31.0,30.990132267328477,23.655936101230452,0.6606097986865305,0.0098677326715233,1.236181165614198,0,5.55674,0.18522
427.2361137866974,31.0,30.994722813506883,23.655545818023086,0.6351457879197705,0.0052771864931173695,1.236313095276526,0,5.55674,0.18522
427.2771804332733,31.0,31.00014661266465,23.655545818023086,0.6050064672978915,-0.00014661266465054723,1.2363094299599098,0,5.55674,0.18522
427.3121976852417,31.0,31.001815788415627,23.65632934195969,0.5956826822963892,-0.0018157884156266846,1.236264035249519,0,5.55674,0.18522
427.3491144180298,31.0,31.00640698483261,23.654765254072856,0.5702211807644956,-0.006406984832608487,1.2361038606287038,0,5.55674,0.18522
427.3878026008606,31.0,31.01350412074021,23.654765254072856,0.5307217109502123,-0.013504120740208236,1.2357662576101986,0,5.55674,0.18522
427.4237186908722,31.0,31.017259633344963,23.653981736745322,0.509813584098326,-0.017259633344963277,1.2353347667765746,0,5.55674,0.18522
427.4756324291229,31.0,31.018512560927093,23.654372016660773,0.5027456442485553,-0.018512560927092636,1.2348719527533973,0,5.55674,0.18522
427.5104262828827,31.0,31.024357704165936,23.653981736745322,0.47017293928207843,-0.02435770416593641,1.2342630101492489,0,5.55674,0.18522
427.54425740242004,31.0,31.029366804444237,23.654372016660773,0.44218266378997906,-0.029366804444237005,1.233528840038143,0,5.55674,0.18522
427.5863218307495,31.0,31.032289709508916,23.65515553563722,0.42575112172472607,-0.032289709508916076,1.2327215973004202,0,5.55674,0.18522
427.62535429000854,31.0,31.03604607903344,23.65515553563722,0.4047110415640585,-0.03604607903344004,1.2318204453245842,0,5.55674,0.18522
427.6754250526428,31.0,31.040639184069107,23.654765254072856,0.3790201960546129,-0.04063918406910716,1.2308044657228565,0,5.55674,0.18522
427.70754766464233,31.0,31.044399091886476,23.654765254072856,0.35792177589454854,-0.04439909188647562,1.2296944884256946,0,5.55674,0.18522
427.74263739585876,31.0,31.050246074316703,23.654765254072856,0.32519895029808077,-0.05024607431670347,1.2284383365677771,0,5.55674,0.18522
427.77607583999634,31.0,31.051496346993133,23.65515553563722,0.31799303156302616,-0.0514963469931331,1.2271509278929489,0,5.55674,0.18522
427.81001591682434,31.0,31.054836815267322,23.65515553563722,0.29917699601201453,-0.05483681526732198,1.225780007511266,0,5.55674,0.18522
427.84391236305237,31.0,31.05818057688242,23.655545818023086,0.28030715218324553,-0.058180576882421065,1.2243254930892054,0,5.55674,0.18522
427.882693529129,31.0,31.063608559042166,23.655545818023086,0.249850727164261,-0.06360855904216578,1.2227352791131512,0,5.55674,0.18522
427.9266860485077,31.0,31.06904005795525,23.65632934195969,0.21930940857484946,-0.06904005795524881,1.22100927766427,0,5.55674,0.18522
427.97415113449097,31.0,31.074468758106434,23.65750019899542,0.18873863095422197,-0.07446875810643405,1.2191475587116092,0,5.55674,0.18522
428.02645325660706,31.0,31.07990097579159,23.657109912495116,0.15820325314754957,-0.07990097579158828,1.2171500343168196,0,5.55674,0.18522
428.06410098075867,31.0,31.08240560196481,23.65750019899542,0.1438840926043386,-0.08240560196480828,1.2150898942676993,0,5.55674,0.18522
428.1152455806732,31.0,31.088672240145115,23.658283731193137,0.10861121499967907,-0.08867224014511521,1.2128730882640715,0,5.55674,0.18522
428.15291357040405,31.0,31.094105398826912,23.659847848770937,0.07790455746405645,-0.09410539882691182,1.2105204532933986,0,5.55674,0.18522
428.1934390068054,31.0,31.096610459003443,23.65945755732622,0.06355725986352534,-0.09661045900344334,1.2081051918183126,0,5.55674,0.18522
428.2375524044037,31.0,31.10120695398865,23.65945755732622,0.03754709351897756,-0.1012069539886511,1.2055750179685962,0,5.55674,0.18522
428.280912399292,31.0,31.105386671278268,23.659847848770937,0.01381347307049452,-0.10538667127826784,1.2029403511866394,0,5.55674,0.18522
428.46313977241516,31.0,31.122521635694056,23.659847848770937,0.0,-0.12252163569405639,1.1998773102942881,0,5.55674,0.18522
428.5096364021301,31.0,31.127957041289278,23.65906726670363,0.0,-0.1279570412892781,1.196678384262056,0,5.55674,0.18522
428.55897879600525,31.0,31.131717795020336,23.65945755732622,0.0,-0.13171779502033587,1.1933854393865477,0,5.55674,0.18522
428.600159406662,31.0,31.13631626265959,23.658283731193137,0.0,-0.13631626265959085,1.189977532820058,0,5.55674,0.18522
428.64123010635376,31.0,31.1388257761339,23.658283731193137,0.0,-0.13882577613389913,1.1865068884167105,0,5.55674,0.18522
428.6761109828949,31.0,31.14174942493952,23.658283731193137,0.0,-0.14174942493951903,1.1829631527932225,0,5.55674,0.18522
428.71017122268677,31.0,31.145513974441712,23.657109912495116,0.0,-0.14551397444171243,1.1793253034321798,0,5.55674,0.18522
428.7453520298004,31.0,31.14885827900605,23.657109912495116,0.0,-0.1488582790060491,1.1756038464570286,0,5.55674,0.18522
428.78644585609436,31.0,31.15220272056729,23.65632934195969,0.0,-0.15220272056728845,1.1717987784428465,0,5.55674,0.18522
428.8256015777588,31.0,31.15513000966604,23.65671962681654,0.0,-0.1551300096660384,1.1679205282011955,0,5.55674,0.18522
428.86256527900696,31.0,31.158895176272154,23.65632934195969,0.0,-0.15889517627215355,1.1639481487943917,0,5.55674,0.18522
428.89618849754333,31.0,31.160567585597107,23.655936101230452,0.0,-0.16056758559710715,1.159933959154464,0,5.55674,0.18522
428.9337682723999,31.0,31.161819543939544,23.653981736745322,0.0,-0.16181954393954356,1.1558884705559753,0,5.55674,0.18522
428.9720757007599,31.0,31.16516767846224,23.653981736745322,0.0,-0.16516767846223956,1.1517592785944193,0,5.55674,0.18522
429.0262100696564,31.0,31.166840216404808,23.65319822272778,0.0,-0.1668402164048075,1.147588273184299,0,5.55674,0.18522
429.0591650009155,31.0,31.170185395214105,23.65280794528229,0.0,-0.17018539521410503,1.1433336383039463,0,5.55674,0.18522
429.09457755088806,31.0,31.17060276174709,23.65007011294915,0.0,-0.17060276174709088,1.1390685692602691,0,5.55674,0.18522
429.1446018218994,31.0,31.17520342081832,23.649679842083003,0.0,-0.1752034208183204,1.134688483739811,0,5.55674,0.18522
429.1754858493805,31.0,31.178548942876716,23.648899302812424,0.0,-0.1785489428767164,1.1302247601678932,0,5.55674,0.18522
429.2082905769348,31.0,31.179386925962547,23.648115810254126,0.0,-0.17938692596254668,1.1257400870188294,0,5.55674,0.18522
429.24312114715576,31.0,31.18105975571052,23.64694205589126,0.0,-0.18105975571052113,1.1212135931260665,0,5.55674,0.18522
429.28152561187744,31.0,31.181477177940337,23.645768308947083,0.0,-0.18147717794033724,1.116676663677558,0,5.55674,0.18522
429.32554268836975,31.0,31.1831500506122,23.645768308947083,0.0,-0.18315005061219836,1.112097912412253,0,5.55674,0.18522
429.36192202568054,31.0,31.18816887479801,23.644597525933307,0.0,-0.18816887479800926,1.1073936905423027,0,5.55674,0.18522
429.3987169265747,31.0,31.186916511635673,23.6438140515221,0.0,-0.18691651163567258,1.102720777751411,0,5.55674,0.18522
429.43879532814026,31.0,31.18775141827041,23.64185981465056,0.0,-0.18775141827040898,1.0980269922946508,0,5.55674,0.18522
429.4853775501251,31.0,31.1906799842219,23.64107635178067,0.0,-0.19067998422190158,1.0932599926891033,0,5.55674,0.18522
429.52452325820923,31.0,31.191518092137585,23.6406860998095,0.0,-0.19151809213758497,1.0884720403856638,0,5.55674,0.18522
429.5613350868225,31.0,31.193191171102967,23.63990264188584,0.0,-0.19319117110296702,1.0836422611080896,0,5.55674,0.18522
429.6113967895508,31.0,31.191935567979158,23.63873189581966,0.0,-0.1919355679791579,1.0788438719086106,0,5.55674,0.18522
429.6428790092468,31.0,31.193191171102967,23.637558200721458,0.0,-0.19319117110296702,1.0740140926310364,0,5.55674,0.18522
429.6764407157898,31.0,31.192353045961795,23.637558200721458,0.0,-0.19235304596179503,1.0692052664819915,0,5.55674,0.18522
429.71840167045593,31.0,31.19695493379703,23.636384513028418,0.0,-0.19695493379703066,1.0642813931370658,0,5.55674,0.18522
429.776113986969,31.0,31.196537432209198,23.635601073222688,0.0,-0.1965374322091975,1.059367957331836,0,5.55674,0.18522
429.80821323394775,31.0,31.195281777462867,23.63599427090162,0.0,-0.195281777462867,1.0544859128952644,0,5.55674,0.18522
429.84407210350037,31.0,31.197793106330323,23.63599427090162,0.0,-0.1977931063303231,1.0495410852370064,0,5.55674,0.18522
429.89815735816956,31.0,31.197372437526894,23.635601073222688,0.0,-0.19737243752689437,1.044606774298834,0,5.55674,0.18522
429.93041825294495,31.0,31.197793106330323,23.635601073222688,0.0,-0.1977931063303231,1.039661946640576,0,5.55674,0.18522
429.9665262699127,31.0,31.19695493379703,23.635601073222688,0.0,-0.19695493379703066,1.0347380732956504,0,5.55674,0.18522
430.00602102279663,31.0,31.198210614360676,23.63599427090162,0.0,-0.19821061436067566,1.0297828079366336,0,5.55674,0.18522
430.0459711551666,31.0,31.197793106330323,23.63677475597376,0.0,-0.1977931063303231,1.0248379802783756,0,5.55674,0.18522
430.0799424648285,31.0,31.19611676989689,23.636384513028418,0.0,-0.1961167698968893,1.0199350610309534,0,5.55674,0.18522
430.1144185066223,31.0,31.197793106330323,23.637558200721458,0.0,-0.1977931063303231,1.0149902333726954,0,5.55674,0.18522
430.1482470035553,31.0,31.195281777462867,23.637948446128746,0.0,-0.195281777462867,1.0101081889361239,0,5.55674,0.18522
430.18216013908386,31.0,31.193191171102967,23.637948446128746,0.0,-0.19319117110296702,1.0052784096585496,0,5.55674,0.18522
430.2194745540619,31.0,31.196537432209198,23.63833869235475,0.0,-0.1965374322091975,1.0003649738533198,0,5.55674,0.18522
430.2736773490906,31.0,31.192770526085496,23.63951239237815,0.0,-0.19277052608549639,0.9955457107011824,0,5.55674,0.18522
430.31896448135376,31.0,31.193191171102967,23.63833869235475,0.0,-0.19319117110296702,0.9907159314236081,0,5.55674,0.18522
430.3612644672394,31.0,31.191518092137585,23.63951239237815,0.0,-0.19151809213758497,0.9859279791201685,0,5.55674,0.18522
430.41190552711487,31.0,31.191935567979158,23.63833869235475,0.0,-0.1919355679791579,0.9811295899206895,0,5.55674,0.18522
430.46997141838074,31.0,31.18900695686409,23.637948446128746,0.0,-0.18900695686409108,0.9764044159990872,0,5.55674,0.18522
430.52290773391724,31.0,31.186078451084597,23.637948446128746,0.0,-0.18607845108459742,0.9717524547219722,0,5.55674,0.18522
430.5844957828522,31.0,31.184405518266203,23.637164999737536,0.0,-0.18440551826620322,0.9671423167653171,0,5.55674,0.18522
430.64293384552,31.0,31.18356748355376,23.637558200721458,0.0,-0.18356748355375885,0.9625531296764732,0,5.55674,0.18522
430.69636249542236,31.0,31.179804339621228,23.63599427090162,0.0,-0.17980433962122788,0.9580580211859425,0,5.55674,0.18522
430.743376493454,31.0,31.179804339621228,23.635601073222688,0.0,-0.17980433962122788,0.9535629126954118,0,5.55674,0.18522
430.8123834133148,31.0,31.17771413056073,23.635210832738835,0.0,-0.17771413056073015,0.9491200594313935,0,5.55674,0.18522
430.8538374900818,31.0,31.176041369499785,23.633646922645994,0.0,-0.1760413694997851,0.9447190251938989,0,5.55674,0.18522
430.89524149894714,31.0,31.173530711291164,23.6344303542258,0.0,-0.17353071129116415,0.9403807574116199,0,5.55674,0.18522
430.9315927028656,31.0,31.171020130416878,23.632863494363164,0.0,-0.1710201304168777,0.9361052541511979,0,5.55674,0.18522
430.9922308921814,31.0,31.16851278865363,23.632083025691202,0.0,-0.1685127886536293,0.9318924344348573,0,5.55674,0.18522
431.0514359474182,31.0,31.163912507111547,23.63129960398834,0.0,-0.16391250711154726,0.9277946217570686,0,5.55674,0.18522
431.09016728401184,31.0,31.163492013220605,23.63129960398834,0.0,-0.1634920132206048,0.9237073214265535,0,5.55674,0.18522
431.14534997940063,31.0,31.16140222235714,23.630128912037947,0.0,-0.16140222235713964,0.9196722658676251,0,5.55674,0.18522
431.1757845878601,31.0,31.156385045897707,23.630128912037947,0.0,-0.1563850458977072,0.9157626397201823,0,5.55674,0.18522
431.2072710990906,31.0,31.155967752111962,23.630909372520648,0.0,-0.15596775211196245,0.9118634459173833,0,5.55674,0.18522
431.2418966293335,31.0,31.15387499273504,23.630128912037947,0.0,-0.1538749927350409,0.9080165710990074,0,5.55674,0.18522
431.2940995693207,31.0,31.14885827900605,23.629735726745594,0.0,-0.1488582790060491,0.9042951141238561,0,5.55674,0.18522
431.3241546154022,31.0,31.14844102369858,23.629735726745594,0.0,-0.14844102369858092,0.9005840885313916,0,5.55674,0.18522
431.35918378829956,31.0,31.146768862839735,23.628955271179905,0.0,-0.14676886283973545,0.8969148669603982,0,5.55674,0.18522
431.39234471321106,31.0,31.143004255493793,23.628955271179905,0.0,-0.1430042554937927,0.8933397605730534,0,5.55674,0.18522
431.43451142311096,31.0,31.1388257761339,23.628955271179905,0.0,-0.13882577613389913,0.889869116169706,0,5.55674,0.18522
431.4896776676178,31.0,31.138405411449696,23.627781637714463,0.0,-0.1384054114496962,0.8864089808834635,0,5.55674,0.18522
431.52538323402405,31.0,31.135061534824104,23.628955271179905,0.0,-0.13506153482410355,0.883032442512861,0,5.55674,0.18522
431.57316637039185,31.0,31.13088030127409,23.626998234099176,0.0,-0.13088030127408956,0.8797604349810088,0,5.55674,0.18522
431.6080994606018,31.0,31.128374191996045,23.626998234099176,0.0,-0.12837419199604483,0.8765510801811076,0,5.55674,0.18522
431.64178442955017,31.0,31.125447861486293,23.626998234099176,0.0,-0.12544786148629328,0.8734148836439503,0,5.55674,0.18522
431.67531299591064,31.0,31.122938758673968,23.626998234099176,0.0,-0.12293875867396764,0.870341414677101,0,5.55674,0.18522
431.71099162101746,31.0,31.120012622649085,23.627781637714463,0.0,-0.12001262264908519,0.8673410991108739,0,5.55674,0.18522
431.75727915763855,31.0,31.11666949814787,23.626998234099176,0.0,-0.11666949814787131,0.8644243616571771,0,5.55674,0.18522
431.79266023635864,31.0,31.113326510235254,23.62739141361527,0.0,-0.11332651023525386,0.8615911989012958,0,5.55674,0.18522
431.8307993412018,31.0,31.10914638760852,23.626998234099176,0.0,-0.10914638760851858,0.8588625392110828,0,5.55674,0.18522
431.881196975708,31.0,31.106223904090484,23.626998234099176,0.0,-0.10622390409048421,0.8562069416088207,0,5.55674,0.18522
431.92994499206543,31.0,31.102044144071556,23.627781637714463,0.0,-0.10204414407155582,0.8536558380070318,0,5.55674,0.18522
431.9804468154907,31.0,31.098701753268074,23.627781637714463,0.0,-0.09870175326807384,0.8511882941753299,0,5.55674,0.18522
432.025616645813,31.0,31.09243434830006,23.627781637714463,0.02185189581234437,-0.09243434830005981,0.8488774354678285,0,5.55674,0.18522
432.06810688972473,31.0,31.08992625701171,23.628565044622974,0.0353321081386227,-0.08992625701171164,0.8466292790425357,0,5.55674,0.18522
432.1154623031616,31.0,31.085747328247805,23.628955271179905,0.05813625386878163,-0.0857473282478054,0.8444855958363405,0,5.55674,0.18522
432.16834354400635,31.0,31.081571770887308,23.629735726745594,0.08092097849338276,-0.08157177088730805,0.8424463015641578,0,5.55674,0.18522
432.20334029197693,31.0,31.07739326781683,23.629345498554017,0.10380148608841,-0.07739326781683076,0.840511469868737,0,5.55674,0.18522
432.24148774147034,31.0,31.074051881840887,23.629345498554017,0.12202580195750978,-0.07405188184088729,0.8386601728227149,0,5.55674,0.18522
432.2940139770508,31.0,31.0707106319137,23.630909372520648,0.14018459368326375,-0.07071063191369831,0.8368924070248724,0,5.55674,0.18522
432.32718443870544,31.0,31.065279022483708,23.63129960398834,0.17004433841575822,-0.06527902248370765,0.8352604314627797,0,5.55674,0.18522
432.36134004592896,31.0,31.06152131693881,23.631692792581987,0.19061988280404224,-0.06152131693880847,0.8337223985393095,0,5.55674,0.18522
432.4074237346649,31.0,31.057760625788774,23.632083025691202,0.2112295829452465,-0.05776062578877372,0.8322783828945902,0,5.55674,0.18522
432.45252752304077,31.0,31.053586491770943,23.632863494363164,0.23413598358720408,-0.05358649177094321,0.8309387206003166,0,5.55674,0.18522
432.48562240600586,31.0,31.050246074316703,23.633646922645994,0.2524249540018265,-0.05024607431670347,0.829682568742399,0,5.55674,0.18522
432.54152369499207,31.0,31.04397921120227,23.634037159851005,0.2870246147745774,-0.04397921120227011,0.8285830884623422,0,5.55674,0.18522
432.57680559158325,31.0,31.04230918067975,23.634820593073243,0.29606843084278056,-0.042309180679751535,0.8275253589453484,0,5.55674,0.18522
432.614520072937,31.0,31.038552525181615,23.635210832738835,0.3167446486891216,-0.03855252518161478,0.826561545815808,0,5.55674,0.18522
432.66161847114563,31.0,31.032289709508916,23.636384513028418,0.3513357499356996,-0.032289709508916076,0.8257543030780851,0,5.55674,0.18522
432.69573163986206,31.0,31.029366804444237,23.63677475597376,0.36742156771002477,-0.029366804444237005,0.8250201329669792,0,5.55674,0.18522
432.73162364959717,31.0,31.026444003165466,23.63873189581966,0.3834399478889959,-0.0264440031654658,0.8243590328878425,0,5.55674,0.18522
432.77280259132385,31.0,31.0205987118523,23.63833869235475,0.4158455042314919,-0.02059871185230122,0.823844065091535,0,5.55674,0.18522
432.82663464546204,31.0,31.01684304703508,23.639122143689463,0.436596567812954,-0.016843047035081327,0.8234229889156579,0,5.55674,0.18522
432.85861444473267,31.0,31.01475699121221,23.64029584865756,0.44805968451746414,-0.014756991212209414,0.8230540641353526,0,5.55674,0.18522
432.89532828330994,31.0,31.010581882281087,23.64185981465056,0.471130435378184,-0.010581882281087474,0.8227895170783255,0,5.55674,0.18522
432.94448828697205,31.0,31.007243209640137,23.642250069085776,0.4896290081904925,-0.007243209640137138,0.8226084368373221,0,5.55674,0.18522
432.9787709712982,31.0,31.00473771614702,23.643030580414404,0.5034893993500402,-0.004737716147019455,0.8224899939336466,0,5.55674,0.18522
433.0168340206146,31.0,30.998477470692478,23.644204310061184,0.5382227836019766,0.001522529307521836,0.8225280571663347,0,5.55674,0.18522
433.0537450313568,31.0,30.996808362493766,23.644987786118065,0.5474721638974251,0.0031916375062337465,0.8226078481039906,0,5.55674,0.18522
433.09613823890686,31.0,30.992217700297203,23.644987786118065,0.5730173160903274,0.007782299702796536,0.8228024055965605,0,5.55674,0.18522
433.1382200717926,31.0,30.987627293451055,23.646161528129824,0.5985220824647511,0.012372706548944734,0.8231117232602841,0,5.55674,0.18522
433.1815207004547,31.0,30.983453557446126,23.647725543496506,0.6217108195064467,0.016546442553874385,0.823525384324131,0,5.55674,0.18522
433.23097038269043,31.0,30.97886679232721,23.648899302812424,0.6472359143620935,0.021133207672789922,0.8240537145159508,0,5.55674,0.18522
433.26130723953247,31.0,30.975109872549638,23.64928957203739,0.6682073704269152,0.024890127450362343,0.8246759677022099,0,5.55674,0.18522
433.2945327758789,31.0,30.974693499010016,23.64928957203739,0.6706382316823079,0.025306500989984215,0.8253086302269594,0,5.55674,0.18522
433.33210802078247,31.0,30.97052041646782,23.650463341242755,0.6939032474025945,0.029479583532179277,0.8260456198152639,0,5.55674,0.18522
433.37942695617676,31.0,30.965098562709898,23.651243887091027,0.7241526416288413,0.03490143729010242,0.8269181557475165,0,5.55674,0.18522
433.40777134895325,31.0,30.964262764647003,23.651634161246363,0.7289424110970167,0.03573723535299678,0.8278115866313414,0,5.55674,0.18522
433.44360542297363,31.0,30.959673910705646,23.652027392854336,0.7546080332334006,0.04032608929435355,0.8288197388637002,0,5.55674,0.18522
433.4774215221405,31.0,30.957589298962887,23.65280794528229,0.7663480125724951,0.042410701037113085,0.829880006389628,0,5.55674,0.18522
433.52126002311707,31.0,30.95425276800961,23.654372016660773,0.7850198301970818,0.04574723199038999,0.8310236871893878,0,5.55674,0.18522
433.5680012702942,31.0,30.947576956367527,23.654372016660773,0.8223583246846495,0.052423043632472854,0.8323342632801997,0,5.55674,0.18522
433.6049847602844,31.0,30.946744488564207,23.65632934195969,0.8271303043143148,0.053255511435793323,0.8336656510660945,0,5.55674,0.18522
433.6411578655243,31.0,30.94382461084848,23.65671962681654,0.8435954008746542,0.05617538915151954,0.8350700357948825,0,5.55674,0.18522
433.6761977672577,31.0,30.93965308513657,23.65750019899542,0.8670148711674253,0.060346914863430356,0.8365787086664682,0,5.55674,0.18522
433.72690200805664,31.0,30.936317276981754,23.658283731193137,0.8858057708679237,0.06368272301824618,0.8381707767419244,0,5.55674,0.18522
433.7606477737427,31.0,30.93339776683365,23.65945755732622,0.9022769042313299,0.06660223316634983,0.8398358325710832,0,5.55674,0.18522
433.7944688796997,31.0,30.93006221050871,23.660238141037894,0.9210955199459891,0.06993778949129137,0.8415842773083655,0,5.55674,0.18522
433.83231234550476,31.0,30.926310658213595,23.66102168481393,0.9422429367947889,0.0736893417864053,0.8434265108530257,0,5.55674,0.18522
433.8742392063141,31.0,30.9242237337034,23.661802275116713,0.9541502648878407,0.07577626629660017,0.8453209175104407,0,5.55674,0.18522
433.91503286361694,31.0,30.920888546478864,23.662976123546514,0.9729891304897873,0.07911145352113635,0.8472987038484691,0,5.55674,0.18522
433.95188570022583,31.0,30.917969579632256,23.662976123546514,0.9895889121865176,0.08203042036774377,0.8493494643576627,0,5.55674,0.18522
433.98856925964355,31.0,30.915469941286347,23.662976123546514,1.0,0.08453005871365349,0.851462715825504,0,5.55674,0.18522
434.0454466342926,31.0,30.912551165085972,23.662976123546514,1.0,0.08744883491402788,0.8536489366983547,0,5.55674,0.18522
434.0749931335449,31.0,30.907965174428398,23.662585825509893,1.0,0.09203482557160214,0.8559498073376448,0,5.55674,0.18522
434.1080243587494,31.0,30.907965174428398,23.662976123546514,1.0,0.09203482557160214,0.8582506779769349,0,5.55674,0.18522
434.1431682109833,31.0,30.905878711338744,23.662195528295854,1.0,0.09412128866125613,0.8606037101934663,0,5.55674,0.18522
434.1926283836365,31.0,30.902128252424745,23.662195528295854,1.0,0.09787174757525463,0.8630505038828477,0,5.55674,0.18522
434.2232942581177,31.0,30.900045087494505,23.660238141037894,1.0,0.09995491250549549,0.865549376695485,0,5.55674,0.18522
434.25726890563965,31.0,30.89837796288242,23.66063139089613,1.0,0.10162203711757911,0.8680899276234245,0,5.55674,0.18522
434.2913329601288,31.0,30.89629174065243,23.660238141037894,1.0,0.10370825934757022,0.8706826341071138,0,5.55674,0.18522
434.32551312446594,31.0,30.893792754888693,23.65945755732622,1.0,0.10620724511130675,0.8733378152348964,0,5.55674,0.18522
434.36572432518005,31.0,30.890039690476954,23.65945755732622,1.0,0.10996030952304636,0.8760868229729726,0,5.55674,0.18522
434.4049115180969,31.0,30.890039690476954,23.658283731193137,1.0,0.10996030952304636,0.8788358307110488,0,5.55674,0.18522
434.4623353481293,31.0,30.88754089270782,23.657893443042838,1.0,0.11245910729218167,0.8816473083933533,0,5.55674,0.18522
434.4924006462097,31.0,30.883372195510105,23.65750019899542,1.0,0.11662780448989452,0.8845630035056006,0,5.55674,0.18522
434.5253195762634,31.0,30.883372195510105,23.657893443042838,1.0,0.11662780448989452,0.8874786986178479,0,5.55674,0.18522
434.5604395866394,31.0,30.88295628253985,23.65750019899542,1.0,0.11704371746014886,0.8904047915543516,0,5.55674,0.18522
434.59340047836304,31.0,30.87837192512177,23.657893443042838,1.0,0.12162807487823102,0.8934454934263074,0,5.55674,0.18522
434.6438901424408,31.0,30.87837192512177,23.65750019899542,1.0,0.12162807487823102,0.8964861952982632,0,5.55674,0.18522
434.6754310131073,31.0,30.877121116836065,23.657893443042838,1.0,0.12287888316393492,0.8995581673773616,0,5.55674,0.18522
434.7099027633667,31.0,30.874203687473994,23.658674020165392,1.0,0.1257963125260062,0.9027030751905117,0,5.55674,0.18522
434.74314546585083,31.0,30.874203687473994,23.658674020165392,1.0,0.1257963125260062,0.9058479830036619,0,5.55674,0.18522
434.7838966846466,31.0,30.874203687473994,23.657893443042838,1.0,0.1257963125260062,0.908992890816812,0,5.55674,0.18522
434.82929491996765,31.0,30.871702215029472,23.658283731193137,1.0,0.12829778497052757,0.9122003354410751,0,5.55674,0.18522
434.86170530319214,31.0,30.870870507850668,23.658283731193137,1.0,0.12912949214933178,0.9154285727448085,0,5.55674,0.18522
434.89815497398376,31.0,30.86961981232338,23.657893443042838,1.0,0.13038018767662152,0.918688077436724,0,5.55674,0.18522
434.9391222000122,31.0,30.869203968099725,23.657109912495116,1.0,0.13079603190027456,0.9219579782342309,0,5.55674,0.18522
434.97740721702576,31.0,30.867537461715585,23.65671962681654,1.0,0.13246253828441468,0.9252695416913412,0,5.55674,0.18522
435.02989745140076,31.0,30.865036189605974,23.65671962681654,1.0,0.1349638103940265,0.9286436369511919,0,5.55674,0.18522
435.060097694397,31.0,30.86711847764633,23.65671962681654,1.0,0.1328815223536708,0.9319656750100337,0,5.55674,0.18522
435.09348225593567,31.0,30.865870988693075,23.65632934195969,1.0,0.1341290113069249,0.9353189002927068,0,5.55674,0.18522
435.1361770629883,31.0,30.865870988693075,23.65515553563722,1.0,0.1341290113069249,0.9386721255753799,0,5.55674,0.18522
435.18218421936035,31.0,30.865870988693075,23.65515553563722,1.0,0.1341290113069249,0.9420253508580531,0,5.55674,0.18522
435.2118487358093,31.0,30.86711847764633,23.65515553563722,1.0,0.1328815223536708,0.9453473889168948,0,5.55674,0.18522
435.24477338790894,31.0,30.86462036827811,23.654765254072856,1.0,0.13537963172188938,0.9487318797099421,0,5.55674,0.18522
435.2783143520355,31.0,30.866702645918224,23.653591457651203,1.0,0.13329735408177612,0.9520643135619865,0,5.55674,0.18522
435.3113124370575,31.0,30.865036189605974,23.653591457651203,1.0,0.1349638103940265,0.9554384088218372,0,5.55674,0.18522
435.36540961265564,31.0,30.866702645918224,23.653591457651203,1.0,0.13329735408177612,0.9587708426738816,0,5.55674,0.18522
435.398175239563,31.0,30.865870988693075,23.653591457651203,1.0,0.1341290113069249,0.9621240679565547,0,5.55674,0.18522
435.43716645240784,31.0,30.866286816267177,23.65241766865779,1.0,0.13371318373282293,0.9654668975498752,0,5.55674,0.18522
435.4870357513428,31.0,30.866702645918224,23.651634161246363,1.0,0.13329735408177612,0.9687993314019197,0,5.55674,0.18522
435.5218861103058,31.0,30.865036189605974,23.651243887091027,1.0,0.1349638103940265,0.9721734266617703,0,5.55674,0.18522
435.5586607456207,31.0,30.867953297613838,23.651243887091027,1.0,0.13204670238616245,0.9754745942214244,0,5.55674,0.18522
435.59463596343994,31.0,30.869203968099725,23.64928957203739,1.0,0.13079603190027456,0.9787444950189312,0,5.55674,0.18522
435.64614033699036,31.0,30.867537461715585,23.65007011294915,1.0,0.13246253828441468,0.9820560584760416,0,5.55674,0.18522
435.6795482635498,31.0,30.868784975642257,23.648899302812424,1.0,0.13121502435774346,0.9853364340849852,0,5.55674,0.18522
435.712708234787,31.0,30.871286360401143,23.648115810254126,1.0,0.12871363959885684,0.9885542750749566,0,5.55674,0.18522
435.74624729156494,31.0,30.871286360401143,23.647725543496506,1.0,0.12871363959885684,0.9917721160649281,0,5.55674,0.18522
435.78354239463806,31.0,30.872121222173405,23.64694205589126,1.0,0.12787877782659507,0.9949690855105929,0,5.55674,0.18522
435.8317348957062,31.0,30.873368804808933,23.645768308947083,1.0,0.12663119519106658,0.9981348653903696,0,5.55674,0.18522
435.8702275753021,31.0,30.874203687473994,23.6438140515221,1.0,0.1257963125260062,1.0012797732035197,0,5.55674,0.18522
435.9053530693054,31.0,30.87628620489528,23.643030580414404,1.0,0.12371379510472025,1.0043726180811376,0,5.55674,0.18522
435.95450258255005,31.0,30.878787815166618,23.64185981465056,1.0,0.12121218483338225,1.0074029227019723,0,5.55674,0.18522
435.99569725990295,31.0,30.879203707290912,23.64107635178067,1.0,0.12079629270908754,1.0104228300196996,0,5.55674,0.18522
436.0290985107422,31.0,30.882121312023685,23.63990264188584,1.0,0.11787868797631518,1.0133697972191074,0,5.55674,0.18522
436.0623915195465,31.0,30.8804545468941,23.63951239237815,1.0,0.11954545310589992,1.0163584335467548,0,5.55674,0.18522
436.11429500579834,31.0,30.884204027691567,23.637558200721458,1.0,0.11579597230843319,1.0192533328544657,0,5.55674,0.18522
436.1434590816498,31.0,30.885870867979293,23.63677475597376,1.0,0.1141291320207074,1.0221065611549833,0,5.55674,0.18522
436.17616271972656,31.0,30.888372766600014,23.636384513028418,1.0,0.11162723339998593,1.0248972419899829,0,5.55674,0.18522
436.21010994911194,31.0,30.889207799902238,23.635210832738835,1.0,0.11079220009776236,1.027667046992427,0,5.55674,0.18522
436.24372267723083,31.0,30.88962374414882,23.634820593073243,1.0,0.11037625585117894,1.0304264533887064,0,5.55674,0.18522
436.28063106536865,31.0,30.89212575573447,23.634820593073243,1.0,0.10787424426553116,1.0331233094953447,0,5.55674,0.18522
436.3301115036011,31.0,30.894624691361855,23.633646922645994,1.0,0.10537530863814482,1.0357576922112983,0,5.55674,0.18522
436.3655548095703,31.0,30.898793953036375,23.632083025691202,1.0,0.10120604696362534,1.038287843385389,0,5.55674,0.18522
436.4000651836395,31.0,30.898793953036375,23.633256686259074,1.0,0.10120604696362534,1.0408179945594798,0,5.55674,0.18522
436.43732142448425,31.0,30.900461085998074,23.633646922645994,1.0,0.0995389140019256,1.0433064674095278,0,5.55674,0.18522
436.4738380908966,31.0,30.901712245570252,23.632083025691202,1.0,0.09828775442974802,1.0457636612702714,0,5.55674,0.18522
436.5117645263672,31.0,30.905878711338744,23.632083025691202,1.0,0.09412128866125613,1.048116693486803,0,5.55674,0.18522
436.54851841926575,31.0,30.908381212614415,23.634037159851005,1.0,0.09161878738558471,1.0504071631714424,0,5.55674,0.18522
436.5974991321564,31.0,30.910048538086926,23.632083025691202,1.0,0.08995146191307413,1.0526559497192693,0,5.55674,0.18522
436.63003492355347,31.0,30.912967226261173,23.63247325961828,1.0,0.08703277373882656,1.05483176906274,0,5.55674,0.18522
436.6655468940735,31.0,30.915469941286347,23.633256686259074,1.0,0.08453005871365349,1.0569450205305813,0,5.55674,0.18522
436.7005443572998,31.0,30.917137409196698,23.633646922645994,1.0,0.08286259080330183,1.059016585300664,0,5.55674,0.18522
436.73789167404175,31.0,30.919637097788893,23.632863494363164,1.0,0.08036290221110676,1.0610256578559416,0,5.55674,0.18522
436.7865209579468,31.0,30.922972234683016,23.6344303542258,1.0,0.07702776531698419,1.0629513519888663,0,5.55674,0.18522
436.8147189617157,31.0,30.925059127693146,23.634037159851005,0.9915893030926678,0.07494087230685409,1.0648248737965376,0,5.55674,0.18522
436.84845447540283,31.0,30.928810623348625,23.6344303542258,0.9710526853728123,0.07118937665137537,1.066604608212822,0,5.55674,0.18522
436.88193345069885,31.0,30.928810623348625,23.635210832738835,0.9713422827063304,0.07118937665137537,1.0683843426291064,0,5.55674,0.18522
436.9160351753235,31.0,30.933813932619785,23.635210832738835,0.9438466685319084,0.06618606738021526,1.0700389943136117,0,5.55674,0.18522
436.9521472454071,31.0,30.93464942327347,23.635210832738835,0.939506670042482,0.06535057672653011,1.071672758731775,0,5.55674,0.18522
436.9878799915314,31.0,30.93882069698867,23.635601073222688,0.9165912547003638,0.06117930301132901,1.073202241307058,0,5.55674,0.18522
437.0471365451813,31.0,30.94424082902475,23.636384513028418,0.8866909860372563,0.05575917097525007,1.0745962205814394,0,5.55674,0.18522
437.076783657074,31.0,30.946744488564207,23.637164999737536,0.8729853550780853,0.053255511435793323,1.0759276083673344,0,5.55674,0.18522
437.11190962791443,31.0,30.95008071680587,23.637164999737536,0.8546779533993278,0.04991928319412864,1.0771755904471876,0,5.55674,0.18522
437.1640341281891,31.0,30.95258455298682,23.637948446128746,0.8409441466145569,0.047415447013179346,1.078360976622517,0,5.55674,0.18522
437.1973614692688,31.0,30.95717301365204,23.639122143689463,0.8155853535571911,0.04282698634796134,1.079431651281216,0,5.55674,0.18522
437.23146629333496,31.0,30.959673910705646,23.63990264188584,0.801835202735018,0.04032608929435355,1.080439803513575,0,5.55674,0.18522
437.2646903991699,31.0,30.963846445745276,23.6406860998095,0.7787767214681373,0.03615355425472444,1.081343642369943,0,5.55674,0.18522
437.29719591140747,31.0,30.965098562709898,23.64029584865756,0.7720006672993831,0.03490143729010242,1.0822161783021955,0,5.55674,0.18522
437.33387422561646,31.0,30.96843553126064,23.64107635178067,0.7535641136094677,0.03156446873936147,1.0830052900206795,0,5.55674,0.18522
437.3793272972107,31.0,30.97385760392018,23.641466604571065,0.7235360947123992,0.02614239607981972,1.083658849922675,0,5.55674,0.18522
437.4124982357025,31.0,30.977614466750936,23.642640324340334,0.7027036193176465,0.022385533249064338,1.0842184882539014,0,5.55674,0.18522
437.44734811782837,31.0,30.979283186901,23.6438140515221,0.6934666824934181,0.020716813098999864,1.0847364085813764,0,5.55674,0.18522
437.4839880466461,31.0,30.979699583573904,23.644597525933307,0.6912066767337899,0.020300416426096035,1.0852439189920289,0,5.55674,0.18522
437.51689052581787,31.0,30.984705971566257,23.64537804712262,0.6634182520551103,0.015294028433743279,1.0856262697028725,0,5.55674,0.18522
437.56567192077637,31.0,30.988043732202755,23.64537804712262,0.6449265475138919,0.011956267797245346,1.0859251763978035,0,5.55674,0.18522
437.6138279438019,31.0,30.99180124048587,23.64694205589126,0.6240047685626553,0.00819875951412996,1.0861301453856567,0,5.55674,0.18522
437.65647530555725,31.0,31.00014661266465,23.646551791600473,0.5776510500939951,-0.00014661266465054723,1.0861264800690404,0,5.55674,0.18522
437.70347118377686,31.0,31.005154241274738,23.647725543496506,0.5497408698882922,-0.0051542412747380695,1.085997624037172,0,5.55674,0.18522
437.73329496383667,31.0,31.006826673958813,23.648115810254126,0.5403959614330525,-0.006826673958812535,1.0858269571882018,0,5.55674,0.18522
437.76828241348267,31.0,31.00932907527846,23.648115810254126,0.5264475696410473,-0.009329075278458276,1.0855937303062404,0,5.55674,0.18522
437.8128271102905,31.0,31.013087553417563,23.648115810254126,0.5055020819102587,-0.013087553417562958,1.0852665414708014,0,5.55674,0.18522
437.8638184070587,31.0,31.019348908583936,23.647725543496506,0.47063978803043854,-0.01934890858393601,1.084782818756203,0,5.55674,0.18522
437.8979871273041,31.0,31.023104687663476,23.64694205589126,0.4497031133984297,-0.023104687663476398,1.084205201564616,0,5.55674,0.18522
437.9354102611542,31.0,31.026027370396548,23.647725543496506,0.4333018061429773,-0.026027370396548122,1.0835545173047023,0,5.55674,0.18522
437.9679296016693,31.0,31.02895015688307,23.64694205589126,0.41696678732707626,-0.02895015688307012,1.0828307633826255,0,5.55674,0.18522
438.0098102092743,31.0,31.03312304055237,23.645768308947083,0.39368600452185304,-0.033123040552368366,1.0820026873688162,0,5.55674,0.18522
438.05553460121155,31.0,31.03896922136505,23.646551791600473,0.360979651560668,-0.038969221365050544,1.08102845683469,0,5.55674,0.18522
438.09615182876587,31.0,31.043145770180445,23.64537804712262,0.3376320921154418,-0.04314577018044474,1.0799498125801787,0,5.55674,0.18522
438.14926838874817,31.0,31.04857275933159,23.644204310061184,0.3073110307851376,-0.04857275933159144,1.078735493596889,0,5.55674,0.18522
438.1863317489624,31.0,31.05191626607268,23.644204310061184,0.2884916348666081,-0.05191626607268063,1.0774375869450719,0,5.55674,0.18522
438.23440313339233,31.0,31.056090315244035,23.643423793802754,0.26507784968116144,-0.05609031524403463,1.076035329063971,0,5.55674,0.18522
438.2651951313019,31.0,31.059850929926938,23.642640324340334,0.2439441504528412,-0.05985092992693808,1.0745390558157977,0,5.55674,0.18522
438.29870653152466,31.0,31.064025382276895,23.642250069085776,0.22047135792747208,-0.06402538227689547,1.0729384212588753,0,5.55674,0.18522
438.33346128463745,31.0,31.066949519909656,23.642640324340334,0.20389265226769887,-0.06694951990965592,1.0712646832611339,0,5.55674,0.18522
438.36547327041626,31.0,31.0682032047647,23.64185981465056,0.19665048322131246,-0.06820320476469988,1.0695596031420165,0,5.55674,0.18522
438.40372252464294,31.0,31.072798107652943,23.641466604571065,0.170800885874206,-0.07279810765294314,1.0677396504506929,0,5.55674,0.18522
438.4669406414032,31.0,31.079480913569228,23.64107635178067,0.13331825778860337,-0.0794809135692276,1.0657526276114622,0,5.55674,0.18522
438.5177631378174,31.0,31.083242600019048,23.64029584865756,0.11207013570380853,-0.08324260001904804,1.063671562610986,0,5.55674,0.18522
438.5533709526062,31.0,31.088672240145115,23.64029584865756,0.08148844042169412,-0.08867224014511521,1.0614547566073582,0,5.55674,0.18522
438.59868001937866,31.0,31.093268289861555,23.63951239237815,0.05555770616354333,-0.09326828986155533,1.0591230493608192,0,5.55674,0.18522
438.63394951820374,31.0,31.095359498825417,23.63951239237815,0.04349583950638508,-0.09535949882541672,1.0567390618901837,0,5.55674,0.18522
438.66832184791565,31.0,31.0978645973438,23.63951239237815,0.029122496347340154,-0.0978645973438006,1.0542924469565886,0,5.55674,0.18522
438.70438170433044,31.0,31.1032983656051,23.63990264188584,0.0,-0.10329836560509875,1.051709987816461,0,5.55674,0.18522
438.7386050224304,31.0,31.104132417762173,23.639122143689463,0.0,-0.10413241776217319,1.0491066773724067,0,5.55674,0.18522
438.7751100063324,31.0,31.107057986046073,23.63951239237815,0.0,-0.10705798604607253,1.046430227721255,0,5.55674,0.18522
438.8256869316101,31.0,31.112909436258747,23.63990264188584,0.0,-0.11290943625874661,1.0436074918147862,0,5.55674,0.18522
438.86048913002014,31.0,31.115835318244308,23.63951239237815,0.0,-0.11583531824430793,1.0407116088586785,0,5.55674,0.18522
438.91010427474976,31.0,31.120850005096315,23.641466604571065,0.0,-0.12085000509631527,1.0376903587312707,0,5.55674,0.18522
438.95076513290405,31.0,31.123776171078987,23.6406860998095,0.0,-0.12377617107898686,1.034595954454296,0,5.55674,0.18522
438.9878394603729,31.0,31.127119586068602,23.641466604571065,0.0,-0.12711958606860208,1.031417964802581,0,5.55674,0.18522
439.025429725647,31.0,31.131300627251505,23.64185981465056,0.0,-0.13130062725150538,1.0281354491212933,0,5.55674,0.18522
439.0829870700836,31.0,31.13547872179015,23.642640324340334,0.0,-0.1354787217901503,1.0247484810765395,0,5.55674,0.18522
439.1324236392975,31.0,31.13673345603155,23.643423793802754,0.0,-0.13673345603154985,1.0213301446757508,0,5.55674,0.18522
439.1636075973511,31.0,31.14133220595255,23.643423793802754,0.0,-0.14133220595255125,1.017796839526937,0,5.55674,0.18522
439.20145320892334,31.0,31.140914989096586,23.644597525933307,0.0,-0.1409149890965864,1.0142739647995223,0,5.55674,0.18522
439.2361741065979,31.0,31.144259105327137,23.645768308947083,0.0,-0.14425910532713715,1.010667487166344,0,5.55674,0.18522
439.27073335647583,31.0,31.147603358496212,23.645768308947083,0.0,-0.14760335849621242,1.0069774032039387,0,5.55674,0.18522
439.3038625717163,31.0,31.150113218805302,23.646551791600473,0.0,-0.15011321880530204,1.003224572733806,0,5.55674,0.18522
439.35818886756897,31.0,31.1517854481653,23.646551791600473,0.0,-0.15178544816529893,0.9994299365296736,0,5.55674,0.18522
439.3929054737091,31.0,31.15513000966604,23.64694205589126,0.0,-0.1551300096660384,0.9955516862880226,0,5.55674,0.18522
439.43132281303406,31.0,31.156385045897707,23.64733232100218,0.0,-0.1563850458977072,0.9916420601405799,0,5.55674,0.18522
439.48182821273804,31.0,31.156802341817468,23.64850607783211,0.0,-0.15680234181746755,0.9877220015951432,0,5.55674,0.18522
439.5223226547241,31.0,31.159729795922033,23.64850607783211,0.0,-0.15972979592203274,0.9837287566970924,0,5.55674,0.18522
439.55612111091614,31.0,31.162240029208533,23.64928957203739,0.0,-0.1622400292085331,0.9796727559668791,0,5.55674,0.18522
439.60240960121155,31.0,31.163074683081277,23.649679842083003,0.0,-0.16307468308127682,0.9755958888898472,0,5.55674,0.18522
439.6428735256195,31.0,31.16516767846224,23.649679842083003,0.0,-0.16516767846223956,0.9714666969282911,0,5.55674,0.18522
439.67632937431335,31.0,31.16851278865363,23.65085361375651,0.0,-0.1685127886536293,0.9672538772119504,0,5.55674,0.18522
439.71508955955505,31.0,31.17060276174709,23.651634161246363,0.0,-0.17060276174709088,0.9629888081682731,0,5.55674,0.18522
439.76620149612427,31.0,31.172692788422296,23.651634161246363,0.0,-0.17269278842229596,0.9586714884577158,0,5.55674,0.18522
439.8019530773163,31.0,31.17227541118831,23.65319822272778,0.0,-0.17227541118830914,0.9543646031780081,0,5.55674,0.18522
440.00449800491333,31.0,31.17729356547477,23.65515553563722,0.0,-0.17729356547476982,0.9499322640411388,0,5.55674,0.18522
440.0502474308014,31.0,31.176876164678447,23.65632934195969,0.0,-0.1768761646784469,0.9455103599241776,0,5.55674,0.18522
440.10378241539,31.0,31.178131535649584,23.65750019899542,0.0,-0.17813153564958384,0.941057071532938,0,5.55674,0.18522
440.1345844268799,31.0,31.178548942876716,23.657893443042838,0.0,-0.1785489428767164,0.9365933479610201,0,5.55674,0.18522
440.1709325313568,31.0,31.17729356547477,23.657893443042838,0.0,-0.17729356547476982,0.9321610088241509,0,5.55674,0.18522
440.20350646972656,31.0,31.17729356547477,23.65906726670363,0.0,-0.17729356547476982,0.9277286696872816,0,5.55674,0.18522
440.2369854450226,31.0,31.179386925962547,23.65945755732622,0.0,-0.17938692596254668,0.923243996538218,0,5.55674,0.18522
440.2718286514282,31.0,31.179804339621228,23.660238141037894,0.0,-0.17980433962122788,0.9187488880476873,0,5.55674,0.18522
440.3056607246399,31.0,31.17771413056073,23.65945755732622,0.0,-0.17771413056073015,0.914306034783669,0,5.55674,0.18522
440.3398299217224,31.0,31.176041369499785,23.65945755732622,0.0,-0.1760413694997851,0.9099050005461744,0,5.55674,0.18522
440.38749265670776,31.0,31.178966352242128,23.661802275116713,0.0,-0.17896635224212787,0.9054308417401212,0,5.55674,0.18522
440.4196970462799,31.0,31.178548942876716,23.661802275116713,0.0,-0.1785489428767164,0.9009671181682033,0,5.55674,0.18522
440.45882415771484,31.0,31.176876164678447,23.662195528295854,0.0,-0.1768761646784469,0.8965452140512421,0,5.55674,0.18522
440.5161888599396,31.0,31.176876164678447,23.662585825509893,0.0,-0.1768761646784469,0.8921233099342809,0,5.55674,0.18522
440.5560212135315,31.0,31.17520342081832,23.663366422405886,0.0,-0.1752034208183204,0.8877432244138229,0,5.55674,0.18522
440.6106286048889,31.0,31.175620813046862,23.664149979418198,0.0,-0.17562081304686217,0.8833527040876513,0,5.55674,0.18522
440.6452441215515,31.0,31.174365480752613,23.664149979418198,0.0,-0.1743654807526127,0.878993567068836,0,5.55674,0.18522
440.6805319786072,31.0,31.17394809495312,23.664540280752306,0.0,-0.17394809495311847,0.874644864695008,0,5.55674,0.18522
440.73354506492615,31.0,31.171440663131705,23.666104451175386,0.0,-0.1714406631317047,0.8703588481167154,0,5.55674,0.18522
440.7780501842499,31.0,31.17060276174709,23.664540280752306,0.0,-0.17060276174709088,0.8660937790730381,0,5.55674,0.18522
440.817711353302,31.0,31.170185395214105,23.666497713493868,0.0,-0.17018539521410503,0.8618391441926855,0,5.55674,0.18522
440.86071705818176,31.0,31.168930146624064,23.666497713493868,0.0,-0.16893014662406358,0.8576158905270839,0,5.55674,0.18522
440.90880513191223,31.0,31.16767491735942,23.666497713493868,0.0,-0.1676749173594203,0.8534240175930984,0,5.55674,0.18522
440.95773339271545,31.0,31.16516767846224,23.66727832688781,0.0,-0.16516767846223956,0.8492948256315423,0,5.55674,0.18522
440.9897429943085,31.0,31.163074683081277,23.667668634819847,0.0,-0.16307468308127682,0.8452179585545104,0,5.55674,0.18522
441.02308201789856,31.0,31.163492013220605,23.668061900462988,0.0,-0.1634920132206048,0.8411306582239954,0,5.55674,0.18522
441.07428526878357,31.0,31.161819543939544,23.668452210048258,0.0,-0.16181954393954356,0.8370851696255067,0,5.55674,0.18522
441.11047625541687,31.0,31.158474708243318,23.668842520457076,0.0,-0.15847470824331822,0.8331233019194237,0,5.55674,0.18522
441.1514070034027,31.0,31.155547299167893,23.66962610065849,0.0,-0.15554729916789256,0.8292346194402265,0,5.55674,0.18522
441.2009792327881,31.0,31.153457711783744,23.670016413544715,0.0,-0.15345771178374434,0.8253981766456329,0,5.55674,0.18522
441.232782125473,31.0,31.15220272056729,23.670016413544715,0.0,-0.15220272056728845,0.8215931086314506,0,5.55674,0.18522
441.2673225402832,31.0,31.1517854481653,23.671190314084413,0.0,-0.15178544816529893,0.8177984724273182,0,5.55674,0.18522
441.30208563804626,31.0,31.14844102369858,23.670799998720213,0.0,-0.14844102369858092,0.8140874468348537,0,5.55674,0.18522
441.3384909629822,31.0,31.145513974441712,23.67040672725483,0.0,-0.14551397444171243,0.8104495974738108,0,5.55674,0.18522
441.39007663726807,31.0,31.143841873520103,23.670016413544715,0.0,-0.14384187352010258,0.8068535506358083,0,5.55674,0.18522
441.4335198402405,31.0,31.140077401083943,23.671580630272615,0.0,-0.14007740108394273,0.8033516156087097,0,5.55674,0.18522
441.4839861392975,31.0,31.137988209540765,23.671190314084413,0.0,-0.13798820954076518,0.7999019103701905,0,5.55674,0.18522
441.52253246307373,31.0,31.135061534824104,23.671970947284933,0.0,-0.13506153482410355,0.796525371999588,0,5.55674,0.18522
441.56886744499207,31.0,31.133389647822185,23.672754540744677,0.0,-0.13338964782218454,0.7931906308040333,0,5.55674,0.18522
441.61983489990234,31.0,31.12628529958522,23.67236422207776,0.0,-0.12628529958521995,0.7900334983144028,0,5.55674,0.18522
441.6664249897003,31.0,31.125030725708655,23.672754540744677,0.0,-0.1250307257086547,0.7869077301716865,0,5.55674,0.18522
441.7092373371124,31.0,31.122938758673968,23.672754540744677,0.0,-0.12293875867396764,0.7838342612048372,0,5.55674,0.18522
441.7560169696808,31.0,31.119595514590685,23.67353518055137,0.0,-0.11959551459068507,0.7808443733400701,0,5.55674,0.18522
441.7983376979828,31.0,31.11792394378631,23.673928458672776,0.0,-0.11792394378630888,0.7778962747454123,0,5.55674,0.18522
441.83273100852966,31.0,31.114580904625655,23.673928458672776,0.0,-0.11458090462565451,0.7750317521297709,0,5.55674,0.18522
441.8702440261841,31.0,31.11249236440767,23.67510238405856,0.0,-0.11249236440767163,0.7722194430195791,0,5.55674,0.18522
441.91107201576233,31.0,31.107895235948263,23.674709103438545,0.0,-0.10789523594826278,0.7695220621208726,0,5.55674,0.18522
441.94606828689575,31.0,31.104969637750628,23.67510238405856,0.0,-0.10496963775062795,0.7668978211771069,0,5.55674,0.18522
441.98665142059326,31.0,31.101627127564427,23.676273359884647,0.0,-0.10162712756442716,0.7643571429879963,0,5.55674,0.18522
442.0287368297577,31.0,31.099118754882568,23.676273359884647,0.0,-0.09911875488256783,0.7618791741159321,0,5.55674,0.18522
442.067430973053,31.0,31.096193470155413,23.67666664383495,0.0,-0.0961934701554128,0.7594743373620467,0,5.55674,0.18522
442.1060173511505,31.0,31.091180293062678,23.676273359884647,0.009350871637568814,-0.09118029306267772,0.7571948300354798,0,5.55674,0.18522
442.1433184146881,31.0,31.09076333184362,23.676273359884647,0.011247537113863226,-0.09076333184361829,0.7549257467393894,0,5.55674,0.18522
442.18600940704346,31.0,31.0861674225676,23.67705697159107,0.03634660594000444,-0.08616742256759835,0.7527715611751994,0,5.55674,0.18522
442.2261207103729,31.0,31.084496533844117,23.676273359884647,0.045280244779447365,-0.08449653384411704,0.7506591478290965,0,5.55674,0.18522
442.2693340778351,31.0,31.07781016105929,23.675883033784544,0.08209440693035819,-0.07781016105928984,0.7487138938026142,0,5.55674,0.18522
442.3037619590759,31.0,31.076139442573492,23.675883033784544,0.09102559148029377,-0.07613944257349203,0.7468104077382769,0,5.55674,0.18522
442.35264444351196,31.0,31.0707106319137,23.67510238405856,0.12090470910464152,-0.07071063191369831,0.7450426419404345,0,5.55674,0.18522
442.3802149295807,31.0,31.07112749120762,23.67510238405856,0.11825897454370271,-0.07112749120761919,0.7432644546602439,0,5.55674,0.18522
442.42122077941895,31.0,31.064025382276895,23.67510238405856,0.15742707779077927,-0.06402538227689547,0.7416638201033215,0,5.55674,0.18522
442.45394945144653,31.0,31.06152131693881,23.67510238405856,0.1710566433594557,-0.06152131693880847,0.7401257871798513,0,5.55674,0.18522
442.4926760196686,31.0,31.058597372571626,23.674318780643375,0.18707311225734213,-0.05859737257162578,0.7386608528655607,0,5.55674,0.18522
442.54377794265747,31.0,31.05274979601552,23.67353518055137,0.21936252211744817,-0.05274979601551877,0.7373421079651727,0,5.55674,0.18522
442.5756092071533,31.0,31.04940941256632,23.673928458672776,0.23767519570334625,-0.04940941256631959,0.7361068726510147,0,5.55674,0.18522
442.6114881038666,31.0,31.045232545611384,23.672754540744677,0.26073574189155757,-0.04523254561138401,0.7349760590107302,0,5.55674,0.18522
442.65150141716003,31.0,31.043145770180445,23.674318780643375,0.2720513653219012,-0.04314577018044474,0.7338974147562191,0,5.55674,0.18522
442.7025308609009,31.0,31.038552525181615,23.67510238405856,0.2973561106601655,-0.03855252518161478,0.7329336016266786,0,5.55674,0.18522
442.746018409729,31.0,31.033542865827542,23.673928458672776,0.32509839712924005,-0.033542865827541846,0.7320950299809901,0,5.55674,0.18522
442.8005909919739,31.0,31.02895015688307,23.67314486023588,0.35052503808114954,-0.02895015688307012,0.7313712760589133,0,5.55674,0.18522
442.83642053604126,31.0,31.025610739735896,23.673928458672776,0.36892251523593805,-0.025610739735896004,0.7307310075655159,0,5.55674,0.18522
442.88390016555786,31.0,31.021851690226413,23.67353518055137,0.38972957021238724,-0.021851690226412757,0.7301847153098556,0,5.55674,0.18522
442.91609144210815,31.0,31.01976550756632,23.67353518055137,0.4012304206642495,-0.01976550756631923,0.7296905776206977,0,5.55674,0.18522
442.95242619514465,31.0,31.013920690168618,23.67353518055137,0.4336440915349263,-0.013920690168617966,0.7293425603664823,0,5.55674,0.18522
442.98561906814575,31.0,31.01183470832666,23.67353518055137,0.44518054965850173,-0.011834708326659893,0.7290466926583158,0,5.55674,0.18522
443.0214538574219,31.0,31.00849598494125,23.672754540744677,0.46373368013566185,-0.00849598494124848,0.7288342930347845,0,5.55674,0.18522
443.0702850818634,31.0,31.00265196666254,23.671970947284933,0.4962352952319424,-0.002651966662540417,0.728767993868221,0,5.55674,0.18522
443.119215965271,31.0,30.997644489978768,23.670799998720213,0.5241315278632025,0.0023555100212320212,0.7288268816187518,0,5.55674,0.18522
443.16980600357056,31.0,30.99180124048587,23.670799998720213,0.5566389104062983,0.00819875951412996,0.729031850606605,0,5.55674,0.18522
443.19623255729675,31.0,30.990965172209087,23.670016413544715,0.5613667646855471,0.009034827790912914,0.7292577213013779,0,5.55674,0.18522
443.23619174957275,31.0,30.985541976450634,23.669235788595984,0.5916090539508627,0.014458023549366317,0.729619171890112,0,5.55674,0.18522
443.2702775001526,31.0,30.984705971566257,23.669235788595984,0.596325334730738,0.015294028433743279,0.7300015226009556,0,5.55674,0.18522
443.32413268089294,31.0,30.978030855012037,23.668061900462988,0.6335791802968596,0.02196914498796332,0.7305507512256547,0,5.55674,0.18522
443.3556168079376,31.0,30.974693499010016,23.667668634819847,0.6522613594568405,0.025306500989984215,0.7311834137504043,0,5.55674,0.18522
443.39194989204407,31.0,30.97177263452653,23.666104451175386,0.6687028064852678,0.02822736547346949,0.731889097887241,0,5.55674,0.18522
443.4296407699585,31.0,30.966767030148503,23.666104451175386,0.6966715338237247,0.03323296985149682,0.7327199221335284,0,5.55674,0.18522
443.48608446121216,31.0,30.965098562709898,23.664540280752306,0.7061846397081668,0.03490143729010242,0.733592458065781,0,5.55674,0.18522
443.5183048248291,31.0,30.960090208602765,23.663759678906956,0.7342396150015474,0.039909791397235495,0.7345902028507119,0,5.55674,0.18522
443.5698411464691,31.0,30.955085311338962,23.662585825509893,0.7623187337855679,0.04491468866103787,0.7357130700672379,0,5.55674,0.18522
443.6191771030426,31.0,30.95341707953156,23.662195528295854,0.7718243919234895,0.04658292046843826,0.7368776430789488,0,5.55674,0.18522
443.6476345062256,31.0,30.950496966437584,23.661802275116713,0.7883001021312026,0.049503033562416476,0.7381152189180091,0,5.55674,0.18522
443.6840019226074,31.0,30.94424082902475,23.659847848770937,0.8234223023967127,0.05575917097525007,0.7395091981923904,0,5.55674,0.18522
443.73642325401306,31.0,30.93882069698867,23.659847848770937,0.853823857649468,0.06117930301132901,0.7410386807676735,0,5.55674,0.18522
443.76613426208496,31.0,30.93673345743258,23.658674020165392,0.8657752881302361,0.06326654256741904,0.742620344331859,0,5.55674,0.18522
443.80608010292053,31.0,30.931313816568945,23.657893443042838,0.896248924809772,0.06868618343105481,0.7443374989176353,0,5.55674,0.18522
443.85604310035706,31.0,30.928810623348625,23.657109912495116,0.9105283627834106,0.07118937665137537,0.7461172333339198,0,5.55674,0.18522
443.8888998031616,31.0,30.92839448268586,23.65515553563722,0.9132725934755219,0.07160551731413989,0.7479073712667733,0,5.55674,0.18522
443.92395091056824,31.0,30.922140014052786,23.654765254072856,0.9484076048808769,0.07785998594721377,0.7498538709154536,0,5.55674,0.18522
443.970858335495,31.0,30.915050715495966,23.65319822272778,0.9882747532188987,0.0849492845040345,0.7519776030280545,0,5.55674,0.18522
444.022264957428,31.0,30.91338328952247,23.652027392854336,0.9980013578651847,0.08661671047752861,0.7541430207899927,0,5.55674,0.18522
444.05571007728577,31.0,30.91129984215297,23.650463341242755,1.0,0.088700157847029,0.7563605247361684,0,5.55674,0.18522
444.0913178920746,31.0,30.907965174428398,23.650463341242755,1.0,0.09203482557160214,0.7586613953754585,0,5.55674,0.18522
444.1433582305908,31.0,30.9046306406579,23.647725543496506,1.0,0.09536935934210078,0.761045629359011,0,5.55674,0.18522
444.1758437156677,31.0,30.900461085998074,23.646161528129824,1.0,0.0995389140019256,0.7635341022090592,0,5.55674,0.18522
444.22334837913513,31.0,30.89837796288242,23.644204310061184,1.0,0.10162203711757911,0.7660746531369986,0,5.55674,0.18522
444.26946926116943,31.0,30.8958757630283,23.642640324340334,1.0,0.1041242369716997,0.7686777590612911,0,5.55674,0.18522
444.29999327659607,31.0,30.89212575573447,23.642250069085776,1.0,0.10787424426553116,0.7713746151679294,0,5.55674,0.18522
444.3319127559662,31.0,30.89045563888675,23.64029584865756,1.0,0.10954436111325094,0.7741132241957607,0,5.55674,0.18522
444.38728070259094,31.0,30.88754089270782,23.63833869235475,1.0,0.11245910729218167,0.7769247018780652,0,5.55674,0.18522
444.42137122154236,31.0,30.88503901912179,23.637164999737536,1.0,0.11496098087820883,0.7797987264000203,0,5.55674,0.18522
444.45637559890747,31.0,30.880870447352606,23.63599427090162,1.0,0.11912955264739367,0.7827769652162052,0,5.55674,0.18522
444.4949781894684,31.0,30.879203707290912,23.633256686259074,1.0,0.12079629270908754,0.7857968725339324,0,5.55674,0.18522
444.55609941482544,31.0,30.874619556681864,23.63129960398834,1.0,0.1253804433181358,0.7889313836168858,0,5.55674,0.18522
444.6028835773468,31.0,30.874203687473994,23.630519141870536,1.0,0.1257963125260062,0.7920762914300359,0,5.55674,0.18522
444.6351330280304,31.0,30.872121222173405,23.629735726745594,1.0,0.12787877782659507,0.7952732608757007,0,5.55674,0.18522
444.66944789886475,31.0,30.871286360401143,23.62817186263078,1.0,0.12871363959885684,0.7984911018656722,0,5.55674,0.18522
444.70359897613525,31.0,30.867537461715585,23.626998234099176,1.0,0.13246253828441468,0.8018026653227825,0,5.55674,0.18522
444.7362024784088,31.0,30.86711847764633,23.626217789997952,1.0,0.1328815223536708,0.8051247033816243,0,5.55674,0.18522
444.7704267501831,31.0,30.865452013010668,23.626217789997952,1.0,0.13454798698933246,0.8084884030563576,0,5.55674,0.18522
444.8064959049225,31.0,30.863785581729985,23.625827569172657,1.0,0.1362144182700149,0.8118937635131079,0,5.55674,0.18522
444.84527349472046,31.0,30.861287572352182,23.624653955400447,1.0,0.13871242764781755,0.8153615742043033,0,5.55674,0.18522
444.88607001304626,31.0,30.860037020771074,23.62387056492787,1.0,0.1399629792289261,0.8188606486850265,0,5.55674,0.18522
444.92138028144836,31.0,30.859621224404805,23.6234803490147,1.0,0.1403787755951953,0.8223701180749063,0,5.55674,0.18522
444.95524978637695,31.0,30.858370697842474,23.623090133917913,1.0,0.14162930215752567,0.8259108506288445,0,5.55674,0.18522
444.9893732070923,31.0,30.858370697842474,23.6234803490147,1.0,0.14162930215752567,0.8294515831827827,0,5.55674,0.18522
445.02232003211975,31.0,30.8567044082468,23.622696963471753,1.0,0.14329559175320128,0.8330339729766127,0,5.55674,0.18522
445.05844354629517,31.0,30.857120190053536,23.6234803490147,1.0,0.14287980994646432,0.8366059682252743,0,5.55674,0.18522
445.097101688385,31.0,30.855869701035715,23.623090133917913,1.0,0.14413029896428498,0.8402092256993815,0,5.55674,0.18522
445.13624691963196,31.0,30.85336877930473,23.62387056492787,1.0,0.14663122069526935,0.8438750062167633,0,5.55674,0.18522
445.1723117828369,31.0,30.851702589739148,23.624263737848082,1.0,0.1482974102608523,0.8475824414732845,0,5.55674,0.18522
445.205322265625,31.0,30.8537876942097,23.624263737848082,1.0,0.14621230579029998,0.8512377491180421,0,5.55674,0.18522
445.2416272163391,31.0,30.85128683496532,23.625044173769425,1.0,0.14871316503467824,0.854955578243909,0,5.55674,0.18522
445.2896888256073,31.0,30.852537255206016,23.625434392955015,1.0,0.1474627447939838,0.8586421468637586,0,5.55674,0.18522
445.3220112323761,31.0,30.852537255206016,23.625434392955015,1.0,0.1474627447939838,0.8623287154836082,0,5.55674,0.18522
445.36407446861267,31.0,30.85295301621818,23.62739141361527,1.0,0.14704698378182002,0.8660048900781537,0,5.55674,0.18522
445.4084072113037,31.0,30.85045533163975,23.628955271179905,1.0,0.1495446683602495,0.86974350678716,0,5.55674,0.18522
445.45602917671204,31.0,30.85128683496532,23.628565044622974,1.0,0.14871316503467824,0.8734613359130269,0,5.55674,0.18522
445.486426115036,31.0,30.85087108226554,23.629345498554017,1.0,0.14912891773445835,0.8771895588563884,0,5.55674,0.18522
445.5451638698578,31.0,30.85212149626807,23.630128912037947,1.0,0.14787850373193123,0.8808865214496867,0,5.55674,0.18522
445.60530138015747,31.0,30.851702589739148,23.63129960398834,1.0,0.1482974102608523,0.884593956706208,0,5.55674,0.18522
445.66029834747314,31.0,30.851702589739148,23.631692792581987,1.0,0.1482974102608523,0.8883013919627293,0,5.55674,0.18522
445.702100276947,31.0,30.85545392546976,23.63129960398834,1.0,0.14454607453023982,0.8919150438259853,0,5.55674,0.18522
445.7642505168915,31.0,30.854203461460997,23.630128912037947,1.0,0.14579653853900254,0.8955599572894604,0,5.55674,0.18522
445.8089077472687,31.0,30.85545392546976,23.630128912037947,1.0,0.14454607453023982,0.8991736091527164,0,5.55674,0.18522
445.8528904914856,31.0,30.8567044082468,23.629735726745594,1.0,0.14329559175320128,0.9027559989465465,0,5.55674,0.18522
445.9003393650055,31.0,30.857535973935512,23.628565044622974,1.0,0.14246402606448783,0.9063175995981586,0,5.55674,0.18522
445.9499409198761,31.0,30.8587864879662,23.626998234099176,1.0,0.14121351203380073,0.9098479373990036,0,5.55674,0.18522
445.9938714504242,31.0,30.862119183799223,23.625044173769425,1.0,0.1378808162007772,0.913294957804023,0,5.55674,0.18522
446.0396308898926,31.0,30.860868619730866,23.624653955400447,1.0,0.1391313802691343,0.9167732423107514,0,5.55674,0.18522
446.07858443260193,31.0,30.862534992636938,23.623090133917913,1.0,0.1374650073630619,0.9202098674948279,0,5.55674,0.18522
446.12651228904724,31.0,30.86420139888895,23.622306750013763,1.0,0.13579860111104836,0.9236048325226042,0,5.55674,0.18522
446.17215394973755,31.0,30.86711847764633,23.62152632554637,1.0,0.1328815223536708,0.926926870581446,0,5.55674,0.18522
446.2164304256439,31.0,30.870035658624715,23.61956936642605,1.0,0.12996434137528468,0.930175979115828,0,5.55674,0.18522
446.2586090564728,31.0,30.867953297613838,23.61839874812017,1.0,0.13204670238616245,0.9334771466754821,0,5.55674,0.18522
446.30594635009766,31.0,30.873368804808933,23.617615383909197,1.0,0.12663119519106658,0.9366429265552587,0,5.55674,0.18522
446.35023164749146,31.0,30.874203687473994,23.616051621406882,1.0,0.1257963125260062,0.9397878343684088,0,5.55674,0.18522
446.40197706222534,31.0,30.877952886497837,23.61448787199754,1.0,0.12204711350216257,0.9428390122059629,0,5.55674,0.18522
446.4621481895447,31.0,30.8804545468941,23.61253098663815,1.0,0.11954545310589992,0.9458276485336103,0,5.55674,0.18522
446.5236494541168,31.0,30.883372195510105,23.610967266691773,1.0,0.11662780448989452,0.9487433436458577,0,5.55674,0.18522
446.5769691467285,31.0,30.885870867979293,23.609796702286985,1.0,0.1141291320207074,0.9515965719463754,0,5.55674,0.18522
446.6159701347351,31.0,30.888372766600014,23.608623189267234,1.0,0.11162723339998593,0.954387252781375,0,5.55674,0.18522
446.67323637008667,31.0,30.88962374414882,23.607059502000766,1.0,0.11037625585117894,0.9571466591776545,0,5.55674,0.18522
446.7078185081482,31.0,30.893792754888693,23.605495827804134,1.0,0.10620724511130675,0.9598018403054371,0,5.55674,0.18522
446.7497708797455,31.0,30.89837796288242,23.60393216667336,1.0,0.10162203711757911,0.9623423912333766,0,5.55674,0.18522
446.792827129364,31.0,30.89837796288242,23.602758690434825,1.0,0.10162203711757911,0.9648829421613161,0,5.55674,0.18522
446.83619260787964,31.0,30.902544261363232,23.602758690434825,1.0,0.09745573863676782,0.9673193356272353,0,5.55674,0.18522
446.8769862651825,31.0,30.9046306406579,23.60119505216585,1.0,0.09536935934210078,0.9697035696107877,0,5.55674,0.18522
446.91801166534424,31.0,30.90754598654678,23.600411760020563,1.0,0.0924540134532208,0.9720149199471183,0,5.55674,0.18522
446.95862197875977,31.0,30.91338328952247,23.59923830584148,1.0,0.08661671047752861,0.9741803377090565,0,5.55674,0.18522
447.00332164764404,31.0,30.915050715495966,23.598848141344718,1.0,0.0849492845040345,0.9763040698216574,0,5.55674,0.18522
447.05403900146484,31.0,30.917137409196698,23.59728453571762,1.0,0.08286259080330183,0.9783756345917399,0,5.55674,0.18522
447.0963385105133,31.0,30.922140014052786,23.59689437528874,0.9940641966849438,0.07785998594721377,0.9803221342404203,0,5.55674,0.18522
447.16392159461975,31.0,30.927559055086476,23.595720943135404,0.9643476392900072,0.07244094491352371,0.9821331578632584,0,5.55674,0.18522
447.2239010334015,31.0,30.93214612929995,23.595330785960925,0.9391926761993352,0.06785387070004845,0.9838295046307596,0,5.55674,0.18522
447.2710828781128,31.0,30.93715279288017,23.593374100861183,0.9117633567190513,0.06284720711983027,0.9854006848087553,0,5.55674,0.18522
447.31196546554565,31.0,30.942156605967625,23.593767209672876,0.8842061424498187,0.05784339403237482,0.9868467696595646,0,5.55674,0.18522
447.3482401371002,31.0,30.9446570492932,23.593374100861183,0.8705882643078338,0.05534295070680173,0.9882303434272347,0,5.55674,0.18522
447.3977358341217,31.0,30.94882882711994,23.593374100861183,0.8476437277028892,0.05117117288006057,0.9895096227492363,0,5.55674,0.18522
447.42820048332214,31.0,30.950496966437584,23.591810540885717,0.8386837587310794,0.049503033562416476,0.9907471985882966,0,5.55674,0.18522
447.46295404434204,31.0,30.952165139377485,23.59220069073683,0.829615636800838,0.04783486062251541,0.9919430701038595,0,5.55674,0.18522
447.5003435611725,31.0,30.958005586368643,23.591810540885717,0.7973762644697991,0.041994413631357475,0.9929929304446434,0,5.55674,0.18522
447.535315990448,31.0,30.961758574988664,23.591810540885717,0.776698959403894,0.03824142501133565,0.9939489660699268,0,5.55674,0.18522
447.58740401268005,31.0,30.967183363756817,23.590637140541048,0.746766981349611,0.032816636243182984,0.9947693819760064,0,5.55674,0.18522
447.63242983818054,31.0,30.97010406605159,23.58985684815218,0.7307158667276414,0.029895933948409947,0.9955167803247167,0,5.55674,0.18522
447.67812752723694,31.0,30.975109872549638,23.590637140541048,0.7029751197374998,0.024890127450362343,0.9961390335109758,0,5.55674,0.18522
447.7261152267456,31.0,30.97719492615596,23.59142039184593,0.6914544305130628,0.02280507384404018,0.9967091603570768,0,5.55674,0.18522
447.7762246131897,31.0,30.983453557446126,23.591030243617467,0.656773479847025,0.016546442553874385,0.9971228214209237,0,5.55674,0.18522
447.82543444633484,31.0,30.988043732202755,23.59220069073683,0.6312623819419287,0.011956267797245346,0.9974217281158548,0,5.55674,0.18522
447.88896894454956,31.0,30.994722813506883,23.59142039184593,0.5942129355670331,0.0052771864931173695,0.9975536577781827,0,5.55674,0.18522
448.07657051086426,31.0,31.01475699121221,23.592983948569497,0.4827396631605721,-0.014756991212209414,0.9971847329978775,0,5.55674,0.18522
448.1260440349579,31.0,31.019348908583936,23.594157363593922,0.45707377109887437,-0.01934890858393601,0.9967010102832791,0,5.55674,0.18522
448.17319226264954,31.0,31.022688071790526,23.596111101121892,0.43831360915105544,-0.02268807179052601,0.996133808488516,0,5.55674,0.18522
448.2107014656067,31.0,31.026860638042763,23.595720943135404,0.4150233835378453,-0.02686063804276273,0.9954622925374469,0,5.55674,0.18522
448.2478437423706,31.0,31.03145323039456,23.596501259920387,0.3893178609525066,-0.03145323039456116,0.9946759617775829,0,5.55674,0.18522
448.2843728065491,31.0,31.035212718387697,23.59689437528874,0.3682441410429089,-0.03521271838769735,0.9937956438178904,0,5.55674,0.18522
448.32393860816956,31.0,31.03896922136505,23.598848141344718,0.3470895391704691,-0.038969221365050544,0.9928214132837642,0,5.55674,0.18522
448.37765097618103,31.0,31.045232545611384,23.598067814788408,0.3121164627738596,-0.04523254561138401,0.9916905996434796,0,5.55674,0.18522
448.4062969684601,31.0,31.048992663475588,23.59963142695176,0.2909153785240218,-0.048992663475587506,0.9904657830565899,0,5.55674,0.18522
448.4393484592438,31.0,31.051496346993133,23.600021593079816,0.27674458755455245,-0.0514963469931331,0.9891783743817616,0,5.55674,0.18522
448.4789991378784,31.0,31.053586491770943,23.59923830584148,0.2649222533979224,-0.05358649177094321,0.987838712087488,0,5.55674,0.18522
448.5298402309418,31.0,31.06026773409144,23.59923830584148,0.22751725720321628,-0.060267734091439706,0.9863320187352019,0,5.55674,0.18522
448.5618107318878,31.0,31.064445365403174,23.598848141344718,0.20402485062528516,-0.06444536540317358,0.9847208846001226,0,5.55674,0.18522
448.5949807167053,31.0,31.067786360320667,23.598848141344718,0.1851459257859856,-0.06778636032066743,0.983026225592106,0,5.55674,0.18522
448.6290533542633,31.0,31.07029061673603,23.598067814788408,0.17094498057009655,-0.0702906167360311,0.9812689601737051,0,5.55674,0.18522
448.6649854183197,31.0,31.07739326781683,23.59767469695879,0.1311391959091553,-0.07739326781683076,0.9793341284782844,0,5.55674,0.18522
448.72218465805054,31.0,31.080317881778228,23.59728453571762,0.11453598310841889,-0.08031788177822818,0.9773261814338287,0,5.55674,0.18522
448.75555777549744,31.0,31.084076448084318,23.59689437528874,0.09328130987288041,-0.08407644808431769,0.9752242702317208,0,5.55674,0.18522
448.7975130081177,31.0,31.0890923494523,23.595330785960925,0.06507693319044106,-0.08909234945230082,0.9729969614954133,0,5.55674,0.18522
448.842325925827,31.0,31.094939357393343,23.595330785960925,0.032147013589721884,-0.09493935739334347,0.9706234775605797,0,5.55674,0.18522
448.899108171463,31.0,31.099535758619766,23.593374100861183,0.006245501018413369,-0.0995357586197656,0.9681350835950855,0,5.55674,0.18522
448.9353835582733,31.0,31.1024611627019,23.593767209672876,0.0,-0.10246116270189987,0.965573554527538,0,5.55674,0.18522
448.96870589256287,31.0,31.104969637750628,23.592983948569497,0.0,-0.10496963775062795,0.9629493135837723,0,5.55674,0.18522
449.00646209716797,31.0,31.107895235948263,23.592983948569497,0.0,-0.10789523594826278,0.9602519326850658,0,5.55674,0.18522
449.05633544921875,31.0,31.11249236440767,23.59220069073683,0.0,-0.11249236440767163,0.957439623574874,0,5.55674,0.18522
449.0897262096405,31.0,31.114163824256366,23.59142039184593,0.0,-0.11416382425636584,0.9545855279684649,0,5.55674,0.18522
449.122816324234,31.0,31.11792394378631,23.590637140541048,0.0,-0.11792394378630888,0.9516374293738071,0,5.55674,0.18522
449.16122341156006,31.0,31.120012622649085,23.58985684815218,0.0,-0.12001262264908519,0.94863711380758,0,5.55674,0.18522
449.19758343696594,31.0,31.125864999391865,23.58985684815218,0.0,-0.12586499939186524,0.9454904888227833,0,5.55674,0.18522
449.2346260547638,31.0,31.13004597641344,23.588683460023162,0.0,-0.13004597641344162,0.9422393394124473,0,5.55674,0.18522
449.28413367271423,31.0,31.131717795020336,23.587903175756082,0.0,-0.13171779502033587,0.938946394536939,0,5.55674,0.18522
449.3171820640564,31.0,31.134644349987866,23.588293317484215,0.0,-0.134644349987866,0.9355802857872423,0,5.55674,0.18522
449.35232400894165,31.0,31.137571009762098,23.587510079228707,0.0,-0.13757100976209813,0.9321410105431899,0,5.55674,0.18522
449.39567971229553,31.0,31.14133220595255,23.586729799837997,0.0,-0.14133220595255125,0.9286077053943761,0,5.55674,0.18522
449.4424183368683,31.0,31.143841873520103,23.586336705767053,0.0,-0.14384187352010258,0.9250116585563736,0,5.55674,0.18522
449.4963958263397,31.0,31.14844102369858,23.584773204410794,0.0,-0.14844102369858092,0.9213006329639091,0,5.55674,0.18522
449.54564332962036,31.0,31.14885827900605,23.58438306999534,0.0,-0.1488582790060491,0.9175791759887578,0,5.55674,0.18522
449.59247946739197,31.0,31.155967752111962,23.58399293639002,0.0,-0.15596775211196245,0.9136799821859588,0,5.55674,0.18522
449.643310546875,31.0,31.156802341817468,23.582036369465982,0.0,-0.15680234181746755,0.9097599236405222,0,5.55674,0.18522
449.6922540664673,31.0,31.160147108948877,23.58281958489829,0.0,-0.16014710894887685,0.9057562459168003,0,5.55674,0.18522
449.7392666339874,31.0,31.16140222235714,23.582036369465982,0.0,-0.16140222235713964,0.9017211903578718,0,5.55674,0.18522
449.77957105636597,31.0,31.165585019311663,23.581256112808944,0.0,-0.16558501931166347,0.8975815648750802,0,5.55674,0.18522
449.826566696167,31.0,31.16516767846224,23.581646240732596,0.0,-0.16516767846223956,0.8934523729135242,0,5.55674,0.18522
449.8709933757782,31.0,31.169347506731015,23.57890945131834,0.0,-0.16934750673101462,0.8892186852452488,0,5.55674,0.18522
449.9139268398285,31.0,31.169768030817806,23.57773908701074,0.0,-0.16976803081780645,0.8849744844748036,0,5.55674,0.18522
450.1117527484894,31.0,31.176041369499785,23.57460928489826,0.0,-0.1760413694997851,0.880573450237309,0,5.55674,0.18522
450.1555073261261,31.0,31.178131535649584,23.574219171569553,0.0,-0.17813153564958384,0.8761201618460694,0,5.55674,0.18522
450.2053873538971,31.0,31.180221755418472,23.573438947337877,0.0,-0.18022175541847218,0.8716146179606077,0,5.55674,0.18522
450.257839679718,31.0,31.180221755418472,23.572265661682934,0.0,-0.18022175541847218,0.8671090740751459,0,5.55674,0.18522
450.3082001209259,31.0,31.180221755418472,23.572265661682934,0.0,-0.18022175541847218,0.8626035301896842,0,5.55674,0.18522
450.34749603271484,31.0,31.182315191146984,23.571872597846607,0.0,-0.18231519114698358,0.8580456504110096,0,5.55674,0.18522
450.39203214645386,31.0,31.18105975571052,23.57109238333885,0.0,-0.18105975571052113,0.8535191565182465,0,5.55674,0.18522
450.4362916946411,31.0,31.181894602309058,23.570702277297073,0.0,-0.18189460230905752,0.84897179146052,0,5.55674,0.18522
450.48575592041016,31.0,31.18356748355376,23.570702277297073,0.0,-0.18356748355375885,0.8443826043716761,0,5.55674,0.18522
450.53310799598694,31.0,31.1831500506122,23.570309216723672,0.0,-0.18315005061219836,0.8398038531063712,0,5.55674,0.18522
450.5772740840912,31.0,31.18105975571052,23.570702277297073,0.0,-0.18105975571052113,0.8352773592136081,0,5.55674,0.18522
450.6266756057739,31.0,31.18105975571052,23.570702277297073,0.0,-0.18105975571052113,0.8307508653208451,0,5.55674,0.18522
450.6831421852112,31.0,31.1831500506122,23.570702277297073,0.0,-0.18315005061219836,0.8261721140555401,0,5.55674,0.18522
450.72258019447327,31.0,31.181894602309058,23.570309216723672,0.0,-0.18189460230905752,0.8216247489978137,0,5.55674,0.18522
450.7619547843933,31.0,31.180221755418472,23.570309216723672,0.0,-0.18022175541847218,0.8171192051123519,0,5.55674,0.18522
450.81746792793274,31.0,31.179804339621228,23.57109238333885,0.0,-0.17980433962122788,0.8126240966218212,0,5.55674,0.18522
450.8521616458893,31.0,31.179386925962547,23.571872597846607,0.0,-0.17938692596254668,0.8081394234727576,0,5.55674,0.18522
450.899400472641,31.0,31.178131535649584,23.572655770963365,0.0,-0.17813153564958384,0.803686135081518,0,5.55674,0.18522
450.9443082809448,31.0,31.178548942876716,23.572655770963365,0.0,-0.1785489428767164,0.7992224115096,0,5.55674,0.18522
450.98490357398987,31.0,31.175620813046862,23.571872597846607,0.0,-0.17562081304686217,0.7948318911834285,0,5.55674,0.18522
451.0260429382324,31.0,31.17771413056073,23.573438947337877,0.0,-0.17771413056073015,0.7903890379194102,0,5.55674,0.18522
451.07234716415405,31.0,31.17227541118831,23.574219171569553,0.0,-0.17227541118830914,0.7860821526397025,0,5.55674,0.18522
451.1363842487335,31.0,31.173113329766522,23.575002354448714,0.0,-0.17311332976652238,0.7817543193955394,0,5.55674,0.18522
451.19353103637695,31.0,31.17060276174709,23.57578258516145,0.0,-0.17060276174709088,0.7774892503518621,0,5.55674,0.18522
451.2271816730499,31.0,31.168092271041075,23.576172701731025,0.0,-0.1680922710410755,0.7732869435758353,0,5.55674,0.18522
451.27246856689453,31.0,31.16851278865363,23.57656577454719,0.0,-0.1685127886536293,0.7690741238594946,0,5.55674,0.18522
451.315309047699,31.0,31.165585019311663,23.57734601174309,0.0,-0.16558501931166347,0.764934498376703,0,5.55674,0.18522
451.3592572212219,31.0,31.164329841537892,23.57890945131834,0.0,-0.1643298415378922,0.7608262523382557,0,5.55674,0.18522
451.4036409854889,31.0,31.160984902909718,23.57851932907323,0.0,-0.16098490290971768,0.7568016297655128,0,5.55674,0.18522
451.4483687877655,31.0,31.159729795922033,23.57890945131834,0.0,-0.15972979592203274,0.7528083848674619,0,5.55674,0.18522
451.4867217540741,31.0,31.157640101432378,23.580082778402584,0.0,-0.15764010143237783,0.7488673823316525,0,5.55674,0.18522
451.53544425964355,31.0,31.154712722297916,23.57890945131834,0.0,-0.15471272229791566,0.7449995642742047,0,5.55674,0.18522
451.5834631919861,31.0,31.15429543706341,23.579692653723328,0.0,-0.15429543706341065,0.7411421783476194,0,5.55674,0.18522
451.62743854522705,31.0,31.14885827900605,23.579692653723328,0.0,-0.1488582790060491,0.7374207213724682,0,5.55674,0.18522
451.6641917228699,31.0,31.148023770523537,23.579692653723328,0.0,-0.14802377052353677,0.7337201271093797,0,5.55674,0.18522
451.70817470550537,31.0,31.145931214791688,23.580082778402584,0.0,-0.14593121479168758,0.7300718467395876,0,5.55674,0.18522
451.75615549087524,31.0,31.143424643844526,23.580082778402584,0.0,-0.1434246438445257,0.7264862306434744,0,5.55674,0.18522
451.8175575733185,31.0,31.140914989096586,23.58086598569497,0.0,-0.1409149890965864,0.7229633559160598,0,5.55674,0.18522
451.8552551269531,31.0,31.137988209540765,23.581646240732596,0.0,-0.13798820954076518,0.7195136506775406,0,5.55674,0.18522
451.91140580177307,31.0,31.13255529734772,23.58281958489829,0.0,-0.13255529734772153,0.7161997682438476,0,5.55674,0.18522
451.9656398296356,31.0,31.131717795020336,23.58320971606736,0.0,-0.13171779502033587,0.7129068233683392,0,5.55674,0.18522
452.00572752952576,31.0,31.127957041289278,23.584773204410794,0.0,-0.1279570412892781,0.7097078973361073,0,5.55674,0.18522
452.04847836494446,31.0,31.125030725708655,23.585166295209547,0.0,-0.1250307257086547,0.7065821291933909,0,5.55674,0.18522
452.09819436073303,31.0,31.124610431963504,23.586729799837997,0.0,-0.12461043196350374,0.7034668683943033,0,5.55674,0.18522
452.1293408870697,31.0,31.11708975109343,23.58711993912806,0.0,-0.117089751093431,0.7005396246169675,0,5.55674,0.18522
452.1651873588562,31.0,31.117506846376727,23.587903175756082,0.0,-0.11750684637672748,0.6976019534575493,0,5.55674,0.18522
452.20381355285645,31.0,31.113743586337193,23.58907360337298,0.0,-0.11374358633719339,0.6947583637991195,0,5.55674,0.18522
452.2589912414551,31.0,31.10872933493056,23.589466703174367,0.0,-0.10872933493055825,0.6920401304258555,0,5.55674,0.18522
452.291131734848,31.0,31.10580370692975,23.58985684815218,0.0,-0.10580370692974839,0.6893950377526118,0,5.55674,0.18522
452.32909512519836,31.0,31.104132417762173,23.590246993941093,0.0,-0.10413241776217319,0.6867917273085574,0,5.55674,0.18522
452.3812565803528,31.0,31.099535758619766,23.591810540885717,0.0,-0.0995357586197656,0.6843033333430633,0,5.55674,0.18522
452.41534519195557,31.0,31.096610459003443,23.592593797089307,0.0,-0.09661045900344334,0.6818880718679772,0,5.55674,0.18522
452.44878101348877,31.0,31.09243434830006,23.593767209672876,0.0,-0.09243434830005981,0.6795772131604757,0,5.55674,0.18522
452.48826837539673,31.0,31.091180293062678,23.592983948569497,0.0,-0.09118029306267772,0.6772977058339088,0,5.55674,0.18522
452.53694105148315,31.0,31.0861674225676,23.593767209672876,0.0262418015640965,-0.08616742256759835,0.6751435202697188,0,5.55674,0.18522
452.57638788223267,31.0,31.08240560196481,23.594937673871357,0.0467036268382639,-0.08240560196480828,0.6730833802205985,0,5.55674,0.18522
452.62174940109253,31.0,31.078647112222143,23.594937673871357,0.06722440167777816,-0.07864711222214282,0.671117202415045,0,5.55674,0.18522
452.6576111316681,31.0,31.076976376692755,23.594937673871357,0.07615180551107081,-0.07697637669275537,0.6691927929977262,0,5.55674,0.18522
452.6964011192322,31.0,31.07154435261873,23.595330785960925,0.1059846949014745,-0.07154435261873004,0.6674041841822579,0,5.55674,0.18522
452.7385778427124,31.0,31.06945690876529,23.595330785960925,0.11726245744360447,-0.06945690876528943,0.6656677614631257,0,5.55674,0.18522
452.77662420272827,31.0,31.064445365403174,23.596111101121892,0.14477184994737,-0.06444536540317358,0.6640566273280464,0,5.55674,0.18522
452.8089237213135,31.0,31.060684540370914,23.596501259920387,0.1653687586635747,-0.06068454037091442,0.6625395138187735,0,5.55674,0.18522
452.8425827026367,31.0,31.05901417037552,23.596111101121892,0.17439732372522593,-0.05901417037551937,0.6610641595593856,0,5.55674,0.18522
452.87637424468994,31.0,31.056090315244035,23.596111101121892,0.190384700283815,-0.05609031524403463,0.6596619016782848,0,5.55674,0.18522
452.9102385044098,31.0,31.05233302998738,23.59728453571762,0.21096042245701518,-0.05233302998738054,0.6583535759286002,0,5.55674,0.18522
452.9481167793274,31.0,31.04940941256632,23.596111101121892,0.22703762104893632,-0.04940941256631959,0.6571183406144422,0,5.55674,0.18522
452.9860372543335,31.0,31.046902635508275,23.596501259920387,0.2407299283353722,-0.04690263550827467,0.6559457747267353,0,5.55674,0.18522
453.0348844528198,31.0,31.039805776893786,23.59689437528874,0.27996083571681507,-0.03980577689378606,0.6549506303043907,0,5.55674,0.18522
453.06721210479736,31.0,31.036465919222792,23.596501259920387,0.2983708710986982,-0.036465919222791854,0.654038982323821,0,5.55674,0.18522
453.10715413093567,31.0,31.03437620956123,23.59767469695879,0.30976345819127615,-0.03437620956123055,0.6531795770847902,0,5.55674,0.18522
453.16148614883423,31.0,31.029366804444237,23.59689437528874,0.3375034740208089,-0.029366804444237005,0.6524454069736844,0,5.55674,0.18522
453.20104336738586,31.0,31.024774328486274,23.59689437528874,0.36290795134740683,-0.02477432848627359,0.6518260487615275,0,5.55674,0.18522
453.25344824790955,31.0,31.020182108655717,23.59728453571762,0.3883122512215052,-0.020182108655717457,0.6513214960451346,0,5.55674,0.18522
453.29056215286255,31.0,31.01684304703508,23.59845797766036,0.4067283493765964,-0.016843047035081327,0.6509004198692575,0,5.55674,0.18522
453.3264801502228,31.0,31.012667832411637,23.598067814788408,0.42989029170365867,-0.012667832411636937,0.6505837240589666,0,5.55674,0.18522
453.3757131099701,31.0,31.009745623604488,23.598848141344718,0.44604308188218134,-0.009745623604487719,0.6503400834688544,0,5.55674,0.18522
453.407000541687,31.0,31.005154241274738,23.59923830584148,0.47151231431323937,-0.0051542412747380695,0.650211227436986,0,5.55674,0.18522
453.4439060688019,31.0,31.00265196666254,23.59923830584148,0.4854045238101916,-0.002651966662540417,0.6501449282704225,0,5.55674,0.18522
453.48063564300537,31.0,30.998477470692478,23.59963142695176,0.5085879922181014,0.001522529307521836,0.6501829915031105,0,5.55674,0.18522
453.5284540653229,31.0,30.99263416221015,23.600411760020563,0.5410518080935091,0.007365837789848229,0.6503671374478568,0,5.55674,0.18522
453.5596718788147,31.0,30.99263416221015,23.600021593079816,0.5411059344325241,0.007365837789848229,0.650551283392603,0,5.55674,0.18522
453.5919394493103,31.0,30.987210856800118,23.600411760020563,0.5712810338371325,0.012789143199881892,0.6508710119726001,0,5.55674,0.18522
453.62736201286316,31.0,30.984289549650043,23.600411760020563,0.5875867253705851,0.015710450349956773,0.651263773231349,0,5.55674,0.18522
453.66111731529236,31.0,30.980535537777428,23.60197539174925,0.6084566961111993,0.019464462222572365,0.6517503847869133,0,5.55674,0.18522
453.6957459449768,31.0,30.97636216015917,23.60119505216585,0.6317965634218761,0.023637839840830566,0.652341330782934,0,5.55674,0.18522
453.7296664714813,31.0,30.973441236690803,23.60158522155109,0.6481303370964366,0.02655876330919682,0.6530052998656639,0,5.55674,0.18522
453.7800016403198,31.0,30.969268217380943,23.602365562760383,0.6714209859054908,0.030731782619056958,0.6537735944311404,0,5.55674,0.18522
453.8099830150604,31.0,30.965931215218973,23.602365562760383,0.6901215948069261,0.03406878478102726,0.654625314050666,0,5.55674,0.18522
453.85645747184753,31.0,30.961342268693897,23.603148863078218,0.7157599922882341,0.038657731306102505,0.6555917573333186,0,5.55674,0.18522
453.9020986557007,31.0,30.956753576783115,23.603148863078218,0.7414584127392638,0.04324642321688543,0.6566729179137408,0,5.55674,0.18522
453.9517741203308,31.0,30.95341707953156,23.60432234176261,0.7601539534194661,0.04658292046843826,0.6578374909254517,0,5.55674,0.18522
454.01497173309326,31.0,30.947160721419436,23.605102694381173,0.7951235424592781,0.05283927858056359,0.6591584728899659,0,5.55674,0.18522
454.0699465274811,31.0,30.942989027644046,23.605495827804134,0.818548378403759,0.05701097235595398,0.6605837471988647,0,5.55674,0.18522
454.1099441051483,31.0,30.93590109862157,23.6058860061533,0.8582109476704645,0.06409890137842922,0.6621862197333255,0,5.55674,0.18522
454.15307664871216,31.0,30.93423325329104,23.606666365292426,0.8677432245028852,0.06576674670895954,0.6638303884010495,0,5.55674,0.18522
454.2036895751953,31.0,30.92714292070667,23.606666365292426,0.9074797238934182,0.0728570792933283,0.6656518153833827,0,5.55674,0.18522
454.2505338191986,31.0,30.924643005861242,23.60744968361081,0.9216798504921414,0.07535699413875818,0.6675357402368517,0,5.55674,0.18522
454.29866909980774,31.0,30.9183856679806,23.608233005209286,0.9567879744023013,0.08161433201939872,0.6695760985373367,0,5.55674,0.18522
454.3383560180664,31.0,30.918804910624374,23.608233005209286,0.9548343258952983,0.08119508937562614,0.6716059757717273,0,5.55674,0.18522
454.3856999874115,31.0,30.912131954041968,23.608623189267234,0.9923010639364418,0.08786804595803233,0.6738026769206781,0,5.55674,0.18522
454.42791748046875,31.0,30.90879725288562,23.609796702286985,1.0,0.09120274711438014,0.6760827455985375,0,5.55674,0.18522
454.4700870513916,31.0,30.90629789080151,23.609403559825296,1.0,0.09370210919848887,0.6784252983284997,0,5.55674,0.18522
454.51236510276794,31.0,30.901293089256285,23.610967266691773,1.0,0.09870691074371507,0.6808929710970926,0,5.55674,0.18522
454.5541498661041,31.0,30.89837796288242,23.61136041244157,1.0,0.10162203711757911,0.683433522025032,0,5.55674,0.18522
454.5995104312897,31.0,30.897126853534417,23.61253098663815,1.0,0.10287314646558343,0.6860053506866717,0,5.55674,0.18522
454.6394236087799,31.0,30.892957675517835,23.611750603025882,1.0,0.10704232448216544,0.6886814087987259,0,5.55674,0.18522
454.6798288822174,31.0,30.888788706668038,23.612924135677133,1.0,0.11121129333196222,0.6914616911320249,0,5.55674,0.18522
454.72172808647156,31.0,30.88628994650344,23.613704524189814,1.0,0.11371005349656116,0.694304442469439,0,5.55674,0.18522
454.7630732059479,31.0,30.882537220817767,23.61409767569785,1.0,0.11746277918223313,0.6972410119489948,0,5.55674,0.18522
454.8059911727905,31.0,30.881289500675678,23.61448787199754,1.0,0.11871049932432243,0.7002087744321028,0,5.55674,0.18522
454.8474762439728,31.0,30.876705235123836,23.614878069112194,1.0,0.12329476487616375,0.7032911435540069,0,5.55674,0.18522
454.89297676086426,31.0,30.87503542796827,23.615268267041813,1.0,0.12496457203172895,0.7064152578548001,0,5.55674,0.18522
454.9324288368225,31.0,30.874619556681864,23.616051621406882,1.0,0.1253804433181358,0.7095497689377535,0,5.55674,0.18522
454.9726402759552,31.0,30.870870507850668,23.616051621406882,1.0,0.12912949214933178,0.7127780062414868,0,5.55674,0.18522
455.0145421028137,31.0,30.867953297613838,23.616832022984795,1.0,0.13204670238616245,0.7160791738011408,0,5.55674,0.18522
455.0570795536041,31.0,30.866702645918224,23.61722518107564,1.0,0.13329735408177612,0.7194116076531852,0,5.55674,0.18522
455.10218620300293,31.0,30.86420139888895,23.619179159508406,1.0,0.13579860111104836,0.7228065726809615,0,5.55674,0.18522
455.1456034183502,31.0,30.859621224404805,23.619962530281782,1.0,0.1403787755951953,0.7263160420708413,0,5.55674,0.18522
455.18632793426514,31.0,30.862534992636938,23.61956936642605,1.0,0.1374650073630619,0.7297526672549178,0,5.55674,0.18522
455.22921562194824,31.0,30.857120190053536,23.620352738837255,1.0,0.14287980994646432,0.7333246625035794,0,5.55674,0.18522
455.28323101997375,31.0,30.8567044082468,23.621133158395935,1.0,0.14329559175320128,0.7369070522974095,0,5.55674,0.18522
455.3266258239746,31.0,30.85336877930473,23.622696963471753,1.0,0.14663122069526935,0.7405728328147912,0,5.55674,0.18522
455.3634946346283,31.0,30.855038151978704,23.6234803490147,1.0,0.1449618480212962,0.7441968790153236,0,5.55674,0.18522
455.4091920852661,31.0,30.85087108226554,23.624263737848082,1.0,0.14912891773445835,0.7479251019586851,0,5.55674,0.18522
455.45406007766724,31.0,30.849620687023105,23.625044173769425,1.0,0.1503793129768951,0.7516845847831075,0,5.55674,0.18522
455.49866247177124,31.0,30.8483703105386,23.626217789997952,1.0,0.15162968946140154,0.7554753270196426,0,5.55674,0.18522
455.5458347797394,31.0,30.84753883630748,23.626608011640087,1.0,0.1524611636925215,0.7592868561119557,0,5.55674,0.18522
455.58437299728394,31.0,30.8483703105386,23.626998234099176,1.0,0.15162968946140154,0.7630775983484908,0,5.55674,0.18522
455.619722366333,31.0,30.8483703105386,23.62739141361527,1.0,0.15162968946140154,0.7668683405850258,0,5.55674,0.18522
455.66020154953003,31.0,30.8479545723863,23.629345498554017,1.0,0.1520454276137002,0.7706694762753683,0,5.55674,0.18522
455.69960141181946,31.0,30.844622443008063,23.628565044622974,1.0,0.15537755699193667,0.7745539152001667,0,5.55674,0.18522
455.7462124824524,31.0,30.846704220893173,23.628955271179905,1.0,0.153295779106827,0.7783863096778374,0,5.55674,0.18522
455.78151774406433,31.0,30.844622443008063,23.628565044622974,1.0,0.15537755699193667,0.7822707486026358,0,5.55674,0.18522
455.8150589466095,31.0,30.846288491049734,23.629345498554017,1.0,0.1537115089502663,0.7861135363263925,0,5.55674,0.18522
455.85138177871704,31.0,30.84503816454395,23.629345498554017,1.0,0.15496183545604936,0.7899875822127937,0,5.55674,0.18522
455.905880689621,31.0,30.845872763279317,23.629345498554017,1.0,0.15412723672068296,0.7938407631308109,0,5.55674,0.18522
455.941015958786,31.0,30.842956428256116,23.629735726745594,1.0,0.15704357174388406,0.7977668524244079,0,5.55674,0.18522
455.98238372802734,31.0,30.84503816454395,23.628955271179905,1.0,0.15496183545604936,0.8016408983108092,0,5.55674,0.18522
456.0301125049591,31.0,30.8479545723863,23.629735726745594,1.0,0.1520454276137002,0.8054420340011517,0,5.55674,0.18522
456.06170296669006,31.0,30.84753883630748,23.630128912037947,1.0,0.1524611636925215,0.8092535630934647,0,5.55674,0.18522
456.10129857063293,31.0,30.84878920031946,23.628955271179905,1.0,0.15121079968054119,0.8130338330854783,0,5.55674,0.18522
456.15553426742554,31.0,30.84878920031946,23.628565044622974,1.0,0.15121079968054119,0.8168141030774918,0,5.55674,0.18522
456.1926324367523,31.0,30.849204942634458,23.628955271179905,1.0,0.1507950573655421,0.8205839795116303,0,5.55674,0.18522
456.22829699516296,31.0,30.849204942634458,23.629345498554017,1.0,0.1507950573655421,0.8243538559457688,0,5.55674,0.18522
456.2753269672394,31.0,30.85045533163975,23.629345498554017,1.0,0.1495446683602495,0.828092472654775,0,5.55674,0.18522
456.30628061294556,31.0,30.852537255206016,23.629345498554017,1.0,0.1474627447939838,0.8317790412746247,0,5.55674,0.18522
456.3492567539215,31.0,30.8537876942097,23.628955271179905,1.0,0.14621230579029998,0.8354343489193822,0,5.55674,0.18522
456.4027807712555,31.0,30.855869701035715,23.62739141361527,1.0,0.14413029896428498,0.8390376063934893,0,5.55674,0.18522
456.4337272644043,31.0,30.85545392546976,23.628565044622974,1.0,0.14454607453023982,0.8426512582567454,0,5.55674,0.18522
456.47147941589355,31.0,30.85795175989267,23.628955271179905,1.0,0.14204824010732864,0.8462024642594286,0,5.55674,0.18522
456.51964473724365,31.0,30.860037020771074,23.628565044622974,1.0,0.1399629792289261,0.8497015387401518,0,5.55674,0.18522
456.5657253265381,31.0,30.862119183799223,23.628565044622974,1.0,0.1378808162007772,0.8531485591451712,0,5.55674,0.18522
456.59532284736633,31.0,30.862119183799223,23.628565044622974,1.0,0.1378808162007772,0.8565955795501906,0,5.55674,0.18522
456.62925481796265,31.0,30.861703377037657,23.628955271179905,1.0,0.13829662296234346,0.8600529951242492,0,5.55674,0.18522
456.6635160446167,31.0,30.865452013010668,23.62817186263078,1.0,0.13454798698933246,0.8634166947989824,0,5.55674,0.18522
456.69647336006165,31.0,30.866702645918224,23.628955271179905,1.0,0.13329735408177612,0.8667491286510268,0,5.55674,0.18522
456.74566078186035,31.0,30.86961981232338,23.628565044622974,1.0,0.13038018767662152,0.8700086333429423,0,5.55674,0.18522
456.77551007270813,31.0,30.86961981232338,23.630128912037947,1.0,0.13038018767662152,0.8732681380348578,0,5.55674,0.18522
456.8161361217499,31.0,30.87378782034466,23.629345498554017,1.0,0.12621217965534015,0.8764234425262413,0,5.55674,0.18522
456.8483679294586,31.0,30.874203687473994,23.628955271179905,1.0,0.1257963125260062,0.8795683503393914,0,5.55674,0.18522
456.884970664978,31.0,30.87628620489528,23.628955271179905,1.0,0.12371379510472025,0.8826611952170094,0,5.55674,0.18522
456.91965198516846,31.0,30.878787815166618,23.628565044622974,1.0,0.12121218483338225,0.8856914998378439,0,5.55674,0.18522
456.9642405509949,31.0,30.879619601494653,23.628955271179905,1.0,0.12038039850534688,0.8887010098004776,0,5.55674,0.18522
456.9936878681183,31.0,30.882537220817767,23.629735726745594,1.0,0.11746277918223313,0.8916375792800334,0,5.55674,0.18522
457.0281982421875,31.0,30.884204027691567,23.630128912037947,1.0,0.11579597230843319,0.8945324785877442,0,5.55674,0.18522
457.0614733695984,31.0,30.884204027691567,23.629735726745594,1.0,0.11579597230843319,0.897427377895455,0,5.55674,0.18522
457.0963726043701,31.0,30.888788706668038,23.629735726745594,1.0,0.11121129333196222,0.9002076602287541,0,5.55674,0.18522
457.1293261051178,31.0,30.890039690476954,23.629735726745594,1.0,0.10996030952304636,0.9029566679668303,0,5.55674,0.18522
457.164186000824,31.0,30.89170664778618,23.629735726745594,1.0,0.10829335221382053,0.9056640017721758,0,5.55674,0.18522
457.1982328891754,31.0,30.894208722084045,23.630909372520648,1.0,0.1057912779159551,0.9083087837200746,0,5.55674,0.18522
457.2413742542267,31.0,30.8979588233949,23.630909372520648,1.0,0.10204117660509837,0.910859813135202,0,5.55674,0.18522
457.2753014564514,31.0,30.900461085998074,23.63129960398834,1.0,0.0995389140019256,0.9133482859852502,0,5.55674,0.18522
457.30607199668884,31.0,30.9046306406579,23.632083025691202,1.0,0.09536935934210078,0.9157325199688027,0,5.55674,0.18522
457.3492007255554,31.0,30.90629789080151,23.630909372520648,1.0,0.09370210919848887,0.9180750726987649,0,5.55674,0.18522
457.380743265152,31.0,30.907965174428398,23.632083025691202,1.0,0.09203482557160214,0.920375943338055,0,5.55674,0.18522
457.425009727478,31.0,30.912131954041968,23.632083025691202,1.0,0.08786804595803233,0.9225726444870057,0,5.55674,0.18522
457.4548137187958,31.0,30.915469941286347,23.63129960398834,1.0,0.08453005871365349,0.9246858959548471,0,5.55674,0.18522
457.4960472583771,31.0,30.918804910624374,23.632083025691202,1.0,0.08119508937562614,0.9267157731892377,0,5.55674,0.18522
457.53088116645813,31.0,30.918804910624374,23.631692792581987,1.0,0.08119508937562614,0.9287456504236283,0,5.55674,0.18522
457.5660545825958,31.0,30.923807616063982,23.631692792581987,0.9738121285510541,0.0761923839360179,0.9306504600220288,0,5.55674,0.18522
457.61344957351685,31.0,30.926310658213595,23.631692792581987,0.9602445926137577,0.0736893417864053,0.932492693566689,0,5.55674,0.18522
457.6558606624603,31.0,30.930478359544622,23.631692792581987,0.9374076798757114,0.06952164045537756,0.9342307345780734,0,5.55674,0.18522
457.695072889328,31.0,30.932565441531665,23.63129960398834,0.9261427375012146,0.06743455846833513,0.9359165985397817,0,5.55674,0.18522
457.74207878112793,31.0,30.93715279288017,23.63129960398834,0.9009430327614921,0.06284720711983027,0.9374877787177774,0,5.55674,0.18522
457.7830445766449,31.0,30.94340839476439,23.63247325961828,0.8663841086260072,0.05659160523561013,0.9389025688486677,0,5.55674,0.18522
457.81412959098816,31.0,30.9459088758922,23.631692792581987,0.8527800985602497,0.05409112410779926,0.9402548469513627,0,5.55674,0.18522
457.84988474845886,31.0,30.94924507045596,23.63247325961828,0.8344367089950737,0.05075492954404126,0.9415237201899638,0,5.55674,0.18522
457.8901581764221,31.0,30.95341707953156,23.632863494363164,0.8114496191914882,0.04658292046843826,0.9426882932016747,0,5.55674,0.18522
457.936203956604,31.0,30.956337295677542,23.633646922645994,0.7953847210539103,0.04366270432245756,0.9437798608097361,0,5.55674,0.18522
457.96743845939636,31.0,30.95925761490389,23.633256686259074,0.7793659464005792,0.0407423850961095,0.9447984204371388,0,5.55674,0.18522
457.999226808548,31.0,30.962178037238573,23.6344303542258,0.7632528344127361,0.03782196276142713,0.9457439695061745,0,5.55674,0.18522
458.03295373916626,31.0,30.965098562709898,23.634820593073243,0.7471658222940348,0.03490143729010242,0.946616505438427,0,5.55674,0.18522
458.07329630851746,31.0,30.968851873272286,23.635210832738835,0.7264338602018822,0.031148126727714498,0.9473952086066199,0,5.55674,0.18522
458.1204319000244,31.0,30.974693499010016,23.635210832738835,0.6940906465528409,0.025306500989984215,0.9480278711313694,0,5.55674,0.18522
458.14938616752625,31.0,30.97719492615596,23.63677475597376,0.6802162228268693,0.02280507384404018,0.9485979979774705,0,5.55674,0.18522
458.1823892593384,31.0,30.979699583573904,23.63677475597376,0.6663924938445434,0.020300416426096035,0.9491055083881229,0,5.55674,0.18522
458.2154350280762,31.0,30.982204316944603,23.63873189581966,0.6524563270024613,0.017795683055396694,0.9495504004645078,0,5.55674,0.18522
458.24837923049927,31.0,30.987210856800118,23.639122143689463,0.6246754838738484,0.012789143199881892,0.9498701290445049,0,5.55674,0.18522
458.2927899360657,31.0,30.990132267328477,23.63990264188584,0.6084476115856466,0.0098677326715233,0.9501168223612929,0,5.55674,0.18522
458.3363106250763,31.0,30.996808362493766,23.64029584865756,0.5713448906184673,0.0031916375062337465,0.9501966132989488,0,5.55674,0.18522
458.3826713562012,31.0,31.001399280150224,23.64107635178067,0.5457878291356177,-0.0013992801502240582,0.9501616312951932,0,5.55674,0.18522
458.42525029182434,31.0,31.00557392402402,23.642640324340334,0.5224843636089225,-0.005573924024020016,0.9500222831945927,0,5.55674,0.18522
458.4685106277466,31.0,31.010998436938564,23.643030580414404,0.49227080405349977,-0.010998436938564282,0.9497473222711286,0,5.55674,0.18522
458.50120425224304,31.0,31.013087553417563,23.643030580414404,0.48060152503388864,-0.013087553417562958,0.9494201334356895,0,5.55674,0.18522
458.533851146698,31.0,31.01684304703508,23.644204310061184,0.4595950095532939,-0.016843047035081327,0.9489990572598125,0,5.55674,0.18522
458.5792624950409,31.0,31.021851690226413,23.644204310061184,0.4316620973347015,-0.021851690226412757,0.9484527650041522,0,5.55674,0.18522
458.62885212898254,31.0,31.02769707048759,23.64537804712262,0.398992365209787,-0.027697070487590736,0.9477603382419625,0,5.55674,0.18522
458.66007256507874,31.0,31.03187304715152,23.644987786118065,0.3756599841508134,-0.03187304715152095,0.9469635120631744,0,5.55674,0.18522
458.698575258255,31.0,31.034796041230038,23.64694205589126,0.35915627258260097,-0.0347960412300381,0.9460936110324235,0,5.55674,0.18522
458.7421295642853,31.0,31.039805776893786,23.64694205589126,0.3311341533805195,-0.03980577689378606,0.9450984666100789,0,5.55674,0.18522
458.7881135940552,31.0,31.04565243269559,23.64733232100218,0.2984143897667261,-0.04565243269559005,0.9439571557926891,0,5.55674,0.18522
458.8229353427887,31.0,31.047739271745797,23.648115810254126,0.2865571114939064,-0.047739271745797396,0.9427636739990441,0,5.55674,0.18522
458.86705327033997,31.0,31.051496346993133,23.64850607783211,0.26542154335861345,-0.0514963469931331,0.9414762653242158,0,5.55674,0.18522
458.8979127407074,31.0,31.055673532273318,23.649679842083003,0.24189199061103975,-0.055673532273317505,0.9400844270173828,0,5.55674,0.18522
458.9503393173218,31.0,31.062354944336278,23.649679842083003,0.20447638637455756,-0.06235494433627764,0.9385255534089759,0,5.55674,0.18522
458.9965078830719,31.0,31.067786360320667,23.651243887091027,0.17390128658656287,-0.06778636032066743,0.9368308944009592,0,5.55674,0.18522
459.0291304588318,31.0,31.067369517993086,23.650463341242755,0.17594566499878744,-0.06736951799308599,0.935146656451132,0,5.55674,0.18522
459.06267952919006,31.0,31.072798107652943,23.651243887091027,0.1454032635248591,-0.07279810765294314,0.9333267037598084,0,5.55674,0.18522
459.09646129608154,31.0,31.076556329444998,23.651634161246363,0.12414528375244926,-0.07655632944499757,0.9314127955236835,0,5.55674,0.18522
459.1310911178589,31.0,31.080734789883934,23.65280794528229,0.1004925981107288,-0.0807347898839339,0.9293944257765852,0,5.55674,0.18522
459.16399335861206,31.0,31.08115170010859,23.65280794528229,0.09780016344161074,-0.08115170010859174,0.9273656332738703,0,5.55674,0.18522
459.2195472717285,31.0,31.08783834534171,23.653591457651203,0.060197278213590555,-0.08783834534170865,0.9251696746403276,0,5.55674,0.18522
459.2538299560547,31.0,31.09285131802011,23.653981736745322,0.031891519802986934,-0.09285131802010937,0.9228483916898249,0,5.55674,0.18522
459.3013553619385,31.0,31.098701753268074,23.653981736745322,0.0,-0.09870175326807384,0.920380847858123,0,5.55674,0.18522
459.3527171611786,31.0,31.10287818345563,23.65515553563722,0.0,-0.10287818345562982,0.9178088932717323,0,5.55674,0.18522
459.40246653556824,31.0,31.107057986046073,23.65671962681654,0.0,-0.10705798604607253,0.9151324436205805,0,5.55674,0.18522
459.4304871559143,31.0,31.111655067486367,23.65671962681654,0.0,-0.11165506748636744,0.9123410669334213,0,5.55674,0.18522
459.4717426300049,31.0,31.115835318244308,23.657109912495116,0.0,-0.11583531824430793,0.9094451839773137,0,5.55674,0.18522
459.5205874443054,31.0,31.12043289276812,23.658283731193137,0.0,-0.12043289276812175,0.9064343616581106,0,5.55674,0.18522
459.5563280582428,31.0,31.122521635694056,23.65906726670363,0.0,-0.12252163569405639,0.9033713207657592,0,5.55674,0.18522
459.5992021560669,31.0,31.125030725708655,23.659847848770937,0.0,-0.1250307257086547,0.9002455526230428,0,5.55674,0.18522
459.63317799568176,31.0,31.130463137779316,23.65906726670363,0.0,-0.13046313777931573,0.8969839741785599,0,5.55674,0.18522
459.683167219162,31.0,31.133389647822185,23.660238141037894,0.0,-0.13338964782218454,0.8936492329830052,0,5.55674,0.18522
459.72462272644043,31.0,31.1388257761339,23.66141197955409,0.0,-0.13882577613389913,0.8901785885796578,0,5.55674,0.18522
459.7662832736969,31.0,31.13673345603155,23.66141197955409,0.0,-0.13673345603154985,0.8867602521788691,0,5.55674,0.18522
459.81634521484375,31.0,31.143004255493793,23.661802275116713,0.0,-0.1430042554937927,0.8831851457915243,0,5.55674,0.18522
459.8528368473053,31.0,31.145931214791688,23.661802275116713,0.0,-0.14593121479168758,0.8795368654217322,0,5.55674,0.18522
459.88449215888977,31.0,31.14969595708402,23.662585825509893,0.0,-0.1496959570840204,0.8757944664946317,0,5.55674,0.18522
459.9207978248596,31.0,31.15136817789636,23.664149979418198,0.0,-0.1513681778963587,0.8720102620472227,0,5.55674,0.18522
459.9587001800537,31.0,31.15513000966604,23.664149979418198,0.0,-0.1551300096660384,0.8681320118055716,0,5.55674,0.18522
459.9989149570465,31.0,31.157219639871244,23.66493353974704,0.0,-0.15721963987124354,0.8642015208087905,0,5.55674,0.18522
460.0400047302246,31.0,31.161819543939544,23.665714146542825,0.0,-0.16181954393954356,0.8601560322103019,0,5.55674,0.18522
460.07542181015015,31.0,31.163492013220605,23.666104451175386,0.0,-0.1634920132206048,0.8560687318797868,0,5.55674,0.18522
460.11647152900696,31.0,31.166002362296865,23.666497713493868,0.0,-0.16600236229686516,0.8519186728223652,0,5.55674,0.18522
460.1707880496979,31.0,31.167257565814054,23.666497713493868,0.0,-0.1672575658140545,0.8477372336770138,0,5.55674,0.18522
460.2114074230194,31.0,31.170185395214105,23.668061900462988,0.0,-0.17018539521410503,0.8434825987966612,0,5.55674,0.18522
460.2558717727661,31.0,31.17185803609152,23.669235788595984,0.0,-0.17185803609152117,0.8391861478943732,0,5.55674,0.18522
460.29783964157104,31.0,31.172692788422296,23.668842520457076,0.0,-0.17269278842229596,0.8348688281838158,0,5.55674,0.18522
460.3342661857605,31.0,31.17394809495312,23.66962610065849,0.0,-0.17394809495311847,0.8305201258099878,0,5.55674,0.18522
460.38351941108704,31.0,31.174786030727546,23.670016413544715,0.0,-0.17478603072754595,0.8261504750417992,0,5.55674,0.18522
460.4264039993286,31.0,31.17645876602012,23.671190314084413,0.0,-0.17645876602011867,0.8217390058912962,0,5.55674,0.18522
460.45625352859497,31.0,31.178966352242128,23.671190314084413,0.0,-0.17896635224212787,0.817264847085243,0,5.55674,0.18522
460.50506138801575,31.0,31.180642335619666,23.671580630272615,0.0,-0.18064233561966603,0.8127487886947514,0,5.55674,0.18522
460.5361680984497,31.0,31.181477177940337,23.671970947284933,0.0,-0.18147717794033724,0.808211859246243,0,5.55674,0.18522
460.5685410499573,31.0,31.181894602309058,23.672754540744677,0.0,-0.18189460230905752,0.8036644941885165,0,5.55674,0.18522
460.6011929512024,31.0,31.182315191146984,23.674318780643375,0.0,-0.18231519114698358,0.7991066144098419,0,5.55674,0.18522
460.6540927886963,31.0,31.184405518266203,23.674709103438545,0.0,-0.18440551826620322,0.7944964764531868,0,5.55674,0.18522
460.6887135505676,31.0,31.183988081029725,23.675492708509182,0.0,-0.18398808102972453,0.7898967744274437,0,5.55674,0.18522
460.72468519210815,31.0,31.184822957642268,23.676273359884647,0.0,-0.1848229576422682,0.7852762004863869,0,5.55674,0.18522
460.76016998291016,31.0,31.186916511635673,23.675883033784544,0.0,-0.18691651163567258,0.7806032876954951,0,5.55674,0.18522
460.8029990196228,31.0,31.18566100527329,23.676273359884647,0.0,-0.185661005273289,0.7759617625636629,0,5.55674,0.18522
460.8514087200165,31.0,31.18566100527329,23.67510238405856,0.0,-0.185661005273289,0.7713202374318306,0,5.55674,0.18522
460.88159227371216,31.0,31.18649589903572,23.675492708509182,0.0,-0.1864958990357195,0.7666578399559376,0,5.55674,0.18522
460.9274687767029,31.0,31.18733396388302,23.674709103438545,0.0,-0.18733396388302026,0.7619744908588622,0,5.55674,0.18522
460.9733488559723,31.0,31.186916511635673,23.671580630272615,0.0,-0.18691651163567258,0.7573015780679704,0,5.55674,0.18522
461.0104944705963,31.0,31.18566100527329,23.67236422207776,0.0,-0.185661005273289,0.7526600529361381,0,5.55674,0.18522
461.0459716320038,31.0,31.1831500506122,23.671190314084413,0.0,-0.18315005061219836,0.7480813016708332,0,5.55674,0.18522
461.0987780094147,31.0,31.185240399157863,23.669235788595984,0.0,-0.1852403991578626,0.7434502916918866,0,5.55674,0.18522
461.12906408309937,31.0,31.186916511635673,23.668842520457076,0.0,-0.18691651163567258,0.7387773789009948,0,5.55674,0.18522
461.16535210609436,31.0,31.184822957642268,23.667668634819847,0.0,-0.1848229576422682,0.7341568049599381,0,5.55674,0.18522
461.221821308136,31.0,31.184822957642268,23.666104451175386,0.0,-0.1848229576422682,0.7295362310188813,0,5.55674,0.18522
461.2516391277313,31.0,31.1831500506122,23.666104451175386,0.0,-0.18315005061219836,0.7249574797535764,0,5.55674,0.18522
461.3071448802948,31.0,31.182732619809997,23.666104451175386,0.0,-0.18273261980999678,0.7203891642583264,0,5.55674,0.18522
461.33902168273926,31.0,31.181894602309058,23.66493353974704,0.0,-0.18189460230905752,0.7158417992006,0,5.55674,0.18522
461.37464785575867,31.0,31.181477177940337,23.66493353974704,0.0,-0.18147717794033724,0.7113048697520915,0,5.55674,0.18522
461.41157579421997,31.0,31.179386925962547,23.665323842733358,0.0,-0.17938692596254668,0.7068201966030279,0,5.55674,0.18522
461.4500505924225,31.0,31.178548942876716,23.664149979418198,0.0,-0.1785489428767164,0.7023564730311099,0,5.55674,0.18522
461.5015308856964,31.0,31.17771413056073,23.665323842733358,0.0,-0.17771413056073015,0.6979136197670917,0,5.55674,0.18522
461.5374810695648,31.0,31.175620813046862,23.66493353974704,0.0,-0.17562081304686217,0.69352309944092,0,5.55674,0.18522
461.58003330230713,31.0,31.17394809495312,23.665714146542825,0.0,-0.17394809495311847,0.689174397067092,0,5.55674,0.18522
461.6205177307129,31.0,31.17645876602012,23.664540280752306,0.0,-0.17645876602011867,0.6847629279165891,0,5.55674,0.18522
461.65721893310547,31.0,31.172692788422296,23.664540280752306,0.0,-0.17269278842229596,0.6804456082060317,0,5.55674,0.18522
461.6904807090759,31.0,31.170185395214105,23.665714146542825,0.0,-0.17018539521410503,0.6761909733256791,0,5.55674,0.18522
461.74573850631714,31.0,31.167257565814054,23.66688801977915,0.0,-0.1672575658140545,0.6720095341803277,0,5.55674,0.18522
461.7885868549347,31.0,31.164747178099788,23.666104451175386,0.0,-0.16474717809978756,0.667890854727833,0,5.55674,0.18522
461.82658648490906,31.0,31.160984902909718,23.66688801977915,0.0,-0.16098490290971768,0.6638662321550901,0,5.55674,0.18522
461.87283754348755,31.0,31.163912507111547,23.66727832688781,0.0,-0.16391250711154726,0.6597684194773015,0,5.55674,0.18522
461.9041178226471,31.0,31.160984902909718,23.668842520457076,0.0,-0.16098490290971768,0.6557437969045585,0,5.55674,0.18522
461.9422564506531,31.0,31.158895176272154,23.668061900462988,0.0,-0.15889517627215355,0.6517714174977547,0,5.55674,0.18522
461.9755961894989,31.0,31.156802341817468,23.669235788595984,0.0,-0.15680234181746755,0.647851358952318,0,5.55674,0.18522
462.0131664276123,31.0,31.156385045897707,23.66962610065849,0.0,-0.1563850458977072,0.6439417328048753,0,5.55674,0.18522
462.0487275123596,31.0,31.1517854481653,23.66962610065849,0.0,-0.15178544816529893,0.6401470966007429,0,5.55674,0.18522
462.10185861587524,31.0,31.14885827900605,23.670799998720213,0.0,-0.1488582790060491,0.6364256396255916,0,5.55674,0.18522
462.13160967826843,31.0,31.148023770523537,23.670799998720213,0.0,-0.14802377052353677,0.6327250453625032,0,5.55674,0.18522
462.18512439727783,31.0,31.144676339265743,23.670799998720213,0.0,-0.14467633926574308,0.6291081368808596,0,5.55674,0.18522
462.2166521549225,31.0,31.143424643844526,23.671580630272615,0.0,-0.1434246438445257,0.6255225207847465,0,5.55674,0.18522
462.25046133995056,31.0,31.140914989096586,23.672754540744677,0.0,-0.1409149890965864,0.6219996460573318,0,5.55674,0.18522
462.28412771224976,31.0,31.138405411449696,23.67236422207776,0.0,-0.1384054114496962,0.6185395107710894,0,5.55674,0.18522
462.321408033371,31.0,31.13589907141761,23.67353518055137,0.0,-0.1358990714176116,0.615142033985649,0,5.55674,0.18522
462.3690404891968,31.0,31.13255529734772,23.67510238405856,0.0,-0.13255529734772153,0.611828151551956,0,5.55674,0.18522
462.40506744384766,31.0,31.13255529734772,23.674318780643375,0.0,-0.13255529734772153,0.608514269118263,0,5.55674,0.18522
462.43961238861084,31.0,31.127119586068602,23.674318780643375,0.0,-0.12711958606860208,0.605336279466548,0,5.55674,0.18522
462.4784822463989,31.0,31.124610431963504,23.675492708509182,0.0,-0.12461043196350374,0.6022210186674604,0,5.55674,0.18522
462.51847314834595,31.0,31.123776171078987,23.675883033784544,0.0,-0.12377617107898686,0.5991266143904856,0,5.55674,0.18522
462.5564024448395,31.0,31.119595514590685,23.675883033784544,0.0,-0.11959551459068507,0.5961367265257185,0,5.55674,0.18522
462.5920920372009,31.0,31.11708975109343,23.677447300172105,0.0,-0.117089751093431,0.5932094827483827,0,5.55674,0.18522
462.6346185207367,31.0,31.112909436258747,23.67783762957822,0.0,-0.11290943625874661,0.5903867468419141,0,5.55674,0.18522
462.6852169036865,31.0,31.108312284377178,23.67940486959236,0.0,-0.10831228437717755,0.5876789397324846,0,5.55674,0.18522
462.7185595035553,31.0,31.10914638760852,23.680185537507157,0.0,-0.10914638760851858,0.5849502800422717,0,5.55674,0.18522
462.7530119419098,31.0,31.103715390621858,23.67940486959236,0.0,-0.10371539062185775,0.5823573952767253,0,5.55674,0.18522
462.7857551574707,31.0,31.100789941743813,23.680185537507157,0.0,-0.1007899417438125,0.57983764673313,0,5.55674,0.18522
462.83616948127747,31.0,31.096193470155413,23.681749840349426,0.0,-0.0961934701554128,0.5774328099792446,0,5.55674,0.18522
462.88520336151123,31.0,31.091180293062678,23.684097798051596,0.0,-0.09118029306267772,0.5751533026526777,0,5.55674,0.18522
462.93812918663025,31.0,31.08992625701171,23.68487848582248,0.0,-0.08992625701171164,0.572905146227385,0,5.55674,0.18522
462.9788348674774,31.0,31.08533039465999,23.686052480851288,0.006826227769355486,-0.08533039465999082,0.5707718863608852,0,5.55674,0.18522
463.0236909389496,31.0,31.082825679165808,23.686836134086036,0.020320548272284245,-0.08282567916580774,0.56870124438174,0,5.55674,0.18522
463.0688772201538,31.0,31.07781016105929,23.688400493336246,0.047749913692027524,-0.07781016105928984,0.5667559903552577,0,5.55674,0.18522
463.1083481311798,31.0,31.075722557820086,23.688790845918504,0.058979520459364054,-0.07572255782008597,0.5648629264097556,0,5.55674,0.18522
463.1413576602936,31.0,31.07029061673603,23.69035522176125,0.08875765849395906,-0.0702906167360311,0.5631056609913547,0,5.55674,0.18522
463.1785731315613,31.0,31.067369517993086,23.69074557848461,0.10465746160520056,-0.06736951799308599,0.5614214230415275,0,5.55674,0.18522
463.21643567085266,31.0,31.066115845868353,23.69113889329242,0.11129746188425976,-0.06611584586835306,0.5597685268948187,0,5.55674,0.18522
463.25861859321594,31.0,31.059850929926938,23.6915292516764,0.1458128025117632,-0.05985092992693808,0.5582722536466452,0,5.55674,0.18522
463.31030321121216,31.0,31.054420038654712,23.692703289074643,0.1756786233534896,-0.05442003865471179,0.5569117526802775,0,5.55674,0.18522
463.34768295288086,31.0,31.050246074316703,23.693093650774358,0.19861956468205738,-0.05024607431670347,0.5556556008223599,0,5.55674,0.18522
463.3793799877167,31.0,31.048992663475588,23.693093650774358,0.20535758231109646,-0.048992663475587506,0.5544307842354702,0,5.55674,0.18522
463.41993713378906,31.0,31.04397921120227,23.692309970926203,0.23305259668918926,-0.04397921120227011,0.5533313039554134,0,5.55674,0.18522
463.47057723999023,31.0,31.039805776893786,23.692703289074643,0.2560387848881701,-0.03980577689378606,0.5523361595330688,0,5.55674,0.18522
463.5032572746277,31.0,31.03729929256224,23.693093650774358,0.26977392343855167,-0.037299292562238406,0.5514036772190128,0,5.55674,0.18522
463.5387032032013,31.0,31.032706373975827,23.6934840133016,0.2951241021373585,-0.03270637397582732,0.5505860178696171,0,5.55674,0.18522
463.5739848613739,31.0,31.02978345411435,23.6934840133016,0.3112280955641388,-0.02978345411435157,0.5498414315167583,0,5.55674,0.18522
463.62035846710205,31.0,31.026444003165466,23.693874376656424,0.3296420783683786,-0.0264440031654658,0.5491803314376217,0,5.55674,0.18522
463.651819229126,31.0,31.022688071790526,23.693874376656424,0.35040775536033547,-0.02268807179052601,0.5486131296428586,0,5.55674,0.18522
463.6815755367279,31.0,31.017259633344963,23.69426769814646,0.38047207499423785,-0.017259633344963277,0.5481816388092345,0,5.55674,0.18522
463.7194194793701,31.0,31.01559014484303,23.69426769814646,0.38967679836676744,-0.01559014484303134,0.5477918851881588,0,5.55674,0.18522
463.7528986930847,31.0,31.00932907527846,23.693874376656424,0.42444491645782634,-0.009329075278458276,0.5475586583061973,0,5.55674,0.18522
463.80438899993896,31.0,31.007243209640137,23.695048429007215,0.43594175109816785,-0.007243209640137138,0.5473775780651939,0,5.55674,0.18522
463.83433413505554,31.0,31.003484997950522,23.693874376656424,0.45686925774381176,-0.0034849979505224837,0.5472904531164309,0,5.55674,0.18522
463.8660306930542,31.0,31.00014661266465,23.694658063162933,0.47537890823532364,-0.00014661266465054723,0.5472867877998147,0,5.55674,0.18522
463.9059841632843,31.0,30.99597539863288,23.695441753005696,0.49853568616772104,0.004024601367120795,0.5473874028339927,0,5.55674,0.18522
463.95045614242554,31.0,30.990965172209087,23.695441753005696,0.5264180475159494,0.009034827790912914,0.5476132735287655,0,5.55674,0.18522
464.00171852111816,31.0,30.98679442224983,23.695441753005696,0.5496549690723267,0.013205577750170505,0.5479434129725198,0,5.55674,0.18522
464.0316171646118,31.0,30.98178475303564,23.696222488846217,0.5775366858045309,0.01821524696435972,0.5483987941466288,0,5.55674,0.18522
464.0861785411835,31.0,30.975945780308564,23.697006185350347,0.6100535119953449,0.024054219691436174,0.5490001496389147,0,5.55674,0.18522
464.11832880973816,31.0,30.974693499010016,23.69661285800845,0.6171494763132122,0.025306500989984215,0.5496328121636643,0,5.55674,0.18522
464.15393137931824,31.0,30.97010406605159,23.69739655617508,0.6427499848625409,0.029895933948409947,0.5503802105123746,0,5.55674,0.18522
464.1924464702606,31.0,30.965931215218973,23.697006185350347,0.6661152167941901,0.03406878478102726,0.5512319301319003,0,5.55674,0.18522
464.2301707267761,31.0,30.964262764647003,23.69817730030934,0.675491756102039,0.03573723535299678,0.5521253610157252,0,5.55674,0.18522
464.2690312862396,31.0,30.958421875869305,23.69739655617508,0.7081806426160665,0.041578124130694505,0.5531648141189925,0,5.55674,0.18522
464.30638217926025,31.0,30.956753576783115,23.698961005139893,0.7175709301271795,0.04324642321688543,0.5542459746994147,0,5.55674,0.18522
464.35304284095764,31.0,30.950913218162725,23.69857063099562,0.7502716102891428,0.049086781837274884,0.5554731442453466,0,5.55674,0.18522
464.4226050376892,31.0,30.94382461084848,23.699744713309485,0.789861037994104,0.05617538915151954,0.5568775289741346,0,5.55674,0.18522
464.4777367115021,31.0,30.93715279288017,23.70130918224686,0.8271453394233506,0.06284720711983027,0.5584487091521303,0,5.55674,0.18522
464.5364203453064,31.0,30.93214612929995,23.700525467410387,0.8553204756798931,0.06785387070004845,0.5601450559196315,0,5.55674,0.18522
464.59060764312744,31.0,30.93006221050871,23.70130918224686,0.8671839063926592,0.06993778949129137,0.5618935006569138,0,5.55674,0.18522
464.6197693347931,31.0,30.9242237337034,23.70208994299054,0.8999376264410188,0.07577626629660017,0.5637879073143288,0,5.55674,0.18522
464.6511869430542,31.0,30.921304649470756,23.70404481682249,0.9164223160038452,0.07869535052924448,0.56575529107756,0,5.55674,0.18522
464.6896822452545,31.0,30.919637097788893,23.702873664495996,0.9261206774642092,0.08036290221110676,0.5677643636328377,0,5.55674,0.18522
464.7386758327484,31.0,30.912967226261173,23.7036544318845,0.9635463647391551,0.08703277373882656,0.5699401829763083,0,5.55674,0.18522
464.78012323379517,31.0,30.910048538086926,23.704438160060874,0.9801410644989391,0.08995146191307413,0.5721889695241352,0,5.55674,0.18522
464.813161611557,31.0,30.907129952546768,23.706393058872663,0.9966886176097103,0.09287004745323202,0.574510720710466,0,5.55674,0.18522
464.8530855178833,31.0,30.90421146961262,23.706783449629484,1.0,0.09578853038738089,0.5769054339701506,0,5.55674,0.18522
464.8884506225586,31.0,30.900045087494505,23.70717679873127,1.0,0.09995491250549549,0.579404306782788,0,5.55674,0.18522
464.9360148906708,31.0,30.89629174065243,23.707567191153828,1.0,0.10370825934757022,0.5819970132664772,0,5.55674,0.18522
464.96854305267334,31.0,30.893792754888693,23.70834797848869,1.0,0.10620724511130675,0.5846521943942599,0,5.55674,0.18522
465.003080368042,31.0,30.890874740526215,23.709131726689975,1.0,0.10912525947378526,0.5873803258811044,0,5.55674,0.18522
465.0462234020233,31.0,30.887956828613255,23.709522123268698,1.0,0.11204317138674469,0.5901814051657731,0,5.55674,0.18522
465.0943899154663,31.0,30.884623097814085,23.710305876482266,1.0,0.11537690218591479,0.5930658277204209,0,5.55674,0.18522
465.13258051872253,31.0,30.881705405309674,23.71148003378488,1.0,0.118294594690326,0.5960231925876791,0,5.55674,0.18522
465.18035101890564,31.0,30.877952886497837,23.711870435358037,1.0,0.12204711350216257,0.5990743704252331,0,5.55674,0.18522
465.2150149345398,31.0,30.87378782034466,23.712651240996024,1.0,0.12621217965534015,0.6022296749166166,0,5.55674,0.18522
465.2501013278961,31.0,30.8725370809737,23.714215819868855,1.0,0.12746291902629991,0.6054162478922741,0,5.55674,0.18522
465.2896273136139,31.0,30.87045465737816,23.714215819868855,1.0,0.1295453426218387,0.6086548814578201,0,5.55674,0.18522
465.33867049217224,31.0,30.868784975642257,23.71460918489828,1.0,0.13121502435774346,0.6119352570667637,0,5.55674,0.18522
465.38827323913574,31.0,30.865452013010668,23.71617378047182,1.0,0.13454798698933246,0.6152989567414969,0,5.55674,0.18522
465.44173192977905,31.0,30.862953953641522,23.71617378047182,1.0,0.13704604635847772,0.6187251079004589,0,5.55674,0.18522
465.49063301086426,31.0,30.860868619730866,23.716954604428054,1.0,0.1391313802691343,0.6222033924071873,0,5.55674,0.18522
465.5242488384247,31.0,30.859202280165448,23.716954604428054,1.0,0.14079771983455203,0.625723335403051,0,5.55674,0.18522
465.5608298778534,31.0,30.854203461460997,23.71734797533236,1.0,0.14579653853900254,0.6293682488665261,0,5.55674,0.18522
465.5986452102661,31.0,30.854619230786852,23.71773838939515,1.0,0.1453807692131477,0.6330027680968547,0,5.55674,0.18522
465.63524293899536,31.0,30.85212149626807,23.71734797533236,1.0,0.14787850373193123,0.6366997306901531,0,5.55674,0.18522
465.680926322937,31.0,30.84753883630748,23.71812880428945,1.0,0.1524611636925215,0.6405112597824661,0,5.55674,0.18522
465.72127747535706,31.0,30.849620687023105,23.71734797533236,1.0,0.1503793129768951,0.6442707426068885,0,5.55674,0.18522
465.75867462158203,31.0,30.8479545723863,23.71851922001531,1.0,0.1520454276137002,0.648071878297231,0,5.55674,0.18522
465.80942392349243,31.0,30.846288491049734,23.71773838939515,1.0,0.1537115089502663,0.6519146660209877,0,5.55674,0.18522
465.8438367843628,31.0,30.845872763279317,23.71734797533236,1.0,0.15412723672068296,0.6557678469390048,0,5.55674,0.18522
465.8831055164337,31.0,30.843372141485816,23.71734797533236,1.0,0.15662785851418448,0.6596835434018594,0,5.55674,0.18522
465.9220974445343,31.0,30.842956428256116,23.71617378047182,1.0,0.15704357174388406,0.6636096326954565,0,5.55674,0.18522
465.96291995048523,31.0,30.842121858710527,23.71617378047182,1.0,0.15787814128947275,0.6675565862276933,0,5.55674,0.18522
466.00897765159607,31.0,30.841290446788662,23.715390002192805,1.0,0.15870955321133806,0.6715243250579768,0,5.55674,0.18522
466.0460636615753,31.0,30.839624498600585,23.71460918489828,1.0,0.1603755013994146,0.6755337125929621,0,5.55674,0.18522
466.0874185562134,31.0,30.83878996239588,23.71343500757257,1.0,0.16121003760412123,0.6795639635330651,0,5.55674,0.18522
466.1215217113495,31.0,30.839624498600585,23.71460918489828,1.0,0.1603755013994146,0.6835733510680505,0,5.55674,0.18522
466.16607785224915,31.0,30.83670838205927,23.71460918489828,1.0,0.16329161794072888,0.6876556415165688,0,5.55674,0.18522
466.2004382610321,31.0,30.83670838205927,23.7138254133053,1.0,0.16329161794072888,0.691737931965087,0,5.55674,0.18522
466.23380041122437,31.0,30.83878996239588,23.71343500757257,1.0,0.16121003760412123,0.69576818290519,0,5.55674,0.18522
466.2681610584259,31.0,30.837124064148327,23.71460918489828,1.0,0.16287593585167315,0.6998400813014819,0,5.55674,0.18522
466.3025875091553,31.0,30.83837427200541,23.713044602670607,1.0,0.16162572799458985,0.7038807245013466,0,5.55674,0.18522
466.33755373954773,31.0,30.83837427200541,23.714215819868855,1.0,0.16162572799458985,0.7079213677012114,0,5.55674,0.18522
466.382773399353,31.0,30.835042525377958,23.71343500757257,1.0,0.16495747462204235,0.7120453045667624,0,5.55674,0.18522
466.4164927005768,31.0,30.837124064148327,23.71460918489828,1.0,0.16287593585167315,0.7161172029630543,0,5.55674,0.18522
466.4487853050232,31.0,30.83670838205927,23.714215819868855,1.0,0.16329161794072888,0.7201994934115725,0,5.55674,0.18522
466.4936509132385,31.0,30.83920565485795,23.715390002192805,1.0,0.16079434514205104,0.7242193520401238,0,5.55674,0.18522
466.52328634262085,31.0,30.83837427200541,23.71460918489828,1.0,0.16162572799458985,0.7282599952399885,0,5.55674,0.18522
466.5562069416046,31.0,30.83878996239588,23.71460918489828,1.0,0.16121003760412123,0.7322902461800915,0,5.55674,0.18522
466.6060161590576,31.0,30.837958583686543,23.714999593130017,1.0,0.16204141631345692,0.736341281587928,0,5.55674,0.18522
466.6364920139313,31.0,30.83837427200541,23.715390002192805,1.0,0.16162572799458985,0.7403819247877927,0,5.55674,0.18522
466.6684126853943,31.0,30.84045589391485,23.714999593130017,1.0,0.1595441060851499,0.7443705274399215,0,5.55674,0.18522
466.7055788040161,31.0,30.840040195221775,23.71460918489828,1.0,0.15995980477822513,0.7483695225593772,0,5.55674,0.18522
466.73894715309143,31.0,30.840040195221775,23.71343500757257,1.0,0.15995980477822513,0.7523685176788328,0,5.55674,0.18522
466.7897379398346,31.0,30.842121858710527,23.713044602670607,1.0,0.15787814128947275,0.7563154712110697,0,5.55674,0.18522
466.8207519054413,31.0,30.843372141485816,23.712260837761676,1.0,0.15662785851418448,0.7602311676739243,0,5.55674,0.18522
466.8506407737732,31.0,30.843372141485816,23.71148003378488,1.0,0.15662785851418448,0.7641468641367789,0,5.55674,0.18522
466.88939785957336,31.0,30.843787856788083,23.71069627555795,1.0,0.156212143211917,0.7680521677170769,0,5.55674,0.18522
466.9246983528137,31.0,30.84503816454395,23.709522123268698,1.0,0.15496183545604936,0.7719262136034781,0,5.55674,0.18522
466.958603143692,31.0,30.846288491049734,23.709131726689975,1.0,0.1537115089502663,0.7757690013272348,0,5.55674,0.18522
467.0066132545471,31.0,30.850036433485513,23.70717679873127,1.0,0.1499635665144865,0.779518090490097,0,5.55674,0.18522
467.0359718799591,31.0,30.849620687023105,23.706393058872663,1.0,0.1503793129768951,0.7832775733145194,0,5.55674,0.18522
467.073224067688,31.0,30.851702589739148,23.706002668945473,1.0,0.1482974102608523,0.7869850085710407,0,5.55674,0.18522
467.10903429985046,31.0,30.852537255206016,23.704438160060874,1.0,0.1474627447939838,0.7906715771908903,0,5.55674,0.18522
467.14193534851074,31.0,30.854203461460997,23.7036544318845,1.0,0.14579653853900254,0.7943164906543654,0,5.55674,0.18522
467.1754701137543,31.0,30.855869701035715,23.7024803246058,1.0,0.14413029896428498,0.7979197481284726,0,5.55674,0.18522
467.22306394577026,31.0,30.858370697842474,23.70130918224686,1.0,0.14162930215752567,0.8014604806824107,0,5.55674,0.18522
467.26632261276245,31.0,30.859202280165448,23.699744713309485,1.0,0.14079771983455203,0.8049804236782745,0,5.55674,0.18522
467.298495054245,31.0,30.860868619730866,23.699351380112603,1.0,0.1391313802691343,0.8084587081850029,0,5.55674,0.18522
467.33526396751404,31.0,30.862953953641522,23.698961005139893,1.0,0.13704604635847772,0.8118848593439648,0,5.55674,0.18522
467.38230562210083,31.0,30.862119183799223,23.697786927828076,1.0,0.1378808162007772,0.8153318797489842,0,5.55674,0.18522
467.42597365379333,31.0,30.866286816267177,23.696222488846217,1.0,0.13371318373282293,0.8186747093423048,0,5.55674,0.18522
467.4752404689789,31.0,30.86961981232338,23.696222488846217,1.0,0.13038018767662152,0.8219342140342203,0,5.55674,0.18522
467.5161626338959,31.0,30.870870507850668,23.696222488846217,1.0,0.12912949214933178,0.8251624513379536,0,5.55674,0.18522
467.5482063293457,31.0,30.873368804808933,23.696222488846217,1.0,0.12663119519106658,0.8283282312177302,0,5.55674,0.18522
467.58635544776917,31.0,30.874203687473994,23.694658063162933,1.0,0.1257963125260062,0.8314731390308804,0,5.55674,0.18522
467.6282341480255,31.0,30.879619601494653,23.695441753005696,1.0,0.12038039850534688,0.8344826489935141,0,5.55674,0.18522
467.66311621665955,31.0,30.880870447352606,23.695832120511966,1.0,0.11912955264739367,0.837460887809699,0,5.55674,0.18522
467.6979339122772,31.0,30.88378811056066,23.695832120511966,1.0,0.11621188943934158,0.8403661850456825,0,5.55674,0.18522
467.73646116256714,31.0,30.885870867979293,23.695048429007215,1.0,0.1141291320207074,0.8432194133462002,0,5.55674,0.18522
467.7725040912628,31.0,30.88962374414882,23.695048429007215,1.0,0.11037625585117894,0.8459788197424797,0,5.55674,0.18522
467.81046175956726,31.0,30.89170664778618,23.695441753005696,1.0,0.10829335221382053,0.8486861535478252,0,5.55674,0.18522
467.8440794944763,31.0,30.895040662722124,23.695832120511966,1.0,0.10495933727787587,0.8513101369797721,0,5.55674,0.18522
467.8759672641754,31.0,30.895040662722124,23.695832120511966,1.0,0.10495933727787587,0.853934120411719,0,5.55674,0.18522
467.9161036014557,31.0,30.898793953036375,23.696222488846217,1.0,0.10120604696362534,0.8564642715858096,0,5.55674,0.18522
467.96600890159607,31.0,30.903379437114893,23.69739655617508,1.0,0.09662056288510712,0.8588797856579373,0,5.55674,0.18522
467.9959719181061,31.0,30.902544261363232,23.69739655617508,1.0,0.09745573863676782,0.8613161791238565,0,5.55674,0.18522
468.04046654701233,31.0,30.909216447086123,23.69857063099562,1.0,0.09078355291387652,0.8635857679467034,0,5.55674,0.18522
468.0846495628357,31.0,30.91088378933722,23.69817730030934,1.0,0.0891162106627803,0.8658136732132728,0,5.55674,0.18522
468.12836837768555,31.0,30.91588601709759,23.69817730030934,1.0,0.08411398290240868,0.8679165227858331,0,5.55674,0.18522
468.17609214782715,31.0,30.919637097788893,23.69857063099562,0.9823077624071868,0.08036290221110676,0.8699255953411108,0,5.55674,0.18522
468.2129936218262,31.0,30.925059127693146,23.69739655617508,0.9525862055236372,0.07494087230685409,0.8717991171487821,0,5.55674,0.18522
468.25186109542847,31.0,30.92672678841575,23.69661285800845,0.9436989503563822,0.07327321158425093,0.8736309474383884,0,5.55674,0.18522
468.30753660202026,31.0,30.931313816568945,23.696222488846217,0.9185481081115514,0.06868618343105481,0.8753481020241648,0,5.55674,0.18522
468.33837938308716,31.0,30.935065595346202,23.694658063162933,0.8980813957908209,0.06493440465379763,0.8769714621405097,0,5.55674,0.18522
468.3782207965851,31.0,30.93882069698867,23.693874376656424,0.8775387727246042,0.06117930301132901,0.8785009447157929,0,5.55674,0.18522
468.42169284820557,31.0,30.941321039593618,23.692703289074643,0.8639768184712142,0.05867896040638243,0.8799679187259525,0,5.55674,0.18522
468.46540331840515,31.0,30.9459088758922,23.6915292516764,0.83879411188492,0.05409112410779926,0.8813201968286475,0,5.55674,0.18522
468.5054202079773,31.0,30.950496966437584,23.69035522176125,0.8135887469780487,0.049503033562416476,0.8825577726677079,0,5.55674,0.18522
468.5580780506134,31.0,30.955085311338962,23.688400493336246,0.7884007787127182,0.04491468866103787,0.8836806398842338,0,5.55674,0.18522
468.6011528968811,31.0,30.95925761490389,23.68644282846128,0.7655054747960779,0.0407423850961095,0.8846991995116366,0,5.55674,0.18522
468.63610887527466,31.0,30.962594347740662,23.68487848582248,0.7472175887058417,0.037405652259337785,0.88563434081812,0,5.55674,0.18522
468.6880044937134,31.0,30.967183363756817,23.68370449826716,0.7219298126623126,0.032816636243182984,0.8864547567241996,0,5.55674,0.18522
468.7262201309204,31.0,30.97010406605159,23.681749840349426,0.705938952813502,0.029895933948409947,0.8872021550729099,0,5.55674,0.18522
468.7765393257141,31.0,30.97636216015917,23.68057587270266,0.6713340403380137,0.023637839840830566,0.8877931010689306,0,5.55674,0.18522
468.81700563430786,31.0,30.980951940764044,23.67940486959236,0.6459781071509426,0.019048059235956316,0.8882693025498295,0,5.55674,0.18522
468.8703339099884,31.0,30.985958404683572,23.67666664383495,0.618364002319713,0.014041595316427902,0.8886203424327402,0,5.55674,0.18522
468.90625858306885,31.0,30.989296215957836,23.675492708509182,0.5999264494717089,0.010703784042163988,0.8888879370337943,0,5.55674,0.18522
468.94851875305176,31.0,30.99347024739575,23.674709103438545,0.5768028835324555,0.006529752604251371,0.8890511808489006,0,5.55674,0.18522
468.9911186695099,31.0,30.9997301128285,23.67314486023588,0.5420999473586814,0.00026988717149833974,0.8890579280281881,0,5.55674,0.18522
469.03346061706543,31.0,31.00223545417407,23.67236422207776,0.5282081188857507,-0.002235454174069673,0.8890020416738363,0,5.55674,0.18522
469.08208203315735,31.0,31.007243209640137,23.670799998720213,0.5004280418352501,-0.007243209640137138,0.888820961432833,0,5.55674,0.18522
469.1277265548706,31.0,31.010998436938564,23.669235788595984,0.47959054889601804,-0.010998436938564282,0.8885460005093688,0,5.55674,0.18522
469.16052174568176,31.0,31.018512560927093,23.668842520457076,0.43777097109516105,-0.018512560927092636,0.8880831864861916,0,5.55674,0.18522
469.1934857368469,31.0,31.023104687663476,23.66727832688781,0.41222698672966807,-0.023104687663476398,0.8875055692946047,0,5.55674,0.18522
469.22636318206787,31.0,31.026027370396548,23.668061900462988,0.39582567506323924,-0.026027370396548122,0.886854885034691,0,5.55674,0.18522
469.28018283843994,31.0,31.030203262354405,23.665714146542825,0.37260193238999345,-0.03020326235440507,0.8860998034758308,0,5.55674,0.18522
469.31178545951843,31.0,31.034796041230038,23.666104451175386,0.34689990533982196,-0.0347960412300381,0.8852299024450799,0,5.55674,0.18522
469.3434863090515,31.0,31.035629397655498,23.664540280752306,0.34218443345464117,-0.035629397655497996,0.8843391675036925,0,5.55674,0.18522
469.3758473396301,31.0,31.039805776893786,23.665323842733358,0.3187528559534066,-0.03980577689378606,0.8833440230813479,0,5.55674,0.18522
469.4082009792328,31.0,31.04356248963552,23.664540280752306,0.2977162671674134,-0.04356248963551934,0.8822549608404598,0,5.55674,0.18522
469.44488859176636,31.0,31.046902635508275,23.66493353974704,0.27891858486135956,-0.04690263550827467,0.881082394952753,0,5.55674,0.18522
469.4939570426941,31.0,31.05274979601552,23.663759678906956,0.24624340513228957,-0.05274979601551877,0.879763650052365,0,5.55674,0.18522
469.5417423248291,31.0,31.057760625788774,23.664149979418198,0.21811204063992531,-0.05776062578877372,0.8783196344076457,0,5.55674,0.18522
469.5854423046112,31.0,31.062354944336278,23.665714146542825,0.19221361756948452,-0.06235494433627764,0.8767607607992388,0,5.55674,0.18522
469.61868381500244,31.0,31.063191737923205,23.665714146542825,0.18727116383080844,-0.06319173792320498,0.8751809673511587,0,5.55674,0.18522
469.6532382965088,31.0,31.067786360320667,23.665714146542825,0.16142615702846816,-0.06778636032066743,0.873486308343142,0,5.55674,0.18522
469.68989396095276,31.0,31.072381239873835,23.666104451175386,0.13553841879709547,-0.0723812398738346,0.8716767773462961,0,5.55674,0.18522
469.7254276275635,31.0,31.076976376692755,23.666104451175386,0.10964799911764989,-0.07697637669275537,0.8697523679289773,0,5.55674,0.18522
469.7618103027344,31.0,31.080734789883934,23.667668634819847,0.08830937605450256,-0.0807347898839339,0.8677339981818789,0,5.55674,0.18522
469.8033380508423,31.0,31.083659522991923,23.668061900462988,0.07164983136632619,-0.08365952299192259,0.8656425101070808,0,5.55674,0.18522
469.8426480293274,31.0,31.0890923494523,23.668452210048258,0.041028458990758965,-0.08909234945230082,0.8634152013707733,0,5.55674,0.18522
469.8818509578705,31.0,31.091597256402736,23.669235788595984,0.026644997114455005,-0.09159725640273564,0.8611252699607049,0,5.55674,0.18522
469.93107295036316,31.0,31.096193470155413,23.67040672725483,0.000599529496782103,-0.0961934701554128,0.8587204332068196,0,5.55674,0.18522
469.96009826660156,31.0,31.099118754882568,23.66962610065849,0.0,-0.09911875488256783,0.8562424643347554,0,5.55674,0.18522
469.99497628211975,31.0,31.10455260634683,23.671580630272615,0.0,-0.10455260634682872,0.8536286491760846,0,5.55674,0.18522
470.0274062156677,31.0,31.107057986046073,23.670799998720213,0.0,-0.10705798604607253,0.8509521995249328,0,5.55674,0.18522
470.05956292152405,31.0,31.11040071793707,23.67040672725483,0.0,-0.1104007179370683,0.8481921815765061,0,5.55674,0.18522
470.0961027145386,31.0,31.113743586337193,23.671190314084413,0.0,-0.11374358633719339,0.8453485919180763,0,5.55674,0.18522
470.1419098377228,31.0,31.118341043322232,23.671580630272615,0.0,-0.11834104332223205,0.8423900658350205,0,5.55674,0.18522
470.17806696891785,31.0,31.119595514590685,23.67236422207776,0.0,-0.11959551459068507,0.8394001779702533,0,5.55674,0.18522
470.2204716205597,31.0,31.122938758673968,23.671580630272615,0.0,-0.12293875867396764,0.8363267090034041,0,5.55674,0.18522
470.25377130508423,31.0,31.1287913448312,23.67236422207776,0.0,-0.1287913448311997,0.8331069253826241,0,5.55674,0.18522
470.2864580154419,31.0,31.129628817176297,23.672754540744677,0.0,-0.1296288171762967,0.8298662049532167,0,5.55674,0.18522
470.3352544307709,31.0,31.134227167281267,23.671970947284933,0.0,-0.13422716728126716,0.826510525771185,0,5.55674,0.18522
470.3794479370117,31.0,31.138405411449696,23.672754540744677,0.0,-0.1384054114496962,0.8230503904849426,0,5.55674,0.18522
470.408323764801,31.0,31.13966019063662,23.672754540744677,0.0,-0.1396601906366186,0.8195588857190271,0,5.55674,0.18522
470.4460277557373,31.0,31.142587030097218,23.67236422207776,0.0,-0.14258703009721785,0.8159942099665967,0,5.55674,0.18522
470.4859690666199,31.0,31.146348457273632,23.67236422207776,0.0,-0.146348457273632,0.8123354985347558,0,5.55674,0.18522
470.520738363266,31.0,31.145931214791688,23.67353518055137,0.0,-0.14593121479168758,0.8086872181649637,0,5.55674,0.18522
470.56555247306824,31.0,31.150947748646274,23.67314486023588,0.0,-0.15094774864627425,0.8049135244488068,0,5.55674,0.18522
470.59617614746094,31.0,31.15387499273504,23.672754540744677,0.0,-0.1538749927350409,0.8010666496304308,0,5.55674,0.18522
470.63075590133667,31.0,31.155967752111962,23.67236422207776,0.0,-0.15596775211196245,0.7971674558276318,0,5.55674,0.18522
470.6646251678467,31.0,31.156385045897707,23.672754540744677,0.0,-0.1563850458977072,0.7932578296801891,0,5.55674,0.18522
470.696161031723,31.0,31.15931248502983,23.67236422207776,0.0,-0.15931248502982953,0.7892750175544434,0,5.55674,0.18522
470.744158744812,31.0,31.160567585597107,23.671970947284933,0.0,-0.16056758559710715,0.7852608279145157,0,5.55674,0.18522
470.7748341560364,31.0,31.163074683081277,23.672754540744677,0.0,-0.16307468308127682,0.7811839608374838,0,5.55674,0.18522
470.80959010124207,31.0,31.16516767846224,23.673928458672776,0.0,-0.16516767846223956,0.7770547688759277,0,5.55674,0.18522
470.8426911830902,31.0,31.166840216404808,23.67314486023588,0.0,-0.1668402164048075,0.7728837634658076,0,5.55674,0.18522
470.87614607810974,31.0,31.169768030817806,23.67353518055137,0.0,-0.16976803081780645,0.7686395626953624,0,5.55674,0.18522
470.908723115921,31.0,31.168930146624064,23.67510238405856,0.0,-0.16893014662406358,0.7644163090297608,0,5.55674,0.18522
470.9422085285187,31.0,31.173530711291164,23.674318780643375,0.0,-0.17353071129116415,0.7600780412474817,0,5.55674,0.18522
470.9771547317505,31.0,31.172692788422296,23.674709103438545,0.0,-0.17269278842229596,0.7557607215369243,0,5.55674,0.18522
471.0293023586273,31.0,31.173530711291164,23.675492708509182,0.0,-0.17353071129116415,0.7514224537546452,0,5.55674,0.18522
471.06258249282837,31.0,31.176041369499785,23.675883033784544,0.0,-0.1760413694997851,0.7470214195171506,0,5.55674,0.18522
471.0941205024719,31.0,31.17771413056073,23.676273359884647,0.0,-0.17771413056073015,0.7425785662531323,0,5.55674,0.18522
471.12731409072876,31.0,31.178966352242128,23.676273359884647,0.0,-0.17896635224212787,0.7381044074470792,0,5.55674,0.18522
471.16090869903564,31.0,31.179386925962547,23.67666664383495,0.0,-0.17938692596254668,0.7336197342980155,0,5.55674,0.18522
471.19633626937866,31.0,31.180221755418472,23.676273359884647,0.0,-0.18022175541847218,0.7291141904125538,0,5.55674,0.18522
471.2462577819824,31.0,31.179804339621228,23.676273359884647,0.0,-0.17980433962122788,0.7246190819220231,0,5.55674,0.18522
471.2763993740082,31.0,31.182732619809997,23.675883033784544,0.0,-0.18273261980999678,0.7200507664267731,0,5.55674,0.18522
471.3208236694336,31.0,31.182315191146984,23.676273359884647,0.0,-0.18231519114698358,0.7154928866480985,0,5.55674,0.18522
471.3564727306366,31.0,31.182732619809997,23.675883033784544,0.0,-0.18273261980999678,0.7109245711528486,0,5.55674,0.18522
471.400089263916,31.0,31.181894602309058,23.675883033784544,0.0,-0.18189460230905752,0.7063772060951221,0,5.55674,0.18522
471.4481472969055,31.0,31.18356748355376,23.675883033784544,0.0,-0.18356748355375885,0.7017880190062782,0,5.55674,0.18522
471.4793703556061,31.0,31.185240399157863,23.675883033784544,0.0,-0.1852403991578626,0.6971570090273316,0,5.55674,0.18522
471.52659916877747,31.0,31.184822957642268,23.675492708509182,0.0,-0.1848229576422682,0.6925364350862748,0,5.55674,0.18522
471.5564570426941,31.0,31.182732619809997,23.67510238405856,0.0,-0.18273261980999678,0.6879681195910249,0,5.55674,0.18522
471.5910975933075,31.0,31.186078451084597,23.674318780643375,0.0,-0.18607845108459742,0.6833161583139099,0,5.55674,0.18522
471.63209891319275,31.0,31.18105975571052,23.674709103438545,0.0,-0.18105975571052113,0.6787896644211469,0,5.55674,0.18522
471.66608023643494,31.0,31.184822957642268,23.67353518055137,0.0,-0.1848229576422682,0.6741690904800901,0,5.55674,0.18522
471.7146887779236,31.0,31.183988081029725,23.672754540744677,0.0,-0.18398808102972453,0.669569388454347,0,5.55674,0.18522
471.74321937561035,31.0,31.18356748355376,23.671580630272615,0.0,-0.18356748355375885,0.6649802013655031,0,5.55674,0.18522
471.7771317958832,31.0,31.182315191146984,23.671190314084413,0.0,-0.18231519114698358,0.6604223215868285,0,5.55674,0.18522
471.8156507015228,31.0,31.181894602309058,23.670799998720213,0.0,-0.18189460230905752,0.655874956529102,0,5.55674,0.18522
471.8483889102936,31.0,31.181477177940337,23.670016413544715,0.0,-0.18147717794033724,0.6513380270805935,0,5.55674,0.18522
471.8972430229187,31.0,31.180642335619666,23.668842520457076,0.0,-0.18064233561966603,0.6468219686901019,0,5.55674,0.18522
471.9263241291046,31.0,31.182315191146984,23.668061900462988,0.0,-0.18231519114698358,0.6422640889114273,0,5.55674,0.18522
471.956294298172,31.0,31.179386925962547,23.66688801977915,0.0,-0.17938692596254668,0.6377794157623636,0,5.55674,0.18522
471.9976155757904,31.0,31.176876164678447,23.666104451175386,0.0,-0.1768761646784469,0.6333575116454024,0,5.55674,0.18522
472.0336651802063,31.0,31.175620813046862,23.66493353974704,0.0,-0.17562081304686217,0.6289669913192308,0,5.55674,0.18522
472.0660734176636,31.0,31.17645876602012,23.66493353974704,0.0,-0.17645876602011867,0.6245555221687279,0,5.55674,0.18522
472.1198511123657,31.0,31.17520342081832,23.663366422405886,0.0,-0.1752034208183204,0.6201754366482699,0,5.55674,0.18522
472.1501896381378,31.0,31.174365480752613,23.662585825509893,0.0,-0.1743654807526127,0.6158162996294546,0,5.55674,0.18522
472.18280816078186,31.0,31.173113329766522,23.661802275116713,0.0,-0.17311332976652238,0.6114884663852915,0,5.55674,0.18522
472.2160425186157,31.0,31.174365480752613,23.66102168481393,0.0,-0.1743654807526127,0.6071293293664762,0,5.55674,0.18522
472.25597071647644,31.0,31.171020130416878,23.65906726670363,0.0,-0.1710201304168777,0.6028538261060543,0,5.55674,0.18522
472.3044755458832,31.0,31.166840216404808,23.658283731193137,0.0,-0.1668402164048075,0.5986828206959341,0,5.55674,0.18522
472.33524465560913,31.0,31.167257565814054,23.657893443042838,0.0,-0.1672575658140545,0.5945013815505827,0,5.55674,0.18522
472.37911653518677,31.0,31.16516767846224,23.655936101230452,0.0,-0.16516767846223956,0.5903721895890267,0,5.55674,0.18522
472.4372384548187,31.0,31.163912507111547,23.654765254072856,0.0,-0.16391250711154726,0.5862743769112381,0,5.55674,0.18522
472.4722509384155,31.0,31.163912507111547,23.653591457651203,0.0,-0.16391250711154726,0.5821765642334494,0,5.55674,0.18522
472.5117840766907,31.0,31.161819543939544,23.65241766865779,0.0,-0.16181954393954356,0.5781310756349608,0,5.55674,0.18522
472.5452094078064,31.0,31.158895176272154,23.65241766865779,0.0,-0.15889517627215355,0.574158696228157,0,5.55674,0.18522
472.5785219669342,31.0,31.158895176272154,23.651634161246363,0.0,-0.15889517627215355,0.5701863168213531,0,5.55674,0.18522
472.6140546798706,31.0,31.155967752111962,23.650463341242755,0.0,-0.15596775211196245,0.5662871230185541,0,5.55674,0.18522
472.66146659851074,31.0,31.15261999510244,23.649679842083003,0.0,-0.15261999510244095,0.5624716231409931,0,5.55674,0.18522
472.68789529800415,31.0,31.15136817789636,23.648899302812424,0.0,-0.1513681778963587,0.5586874186935841,0,5.55674,0.18522
472.72550225257874,31.0,31.150530482659406,23.64733232100218,0.0,-0.1505304826594056,0.5549241566270989,0,5.55674,0.18522
472.7794842720032,31.0,31.146768862839735,23.64694205589126,0.0,-0.14676886283973545,0.5512549350561056,0,5.55674,0.18522
472.8264853954315,31.0,31.144676339265743,23.645768308947083,0.0,-0.14467633926574308,0.547638026574462,0,5.55674,0.18522
472.86233949661255,31.0,31.140914989096586,23.644597525933307,0.0,-0.1409149890965864,0.5441151518470474,0,5.55674,0.18522
472.8939151763916,31.0,31.13966019063662,23.644597525933307,0.0,-0.1396601906366186,0.540623647081132,0,5.55674,0.18522
472.9260747432709,31.0,31.137153812113695,23.643423793802754,0.0,-0.13715381211369504,0.5371948017782896,0,5.55674,0.18522
472.9709384441376,31.0,31.134227167281267,23.6438140515221,0.0,-0.13422716728126716,0.5338391225962579,0,5.55674,0.18522
473.0060112476349,31.0,31.13255529734772,23.643030580414404,0.0,-0.13255529734772153,0.5305252401625649,0,5.55674,0.18522
473.04693126678467,31.0,31.129628817176297,23.643423793802754,0.0,-0.1296288171762967,0.5272845197331575,0,5.55674,0.18522
473.0814881324768,31.0,31.12419330045742,23.641466604571065,0.0,-0.12419330045742072,0.5241796872217219,0,5.55674,0.18522
473.1289346218109,31.0,31.12628529958522,23.64107635178067,0.0,-0.12628529958521995,0.5210225547320915,0,5.55674,0.18522
473.15901470184326,31.0,31.12043289276812,23.6406860998095,0.0,-0.12043289276812175,0.5180117324128884,0,5.55674,0.18522
473.19619703292847,31.0,31.118341043322232,23.642250069085776,0.0,-0.11834104332223205,0.5150532063298326,0,5.55674,0.18522
473.2385296821594,31.0,31.115835318244308,23.6406860998095,0.0,-0.11583531824430793,0.512157323373725,0,5.55674,0.18522
473.27453112602234,31.0,31.113743586337193,23.6406860998095,0.0,-0.11374358633719339,0.5093137337152952,0,5.55674,0.18522
473.31113481521606,31.0,31.111655067486367,23.63990264188584,0.0,-0.11165506748636744,0.506522357028136,0,5.55674,0.18522
473.35798954963684,31.0,31.107475030210196,23.63990264188584,0.0,-0.10747503021019611,0.503835481272881,0,5.55674,0.18522
473.39893102645874,31.0,31.1032983656051,23.64029584865756,0.0,-0.10329836560509875,0.5012530221327536,0,5.55674,0.18522
473.4415760040283,31.0,31.10120695398865,23.63951239237815,0.0,-0.1012069539886511,0.4987228482830373,0,5.55674,0.18522
473.4910035133362,31.0,31.096610459003443,23.63990264188584,0.0,-0.09661045900344334,0.49630758680795123,0,5.55674,0.18522
473.5254819393158,31.0,31.095359498825417,23.63951239237815,0.0,-0.09535949882541672,0.49392359933731583,0,5.55674,0.18522
473.55616211891174,31.0,31.091597256402736,23.64029584865756,0.0,-0.09159725640273564,0.49163366792724744,0,5.55674,0.18522
473.58996081352234,31.0,31.08825529168314,23.63990264188584,0.0,-0.08825529168314006,0.48942728563516896,0,5.55674,0.18522
473.62368869781494,31.0,31.0861674225676,23.63990264188584,0.0,-0.08616742256759835,0.487273100070979,0,5.55674,0.18522
473.6567008495331,31.0,31.08240560196481,23.63990264188584,0.009599188696047534,-0.08240560196480828,0.4852129600218588,0,5.55674,0.18522
473.6939594745636,31.0,31.078647112222143,23.64029584865756,0.030099788739680833,-0.07864711222214282,0.48324678221630524,0,5.55674,0.18522
473.7278571128845,31.0,31.076556329444998,23.64029584865756,0.0413632309452599,-0.07655632944499757,0.4813328739801803,0,5.55674,0.18522
473.77968764305115,31.0,31.07029061673603,23.6406860998095,0.07583466353501839,-0.0702906167360311,0.47957560856177955,0,5.55674,0.18522
473.81011390686035,31.0,31.0682032047647,23.64029584865756,0.0871380773407982,-0.06820320476469988,0.47787052844266203,0,5.55674,0.18522
473.84231543540955,31.0,31.066115845868353,23.643423793802754,0.09827034884441388,-0.06611584586835306,0.4762176322959532,0,5.55674,0.18522
473.87730646133423,31.0,31.063608559042166,23.64107635178067,0.11202859381832553,-0.06360855904216578,0.4746274183198991,0,5.55674,0.18522
473.90900802612305,31.0,31.06026773409144,23.64107635178067,0.13031361971231273,-0.060267734091439706,0.4731207249676131,0,5.55674,0.18522
473.9430561065674,31.0,31.058597372571626,23.641466604571065,0.1393040260182965,-0.05859737257162578,0.47165579065332247,0,5.55674,0.18522
473.97598695755005,31.0,31.054836815267322,23.641466604571065,0.15994654334031827,-0.05483681526732198,0.4702848702716394,0,5.55674,0.18522
474.0165205001831,31.0,31.04982616376998,23.642250069085776,0.18751851260840577,-0.04982616376997839,0.4690392161773899,0,5.55674,0.18522
474.05185317993164,31.0,31.045232545611384,23.642250069085776,0.21283460507253998,-0.04523254561138401,0.4679084025371053,0,5.55674,0.18522
474.092143535614,31.0,31.04230918067975,23.643030580414404,0.22884302450282154,-0.042309180679751535,0.4668506730201115,0,5.55674,0.18522
474.1314387321472,31.0,31.039389076472617,23.6438140515221,0.24484669461597033,-0.03938907647261658,0.4658659461082961,0,5.55674,0.18522
474.16843128204346,31.0,31.034796041230038,23.6438140515221,0.27020787420090014,-0.0347960412300381,0.46499604507754516,0,5.55674,0.18522
474.21298027038574,31.0,31.03145323039456,23.644987786118065,0.2885771382984619,-0.03145323039456116,0.46420971431768115,0,5.55674,0.18522
474.24245262145996,31.0,31.02978345411435,23.644987786118065,0.2977177386614772,-0.02978345411435157,0.46346512796482237,0,5.55674,0.18522
474.27634954452515,31.0,31.01976550756632,23.64537804712262,0.3532733151266155,-0.01976550756631923,0.4629709902756644,0,5.55674,0.18522
474.3109710216522,31.0,31.023521305644238,23.64694205589126,0.33221415957928946,-0.0235213056442376,0.46238295763455844,0,5.55674,0.18522
474.3475933074951,31.0,31.01684304703508,23.64694205589126,0.3692455145938366,-0.016843047035081327,0.4619618814586814,0,5.55674,0.18522
474.3833701610565,31.0,31.013087553417563,23.647725543496506,0.39001301481528333,-0.013087553417562958,0.4616346926232423,0,5.55674,0.18522
474.413578748703,31.0,31.010998436938564,23.64850607783211,0.4015307157173198,-0.010998436938564282,0.4613597316997782,0,5.55674,0.18522
474.4660201072693,31.0,31.007659747426032,23.648899302812424,0.4200273010885954,-0.007659747426032482,0.4611682380141274,0,5.55674,0.18522
474.49769496917725,31.0,31.00390467220376,23.64850607783211,0.4408953729247022,-0.0039046722037596737,0.46107062120903336,0,5.55674,0.18522
474.53419065475464,31.0,31.000982773988312,23.649679842083003,0.45706682695688505,-0.0009827739883121467,0.46104605185932557,0,5.55674,0.18522
474.58542037010193,31.0,30.99597539863288,23.64928957203739,0.48493016992333504,0.004024601367120795,0.4611466668935036,0,5.55674,0.18522
474.6264307498932,31.0,30.99180124048587,23.64928957203739,0.508162845821077,0.00819875951412996,0.46135163588135686,0,5.55674,0.18522
474.6660327911377,31.0,30.988879770887536,23.65007011294915,0.5244081367411871,0.01112022911246413,0.4616296416091685,0,5.55674,0.18522
474.7157506942749,31.0,30.98387312983391,23.65007011294915,0.5523034148218171,0.016126870166090157,0.46203281336332075,0,5.55674,0.18522
474.7463161945343,31.0,30.980951940764044,23.651243887091027,0.5685636805821369,0.019048059235956316,0.46250901484421963,0,5.55674,0.18522
474.779314994812,31.0,30.97886679232721,23.65085361375651,0.5802681899111759,0.021133207672789922,0.4630373450360394,0,5.55674,0.18522
474.8160328865051,31.0,30.97636216015917,23.651634161246363,0.5942551860678434,0.023637839840830566,0.46362829103206016,0,5.55674,0.18522
474.85957765579224,31.0,30.972188993348652,23.652027392854336,0.6175529918066271,0.027811006651347725,0.46432356619834386,0,5.55674,0.18522
474.8942549228668,31.0,30.969268217380943,23.652027392854336,0.6339252879768533,0.030731782619056958,0.4650918607638203,0,5.55674,0.18522
474.9396958351135,31.0,30.96301066033851,23.652027392854336,0.6688681846341165,0.03698933966148843,0.4660165942553575,0,5.55674,0.18522
474.99612498283386,31.0,30.960090208602765,23.65280794528229,0.685241129033757,0.039909791397235495,0.4670143390402884,0,5.55674,0.18522
475.02490854263306,31.0,30.956753576783115,23.65319822272778,0.7039621525970379,0.04324642321688543,0.4680954996207105,0,5.55674,0.18522
475.05844044685364,31.0,30.95341707953156,23.653981736745322,0.7226777017260267,0.04658292046843826,0.4692600726324215,0,5.55674,0.18522
475.0902156829834,31.0,30.950496966437584,23.654765254072856,0.7390930337651058,0.049503033562416476,0.4704976484714819,0,5.55674,0.18522
475.12868189811707,31.0,30.947576956367527,23.655936101230452,0.7555014411740435,0.052423043632472854,0.4718082245622937,0,5.55674,0.18522
475.160391330719,31.0,30.94257281575989,23.65515553563722,0.7836141155737668,0.05742718424011173,0.4732439041682965,0,5.55674,0.18522
475.2135455608368,31.0,30.940904836092386,23.655545818023086,0.7931362603174075,0.059095163907613824,0.47472128326598684,0,5.55674,0.18522
475.24358224868774,31.0,30.93464942327347,23.65632934195969,0.8281583674595598,0.06535057672653011,0.4763550476841501,0,5.55674,0.18522
475.28022837638855,31.0,30.93339776683365,23.65750019899542,0.8353618237475219,0.06660223316634983,0.47802010351330887,0,5.55674,0.18522
475.31341576576233,31.0,30.93006221050871,23.65750019899542,0.8542204899348169,0.06993778949129137,0.4797685482505912,0,5.55674,0.18522
475.3495910167694,31.0,30.927559055086476,23.65750019899542,0.8684653115911743,0.07244094491352371,0.48157957187342926,0,5.55674,0.18522
475.38324761390686,31.0,30.921723906869488,23.65945755732622,0.9011517416914097,0.07827609313051198,0.48353647420169205,0,5.55674,0.18522
475.4164140224457,31.0,30.920888546478864,23.660238141037894,0.9061198973013015,0.07911145352113635,0.48551426053972047,0,5.55674,0.18522
475.45973944664,31.0,30.917137409196698,23.65906726670363,0.9274077627549944,0.08286259080330183,0.487585825309803,0,5.55674,0.18522
475.49609756469727,31.0,30.916302094995558,23.660238141037894,0.9323768740924828,0.08369790500444196,0.48967827293491406,0,5.55674,0.18522
475.53184032440186,31.0,30.91338328952247,23.66102168481393,0.9489567935461749,0.08661671047752861,0.4918436906968523,0,5.55674,0.18522
475.5801134109497,31.0,30.907965174428398,23.66063139089613,0.9795100430159405,0.09203482557160214,0.4941445613361424,0,5.55674,0.18522
475.6303424835205,31.0,30.90379545232156,23.662585825509893,1.0,0.09620454767843967,0.4965496750281034,0,5.55674,0.18522
475.66050934791565,31.0,30.901712245570252,23.662976123546514,1.0,0.09828775442974802,0.4990068688888471,0,5.55674,0.18522
475.71231389045715,31.0,30.899625939594443,23.663366422405886,1.0,0.10037406040555652,0.501516220398986,0,5.55674,0.18522
475.76129698753357,31.0,30.8958757630283,23.664149979418198,1.0,0.1041242369716997,0.5041193263232785,0,5.55674,0.18522
475.7960469722748,31.0,30.89170664778618,23.66493353974704,1.0,0.10829335221382053,0.506826660128624,0,5.55674,0.18522
475.83742904663086,31.0,30.889207799902238,23.665323842733358,1.0,0.11079220009776236,0.509596465131068,0,5.55674,0.18522
475.87261939048767,31.0,30.88754089270782,23.665323842733358,1.0,0.11245910729218167,0.5124079428133725,0,5.55674,0.18522
475.9078440666199,31.0,30.884623097814085,23.666497713493868,1.0,0.11537690218591479,0.5152923653680204,0,5.55674,0.18522
475.9506471157074,31.0,30.884204027691567,23.66688801977915,1.0,0.11579597230843319,0.5181872646757312,0,5.55674,0.18522
475.99997067451477,31.0,30.879203707290912,23.66727832688781,1.0,0.12079629270908754,0.5212071719934583,0,5.55674,0.18522
476.0289251804352,31.0,30.876705235123836,23.667668634819847,1.0,0.12329476487616375,0.5242895411153624,0,5.55674,0.18522
476.08626222610474,31.0,30.874619556681864,23.668061900462988,1.0,0.1253804433181358,0.5274240521983158,0,5.55674,0.18522
476.11640548706055,31.0,30.87295294185219,23.669235788595984,1.0,0.12704705814780937,0.5306002286520111,0,5.55674,0.18522
476.15649461746216,31.0,30.872121222173405,23.668842520457076,1.0,0.12787877782659507,0.5337971980976759,0,5.55674,0.18522
476.1961085796356,31.0,30.868369135589376,23.66962610065849,1.0,0.13163086441062433,0.5370879697079415,0,5.55674,0.18522
476.2401132583618,31.0,30.866702645918224,23.670016413544715,1.0,0.13329735408177612,0.5404204035599859,0,5.55674,0.18522
476.2999176979065,31.0,30.86711847764633,23.671190314084413,1.0,0.1328815223536708,0.5437424416188277,0,5.55674,0.18522
476.3402535915375,31.0,30.863369766647565,23.671190314084413,1.0,0.13663023335243452,0.5471581974526385,0,5.55674,0.18522
476.3811719417572,31.0,30.861703377037657,23.671190314084413,1.0,0.13829662296234346,0.550615613026697,0,5.55674,0.18522
476.41606307029724,31.0,30.859621224404805,23.67314486023588,1.0,0.1403787755951953,0.5541250824165769,0,5.55674,0.18522
476.4528241157532,31.0,30.859621224404805,23.672754540744677,1.0,0.1403787755951953,0.5576345518064567,0,5.55674,0.18522
476.48615884780884,31.0,30.858370697842474,23.67314486023588,1.0,0.14162930215752567,0.5611752843603949,0,5.55674,0.18522
476.51602482795715,31.0,30.857535973935512,23.673928458672776,1.0,0.14246402606448783,0.564736885012007,0,5.55674,0.18522
476.5540883541107,31.0,30.856285478676625,23.674709103438545,1.0,0.1437145213233748,0.5683297480450914,0,5.55674,0.18522
476.58749890327454,31.0,30.854619230786852,23.67510238405856,1.0,0.1453807692131477,0.57196426727542,0,5.55674,0.18522
476.6205463409424,31.0,30.854203461460997,23.67510238405856,1.0,0.14579653853900254,0.5756091807388951,0,5.55674,0.18522
476.6624901294708,31.0,30.854619230786852,23.675883033784544,1.0,0.1453807692131477,0.5792436999692238,0,5.55674,0.18522
476.7149953842163,31.0,30.852537255206016,23.67666664383495,1.0,0.1474627447939838,0.5829302685890734,0,5.55674,0.18522
476.74608635902405,31.0,30.85336877930473,23.676273359884647,1.0,0.14663122069526935,0.5865960491064551,0,5.55674,0.18522
476.7808976173401,31.0,30.85087108226554,23.67666664383495,1.0,0.14912891773445835,0.5903242720498166,0,5.55674,0.18522
476.81659269332886,31.0,30.849620687023105,23.678230916859775,1.0,0.1503793129768951,0.594083754874239,0,5.55674,0.18522
476.85638308525085,31.0,30.85295301621818,23.678230916859775,1.0,0.14704698378182002,0.5977599294687845,0,5.55674,0.18522
476.9060196876526,31.0,30.85045533163975,23.67901157981015,1.0,0.1495446683602495,0.6014985461777907,0,5.55674,0.18522
476.9428732395172,31.0,30.85336877930473,23.67940486959236,1.0,0.14663122069526935,0.6051643266951725,0,5.55674,0.18522
476.99825954437256,31.0,30.85045533163975,23.67901157981015,1.0,0.1495446683602495,0.6089029434041787,0,5.55674,0.18522
477.0264804363251,31.0,30.851702589739148,23.67940486959236,1.0,0.1482974102608523,0.6126103786607,0,5.55674,0.18522
477.0617341995239,31.0,30.851702589739148,23.67901157981015,1.0,0.1482974102608523,0.6163178139172213,0,5.55674,0.18522
477.0931372642517,31.0,30.85212149626807,23.67901157981015,1.0,0.14787850373193123,0.6200147765105196,0,5.55674,0.18522
477.13520765304565,31.0,30.851702589739148,23.67901157981015,1.0,0.1482974102608523,0.6237222117670409,0,5.55674,0.18522
477.1760013103485,31.0,30.854203461460997,23.678621247922365,1.0,0.14579653853900254,0.627367125230516,0,5.55674,0.18522
477.22104573249817,31.0,30.8537876942097,23.67783762957822,1.0,0.14621230579029998,0.6310224328752735,0,5.55674,0.18522
477.25632190704346,31.0,30.85336877930473,23.677447300172105,1.0,0.14663122069526935,0.6346882133926552,0,5.55674,0.18522
477.30907440185547,31.0,30.854619230786852,23.67705697159107,1.0,0.1453807692131477,0.6383227326229839,0,5.55674,0.18522
477.3400640487671,31.0,30.855869701035715,23.67705697159107,1.0,0.14413029896428498,0.6419259900970911,0,5.55674,0.18522
477.37360978126526,31.0,30.857120190053536,23.675883033784544,1.0,0.14287980994646432,0.6454979853457526,0,5.55674,0.18522
477.4162104129791,31.0,30.855869701035715,23.67666664383495,1.0,0.14413029896428498,0.6491012428198598,0,5.55674,0.18522
477.4651267528534,31.0,30.860868619730866,23.675492708509182,1.0,0.1391313802691343,0.6525795273265882,0,5.55674,0.18522
477.50636100769043,31.0,30.859621224404805,23.674318780643375,1.0,0.1403787755951953,0.656088996716468,0,5.55674,0.18522
477.55201482772827,31.0,30.861287572352182,23.67510238405856,1.0,0.13871242764781755,0.6595568074076634,0,5.55674,0.18522
477.5781955718994,31.0,30.861287572352182,23.674318780643375,1.0,0.13871242764781755,0.6630246180988588,0,5.55674,0.18522
477.62620782852173,31.0,30.866286816267177,23.67353518055137,1.0,0.13371318373282293,0.6663674476921794,0,5.55674,0.18522
477.6603453159332,31.0,30.866702645918224,23.67353518055137,1.0,0.13329735408177612,0.6696998815442238,0,5.55674,0.18522
477.6933126449585,31.0,30.86711847764633,23.672754540744677,1.0,0.1328815223536708,0.6730219196030656,0,5.55674,0.18522
477.7498195171356,31.0,30.869203968099725,23.673928458672776,1.0,0.13079603190027456,0.6762918204005725,0,5.55674,0.18522
477.7762053012848,31.0,30.870870507850668,23.67353518055137,1.0,0.12912949214933178,0.6795200577043058,0,5.55674,0.18522
477.8134067058563,31.0,30.873368804808933,23.67353518055137,1.0,0.12663119519106658,0.6826858375840824,0,5.55674,0.18522
477.8496241569519,31.0,30.87503542796827,23.673928458672776,1.0,0.12496457203172895,0.6858099518848756,0,5.55674,0.18522
477.88338446617126,31.0,30.87503542796827,23.674318780643375,1.0,0.12496457203172895,0.6889340661856688,0,5.55674,0.18522
477.9325258731842,31.0,30.879203707290912,23.674709103438545,1.0,0.12079629270908754,0.6919539735033959,0,5.55674,0.18522
477.9621510505676,31.0,30.879203707290912,23.674318780643375,1.0,0.12079629270908754,0.6949738808211231,0,5.55674,0.18522
478.0003697872162,31.0,30.882537220817767,23.67510238405856,1.0,0.11746277918223313,0.6979104503006789,0,5.55674,0.18522
478.03425645828247,31.0,30.88295628253985,23.674709103438545,1.0,0.11704371746014886,0.7008365432371826,0,5.55674,0.18522
478.0661540031433,31.0,30.88503901912179,23.67510238405856,1.0,0.11496098087820883,0.7037105677591378,0,5.55674,0.18522
478.1105697154999,31.0,30.888788706668038,23.674709103438545,1.0,0.11121129333196222,0.7064908500924368,0,5.55674,0.18522
478.15644884109497,31.0,30.892541714585093,23.675492708509182,1.0,0.1074582854149071,0.7091773072278095,0,5.55674,0.18522
478.19298934936523,31.0,30.892541714585093,23.675883033784544,1.0,0.1074582854149071,0.7118637643631821,0,5.55674,0.18522
478.2366352081299,31.0,30.8958757630283,23.67666664383495,1.0,0.1041242369716997,0.7144668702874746,0,5.55674,0.18522
478.28277349472046,31.0,30.899209945273697,23.677447300172105,1.0,0.10079005472630342,0.7169866216556322,0,5.55674,0.18522
478.31114172935486,31.0,30.901293089256285,23.677447300172105,1.0,0.09870691074371507,0.719454294424225,0,5.55674,0.18522
478.3484869003296,31.0,30.905878711338744,23.678230916859775,1.0,0.09412128866125613,0.7218073266407564,0,5.55674,0.18522
478.38232827186584,31.0,30.90629789080151,23.678230916859775,1.0,0.09370210919848887,0.7241498793707186,0,5.55674,0.18522
478.41184997558594,31.0,30.908381212614415,23.678230916859775,1.0,0.09161878738558471,0.7264403490553583,0,5.55674,0.18522
478.4708502292633,31.0,30.912967226261173,23.678230916859775,0.9942407697034309,0.08703277373882656,0.7286161683988289,0,5.55674,0.18522
478.50601959228516,31.0,30.915469941286347,23.68057587270266,0.9806049336051013,0.08453005871365349,0.7307294198666703,0,5.55674,0.18522
478.55058312416077,31.0,30.918804910624374,23.68057587270266,0.9624493499470648,0.08119508937562614,0.7327592971010609,0,5.55674,0.18522
478.5886471271515,31.0,30.920472445574603,23.680185537507157,0.9535715715884998,0.07952755442539683,0.7347474859616958,0,5.55674,0.18522
478.63146591186523,31.0,30.9242237337034,23.68096916581794,0.9330373141067436,0.07577626629660017,0.7366418926191108,0,5.55674,0.18522
478.662579536438,31.0,30.927559055086476,23.682140178853672,0.9147791553977462,0.07244094491352371,0.738452916241949,0,5.55674,0.18522
478.7013432979584,31.0,30.93006221050871,23.682140178853672,0.9011936184710503,0.06993778949129137,0.7402013609792313,0,5.55674,0.18522
478.7502193450928,31.0,30.936317276981754,23.681749840349426,0.8667507508763287,0.06368272301824618,0.7417934290546875,0,5.55674,0.18522
478.79064679145813,31.0,30.94006928234745,23.68292381546513,0.8461191070269335,0.05993071765254854,0.7432916969960012,0,5.55674,0.18522
478.8271691799164,31.0,30.94424082902475,23.683314156453207,0.8231770718273101,0.05575917097525007,0.7446856762703824,0,5.55674,0.18522
478.8722093105316,31.0,30.9459088758922,23.68370449826716,0.8141386102276655,0.05409112410779926,0.7460379543730774,0,5.55674,0.18522
478.90771865844727,31.0,30.95008071680587,23.684488141523957,0.7911477187369774,0.04991928319412864,0.7472859364529306,0,5.55674,0.18522
478.95082211494446,31.0,30.95341707953156,23.685271788110413,0.7727839131141259,0.04658292046843826,0.7484505094646415,0,5.55674,0.18522
478.9921977519989,31.0,30.958005586368643,23.685662134067684,0.7474612007523916,0.041994413631357475,0.7495003698054254,0,5.55674,0.18522
479.03867506980896,31.0,30.962178037238573,23.685662134067684,0.7244511107039817,0.03782196276142713,0.7504459188744611,0,5.55674,0.18522
479.0905792713165,31.0,30.965514887916243,23.685662134067684,0.7060687823808516,0.034485112083757485,0.751308046676555,0,5.55674,0.18522
479.1204664707184,31.0,30.970936768981403,23.685271788110413,0.6760954042942371,0.02906323101859698,0.75203462745202,0,5.55674,0.18522
479.16546750068665,31.0,30.974277127568598,23.685662134067684,0.6576329818670459,0.02572287243140181,0.752677699262805,0,5.55674,0.18522
479.2191905975342,31.0,30.990132267328477,23.68487848582248,0.5696159928027095,0.0098677326715233,0.7529243925795931,0,5.55674,0.18522
479.2553427219391,31.0,30.981368345850058,23.684488141523957,0.6184211276403071,0.01863165414994228,0.7533901839333417,0,5.55674,0.18522
479.2953872680664,31.0,30.987210856800118,23.68370449826716,0.586055240924144,0.012789143199881892,0.7537099125133387,0,5.55674,0.18522
479.33826065063477,31.0,30.989296215957836,23.68370449826716,0.5745170061500939,0.010703784042163988,0.7539775071143928,0,5.55674,0.18522
479.373393535614,31.0,30.995139288063285,23.68370449826716,0.542071081185483,0.004860711936714779,0.7540990249128107,0,5.55674,0.18522
479.41602659225464,31.0,30.998893964203603,23.68292381546513,0.5212524991450888,0.001106035796397009,0.7541266758077206,0,5.55674,0.18522
479.45821738243103,31.0,31.00432119312336,23.68292381546513,0.49107478983276054,-0.00432119312335999,0.7540186459796366,0,5.55674,0.18522
479.4987494945526,31.0,31.00932907527846,23.683314156453207,0.4631840647059501,-0.009329075278458276,0.7537854190976752,0,5.55674,0.18522
479.5299150943756,31.0,31.011418149442477,23.68370449826716,0.45150272319520013,-0.011418149442476988,0.7534999653616132,0,5.55674,0.18522
479.5664348602295,31.0,31.013920690168618,23.68370449826716,0.43753229528479776,-0.013920690168617966,0.7531519481073978,0,5.55674,0.18522
479.6055977344513,31.0,31.01684304703508,23.684488141523957,0.42117531880846176,-0.016843047035081327,0.7527308719315208,0,5.55674,0.18522
479.6460933685303,31.0,31.023521305644238,23.685662134067684,0.3838968210229312,-0.0235213056442376,0.7521428392904148,0,5.55674,0.18522
479.68259596824646,31.0,31.027280431377335,23.68644282846128,0.3628419585077629,-0.027280431377334935,0.7514608285059814,0,5.55674,0.18522
479.7259669303894,31.0,31.031036572271944,23.686836134086036,0.34180616543727993,-0.031036572271943896,0.7506849141991828,0,5.55674,0.18522
479.7776634693146,31.0,31.03729929256224,23.68761683345116,0.30679308631055424,-0.037299292562238406,0.7497524318851269,0,5.55674,0.18522
479.81177949905396,31.0,31.041475756582486,23.68722648335529,0.28341353636434885,-0.0414757565824857,0.7487155379705647,0,5.55674,0.18522
479.8459737300873,31.0,31.044815817692893,23.688007184373646,0.2646061090544287,-0.04481581769289278,0.7475951425282423,0,5.55674,0.18522
479.8837766647339,31.0,31.046485899125116,23.688400493336246,0.25509046776170863,-0.04648589912511625,0.7464329950501144,0,5.55674,0.18522
479.9160830974579,31.0,31.051496346993133,23.688007184373646,0.22703043787996074,-0.0514963469931331,0.745145586375286,0,5.55674,0.18522
479.9623258113861,31.0,31.057760625788774,23.688790845918504,0.19191380035613873,-0.05776062578877372,0.7437015707305668,0,5.55674,0.18522
479.9929749965668,31.0,31.059430970294216,23.68761683345116,0.1824171717791728,-0.05943097029421551,0.7422157964732113,0,5.55674,0.18522
480.03179955482483,31.0,31.062354944336278,23.688007184373646,0.16586064542400436,-0.06235494433627764,0.7406569228648044,0,5.55674,0.18522
480.06535935401917,31.0,31.066949519909656,23.688400493336246,0.13999959376132087,-0.06694951990965592,0.738983184867063,0,5.55674,0.18522
480.11614990234375,31.0,31.072381239873835,23.686836134086036,0.10956204154901877,-0.0723812398738346,0.7371736538702172,0,5.55674,0.18522
480.1532154083252,31.0,31.074468758106434,23.685662134067684,0.09767765392020489,-0.07446875810643405,0.7353119349175563,0,5.55674,0.18522
480.1829447746277,31.0,31.082825679165808,23.685662134067684,0.05085689208536348,-0.08282567916580774,0.7332412929384111,0,5.55674,0.18522
480.21623730659485,31.0,31.08240560196481,23.684488141523957,0.05286980836724903,-0.08240560196480828,0.7311811528892909,0,5.55674,0.18522
480.25613284111023,31.0,31.087418242460444,23.683314156453207,0.024671313500291836,-0.08741824246044416,0.7289956968277798,0,5.55674,0.18522
480.3038296699524,31.0,31.090343213972744,23.681749840349426,0.008079935545643957,-0.09034321397274425,0.7267371164784612,0,5.55674,0.18522
480.3547525405884,31.0,31.096193470155413,23.68096916581794,0.0,-0.0961934701554128,0.7243322797245758,0,5.55674,0.18522
480.4016225337982,31.0,31.10037293162202,23.679795203137076,0.0,-0.10037293162201877,0.7218229564340254,0,5.55674,0.18522
480.4354798793793,31.0,31.1024611627019,23.679795203137076,0.0,-0.10246116270189987,0.7192614273664779,0,5.55674,0.18522
480.4748682975769,31.0,31.10580370692975,23.67783762957822,0.0,-0.10580370692974839,0.7166163346932342,0,5.55674,0.18522
480.52178406715393,31.0,31.111655067486367,23.67783762957822,0.0,-0.11165506748636744,0.7138249580060749,0,5.55674,0.18522
480.56283688545227,31.0,31.115835318244308,23.67666664383495,0.0,-0.11583531824430793,0.7109290750499673,0,5.55674,0.18522
480.6112287044525,31.0,31.11708975109343,23.67510238405856,0.0,-0.117089751093431,0.7080018312726315,0,5.55674,0.18522
480.66173934936523,31.0,31.12419330045742,23.67510238405856,0.0,-0.12419330045742072,0.7048969987611959,0,5.55674,0.18522
480.71609687805176,31.0,31.128374191996045,23.674709103438545,0.0,-0.12837419199604483,0.7016876439612948,0,5.55674,0.18522
480.75547456741333,31.0,31.129628817176297,23.67314486023588,0.0,-0.1296288171762967,0.6984469235318874,0,5.55674,0.18522
480.8032133579254,31.0,31.13088030127409,23.672754540744677,0.0,-0.13088030127408956,0.6951749160000352,0,5.55674,0.18522
480.83416771888733,31.0,31.13673345603155,23.67236422207776,0.0,-0.13673345603154985,0.6917565795992465,0,5.55674,0.18522
480.8847382068634,31.0,31.13966019063662,23.671970947284933,0.0,-0.1396601906366186,0.6882650748333311,0,5.55674,0.18522
480.93610095977783,31.0,31.144676339265743,23.670799998720213,0.0,-0.14467633926574308,0.6846481663516876,0,5.55674,0.18522
480.9691119194031,31.0,31.147186109601932,23.671580630272615,0.0,-0.14718610960193246,0.6809685136116392,0,5.55674,0.18522
481.00619554519653,31.0,31.14885827900605,23.670799998720213,0.0,-0.1488582790060491,0.677247056636488,0,5.55674,0.18522
481.053626537323,31.0,31.14885827900605,23.670799998720213,0.0,-0.1488582790060491,0.6735255996613367,0,5.55674,0.18522
481.09121012687683,31.0,31.154712722297916,23.671190314084413,0.0,-0.15471272229791566,0.6696577816038889,0,5.55674,0.18522
481.12492990493774,31.0,31.155547299167893,23.67040672725483,0.0,-0.15554729916789256,0.6657690991246916,0,5.55674,0.18522
481.1602928638458,31.0,31.156802341817468,23.67040672725483,0.0,-0.15680234181746755,0.661849040579255,0,5.55674,0.18522
481.21900629997253,31.0,31.160567585597107,23.670799998720213,0.0,-0.16056758559710715,0.6578348509393273,0,5.55674,0.18522
481.2529265880585,31.0,31.161819543939544,23.67040672725483,0.0,-0.16181954393954356,0.6537893623408386,0,5.55674,0.18522
481.3014941215515,31.0,31.163912507111547,23.670016413544715,0.0,-0.16391250711154726,0.64969154966305,0,5.55674,0.18522
481.3440136909485,31.0,31.165585019311663,23.66962610065849,0.0,-0.16558501931166347,0.6455519241802584,0,5.55674,0.18522
481.3810119628906,31.0,31.167257565814054,23.668842520457076,0.0,-0.1672575658140545,0.641370485034907,0,5.55674,0.18522
481.4181978702545,31.0,31.16767491735942,23.670016413544715,0.0,-0.1676749173594203,0.6371786121009215,0,5.55674,0.18522
481.4694356918335,31.0,31.17060276174709,23.66962610065849,0.0,-0.17060276174709088,0.6329135430572442,0,5.55674,0.18522
481.4964768886566,31.0,31.169768030817806,23.669235788595984,0.0,-0.16976803081780645,0.628669342286799,0,5.55674,0.18522
481.53064155578613,31.0,31.17185803609152,23.668061900462988,0.0,-0.17185803609152117,0.624372891384511,0,5.55674,0.18522
481.56374502182007,31.0,31.17394809495312,23.667668634819847,0.0,-0.17394809495311847,0.620024189010683,0,5.55674,0.18522
481.61268043518066,31.0,31.173530711291164,23.668452210048258,0.0,-0.17353071129116415,0.6156859212284039,0,5.55674,0.18522
481.6508903503418,31.0,31.17394809495312,23.667668634819847,0.0,-0.17394809495311847,0.6113372188545759,0,5.55674,0.18522
481.68507838249207,31.0,31.174365480752613,23.668061900462988,0.0,-0.1743654807526127,0.6069780818357606,0,5.55674,0.18522
481.720383644104,31.0,31.174365480752613,23.668452210048258,0.0,-0.1743654807526127,0.6026189448169453,0,5.55674,0.18522
481.7541766166687,31.0,31.175620813046862,23.66727832688781,0.0,-0.17562081304686217,0.5982284244907737,0,5.55674,0.18522
481.8012535572052,31.0,31.17645876602012,23.668061900462988,0.0,-0.17645876602011867,0.5938169553402708,0,5.55674,0.18522
481.83603978157043,31.0,31.17520342081832,23.669235788595984,0.0,-0.1752034208183204,0.5894368698198128,0,5.55674,0.18522
481.8698830604553,31.0,31.17520342081832,23.668061900462988,0.0,-0.1752034208183204,0.5850567842993548,0,5.55674,0.18522
481.9081537723541,31.0,31.17771413056073,23.668061900462988,0.0,-0.17771413056073015,0.5806139310353365,0,5.55674,0.18522
481.9360897541046,31.0,31.176041369499785,23.668061900462988,0.0,-0.1760413694997851,0.5762128967978419,0,5.55674,0.18522
481.97313022613525,31.0,31.17729356547477,23.668842520457076,0.0,-0.17729356547476982,0.5717805576609727,0,5.55674,0.18522
482.0181939601898,31.0,31.173113329766522,23.668842520457076,0.0,-0.17311332976652238,0.5674527244168096,0,5.55674,0.18522
482.0697269439697,31.0,31.175620813046862,23.669235788595984,0.0,-0.17562081304686217,0.563062204090638,0,5.55674,0.18522
482.0981254577637,31.0,31.176041369499785,23.668452210048258,0.0,-0.1760413694997851,0.5586611698531434,0,5.55674,0.18522
482.1298005580902,31.0,31.173530711291164,23.668842520457076,0.0,-0.17353071129116415,0.5543229020708643,0,5.55674,0.18522
482.16964054107666,31.0,31.17520342081832,23.668842520457076,0.0,-0.1752034208183204,0.5499428165504063,0,5.55674,0.18522
482.2038023471832,31.0,31.17645876602012,23.66962610065849,0.0,-0.17645876602011867,0.5455313473999034,0,5.55674,0.18522
482.23651123046875,31.0,31.173530711291164,23.66962610065849,0.0,-0.17353071129116415,0.5411930796176243,0,5.55674,0.18522
482.2701096534729,31.0,31.173530711291164,23.66962610065849,0.0,-0.17353071129116415,0.5368548118353452,0,5.55674,0.18522
482.3205826282501,31.0,31.171440663131705,23.670799998720213,0.0,-0.1714406631317047,0.5325687952570526,0,5.55674,0.18522
482.35115480422974,31.0,31.169768030817806,23.670016413544715,0.0,-0.16976803081780645,0.5283245944866074,0,5.55674,0.18522
482.377867937088,31.0,31.16767491735942,23.671190314084413,0.0,-0.1676749173594203,0.5241327215526219,0,5.55674,0.18522
482.4217278957367,31.0,31.169347506731015,23.671970947284933,0.0,-0.16934750673101462,0.5198990338843466,0,5.55674,0.18522
482.45635199546814,31.0,31.169347506731015,23.67040672725483,0.0,-0.16934750673101462,0.5156653462160712,0,5.55674,0.18522
482.48761105537415,31.0,31.16851278865363,23.671580630272615,0.0,-0.1685127886536293,0.5114525264997305,0,5.55674,0.18522
482.5403459072113,31.0,31.166002362296865,23.671580630272615,0.0,-0.16600236229686516,0.5073024674423089,0,5.55674,0.18522
482.5698764324188,31.0,31.164747178099788,23.67236422207776,0.0,-0.16474717809978756,0.5031837879898142,0,5.55674,0.18522
482.60172724723816,31.0,31.162240029208533,23.672754540744677,0.0,-0.1622400292085331,0.4991277872596009,0,5.55674,0.18522
482.6313991546631,31.0,31.160984902909718,23.67314486023588,0.0,-0.16098490290971768,0.49510316468685794,0,5.55674,0.18522
482.6696445941925,31.0,31.160984902909718,23.67510238405856,0.0,-0.16098490290971768,0.491078542114115,0,5.55674,0.18522
482.7029423713684,31.0,31.158474708243318,23.67314486023588,0.0,-0.15847470824331822,0.487116674408032,0,5.55674,0.18522
482.7399561405182,31.0,31.158474708243318,23.673928458672776,0.0,-0.15847470824331822,0.48315480670194905,0,5.55674,0.18522
482.7879421710968,31.0,31.15513000966604,23.675883033784544,0.0,-0.1551300096660384,0.4792765564602981,0,5.55674,0.18522
482.8366537094116,31.0,31.153457711783744,23.675883033784544,0.0,-0.15345771178374434,0.4754401136657045,0,5.55674,0.18522
482.8860890865326,31.0,31.15136817789636,23.67666664383495,0.0,-0.1513681778963587,0.47165590921829553,0,5.55674,0.18522
482.9149386882782,31.0,31.14844102369858,23.678230916859775,0.0,-0.14844102369858092,0.46794488362583103,0,5.55674,0.18522
482.95068764686584,31.0,31.146768862839735,23.678230916859775,0.0,-0.14676886283973545,0.46427566205483767,0,5.55674,0.18522
482.98291397094727,31.0,31.14509673622348,23.67940486959236,0.0,-0.14509673622347918,0.46064824364925067,0,5.55674,0.18522
483.01824831962585,31.0,31.143424643844526,23.680185537507157,0.0,-0.1434246438445257,0.45706262755313753,0,5.55674,0.18522
483.0554201602936,31.0,31.142169806831816,23.68057587270266,0.0,-0.14216980683181646,0.45350838238234215,0,5.55674,0.18522
483.10413575172424,31.0,31.140077401083943,23.681749840349426,0.0,-0.14007740108394273,0.4500064473552436,0,5.55674,0.18522
483.13180208206177,31.0,31.13631626265959,23.681749840349426,0.0,-0.13631626265959085,0.44659854078875383,0,5.55674,0.18522
483.170170545578,31.0,31.13589907141761,23.68253347530299,0.0,-0.1358990714176116,0.44320106400331355,0,5.55674,0.18522
483.2020261287689,31.0,31.132134964918293,23.68292381546513,0.0,-0.13213496491829346,0.4398976898803562,0,5.55674,0.18522
483.23840141296387,31.0,31.130463137779316,23.683314156453207,0.0,-0.13046313777931573,0.43663611143587333,0,5.55674,0.18522
483.28606700897217,31.0,31.127119586068602,23.684097798051596,0.0,-0.12711958606860208,0.43345812178415827,0,5.55674,0.18522
483.3178548812866,31.0,31.12419330045742,23.683314156453207,0.0,-0.12419330045742072,0.43035328927272276,0,5.55674,0.18522
483.34803318977356,31.0,31.122938758673968,23.68370449826716,0.0,-0.12293875867396764,0.4272798203058736,0,5.55674,0.18522
483.39058446884155,31.0,31.119595514590685,23.68292381546513,0.0,-0.11959551459068507,0.42428993244110647,0,5.55674,0.18522
483.4292984008789,31.0,31.119595514590685,23.68292381546513,0.0,-0.11959551459068507,0.42130004457633935,0,5.55674,0.18522
483.48080611228943,31.0,31.1154182314815,23.681749840349426,0.0,-0.11541823148149888,0.4184145887893019,0,5.55674,0.18522
483.5133583545685,31.0,31.11249236440767,23.681749840349426,0.0,-0.11249236440767163,0.41560227967911006,0,5.55674,0.18522
483.5504062175751,31.0,31.109566601925337,23.68057587270266,0.0,-0.10956660192533718,0.41286311463097664,0,5.55674,0.18522
483.60178112983704,31.0,31.10580370692975,23.679795203137076,0.0,-0.10580370692974839,0.41021802195773294,0,5.55674,0.18522
483.6362202167511,31.0,31.1032983656051,23.679795203137076,0.0,-0.10329836560509875,0.4076355628176055,0,5.55674,0.18522
483.67329454421997,31.0,31.100789941743813,23.678230916859775,0.0,-0.1007899417438125,0.40511581427401017,0,5.55674,0.18522
483.7125611305237,31.0,31.097030609004264,23.67783762957822,0.0,-0.09703060900426408,0.40269004904890354,0,5.55674,0.18522
483.7579855918884,31.0,31.091180293062678,23.676273359884647,0.0,-0.09118029306267772,0.4004105417223366,0,5.55674,0.18522
483.7929627895355,31.0,31.08992625701171,23.67666664383495,0.0,-0.08992625701171164,0.3981623852970438,0,5.55674,0.18522
483.82460474967957,31.0,31.08950930217162,23.67666664383495,0.0,-0.08950930217162067,0.3959246527427533,0,5.55674,0.18522
483.8563618659973,31.0,31.083659522991923,23.67666664383495,0.0,-0.08365952299192259,0.3938331646679552,0,5.55674,0.18522
483.8942723274231,31.0,31.08240560196481,23.675883033784544,0.0,-0.08240560196480828,0.391773024618835,0,5.55674,0.18522
483.94622898101807,31.0,31.078230214726545,23.675883033784544,0.013285445115861383,-0.07823021472654546,0.3898172692506714,0,5.55674,0.18522
483.98241209983826,31.0,31.074885636489853,23.67666664383495,0.03148343309793117,-0.07488563648985291,0.3879451283384251,0,5.55674,0.18522
484.01837182044983,31.0,31.06945690876529,23.67666664383495,0.061327841378084336,-0.06945690876528943,0.3862087056192929,0,5.55674,0.18522
484.0561490058899,31.0,31.0682032047647,23.676273359884647,0.06799871236244509,-0.06820320476469988,0.38450362550017536,0,5.55674,0.18522
484.1071135997772,31.0,31.063191737923205,23.678621247922365,0.09543305498445942,-0.06319173792320498,0.38292383205209524,0,5.55674,0.18522
484.13603925704956,31.0,31.059430970294216,23.67901157981015,0.11603544050093123,-0.05943097029421551,0.3814380577947398,0,5.55674,0.18522
484.17220401763916,31.0,31.057760625788774,23.67901157981015,0.125049650050385,-0.05776062578877372,0.3799940421500205,0,5.55674,0.18522
484.20615673065186,31.0,31.054420038654712,23.68057587270266,0.1432801709047426,-0.05442003865471179,0.37863354118365267,0,5.55674,0.18522
484.25521206855774,31.0,31.04982616376998,23.68096916581794,0.16855623995437147,-0.04982616376997839,0.3773878870894032,0,5.55674,0.18522
484.28232860565186,31.0,31.04397921120227,23.682140178853672,0.2007825066657635,-0.04397921120227011,0.37628840680934644,0,5.55674,0.18522
484.3215606212616,31.0,31.041475756582486,23.68370449826716,0.21442123693012208,-0.0414757565824857,0.3752515128947843,0,5.55674,0.18522
484.36368465423584,31.0,31.040222479425893,23.68370449826716,0.22119912204626685,-0.04022247942589274,0.374245950909137,0,5.55674,0.18522
484.4124517440796,31.0,31.034796041230038,23.684488141523957,0.2511510977048961,-0.0347960412300381,0.373376049878386,0,5.55674,0.18522
484.4406850337982,31.0,31.03187304715152,23.68722648335529,0.26710532783849944,-0.03187304715152095,0.372579223699598,0,5.55674,0.18522
484.4907314777374,31.0,31.026444003165466,23.68722648335529,0.29715066476091384,-0.0264440031654658,0.37191812362046134,0,5.55674,0.18522
484.5234694480896,31.0,31.023521305644238,23.689181199327606,0.3131821263020537,-0.0235213056442376,0.3713300909793554,0,5.55674,0.18522
484.5735852718353,31.0,31.018512560927093,23.689964865865022,0.34088848736085,-0.018512560927092636,0.37086727695617805,0,5.55674,0.18522
484.6112847328186,31.0,31.01559014484303,23.69074557848461,0.35701534645941113,-0.01559014484303134,0.37047752333510225,0,5.55674,0.18522
484.6465985774994,31.0,31.01350412074021,23.692703289074643,0.3684438622753272,-0.013504120740208236,0.37013992031659704,0,5.55674,0.18522
484.6863417625427,31.0,31.007659747426032,23.693874376656424,0.40082397019762483,-0.007659747426032482,0.36994842663094624,0,5.55674,0.18522
484.72344303131104,31.0,31.00390467220376,23.69426769814646,0.42165168562170746,-0.0039046722037596737,0.3698508098258522,0,5.55674,0.18522
484.7620792388916,31.0,31.00014661266465,23.696222488846217,0.44243326938378646,-0.00014661266465054723,0.36984714450923595,0,5.55674,0.18522
484.7991557121277,31.0,30.99597539863288,23.697006185350347,0.4655900469744,0.004024601367120795,0.36994775954341397,0,5.55674,0.18522
484.8555631637573,31.0,30.990965172209087,23.697786927828076,0.4934323497039661,0.009034827790912914,0.3701736302381868,0,5.55674,0.18522
484.8895001411438,31.0,30.988879770887536,23.699351380112603,0.5049916053782654,0.01112022911246413,0.3704516359659984,0,5.55674,0.18522
484.9226305484772,31.0,30.984705971566257,23.700135089945604,0.5282149311486479,0.015294028433743279,0.370833986676842,0,5.55674,0.18522
484.9556357860565,31.0,30.982204316944603,23.700525467410387,0.5421783487325895,0.017795683055396694,0.3712788787532269,0,5.55674,0.18522
484.9895315170288,31.0,30.979699583573904,23.7024803246058,0.5560902013980404,0.020300416426096035,0.3717863891638793,0,5.55674,0.18522
485.02358627319336,31.0,30.97552624818752,23.702873664495996,0.5793734851547676,0.02447375181247935,0.3723982329591913,0,5.55674,0.18522
485.05850744247437,31.0,30.971356277802045,23.70326404777569,0.6026575312230691,0.028643722197955412,0.3731143260141402,0,5.55674,0.18522
485.106641292572,31.0,30.967183363756817,23.70404481682249,0.6259572270669933,0.032816636243182984,0.37393474192021975,0,5.55674,0.18522
485.13741731643677,31.0,30.965514887916243,23.704438160060874,0.6353680150230887,0.034485112083757485,0.3747968697223137,0,5.55674,0.18522
485.1705701351166,31.0,30.960925964494663,23.706002668945473,0.660968129287943,0.039074035505336724,0.3757737206099471,0,5.55674,0.18522
485.21233677864075,31.0,30.95550158614509,23.705612279847912,0.6913360695691391,0.04449841385491027,0.37688618095631987,0,5.55674,0.18522
485.2427456378937,31.0,30.954669038627173,23.70717679873127,0.6960919517772828,0.04533096137282655,0.37801945499064055,0,5.55674,0.18522
485.2898190021515,31.0,30.94924507045596,23.707567191153828,0.7264465229780201,0.05075492954404126,0.3792883282292416,0,5.55674,0.18522
485.31825828552246,31.0,30.947576956367527,23.709131726689975,0.7358782704036848,0.052423043632472854,0.3805989043200534,0,5.55674,0.18522
485.3550064563751,31.0,30.94424082902475,23.708741330941336,0.7546944860624771,0.05575917097525007,0.3819928835944346,0,5.55674,0.18522
485.39642572402954,31.0,30.93673345743258,23.71069627555795,0.7966036488003558,0.06326654256741904,0.3835745471586201,0,5.55674,0.18522
485.44651794433594,31.0,30.933813932619785,23.71148003378488,0.8130929503417994,0.06618606738021526,0.3852291988431255,0,5.55674,0.18522
485.48386430740356,31.0,30.931313816568945,23.711086675463946,0.8273236791501422,0.06868618343105481,0.3869463534289019,0,5.55674,0.18522
485.5165286064148,31.0,30.92714292070667,23.712651240996024,0.8507573524328705,0.0728570792933283,0.3887677804112351,0,5.55674,0.18522
485.553861618042,31.0,30.922972234683016,23.713044602670607,0.8742692646115672,0.07702776531698419,0.3906934745441597,0,5.55674,0.18522
485.5907790660858,31.0,30.920472445574603,23.712651240996024,0.8885483778263081,0.07952755442539683,0.3926816634047946,0,5.55674,0.18522
485.62414169311523,31.0,30.917137409196698,23.71343500757257,0.9074237893153596,0.08286259080330183,0.3947532281748771,0,5.55674,0.18522
485.6560068130493,31.0,30.912967226261173,23.71343500757257,0.930999416899305,0.08703277373882656,0.3969290475183478,0,5.55674,0.18522
485.696013212204,31.0,30.911715897054535,23.71343500757257,0.9383615274936916,0.08828410294546529,0.39913615009198444,0,5.55674,0.18522
485.73599100112915,31.0,30.905878711338744,23.712260837761676,0.9712933242063911,0.09412128866125613,0.4014891823085158,0,5.55674,0.18522
485.7779939174652,31.0,30.905462685693863,23.711086675463946,0.9741030699279254,0.09453731430613743,0.40385261516616927,0,5.55674,0.18522
485.8082733154297,31.0,30.903379437114893,23.71069627555795,0.9861465729332637,0.09662056288510712,0.40626812923829697,0,5.55674,0.18522
485.8448519706726,31.0,30.900877086585353,23.710305876482266,1.0,0.09912291341464652,0.40874620207366313,0,5.55674,0.18522
485.8861827850342,31.0,30.895040662722124,23.708741330941336,1.0,0.10495933727787587,0.41137018550561005,0,5.55674,0.18522
485.9213402271271,31.0,30.89212575573447,23.707567191153828,1.0,0.10787424426553116,0.41406704161224833,0,5.55674,0.18522
485.966260433197,31.0,30.889207799902238,23.706783449629484,1.0,0.11079220009776236,0.4168368466146924,0,5.55674,0.18522
486.0008473396301,31.0,30.887121807877577,23.704828546663805,1.0,0.11287819212242312,0.41965880141775297,0,5.55674,0.18522
486.05905055999756,31.0,30.88295628253985,23.70326404777569,1.0,0.11704371746014886,0.42258489435425667,0,5.55674,0.18522
486.0876941680908,31.0,30.877952886497837,23.7024803246058,1.0,0.12204711350216257,0.4256360721918107,0,5.55674,0.18522
486.1222574710846,31.0,30.877952886497837,23.700525467410387,1.0,0.12204711350216257,0.42868725002936475,0,5.55674,0.18522
486.156453371048,31.0,30.87587032735678,23.699351380112603,1.0,0.12412967264322106,0.43179049184544527,0,5.55674,0.18522
486.1977548599243,31.0,30.87295294185219,23.69817730030934,1.0,0.12704705814780937,0.4349666682991405,0,5.55674,0.18522
486.2503490447998,31.0,30.86961981232338,23.696222488846217,1.0,0.13038018767662152,0.43822617299105604,0,5.55674,0.18522
486.2810456752777,31.0,30.867537461715585,23.695048429007215,1.0,0.13246253828441468,0.4415377364481664,0,5.55674,0.18522
486.3249316215515,31.0,30.86420139888895,23.6934840133016,1.0,0.13579860111104836,0.4449327014759426,0,5.55674,0.18522
486.3725516796112,31.0,30.863369766647565,23.6915292516764,1.0,0.13663023335243452,0.4483484573097535,0,5.55674,0.18522
486.4013478755951,31.0,30.860037020771074,23.69035522176125,1.0,0.1399629792289261,0.45184753179047665,0,5.55674,0.18522
486.4373450279236,31.0,30.857535973935512,23.689181199327606,1.0,0.14246402606448783,0.45540913244208886,0,5.55674,0.18522
486.4727609157562,31.0,30.855869701035715,23.688400493336246,1.0,0.14413029896428498,0.459012389916196,0,5.55674,0.18522
486.50609374046326,31.0,30.85545392546976,23.68722648335529,1.0,0.14454607453023982,0.462626041779452,0,5.55674,0.18522
486.5392963886261,31.0,30.855038151978704,23.685662134067684,1.0,0.1449618480212962,0.4662500879799844,0,5.55674,0.18522
486.5761456489563,31.0,30.85336877930473,23.68487848582248,1.0,0.14663122069526935,0.46991586849736616,0,5.55674,0.18522
486.60921001434326,31.0,30.85087108226554,23.683314156453207,1.0,0.14912891773445835,0.4736440914407276,0,5.55674,0.18522
486.64130115509033,31.0,30.8483703105386,23.682140178853672,1.0,0.15162968946140154,0.47743483367726264,0,5.55674,0.18522
486.67381620407104,31.0,30.84878920031946,23.68057587270266,1.0,0.15121079968054119,0.48121510366927617,0,5.55674,0.18522
486.7075686454773,31.0,30.8483703105386,23.679795203137076,1.0,0.15162968946140154,0.4850058459058112,0,5.55674,0.18522
486.7396891117096,31.0,30.84753883630748,23.67940486959236,1.0,0.1524611636925215,0.4888173749981242,0,5.55674,0.18522
486.7935423851013,31.0,30.845872763279317,23.67666664383495,1.0,0.15412723672068296,0.4926705559161413,0,5.55674,0.18522
486.84180998802185,31.0,30.844206723544858,23.675883033784544,1.0,0.1557932764551424,0.49656538782751986,0,5.55674,0.18522
486.88600969314575,31.0,30.843787856788083,23.67510238405856,1.0,0.156212143211917,0.5004706914078177,0,5.55674,0.18522
486.9260141849518,31.0,30.842121858710527,23.67314486023588,1.0,0.15787814128947275,0.5044176449400546,0,5.55674,0.18522
486.97617411613464,31.0,30.841290446788662,23.672754540744677,1.0,0.15870955321133806,0.508385383770338,0,5.55674,0.18522
487.0227038860321,31.0,30.841290446788662,23.671970947284933,1.0,0.15870955321133806,0.5123531226006215,0,5.55674,0.18522
487.051922082901,31.0,30.841290446788662,23.671190314084413,1.0,0.15870955321133806,0.5163208614309049,0,5.55674,0.18522
487.0985345840454,31.0,30.84045589391485,23.670016413544715,1.0,0.1595441060851499,0.5203094640830337,0,5.55674,0.18522
487.14439582824707,31.0,30.841290446788662,23.66962610065849,1.0,0.15870955321133806,0.5242772029133171,0,5.55674,0.18522
487.1914496421814,31.0,30.842537567779743,23.668842520457076,1.0,0.1574624322202567,0.5282137637188236,0,5.55674,0.18522
487.2185456752777,31.0,30.84045589391485,23.669235788595984,1.0,0.1595441060851499,0.5322023663709523,0,5.55674,0.18522
487.27308678627014,31.0,30.839624498600585,23.667668634819847,1.0,0.1603755013994146,0.5362117539059377,0,5.55674,0.18522
487.3186421394348,31.0,30.841290446788662,23.667668634819847,1.0,0.15870955321133806,0.5401794927362211,0,5.55674,0.18522
487.34940099716187,31.0,30.84170615171348,23.66688801977915,1.0,0.15829384828651882,0.544136838943384,0,5.55674,0.18522
487.3835639953613,31.0,30.842121858710527,23.667668634819847,1.0,0.15787814128947275,0.5480837924756209,0,5.55674,0.18522
487.4188816547394,31.0,30.839624498600585,23.665323842733358,1.0,0.1603755013994146,0.5520931800106063,0,5.55674,0.18522
487.4552285671234,31.0,30.842537567779743,23.665714146542825,1.0,0.1574624322202567,0.5560297408161127,0,5.55674,0.18522
487.4902341365814,31.0,30.84170615171348,23.665323842733358,1.0,0.15829384828651882,0.5599870870232756,0,5.55674,0.18522
487.5253474712372,31.0,30.842956428256116,23.664540280752306,1.0,0.15704357174388406,0.5639131763168727,0,5.55674,0.18522
487.5737645626068,31.0,30.844622443008063,23.664149979418198,1.0,0.15537755699193667,0.567797615241671,0,5.55674,0.18522
487.607718706131,31.0,30.846288491049734,23.663759678906956,1.0,0.1537115089502663,0.5716404029654277,0,5.55674,0.18522
487.6425721645355,31.0,30.84753883630748,23.663366422405886,1.0,0.1524611636925215,0.5754519320577408,0,5.55674,0.18522
487.67492842674255,31.0,30.844622443008063,23.662195528295854,1.0,0.15537755699193667,0.5793363709825392,0,5.55674,0.18522
487.7231390476227,31.0,30.84753883630748,23.66102168481393,1.0,0.1524611636925215,0.5831479000748523,0,5.55674,0.18522
487.7562561035156,31.0,30.84878920031946,23.66141197955409,1.0,0.15121079968054119,0.5869281700668658,0,5.55674,0.18522
487.7936849594116,31.0,30.85045533163975,23.66063139089613,1.0,0.1495446683602495,0.590666786775872,0,5.55674,0.18522
487.82844829559326,31.0,30.852537255206016,23.66063139089613,1.0,0.1474627447939838,0.5943533553957216,0,5.55674,0.18522
487.8603734970093,31.0,30.85295301621818,23.659847848770937,1.0,0.14704698378182002,0.5980295299902672,0,5.55674,0.18522
487.89312720298767,31.0,30.85212149626807,23.65945755732622,1.0,0.14787850373193123,0.6017264925835655,0,5.55674,0.18522
487.931072473526,31.0,30.854619230786852,23.65906726670363,1.0,0.1453807692131477,0.6053610118138941,0,5.55674,0.18522
487.97476983070374,31.0,30.857120190053536,23.657893443042838,1.0,0.14287980994646432,0.6089330070625557,0,5.55674,0.18522
488.0026264190674,31.0,30.857535973935512,23.658674020165392,1.0,0.14246402606448783,0.6124946077141679,0,5.55674,0.18522
488.03664994239807,31.0,30.8587864879662,23.658674020165392,1.0,0.14121351203380073,0.6160249455150129,0,5.55674,0.18522
488.0783863067627,31.0,30.862119183799223,23.65750019899542,1.0,0.1378808162007772,0.6194719659200323,0,5.55674,0.18522
488.1110713481903,31.0,30.863785581729985,23.65632934195969,1.0,0.1362144182700149,0.6228773263767826,0,5.55674,0.18522
488.1436905860901,31.0,30.865036189605974,23.65632934195969,1.0,0.1349638103940265,0.6262514216366333,0,5.55674,0.18522
488.1934013366699,31.0,30.866702645918224,23.655545818023086,1.0,0.13329735408177612,0.6295838554886777,0,5.55674,0.18522
488.23489022254944,31.0,30.867953297613838,23.655936101230452,1.0,0.13204670238616245,0.6328850230483317,0,5.55674,0.18522
488.264723777771,31.0,30.870870507850668,23.655936101230452,1.0,0.12912949214933178,0.6361132603520651,0,5.55674,0.18522
488.2992045879364,31.0,30.8725370809737,23.65515553563722,1.0,0.12746291902629991,0.6392998333277226,0,5.55674,0.18522
488.3313181400299,31.0,30.87503542796827,23.65515553563722,1.0,0.12496457203172895,0.6424239476285157,0,5.55674,0.18522
488.36460280418396,31.0,30.877121116836065,23.654765254072856,1.0,0.12287888316393492,0.6454959197076141,0,5.55674,0.18522
488.40869522094727,31.0,30.878787815166618,23.655545818023086,1.0,0.12121218483338225,0.6485262243284486,0,5.55674,0.18522
488.4533998966217,31.0,30.880870447352606,23.655545818023086,1.0,0.11912955264739367,0.6515044631446335,0,5.55674,0.18522
488.4824113845825,31.0,30.88378811056066,23.65515553563722,1.0,0.11621188943934158,0.654409760380617,0,5.55674,0.18522
488.5194282531738,31.0,30.885454942510194,23.654372016660773,1.0,0.11454505748980637,0.6572733868178622,0,5.55674,0.18522
488.5491786003113,31.0,30.888788706668038,23.654372016660773,1.0,0.11121129333196222,0.6600536691511613,0,5.55674,0.18522
488.58814907073975,31.0,30.890039690476954,23.653591457651203,1.0,0.10996030952304636,0.6628026768892374,0,5.55674,0.18522
488.6264638900757,31.0,30.893792754888693,23.653591457651203,1.0,0.10620724511130675,0.6654578580170201,0,5.55674,0.18522
488.6626920700073,31.0,30.895040662722124,23.65319822272778,1.0,0.10495933727787587,0.668081841448967,0,5.55674,0.18522
488.69527983665466,31.0,30.898793953036375,23.652027392854336,1.0,0.10120604696362534,0.6706119926230576,0,5.55674,0.18522
488.73535227775574,31.0,30.902544261363232,23.65280794528229,1.0,0.09745573863676782,0.6730483860889768,0,5.55674,0.18522
488.77209401130676,31.0,30.901712245570252,23.65085361375651,1.0,0.09828775442974802,0.6755055799497205,0,5.55674,0.18522
488.8279685974121,31.0,30.90754598654678,23.65007011294915,1.0,0.0924540134532208,0.6778169302860511,0,5.55674,0.18522
488.85609221458435,31.0,30.90879725288562,23.649679842083003,1.0,0.09120274711438014,0.6800969989639105,0,5.55674,0.18522
488.8914728164673,31.0,30.912551165085972,23.648115810254126,0.9895160815748858,0.08744883491402788,0.6822832198367612,0,5.55674,0.18522
488.92584681510925,31.0,30.914634643873626,23.64850607783211,0.9783139919472605,0.08536535612637408,0.6844173537399205,0,5.55674,0.18522
488.9701476097107,31.0,30.91922100316293,23.64733232100218,0.9532630565166711,0.08077899683706846,0.6864368286608472,0,5.55674,0.18522
489.01820254325867,31.0,30.926310658213595,23.64694205589126,0.9142289290716712,0.0736893417864053,0.6882790622055074,0,5.55674,0.18522
489.0536847114563,31.0,30.925475251613534,23.646551791600473,0.919236177011896,0.07452474838646594,0.690142180915169,0,5.55674,0.18522
489.0992751121521,31.0,30.93006221050871,23.646161528129824,0.8940915097548836,0.06993778949129137,0.6918906256524513,0,5.55674,0.18522
489.13618445396423,31.0,30.932981603137648,23.644987786118065,0.8782397554261382,0.06701839686235189,0.6935660855740101,0,5.55674,0.18522
489.1704173088074,31.0,30.936317276981754,23.644204310061184,0.8600393648727127,0.06368272301824618,0.6951581536494663,0,5.55674,0.18522
489.2040956020355,31.0,30.93882069698867,23.6438140515221,0.8464318250729597,0.06117930301132901,0.6966876362247495,0,5.55674,0.18522
489.23637986183167,31.0,30.942989027644046,23.643030580414404,0.8235736833147052,0.05701097235595398,0.6981129105336483,0,5.55674,0.18522
489.27222323417664,31.0,30.945076424861668,23.643423793802754,0.8122087081789656,0.054923575138332126,0.6994859999121066,0,5.55674,0.18522
489.3265881538391,31.0,30.949664469267532,23.64185981465056,0.787027462192659,0.050335530732468214,0.7007443881804183,0,5.55674,0.18522
489.35636019706726,31.0,30.953833345944872,23.641466604571065,0.764096048061814,0.046166654055127765,0.7018985545317965,0,5.55674,0.18522
489.3913495540619,31.0,30.956337295677542,23.641466604571065,0.7503844305766612,0.04366270432245756,0.7029901221398579,0,5.55674,0.18522
489.4256844520569,31.0,30.960925964494663,23.641466604571065,0.7250673233352207,0.039074035505336724,0.7039669730274913,0,5.55674,0.18522
489.4580843448639,31.0,30.965098562709898,23.64107635178067,0.7020629142660055,0.03490143729010242,0.7048395089597439,0,5.55674,0.18522
489.49240732192993,31.0,30.967183363756817,23.64107635178067,0.6906301743306705,0.032816636243182984,0.7056599248658235,0,5.55674,0.18522
489.5256254673004,31.0,30.969687717732654,23.64185981465056,0.6768142932444846,0.030312282267345836,0.7064177319225071,0,5.55674,0.18522
489.557270526886,31.0,30.973441236690803,23.64107635178067,0.6561201428600144,0.02655876330919682,0.707081701005237,0,5.55674,0.18522
489.5935118198395,31.0,30.975109872549638,23.64185981465056,0.6469230227754219,0.024890127450362343,0.7077039541914961,0,5.55674,0.18522
489.6288001537323,31.0,30.981368345850058,23.641466604571065,0.6122527626881844,0.01863165414994228,0.7081697455452447,0,5.55674,0.18522
489.6643257141113,31.0,30.98387312983391,23.642250069085776,0.5983688065241335,0.016126870166090157,0.708572917299397,0,5.55674,0.18522
489.69607400894165,31.0,30.987210856800118,23.642640324340334,0.5798611223511461,0.012789143199881892,0.708892645879394,0,5.55674,0.18522
489.73610377311707,31.0,30.990132267328477,23.644597525933307,0.5635728753376188,0.0098677326715233,0.7091393391961821,0,5.55674,0.18522
489.7791769504547,31.0,30.99555576472187,23.644204310061184,0.5334766647261113,0.004444235278128872,0.7092504450781353,0,5.55674,0.18522
489.8059735298157,31.0,30.99806097928422,23.64537804712262,0.5195045948668324,0.0019390207157812256,0.7092989205960298,0,5.55674,0.18522
489.8408348560333,31.0,30.998893964203603,23.64537804712262,0.5148810357446486,0.001106035796397009,0.7093265714909398,0,5.55674,0.18522
489.8864347934723,31.0,31.006826673958813,23.646161528129824,0.47072922009759177,-0.006826673958812535,0.7091559046419695,0,5.55674,0.18522
489.9343571662903,31.0,31.01183470832666,23.64733232100218,0.44278600312149213,-0.011834708326659893,0.7088600369338031,0,5.55674,0.18522
489.9741282463074,31.0,31.01475699121221,23.64850607783211,0.4264190811304229,-0.014756991212209414,0.7084911121534978,0,5.55674,0.18522
490.00600814819336,31.0,31.017259633344963,23.650463341242755,0.4123322047713852,-0.017259633344963277,0.7080596213198738,0,5.55674,0.18522
490.0544333457947,31.0,31.023521305644238,23.65007011294915,0.3774489803334635,-0.0235213056442376,0.7074715886787678,0,5.55674,0.18522
490.0990641117096,31.0,31.029366804444237,23.65085361375651,0.34479088019953485,-0.029366804444237005,0.7067374185676619,0,5.55674,0.18522
490.12840580940247,31.0,31.031036572271944,23.651243887091027,0.33534867538667823,-0.031036572271943896,0.7059615042608633,0,5.55674,0.18522
490.1806221008301,31.0,31.038135831108946,23.652027392854336,0.29568315147248425,-0.038135831108945695,0.7050081084831397,0,5.55674,0.18522
490.2112674713135,31.0,31.039805776893786,23.65280794528229,0.2861793274146043,-0.03980577689378606,0.704012964060795,0,5.55674,0.18522
490.24724197387695,31.0,31.043145770180445,23.653591457651203,0.2673798658928306,-0.04314577018044474,0.702934319806284,0,5.55674,0.18522
490.2777397632599,31.0,31.046485899125116,23.653981736745322,0.24858436024338265,-0.04648589912511625,0.701772172328156,0,5.55674,0.18522
490.3104338645935,31.0,31.05233302998738,23.65319822272778,0.2158912470222814,-0.05233302998738054,0.7004638465784715,0,5.55674,0.18522
490.345511674881,31.0,31.05233302998738,23.654765254072856,0.2155685171134269,-0.05233302998738054,0.699155520828787,0,5.55674,0.18522
490.3941879272461,31.0,31.059430970294216,23.654372016660773,0.17587208955286524,-0.05943097029421551,0.6976697465714315,0,5.55674,0.18522
490.4303650856018,31.0,31.064445365403174,23.65515553563722,0.147669784334347,-0.06444536540317358,0.6960586124363523,0,5.55674,0.18522
490.4677929878235,31.0,31.066532681830836,23.655545818023086,0.1357430053144522,-0.06653268183083583,0.6943952953905813,0,5.55674,0.18522
490.50646448135376,31.0,31.07154435261873,23.655545818023086,0.10756316765572782,-0.07154435261873004,0.692606686575113,0,5.55674,0.18522
490.55002641677856,31.0,31.07530567518478,23.65632934195969,0.08627357184035106,-0.07530567518477937,0.6907240446954935,0,5.55674,0.18522
490.58873677253723,31.0,31.080734789883934,23.65671962681654,0.05571152570520227,-0.0807347898839339,0.6887056749483952,0,5.55674,0.18522
490.62656450271606,31.0,31.084076448084318,23.657109912495116,0.036733459004574365,-0.08407644808431769,0.6866037637462873,0,5.55674,0.18522
490.6654119491577,31.0,31.0890923494523,23.65750019899542,0.008428832151374466,-0.08909234945230082,0.6843764550099798,0,5.55674,0.18522
490.71426725387573,31.0,31.09076333184362,23.658283731193137,0.0,-0.09076333184361829,0.6821073717138894,0,5.55674,0.18522
490.7454969882965,31.0,31.093688422726302,23.658283731193137,0.0,-0.09368842272630218,0.6797651611457318,0,5.55674,0.18522
490.7864091396332,31.0,31.09828159469714,23.658283731193137,0.0,-0.09828159469714137,0.6773081212783033,0,5.55674,0.18522
490.83151030540466,31.0,31.103715390621858,23.65906726670363,0.0,-0.10371539062185775,0.6747152365127569,0,5.55674,0.18522
490.87841391563416,31.0,31.108312284377178,23.659847848770937,0.0,-0.10831228437717755,0.6720074294033275,0,5.55674,0.18522
490.92795491218567,31.0,31.113326510235254,23.66063139089613,0.0,-0.11332651023525386,0.6691742666474462,0,5.55674,0.18522
490.96634817123413,31.0,31.11625240713306,23.66063139089613,0.0,-0.11625240713306084,0.6662679564691196,0,5.55674,0.18522
491.00232434272766,31.0,31.11792394378631,23.661802275116713,0.0,-0.11792394378630888,0.6633198578744619,0,5.55674,0.18522
491.04538774490356,31.0,31.121267119551476,23.66141197955409,0.0,-0.12126711955147584,0.660288179885675,0,5.55674,0.18522
491.091103553772,31.0,31.12628529958522,23.662585825509893,0.0,-0.12628529958521995,0.6571310473960446,0,5.55674,0.18522
491.12627029418945,31.0,31.12628529958522,23.664149979418198,0.0,-0.12628529958521995,0.6539739149064141,0,5.55674,0.18522
491.17770290374756,31.0,31.132972471520304,23.664540280752306,0.0,-0.13297247152030423,0.6506496031184065,0,5.55674,0.18522
491.2092251777649,31.0,31.133806826253476,23.66493353974704,0.0,-0.13380682625347617,0.6473044324620696,0,5.55674,0.18522
491.2424921989441,31.0,31.13547872179015,23.665714146542825,0.0,-0.1354787217901503,0.6439174644173158,0,5.55674,0.18522
491.2799942493439,31.0,31.1388257761339,23.666497713493868,0.0,-0.13882577613389913,0.6404468200139684,0,5.55674,0.18522
491.31504678726196,31.0,31.142169806831816,23.666497713493868,0.0,-0.14216980683181646,0.636892574843173,0,5.55674,0.18522
491.3660707473755,31.0,31.143841873520103,23.668061900462988,0.0,-0.14384187352010258,0.6332965280051704,0,5.55674,0.18522
491.3977928161621,31.0,31.146768862839735,23.668452210048258,0.0,-0.14676886283973545,0.6296273064341771,0,5.55674,0.18522
491.43402218818665,31.0,31.14969595708402,23.67040672725483,0.0,-0.1496959570840204,0.6258849075070766,0,5.55674,0.18522
491.4679617881775,31.0,31.15220272056729,23.670799998720213,0.0,-0.15220272056728845,0.6220798394928944,0,5.55674,0.18522
491.5065653324127,31.0,31.15220272056729,23.671580630272615,0.0,-0.15220272056728845,0.6182747714787121,0,5.55674,0.18522
491.55615282058716,31.0,31.155547299167893,23.67236422207776,0.0,-0.15554729916789256,0.6143860889995149,0,5.55674,0.18522
491.5894355773926,31.0,31.15429543706341,23.67353518055137,0.0,-0.15429543706341065,0.6105287030729296,0,5.55674,0.18522
491.6254532337189,31.0,31.157219639871244,23.673928458672776,0.0,-0.15721963987124354,0.6065982120761485,0,5.55674,0.18522
491.6602840423584,31.0,31.160147108948877,23.674318780643375,0.0,-0.16014710894887685,0.6025945343524266,0,5.55674,0.18522
491.71347403526306,31.0,31.162240029208533,23.675492708509182,0.0,-0.1622400292085331,0.5985385336222133,0,5.55674,0.18522
491.7421944141388,31.0,31.163912507111547,23.67510238405856,0.0,-0.16391250711154726,0.5944407209444247,0,5.55674,0.18522
491.7762086391449,31.0,31.16641970741796,23.675492708509182,0.0,-0.1664197074179583,0.5902802282589757,0,5.55674,0.18522
491.8078842163086,31.0,31.16641970741796,23.675883033784544,0.0,-0.1664197074179583,0.5861197355735268,0,5.55674,0.18522
491.8455345630646,31.0,31.16641970741796,23.674318780643375,0.0,-0.1664197074179583,0.5819592428880779,0,5.55674,0.18522
491.88035917282104,31.0,31.166840216404808,23.674318780643375,0.0,-0.1668402164048075,0.5777882374779577,0,5.55674,0.18522
491.9129183292389,31.0,31.168092271041075,23.674318780643375,0.0,-0.1680922710410755,0.5735859307019309,0,5.55674,0.18522
491.9463760852814,31.0,31.17185803609152,23.674318780643375,0.0,-0.17185803609152117,0.5692894797996428,0,5.55674,0.18522
491.98345589637756,31.0,31.171440663131705,23.67314486023588,0.0,-0.1714406631317047,0.5650034632213502,0,5.55674,0.18522
492.0155806541443,31.0,31.172692788422296,23.67236422207776,0.0,-0.17269278842229596,0.5606861435107928,0,5.55674,0.18522
492.04910683631897,31.0,31.174786030727546,23.671190314084413,0.0,-0.17478603072754595,0.5563164927426042,0,5.55674,0.18522
492.0940556526184,31.0,31.172692788422296,23.67040672725483,0.0,-0.17269278842229596,0.5519991730320468,0,5.55674,0.18522
492.13022112846375,31.0,31.17227541118831,23.670016413544715,0.0,-0.17227541118830914,0.5476922877523391,0,5.55674,0.18522
492.16483998298645,31.0,31.17394809495312,23.669235788595984,0.0,-0.17394809495311847,0.5433435853785111,0,5.55674,0.18522
492.19769859313965,31.0,31.174365480752613,23.668061900462988,0.0,-0.1743654807526127,0.5389844483596958,0,5.55674,0.18522
492.23606300354004,31.0,31.175620813046862,23.667668634819847,0.0,-0.17562081304686217,0.5345939280335242,0,5.55674,0.18522
492.27174377441406,31.0,31.17520342081832,23.666104451175386,0.0,-0.1752034208183204,0.5302138425130662,0,5.55674,0.18522
492.30919432640076,31.0,31.174365480752613,23.665323842733358,0.0,-0.1743654807526127,0.525854705494251,0,5.55674,0.18522
492.3460099697113,31.0,31.173530711291164,23.663366422405886,0.0,-0.17353071129116415,0.5215164377119719,0,5.55674,0.18522
492.38508701324463,31.0,31.17520342081832,23.663366422405886,0.0,-0.1752034208183204,0.5171363521915139,0,5.55674,0.18522
492.42654943466187,31.0,31.174786030727546,23.661802275116713,0.0,-0.17478603072754595,0.5127667014233253,0,5.55674,0.18522
492.4590940475464,31.0,31.174365480752613,23.66141197955409,0.0,-0.1743654807526127,0.50840756440451,0,5.55674,0.18522
492.49005484580994,31.0,31.174365480752613,23.66063139089613,0.0,-0.1743654807526127,0.5040484273856947,0,5.55674,0.18522
492.53114342689514,31.0,31.174365480752613,23.65945755732622,0.0,-0.1743654807526127,0.49968929036687937,0,5.55674,0.18522
492.57799458503723,31.0,31.17394809495312,23.65906726670363,0.0,-0.17394809495311847,0.4953405879930514,0,5.55674,0.18522
492.612685918808,31.0,31.172692788422296,23.657893443042838,0.0,-0.17269278842229596,0.49102326828249404,0,5.55674,0.18522
492.64601707458496,31.0,31.173113329766522,23.65671962681654,0.0,-0.17311332976652238,0.48669543503833096,0,5.55674,0.18522
492.700270652771,31.0,31.17227541118831,23.655936101230452,0.0,-0.17227541118830914,0.4823885497586232,0,5.55674,0.18522
492.73487544059753,31.0,31.171440663131705,23.65632934195969,0.0,-0.1714406631317047,0.4781025331803306,0,5.55674,0.18522
492.7862300872803,31.0,31.17060276174709,23.654372016660773,0.0,-0.17060276174709088,0.4738374641366533,0,5.55674,0.18522
492.82621598243713,31.0,31.16851278865363,23.654372016660773,0.0,-0.1685127886536293,0.46962464442031254,0,5.55674,0.18522
492.8653736114502,31.0,31.16851278865363,23.65319822272778,0.0,-0.1685127886536293,0.4654118247039718,0,5.55674,0.18522
492.9032847881317,31.0,31.165585019311663,23.65319822272778,0.0,-0.16558501931166347,0.46127219922118023,0,5.55674,0.18522
492.9512770175934,31.0,31.164329841537892,23.65319822272778,0.0,-0.1643298415378922,0.45716395318273295,0,5.55674,0.18522
492.98757767677307,31.0,31.164747178099788,23.65241766865779,0.0,-0.16474717809978756,0.4530452737302383,0,5.55674,0.18522
493.0455741882324,31.0,31.16140222235714,23.652027392854336,0.0,-0.16140222235713964,0.4490102181713098,0,5.55674,0.18522
493.0752899646759,31.0,31.158895176272154,23.651243887091027,0.0,-0.15889517627215355,0.445037838764506,0,5.55674,0.18522
493.1224980354309,31.0,31.157219639871244,23.651243887091027,0.0,-0.15721963987124354,0.44110734776772487,0,5.55674,0.18522
493.1675441265106,31.0,31.156385045897707,23.651243887091027,0.0,-0.1563850458977072,0.4371977216202822,0,5.55674,0.18522
493.1977744102478,31.0,31.155547299167893,23.65085361375651,0.0,-0.15554729916789256,0.4333090391410849,0,5.55674,0.18522
493.234667301178,31.0,31.15513000966604,23.65085361375651,0.0,-0.1551300096660384,0.4294307888994339,0,5.55674,0.18522
493.27167224884033,31.0,31.150530482659406,23.651243887091027,0.0,-0.1505304826594056,0.4256675268329488,0,5.55674,0.18522
493.3166310787201,31.0,31.150530482659406,23.65007011294915,0.0,-0.1505304826594056,0.42190426476646364,0,5.55674,0.18522
493.36239862442017,31.0,31.145513974441712,23.65007011294915,0.0,-0.14551397444171243,0.4182664154054208,0,5.55674,0.18522
493.40855979919434,31.0,31.147186109601932,23.65007011294915,0.0,-0.14718610960193246,0.4145867626653725,0,5.55674,0.18522
493.44020342826843,31.0,31.144676339265743,23.650463341242755,0.0,-0.14467633926574308,0.4109698541837289,0,5.55674,0.18522
493.48538517951965,31.0,31.14049777437151,23.65007011294915,0.0,-0.1404977743715108,0.4074574098244411,0,5.55674,0.18522
493.51536417007446,31.0,31.1388257761339,23.648899302812424,0.0,-0.13882577613389913,0.40398676542109363,0,5.55674,0.18522
493.5466945171356,31.0,31.137988209540765,23.649679842083003,0.0,-0.13798820954076518,0.4005370601825745,0,5.55674,0.18522
493.58689999580383,31.0,31.134644349987866,23.649679842083003,0.0,-0.134644349987866,0.39717095143287784,0,5.55674,0.18522
493.62808632850647,31.0,31.133806826253476,23.64928957203739,0.0,-0.13380682625347617,0.39382578077654096,0,5.55674,0.18522
493.66570138931274,31.0,31.131300627251505,23.64928957203739,0.0,-0.13130062725150538,0.39054326509525333,0,5.55674,0.18522
493.6984212398529,31.0,31.127957041289278,23.648115810254126,0.0,-0.1279570412892781,0.3873443390630214,0,5.55674,0.18522
493.73154306411743,31.0,31.127536732502563,23.64850607783211,0.0,-0.1275367325025627,0.38415592075045735,0,5.55674,0.18522
493.7659239768982,31.0,31.12335904382809,23.64850607783211,0.0,-0.12335904382808849,0.38107194465475513,0,5.55674,0.18522
493.81614685058594,31.0,31.120850005096315,23.648115810254126,0.0,-0.12085000509631527,0.37805069452734724,0,5.55674,0.18522
493.84639382362366,31.0,31.118341043322232,23.648899302812424,0.0,-0.11834104332223205,0.37509216844429144,0,5.55674,0.18522
493.89364981651306,31.0,31.114997987120603,23.648115810254126,0.0,-0.11499798712060283,0.3722172187662764,0,5.55674,0.18522
493.92494320869446,31.0,31.11249236440767,23.648899302812424,0.0,-0.11249236440767163,0.3694049096560846,0,5.55674,0.18522
493.97314953804016,31.0,31.10872933493056,23.648899302812424,0.0,-0.10872933493055825,0.36668667628282064,0,5.55674,0.18522
494.00644969940186,31.0,31.107475030210196,23.64850607783211,0.0,-0.10747503021019611,0.36399980052756575,0,5.55674,0.18522
494.04551100730896,31.0,31.104969637750628,23.64733232100218,0.0,-0.10496963775062795,0.3613755595838001,0,5.55674,0.18522
494.07633900642395,31.0,31.1024611627019,23.64733232100218,0.0,-0.10246116270189987,0.3588140305162526,0,5.55674,0.18522
494.1163694858551,31.0,31.098701753268074,23.648899302812424,0.0,-0.09870175326807384,0.35634648668455077,0,5.55674,0.18522
494.16558384895325,31.0,31.096193470155413,23.648115810254126,0.0,-0.0961934701554128,0.35394164993066546,0,5.55674,0.18522
494.1915512084961,31.0,31.093268289861555,23.648115810254126,0.0,-0.09326828986155533,0.3516099426841266,0,5.55674,0.18522
494.2318687438965,31.0,31.08992625701171,23.64850607783211,0.0,-0.08992625701171164,0.3493617862588338,0,5.55674,0.18522
494.2672655582428,31.0,31.087001300375903,23.64850607783211,0.0,-0.0870013003759027,0.34718675374943625,0,5.55674,0.18522
494.30604338645935,31.0,31.081571770887308,23.648899302812424,0.0,-0.08157177088730805,0.34514745947725356,0,5.55674,0.18522
494.34632682800293,31.0,31.080317881778228,23.648899302812424,0.0,-0.08031788177822818,0.34313951243279783,0,5.55674,0.18522
494.3862290382385,31.0,31.079064011836294,23.64928957203739,0.0010049583353697322,-0.07906401183629441,0.3411629121368905,0,5.55674,0.18522
494.4289469718933,31.0,31.072798107652943,23.65007011294915,0.03544581883303566,-0.07279810765294314,0.3393429594455669,0,5.55674,0.18522
494.47422337532043,31.0,31.07112749120762,23.651243887091027,0.04433941978132788,-0.07112749120761919,0.33756477216537645,0,5.55674,0.18522
494.51838755607605,31.0,31.065279022483708,23.651243887091027,0.0765355653646253,-0.06527902248370765,0.33593279660328373,0,5.55674,0.18522
494.55579447746277,31.0,31.062354944336278,23.65241766865779,0.09243494798880725,-0.06235494433627764,0.3343739229948768,0,5.55674,0.18522
494.60000491142273,31.0,31.058597372571626,23.651634161246363,0.11308366266551073,-0.05859737257162578,0.33290898868058616,0,5.55674,0.18522
494.64641284942627,31.0,31.05233302998738,23.655545818023086,0.14744995687487203,-0.05233302998738054,0.3316006629309016,0,5.55674,0.18522
494.6759660243988,31.0,31.050662829762302,23.653591457651203,0.15659650607226616,-0.05066282976230241,0.33033409218684406,0,5.55674,0.18522
494.70787477493286,31.0,31.04857275933159,23.65280794528229,0.16802576861257543,-0.04857275933159144,0.3291197732035543,0,5.55674,0.18522
494.74557065963745,31.0,31.04397921120227,23.654765254072856,0.19324684919678375,-0.04397921120227011,0.32802029292349755,0,5.55674,0.18522
494.7896237373352,31.0,31.040222479425893,23.654765254072856,0.2139357807368693,-0.04022247942589274,0.3270147309378502,0,5.55674,0.18522
494.83547854423523,31.0,31.03688260483733,23.65632934195969,0.23224355976694278,-0.036882604837330746,0.3260926658169169,0,5.55674,0.18522
494.8818418979645,31.0,31.032289709508916,23.65632934195969,0.25761556745427666,-0.032289709508916076,0.325285423079194,0,5.55674,0.18522
494.926810503006,31.0,31.028113711706396,23.65632934195969,0.28069032094139384,-0.028113711706396316,0.3245825802865341,0,5.55674,0.18522
494.98200249671936,31.0,31.02226830186828,23.657893443042838,0.3129883787668921,-0.022268301868280105,0.3240258727398271,0,5.55674,0.18522
495.0315089225769,31.0,31.01809596828133,23.657893443042838,0.33608915832171715,-0.018095968281329533,0.32357347353279386,0,5.55674,0.18522
495.06222009658813,31.0,31.01600672481777,23.658674020165392,0.3475843717715832,-0.0160067248177711,0.32317330541234957,0,5.55674,0.18522
495.10264015197754,31.0,31.01225126931638,23.660238141037894,0.36831547958990046,-0.012251269316379876,0.3228670236794401,0,5.55674,0.18522
495.14544677734375,31.0,31.00640698483261,23.65945755732622,0.40080103188162075,-0.006406984832608487,0.3227068490586249,0,5.55674,0.18522
495.18574595451355,31.0,31.003068481254616,23.66063139089613,0.4192777921719323,-0.0030684812546155626,0.3226301370272595,0,5.55674,0.18522
495.22535610198975,31.0,30.99806097928422,23.66141197955409,0.4470721065799176,0.0019390207157812256,0.32267861254515406,0,5.55674,0.18522
495.27218866348267,31.0,30.99347024739575,23.66102168481393,0.4726318714975969,0.006529752604251371,0.32284185636026036,0,5.55674,0.18522
495.3092112541199,31.0,30.991384782776095,23.66102168481393,0.4842601489315682,0.008615217223905347,0.323057236790858,0,5.55674,0.18522
495.3459234237671,31.0,30.98679442224983,23.662195528295854,0.5097685093222744,0.013205577750170505,0.3233873762346123,0,5.55674,0.18522
495.3813371658325,31.0,30.983453557446126,23.66102168481393,0.5284696727016382,0.016546442553874385,0.32380103729845916,0,5.55674,0.18522
495.4337315559387,31.0,30.977614466750936,23.66102168481393,0.5610196377429378,0.022385533249064338,0.3243606756296858,0,5.55674,0.18522
495.4784107208252,31.0,30.972605354268467,23.660238141037894,0.5890210266945257,0.027394645731533274,0.3250455417729741,0,5.55674,0.18522
495.5313413143158,31.0,30.968019191346002,23.66141197955409,0.6145930010537728,0.03198080865399788,0.32584506198932406,0,5.55674,0.18522
495.5582332611084,31.0,30.962594347740662,23.659847848770937,0.6449909063725092,0.037405652259337785,0.3267802032958075,0,5.55674,0.18522
495.59553813934326,31.0,30.961342268693897,23.660238141037894,0.6521073634622296,0.038657731306102505,0.32774664657846003,0,5.55674,0.18522
495.6283185482025,31.0,30.958421875869305,23.660238141037894,0.6685277545901402,0.041578124130694505,0.3287860996817274,0,5.55674,0.18522
495.6585965156555,31.0,30.955085311338962,23.659847848770937,0.6872961789017371,0.04491468866103787,0.32990896689825333,0,5.55674,0.18522
495.69920086860657,31.0,30.951332625427426,23.658674020165392,0.708434460316266,0.04866737457257386,0.33112565126256766,0,5.55674,0.18522
495.7389917373657,31.0,30.9459088758922,23.65906726670363,0.7388031184225796,0.05409112410779926,0.33247792936526266,0,5.55674,0.18522
495.7739691734314,31.0,30.94340839476439,23.658283731193137,0.7529998912773769,0.05659160523561013,0.3338927194961529,0,5.55674,0.18522
495.8090605735779,31.0,30.939236890017014,23.65906726670363,0.7764210202234842,0.06076310998298595,0.33541179724572756,0,5.55674,0.18522
495.8423628807068,31.0,30.935065595346202,23.65945755732622,0.7998804737602776,0.06493440465379763,0.3370351573620725,0,5.55674,0.18522
495.8778762817383,31.0,30.93214612929995,23.658674020165392,0.816457586875676,0.06785387070004845,0.3387315041295737,0,5.55674,0.18522
495.9100749492645,31.0,30.927978344112205,23.657109912495116,0.840030633621953,0.07202165588779508,0.3405320455267686,0,5.55674,0.18522
495.9582633972168,31.0,30.925059127693146,23.658674020165392,0.8565187221710825,0.07494087230685409,0.34240556733443994,0,5.55674,0.18522
495.99286818504333,31.0,30.920056346757974,23.657893443042838,0.8847281043256854,0.0799436532420259,0.34440415866549057,0,5.55674,0.18522
496.02614569664,31.0,30.917553493370917,23.657109912495116,0.8990577800745956,0.0824465066290827,0.34646532133121766,0,5.55674,0.18522
496.0608968734741,31.0,30.915050715495966,23.658283731193137,0.9132981969491879,0.0849492845040345,0.3485890534438185,0,5.55674,0.18522
496.09603905677795,31.0,30.91129984215297,23.657893443042838,0.9345715760162427,0.088700157847029,0.3508065573899942,0,5.55674,0.18522
496.1328055858612,31.0,30.909216447086123,23.65750019899542,0.9465890106702007,0.09078355291387652,0.3530761462128411,0,5.55674,0.18522
496.18222188949585,31.0,30.901712245570252,23.657893443042838,0.9887228521399556,0.09828775442974802,0.35553334007358484,0,5.55674,0.18522
496.21372961997986,31.0,30.901293089256285,23.658674020165392,0.9914690070116685,0.09870691074371507,0.3580010128421777,0,5.55674,0.18522
496.24639678001404,31.0,30.89837796288242,23.65906726670363,1.0,0.10162203711757911,0.3605415637701172,0,5.55674,0.18522
496.27643489837646,31.0,30.894208722084045,23.65906726670363,1.0,0.1057912779159551,0.36318634571801606,0,5.55674,0.18522
496.31378626823425,31.0,30.892957675517835,23.65945755732622,1.0,0.10704232448216544,0.3658624038300702,0,5.55674,0.18522
496.3489120006561,31.0,30.888788706668038,23.659847848770937,1.0,0.11121129333196222,0.36864268616336926,0,5.55674,0.18522
496.387779712677,31.0,30.885870867979293,23.66063139089613,1.0,0.1141291320207074,0.37149591446388697,0,5.55674,0.18522
496.42561054229736,31.0,30.883372195510105,23.662195528295854,1.0,0.11662780448989452,0.37441160957613434,0,5.55674,0.18522
496.46619415283203,31.0,30.881705405309674,23.661802275116713,1.0,0.118294594690326,0.3773689744433925,0,5.55674,0.18522
496.50297379493713,31.0,30.877121116836065,23.662976123546514,1.0,0.12287888316393492,0.3804409465224909,0,5.55674,0.18522
496.5361337661743,31.0,30.874619556681864,23.663759678906956,1.0,0.1253804433181358,0.38357545760544426,0,5.55674,0.18522
496.5890805721283,31.0,30.870035658624715,23.663759678906956,1.0,0.12996434137528468,0.38682456613982635,0,5.55674,0.18522
496.6201763153076,31.0,30.869203968099725,23.664149979418198,1.0,0.13079603190027456,0.39009446693733324,0,5.55674,0.18522
496.651424407959,31.0,30.866286816267177,23.664149979418198,1.0,0.13371318373282293,0.3934372965306538,0,5.55674,0.18522
496.6861264705658,31.0,30.862119183799223,23.664540280752306,1.0,0.1378808162007772,0.3968843169356732,0,5.55674,0.18522
496.72238874435425,31.0,30.861287572352182,23.664540280752306,1.0,0.13871242764781755,0.40035212762686867,0,5.55674,0.18522
496.75522923469543,31.0,30.8587864879662,23.666104451175386,1.0,0.14121351203380073,0.40388246542771367,0,5.55674,0.18522
496.794424533844,31.0,30.857535973935512,23.666497713493868,1.0,0.14246402606448783,0.4074440660793259,0,5.55674,0.18522
496.84899282455444,31.0,30.854203461460997,23.66688801977915,1.0,0.14579653853900254,0.41108897954280094,0,5.55674,0.18522
496.8787913322449,31.0,30.851702589739148,23.667668634819847,1.0,0.1482974102608523,0.4147964147993222,0,5.55674,0.18522
496.9165003299713,31.0,30.85045533163975,23.66727832688781,1.0,0.1495446683602495,0.41853503150832844,0,5.55674,0.18522
496.96628856658936,31.0,30.846704220893173,23.668842520457076,1.0,0.153295779106827,0.42236742598599913,0,5.55674,0.18522
497.002094745636,31.0,30.84711995280975,23.668842520457076,1.0,0.1528800471902514,0.4261894271657554,0,5.55674,0.18522
497.0383994579315,31.0,30.843372141485816,23.670016413544715,1.0,0.15662785851418448,0.43010512362861003,0,5.55674,0.18522
497.08226680755615,31.0,30.843372141485816,23.670799998720213,1.0,0.15662785851418448,0.43402082009146464,0,5.55674,0.18522
497.11621713638306,31.0,30.842537567779743,23.671190314084413,1.0,0.1574624322202567,0.43795738089697106,0,5.55674,0.18522
497.15434861183167,31.0,30.839624498600585,23.671970947284933,1.0,0.1603755013994146,0.4419667684319564,0,5.55674,0.18522
497.18674063682556,31.0,30.840040195221775,23.672754540744677,1.0,0.15995980477822513,0.44596576355141204,0,5.55674,0.18522
497.21986722946167,31.0,30.835042525377958,23.672754540744677,1.0,0.16495747462204235,0.4500897004169631,0,5.55674,0.18522
497.2551884651184,31.0,30.83545819916708,23.673928458672776,1.0,0.16454180083292158,0.4542032454377862,0,5.55674,0.18522
497.29609870910645,31.0,30.834208035007805,23.673928458672776,1.0,0.16579196499219506,0.45834804456259104,0,5.55674,0.18522
497.3514595031738,31.0,30.835042525377958,23.674709103438545,1.0,0.16495747462204235,0.4624719814281421,0,5.55674,0.18522
497.4025356769562,31.0,30.830876454735233,23.675492708509182,1.0,0.16912354526476747,0.4667000700597613,0,5.55674,0.18522
497.43828201293945,31.0,30.83046080376846,23.675883033784544,1.0,0.1695391962315398,0.4709385499655498,0,5.55674,0.18522
497.47529673576355,31.0,30.829626359213023,23.676273359884647,1.0,0.17037364078697692,0.4751978909852242,0,5.55674,0.18522
497.51190209388733,31.0,30.830876454735233,23.678230916859775,1.0,0.16912354526476747,0.47942597961684336,0,5.55674,0.18522
497.5480749607086,31.0,30.829626359213023,23.677447300172105,1.0,0.17037364078697692,0.48368532063651776,0,5.55674,0.18522
497.60092210769653,31.0,30.830042006024257,23.678621247922365,1.0,0.16995799397574274,0.4879342704859113,0,5.55674,0.18522
497.65179562568665,31.0,30.827545007449316,23.680185537507157,1.0,0.17245499255068353,0.4922456452996784,0,5.55674,0.18522
497.6863703727722,31.0,30.82671059204131,23.680185537507157,1.0,0.1732894079586913,0.4965778804986457,0,5.55674,0.18522
497.72181820869446,31.0,30.82671059204131,23.68096916581794,1.0,0.1732894079586913,0.500910115697613,0,5.55674,0.18522
497.75443482398987,31.0,30.828795071799902,23.682140178853672,1.0,0.17120492820009758,0.5051902389026155,0,5.55674,0.18522
497.7864363193512,31.0,30.827545007449316,23.68253347530299,1.0,0.17245499255068353,0.5095016137163826,0,5.55674,0.18522
497.82818245887756,31.0,30.828795071799902,23.683314156453207,1.0,0.17120492820009758,0.5137817369213851,0,5.55674,0.18522
497.8685040473938,31.0,30.82837628241333,23.68370449826716,1.0,0.1716237175866695,0.5180723298610518,0,5.55674,0.18522
497.90361166000366,31.0,30.829626359213023,23.684488141523957,1.0,0.17037364078697692,0.5223316708807262,0,5.55674,0.18522
497.9407148361206,31.0,30.82921071447157,23.68487848582248,1.0,0.17078928552842854,0.5266014030189369,0,5.55674,0.18522
497.9773163795471,31.0,30.830042006024257,23.68644282846128,1.0,0.16995799397574274,0.5308503528683305,0,5.55674,0.18522
498.0352873802185,31.0,30.830876454735233,23.68722648335529,1.0,0.16912354526476747,0.5350784414999497,0,5.55674,0.18522
498.06532621383667,31.0,30.83046080376846,23.68722648335529,1.0,0.1695391962315398,0.5393169214057382,0,5.55674,0.18522
498.11745715141296,31.0,30.831707762879148,23.688007184373646,1.0,0.16829223712085195,0.5435242273337595,0,5.55674,0.18522
498.14936876296997,31.0,30.834208035007805,23.688400493336246,1.0,0.16579196499219506,0.5476690264585644,0,5.55674,0.18522
498.1826651096344,31.0,30.83379236744679,23.688790845918504,1.0,0.1662076325532098,0.5518242172723946,0,5.55674,0.18522
498.2120351791382,31.0,30.83545819916708,23.689964865865022,1.0,0.16454180083292158,0.5559377622932177,0,5.55674,0.18522
498.2480034828186,31.0,30.83545819916708,23.69074557848461,1.0,0.16454180083292158,0.5600513073140407,0,5.55674,0.18522
498.292058467865,31.0,30.837958583686543,23.691919610887624,1.0,0.16204141631345692,0.5641023427218772,0,5.55674,0.18522
498.34239864349365,31.0,30.836289552958192,23.691919610887624,1.0,0.16371044704180804,0.5681951038979224,0,5.55674,0.18522
498.37544298171997,31.0,30.839624498600585,23.6934840133016,1.0,0.1603755013994146,0.5722044914329077,0,5.55674,0.18522
498.4112584590912,31.0,30.84045589391485,23.693874376656424,1.0,0.1595441060851499,0.5761930940850365,0,5.55674,0.18522
498.4589068889618,31.0,30.842956428256116,23.694658063162933,1.0,0.15704357174388406,0.5801191833786336,0,5.55674,0.18522
498.4916641712189,31.0,30.844206723544858,23.695832120511966,1.0,0.1557932764551424,0.5840140152900121,0,5.55674,0.18522
498.52918124198914,31.0,30.846704220893173,23.695441753005696,1.0,0.153295779106827,0.5878464097676828,0,5.55674,0.18522
498.57586002349854,31.0,30.8479545723863,23.69817730030934,1.0,0.1520454276137002,0.5916475454580252,0,5.55674,0.18522
498.63541316986084,31.0,30.85212149626807,23.69661285800845,1.0,0.14787850373193123,0.5953445080513236,0,5.55674,0.18522
498.6604850292206,31.0,30.85336877930473,23.697006185350347,1.0,0.14663122069526935,0.5990102885687053,0,5.55674,0.18522
498.6975953578949,31.0,30.8537876942097,23.696222488846217,1.0,0.14621230579029998,0.6026655962134628,0,5.55674,0.18522
498.7474534511566,31.0,30.85795175989267,23.695832120511966,1.0,0.14204824010732864,0.606216802216146,0,5.55674,0.18522
498.77911901474,31.0,30.858370697842474,23.695441753005696,1.0,0.14162930215752567,0.6097575347700842,0,5.55674,0.18522
498.8162953853607,31.0,30.860037020771074,23.695048429007215,1.0,0.1399629792289261,0.6132566092508074,0,5.55674,0.18522
498.85014724731445,31.0,30.862534992636938,23.6934840133016,1.0,0.1374650073630619,0.6166932344348839,0,5.55674,0.18522
498.89309430122375,31.0,30.865452013010668,23.692703289074643,1.0,0.13454798698933246,0.6200569341096172,0,5.55674,0.18522
498.93811678886414,31.0,30.867537461715585,23.6915292516764,1.0,0.13246253828441468,0.6233684975667275,0,5.55674,0.18522
498.96615505218506,31.0,30.870870507850668,23.689964865865022,1.0,0.12912949214933178,0.6265967348704609,0,5.55674,0.18522
498.99762749671936,31.0,30.873368804808933,23.689574510795808,1.0,0.12663119519106658,0.6297625147502375,0,5.55674,0.18522
499.0317919254303,31.0,30.874203687473994,23.688790845918504,1.0,0.1257963125260062,0.6329074225633876,0,5.55674,0.18522
499.0660390853882,31.0,30.87628620489528,23.68722648335529,1.0,0.12371379510472025,0.6360002674410056,0,5.55674,0.18522
499.10095167160034,31.0,30.878787815166618,23.685662134067684,1.0,0.12121218483338225,0.6390305720618401,0,5.55674,0.18522
499.13609290122986,31.0,30.880038648515324,23.684097798051596,1.0,0.11996135148467602,0.642029605848957,0,5.55674,0.18522
499.18508315086365,31.0,30.88295628253985,23.683314156453207,1.0,0.11704371746014886,0.6449556987854607,0,5.55674,0.18522
499.21293234825134,31.0,30.886705876150018,23.682140178853672,1.0,0.1132941238499825,0.6477880518817102,0,5.55674,0.18522
499.24976325035095,31.0,30.889207799902238,23.68096916581794,1.0,0.11079220009776236,0.6505578568841542,0,5.55674,0.18522
499.28371024131775,31.0,30.89170664778618,23.680185537507157,1.0,0.10829335221382053,0.6532651906894997,0,5.55674,0.18522
499.31618070602417,31.0,30.893792754888693,23.678621247922365,1.0,0.10620724511130675,0.6559203718172824,0,5.55674,0.18522
499.35054564476013,31.0,30.897126853534417,23.67783762957822,1.0,0.10287314646558343,0.658492200478922,0,5.55674,0.18522
499.39539647102356,31.0,30.899625939594443,23.676273359884647,1.0,0.10037406040555652,0.6610015519890609,0,5.55674,0.18522
499.4398727416992,31.0,30.902544261363232,23.674709103438545,1.0,0.09745573863676782,0.66343794545498,0,5.55674,0.18522
499.47133016586304,31.0,30.906713920631717,23.67353518055137,1.0,0.09328607936828348,0.6657700974391871,0,5.55674,0.18522
499.5053267478943,31.0,30.907965174428398,23.67236422207776,1.0,0.09203482557160214,0.6680709680784772,0,5.55674,0.18522
499.5550549030304,31.0,30.912551165085972,23.671190314084413,0.9861047051096431,0.08744883491402788,0.6702571889513279,0,5.55674,0.18522
499.6011972427368,31.0,30.916718174980247,23.668452210048258,0.9634758386770255,0.08328182501975334,0.6723392345768218,0,5.55674,0.18522
499.629976272583,31.0,30.918804910624374,23.668061900462988,0.9522763912612181,0.08119508937562614,0.6743691118112124,0,5.55674,0.18522
499.684739112854,31.0,30.923807616063982,23.66688801977915,0.9248906965670991,0.0761923839360179,0.6762739214096128,0,5.55674,0.18522
499.7161536216736,31.0,30.92714292070667,23.665323842733358,0.9067748959166213,0.0728570792933283,0.6780953483919461,0,5.55674,0.18522
499.7494943141937,31.0,30.929226766100612,23.664149979418198,0.8955834533272633,0.07077323389938783,0.6798646792394307,0,5.55674,0.18522
499.7820391654968,31.0,30.93339776683365,23.662976123546514,0.8727749169781216,0.06660223316634983,0.6815297350685895,0,5.55674,0.18522
499.81582856178284,31.0,30.935065595346202,23.662585825509893,0.8638279318834754,0.06493440465379763,0.6831530951849344,0,5.55674,0.18522
499.8514051437378,31.0,30.94006928234745,23.660238141037894,0.8364217092119615,0.05993071765254854,0.6846513631262481,0,5.55674,0.18522
499.9000926017761,31.0,30.945492649330674,23.65945755732622,0.8065779157215177,0.05450735066932566,0.6860140468929812,0,5.55674,0.18522
499.94175577163696,31.0,30.94924507045596,23.658283731193137,0.7860219349567027,0.05075492954404126,0.6872829201315822,0,5.55674,0.18522
499.9710371494293,31.0,30.950913218162725,23.657109912495116,0.7770399949280664,0.049086781837274884,0.688510089677514,0,5.55674,0.18522
500.0012414455414,31.0,30.956753576783115,23.65632934195969,0.7448269429270935,0.04324642321688543,0.6895912502579362,0,5.55674,0.18522
500.0448498725891,31.0,30.958005586368643,23.655545818023086,0.7381045076458916,0.041994413631357475,0.6906411105987201,0,5.55674,0.18522
500.08640909194946,31.0,30.963846445745276,23.653981736745322,0.705896030196729,0.03615355425472444,0.6915449494550883,0,5.55674,0.18522
500.1215591430664,31.0,30.967183363756817,23.65319822272778,0.687545802661234,0.032816636243182984,0.6923653653611679,0,5.55674,0.18522
500.15965008735657,31.0,30.97010406605159,23.65280794528229,0.6714746770108717,0.029895933948409947,0.6931127637098782,0,5.55674,0.18522
500.20687079429626,31.0,30.97385760392018,23.65085361375651,0.6508385689118706,0.02614239607981972,0.6937663236118736,0,5.55674,0.18522
500.25055170059204,31.0,30.979699583573904,23.649679842083003,0.6185304322725116,0.020300416426096035,0.6942738340225261,0,5.55674,0.18522
500.28025007247925,31.0,30.982620728345296,23.648899302812424,0.6024189131853603,0.017379271654704098,0.6947083158138937,0,5.55674,0.18522
500.3360846042633,31.0,30.990132267328477,23.648115810254126,0.5607651363128909,0.0098677326715233,0.6949550091306818,0,5.55674,0.18522
500.3717200756073,31.0,30.990132267328477,23.646551791600473,0.5608910760862584,0.0098677326715233,0.6952017024474698,0,5.55674,0.18522
500.40027356147766,31.0,30.99639187951209,23.645768308947083,0.5261649452956026,0.0036081204879110373,0.6952919054596676,0,5.55674,0.18522
500.43645334243774,31.0,30.998477470692478,23.644597525933307,0.5146429783920186,0.001522529307521836,0.6953299686923556,0,5.55674,0.18522
500.4706723690033,31.0,31.00265196666254,23.644204310061184,0.4914542849865116,-0.002651966662540417,0.6952636695257921,0,5.55674,0.18522
500.52442359924316,31.0,31.007243209640137,23.643423793802754,0.46594844881266256,-0.007243209640137138,0.6950825892847887,0,5.55674,0.18522
500.56979870796204,31.0,31.015173566974568,23.641466604571065,0.4219116739723379,-0.01517356697456762,0.6947032501104246,0,5.55674,0.18522
500.61280369758606,31.0,31.01809596828133,23.64029584865756,0.40564892592357776,-0.018095968281329533,0.6942508509033913,0,5.55674,0.18522
500.67285561561584,31.0,31.026027370396548,23.63873189581966,0.3615359106555702,-0.026027370396548122,0.6936001666434777,0,5.55674,0.18522
500.71650767326355,31.0,31.03061991625856,23.636384513028418,0.3359949822090381,-0.030619916258558533,0.6928346687370137,0,5.55674,0.18522
500.7522337436676,31.0,31.033542865827542,23.635210832738835,0.31965781079552413,-0.033542865827541846,0.6919960970913251,0,5.55674,0.18522
500.7861542701721,31.0,31.037715982397685,23.635210832738835,0.2962942431690524,-0.037715982397685366,0.6910531975313831,0,5.55674,0.18522
500.83616399765015,31.0,31.044399091886476,23.634037159851005,0.2590125705882127,-0.04439909188647562,0.6899432202342212,0,5.55674,0.18522
500.88618326187134,31.0,31.048992663475588,23.632863494363164,0.23332064592310706,-0.048992663475587506,0.6887184036473315,0,5.55674,0.18522
500.9360160827637,31.0,31.054003264155938,23.63129960398834,0.20530821923935852,-0.054003264155937813,0.687368322043433,0,5.55674,0.18522
500.9727416038513,31.0,31.058597372571626,23.630909372520648,0.1795286402457767,-0.05859737257162578,0.6859033877291424,0,5.55674,0.18522
501.0069375038147,31.0,31.063608559042166,23.629735726745594,0.15144845834859236,-0.06360855904216578,0.6843131737530882,0,5.55674,0.18522
501.04170870780945,31.0,31.063608559042166,23.630128912037947,0.1511337452221378,-0.06360855904216578,0.682722959777034,0,5.55674,0.18522
501.07541060447693,31.0,31.066949519909656,23.628565044622974,0.1323391240568019,-0.06694951990965592,0.6810492217792926,0,5.55674,0.18522
501.11231803894043,31.0,31.071964374212143,23.628565044622974,0.10413965152520815,-0.07196437421214341,0.679250112423989,0,5.55674,0.18522
501.1593954563141,31.0,31.078230214726545,23.626217789997952,0.06908019368889046,-0.07823021472654546,0.6772943570558254,0,5.55674,0.18522
501.1914875507355,31.0,31.08115170010859,23.626217789997952,0.05247048605970572,-0.08115170010859174,0.6752655645531106,0,5.55674,0.18522
501.2238767147064,31.0,31.084496533844117,23.626217789997952,0.03349285344819769,-0.08449653384411704,0.6731531512070077,0,5.55674,0.18522
501.27407026290894,31.0,31.087418242460444,23.625434392955015,0.016893082959853367,-0.08741824246044416,0.6709676951454966,0,5.55674,0.18522
501.30593085289,31.0,31.09285131802011,23.625044173769425,0.0,-0.09285131802010937,0.6686464121949939,0,5.55674,0.18522
501.34363412857056,31.0,31.09744760211288,23.624653955400447,0.0,-0.0974476021128794,0.6662102221421718,0,5.55674,0.18522
501.3783621788025,31.0,31.10037293162202,23.624653955400447,0.0,-0.10037293162201877,0.6637008988516214,0,5.55674,0.18522
501.4179000854492,31.0,31.1032983656051,23.62387056492787,0.0,-0.10329836560509875,0.661118439711494,0,5.55674,0.18522
501.4638395309448,31.0,31.10872933493056,23.625434392955015,0.0,-0.10872933493055825,0.65840020633823,0,5.55674,0.18522
501.5078580379486,31.0,31.11249236440767,23.625044173769425,0.0,-0.11249236440767163,0.6555878972280382,0,5.55674,0.18522
501.5402834415436,31.0,31.11625240713306,23.625044173769425,0.0,-0.11625240713306084,0.6526815870497117,0,5.55674,0.18522
501.57063817977905,31.0,31.118341043322232,23.624653955400447,0.0,-0.11834104332223205,0.6497230609666559,0,5.55674,0.18522
501.61987829208374,31.0,31.12168739611593,23.624653955400447,0.0,-0.12168739611593082,0.6466808760637576,0,5.55674,0.18522
501.6565535068512,31.0,31.125030725708655,23.625434392955015,0.0,-0.1250307257086547,0.6435551079210412,0,5.55674,0.18522
501.70985984802246,31.0,31.13004597641344,23.625434392955015,0.0,-0.13004597641344162,0.6403039585107052,0,5.55674,0.18522
501.73612880706787,31.0,31.131717795020336,23.625434392955015,0.0,-0.13171779502033587,0.6370110136351969,0,5.55674,0.18522
501.7727916240692,31.0,31.134644349987866,23.625434392955015,0.0,-0.134644349987866,0.6336449048855002,0,5.55674,0.18522
501.8080952167511,31.0,31.135061534824104,23.625434392955015,0.0,-0.13506153482410355,0.6302683665148976,0,5.55674,0.18522
501.8412673473358,31.0,31.1388257761339,23.625434392955015,0.0,-0.13882577613389913,0.6267977221115502,0,5.55674,0.18522
501.8760144710541,31.0,31.14133220595255,23.625827569172657,0.0,-0.14133220595255125,0.6232644169627364,0,5.55674,0.18522
501.9164967536926,31.0,31.14509673622348,23.625434392955015,0.0,-0.14509673622347918,0.6196369985571494,0,5.55674,0.18522
501.97332882881165,31.0,31.150113218805302,23.624653955400447,0.0,-0.15011321880530204,0.6158841680870168,0,5.55674,0.18522
502.0056154727936,31.0,31.15136817789636,23.624263737848082,0.0,-0.1513681778963587,0.6120999636396078,0,5.55674,0.18522
502.0372724533081,31.0,31.15261999510244,23.625434392955015,0.0,-0.15261999510244095,0.6082844637620468,0,5.55674,0.18522
502.0701231956482,31.0,31.156385045897707,23.624263737848082,0.0,-0.1563850458977072,0.6043748376146041,0,5.55674,0.18522
502.10295844078064,31.0,31.156385045897707,23.625827569172657,0.0,-0.1563850458977072,0.6004652114671614,0,5.55674,0.18522
502.15613055229187,31.0,31.160567585597107,23.624653955400447,0.0,-0.16056758559710715,0.5964510218272336,0,5.55674,0.18522
502.19889783859253,31.0,31.16140222235714,23.625827569172657,0.0,-0.16140222235713964,0.5924159662683052,0,5.55674,0.18522
502.2472333908081,31.0,31.16516767846224,23.625044173769425,0.0,-0.16516767846223956,0.5882867743067491,0,5.55674,0.18522
502.28236079216003,31.0,31.16767491735942,23.625434392955015,0.0,-0.1676749173594203,0.5840949013727637,0,5.55674,0.18522
502.31537103652954,31.0,31.16767491735942,23.625434392955015,0.0,-0.1676749173594203,0.5799030284387782,0,5.55674,0.18522
502.35063672065735,31.0,31.16767491735942,23.625044173769425,0.0,-0.1676749173594203,0.5757111555047927,0,5.55674,0.18522
502.3823661804199,31.0,31.169768030817806,23.625434392955015,0.0,-0.16976803081780645,0.5714669547343475,0,5.55674,0.18522
502.43528151512146,31.0,31.171440663131705,23.624653955400447,0.0,-0.1714406631317047,0.5671809381560549,0,5.55674,0.18522
502.4645974636078,31.0,31.17520342081832,23.624653955400447,0.0,-0.1752034208183204,0.5628008526355969,0,5.55674,0.18522
502.5082473754883,31.0,31.174365480752613,23.625434392955015,0.0,-0.1743654807526127,0.5584417156167816,0,5.55674,0.18522
502.5383315086365,31.0,31.17645876602012,23.624263737848082,0.0,-0.17645876602011867,0.5540302464662786,0,5.55674,0.18522
502.5822286605835,31.0,31.17394809495312,23.624263737848082,0.0,-0.17394809495311847,0.5496815440924506,0,5.55674,0.18522
502.6261422634125,31.0,31.17771413056073,23.624653955400447,0.0,-0.17771413056073015,0.5452386908284323,0,5.55674,0.18522
502.656090259552,31.0,31.178966352242128,23.624653955400447,0.0,-0.17896635224212787,0.5407645320223792,0,5.55674,0.18522
502.6877348423004,31.0,31.178131535649584,23.62387056492787,0.0,-0.17813153564958384,0.5363112436311396,0,5.55674,0.18522
502.72184324264526,31.0,31.180221755418472,23.6234803490147,0.0,-0.18022175541847218,0.5318056997456778,0,5.55674,0.18522
502.77197456359863,31.0,31.178966352242128,23.62387056492787,0.0,-0.17896635224212787,0.5273315409396246,0,5.55674,0.18522
502.8033359050751,31.0,31.180642335619666,23.622306750013763,0.0,-0.18064233561966603,0.522815482549133,0,5.55674,0.18522
502.84628319740295,31.0,31.178548942876716,23.622696963471753,0.0,-0.1785489428767164,0.5183517589772151,0,5.55674,0.18522
502.88519406318665,31.0,31.18105975571052,23.62152632554637,0.0,-0.18105975571052113,0.513825265084452,0,5.55674,0.18522
502.92628026008606,31.0,31.178548942876716,23.62152632554637,0.0,-0.1785489428767164,0.5093615415125341,0,5.55674,0.18522
502.9612662792206,31.0,31.178548942876716,23.621133158395935,0.0,-0.1785489428767164,0.5048978179406162,0,5.55674,0.18522
503.0086860656738,31.0,31.180221755418472,23.619962530281782,0.0,-0.18022175541847218,0.5003922740551544,0,5.55674,0.18522
503.0378911495209,31.0,31.179804339621228,23.619179159508406,0.0,-0.17980433962122788,0.4958971655646237,0,5.55674,0.18522
503.07223200798035,31.0,31.180642335619666,23.619179159508406,0.0,-0.18064233561966603,0.4913811071741321,0,5.55674,0.18522
503.12166261672974,31.0,31.178548942876716,23.618005587558173,0.0,-0.1785489428767164,0.48691738360221415,0,5.55674,0.18522
503.15552830696106,31.0,31.179386925962547,23.617615383909197,0.0,-0.17938692596254668,0.4824327104531505,0,5.55674,0.18522
503.186190366745,31.0,31.178966352242128,23.616441821788214,0.0,-0.17896635224212787,0.47795855164709733,0,5.55674,0.18522
503.2222545146942,31.0,31.178966352242128,23.616441821788214,0.0,-0.17896635224212787,0.47348439284104415,0,5.55674,0.18522
503.2719280719757,31.0,31.17645876602012,23.615268267041813,0.0,-0.17645876602011867,0.4690729236905412,0,5.55674,0.18522
503.30396246910095,31.0,31.17645876602012,23.61409767569785,0.0,-0.17645876602011867,0.46466145454003827,0,5.55674,0.18522
503.3577561378479,31.0,31.176041369499785,23.613314329526077,0.0,-0.1760413694997851,0.46026042030254366,0,5.55674,0.18522
503.4054334163666,31.0,31.174786030727546,23.612924135677133,0.0,-0.17478603072754595,0.45589076953435503,0,5.55674,0.18522
503.4361982345581,31.0,31.17520342081832,23.612140794424704,0.0,-0.1752034208183204,0.45151068401389705,0,5.55674,0.18522
503.4761357307434,31.0,31.172692788422296,23.612140794424704,0.0,-0.17269278842229596,0.44719336430333967,0,5.55674,0.18522
503.50912976264954,31.0,31.17060276174709,23.612140794424704,0.0,-0.17060276174709088,0.4429282952596624,0,5.55674,0.18522
503.5497634410858,31.0,31.17060276174709,23.612140794424704,0.0,-0.17060276174709088,0.4386632262159851,0,5.55674,0.18522
503.5913791656494,31.0,31.16851278865363,23.61253098663815,0.0,-0.1685127886536293,0.43445040649964434,0,5.55674,0.18522
503.6264581680298,31.0,31.169347506731015,23.612140794424704,0.0,-0.16934750673101462,0.43021671883136897,0,5.55674,0.18522
503.6921122074127,31.0,31.16516767846224,23.613704524189814,0.0,-0.16516767846223956,0.426087526869813,0,5.55674,0.18522
503.76993322372437,31.0,31.162240029208533,23.61409767569785,0.0,-0.1622400292085331,0.42203152613959966,0,5.55674,0.18522
503.83199191093445,31.0,31.160567585597107,23.616051621406882,0.0,-0.16056758559710715,0.418017336499672,0,5.55674,0.18522
503.8664741516113,31.0,31.157640101432378,23.616832022984795,0.0,-0.15764010143237783,0.41407633396386256,0,5.55674,0.18522
503.90928292274475,31.0,31.15387499273504,23.618005587558173,0.0,-0.1538749927350409,0.41022945914548653,0,5.55674,0.18522
503.942831993103,31.0,31.156802341817468,23.619179159508406,0.0,-0.15680234181746755,0.40630940060004983,0,5.55674,0.18522
503.9770300388336,31.0,31.15261999510244,23.621133158395935,0.0,-0.15261999510244095,0.4024939007224888,0,5.55674,0.18522
504.0237259864807,31.0,31.15220272056729,23.62152632554637,0.0,-0.15220272056728845,0.3986888327083066,0,5.55674,0.18522
504.0562446117401,31.0,31.14969595708402,23.622696963471753,0.0,-0.1496959570840204,0.3949464337812061,0,5.55674,0.18522
504.0978980064392,31.0,31.145513974441712,23.62387056492787,0.0,-0.14551397444171243,0.39130858442016325,0,5.55674,0.18522
504.1396338939667,31.0,31.14509673622348,23.626217789997952,0.0,-0.14509673622347918,0.38768116601457625,0,5.55674,0.18522
504.17969131469727,31.0,31.142587030097218,23.62739141361527,0.0,-0.14258703009721785,0.3841164902621458,0,5.55674,0.18522
504.2193148136139,31.0,31.139242982319956,23.628955271179905,0.0,-0.13924298231995635,0.3806354157041469,0,5.55674,0.18522
504.25855231285095,31.0,31.13673345603155,23.630519141870536,0.0,-0.13673345603154985,0.3772170793033581,0,5.55674,0.18522
504.31108117103577,31.0,31.133806826253476,23.63247325961828,0.0,-0.13380682625347617,0.37387190864702124,0,5.55674,0.18522
504.3463978767395,31.0,31.129208499794856,23.632863494363164,0.0,-0.12920849979485638,0.3706416961521498,0,5.55674,0.18522
504.38544511795044,31.0,31.13004597641344,23.634037159851005,0.0,-0.13004597641344162,0.36739054674181376,0,5.55674,0.18522
504.43872833251953,31.0,31.12670244176286,23.63599427090162,0.0,-0.12670244176285905,0.3642229856977423,0,5.55674,0.18522
504.47191619873047,31.0,31.124610431963504,23.637164999737536,0.0,-0.12461043196350374,0.3611077248986547,0,5.55674,0.18522
504.5079174041748,31.0,31.122521635694056,23.63833869235475,0.0,-0.12252163569405639,0.3580446840063033,0,5.55674,0.18522
504.5589060783386,31.0,31.118341043322232,23.63951239237815,0.0,-0.11834104332223205,0.3550861579232475,0,5.55674,0.18522
504.5901093482971,31.0,31.11666949814787,23.6406860998095,0.0,-0.11666949814787131,0.3521694204695507,0,5.55674,0.18522
504.62792587280273,31.0,31.112072135070832,23.64107635178067,0.0,-0.11207213507083225,0.34936761709277986,0,5.55674,0.18522
504.6670973300934,31.0,31.111655067486367,23.64185981465056,0.0,-0.11165506748636744,0.3465762404056207,0,5.55674,0.18522
504.70652294158936,31.0,31.107057986046073,23.641466604571065,0.0,-0.10705798604607253,0.34389979075446886,0,5.55674,0.18522
504.74427223205566,31.0,31.104132417762173,23.643423793802754,0.0,-0.10413241776217319,0.34129648031041454,0,5.55674,0.18522
504.78446340560913,31.0,31.10037293162202,23.641466604571065,0.0,-0.10037293162201877,0.33878715701986406,0,5.55674,0.18522
504.8390095233917,31.0,31.096610459003443,23.64185981465056,0.0,-0.09661045900344334,0.336371895544778,0,5.55674,0.18522
504.87280797958374,31.0,31.094939357393343,23.642640324340334,0.0,-0.09493935739334347,0.33399841160994437,0,5.55674,0.18522
504.90904998779297,31.0,31.0890923494523,23.642250069085776,0.0,-0.08909234945230082,0.33177110287363687,0,5.55674,0.18522
504.94647765159607,31.0,31.087001300375903,23.64185981465056,0.0,-0.0870013003759027,0.3295960703642393,0,5.55674,0.18522
504.9935944080353,31.0,31.08198868536641,23.641466604571065,0.0,-0.08198868536641157,0.327546353230079,0,5.55674,0.18522
505.0262289047241,31.0,31.07781016105929,23.64107635178067,0.005511328998970111,-0.07781016105928984,0.32560109920359676,0,5.55674,0.18522
505.0616977214813,31.0,31.079064011836294,23.64107635178067,0.0,-0.07906401183629441,0.3236244989076894,0,5.55674,0.18522
505.099910736084,31.0,31.074468758106434,23.63951239237815,0.023447947149155435,-0.07446875810643405,0.32176277995502856,0,5.55674,0.18522
505.1494777202606,31.0,31.07029061673603,23.63833869235475,0.046399532354094886,-0.0702906167360311,0.3200055145366278,0,5.55674,0.18522
505.186208486557,31.0,31.066949519909656,23.63873189581966,0.06463495435493127,-0.06694951990965592,0.3183317765388864,0,5.55674,0.18522
505.22569394111633,31.0,31.062354944336278,23.637558200721458,0.08993730203125494,-0.06235494433627764,0.31677290293047944,0,5.55674,0.18522
505.2740800380707,31.0,31.059850929926938,23.636384513028418,0.10363453932369382,-0.05985092992693808,0.31527662968230596,0,5.55674,0.18522
505.3061103820801,31.0,31.056510257799857,23.63599427090162,0.12195613769518882,-0.0565102577998573,0.3138638732373095,0,5.55674,0.18522
505.34001660346985,31.0,31.05274979601552,23.635601073222688,0.14262796250958912,-0.05274979601551877,0.31254512833692155,0,5.55674,0.18522
505.3730266094208,31.0,31.050246074316703,23.634820593073243,0.15634787373416795,-0.05024607431670347,0.31128897647900394,0,5.55674,0.18522
505.4062216281891,31.0,31.04857275933159,23.6344303542258,0.16544115639899853,-0.04857275933159144,0.31007465749571417,0,5.55674,0.18522
505.44171929359436,31.0,31.04397921120227,23.633256686259074,0.1908228822760386,-0.04397921120227011,0.3089751772156574,0,5.55674,0.18522
505.492041349411,31.0,31.037715982397685,23.633256686259074,0.2254513724471343,-0.037715982397685366,0.3080322776557153,0,5.55674,0.18522
505.52569699287415,31.0,31.036465919222792,23.63129960398834,0.23232920774271382,-0.036465919222791854,0.3071206296751455,0,5.55674,0.18522
505.5624485015869,31.0,31.032706373975827,23.632083025691202,0.25302838024831764,-0.03270637397582732,0.30630297032574977,0,5.55674,0.18522
505.60282039642334,31.0,31.028113711706396,23.630519141870536,0.2784986701644714,-0.028113711706396316,0.30560012753308985,0,5.55674,0.18522
505.66009998321533,31.0,31.021851690226413,23.630128912037947,0.31321393320556845,-0.021851690226412757,0.3050538352774295,0,5.55674,0.18522
505.7060921192169,31.0,31.01976550756632,23.628565044622974,0.32479502313485364,-0.01976550756631923,0.30455969758827156,0,5.55674,0.18522
505.7384202480316,31.0,31.01475699121221,23.628955271179905,0.3525376921666437,-0.014756991212209414,0.3041907728079663,0,5.55674,0.18522
505.7899544239044,31.0,31.01225126931638,23.62739141361527,0.3664848467235242,-0.012251269316379876,0.30388449107505683,0,5.55674,0.18522
505.8242440223694,31.0,31.006826673958813,23.626608011640087,0.3966364968900905,-0.006826673958812535,0.3037138242260865,0,5.55674,0.18522
505.8567125797272,31.0,31.00390467220376,23.626217789997952,0.4128752419715913,-0.0039046722037596737,0.3036162074209925,0,5.55674,0.18522
505.89199686050415,31.0,31.00056626992972,23.625827569172657,0.4314432749027837,-0.0005662699297204199,0.3036020506727495,0,5.55674,0.18522
505.94547295570374,31.0,30.994722813506883,23.625044173769425,0.4639784736938075,0.0052771864931173695,0.3037339803350774,0,5.55674,0.18522
505.97494316101074,31.0,30.99180124048587,23.62387056492787,0.4803110756672906,0.00819875951412996,0.3039389493229307,0,5.55674,0.18522
506.0074965953827,31.0,30.989296215957836,23.624263737848082,0.4942602364761901,0.010703784042163988,0.3042065439239848,0,5.55674,0.18522
506.0437135696411,31.0,30.984705971566257,23.623090133917913,0.5198980657920931,0.015294028433743279,0.30458889463482836,0,5.55674,0.18522
506.0916790962219,31.0,30.982620728345296,23.622696963471753,0.531585867857208,0.017379271654704098,0.305023376426196,0,5.55674,0.18522
506.1245403289795,31.0,30.980951940764044,23.621916537371987,0.5409871309855744,0.019048059235956316,0.30549957790709487,0,5.55674,0.18522
506.16049432754517,31.0,30.97636216015917,23.620352738837255,0.5666810394245769,0.023637839840830566,0.30609052390311564,0,5.55674,0.18522
506.20049023628235,31.0,30.969268217380943,23.6207429482086,0.6062225175333024,0.030731782619056958,0.3068588184685921,0,5.55674,0.18522
506.2403042316437,31.0,30.967183363756817,23.619962530281782,0.6179995064612389,0.032816636243182984,0.30767923437467165,0,5.55674,0.18522
506.2914068698883,31.0,30.96301066033851,23.619179159508406,0.6413976070633862,0.03698933966148843,0.30860396786620886,0,5.55674,0.18522
506.3227639198303,31.0,30.962178037238573,23.619962530281782,0.6461592182740961,0.03782196276142713,0.3095495169352445,0,5.55674,0.18522
506.3586666584015,31.0,30.95717301365204,23.619179159508406,0.6742093368708286,0.04282698634796134,0.31062019159394355,0,5.55674,0.18522
506.3968632221222,31.0,30.953833345944872,23.61839874812017,0.6930208183285531,0.046166654055127765,0.31177435794532177,0,5.55674,0.18522
506.43554639816284,31.0,30.947160721419436,23.617615383909197,0.7303837233489948,0.05283927858056359,0.31309533990983585,0,5.55674,0.18522
506.4732701778412,31.0,30.942989027644046,23.61722518107564,0.7538487509946823,0.05701097235595398,0.3145206142187347,0,5.55674,0.18522
506.50886702537537,31.0,30.940904836092386,23.616441821788214,0.7657438945968117,0.059095163907613824,0.31599799331642503,0,5.55674,0.18522
506.54443740844727,31.0,30.93798516426773,23.61722518107564,0.782214718625728,0.06201483573227051,0.3175483642097318,0,5.55674,0.18522
506.5838768482208,31.0,30.93464942327347,23.61722518107564,0.8010531698837022,0.06535057672653011,0.3191821286278951,0,5.55674,0.18522
506.6213433742523,31.0,30.9308976633381,23.616051621406882,0.8222809161826738,0.06910233666189924,0.32090968704444256,0,5.55674,0.18522
506.6594114303589,31.0,30.927978344112205,23.616051621406882,0.8388363103755667,0.07202165588779508,0.32271022844163744,0,5.55674,0.18522
506.7095489501953,31.0,30.922972234683016,23.616441821788214,0.8669906154095085,0.07702776531698419,0.32463592257456203,0,5.55674,0.18522
506.7422664165497,31.0,30.920056346757974,23.615661421840798,0.8836036666084346,0.0799436532420259,0.32663451390561266,0,5.55674,0.18522
506.77872920036316,31.0,30.916718174980247,23.616051621406882,0.9025186352422759,0.08328182501975334,0.3287165595311065,0,5.55674,0.18522
506.8164002895355,31.0,30.91338328952247,23.615661421840798,0.9214708258398621,0.08661671047752861,0.33088197729304475,0,5.55674,0.18522
506.8741223812103,31.0,30.90963249154379,23.616051621406882,0.9427114612467504,0.090367508456211,0.33314116500445,0,5.55674,0.18522
506.92919969558716,31.0,30.9050466621336,23.615661421840798,0.9686534248955962,0.09495333786640003,0.33551499845111,0,5.55674,0.18522
506.97336626052856,31.0,30.901712245570252,23.616441821788214,0.9875969911927089,0.09828775442974802,0.3379721923118537,0,5.55674,0.18522
507.0064070224762,31.0,30.897126853534417,23.615661421840798,1.0,0.10287314646558343,0.3405440209734933,0,5.55674,0.18522
507.04099917411804,31.0,30.896707720359416,23.616441821788214,1.0,0.10329227964058418,0.34312632796450787,0,5.55674,0.18522
507.0772182941437,31.0,30.894208722084045,23.616051621406882,1.0,0.1057912779159551,0.3457711099124067,0,5.55674,0.18522
507.1121599674225,31.0,30.890874740526215,23.616051621406882,1.0,0.10912525947378526,0.34849924139925137,0,5.55674,0.18522
507.1590883731842,31.0,30.887956828613255,23.616832022984795,1.0,0.11204317138674469,0.35130032068392,0,5.55674,0.18522
507.1923117637634,31.0,30.886705876150018,23.616832022984795,1.0,0.1132941238499825,0.35413267378016955,0,5.55674,0.18522
507.22636818885803,31.0,30.88295628253985,23.616832022984795,1.0,0.11704371746014886,0.35705876671667325,0,5.55674,0.18522
507.2668375968933,31.0,30.878787815166618,23.61722518107564,1.0,0.12121218483338225,0.3600890713375078,0,5.55674,0.18522
507.32775020599365,31.0,30.87587032735678,23.617615383909197,1.0,0.12412967264322106,0.3631923131535883,0,5.55674,0.18522
507.37798833847046,31.0,30.874203687473994,23.618788953406465,1.0,0.1257963125260062,0.36633722096673843,0,5.55674,0.18522
507.40844655036926,31.0,30.87295294185219,23.618788953406465,1.0,0.12704705814780937,0.36951339742043365,0,5.55674,0.18522
507.44549083709717,31.0,30.86961981232338,23.619962530281782,1.0,0.13038018767662152,0.3727729021123492,0,5.55674,0.18522
507.4861271381378,31.0,30.868369135589376,23.619962530281782,1.0,0.13163086441062433,0.3760636737226148,0,5.55674,0.18522
507.5227301120758,31.0,30.867537461715585,23.6207429482086,1.0,0.13246253828441468,0.37937523717972516,0,5.55674,0.18522
507.5752248764038,31.0,30.86420139888895,23.62152632554637,1.0,0.13579860111104836,0.38277020220750135,0,5.55674,0.18522
507.62468338012695,31.0,30.860037020771074,23.623090133917913,1.0,0.1399629792289261,0.3862692766882245,0,5.55674,0.18522
507.66020226478577,31.0,30.860452819213037,23.622306750013763,1.0,0.1395471807869626,0.3897579562078986,0,5.55674,0.18522
507.6935052871704,31.0,30.857120190053536,23.622696963471753,1.0,0.14287980994646432,0.3933299514565602,0,5.55674,0.18522
507.72618317604065,31.0,30.85545392546976,23.622696963471753,1.0,0.14454607453023982,0.3969436033198162,0,5.55674,0.18522
507.76388597488403,31.0,30.855038151978704,23.622696963471753,1.0,0.1449618480212962,0.4005676495203486,0,5.55674,0.18522
507.8121337890625,31.0,30.8537876942097,23.622696963471753,1.0,0.14621230579029998,0.40422295716510614,0,5.55674,0.18522
507.84170842170715,31.0,30.852537255206016,23.622306750013763,1.0,0.1474627447939838,0.40790952578495576,0,5.55674,0.18522
507.87692952156067,31.0,30.850036433485513,23.622306750013763,1.0,0.1499635665144865,0.4116586149478179,0,5.55674,0.18522
507.91247391700745,31.0,30.852537255206016,23.622696963471753,1.0,0.1474627447939838,0.41534518356766753,0,5.55674,0.18522
507.94771003723145,31.0,30.851702589739148,23.621133158395935,1.0,0.1482974102608523,0.4190526188241888,0,5.55674,0.18522
507.98164987564087,31.0,30.84753883630748,23.6207429482086,1.0,0.1524611636925215,0.42286414791650184,0,5.55674,0.18522
508.02974677085876,31.0,30.849204942634458,23.621133158395935,1.0,0.1507950573655421,0.4266340243506404,0,5.55674,0.18522
508.0605571269989,31.0,30.84711995280975,23.6207429482086,1.0,0.1528800471902514,0.4304560255303967,0,5.55674,0.18522
508.09319972991943,31.0,30.846288491049734,23.619179159508406,1.0,0.1537115089502663,0.43429881325415337,0,5.55674,0.18522
508.12631583213806,31.0,30.84878920031946,23.61839874812017,1.0,0.15121079968054119,0.4380790832461669,0,5.55674,0.18522
508.1661305427551,31.0,30.84711995280975,23.618788953406465,1.0,0.1528800471902514,0.4419010844259232,0,5.55674,0.18522
508.2017877101898,31.0,30.845872763279317,23.61722518107564,1.0,0.15412723672068296,0.44575426534394025,0,5.55674,0.18522
508.25057196617126,31.0,30.84711995280975,23.616051621406882,1.0,0.1528800471902514,0.44957626652369653,0,5.55674,0.18522
508.28148198127747,31.0,30.845872763279317,23.615661421840798,1.0,0.15412723672068296,0.4534294474417136,0,5.55674,0.18522
508.3139567375183,31.0,30.84503816454395,23.614878069112194,1.0,0.15496183545604936,0.4573034933281148,0,5.55674,0.18522
508.34792399406433,31.0,30.84711995280975,23.613704524189814,1.0,0.1528800471902514,0.4611254945078711,0,5.55674,0.18522
508.38003277778625,31.0,30.84878920031946,23.61253098663815,1.0,0.15121079968054119,0.46490576449988463,0,5.55674,0.18522
508.4143350124359,31.0,30.846288491049734,23.612140794424704,1.0,0.1537115089502663,0.4687485522236413,0,5.55674,0.18522
508.4486436843872,31.0,30.845453888152747,23.61136041244157,1.0,0.1545461118472531,0.47261220501982265,0,5.55674,0.18522
508.483779668808,31.0,30.84711995280975,23.609013374139238,1.0,0.1528800471902514,0.47643420619957894,0,5.55674,0.18522
508.5327160358429,31.0,30.8483703105386,23.60744968361081,1.0,0.15162968946140154,0.48022494843611396,0,5.55674,0.18522
508.5655515193939,31.0,30.849204942634458,23.60744968361081,1.0,0.1507950573655421,0.4839948248702525,0,5.55674,0.18522
508.59913516044617,31.0,30.84878920031946,23.6058860061533,1.0,0.15121079968054119,0.48777509486226606,0,5.55674,0.18522
508.6484053134918,31.0,30.849620687023105,23.60393216667336,1.0,0.1503793129768951,0.49153457768668846,0,5.55674,0.18522
508.69438219070435,31.0,30.852537255206016,23.602365562760383,1.0,0.1474627447939838,0.4952211463065381,0,5.55674,0.18522
508.7382047176361,31.0,30.85336877930473,23.600801927774057,1.0,0.14663122069526935,0.49888692682391983,0,5.55674,0.18522
508.78972244262695,31.0,30.85295301621818,23.59963142695176,1.0,0.14704698378182002,0.5025631014184653,0,5.55674,0.18522
508.85464215278625,31.0,30.854203461460997,23.59767469695879,1.0,0.14579653853900254,0.5062080148819403,0,5.55674,0.18522
508.8957300186157,31.0,30.855869701035715,23.596501259920387,1.0,0.14413029896428498,0.5098112723560475,0,5.55674,0.18522
508.9446005821228,31.0,30.8567044082468,23.595720943135404,1.0,0.14329559175320128,0.5133936621498776,0,5.55674,0.18522
508.9850609302521,31.0,30.859621224404805,23.594157363593922,1.0,0.1403787755951953,0.5169031315397574,0,5.55674,0.18522
509.0295112133026,31.0,30.861287572352182,23.593374100861183,1.0,0.13871242764781755,0.5203709422309528,0,5.55674,0.18522
509.0657787322998,31.0,30.865036189605974,23.591030243617467,1.0,0.1349638103940265,0.5237450374908035,0,5.55674,0.18522
509.10759973526,31.0,30.865870988693075,23.58985684815218,1.0,0.1341290113069249,0.5270982627734766,0,5.55674,0.18522
509.14605736732483,31.0,30.86711847764633,23.58907360337298,1.0,0.1328815223536708,0.5304203008323184,0,5.55674,0.18522
509.1824080944061,31.0,30.868369135589376,23.587903175756082,1.0,0.13163086441062433,0.533711072442584,0,5.55674,0.18522
509.22150135040283,31.0,30.87045465737816,23.586336705767053,1.0,0.1295453426218387,0.53694970600813,0,5.55674,0.18522
509.25959753990173,31.0,30.87295294185219,23.585166295209547,1.0,0.12704705814780937,0.5401258824618252,0,5.55674,0.18522
509.3135435581207,31.0,30.874203687473994,23.58320971606736,1.0,0.1257963125260062,0.5432707902749754,0,5.55674,0.18522
509.34768438339233,31.0,30.874619556681864,23.58281958489829,1.0,0.1253804433181358,0.5464053013579288,0,5.55674,0.18522
509.39604902267456,31.0,30.879203707290912,23.582429454539124,1.0,0.12079629270908754,0.5494252086756559,0,5.55674,0.18522
509.4318244457245,31.0,30.880870447352606,23.58086598569497,1.0,0.11912955264739367,0.5524034474918408,0,5.55674,0.18522
509.4666199684143,31.0,30.88295628253985,23.58047290389129,1.0,0.11704371746014886,0.5553295404283445,0,5.55674,0.18522
509.50104093551636,31.0,30.88503901912179,23.579302529853464,1.0,0.11496098087820883,0.5582035649502997,0,5.55674,0.18522
509.5633599758148,31.0,30.88962374414882,23.578129207637403,1.0,0.11037625585117894,0.5609629713465791,0,5.55674,0.18522
509.59251284599304,31.0,30.891290693115252,23.579692653723328,1.0,0.108709306884748,0.5636807040186979,0,5.55674,0.18522
509.6276705265045,31.0,30.894208722084045,23.57890945131834,1.0,0.1057912779159551,0.5663254859665967,0,5.55674,0.18522
509.66124081611633,31.0,30.8958757630283,23.579302529853464,1.0,0.1041242369716997,0.5689285918908892,0,5.55674,0.18522
509.693482875824,31.0,30.898793953036375,23.579302529853464,1.0,0.10120604696362534,0.5714587430649798,0,5.55674,0.18522
509.7253942489624,31.0,30.902544261363232,23.579692653723328,1.0,0.09745573863676782,0.573895136530899,0,5.55674,0.18522
509.7607786655426,31.0,30.90379545232156,23.58047290389129,1.0,0.09620454767843967,0.5763002502228599,0,5.55674,0.18522
509.8105149269104,31.0,30.90629789080151,23.581256112808944,1.0,0.09370210919848887,0.5786428029528221,0,5.55674,0.18522
509.8404529094696,31.0,30.909216447086123,23.581646240732596,0.9926807825188493,0.09078355291387652,0.580912391775669,0,5.55674,0.18522
509.87834763526917,31.0,30.91129984215297,23.581256112808944,0.9815346407212314,0.088700157847029,0.5831298957218447,0,5.55674,0.18522
509.9135847091675,31.0,30.915469941286347,23.582429454539124,0.958693698255988,0.08453005871365349,0.5852431471896861,0,5.55674,0.18522
509.95520305633545,31.0,30.917969579632256,23.58320971606736,0.9451436657933195,0.08203042036774377,0.5872939076988797,0,5.55674,0.18522
510.0019540786743,31.0,30.921304649470756,23.58320971606736,0.9269759486395627,0.07869535052924448,0.5892612914621108,0,5.55674,0.18522
510.03362584114075,31.0,30.92339150051282,23.58360280359483,0.9157144269592972,0.07660849948717896,0.5911765039492903,0,5.55674,0.18522
510.06577253341675,31.0,30.92589137762252,23.585166295209547,0.902086199608941,0.07410862237748006,0.5930292195087273,0,5.55674,0.18522
510.12093806266785,31.0,30.932565441531665,23.584773204410794,0.8653325862909244,0.06743455846833513,0.5947150834704357,0,5.55674,0.18522
510.15166187286377,31.0,30.93590109862157,23.58438306999534,0.8471140342343031,0.06409890137842922,0.5963175560048964,0,5.55674,0.18522
510.1888597011566,31.0,30.938401353097902,23.585946568104134,0.8334257821810479,0.06159864690209815,0.5978575221774489,0,5.55674,0.18522
510.22575402259827,31.0,30.941321039593618,23.586729799837997,0.8174333700306861,0.05867896040638243,0.5993244961876085,0,5.55674,0.18522
510.26007294654846,31.0,30.9446570492932,23.585946568104134,0.7991924833642061,0.05534295070680173,0.6007080699552786,0,5.55674,0.18522
510.3099191188812,31.0,30.94924507045596,23.586336705767053,0.7739130460245705,0.05075492954404126,0.6019769431938796,0,5.55674,0.18522
510.34029626846313,31.0,30.950913218162725,23.586729799837997,0.7648507102663824,0.049086781837274884,0.6032041127398114,0,5.55674,0.18522
510.3791687488556,31.0,30.955085311338962,23.58711993912806,0.7418554332876863,0.04491468866103787,0.6043269799563374,0,5.55674,0.18522
510.4097833633423,31.0,30.95717301365204,23.586729799837997,0.7304729421052234,0.04282698634796134,0.6053976546150365,0,5.55674,0.18522
510.458651304245,31.0,30.962594347740662,23.586729799837997,0.7005212049943923,0.037405652259337785,0.6063327959215199,0,5.55674,0.18522
510.51125621795654,31.0,30.96843553126064,23.586729799837997,0.6682094261540967,0.03156446873936147,0.607121907640004,0,5.55674,0.18522
510.55390906333923,31.0,30.972188993348652,23.585946568104134,0.6475213784357665,0.027811006651347725,0.6078171828062876,0,5.55674,0.18522
510.58652114868164,31.0,30.974693499010016,23.585946568104134,0.6337216733998756,0.025306500989984215,0.6084498453310372,0,5.55674,0.18522
510.61878991127014,31.0,30.976778542108264,23.585556431251632,0.6222631752582366,0.023221457891736463,0.6090303817783306,0,5.55674,0.18522
510.6560320854187,31.0,30.982620728345296,23.585946568104134,0.5898601227415159,0.017379271654704098,0.6094648635696982,0,5.55674,0.18522
510.69317507743835,31.0,30.985958404683572,23.585946568104134,0.5713785427326759,0.014041595316427902,0.6098159034526089,0,5.55674,0.18522
510.728387594223,31.0,30.990548718718117,23.584773204410794,0.5459753286529547,0.009451281281883439,0.610052185484656,0,5.55674,0.18522
510.77557468414307,31.0,30.994303185966317,23.585556431251632,0.5250989233263079,0.005696814033683495,0.6101946058354981,0,5.55674,0.18522
510.8188362121582,31.0,30.99806097928422,23.584773204410794,0.5042670076076794,0.0019390207157812256,0.6102430813533927,0,5.55674,0.18522
510.8471031188965,31.0,31.001815788415627,23.585556431251632,0.48335391541929396,-0.0018157884156266846,0.610197686643002,0,5.55674,0.18522
510.87875747680664,31.0,31.00557392402402,23.585946568104134,0.4624251056201666,-0.005573924024020016,0.6100583385424015,0,5.55674,0.18522
510.9329218864441,31.0,31.009745623604488,23.585946568104134,0.43919892858329795,-0.009745623604487719,0.6098146979522894,0,5.55674,0.18522
510.9680700302124,31.0,31.012667832411637,23.586336705767053,0.42288229829334584,-0.012667832411636937,0.6094980021419985,0,5.55674,0.18522
511.00489139556885,31.0,31.018512560927093,23.586729799837997,0.39029877013561104,-0.018512560927092636,0.6090351881188212,0,5.55674,0.18522
511.04884243011475,31.0,31.021851690226413,23.588293317484215,0.371562691009953,-0.021851690226412757,0.6084888958631609,0,5.55674,0.18522
511.08528304100037,31.0,31.026860638042763,23.587510079228707,0.34364507880940665,-0.02686063804276273,0.6078173799120918,0,5.55674,0.18522
511.12298679351807,31.0,31.031036572271944,23.588683460023162,0.32023657894479324,-0.031036572271943896,0.6070414656052933,0,5.55674,0.18522
511.1639037132263,31.0,31.03437620956123,23.590637140541048,0.3014196636458373,-0.03437620956123055,0.6061820603662625,0,5.55674,0.18522
511.21148681640625,31.0,31.038552525181615,23.591810540885717,0.2779742408664325,-0.03855252518161478,0.6052182472367221,0,5.55674,0.18522
511.24543619155884,31.0,31.04356248963552,23.59220069073683,0.2499134369282976,-0.04356248963551934,0.6041291849958341,0,5.55674,0.18522
511.27729964256287,31.0,31.046902635508275,23.594157363593922,0.23103553841586316,-0.04690263550827467,0.6029566191081273,0,5.55674,0.18522
511.31490898132324,31.0,31.050246074316703,23.594937673871357,0.21218421736121834,-0.05024607431670347,0.6017004672502096,0,5.55674,0.18522
511.3559982776642,31.0,31.056510257799857,23.596501259920387,0.177033882643299,-0.0565102577998573,0.6002877108052133,0,5.55674,0.18522
511.3942461013794,31.0,31.058597372571626,23.59728453571762,0.16512480477358962,-0.05859737257162578,0.5988227764909226,0,5.55674,0.18522
511.433308839798,31.0,31.062774918919786,23.598848141344718,0.14154036057134184,-0.0627749189197857,0.597253403517928,0,5.55674,0.18522
511.46572732925415,31.0,31.064025382276895,23.600021593079816,0.13423518339582627,-0.06402538227689547,0.5956527689610056,0,5.55674,0.18522
511.4982101917267,31.0,31.06945690876529,23.600411760020563,0.1037119638535412,-0.06945690876528943,0.5939163462418734,0,5.55674,0.18522
511.53454208374023,31.0,31.074468758106434,23.60158522155109,0.07545738417073367,-0.07446875810643405,0.5920546272892125,0,5.55674,0.18522
511.5663511753082,31.0,31.07530567518478,23.603539036534812,0.07035790358693211,-0.07530567518477937,0.590171985409593,0,5.55674,0.18522
511.5995671749115,31.0,31.079064011836294,23.60432234176261,0.04906750796601056,-0.07906401183629441,0.5881953851136856,0,5.55674,0.18522
511.6402757167816,31.0,31.083659522991923,23.604712517665178,0.023124042598925754,-0.08365952299192259,0.5861038970388875,0,5.55674,0.18522
511.6736342906952,31.0,31.08783834534171,23.606276185316062,0.0,-0.08783834534170865,0.5839079384053448,0,5.55674,0.18522
511.7217788696289,31.0,31.09076333184362,23.607059502000766,0.0,-0.09076333184361829,0.5816388551092544,0,5.55674,0.18522
511.7633144855499,31.0,31.094105398826912,23.607839866034737,0.0,-0.09410539882691182,0.5792862201385816,0,5.55674,0.18522
511.8062436580658,31.0,31.099535758619766,23.609796702286985,0.0,-0.0995357586197656,0.5767978261730874,0,5.55674,0.18522
511.8380014896393,31.0,31.104132417762173,23.610577077742505,0.0,-0.10413241776217319,0.574194515729033,0,5.55674,0.18522
511.87418508529663,31.0,31.10455260634683,23.610186889607633,0.0,-0.10455260634682872,0.5715807005703623,0,5.55674,0.18522
511.9106032848358,31.0,31.109983658868828,23.610967266691773,0.0,-0.10998365886882766,0.5688311090986415,0,5.55674,0.18522
511.9442551136017,31.0,31.109983658868828,23.61136041244157,0.0,-0.10998365886882766,0.5660815176269208,0,5.55674,0.18522
511.97645568847656,31.0,31.114580904625655,23.611750603025882,0.0,-0.11458090462565451,0.5632169950112794,0,5.55674,0.18522
512.008603811264,31.0,31.1154182314815,23.61136041244157,0.0,-0.11541823148149888,0.560331539224242,0,5.55674,0.18522
512.0554783344269,31.0,31.120012622649085,23.610967266691773,0.0,-0.12001262264908519,0.5573312236580148,0,5.55674,0.18522
512.0903317928314,31.0,31.12168739611593,23.611750603025882,0.0,-0.12168739611593082,0.5542890387551165,0,5.55674,0.18522
512.1295955181122,31.0,31.12670244176286,23.61253098663815,0.0,-0.12670244176285905,0.551121477711045,0,5.55674,0.18522
512.1591453552246,31.0,31.132134964918293,23.611750603025882,0.0,-0.13213496491829346,0.5478181035880877,0,5.55674,0.18522
512.1990125179291,31.0,31.131717795020336,23.612140794424704,0.0,-0.13171779502033587,0.5445251587125793,0,5.55674,0.18522
512.2453932762146,31.0,31.132972471520304,23.61136041244157,0.0,-0.13297247152030423,0.5412008469245717,0,5.55674,0.18522
512.2827808856964,31.0,31.13547872179015,23.610577077742505,0.0,-0.1354787217901503,0.5378138788798179,0,5.55674,0.18522
512.3263869285583,31.0,31.138405411449696,23.610577077742505,0.0,-0.1384054114496962,0.5343537435935755,0,5.55674,0.18522
512.3661568164825,31.0,31.14133220595255,23.609403559825296,0.0,-0.14133220595255125,0.5308204384447617,0,5.55674,0.18522
512.3986465930939,31.0,31.144259105327137,23.610577077742505,0.0,-0.14425910532713715,0.5272139608115832,0,5.55674,0.18522
512.4301977157593,31.0,31.143424643844526,23.609796702286985,0.0,-0.1434246438445257,0.52362834471547,0,5.55674,0.18522
512.4686360359192,31.0,31.148023770523537,23.609013374139238,0.0,-0.14802377052353677,0.5199277504523816,0,5.55674,0.18522
512.5030355453491,31.0,31.150530482659406,23.609403559825296,0.0,-0.1505304826594056,0.5161644883858965,0,5.55674,0.18522
512.5387277603149,31.0,31.150947748646274,23.609013374139238,0.0,-0.15094774864627425,0.5123907946697396,0,5.55674,0.18522
512.599636554718,31.0,31.154712722297916,23.609403559825296,0.0,-0.15471272229791566,0.5085229766122917,0,5.55674,0.18522
512.6326732635498,31.0,31.15513000966604,23.609796702286985,0.0,-0.1551300096660384,0.5046447263706407,0,5.55674,0.18522
512.6785571575165,31.0,31.15805740377067,23.609796702286985,0.0,-0.15805740377066968,0.500693291276374,0,5.55674,0.18522
512.7157938480377,31.0,31.158895176272154,23.609796702286985,0.0,-0.15889517627215355,0.4967209118695701,0,5.55674,0.18522
512.7560176849365,31.0,31.160567585597107,23.610577077742505,0.0,-0.16056758559710715,0.49270672222964246,0,5.55674,0.18522
512.7956686019897,31.0,31.16140222235714,23.611750603025882,0.0,-0.16140222235713964,0.488671666670714,0,5.55674,0.18522
512.846019744873,31.0,31.162240029208533,23.611750603025882,0.0,-0.1622400292085331,0.48461566594050065,0,5.55674,0.18522
512.8760230541229,31.0,31.164329841537892,23.612140794424704,0.0,-0.1643298415378922,0.48050741990205337,0,5.55674,0.18522
512.916111946106,31.0,31.16516767846224,23.61253098663815,0.0,-0.16516767846223956,0.4763782279404974,0,5.55674,0.18522
512.9664075374603,31.0,31.165585019311663,23.61409767569785,0.0,-0.16558501931166347,0.4722386024577058,0,5.55674,0.18522
512.998774766922,31.0,31.16767491735942,23.614878069112194,0.0,-0.1676749173594203,0.46804672952372034,0,5.55674,0.18522
513.0360276699066,31.0,31.16851278865363,23.615268267041813,0.0,-0.1685127886536293,0.4638339098073796,0,5.55674,0.18522
513.0764625072479,31.0,31.169347506731015,23.616051621406882,0.0,-0.16934750673101462,0.45960022213910423,0,5.55674,0.18522
513.1224155426025,31.0,31.168092271041075,23.616832022984795,0.0,-0.1680922710410755,0.45539791536307733,0,5.55674,0.18522
513.1602458953857,31.0,31.168092271041075,23.619179159508406,0.0,-0.1680922710410755,0.45119560858705043,0,5.55674,0.18522
513.1960337162018,31.0,31.170185395214105,23.61956936642605,0.0,-0.17018539521410503,0.44694097370669783,0,5.55674,0.18522
513.2477688789368,31.0,31.171020130416878,23.62152632554637,0.0,-0.1710201304168777,0.4426654704462759,0,5.55674,0.18522
513.2804093360901,31.0,31.171440663131705,23.621133158395935,0.0,-0.1714406631317047,0.43837945386798327,0,5.55674,0.18522
513.3172972202301,31.0,31.17060276174709,23.622696963471753,0.0,-0.17060276174709088,0.434114384824306,0,5.55674,0.18522
513.3518385887146,31.0,31.168092271041075,23.622696963471753,0.0,-0.1680922710410755,0.4299120780482791,0,5.55674,0.18522
513.4020373821259,31.0,31.16851278865363,23.625044173769425,0.0,-0.1685127886536293,0.42569925833193833,0,5.55674,0.18522
513.4402413368225,31.0,31.168930146624064,23.625044173769425,0.0,-0.16893014662406358,0.4214760046663367,0,5.55674,0.18522
513.472776889801,31.0,31.169768030817806,23.626608011640087,0.0,-0.16976803081780645,0.41723180389589154,0,5.55674,0.18522
513.5203249454498,31.0,31.169347506731015,23.626998234099176,0.0,-0.16934750673101462,0.4129981162276162,0,5.55674,0.18522
513.5562238693237,31.0,31.168930146624064,23.62739141361527,0.0,-0.16893014662406358,0.40877486256201456,0,5.55674,0.18522
513.5905208587646,31.0,31.168092271041075,23.628565044622974,0.0,-0.1680922710410755,0.40457255578598766,0,5.55674,0.18522
513.621461391449,31.0,31.167257565814054,23.629735726745594,0.0,-0.1672575658140545,0.4003911166406363,0,5.55674,0.18522
513.6658232212067,31.0,31.166840216404808,23.630519141870536,0.0,-0.1668402164048075,0.39622011123051615,0,5.55674,0.18522
513.7041699886322,31.0,31.166002362296865,23.632083025691202,0.0,-0.16600236229686516,0.39207005217309454,0,5.55674,0.18522
513.7500538825989,31.0,31.163074683081277,23.633256686259074,0.0,-0.16307468308127682,0.3879931850960626,0,5.55674,0.18522
513.7807233333588,31.0,31.16140222235714,23.633256686259074,0.0,-0.16140222235713964,0.38395812953713415,0,5.55674,0.18522
513.8223440647125,31.0,31.163074683081277,23.634037159851005,0.0,-0.16307468308127682,0.37988126246010223,0,5.55674,0.18522
513.8595662117004,31.0,31.160147108948877,23.634820593073243,0.0,-0.16014710894887685,0.37587758473638033,0,5.55674,0.18522
513.8961863517761,31.0,31.15931248502983,23.635210832738835,0.0,-0.15931248502982953,0.3718947726106346,0,5.55674,0.18522
513.9334092140198,31.0,31.158895176272154,23.636384513028418,0.0,-0.15889517627215355,0.36792239320383074,0,5.55674,0.18522
513.9743266105652,31.0,31.155547299167893,23.63677475597376,0.0,-0.15554729916789256,0.3640337107246334,0,5.55674,0.18522
514.0060243606567,31.0,31.155967752111962,23.637558200721458,0.0,-0.15596775211196245,0.36013451692183435,0,5.55674,0.18522
514.0465438365936,31.0,31.15387499273504,23.637558200721458,0.0,-0.1538749927350409,0.3562876421034583,0,5.55674,0.18522
514.0873248577118,31.0,31.15261999510244,23.63833869235475,0.0,-0.15261999510244095,0.3524721422258973,0,5.55674,0.18522
514.1208627223969,31.0,31.15136817789636,23.639122143689463,0.0,-0.1513681778963587,0.34868793777848833,0,5.55674,0.18522
514.1562473773956,31.0,31.148023770523537,23.63990264188584,0.0,-0.14802377052353677,0.3449873435153999,0,5.55674,0.18522
514.1974749565125,31.0,31.14844102369858,23.63990264188584,0.0,-0.14844102369858092,0.3412763179229354,0,5.55674,0.18522
514.2364592552185,31.0,31.145931214791688,23.63990264188584,0.0,-0.14593121479168758,0.3376280375531432,0,5.55674,0.18522
514.2741174697876,31.0,31.146768862839735,23.64029584865756,0.0,-0.14676886283973545,0.3339588159821498,0,5.55674,0.18522
514.3093736171722,31.0,31.140914989096586,23.64185981465056,0.0,-0.1409149890965864,0.3304359412547352,0,5.55674,0.18522
514.3425660133362,31.0,31.14133220595255,23.641466604571065,0.0,-0.14133220595255125,0.3269026361059214,0,5.55674,0.18522
514.3760871887207,31.0,31.140914989096586,23.64107635178067,0.0,-0.1409149890965864,0.32337976137850677,0,5.55674,0.18522
514.4093606472015,31.0,31.139242982319956,23.641466604571065,0.0,-0.13924298231995635,0.31989868682050787,0,5.55674,0.18522
514.4421951770782,31.0,31.13631626265959,23.642640324340334,0.0,-0.13631626265959085,0.3164907802540181,0,5.55674,0.18522
514.4746708869934,31.0,31.133806826253476,23.642640324340334,0.0,-0.13380682625347617,0.31314560959768123,0,5.55674,0.18522
514.5186352729797,31.0,31.131717795020336,23.644597525933307,0.0,-0.13171779502033587,0.3098526647221728,0,5.55674,0.18522
514.5601744651794,31.0,31.128374191996045,23.643423793802754,0.0,-0.12837419199604483,0.3066433099222717,0,5.55674,0.18522
514.5929310321808,31.0,31.125864999391865,23.645768308947083,0.0,-0.12586499939186524,0.30349668493747506,0,5.55674,0.18522
514.6265740394592,31.0,31.122521635694056,23.644987786118065,0.0,-0.12252163569405639,0.3004336440451236,0,5.55674,0.18522
514.6764855384827,31.0,31.120012622649085,23.64537804712262,0.0,-0.12001262264908519,0.2974333284788965,0,5.55674,0.18522
514.710257768631,31.0,31.119595514590685,23.646551791600473,0.0,-0.11959551459068507,0.29444344061412936,0,5.55674,0.18522
514.76615858078,31.0,31.114163824256366,23.64694205589126,0.0,-0.11416382425636584,0.2915893450077202,0,5.55674,0.18522
514.8151867389679,31.0,31.112909436258747,23.648115810254126,0.0,-0.11290943625874661,0.28876660910125157,0,5.55674,0.18522
514.8408050537109,31.0,31.109566601925337,23.64850607783211,0.0,-0.10956660192533718,0.28602744405311814,0,5.55674,0.18522
514.8808031082153,31.0,31.108312284377178,23.648899302812424,0.0,-0.10831228437717755,0.2833196369436887,0,5.55674,0.18522
514.9262166023254,31.0,31.104132417762173,23.648899302812424,0.0,-0.10413241776217319,0.2807163264996344,0,5.55674,0.18522
514.9561495780945,31.0,31.1024611627019,23.650463341242755,0.0,-0.10246116270189987,0.27815479743208693,0,5.55674,0.18522
514.9922664165497,31.0,31.099535758619766,23.649679842083003,0.0,-0.0995357586197656,0.27566640346659277,0,5.55674,0.18522
515.0273549556732,31.0,31.096610459003443,23.651634161246363,0.0,-0.09661045900344334,0.2732511419915067,0,5.55674,0.18522
515.0597758293152,31.0,31.093688422726302,23.651634161246363,0.0,-0.09368842272630218,0.27090893142334915,0,5.55674,0.18522
515.1037828922272,31.0,31.08950930217162,23.65280794528229,0.0,-0.08950930217162067,0.26867119886905866,0,5.55674,0.18522
515.1558530330658,31.0,31.087418242460444,23.653981736745322,0.0,-0.08741824246044416,0.26648574280754755,0,5.55674,0.18522
515.1874935626984,31.0,31.084913463192095,23.654372016660773,0.0,-0.0849134631920947,0.26436290622774516,0,5.55674,0.18522
515.2199537754059,31.0,31.081571770887308,23.655545818023086,0.0,-0.08157177088730805,0.2623236119555625,0,5.55674,0.18522
515.2560184001923,31.0,31.078647112222143,23.65671962681654,0.0,-0.07864711222214282,0.2603574341500089,0,5.55674,0.18522
515.3014311790466,31.0,31.074885636489853,23.65671962681654,0.008528331235784503,-0.07488563648985291,0.2584852932377626,0,5.55674,0.18522
515.3525698184967,31.0,31.07112749120762,23.65906726670363,0.02896155804320888,-0.07112749120761919,0.2567071059575721,0,5.55674,0.18522
515.3902988433838,31.0,31.067369517993086,23.657893443042838,0.049591910541062045,-0.06736951799308599,0.255022868007745,0,5.55674,0.18522
515.4338595867157,31.0,31.063608559042166,23.659847848770937,0.07009576479029267,-0.06360855904216578,0.25343265403169085,0,5.55674,0.18522
515.4734137058258,31.0,31.05818057688242,23.65906726670363,0.10002829560364451,-0.058180576882421065,0.25197813960963034,0,5.55674,0.18522
515.510499715805,31.0,31.056090315244035,23.65906726670363,0.11138360985539453,-0.05609031524403463,0.25057588172852946,0,5.55674,0.18522
515.5664665699005,31.0,31.051079587321112,23.65945755732622,0.1389703729316815,-0.051079587321112285,0.24929889204550165,0,5.55674,0.18522
515.6244950294495,31.0,31.04565243269559,23.658283731193137,0.1689764936335531,-0.04565243269559005,0.2481575812281119,0,5.55674,0.18522
515.655686378479,31.0,31.043145770180445,23.658283731193137,0.18270557900914106,-0.04314577018044474,0.24707893697360078,0,5.55674,0.18522
515.6864178180695,31.0,31.038135831108946,23.657109912495116,0.21042814659551595,-0.038135831108945695,0.24612554119587715,0,5.55674,0.18522
515.7230269908905,31.0,31.03729929256224,23.65632934195969,0.21494390922192091,-0.037299292562238406,0.2451930588818212,0,5.55674,0.18522
515.7812306880951,31.0,31.03061991625856,23.655936101230452,0.25193785771958144,-0.030619916258558533,0.24442756097535723,0,5.55674,0.18522
515.81565117836,31.0,31.029366804444237,23.654765254072856,0.25882516552600304,-0.029366804444237005,0.2436933908642513,0,5.55674,0.18522
515.8512363433838,31.0,31.026027370396548,23.653591457651203,0.2773212381107357,-0.026027370396548122,0.24304270660433758,0,5.55674,0.18522
515.8843348026276,31.0,31.02143508069196,23.653981736745322,0.3027201182811389,-0.02143508069195832,0.24250682958703862,0,5.55674,0.18522
515.9354274272919,31.0,31.017259633344963,23.652027392854336,0.3259423470261762,-0.017259633344963277,0.24207533875341453,0,5.55674,0.18522
515.969152212143,31.0,31.014337261702963,23.652027392854336,0.342114817733831,-0.014337261702962678,0.24171690721084046,0,5.55674,0.18522
516.0023651123047,31.0,31.011418149442477,23.650463341242755,0.3583629427834183,-0.011418149442476988,0.24143145347477854,0,5.55674,0.18522
516.0347082614899,31.0,31.00807628731667,23.649679842083003,0.3769356045434652,-0.008076287316669095,0.2412295462918618,0,5.55674,0.18522
516.081072807312,31.0,31.00265196666254,23.64850607783211,0.4071250880860275,-0.002651966662540417,0.2411632471252983,0,5.55674,0.18522
516.1264231204987,31.0,31.00014661266465,23.64694205589126,0.42112625737621123,-0.00014661266465054723,0.24115958180868202,0,5.55674,0.18522
516.1607780456543,31.0,30.993886715630083,23.646161528129824,0.4559792327892696,0.0061132843699169825,0.24131241391792996,0,5.55674,0.18522
516.200243473053,31.0,30.99263416221015,23.645768308947083,0.4629936294244944,0.007365837789848229,0.24149655986267615,0,5.55674,0.18522
516.2364890575409,31.0,30.987210856800118,23.644204310061184,0.49326899387921286,0.012789143199881892,0.2418162884426732,0,5.55674,0.18522
516.2851712703705,31.0,30.985125550318116,23.643030580414404,0.5049855981063526,0.014874449681883561,0.24218814968472027,0,5.55674,0.18522
516.316294670105,31.0,30.980535537777428,23.642640324340334,0.5306012579844352,0.019464462222572365,0.2426747612402846,0,5.55674,0.18522
516.3481187820435,31.0,30.977614466750936,23.641466604571065,0.546996768052185,0.022385533249064338,0.2432343995715112,0,5.55674,0.18522
516.3804347515106,31.0,30.975109872549638,23.6406860998095,0.5610694469912996,0.024890127450362343,0.24385665275777024,0,5.55674,0.18522
516.4274532794952,31.0,30.97177263452653,23.639122143689463,0.5798245618483795,0.02822736547346949,0.244562336894607,0,5.55674,0.18522
516.4719846248627,31.0,30.967599699461857,23.63873189581966,0.6031825296107607,0.0324003005381428,0.24537234440806055,0,5.55674,0.18522
516.5281193256378,31.0,30.959673910705646,23.636384513028418,0.6475312473493956,0.04032608929435355,0.2463804966404194,0,5.55674,0.18522
516.5597858428955,31.0,30.959673910705646,23.635601073222688,0.6477581743200204,0.04032608929435355,0.24738864887277823,0,5.55674,0.18522
516.5934717655182,31.0,30.955085311338962,23.634820593073243,0.6735038505897222,0.04491468866103787,0.24851151608930416,0,5.55674,0.18522
516.6267805099487,31.0,30.950913218162725,23.635210832738835,0.696894361410621,0.049086781837274884,0.24973868563523605,0,5.55674,0.18522
516.6611289978027,31.0,30.949664469267532,23.633646922645994,0.7041466546887087,0.050335530732468214,0.25099707390354775,0,5.55674,0.18522
516.6982955932617,31.0,30.945492649330674,23.63247325961828,0.7276409884208909,0.05450735066932566,0.2523597576702809,0,5.55674,0.18522
516.7503321170807,31.0,30.94006928234745,23.630909372520648,0.7581349783466429,0.05993071765254854,0.2538580256115946,0,5.55674,0.18522
516.7792899608612,31.0,30.93464942327347,23.632083025691202,0.7884941136797117,0.06535057672653011,0.25549179002975786,0,5.55674,0.18522
516.8161795139313,31.0,30.93423325329104,23.630519141870536,0.7911914353076845,0.06576674670895954,0.25713595869748185,0,5.55674,0.18522
516.8522582054138,31.0,30.929646063562245,23.630128912037947,0.8170270519179519,0.07035393643775478,0.2588948071084257,0,5.55674,0.18522
516.8901097774506,31.0,30.926310658213595,23.628955271179905,0.8359624683236391,0.0736893417864053,0.26073704065308584,0,5.55674,0.18522
516.9233829975128,31.0,30.92589137762252,23.62739141361527,0.8387157005032249,0.07410862237748006,0.26258975621252284,0,5.55674,0.18522
516.954092502594,31.0,30.921723906869488,23.626608011640087,0.8622759044577921,0.07827609313051198,0.26454665854078563,0,5.55674,0.18522
516.9911894798279,31.0,30.918804910624374,23.626998234099176,0.8788519598385373,0.08119508937562614,0.26657653577517626,0,5.55674,0.18522
517.0527009963989,31.0,30.912551165085972,23.625827569172657,0.9140673945529745,0.08744883491402788,0.26876275664802696,0,5.55674,0.18522
517.1005458831787,31.0,30.909216447086123,23.625044173769425,0.9330581234291488,0.09078355291387652,0.27103234547087385,0,5.55674,0.18522
517.1416399478912,31.0,30.905462685693863,23.62387056492787,0.9544147704906467,0.09453731430613743,0.2733957783285273,0,5.55674,0.18522
517.1693019866943,31.0,30.900461085998074,23.6234803490147,0.9826882958653307,0.0995389140019256,0.27588425117857546,0,5.55674,0.18522
517.2114682197571,31.0,30.900045087494505,23.6234803490147,0.9854627326124143,0.09995491250549549,0.27838312399121284,0,5.55674,0.18522
517.2703754901886,31.0,30.894208722084045,23.623090133917913,1.0,0.1057912779159551,0.2810279059391117,0,5.55674,0.18522
517.305388212204,31.0,30.89212575573447,23.6234803490147,1.0,0.10787424426553116,0.28372476204575,0,5.55674,0.18522
517.3451247215271,31.0,30.890874740526215,23.622696963471753,1.0,0.10912525947378526,0.2864528935325946,0,5.55674,0.18522
517.3802399635315,31.0,30.889207799902238,23.622306750013763,1.0,0.11079220009776236,0.2892226985350387,0,5.55674,0.18522
517.4263334274292,31.0,30.884623097814085,23.622696963471753,1.0,0.11537690218591479,0.29210712108968656,0,5.55674,0.18522
517.4582612514496,31.0,30.882121312023685,23.62152632554637,1.0,0.11787868797631518,0.29505408828909446,0,5.55674,0.18522
517.5240499973297,31.0,30.878787815166618,23.62152632554637,1.0,0.12121218483338225,0.298084392909929,0,5.55674,0.18522
517.5681154727936,31.0,30.873368804808933,23.622306750013763,1.0,0.12663119519106658,0.3012501727897057,0,5.55674,0.18522
517.5985891819,31.0,30.87295294185219,23.62152632554637,1.0,0.12704705814780937,0.3044263492434009,0,5.55674,0.18522
517.6364097595215,31.0,30.870035658624715,23.6207429482086,1.0,0.12996434137528468,0.307675457777783,0,5.55674,0.18522
517.6694083213806,31.0,30.871286360401143,23.619962530281782,1.0,0.12871363959885684,0.3108932987677544,0,5.55674,0.18522
517.7125611305237,31.0,30.865870988693075,23.61956936642605,1.0,0.1341290113069249,0.3142465240504275,0,5.55674,0.18522
517.747918844223,31.0,30.863785581729985,23.61956936642605,1.0,0.1362144182700149,0.3176518845071779,0,5.55674,0.18522
517.7920355796814,31.0,30.861703377037657,23.618005587558173,1.0,0.13829662296234346,0.3211093000812365,0,5.55674,0.18522
517.8226144313812,31.0,30.862119183799223,23.619179159508406,1.0,0.1378808162007772,0.32455632048625593,0,5.55674,0.18522
517.8565239906311,31.0,30.858370697842474,23.618005587558173,1.0,0.14162930215752567,0.3280970530401941,0,5.55674,0.18522
517.8925874233246,31.0,30.858370697842474,23.616832022984795,1.0,0.14162930215752567,0.33163778559413226,0,5.55674,0.18522
517.9291224479675,31.0,30.8567044082468,23.616832022984795,1.0,0.14329559175320128,0.3352201753879623,0,5.55674,0.18522
517.9752459526062,31.0,30.855038151978704,23.615661421840798,1.0,0.1449618480212962,0.3388442215884947,0,5.55674,0.18522
518.0209317207336,31.0,30.8537876942097,23.615268267041813,1.0,0.14621230579029998,0.3424995292332522,0,5.55674,0.18522
518.0492706298828,31.0,30.851702589739148,23.616051621406882,1.0,0.1482974102608523,0.3462069644897735,0,5.55674,0.18522
518.0851624011993,31.0,30.850036433485513,23.61448787199754,1.0,0.1499635665144865,0.34995605365263566,0,5.55674,0.18522
518.1343364715576,31.0,30.84711995280975,23.61409767569785,1.0,0.1528800471902514,0.35377805483239194,0,5.55674,0.18522
518.1742198467255,31.0,30.8483703105386,23.613704524189814,1.0,0.15162968946140154,0.35756879706892697,0,5.55674,0.18522
518.22421002388,31.0,30.846704220893173,23.612924135677133,1.0,0.153295779106827,0.36140119154659767,0,5.55674,0.18522
518.2704379558563,31.0,30.843787856788083,23.61253098663815,1.0,0.156212143211917,0.3653064951268956,0,5.55674,0.18522
518.3198766708374,31.0,30.843787856788083,23.613314329526077,1.0,0.156212143211917,0.36921179870719356,0,5.55674,0.18522
518.3506553173065,31.0,30.843787856788083,23.61253098663815,1.0,0.156212143211917,0.3731171022874915,0,5.55674,0.18522
518.3843359947205,31.0,30.843787856788083,23.610967266691773,1.0,0.156212143211917,0.37702240586778946,0,5.55674,0.18522
518.4161846637726,31.0,30.842537567779743,23.611750603025882,1.0,0.1574624322202567,0.3809589666732959,0,5.55674,0.18522
518.4482288360596,31.0,30.842121858710527,23.610577077742505,1.0,0.15787814128947275,0.3849059202055327,0,5.55674,0.18522
518.4852101802826,31.0,30.842956428256116,23.610577077742505,1.0,0.15704357174388406,0.3888320094991298,0,5.55674,0.18522
518.5196793079376,31.0,30.842121858710527,23.610577077742505,1.0,0.15787814128947275,0.39277896303136667,0,5.55674,0.18522
518.5682635307312,31.0,30.842121858710527,23.609796702286985,1.0,0.15787814128947275,0.3967259165636035,0,5.55674,0.18522
518.597754240036,31.0,30.842537567779743,23.609013374139238,1.0,0.1574624322202567,0.4006624773691099,0,5.55674,0.18522
518.629634141922,31.0,30.84170615171348,23.609403559825296,1.0,0.15829384828651882,0.4046198235762729,0,5.55674,0.18522
518.6707584857941,31.0,30.84170615171348,23.609403559825296,1.0,0.15829384828651882,0.4085771697834359,0,5.55674,0.18522
518.7153267860413,31.0,30.843372141485816,23.609403559825296,1.0,0.15662785851418448,0.4124928662462905,0,5.55674,0.18522
518.7688069343567,31.0,30.843372141485816,23.609013374139238,1.0,0.15662785851418448,0.4164085627091451,0,5.55674,0.18522
518.800146818161,31.0,30.842537567779743,23.608623189267234,1.0,0.1574624322202567,0.42034512351465153,0,5.55674,0.18522
518.832168340683,31.0,30.843372141485816,23.609796702286985,1.0,0.15662785851418448,0.42426081997750614,0,5.55674,0.18522
518.8661088943481,31.0,30.845453888152747,23.609403559825296,1.0,0.1545461118472531,0.4281244727736875,0,5.55674,0.18522
518.9227049350739,31.0,30.845872763279317,23.609403559825296,1.0,0.15412723672068296,0.43197765369170454,0,5.55674,0.18522
518.9578337669373,31.0,30.845453888152747,23.608623189267234,1.0,0.1545461118472531,0.4358413064878859,0,5.55674,0.18522
519.0034720897675,31.0,30.84711995280975,23.609403559825296,1.0,0.1528800471902514,0.43966330766764217,0,5.55674,0.18522
519.0518593788147,31.0,30.8479545723863,23.609403559825296,1.0,0.1520454276137002,0.4434644433579847,0,5.55674,0.18522
519.0827367305756,31.0,30.849620687023105,23.609796702286985,1.0,0.1503793129768951,0.4472239261824071,0,5.55674,0.18522
519.1261582374573,31.0,30.85087108226554,23.610186889607633,1.0,0.14912891773445835,0.45095214912576853,0,5.55674,0.18522
519.1588940620422,31.0,30.85212149626807,23.610577077742505,1.0,0.14787850373193123,0.4546491117190668,0,5.55674,0.18522
519.1940348148346,31.0,30.8537876942097,23.610967266691773,1.0,0.14621230579029998,0.4583044193638243,0,5.55674,0.18522
519.2351877689362,31.0,30.85295301621818,23.610577077742505,1.0,0.14704698378182002,0.4619805939583698,0,5.55674,0.18522
519.273485660553,31.0,30.8567044082468,23.610967266691773,1.0,0.14329559175320128,0.46556298375219984,0,5.55674,0.18522
519.3166990280151,31.0,30.857535973935512,23.612140794424704,1.0,0.14246402606448783,0.46912458440381205,0,5.55674,0.18522
519.353978395462,31.0,30.857535973935512,23.61253098663815,1.0,0.14246402606448783,0.47268618505542426,0,5.55674,0.18522
519.387933254242,31.0,30.860037020771074,23.613314329526077,1.0,0.1399629792289261,0.47618525953614743,0,5.55674,0.18522
519.4254024028778,31.0,30.862534992636938,23.613704524189814,1.0,0.1374650073630619,0.479621884720224,0,5.55674,0.18522
519.4736022949219,31.0,30.862953953641522,23.613704524189814,1.0,0.13704604635847772,0.48304803587918593,0,5.55674,0.18522
519.5191085338593,31.0,30.866702645918224,23.615661421840798,1.0,0.13329735408177612,0.48638046973123034,0,5.55674,0.18522
519.5563073158264,31.0,30.868369135589376,23.615661421840798,1.0,0.13163086441062433,0.4896712413414959,0,5.55674,0.18522
519.6029064655304,31.0,30.870870507850668,23.616832022984795,1.0,0.12912949214933178,0.4928994786452292,0,5.55674,0.18522
519.6306109428406,31.0,30.874619556681864,23.615661421840798,1.0,0.1253804433181358,0.4960339897281826,0,5.55674,0.18522
519.6655414104462,31.0,30.874619556681864,23.616051621406882,1.0,0.1253804433181358,0.49916850081113595,0,5.55674,0.18522
519.7010972499847,31.0,30.87628620489528,23.615268267041813,1.0,0.12371379510472025,0.5022613456887539,0,5.55674,0.18522
519.7292873859406,31.0,30.877952886497837,23.614878069112194,1.0,0.12204711350216257,0.505312523526308,0,5.55674,0.18522
519.7725310325623,31.0,30.882121312023685,23.613704524189814,1.0,0.11787868797631518,0.5082594907257159,0,5.55674,0.18522
519.8045690059662,31.0,30.881289500675678,23.61448787199754,1.0,0.11871049932432243,0.5112272532088239,0,5.55674,0.18522
519.8559670448303,31.0,30.88503901912179,23.612924135677133,1.0,0.11496098087820883,0.5141012777307791,0,5.55674,0.18522
519.8861525058746,31.0,30.88962374414882,23.610967266691773,1.0,0.11037625585117894,0.5168606841270585,0,5.55674,0.18522
519.9216043949127,31.0,30.891290693115252,23.61136041244157,1.0,0.108709306884748,0.5195784167991773,0,5.55674,0.18522
519.9537010192871,31.0,30.892541714585093,23.610577077742505,1.0,0.1074582854149071,0.5222648739345499,0,5.55674,0.18522
519.9859099388123,31.0,30.89545978748697,23.609796702286985,1.0,0.10454021251302947,0.5248783792473757,0,5.55674,0.18522
520.0361578464508,31.0,30.898793953036375,23.609403559825296,1.0,0.10120604696362534,0.5274085304214663,0,5.55674,0.18522
520.0796744823456,31.0,30.902544261363232,23.607059502000766,1.0,0.09745573863676782,0.5298449238873855,0,5.55674,0.18522
520.1096720695496,31.0,30.90379545232156,23.60744968361081,1.0,0.09620454767843967,0.5322500375793464,0,5.55674,0.18522
520.1412732601166,31.0,30.906713920631717,23.606276185316062,0.9967416691715413,0.09328607936828348,0.5345821895635535,0,5.55674,0.18522
520.1733198165894,31.0,30.909216447086123,23.605102694381173,0.983316363462221,0.09078355291387652,0.5368517783864004,0,5.55674,0.18522
520.2083425521851,31.0,30.912131954041968,23.6058860061533,0.9674823318822594,0.08786804595803233,0.5390484795353512,0,5.55674,0.18522
520.2533349990845,31.0,30.913802506888146,23.60393216667336,0.9586988898574349,0.08619749311185387,0.5412034168631475,0,5.55674,0.18522
520.302971124649,31.0,30.918804910624374,23.60197539174925,0.9313782057001732,0.08119508937562614,0.5432332940975382,0,5.55674,0.18522
520.3331468105316,31.0,30.919637097788893,23.60158522155109,0.9271460974085519,0.08036290221110676,0.5452423666528159,0,5.55674,0.18522
520.367723941803,31.0,30.92672678841575,23.600801927774057,0.8881300110425718,0.07327321158425093,0.5470741969424222,0,5.55674,0.18522
520.4184510707855,31.0,30.928810623348625,23.59923830584148,0.876960551408372,0.07118937665137537,0.5488539313587066,0,5.55674,0.18522
520.4549391269684,31.0,30.932565441531665,23.598848141344718,0.856428277442665,0.06743455846833513,0.550539795320415,0,5.55674,0.18522
520.5034453868866,31.0,30.936317276981754,23.598067814788408,0.8359152234510887,0.06368272301824618,0.5521318633958712,0,5.55674,0.18522
520.5409209728241,31.0,30.939236890017014,23.596501259920387,0.8200534338605533,0.06076310998298595,0.5536509411454458,0,5.55674,0.18522
520.586089849472,31.0,30.94382461084848,23.596501259920387,0.7948207821469767,0.05617538915151954,0.5550553258742338,0,5.55674,0.18522
520.6406054496765,31.0,30.95008071680587,23.594937673871357,0.7603686042111317,0.04991928319412864,0.556303307954087,0,5.55674,0.18522
520.6815776824951,31.0,30.953833345944872,23.594157363593922,0.7397700309040549,0.046166654055127765,0.5574574743054652,0,5.55674,0.18522
520.7188575267792,31.0,30.956337295677542,23.592593797089307,0.7261386374571073,0.04366270432245756,0.5585490419135266,0,5.55674,0.18522
520.7585206031799,31.0,30.958841321197212,23.59220069073683,0.7124351735966663,0.04115867880278756,0.5595780088835963,0,5.55674,0.18522
520.7933118343353,31.0,30.96467908564489,23.59142039184593,0.6801998237325548,0.0353209143551112,0.5604610317424741,0,5.55674,0.18522
520.8253536224365,31.0,30.966767030148503,23.588293317484215,0.6689119893257399,0.03323296985149682,0.5612918559887615,0,5.55674,0.18522
520.8649361133575,31.0,30.97010406605159,23.589466703174367,0.650447177064531,0.029895933948409947,0.5620392543374718,0,5.55674,0.18522
520.9077830314636,31.0,30.974277127568598,23.589466703174367,0.6273776689713048,0.02572287243140181,0.5626823261482569,0,5.55674,0.18522
520.9360585212708,31.0,30.97886679232721,23.588683460023162,0.60201213946279,0.021133207672789922,0.5632106563400766,0,5.55674,0.18522
520.9775865077972,31.0,30.980535537777428,23.588293317484215,0.5928495026371825,0.019464462222572365,0.5636972678956409,0,5.55674,0.18522
521.0124840736389,31.0,30.984289549650043,23.58711993912806,0.5721223860674329,0.015710450349956773,0.5640900291543898,0,5.55674,0.18522
521.0462124347687,31.0,30.987210856800118,23.586729799837997,0.5559686793103306,0.012789143199881892,0.5644097577343868,0,5.55674,0.18522
521.085508108139,31.0,30.99180124048587,23.586336705767053,0.5305192440376841,0.00819875951412996,0.5646147267222401,0,5.55674,0.18522
521.138356924057,31.0,30.995139288063285,23.585166295209547,0.5120531409190328,0.004860711936714779,0.564736244520658,0,5.55674,0.18522
521.1668016910553,31.0,31.00056626992972,23.585946568104134,0.481854157064508,-0.0005662699297204199,0.564722087772415,0,5.55674,0.18522
521.2118036746979,31.0,31.005154241274738,23.58438306999534,0.45641634698749933,-0.0051542412747380695,0.5645932317405465,0,5.55674,0.18522
521.2562279701233,31.0,31.008912529057397,23.58320971606736,0.43555145233785747,-0.008912529057397478,0.5643704185141116,0,5.55674,0.18522
521.2921814918518,31.0,31.01183470832666,23.58281958489829,0.41927887828001253,-0.011834708326659893,0.5640745508059452,0,5.55674,0.18522
521.3294448852539,31.0,31.016426462831703,23.582036369465982,0.3937278151174324,-0.016426462831702793,0.5636638892351525,0,5.55674,0.18522
521.3733115196228,31.0,31.01976550756632,23.581646240732596,0.375102104362786,-0.01976550756631923,0.5631697515459946,0,5.55674,0.18522
521.4201416969299,31.0,31.024357704165936,23.58086598569497,0.34951170708959733,-0.02435770416593641,0.5625608089418461,0,5.55674,0.18522
521.4529132843018,31.0,31.027280431377335,23.580082778402584,0.3331847349317061,-0.027280431377334935,0.5618787981574127,0,5.55674,0.18522
521.4899165630341,31.0,31.03187304715152,23.579302529853464,0.3075572082858144,-0.03187304715152095,0.5610819719786246,0,5.55674,0.18522
521.524011850357,31.0,31.035212718387697,23.579302529853464,0.2888364710484093,-0.03521271838769735,0.5602016540189322,0,5.55674,0.18522
521.5566279888153,31.0,31.038552525181615,23.579302529853464,0.27009951557652306,-0.03855252518161478,0.5592378408893918,0,5.55674,0.18522
521.6029007434845,31.0,31.045232545611384,23.57773908701074,0.23285114724446943,-0.04523254561138401,0.5581070272491072,0,5.55674,0.18522
521.6427478790283,31.0,31.04857275933159,23.57734601174309,0.21408569994338156,-0.04857275933159144,0.5568927082658174,0,5.55674,0.18522
521.6762578487396,31.0,31.054003264155938,23.576172701731025,0.18371993506738832,-0.054003264155937813,0.5555426266619189,0,5.55674,0.18522
521.7188940048218,31.0,31.055673532273318,23.575392469400697,0.17422092556146246,-0.055673532273317505,0.5541507883550859,0,5.55674,0.18522
521.7582998275757,31.0,31.058597372571626,23.57460928489826,0.15774275400350127,-0.05859737257162578,0.5526858540407953,0,5.55674,0.18522
521.7960722446442,31.0,31.06486219288547,23.573438947337877,0.12269048009327799,-0.0648621928854709,0.5510642992186585,0,5.55674,0.18522
521.8402304649353,31.0,31.067786360320667,23.572655770963365,0.10616794069588187,-0.06778636032066743,0.5493696402106418,0,5.55674,0.18522
521.8887364864349,31.0,31.071964374212143,23.571482490188657,0.08267877186597067,-0.07196437421214341,0.5475705308553382,0,5.55674,0.18522
521.922012090683,31.0,31.07739326781683,23.57109238333885,0.05217346783439586,-0.07739326781683076,0.5456356991599175,0,5.55674,0.18522
521.9593098163605,31.0,31.080317881778228,23.569529008691973,0.03563045069326476,-0.08031788177822818,0.5436277521154618,0,5.55674,0.18522
522.0227553844452,31.0,31.087418242460444,23.568745848576384,0.0,-0.08741824246044416,0.5414422960539507,0,5.55674,0.18522
522.0718204975128,31.0,31.091180293062678,23.567965647018752,0.0,-0.09118029306267772,0.5391627887273838,0,5.55674,0.18522
522.1032409667969,31.0,31.095359498825417,23.566792395454286,0.0,-0.09535949882541672,0.5367788012567484,0,5.55674,0.18522
522.1363401412964,31.0,31.095776483429404,23.566402298315154,0.0,-0.09577648342940392,0.5343843891710133,0,5.55674,0.18522
522.1800508499146,31.0,31.10037293162202,23.56561915119272,0.0,-0.10037293162201877,0.5318750658804628,0,5.55674,0.18522
522.2277822494507,31.0,31.10287818345563,23.564838962577255,0.0,-0.10287818345562982,0.5293031112940721,0,5.55674,0.18522
522.2594690322876,31.0,31.106223904090484,23.564445914232465,0.0,-0.10622390409048421,0.5266475136918101,0,5.55674,0.18522
522.2934777736664,31.0,31.109983658868828,23.563665730471257,0.0,-0.10998365886882766,0.5238979222200894,0,5.55674,0.18522
522.3260474205017,31.0,31.114997987120603,23.562882594714324,0.0,-0.11499798712060283,0.5210229725420743,0,5.55674,0.18522
522.3660309314728,31.0,31.115835318244308,23.563275639800963,0.0,-0.11583531824430793,0.5181270895859666,0,5.55674,0.18522
522.4213671684265,31.0,31.121267119551476,23.56249250566367,0.0,-0.12126711955147584,0.5150954115971798,0,5.55674,0.18522
522.4761390686035,31.0,31.123776171078987,23.5617123299823,0.0,-0.12377617107898686,0.512001007320205,0,5.55674,0.18522
522.5061807632446,31.0,31.12670244176286,23.5617123299823,0.0,-0.12670244176285905,0.5088334462761336,0,5.55674,0.18522
522.5361547470093,31.0,31.13004597641344,23.561319288152845,0.0,-0.13004597641344162,0.5055822968657976,0,5.55674,0.18522
522.5767922401428,31.0,31.133389647822185,23.559755994543934,0.0,-0.13338964782218454,0.5022475556702429,0,5.55674,0.18522
522.6210515499115,31.0,31.132134964918293,23.56014607793702,0.0,-0.13213496491829346,0.4989441815472856,0,5.55674,0.18522
522.6663463115692,31.0,31.138405411449696,23.55897583017645,0.0,-0.1384054114496962,0.4954840462610432,0,5.55674,0.18522
522.7002229690552,31.0,31.14049777437151,23.55858279404606,0.0,-0.1404977743715108,0.49197160190175543,0,5.55674,0.18522
522.7364437580109,31.0,31.140914989096586,23.55858279404606,0.0,-0.1409149890965864,0.4884487271743408,0,5.55674,0.18522
522.7892513275146,31.0,31.146348457273632,23.557412555976725,0.0,-0.146348457273632,0.48479001574249997,0,5.55674,0.18522
522.8203473091125,31.0,31.148023770523537,23.557019523100735,0.0,-0.14802377052353677,0.4810894214794115,0,5.55674,0.18522
522.8500225543976,31.0,31.147186109601932,23.55623937004094,0.0,-0.14718610960193246,0.4774097687393632,0,5.55674,0.18522
522.8942489624023,31.0,31.150947748646274,23.555456265097007,0.0,-0.15094774864627425,0.4736360750232063,0,5.55674,0.18522
522.9460301399231,31.0,31.153457711783744,23.55584633960666,0.0,-0.15345771178374434,0.4697996322286127,0,5.55674,0.18522
522.9863848686218,31.0,31.15429543706341,23.55584633960666,0.0,-0.15429543706341065,0.46594224630202746,0,5.55674,0.18522
523.0255630016327,31.0,31.156385045897707,23.555456265097007,0.0,-0.1563850458977072,0.4620326201545848,0,5.55674,0.18522
523.0778121948242,31.0,31.158474708243318,23.555066191392882,0.0,-0.15847470824331822,0.4580707524485018,0,5.55674,0.18522
523.1262373924255,31.0,31.160567585597107,23.55584633960666,0.0,-0.16056758559710715,0.45405656280857415,0,5.55674,0.18522
523.1663856506348,31.0,31.163912507111547,23.555456265097007,0.0,-0.16391250711154726,0.44995875013078546,0,5.55674,0.18522
523.2003321647644,31.0,31.165585019311663,23.55623937004094,0.0,-0.16558501931166347,0.4458191246479939,0,5.55674,0.18522
523.2362582683563,31.0,31.163492013220605,23.55662944616796,0.0,-0.1634920132206048,0.44173182431747876,0,5.55674,0.18522
523.2785727977753,31.0,31.163912507111547,23.55584633960666,0.0,-0.16391250711154726,0.43763401163969007,0,5.55674,0.18522
523.326254606247,31.0,31.16851278865363,23.55623937004094,0.0,-0.1685127886536293,0.4334211919233493,0,5.55674,0.18522
523.3577823638916,31.0,31.166840216404808,23.55584633960666,0.0,-0.1668402164048075,0.42925018651322916,0,5.55674,0.18522
523.3860249519348,31.0,31.16767491735942,23.555456265097007,0.0,-0.1676749173594203,0.4250583135792437,0,5.55674,0.18522
523.4425172805786,31.0,31.166840216404808,23.55623937004094,0.0,-0.1668402164048075,0.4208873081691235,0,5.55674,0.18522
523.4709978103638,31.0,31.16851278865363,23.55662944616796,0.0,-0.1685127886536293,0.41667448845278277,0,5.55674,0.18522
523.5082981586456,31.0,31.16767491735942,23.557019523100735,0.0,-0.1676749173594203,0.4124826155187973,0,5.55674,0.18522
523.5419194698334,31.0,31.169347506731015,23.55623937004094,0.0,-0.16934750673101462,0.4082489278505219,0,5.55674,0.18522
523.5763292312622,31.0,31.170185395214105,23.55662944616796,0.0,-0.17018539521410503,0.4039942929701693,0,5.55674,0.18522
523.6101772785187,31.0,31.16851278865363,23.557412555976725,0.0,-0.1685127886536293,0.39978147325382857,0,5.55674,0.18522
523.650731086731,31.0,31.169347506731015,23.557019523100735,0.0,-0.16934750673101462,0.3955477855855532,0,5.55674,0.18522
523.6861703395844,31.0,31.169347506731015,23.557802634527263,0.0,-0.16934750673101462,0.39131409791727784,0,5.55674,0.18522
523.7243430614471,31.0,31.16767491735942,23.55819271388367,0.0,-0.1676749173594203,0.38712222498329235,0,5.55674,0.18522
523.7612769603729,31.0,31.169347506731015,23.557802634527263,0.0,-0.16934750673101462,0.382888537315017,0,5.55674,0.18522
523.7957789897919,31.0,31.17060276174709,23.55858279404606,0.0,-0.17060276174709088,0.3786234682713397,0,5.55674,0.18522
523.8321104049683,31.0,31.17060276174709,23.559755994543934,0.0,-0.17060276174709088,0.3743583992276624,0,5.55674,0.18522
523.8661608695984,31.0,31.169768030817806,23.55897583017645,0.0,-0.16976803081780645,0.3701141984572172,0,5.55674,0.18522
523.9152402877808,31.0,31.16641970741796,23.56053911732272,0.0,-0.1664197074179583,0.3659537057717683,0,5.55674,0.18522
523.9464998245239,31.0,31.168930146624064,23.561319288152845,0.0,-0.16893014662406358,0.36173045210616667,0,5.55674,0.18522
523.9860203266144,31.0,31.166002362296865,23.562102417419737,0.0,-0.16600236229686516,0.35758039304874506,0,5.55674,0.18522
524.0265307426453,31.0,31.166002362296865,23.5617123299823,0.0,-0.16600236229686516,0.35343033399132345,0,5.55674,0.18522
524.0763146877289,31.0,31.165585019311663,23.563275639800963,0.0,-0.16558501931166347,0.3492907085085319,0,5.55674,0.18522
524.1062593460083,31.0,31.164747178099788,23.563665730471257,0.0,-0.16474717809978756,0.3451720290560372,0,5.55674,0.18522
524.1426162719727,31.0,31.163074683081277,23.563665730471257,0.0,-0.16307468308127682,0.3410951619790053,0,5.55674,0.18522
524.1750259399414,31.0,31.162657355077272,23.56249250566367,0.0,-0.16265735507727186,0.3370287281020735,0,5.55674,0.18522
524.2238137722015,31.0,31.163492013220605,23.562882594714324,0.0,-0.1634920132206048,0.3329414277715584,0,5.55674,0.18522
524.2516961097717,31.0,31.162240029208533,23.562882594714324,0.0,-0.1622400292085331,0.32888542704134505,0,5.55674,0.18522
524.2863128185272,31.0,31.160147108948877,23.562882594714324,0.0,-0.16014710894887685,0.32488174931762315,0,5.55674,0.18522
524.3265073299408,31.0,31.15805740377067,23.56249250566367,0.0,-0.15805740377066968,0.3209303142233564,0,5.55674,0.18522
524.3603746891022,31.0,31.156802341817468,23.562102417419737,0.0,-0.15680234181746755,0.3170102556779197,0,5.55674,0.18522
524.3945279121399,31.0,31.155967752111962,23.5617123299823,0.0,-0.15596775211196245,0.3131110618751206,0,5.55674,0.18522
524.4298272132874,31.0,31.156385045897707,23.56092920233459,0.0,-0.1563850458977072,0.30920143572767794,0,5.55674,0.18522
524.4766600131989,31.0,31.153040432965895,23.56092920233459,0.0,-0.15304043296589498,0.3053754249035306,0,5.55674,0.18522
524.5239081382751,31.0,31.14844102369858,23.56092920233459,0.0,-0.14844102369858092,0.3016643993110661,0,5.55674,0.18522
524.5554490089417,31.0,31.147603358496212,23.55897583017645,0.0,-0.14760335849621242,0.29797431534866076,0,5.55674,0.18522
524.6061882972717,31.0,31.146768862839735,23.55897583017645,0.0,-0.14676886283973545,0.2943050937776674,0,5.55674,0.18522
524.6415619850159,31.0,31.145513974441712,23.557802634527263,0.0,-0.14551397444171243,0.29066724441662456,0,5.55674,0.18522
524.6761202812195,31.0,31.143424643844526,23.55662944616796,0.0,-0.1434246438445257,0.28708162832051143,0,5.55674,0.18522
524.7243344783783,31.0,31.142169806831816,23.55623937004094,0.0,-0.14216980683181646,0.28352738314971604,0,5.55674,0.18522
524.7735097408295,31.0,31.139242982319956,23.555456265097007,0.0,-0.13924298231995635,0.28004630859171714,0,5.55674,0.18522
524.8191773891449,31.0,31.13631626265959,23.554676118494285,0.0,-0.13631626265959085,0.2766384020252274,0,5.55674,0.18522
524.858904838562,31.0,31.133806826253476,23.554676118494285,0.0,-0.13380682625347617,0.2732932313688905,0,5.55674,0.18522
524.8961517810822,31.0,31.133389647822185,23.5535029495544,0.0,-0.13338964782218454,0.2699584901733359,0,5.55674,0.18522
524.9427216053009,31.0,31.129628817176297,23.55389302003084,0.0,-0.1296288171762967,0.26671776974392847,0,5.55674,0.18522
524.9734449386597,31.0,31.128374191996045,23.55389302003084,0.0,-0.12837419199604483,0.2635084149440273,0,5.55674,0.18522
525.0111660957336,31.0,31.125864999391865,23.554283091312584,0.0,-0.12586499939186524,0.2603617899592307,0,5.55674,0.18522
525.0460147857666,31.0,31.123776171078987,23.5531128798832,0.0,-0.12377617107898686,0.25726738568225604,0,5.55674,0.18522
525.0801603794098,31.0,31.122521635694056,23.554283091312584,0.0,-0.12252163569405639,0.2542043447899046,0,5.55674,0.18522
525.1161289215088,31.0,31.120012622649085,23.554676118494285,0.0,-0.12001262264908519,0.25120402922367746,0,5.55674,0.18522
525.1678206920624,31.0,31.11708975109343,23.554676118494285,0.0,-0.117089751093431,0.24827678544634169,0,5.55674,0.18522
525.2098896503448,31.0,31.112909436258747,23.554676118494285,0.0,-0.11290943625874661,0.24545404953987301,0,5.55674,0.18522
525.2588677406311,31.0,31.109566601925337,23.555066191392882,0.0,-0.10956660192533718,0.24271488449173959,0,5.55674,0.18522
525.3002648353577,31.0,31.107057986046073,23.55584633960666,0.0,-0.10705798604607253,0.24003843484058776,0,5.55674,0.18522
525.3478517532349,31.0,31.104132417762173,23.55623937004094,0.0,-0.10413241776217319,0.23743512439653344,0,5.55674,0.18522
525.3956983089447,31.0,31.097030609004264,23.55662944616796,0.0,-0.09703060900426408,0.23500935917142685,0,5.55674,0.18522
525.4364721775055,31.0,31.09744760211288,23.557802634527263,0.0,-0.0974476021128794,0.23257316911860487,0,5.55674,0.18522
525.4791264533997,31.0,31.091597256402736,23.55897583017645,0.0,-0.09159725640273564,0.23028323770853648,0,5.55674,0.18522
525.5261409282684,31.0,31.08950930217162,23.55897583017645,0.0,-0.08950930217162067,0.22804550515424596,0,5.55674,0.18522
525.5751745700836,31.0,31.086584360411678,23.561319288152845,0.0,-0.08658436041167761,0.225880896143954,0,5.55674,0.18522
525.6027145385742,31.0,31.081571770887308,23.561319288152845,0.0,-0.08157177088730805,0.22384160187177132,0,5.55674,0.18522
525.6435375213623,31.0,31.080734789883934,23.56092920233459,0.0,-0.0807347898839339,0.22182323212467298,0,5.55674,0.18522
525.6918070316315,31.0,31.073635007693042,23.562882594714324,0.013160860964327947,-0.0736350076930421,0.2199823569323469,0,5.55674,0.18522
525.7257573604584,31.0,31.073635007693042,23.563665730471257,0.012779712647304209,-0.0736350076930421,0.21814148174002085,0,5.55674,0.18522
525.7695019245148,31.0,31.0682032047647,23.564445914232465,0.04260698435984556,-0.06820320476469988,0.21643640162090336,0,5.55674,0.18522
525.801953792572,31.0,31.066115845868353,23.564445914232465,0.053899745609238325,-0.06611584586835306,0.21478350547419453,0,5.55674,0.18522
525.8352613449097,31.0,31.064445365403174,23.565229056481485,0.06284357521782086,-0.06444536540317358,0.21317237133911518,0,5.55674,0.18522
525.8837354183197,31.0,31.06110450641296,23.56561915119272,0.08110490046500485,-0.061104506412959836,0.21164475867879118,0,5.55674,0.18522
525.9224119186401,31.0,31.055673532273318,23.566402298315154,0.11098543341748301,-0.055673532273317505,0.21025292037195825,0,5.55674,0.18522
525.9587528705597,31.0,31.055256751416607,23.566792395454286,0.11302549464204276,-0.05525675141660713,0.20887150158654308,0,5.55674,0.18522
526.0077188014984,31.0,31.048992663475588,23.566792395454286,0.14760654213920044,-0.048992663475587506,0.20764668499965339,0,5.55674,0.18522
526.0397861003876,31.0,31.04732253112178,23.568355747393753,0.15658769338532522,-0.047322531121778866,0.20646362172160893,0,5.55674,0.18522
526.0736269950867,31.0,31.044399091886476,23.568355747393753,0.17262689512672386,-0.04439909188647562,0.20535364442444703,0,5.55674,0.18522
526.1111032962799,31.0,31.040222479425893,23.567965647018752,0.1956690098717112,-0.04022247942589274,0.2043480824387997,0,5.55674,0.18522
526.150557756424,31.0,31.03688260483733,23.568355747393753,0.21403702427950827,-0.036882604837330746,0.20342601731786644,0,5.55674,0.18522
526.1929705142975,31.0,31.033542865827542,23.568355747393753,0.2324397653845482,-0.033542865827541846,0.2025874456721779,0,5.55674,0.18522
526.2230937480927,31.0,31.03061991625856,23.569138905887826,0.24849986806975874,-0.030619916258558533,0.20182194776571394,0,5.55674,0.18522
526.2584235668182,31.0,31.024774328486274,23.568745848576384,0.2808877290667884,-0.02477432848627359,0.2012025895535571,0,5.55674,0.18522
526.2919149398804,31.0,31.024357704165936,23.56991911230392,0.28302981550190237,-0.02435770416593641,0.2005936469494087,0,5.55674,0.18522
526.3254985809326,31.0,31.019348908583936,23.56991911230392,0.31077279514302936,-0.01934890858393601,0.2001099242348103,0,5.55674,0.18522
526.3664257526398,31.0,31.016426462831703,23.570309216723672,0.3269159879968725,-0.016426462831702793,0.19969926266401775,0,5.55674,0.18522
526.400593996048,31.0,31.01350412074021,23.570702277297073,0.3430719850645919,-0.013504120740208236,0.19936165964551253,0,5.55674,0.18522
526.4461443424225,31.0,31.00807628731667,23.570702277297073,0.3731956469140889,-0.008076287316669095,0.1991597524625958,0,5.55674,0.18522
526.4927005767822,31.0,31.00640698483261,23.572265661682934,0.38236164456211064,-0.006406984832608487,0.19899957784178057,0,5.55674,0.18522
526.5351130962372,31.0,31.000982773988312,23.571482490188657,0.41253820644161876,-0.0009827739883121467,0.19897500849207278,0,5.55674,0.18522
526.5830392837524,31.0,30.99639187951209,23.572655770963365,0.438005121699148,0.0036081204879110373,0.19906521150427056,0,5.55674,0.18522
526.6108701229095,31.0,30.993053781263313,23.572655770963365,0.4565862302279097,0.00694621873668666,0.19923886697268772,0,5.55674,0.18522
526.6482074260712,31.0,30.989715818039997,23.57304588105211,0.4751620289838605,0.010284181960003025,0.1994959715216878,0,5.55674,0.18522
526.6951596736908,31.0,30.987627293451055,23.574219171569553,0.4867645093098091,0.012372706548944734,0.1998052891854114,0,5.55674,0.18522
526.7324228286743,31.0,30.982620728345296,23.575392469400697,0.5146049646216472,0.017379271654704098,0.200239770976779,0,5.55674,0.18522
526.7676875591278,31.0,30.979699583573904,23.575002354448714,0.5309510238565635,0.020300416426096035,0.2007472813874314,0,5.55674,0.18522
526.8021304607391,31.0,30.978030855012037,23.57656577454719,0.5402452262049549,0.02196914498796332,0.20129651001213048,0,5.55674,0.18522
526.8609185218811,31.0,30.970936768981403,23.57734601174309,0.5797597624125712,0.02906323101859698,0.2020230907875954,0,5.55674,0.18522
526.8919472694397,31.0,30.968851873272286,23.57851932907323,0.5914290162042676,0.031148126727714498,0.20280179395578826,0,5.55674,0.18522
526.9235172271729,31.0,30.963846445745276,23.579302529853464,0.6193700998435412,0.03615355425472444,0.20370563281215637,0,5.55674,0.18522
526.9644384384155,31.0,30.962594347740662,23.580082778402584,0.6264608565064893,0.037405652259337785,0.20464077411863982,0,5.55674,0.18522
527.0107707977295,31.0,30.955921016666593,23.581646240732596,0.6636667112581589,0.04407898333340654,0.20574274870197498,0,5.55674,0.18522
527.0411396026611,31.0,30.95425276800961,23.582429454539124,0.6731083824395985,0.04574723199038999,0.20688642950173472,0,5.55674,0.18522
527.070517539978,31.0,30.950496966437584,23.58281958489829,0.6941876021136637,0.049503033562416476,0.20812400534079514,0,5.55674,0.18522
527.1096382141113,31.0,30.948412585877122,23.58399293639002,0.7059486357257245,0.05158741412287782,0.2094136906938671,0,5.55674,0.18522
527.1453061103821,31.0,30.94424082902475,23.58399293639002,0.7293881967387764,0.05575917097525007,0.21080766996824835,0,5.55674,0.18522
527.1762700080872,31.0,30.94340839476439,23.585166295209547,0.7342156617981825,0.05659160523561013,0.2122224600991386,0,5.55674,0.18522
527.2251586914062,31.0,30.936317276981754,23.586336705767053,0.773853990624552,0.06368272301824618,0.21381452817459473,0,5.55674,0.18522
527.2762882709503,31.0,30.93339776683365,23.587510079228707,0.7903251472137882,0.06660223316634983,0.21547958400375347,0,5.55674,0.18522
527.3202996253967,31.0,30.929646063562245,23.588293317484215,0.8114579740798749,0.07035393643775478,0.21723843241469734,0,5.55674,0.18522
527.350183725357,31.0,30.92714292070667,23.588683460023162,0.8256846352417093,0.0728570792933283,0.21905985939703054,0,5.55674,0.18522
527.3859777450562,31.0,30.923807616063982,23.58985684815218,0.8445106601713718,0.0761923839360179,0.220964668995431,0,5.55674,0.18522
527.4241049289703,31.0,30.921723906869488,23.58985684815218,0.8564517478500256,0.07827609313051198,0.22292157132369378,0,5.55674,0.18522
527.457622051239,31.0,30.916718174980247,23.590246993941093,0.8846329172171394,0.08328182501975334,0.2250036169491876,0,5.55674,0.18522
527.5034749507904,31.0,30.914218574337724,23.590637140541048,0.8988997411995235,0.08578142566227598,0.2271481525907445,0,5.55674,0.18522
527.5375595092773,31.0,30.91129984215297,23.591030243617467,0.9155089336852938,0.088700157847029,0.22936565653692023,0,5.55674,0.18522
527.5732500553131,31.0,30.90754598654678,23.59142039184593,0.9367762237287067,0.0924540134532208,0.23167700687325074,0,5.55674,0.18522
527.6072533130646,31.0,30.905878711338744,23.592983948569497,0.9463964436589956,0.09412128866125613,0.23403003908978215,0,5.55674,0.18522
527.6397569179535,31.0,30.90379545232156,23.59220069073683,0.9584582352055722,0.09620454767843967,0.23643515278174315,0,5.55674,0.18522
527.6715788841248,31.0,30.902128252424745,23.592983948569497,0.9681354390099398,0.09787174757525463,0.2388819464711245,0,5.55674,0.18522
527.7084431648254,31.0,30.89837796288242,23.591810540885717,0.989505589391924,0.10162203711757911,0.241422497399064,0,5.55674,0.18522
527.7582330703735,31.0,30.894624691361855,23.592593797089307,1.0,0.10537530863814482,0.2440568801150176,0,5.55674,0.18522
527.7877147197723,31.0,30.893373638532807,23.592593797089307,1.0,0.10662636146719251,0.24672253915169742,0,5.55674,0.18522
527.8284759521484,31.0,30.89045563888675,23.592593797089307,1.0,0.10954436111325094,0.2494611481795287,0,5.55674,0.18522
527.8706548213959,31.0,30.88754089270782,23.592983948569497,1.0,0.11245910729218167,0.25227262586183324,0,5.55674,0.18522
527.9283120632172,31.0,30.88378811056066,23.592593797089307,1.0,0.11621188943934158,0.2551779230978168,0,5.55674,0.18522
527.9832942485809,31.0,30.881289500675678,23.59220069073683,1.0,0.11871049932432243,0.2581456855809248,0,5.55674,0.18522
528.0193469524384,31.0,30.881705405309674,23.59220069073683,1.0,0.118294594690326,0.261103050448183,0,5.55674,0.18522
528.052761554718,31.0,30.87628620489528,23.592593797089307,1.0,0.12371379510472025,0.264195895325801,0,5.55674,0.18522
528.0918953418732,31.0,30.87587032735678,23.59220069073683,1.0,0.12412967264322106,0.2672991371418815,0,5.55674,0.18522
528.1364476680756,31.0,30.871702215029472,23.59220069073683,1.0,0.12829778497052757,0.2705065817661447,0,5.55674,0.18522
528.1676516532898,31.0,30.870035658624715,23.592593797089307,1.0,0.12996434137528468,0.2737556903005268,0,5.55674,0.18522
528.2006597518921,31.0,30.870035658624715,23.592983948569497,1.0,0.12996434137528468,0.2770047988349089,0,5.55674,0.18522
528.2361748218536,31.0,30.865870988693075,23.593374100861183,1.0,0.1341290113069249,0.28035802411758204,0,5.55674,0.18522
528.268458366394,31.0,30.86420139888895,23.59220069073683,1.0,0.13579860111104836,0.28375298914535824,0,5.55674,0.18522
528.3291819095612,31.0,30.862119183799223,23.594157363593922,1.0,0.1378808162007772,0.28720000955037767,0,5.55674,0.18522
528.3573617935181,31.0,30.861703377037657,23.59454751832675,1.0,0.13829662296234346,0.29065742512443626,0,5.55674,0.18522
528.3885927200317,31.0,30.860452819213037,23.59454751832675,1.0,0.1395471807869626,0.29414610464411034,0,5.55674,0.18522
528.4264528751373,31.0,30.857535973935512,23.59454751832675,1.0,0.14246402606448783,0.29770770529572255,0,5.55674,0.18522
528.4760432243347,31.0,30.8567044082468,23.595720943135404,1.0,0.14329559175320128,0.30129009508955257,0,5.55674,0.18522
528.5192084312439,31.0,30.857535973935512,23.596501259920387,1.0,0.14246402606448783,0.3048516957411648,0,5.55674,0.18522
528.5477170944214,31.0,30.85545392546976,23.59689437528874,1.0,0.14454607453023982,0.3084653476044208,0,5.55674,0.18522
528.582435131073,31.0,30.8537876942097,23.59689437528874,1.0,0.14621230579029998,0.3121206552491783,0,5.55674,0.18522
528.6131975650787,31.0,30.8537876942097,23.59767469695879,1.0,0.14621230579029998,0.31577596289393584,0,5.55674,0.18522
528.645809173584,31.0,30.851702589739148,23.598067814788408,1.0,0.1482974102608523,0.3194833981504571,0,5.55674,0.18522
528.6953272819519,31.0,30.85045533163975,23.600801927774057,1.0,0.1495446683602495,0.32322201485946334,0,5.55674,0.18522
528.7461123466492,31.0,30.850036433485513,23.600021593079816,1.0,0.1499635665144865,0.3269711040223255,0,5.55674,0.18522
528.7826380729675,31.0,30.849620687023105,23.60119505216585,1.0,0.1503793129768951,0.3307305868467479,0,5.55674,0.18522
528.8148982524872,31.0,30.849204942634458,23.60197539174925,1.0,0.1507950573655421,0.33450046328088645,0,5.55674,0.18522
528.8668613433838,31.0,30.84878920031946,23.60158522155109,1.0,0.15121079968054119,0.3382807332729,0,5.55674,0.18522
528.8973701000214,31.0,30.8483703105386,23.602758690434825,1.0,0.15162968946140154,0.342071475509435,0,5.55674,0.18522
528.9334478378296,31.0,30.849620687023105,23.603148863078218,1.0,0.1503793129768951,0.3458309583338574,0,5.55674,0.18522
528.9654595851898,31.0,30.850036433485513,23.60393216667336,1.0,0.1499635665144865,0.34958004749671956,0,5.55674,0.18522
528.9998278617859,31.0,30.8479545723863,23.60393216667336,1.0,0.1520454276137002,0.3533811831870621,0,5.55674,0.18522
529.0344927310944,31.0,30.84878920031946,23.60432234176261,1.0,0.15121079968054119,0.3571614531790756,0,5.55674,0.18522
529.0661909580231,31.0,30.845872763279317,23.60393216667336,1.0,0.15412723672068296,0.36101463409709267,0,5.55674,0.18522
529.0980265140533,31.0,30.8479545723863,23.604712517665178,1.0,0.1520454276137002,0.3648157697874352,0,5.55674,0.18522
529.1303327083588,31.0,30.84711995280975,23.605102694381173,1.0,0.1528800471902514,0.36863777096719147,0,5.55674,0.18522
529.1629567146301,31.0,30.84753883630748,23.605102694381173,1.0,0.1524611636925215,0.3724493000595045,0,5.55674,0.18522
529.1951076984406,31.0,30.8479545723863,23.6058860061533,1.0,0.1520454276137002,0.376250435749847,0,5.55674,0.18522
529.23899102211,31.0,30.849204942634458,23.606666365292426,1.0,0.1507950573655421,0.3800203121839856,0,5.55674,0.18522
529.2832486629486,31.0,30.850036433485513,23.606666365292426,1.0,0.1499635665144865,0.3837694013468477,0,5.55674,0.18522
529.3161418437958,31.0,30.850036433485513,23.607059502000766,1.0,0.1499635665144865,0.3875184905097099,0,5.55674,0.18522
529.3501737117767,31.0,30.85087108226554,23.60744968361081,1.0,0.14912891773445835,0.3912467134530713,0,5.55674,0.18522
529.3915083408356,31.0,30.85128683496532,23.609013374139238,1.0,0.14871316503467824,0.39496454257893826,0,5.55674,0.18522
529.433660030365,31.0,30.854619230786852,23.609403559825296,1.0,0.1453807692131477,0.39859906180926696,0,5.55674,0.18522
529.4756293296814,31.0,30.8537876942097,23.610967266691773,1.0,0.14621230579029998,0.4022543694540245,0,5.55674,0.18522
529.5679821968079,31.0,30.857120190053536,23.612924135677133,1.0,0.14287980994646432,0.40582636470268607,0,5.55674,0.18522
529.5997121334076,31.0,30.85795175989267,23.613704524189814,1.0,0.14204824010732864,0.4093775707053693,0,5.55674,0.18522
529.6518425941467,31.0,30.860037020771074,23.616441821788214,1.0,0.1399629792289261,0.41287664518609246,0,5.55674,0.18522
529.6937501430511,31.0,30.861287572352182,23.616832022984795,1.0,0.13871242764781755,0.4163444558772879,0,5.55674,0.18522
529.7342908382416,31.0,30.862119183799223,23.616832022984795,1.0,0.1378808162007772,0.41979147628230734,0,5.55674,0.18522
529.787445306778,31.0,30.865452013010668,23.617615383909197,1.0,0.13454798698933246,0.42315517595704066,0,5.55674,0.18522
529.8363988399506,31.0,30.869203968099725,23.61839874812017,1.0,0.13079603190027456,0.42642507675454755,0,5.55674,0.18522
529.8737721443176,31.0,30.86961981232338,23.618005587558173,1.0,0.13038018767662152,0.4296845814464631,0,5.55674,0.18522
529.915360212326,31.0,30.8725370809737,23.618005587558173,1.0,0.12746291902629991,0.4328711544221206,0,5.55674,0.18522
529.9709272384644,31.0,30.874619556681864,23.617615383909197,1.0,0.1253804433181358,0.43600566550507397,0,5.55674,0.18522
530.0081024169922,31.0,30.877537000627342,23.618005587558173,1.0,0.12246299937265803,0.43906724048939044,0,5.55674,0.18522
530.0638339519501,31.0,30.879619601494653,23.617615383909197,1.0,0.12038039850534688,0.4420767504520241,0,5.55674,0.18522
530.1046137809753,31.0,30.881289500675678,23.616832022984795,1.0,0.11871049932432243,0.44504451293513214,0,5.55674,0.18522
530.1516354084015,31.0,30.88628994650344,23.616441821788214,1.0,0.11371005349656116,0.44788726427254616,0,5.55674,0.18522
530.1855201721191,31.0,30.885454942510194,23.614878069112194,1.0,0.11454505748980637,0.4507508907097913,0,5.55674,0.18522
530.2239854335785,31.0,30.88754089270782,23.615268267041813,1.0,0.11245910729218167,0.45356236839209585,0,5.55674,0.18522
530.2652344703674,31.0,30.89170664778618,23.616051621406882,1.0,0.10829335221382053,0.45626970219744134,0,5.55674,0.18522
530.307030916214,31.0,30.892541714585093,23.615661421840798,1.0,0.1074582854149071,0.45895615933281403,0,5.55674,0.18522
530.3445498943329,31.0,30.89545978748697,23.615661421840798,1.0,0.10454021251302947,0.46156966464563975,0,5.55674,0.18522
530.3834505081177,31.0,30.89754283742309,23.615661421840798,1.0,0.10245716257691129,0.46413109371006256,0,5.55674,0.18522
530.4380557537079,31.0,30.902128252424745,23.614878069112194,1.0,0.09787174757525463,0.46657788739944395,0,5.55674,0.18522
530.4957301616669,31.0,30.90879725288562,23.615661421840798,0.9725101498517408,0.09120274711438014,0.46885795607730346,0,5.55674,0.18522
530.5526959896088,31.0,30.911715897054535,23.616051621406882,0.9566807820901722,0.08828410294546529,0.4710650586509401,0,5.55674,0.18522
530.6166098117828,31.0,30.915469941286347,23.616832022984795,0.9361719096547172,0.08453005871365349,0.4731783101187815,0,5.55674,0.18522
530.6502177715302,31.0,30.918804910624374,23.615661421840798,0.9180763876254134,0.08119508937562614,0.4752081873531721,0,5.55674,0.18522
530.6935300827026,31.0,30.920472445574603,23.618005587558173,0.9090583065006667,0.07952755442539683,0.477196376213807,0,5.55674,0.18522
530.7336413860321,31.0,30.925475251613534,23.618005587558173,0.8816041009193014,0.07452474838646594,0.47905949492346867,0,5.55674,0.18522
530.777349948883,31.0,30.929226766100612,23.619962530281782,0.8609852182397979,0.07077323389938783,0.48082882577095337,0,5.55674,0.18522
530.8172647953033,31.0,30.9308976633381,23.619962530281782,0.8520204550942685,0.06910233666189924,0.48255638418750085,0,5.55674,0.18522
530.8568134307861,31.0,30.935484922351975,23.621916537371987,0.8267287296029588,0.064515077648025,0.48416926112870146,0,5.55674,0.18522
530.8982517719269,31.0,30.93882069698867,23.6207429482086,0.8085362029499557,0.06117930301132901,0.4856987437039847,0,5.55674,0.18522
530.9421124458313,31.0,30.941740398267143,23.6234803490147,0.7924415015986864,0.058259601732856936,0.4871552337473061,0,5.55674,0.18522
530.9942383766174,31.0,30.94924507045596,23.624653955400447,0.7509147943386925,0.05075492954404126,0.48842410698590716,0,5.55674,0.18522
531.037031173706,31.0,30.954669038627173,23.625044173769425,0.7209650969937862,0.04533096137282655,0.48955738102022783,0,5.55674,0.18522
531.081648349762,31.0,30.957589298962887,23.626608011640087,0.7048541143655134,0.042410701037113085,0.49061764854615564,0,5.55674,0.18522
531.1183693408966,31.0,30.960090208602765,23.626998234099176,0.6911219903466006,0.039909791397235495,0.4916153933310865,0,5.55674,0.18522
531.1614117622375,31.0,30.96301066033851,23.629345498554017,0.6749446442084841,0.03698933966148843,0.4925401268226237,0,5.55674,0.18522
531.2005505561829,31.0,30.968851873272286,23.630909372520648,0.6425505342381,0.031148126727714498,0.49331882999081655,0,5.55674,0.18522
531.2422738075256,31.0,30.971356277802045,23.632083025691202,0.6287066259438243,0.028643722197955412,0.49403492304576546,0,5.55674,0.18522
531.2860732078552,31.0,30.977614466750936,23.632863494363164,0.5939951087255366,0.022385533249064338,0.4945945613769921,0,5.55674,0.18522
531.3375279903412,31.0,30.980951940764044,23.635210832738835,0.5754173973261503,0.019048059235956316,0.495070762857891,0,5.55674,0.18522
531.3988547325134,31.0,30.988463327918225,23.63599427090162,0.5336917955012471,0.011536672081774668,0.49535917965993537,0,5.55674,0.18522
531.4520363807678,31.0,30.993053781263313,23.637558200721458,0.5081357615670086,0.00694621873668666,0.49553283512835256,0,5.55674,0.18522
531.5164265632629,31.0,30.998893964203603,23.63990264188584,0.4755682154752274,0.001106035796397009,0.49556048602326247,0,5.55674,0.18522
531.5754253864288,31.0,31.00473771614702,23.64185981465056,0.44297364797536753,-0.004737716147019455,0.495442043119587,0,5.55674,0.18522
531.6460697650909,31.0,31.012667832411637,23.6438140515221,0.39874912662982753,-0.012667832411636937,0.4951253473092961,0,5.55674,0.18522
531.6965763568878,31.0,31.017259633344963,23.644597525933307,0.37311356318967426,-0.017259633344963277,0.494693856475672,0,5.55674,0.18522
531.7518191337585,31.0,31.023521305644238,23.64694205589126,0.3380898688568549,-0.0235213056442376,0.494105823834566,0,5.55674,0.18522
531.7821114063263,31.0,31.027280431377335,23.647725543496506,0.31703486302656864,-0.027280431377334935,0.49342381305013266,0,5.55674,0.18522
531.8186867237091,31.0,31.030203262354405,23.64850607783211,0.3006135470774812,-0.03020326235440507,0.49266873149127255,0,5.55674,0.18522
531.8677327632904,31.0,31.03604607903344,23.649679842083003,0.267919398632886,-0.03604607903344004,0.49176757951543654,0,5.55674,0.18522
531.9052231311798,31.0,31.040222479425893,23.651243887091027,0.24444572873571502,-0.04022247942589274,0.4907620175297892,0,5.55674,0.18522
531.986266374588,31.0,31.048992663475588,23.65280794528229,0.1954049864253483,-0.048992663475587506,0.48953720094289954,0,5.55674,0.18522
532.0392413139343,31.0,31.05692704501513,23.654372016660773,0.1509718405249152,-0.05692704501512935,0.4881140248175213,0,5.55674,0.18522
532.1062111854553,31.0,31.059850929926938,23.657109912495116,0.1343069555949992,-0.05985092992693808,0.48661775156934783,0,5.55674,0.18522
532.1591382026672,31.0,31.06486219288547,23.65906726670363,0.10605989723788006,-0.0648621928854709,0.48499619674721106,0,5.55674,0.18522
532.2077147960663,31.0,31.072381239873835,23.65906726670363,0.06394334674452418,-0.0723812398738346,0.4831866657503652,0,5.55674,0.18522
532.2784426212311,31.0,31.076139442573492,23.662195528295854,0.042546921804237026,-0.07613944257349203,0.48128317968602785,0,5.55674,0.18522
532.3192284107208,31.0,31.08198868536641,23.661802275116713,0.00968472897648992,-0.08198868536641157,0.47923346255186755,0,5.55674,0.18522
532.3691201210022,31.0,31.087418242460444,23.663366422405886,0.0,-0.08741824246044416,0.47704800649035645,0,5.55674,0.18522
532.417888879776,31.0,31.092014221864076,23.665714146542825,0.0,-0.09201422186407626,0.47474765094375454,0,5.55674,0.18522
532.4665696620941,31.0,31.095776483429404,23.66688801977915,0.0,-0.09577648342940392,0.47235323885801944,0,5.55674,0.18522
532.5015788078308,31.0,31.10037293162202,23.667668634819847,0.0,-0.10037293162201877,0.46984391556746896,0,5.55674,0.18522
532.5541343688965,31.0,31.104969637750628,23.668452210048258,0.0,-0.10496963775062795,0.4672196746237033,0,5.55674,0.18522
532.5829613208771,31.0,31.107057986046073,23.67040672725483,0.0,-0.10705798604607253,0.46454322497255146,0,5.55674,0.18522
532.6293106079102,31.0,31.109983658868828,23.671190314084413,0.0,-0.10998365886882766,0.46179363350083075,0,5.55674,0.18522
532.6577959060669,31.0,31.113743586337193,23.67236422207776,0.0,-0.11374358633719339,0.4589500438424009,0,5.55674,0.18522
532.6948099136353,31.0,31.117506846376727,23.67314486023588,0.0,-0.11750684637672748,0.4560123726829827,0,5.55674,0.18522
532.7374179363251,31.0,31.120012622649085,23.673928458672776,0.0,-0.12001262264908519,0.4530120571167556,0,5.55674,0.18522
532.7790009975433,31.0,31.122938758673968,23.674709103438545,0.0,-0.12293875867396764,0.4499385881499064,0,5.55674,0.18522
532.8064429759979,31.0,31.12419330045742,23.67510238405856,0.0,-0.12419330045742072,0.4468337556384709,0,5.55674,0.18522
532.8512909412384,31.0,31.13004597641344,23.674318780643375,0.0,-0.13004597641344162,0.44358260622813483,0,5.55674,0.18522
532.9013788700104,31.0,31.13255529734772,23.67510238405856,0.0,-0.13255529734772153,0.4402687237944418,0,5.55674,0.18522
532.9303545951843,31.0,31.133806826253476,23.674709103438545,0.0,-0.13380682625347617,0.43692355313810494,0,5.55674,0.18522
532.966413974762,31.0,31.13673345603155,23.673928458672776,0.0,-0.13673345603154985,0.4335052167373162,0,5.55674,0.18522
533.0127840042114,31.0,31.138405411449696,23.674318780643375,0.0,-0.1384054114496962,0.4300450814510738,0,5.55674,0.18522
533.0553488731384,31.0,31.142169806831816,23.673928458672776,0.0,-0.14216980683181646,0.4264908362802784,0,5.55674,0.18522
533.1334121227264,31.0,31.14509673622348,23.672754540744677,0.0,-0.14509673622347918,0.4228634178746914,0,5.55674,0.18522
533.1682360172272,31.0,31.150530482659406,23.672754540744677,0.0,-0.1505304826594056,0.41910015580820625,0,5.55674,0.18522
533.2091948986053,31.0,31.15136817789636,23.673928458672776,0.0,-0.1513681778963587,0.4153159513607973,0,5.55674,0.18522
533.2499067783356,31.0,31.15220272056729,23.671970947284933,0.0,-0.15220272056728845,0.41151088334661506,0,5.55674,0.18522
533.2953314781189,31.0,31.15513000966604,23.67236422207776,0.0,-0.1551300096660384,0.4076326331049641,0,5.55674,0.18522
533.3366100788116,31.0,31.157640101432378,23.671970947284933,0.0,-0.15764010143237783,0.4036916305691547,0,5.55674,0.18522
533.3876104354858,31.0,31.160147108948877,23.67236422207776,0.0,-0.16014710894887685,0.3996879528454328,0,5.55674,0.18522
533.4417841434479,31.0,31.160567585597107,23.671970947284933,0.0,-0.16056758559710715,0.3956737632055051,0,5.55674,0.18522
533.4876120090485,31.0,31.161819543939544,23.671970947284933,0.0,-0.16181954393954356,0.39162827460701655,0,5.55674,0.18522
533.5289165973663,31.0,31.162657355077272,23.67236422207776,0.0,-0.16265735507727186,0.38756184073008476,0,5.55674,0.18522
533.5609047412872,31.0,31.162657355077272,23.67236422207776,0.0,-0.16265735507727186,0.383495406853153,0,5.55674,0.18522
533.5930955410004,31.0,31.16516767846224,23.67236422207776,0.0,-0.16516767846223956,0.379366214891597,0,5.55674,0.18522
533.6260211467743,31.0,31.166002362296865,23.67353518055137,0.0,-0.16600236229686516,0.3752161558341754,0,5.55674,0.18522
533.656254529953,31.0,31.165585019311663,23.67353518055137,0.0,-0.16558501931166347,0.3710765303513838,0,5.55674,0.18522
533.7013163566589,31.0,31.166840216404808,23.673928458672776,0.0,-0.1668402164048075,0.36690552494126366,0,5.55674,0.18522
533.7558453083038,31.0,31.169347506731015,23.674318780643375,0.0,-0.16934750673101462,0.3626718372729883,0,5.55674,0.18522
533.7902019023895,31.0,31.16851278865363,23.674709103438545,0.0,-0.1685127886536293,0.35845901755664755,0,5.55674,0.18522
533.8361330032349,31.0,31.168930146624064,23.67510238405856,0.0,-0.16893014662406358,0.35423576389104594,0,5.55674,0.18522
533.8673679828644,31.0,31.168092271041075,23.676273359884647,0.0,-0.1680922710410755,0.35003345711501904,0,5.55674,0.18522
533.9089829921722,31.0,31.168930146624064,23.67705697159107,0.0,-0.16893014662406358,0.34581020344941743,0,5.55674,0.18522
533.9402163028717,31.0,31.17060276174709,23.67705697159107,0.0,-0.17060276174709088,0.34154513440574014,0,5.55674,0.18522
533.9701571464539,31.0,31.17060276174709,23.67783762957822,0.0,-0.17060276174709088,0.33728006536206284,0,5.55674,0.18522
534.0247619152069,31.0,31.17060276174709,23.678621247922365,0.0,-0.17060276174709088,0.33301499631838555,0,5.55674,0.18522
534.069016456604,31.0,31.169347506731015,23.680185537507157,0.0,-0.16934750673101462,0.3287813086501102,0,5.55674,0.18522
534.1052134037018,31.0,31.171020130416878,23.681749840349426,0.0,-0.1710201304168777,0.32450580538968826,0,5.55674,0.18522
534.1490731239319,31.0,31.16851278865363,23.682140178853672,0.0,-0.1685127886536293,0.3202929856733475,0,5.55674,0.18522
534.1766493320465,31.0,31.17060276174709,23.682140178853672,0.0,-0.17060276174709088,0.3160279166296702,0,5.55674,0.18522
534.2091100215912,31.0,31.16767491735942,23.68253347530299,0.0,-0.1676749173594203,0.31183604369568474,0,5.55674,0.18522
534.2562644481659,31.0,31.167257565814054,23.683314156453207,0.0,-0.1672575658140545,0.3076546045503334,0,5.55674,0.18522
534.2930784225464,31.0,31.164329841537892,23.684488141523957,0.0,-0.1643298415378922,0.3035463585118861,0,5.55674,0.18522
534.3264923095703,31.0,31.165585019311663,23.685662134067684,0.0,-0.16558501931166347,0.29940673302909454,0,5.55674,0.18522
534.3702828884125,31.0,31.166840216404808,23.68644282846128,0.0,-0.1668402164048075,0.2952357276189744,0,5.55674,0.18522
534.3982484340668,31.0,31.163074683081277,23.686836134086036,0.0,-0.16307468308127682,0.29115886054194245,0,5.55674,0.18522
534.428986787796,31.0,31.162657355077272,23.688007184373646,0.0,-0.16265735507727186,0.28709242666501067,0,5.55674,0.18522
534.4702417850494,31.0,31.163074683081277,23.688790845918504,0.0,-0.16307468308127682,0.28301555958797875,0,5.55674,0.18522
534.5043218135834,31.0,31.162657355077272,23.689964865865022,0.0,-0.16265735507727186,0.27894912571104696,0,5.55674,0.18522
534.5411133766174,31.0,31.160567585597107,23.689964865865022,0.0,-0.16056758559710715,0.2749349360711193,0,5.55674,0.18522
534.5741617679596,31.0,31.16140222235714,23.69074557848461,0.0,-0.16140222235713964,0.2708998805121908,0,5.55674,0.18522
534.6326553821564,31.0,31.156802341817468,23.692703289074643,0.0,-0.15680234181746755,0.2669798219667541,0,5.55674,0.18522
534.6681065559387,31.0,31.155967752111962,23.692703289074643,0.0,-0.15596775211196245,0.26308062816395505,0,5.55674,0.18522
534.7102937698364,31.0,31.154712722297916,23.69426769814646,0.0,-0.15471272229791566,0.25921281010650715,0,5.55674,0.18522
534.7528400421143,31.0,31.15220272056729,23.695048429007215,0.0,-0.15220272056728845,0.2554077420923249,0,5.55674,0.18522
534.7960522174835,31.0,31.150530482659406,23.696222488846217,0.0,-0.1505304826594056,0.2516444800258398,0,5.55674,0.18522
534.850563287735,31.0,31.147603358496212,23.69817730030934,0.0,-0.14760335849621242,0.24795439606343447,0,5.55674,0.18522
534.9003911018372,31.0,31.14509673622348,23.699351380112603,0.0,-0.14509673622347918,0.2443269776578475,0,5.55674,0.18522
534.9354376792908,31.0,31.14509673622348,23.700525467410387,0.0,-0.14509673622347918,0.24069955925226053,0,5.55674,0.18522
534.9720914363861,31.0,31.14174942493952,23.70130918224686,0.0,-0.14174942493951903,0.23715582362877255,0,5.55674,0.18522
535.0162355899811,31.0,31.140077401083943,23.7024803246058,0.0,-0.14007740108394273,0.233653888601674,0,5.55674,0.18522
535.0607941150665,31.0,31.137153812113695,23.7036544318845,0.0,-0.13715381211369504,0.23022504329883162,0,5.55674,0.18522
535.1182305812836,31.0,31.13547872179015,23.705218934096138,0.0,-0.1354787217901503,0.22683807525407787,0,5.55674,0.18522
535.1561419963837,31.0,31.130463137779316,23.706393058872663,0.0,-0.13046313777931573,0.223576496809595,0,5.55674,0.18522
535.1943380832672,31.0,31.1287913448312,23.706783449629484,0.0,-0.1287913448311997,0.220356713188815,0,5.55674,0.18522
535.2496650218964,31.0,31.125030725708655,23.707567191153828,0.0,-0.1250307257086547,0.21723094504609863,0,5.55674,0.18522
535.2819094657898,31.0,31.123776171078987,23.70717679873127,0.0,-0.12377617107898686,0.21413654076912397,0,5.55674,0.18522
535.3142378330231,31.0,31.122521635694056,23.707567191153828,0.0,-0.12252163569405639,0.21107349987677257,0,5.55674,0.18522
535.3513858318329,31.0,31.117506846376727,23.707567191153828,0.0,-0.11750684637672748,0.2081358287173544,0,5.55674,0.18522
535.4008929729462,31.0,31.1154182314815,23.707567191153828,0.0,-0.11541823148149888,0.20525037293031692,0,5.55674,0.18522
535.4348418712616,31.0,31.113743586337193,23.7079575844063,0.0,-0.11374358633719339,0.20240678327188708,0,5.55674,0.18522
535.4697802066803,31.0,31.112909436258747,23.70717679873127,0.0,-0.11290943625874661,0.1995840473654184,0,5.55674,0.18522
535.5064222812653,31.0,31.107895235948263,23.70717679873127,0.0,-0.10789523594826278,0.19688666646671182,0,5.55674,0.18522
535.5563695430756,31.0,31.104969637750628,23.70717679873127,0.0,-0.10496963775062795,0.19426242552294612,0,5.55674,0.18522
535.6005783081055,31.0,31.10037293162202,23.706393058872663,0.0,-0.10037293162201877,0.19175310223239564,0,5.55674,0.18522
535.6298806667328,31.0,31.09828159469714,23.707567191153828,0.0,-0.09828159469714137,0.1892960623649671,0,5.55674,0.18522
535.6671586036682,31.0,31.097030609004264,23.707567191153828,0.0,-0.09703060900426408,0.1868702971398605,0,5.55674,0.18522
535.7162134647369,31.0,31.09243434830006,23.707567191153828,0.0,-0.09243434830005981,0.184559438432359,0,5.55674,0.18522
535.7464413642883,31.0,31.08783834534171,23.7079575844063,0.0,-0.08783834534170865,0.18236347979881629,0,5.55674,0.18522
535.7823321819305,31.0,31.086584360411678,23.70717679873127,0.0,-0.08658436041167761,0.18019887078852434,0,5.55674,0.18522
535.831887960434,31.0,31.080317881778228,23.70834797848869,0.0,-0.08031788177822818,0.17819092374406864,0,5.55674,0.18522
535.8838562965393,31.0,31.076976376692755,23.7079575844063,0.0,-0.07697637669275537,0.17626651432674975,0,5.55674,0.18522
535.9165091514587,31.0,31.076556329444998,23.708741330941336,0.0,-0.07655632944499757,0.1743526060906248,0,5.55674,0.18522
535.9663326740265,31.0,31.07112749120762,23.709522123268698,0.010789745620782276,-0.07112749120761919,0.17257441881043434,0,5.55674,0.18522
535.9964623451233,31.0,31.069873761692236,23.709522123268698,0.01743284411457785,-0.0698737616922358,0.17082757476812843,0,5.55674,0.18522
536.0376832485199,31.0,31.063608559042166,23.709915478236894,0.0519322244560837,-0.06360855904216578,0.1692373607920743,0,5.55674,0.18522
536.0727617740631,31.0,31.063608559042166,23.71148003378488,0.05155741023903737,-0.06360855904216578,0.16764714681602016,0,5.55674,0.18522
536.117928981781,31.0,31.059430970294216,23.71069627555795,0.07453620298219299,-0.05943097029421551,0.16616137255866478,0,5.55674,0.18522
536.1504323482513,31.0,31.054836815267322,23.711870435358037,0.0997505618956861,-0.05483681526732198,0.16479045217698174,0,5.55674,0.18522
536.1909048557281,31.0,31.05274979601552,23.71148003378488,0.11112335818823527,-0.05274979601551877,0.16347170727659377,0,5.55674,0.18522
536.2399842739105,31.0,31.04565243269559,23.712260837761676,0.15031010547894028,-0.04565243269559005,0.16233039645920402,0,5.55674,0.18522
536.2824840545654,31.0,31.043145770180445,23.712651240996024,0.16401915990356122,-0.04314577018044474,0.1612517522046929,0,5.55674,0.18522
536.3120691776276,31.0,31.040639184069107,23.713044602670607,0.17773924472634994,-0.04063918406910716,0.16023577260296523,0,5.55674,0.18522
536.3461270332336,31.0,31.03729929256224,23.713044602670607,0.19612543908401833,-0.037299292562238406,0.15930329028890927,0,5.55674,0.18522
536.3813869953156,31.0,31.035212718387697,23.712260837761676,0.20759715046482372,-0.03521271838769735,0.15842297232921684,0,5.55674,0.18522
536.4131417274475,31.0,31.030203262354405,23.71343500757257,0.23523329424573816,-0.03020326235440507,0.15766789077035673,0,5.55674,0.18522
536.4493999481201,31.0,31.027280431377335,23.711870435358037,0.2514286596513049,-0.027280431377334935,0.15698587998592337,0,5.55674,0.18522
536.5026142597198,31.0,31.022688071790526,23.711086675463946,0.2768823641826406,-0.02268807179052601,0.1564186781911602,0,5.55674,0.18522
536.5560147762299,31.0,31.01684304703508,23.71069627555795,0.3093036860931091,-0.016843047035081327,0.15599760201528318,0,5.55674,0.18522
536.5925812721252,31.0,31.01475699121221,23.709131726689975,0.3209072981201474,-0.014756991212209414,0.15562867723497795,0,5.55674,0.18522
536.6300513744354,31.0,31.00932907527846,23.709522123268698,0.35100558681330496,-0.009329075278458276,0.1553954503530165,0,5.55674,0.18522
536.6618001461029,31.0,31.00557392402402,23.708741330941336,0.3718862371160644,-0.005573924024020016,0.15525610225241598,0,5.55674,0.18522
536.7076685428619,31.0,31.003484997950522,23.707567191153828,0.38353796209344043,-0.0034849979505224837,0.15516897730365292,0,5.55674,0.18522
536.7510330677032,31.0,31.000982773988312,23.70717679873127,0.39745764973449216,-0.0009827739883121467,0.15514440795394513,0,5.55674,0.18522
536.7827537059784,31.0,30.99597539863288,23.705612279847912,0.4253812414868704,0.004024601367120795,0.15524502298812315,0,5.55674,0.18522
536.8138184547424,31.0,30.991384782776095,23.706002668945473,0.45090996278062306,0.008615217223905347,0.15546040341872078,0,5.55674,0.18522
536.8461232185364,31.0,30.991384782776095,23.704438160060874,0.45103012793415787,0.008615217223905347,0.1556757838493184,0,5.55674,0.18522
536.8796062469482,31.0,30.984705971566257,23.704438160060874,0.4882133643349751,0.015294028433743279,0.156058134560162,0,5.55674,0.18522
536.923024892807,31.0,30.981368345850058,23.70326404777569,0.5069061983113882,0.01863165414994228,0.15652392591391054,0,5.55674,0.18522
536.9675395488739,31.0,30.978030855012037,23.7024803246058,0.5255937068296184,0.02196914498796332,0.15707315453860962,0,5.55674,0.18522
536.9962708950043,31.0,30.975109872549638,23.701699562204283,0.5419801602938078,0.024890127450362343,0.15769540772486867,0,5.55674,0.18522
537.0281975269318,31.0,30.970936768981403,23.70091584570389,0.565343800317689,0.02906323101859698,0.1584219885003336,0,5.55674,0.18522
537.0621452331543,31.0,30.967599699461857,23.70091584570389,0.584037057591372,0.0324003005381428,0.15923199601378715,0,5.55674,0.18522
537.0921723842621,31.0,30.96467908564489,23.700135089945604,0.6004697620066602,0.0353209143551112,0.16011501887266494,0,5.55674,0.18522
537.1265053749084,31.0,30.960925964494663,23.699744713309485,0.6215258423346274,0.039074035505336724,0.16109186976029835,0,5.55674,0.18522
537.1609132289886,31.0,30.961342268693897,23.699744713309485,0.6193915527633875,0.038657731306102505,0.1620583130429509,0,5.55674,0.18522
537.1953196525574,31.0,30.956337295677542,23.699351380112603,0.6474252479572025,0.04366270432245756,0.16314988065101235,0,5.55674,0.18522
537.2393977642059,31.0,30.950913218162725,23.69817730030934,0.6778529729032319,0.049086781837274884,0.16437705019694424,0,5.55674,0.18522
537.2861058712006,31.0,30.9459088758922,23.69857063099562,0.7058910895679925,0.05409112410779926,0.1657293282996392,0,5.55674,0.18522
537.3262186050415,31.0,30.94340839476439,23.698961005139893,0.7200276310397848,0.05659160523561013,0.16714411843052945,0,5.55674,0.18522
537.3672094345093,31.0,30.93882069698867,23.69857063099562,0.74582359499903,0.06117930301132901,0.1686736010058127,0,5.55674,0.18522
537.39959025383,31.0,30.935065595346202,23.69857063099562,0.7669903972605503,0.06493440465379763,0.17029696112215764,0,5.55674,0.18522
537.4361288547516,31.0,30.931313816568945,23.69817730030934,0.7881762889893982,0.06868618343105481,0.172014115707934,0,5.55674,0.18522
537.4773654937744,31.0,30.928810623348625,23.69857063099562,0.8023953441393321,0.07118937665137537,0.17379385012421839,0,5.55674,0.18522
537.5262227058411,31.0,30.92589137762252,23.699351380112603,0.8189199346520144,0.07410862237748006,0.1756465656836554,0,5.55674,0.18522
537.5573518276215,31.0,30.920472445574603,23.699744713309485,0.8493796021781732,0.07952755442539683,0.1776347545442903,0,5.55674,0.18522
537.5892007350922,31.0,30.9183856679806,23.700135089945604,0.8613331682840275,0.08161433201939872,0.17967511284477528,0,5.55674,0.18522
537.6163618564606,31.0,30.927978344112205,23.700525467410387,0.8083426277653158,0.07202165588779508,0.18147565424197015,0,5.55674,0.18522
537.6562685966492,31.0,30.91129984215297,23.700525467410387,0.9014314528231802,0.088700157847029,0.18369315818814588,0,5.55674,0.18522
537.6881177425385,31.0,30.907965174428398,23.70091584570389,0.9203674719435408,0.09203482557160214,0.18599402882743593,0,5.55674,0.18522
537.7203080654144,31.0,30.905462685693863,23.7024803246058,0.93463063537636,0.09453731430613743,0.18835746168508938,0,5.55674,0.18522
537.7480680942535,31.0,30.903379437114893,23.7024803246058,0.9466541076015036,0.09662056288510712,0.19077297575721705,0,5.55674,0.18522
537.8013191223145,31.0,30.8979588233949,23.7024803246058,0.9772475503521976,0.10204117660509837,0.19332400517234452,0,5.55674,0.18522
537.8506174087524,31.0,30.894624691361855,23.705218934096138,0.9961218819815909,0.10537530863814482,0.19595838788829814,0,5.55674,0.18522
537.8934352397919,31.0,30.892541714585093,23.705612279847912,1.0,0.1074582854149071,0.19864484502367083,0,5.55674,0.18522
537.927610874176,31.0,30.887121807877577,23.706393058872663,1.0,0.11287819212242312,0.2014667998267314,0,5.55674,0.18522
537.9707758426666,31.0,30.885870867979293,23.704828546663805,1.0,0.1141291320207074,0.2043200281272491,0,5.55674,0.18522
538.0061757564545,31.0,30.883372195510105,23.705612279847912,1.0,0.11662780448989452,0.20723572323949646,0,5.55674,0.18522
538.0415675640106,31.0,30.881289500675678,23.706002668945473,1.0,0.11871049932432243,0.21020348572260453,0,5.55674,0.18522
538.0870213508606,31.0,30.877952886497837,23.705612279847912,1.0,0.12204711350216257,0.2132546635601586,0,5.55674,0.18522
538.1228196620941,31.0,30.87378782034466,23.705218934096138,1.0,0.12621217965534015,0.2164099680515421,0,5.55674,0.18522
538.1560509204865,31.0,30.871286360401143,23.705612279847912,1.0,0.12871363959885684,0.21962780904151352,0,5.55674,0.18522
538.190526008606,31.0,30.87045465737816,23.706002668945473,1.0,0.1295453426218387,0.22286644260705948,0,5.55674,0.18522
538.2285163402557,31.0,30.868369135589376,23.705612279847912,1.0,0.13163086441062433,0.2261572142173251,0,5.55674,0.18522
538.2663960456848,31.0,30.863369766647565,23.705218934096138,1.0,0.13663023335243452,0.22957297005113597,0,5.55674,0.18522
538.3036749362946,31.0,30.865036189605974,23.706002668945473,1.0,0.1349638103940265,0.23294706531098663,0,5.55674,0.18522
538.340975522995,31.0,30.860452819213037,23.705612279847912,1.0,0.1395471807869626,0.2364357448306607,0,5.55674,0.18522
538.3741090297699,31.0,30.859202280165448,23.706002668945473,1.0,0.14079771983455203,0.23995568782652452,0,5.55674,0.18522
538.4060666561127,31.0,30.857120190053536,23.706783449629484,1.0,0.14287980994646432,0.24352768307518613,0,5.55674,0.18522
538.4415552616119,31.0,30.855038151978704,23.707567191153828,1.0,0.1449618480212962,0.24715172927571855,0,5.55674,0.18522
538.477707862854,31.0,30.8537876942097,23.70717679873127,1.0,0.14621230579029998,0.25080703692047607,0,5.55674,0.18522
538.5245878696442,31.0,30.849204942634458,23.708741330941336,1.0,0.1507950573655421,0.25457691335461463,0,5.55674,0.18522
538.5693991184235,31.0,30.84878920031946,23.709522123268698,1.0,0.15121079968054119,0.25835718334662816,0,5.55674,0.18522
538.5976455211639,31.0,30.8479545723863,23.708741330941336,1.0,0.1520454276137002,0.2621583190369707,0,5.55674,0.18522
538.6464314460754,31.0,30.844206723544858,23.71069627555795,1.0,0.1557932764551424,0.26605315094834925,0,5.55674,0.18522
538.6900165081024,31.0,30.843787856788083,23.711086675463946,1.0,0.156212143211917,0.2699584545286472,0,5.55674,0.18522
538.7312543392181,31.0,30.842537567779743,23.710305876482266,1.0,0.1574624322202567,0.2738950153341536,0,5.55674,0.18522
538.8131957054138,31.0,30.84045589391485,23.709522123268698,1.0,0.1595441060851499,0.27788361798628236,0,5.55674,0.18522
538.8780052661896,31.0,30.83837427200541,23.708741330941336,1.0,0.16162572799458985,0.2819242611861471,0,5.55674,0.18522
538.910208940506,31.0,30.83878996239588,23.7079575844063,1.0,0.16121003760412123,0.2859545121262501,0,5.55674,0.18522
538.949161529541,31.0,30.836289552958192,23.706393058872663,1.0,0.16371044704180804,0.2900472733022953,0,5.55674,0.18522
539.0062146186829,31.0,30.835042525377958,23.705218934096138,1.0,0.16495747462204235,0.29417121016784636,0,5.55674,0.18522
539.0411264896393,31.0,30.836289552958192,23.7036544318845,1.0,0.16371044704180804,0.29826397134389154,0,5.55674,0.18522
539.0745296478271,31.0,30.83587387502712,23.70208994299054,1.0,0.16412612497288137,0.30236712446821357,0,5.55674,0.18522
539.1083383560181,31.0,30.83670838205927,23.70208994299054,1.0,0.16329161794072888,0.3064494149167318,0,5.55674,0.18522
539.141637802124,31.0,30.83462370463951,23.70130918224686,1.0,0.16537629536048826,0.310583822300744,0,5.55674,0.18522
539.1805810928345,31.0,30.832957889579234,23.699744713309485,1.0,0.16704211042076622,0.31475987506126313,0,5.55674,0.18522
539.2175242900848,31.0,30.834208035007805,23.69817730030934,1.0,0.16579196499219506,0.318904674186068,0,5.55674,0.18522
539.2521696090698,31.0,30.832126568982346,23.696222488846217,1.0,0.16787343101765373,0.3231015099615093,0,5.55674,0.18522
539.2866625785828,31.0,30.835042525377958,23.695441753005696,1.0,0.16495747462204235,0.3272254468270604,0,5.55674,0.18522
539.3221173286438,31.0,30.833376701956468,23.69426769814646,1.0,0.1666232980435325,0.33139102927814873,0,5.55674,0.18522
539.3745357990265,31.0,30.83545819916708,23.692703289074643,1.0,0.16454180083292158,0.3355045742989718,0,5.55674,0.18522
539.5883357524872,31.0,30.836289552958192,23.68722648335529,1.0,0.16371044704180804,0.33959733547501697,0,5.55674,0.18522
539.6311452388763,31.0,30.837124064148327,23.686052480851288,1.0,0.16287593585167315,0.3436692338713088,0,5.55674,0.18522
539.6737933158875,31.0,30.83878996239588,23.685662134067684,1.0,0.16121003760412123,0.34769948481141183,0,5.55674,0.18522
539.7249155044556,31.0,30.840040195221775,23.68487848582248,1.0,0.15995980477822513,0.35169847993086745,0,5.55674,0.18522
539.7561941146851,31.0,30.840040195221775,23.684488141523957,1.0,0.15995980477822513,0.35569747505032306,0,5.55674,0.18522
539.790854215622,31.0,30.843787856788083,23.684488141523957,1.0,0.156212143211917,0.359602778630621,0,5.55674,0.18522
539.8263690471649,31.0,30.845453888152747,23.68487848582248,1.0,0.1545461118472531,0.36346643142680235,0,5.55674,0.18522
539.8762648105621,31.0,30.844622443008063,23.684488141523957,1.0,0.15537755699193667,0.36735087035160074,0,5.55674,0.18522
539.9060552120209,31.0,30.845872763279317,23.684097798051596,1.0,0.15412723672068296,0.3712040512696178,0,5.55674,0.18522
539.9398803710938,31.0,30.845872763279317,23.684097798051596,1.0,0.15412723672068296,0.37505723218763487,0,5.55674,0.18522
539.9781286716461,31.0,30.850036433485513,23.68370449826716,1.0,0.1499635665144865,0.378806321350497,0,5.55674,0.18522
540.0120170116425,31.0,30.849620687023105,23.683314156453207,1.0,0.1503793129768951,0.3825658041749194,0,5.55674,0.18522
540.0634806156158,31.0,30.852537255206016,23.68292381546513,1.0,0.1474627447939838,0.38625237279476904,0,5.55674,0.18522
540.0984170436859,31.0,30.854619230786852,23.683314156453207,1.0,0.1453807692131477,0.38988689202509774,0,5.55674,0.18522
540.1363861560822,31.0,30.856285478676625,23.682140178853672,1.0,0.1437145213233748,0.3934797550581821,0,5.55674,0.18522
540.1744251251221,31.0,30.85795175989267,23.682140178853672,1.0,0.14204824010732864,0.39703096106086533,0,5.55674,0.18522
540.2255003452301,31.0,30.860868619730866,23.681749840349426,1.0,0.1391313802691343,0.4005092455675937,0,5.55674,0.18522
540.2594425678253,31.0,30.862534992636938,23.682140178853672,1.0,0.1374650073630619,0.40394587075167027,0,5.55674,0.18522
540.2962553501129,31.0,30.863369766647565,23.68292381546513,1.0,0.13663023335243452,0.40736162658548114,0,5.55674,0.18522
540.3465566635132,31.0,30.865452013010668,23.682140178853672,1.0,0.13454798698933246,0.41072532626021446,0,5.55674,0.18522
540.3867897987366,31.0,30.868369135589376,23.681359502670887,1.0,0.13163086441062433,0.41401609787048005,0,5.55674,0.18522
540.4425616264343,31.0,30.8725370809737,23.68292381546513,1.0,0.12746291902629991,0.41720267084613755,0,5.55674,0.18522
540.4821298122406,31.0,30.873368804808933,23.683314156453207,1.0,0.12663119519106658,0.4203684507259142,0,5.55674,0.18522
540.5374479293823,31.0,30.87837192512177,23.684488141523957,1.0,0.12162807487823102,0.42340915259787,0,5.55674,0.18522
540.5808897018433,31.0,30.881289500675678,23.68487848582248,1.0,0.11871049932432243,0.426376915080978,0,5.55674,0.18522
540.6315498352051,31.0,30.883372195510105,23.685271788110413,1.0,0.11662780448989452,0.4292926101932254,0,5.55674,0.18522
540.6686244010925,31.0,30.887956828613255,23.686052480851288,1.0,0.11204317138674469,0.432093689477894,0,5.55674,0.18522
540.7219612598419,31.0,30.891290693115252,23.68761683345116,1.0,0.108709306884748,0.4348114221500127,0,5.55674,0.18522
540.7696254253387,31.0,30.894208722084045,23.688400493336246,1.0,0.1057912779159551,0.4374562040979116,0,5.55674,0.18522
540.8125565052032,31.0,30.900045087494505,23.69035522176125,1.0,0.09995491250549549,0.43995507691054897,0,5.55674,0.18522
540.8561494350433,31.0,30.901293089256285,23.689964865865022,1.0,0.09870691074371507,0.44242274967914186,0,5.55674,0.18522
540.9066400527954,31.0,30.90379545232156,23.6915292516764,0.9919603471738339,0.09620454767843967,0.44482786337110286,0,5.55674,0.18522
540.9360466003418,31.0,30.90879725288562,23.691919610887624,0.9645689275358023,0.09120274711438014,0.4471079320489624,0,5.55674,0.18522
540.9809265136719,31.0,30.91088378933722,23.692309970926203,0.9533672108525506,0.0891162106627803,0.4493358373155319,0,5.55674,0.18522
541.031001329422,31.0,30.916302094995558,23.693093650774358,0.9236064488874275,0.08369790500444196,0.45142828494064297,0,5.55674,0.18522
541.0637862682343,31.0,30.917969579632256,23.6934840133016,0.914700483306462,0.08203042036774377,0.4534790454498366,0,5.55674,0.18522
541.1035845279694,31.0,30.922556123323943,23.692703289074643,0.8896129140663107,0.07744387667605679,0.455415142366738,0,5.55674,0.18522
541.1416702270508,31.0,30.925059127693146,23.6915292516764,0.8761116212143178,0.07494087230685409,0.4572886641744094,0,5.55674,0.18522
541.1781301498413,31.0,30.929646063562245,23.692703289074643,0.8508887471584204,0.07035393643775478,0.45904751258535326,0,5.55674,0.18522
541.2101600170135,31.0,30.93214612929995,23.69074557848461,0.8374111761454723,0.06785387070004845,0.46074385935285445,0,5.55674,0.18522
541.2475469112396,31.0,30.93423325329104,23.69035522176125,0.8261381322644291,0.06576674670895954,0.46238802802057843,0,5.55674,0.18522
541.2797603607178,31.0,30.93798516426773,23.69035522176125,0.8055768981606803,0.06201483573227051,0.4639383989138852,0,5.55674,0.18522
541.319620847702,31.0,30.94257281575989,23.689181199327606,0.7804106653542704,0.05742718424011173,0.465374078519888,0,5.55674,0.18522
541.3547327518463,31.0,30.94632825780161,23.68761683345116,0.7598714423982655,0.05367174219838944,0.4667158720748477,0,5.55674,0.18522
541.4063067436218,31.0,30.950496966437584,23.686836134086036,0.736976292575945,0.049503033562416476,0.46795344791390814,0,5.55674,0.18522
541.4403908252716,31.0,30.955085311338962,23.685662134067684,0.7117482664139161,0.04491468866103787,0.4690763151304341,0,5.55674,0.18522
541.4727649688721,31.0,30.958841321197212,23.685662134067684,0.6910676814563785,0.04115867880278756,0.4701052821005038,0,5.55674,0.18522
541.5230944156647,31.0,30.963430128939535,23.683314156453207,0.6658586775986264,0.03656987106046472,0.4710195288770154,0,5.55674,0.18522
541.5587687492371,31.0,30.967183363756817,23.684097798051596,0.6451146776263701,0.032816636243182984,0.471839944783095,0,5.55674,0.18522
541.5961999893188,31.0,30.970936768981403,23.683314156453207,0.624432765337734,0.02906323101859698,0.47256652555855994,0,5.55674,0.18522
541.6332437992096,31.0,30.974693499010016,23.681749840349426,0.6037550375702857,0.025306500989984215,0.4731991880833095,0,5.55674,0.18522
541.6788115501404,31.0,30.979283186901,23.682140178853672,0.5783272368522208,0.020716813098999864,0.4737171084107845,0,5.55674,0.18522
541.7121362686157,31.0,30.980115982346035,23.681749840349426,0.5738117096644945,0.019884017653964747,0.4742142088521336,0,5.55674,0.18522
541.7490849494934,31.0,30.985541976450634,23.681749840349426,0.5437278190617535,0.014458023549366317,0.47457565944086777,0,5.55674,0.18522
541.7854192256927,31.0,30.989296215957836,23.681749840349426,0.5229160500945093,0.010703784042163988,0.47484325404192185,0,5.55674,0.18522
541.8253622055054,31.0,30.995139288063285,23.68096916581794,0.4905101802623501,0.004860711936714779,0.4749647718403397,0,5.55674,0.18522
541.861438035965,31.0,30.995139288063285,23.68057587270266,0.4905528670150008,0.004860711936714779,0.47508628963875754,0,5.55674,0.18522
541.9034984111786,31.0,31.001815788415627,23.680185537507157,0.4534649098988777,-0.0018157884156266846,0.4750408949283669,0,5.55674,0.18522
541.9447436332703,31.0,31.006826673958813,23.681359502670887,0.42552887662078986,-0.006826673958812535,0.47487022807939655,0,5.55674,0.18522
541.9923188686371,31.0,31.010581882281087,23.681359502670887,0.40461316092216926,-0.010581882281087474,0.4746056810223694,0,5.55674,0.18522
542.0241041183472,31.0,31.015173566974568,23.682140178853672,0.3789880464994674,-0.01517356697456762,0.4742263418480052,0,5.55674,0.18522
542.0588698387146,31.0,31.0205987118523,23.682140178853672,0.3487465446163379,-0.02059871185230122,0.47371137405169766,0,5.55674,0.18522
542.0963912010193,31.0,31.023521305644238,23.681749840349426,0.33241756301291914,-0.0235213056442376,0.4731233414105917,0,5.55674,0.18522
542.1451115608215,31.0,31.02769707048759,23.68292381546513,0.3090254374506737,-0.027697070487590736,0.4724309146484019,0,5.55674,0.18522
542.1880812644958,31.0,31.032706373975827,23.682140178853672,0.281078800632682,-0.03270637397582732,0.4716132552990062,0,5.55674,0.18522
542.2171330451965,31.0,31.03437620956123,23.683314156453207,0.27158054453433533,-0.03437620956123055,0.47075385005997544,0,5.55674,0.18522
542.2552936077118,31.0,31.041059047700912,23.68370449826716,0.23423559881007394,-0.04105904770091229,0.4697273738674526,0,5.55674,0.18522
542.297699213028,31.0,31.045232545611384,23.68487848582248,0.210774871348631,-0.04523254561138401,0.468596560227168,0,5.55674,0.18522
542.3469831943512,31.0,31.050662829762302,23.685271788110413,0.18034542026598088,-0.05066282976230241,0.46732998948311044,0,5.55674,0.18522
542.3786444664001,31.0,31.05274979601552,23.68487848582248,0.168524613174295,-0.05274979601551877,0.4660112445827225,0,5.55674,0.18522
542.4230163097382,31.0,31.05818057688242,23.684097798051596,0.138117826550434,-0.058180576882421065,0.46455673016066196,0,5.55674,0.18522
542.4642200469971,31.0,31.06152131693881,23.68644282846128,0.11914900851929527,-0.06152131693880847,0.46301869723719175,0,5.55674,0.18522
542.5014352798462,31.0,31.066115845868353,23.68722648335529,0.0932720483610695,-0.06611584586835306,0.4613658010904829,0,5.55674,0.18522
542.5360684394836,31.0,31.0682032047647,23.686836134086036,0.08137735092982679,-0.06820320476469988,0.4596607209713654,0,5.55674,0.18522
542.5862710475922,31.0,31.076139442573492,23.688400493336246,0.036844912446678535,-0.07613944257349203,0.4577572349070281,0,5.55674,0.18522
542.6221714019775,31.0,31.07781016105929,23.68761683345116,0.027241072563180202,-0.07781016105928984,0.4558119808805458,0,5.55674,0.18522
542.670577287674,31.0,31.082825679165808,23.688007184373646,0.0,-0.08282567916580774,0.4537413389014006,0,5.55674,0.18522
542.7256679534912,31.0,31.08825529168314,23.689181199327606,0.0,-0.08825529168314006,0.45153495660932214,0,5.55674,0.18522
542.7559821605682,31.0,31.093268289861555,23.689181199327606,0.0,-0.09326828986155533,0.4492032493627833,0,5.55674,0.18522
542.7860221862793,31.0,31.095359498825417,23.689181199327606,0.0,-0.09535949882541672,0.4468192618921479,0,5.55674,0.18522
542.830137014389,31.0,31.098701753268074,23.69035522176125,0.0,-0.09870175326807384,0.44435171806044604,0,5.55674,0.18522
542.8720886707306,31.0,31.101627127564427,23.689964865865022,0.0,-0.10162712756442716,0.44181103987133535,0,5.55674,0.18522
542.9014618396759,31.0,31.10580370692975,23.69035522176125,0.0,-0.10580370692974839,0.43916594719809166,0,5.55674,0.18522
542.9317898750305,31.0,31.10914638760852,23.69074557848461,0.0,-0.10914638760851858,0.4364372875078787,0,5.55674,0.18522
542.9662146568298,31.0,31.11123800202705,23.6915292516764,0.0,-0.1112380020270507,0.43365633745720245,0,5.55674,0.18522
542.9983563423157,31.0,31.113743586337193,23.69074557848461,0.0,-0.11374358633719339,0.4308127477987726,0,5.55674,0.18522
543.0322544574738,31.0,31.117506846376727,23.6915292516764,0.0,-0.11750684637672748,0.4278750766393544,0,5.55674,0.18522
543.0662837028503,31.0,31.118341043322232,23.692703289074643,0.0,-0.11834104332223205,0.4249165505562986,0,5.55674,0.18522
543.1122832298279,31.0,31.123776171078987,23.693093650774358,0.0,-0.12377617107898686,0.42182214627932396,0,5.55674,0.18522
543.1560664176941,31.0,31.127119586068602,23.693093650774358,0.0,-0.12711958606860208,0.4186441566276089,0,5.55674,0.18522
543.183577299118,31.0,31.129208499794856,23.693874376656424,0.0,-0.12920849979485638,0.41541394413273747,0,5.55674,0.18522
543.2178020477295,31.0,31.131717795020336,23.6934840133016,0.0,-0.13171779502033587,0.41212099925722906,0,5.55674,0.18522
543.2555477619171,31.0,31.133389647822185,23.69426769814646,0.0,-0.13338964782218454,0.40878625806167446,0,5.55674,0.18522
543.2878594398499,31.0,31.13589907141761,23.69426769814646,0.0,-0.1358990714176116,0.4053887812762342,0,5.55674,0.18522
543.3394577503204,31.0,31.139242982319956,23.695048429007215,0.0,-0.13924298231995635,0.4019077067182353,0,5.55674,0.18522
543.3753480911255,31.0,31.14174942493952,23.694658063162933,0.0,-0.14174942493951903,0.3983639710947473,0,5.55674,0.18522
543.408374786377,31.0,31.143841873520103,23.695441753005696,0.0,-0.14384187352010258,0.39476792425674473,0,5.55674,0.18522
543.4553015232086,31.0,31.148023770523537,23.695832120511966,0.0,-0.14802377052353677,0.3910673299936563,0,5.55674,0.18522
543.4919145107269,31.0,31.14885827900605,23.696222488846217,0.0,-0.1488582790060491,0.38734587301850504,0,5.55674,0.18522
543.5264010429382,31.0,31.150947748646274,23.69661285800845,0.0,-0.15094774864627425,0.38357217930234816,0,5.55674,0.18522
543.5583009719849,31.0,31.15387499273504,23.69661285800845,0.0,-0.1538749927350409,0.3797253044839721,0,5.55674,0.18522
543.590814113617,31.0,31.15261999510244,23.697006185350347,0.0,-0.15261999510244095,0.3759098046064111,0,5.55674,0.18522
543.6231427192688,31.0,31.157640101432378,23.69739655617508,0.0,-0.15764010143237783,0.3719688020706017,0,5.55674,0.18522
543.6565301418304,31.0,31.156802341817468,23.697786927828076,0.0,-0.15680234181746755,0.368048743525165,0,5.55674,0.18522
543.6929969787598,31.0,31.158895176272154,23.69857063099562,0.0,-0.15889517627215355,0.36407636411836114,0,5.55674,0.18522
543.7409546375275,31.0,31.162657355077272,23.698961005139893,0.0,-0.16265735507727186,0.36000993024142935,0,5.55674,0.18522
543.7761554718018,31.0,31.164329841537892,23.700135089945604,0.0,-0.1643298415378922,0.35590168420298207,0,5.55674,0.18522
543.8060572147369,31.0,31.164329841537892,23.699351380112603,0.0,-0.1643298415378922,0.3517934381645348,0,5.55674,0.18522
543.8419556617737,31.0,31.16516767846224,23.700525467410387,0.0,-0.16516767846223956,0.3476642462029788,0,5.55674,0.18522
543.8764364719391,31.0,31.165585019311663,23.70130918224686,0.0,-0.16558501931166347,0.34352462072018725,0,5.55674,0.18522
543.9078660011292,31.0,31.166840216404808,23.70208994299054,0.0,-0.1668402164048075,0.3393536153100671,0,5.55674,0.18522
543.9586291313171,31.0,31.168092271041075,23.70326404777569,0.0,-0.1680922710410755,0.3351513085340402,0,5.55674,0.18522
543.9971334934235,31.0,31.169768030817806,23.704828546663805,0.0,-0.16976803081780645,0.330907107763595,0,5.55674,0.18522
544.0286996364594,31.0,31.169768030817806,23.704438160060874,0.0,-0.16976803081780645,0.3266629069931498,0,5.55674,0.18522
544.0586290359497,31.0,31.170185395214105,23.705612279847912,0.0,-0.17018539521410503,0.3224082721127972,0,5.55674,0.18522
544.0890202522278,31.0,31.171020130416878,23.705612279847912,0.0,-0.1710201304168777,0.3181327688523753,0,5.55674,0.18522
544.1306471824646,31.0,31.172692788422296,23.70717679873127,0.0,-0.17269278842229596,0.3138154491418179,0,5.55674,0.18522
544.161954164505,31.0,31.174786030727546,23.70717679873127,0.0,-0.17478603072754595,0.3094457983736293,0,5.55674,0.18522
544.2065832614899,31.0,31.171020130416878,23.70717679873127,0.0,-0.1710201304168777,0.30517029511320737,0,5.55674,0.18522
544.2462141513824,31.0,31.17394809495312,23.706783449629484,0.0,-0.17394809495311847,0.3008215927393794,0,5.55674,0.18522
544.2786104679108,31.0,31.174786030727546,23.707567191153828,0.0,-0.17478603072754595,0.2964519419711908,0,5.55674,0.18522
544.3095319271088,31.0,31.173530711291164,23.706393058872663,0.0,-0.17353071129116415,0.2921136741889117,0,5.55674,0.18522
544.3416743278503,31.0,31.174365480752613,23.706393058872663,0.0,-0.1743654807526127,0.2877545371700964,0,5.55674,0.18522
544.3766491413116,31.0,31.174365480752613,23.706393058872663,0.0,-0.1743654807526127,0.2833954001512811,0,5.55674,0.18522
544.4073765277863,31.0,31.172692788422296,23.705218934096138,0.0,-0.17269278842229596,0.27907808044072374,0,5.55674,0.18522
544.4375944137573,31.0,31.173113329766522,23.705218934096138,0.0,-0.17311332976652238,0.27475024719656066,0,5.55674,0.18522
544.4714894294739,31.0,31.173530711291164,23.704828546663805,0.0,-0.17353071129116415,0.2704119794142816,0,5.55674,0.18522
544.5017101764679,31.0,31.172692788422296,23.70404481682249,0.0,-0.17269278842229596,0.2660946597037242,0,5.55674,0.18522
544.5561654567719,31.0,31.17520342081832,23.70208994299054,0.0,-0.1752034208183204,0.2617145741832662,0,5.55674,0.18522
544.5933256149292,31.0,31.173530711291164,23.701699562204283,0.0,-0.17353071129116415,0.25737630640098713,0,5.55674,0.18522
544.6334798336029,31.0,31.17394809495312,23.701699562204283,0.0,-0.17394809495311847,0.2530276040271592,0,5.55674,0.18522
544.6938581466675,31.0,31.173530711291164,23.700135089945604,0.0,-0.17353071129116415,0.24868933624488007,0,5.55674,0.18522
544.7481527328491,31.0,31.168930146624064,23.69817730030934,0.0,-0.16893014662406358,0.2444660825792785,0,5.55674,0.18522
544.7814245223999,31.0,31.169768030817806,23.69739655617508,0.0,-0.16976803081780645,0.24022188180883333,0,5.55674,0.18522
544.8224365711212,31.0,31.16851278865363,23.695441753005696,0.0,-0.1685127886536293,0.2360090620924926,0,5.55674,0.18522
544.8633286952972,31.0,31.169347506731015,23.695048429007215,0.0,-0.16934750673101462,0.23177537442421722,0,5.55674,0.18522
544.9050483703613,31.0,31.167257565814054,23.693093650774358,0.0,-0.1672575658140545,0.22759393527886587,0,5.55674,0.18522
544.9445791244507,31.0,31.16641970741796,23.69113889329242,0.0,-0.1664197074179583,0.2234334425934169,0,5.55674,0.18522
544.993480682373,31.0,31.163492013220605,23.689964865865022,0.0,-0.1634920132206048,0.21934614226290178,0,5.55674,0.18522
545.0313966274261,31.0,31.162240029208533,23.688400493336246,0.0,-0.1622400292085331,0.21529014153268844,0,5.55674,0.18522
545.0696203708649,31.0,31.158895176272154,23.68761683345116,0.0,-0.15889517627215355,0.2113177621258846,0,5.55674,0.18522
545.1280510425568,31.0,31.15805740377067,23.685271788110413,0.0,-0.15805740377066968,0.20736632703161786,0,5.55674,0.18522
545.1622905731201,31.0,31.159729795922033,23.68487848582248,0.0,-0.15972979592203274,0.20337308213356706,0,5.55674,0.18522
545.2062754631042,31.0,31.156385045897707,23.684097798051596,0.0,-0.1563850458977072,0.1994634559861244,0,5.55674,0.18522
545.2575058937073,31.0,31.154712722297916,23.681749840349426,0.0,-0.15471272229791566,0.19559563792867649,0,5.55674,0.18522
545.309981584549,31.0,31.150530482659406,23.67901157981015,0.0,-0.1505304826594056,0.19183237586219135,0,5.55674,0.18522
545.3487432003021,31.0,31.14844102369858,23.678621247922365,0.0,-0.14844102369858092,0.18812135026972682,0,5.55674,0.18522
545.3862481117249,31.0,31.146348457273632,23.67705697159107,0.0,-0.146348457273632,0.18446263883788602,0,5.55674,0.18522
545.4332859516144,31.0,31.143424643844526,23.676273359884647,0.0,-0.1434246438445257,0.1808770227417729,0,5.55674,0.18522
545.4623558521271,31.0,31.145931214791688,23.676273359884647,0.0,-0.14593121479168758,0.1772287423719807,0,5.55674,0.18522
545.5084879398346,31.0,31.143004255493793,23.67314486023588,0.0,-0.1430042554937927,0.17365363598463587,0,5.55674,0.18522
545.5361819267273,31.0,31.139242982319956,23.673928458672776,0.0,-0.13924298231995635,0.17017256142663698,0,5.55674,0.18522
545.5713400840759,31.0,31.13631626265959,23.672754540744677,0.0,-0.13631626265959085,0.16676465486014722,0,5.55674,0.18522
545.6120984554291,31.0,31.134644349987866,23.671190314084413,0.0,-0.134644349987866,0.16339854611045057,0,5.55674,0.18522
545.6585991382599,31.0,31.131300627251505,23.670016413544715,0.0,-0.13130062725150538,0.16011603042916295,0,5.55674,0.18522
545.6863393783569,31.0,31.129208499794856,23.670016413544715,0.0,-0.12920849979485638,0.15688581793429154,0,5.55674,0.18522
545.7185060977936,31.0,31.127119586068602,23.670016413544715,0.0,-0.12711958606860208,0.15370782828257648,0,5.55674,0.18522
545.7614064216614,31.0,31.125447861486293,23.668842520457076,0.0,-0.12544786148629328,0.15057163174541915,0,5.55674,0.18522
545.790337562561,31.0,31.122521635694056,23.668842520457076,0.0,-0.12252163569405639,0.14750859085306775,0,5.55674,0.18522
545.8349759578705,31.0,31.12043289276812,23.668452210048258,0.0,-0.12043289276812175,0.1444977685338647,0,5.55674,0.18522
545.8644125461578,31.0,31.117506846376727,23.668842520457076,0.0,-0.11750684637672748,0.14156009737444653,0,5.55674,0.18522
545.9082074165344,31.0,31.11666949814787,23.66727832688781,0.0,-0.11666949814787131,0.13864335992074975,0,5.55674,0.18522
545.9507219791412,31.0,31.110820938692825,23.666497713493868,0.0,-0.11082093869282517,0.13587283645342912,0,5.55674,0.18522
545.9823515415192,31.0,31.109566601925337,23.666104451175386,0.0,-0.10956660192533718,0.1331336714052957,0,5.55674,0.18522
546.0190200805664,31.0,31.107895235948263,23.666497713493868,0.0,-0.10789523594826278,0.13043629050658911,0,5.55674,0.18522
546.0567598342896,31.0,31.10455260634683,23.664540280752306,0.0,-0.10455260634682872,0.1278224753479184,0,5.55674,0.18522
546.093222618103,31.0,31.103715390621858,23.663759678906956,0.0,-0.10371539062185775,0.12522959058237196,0,5.55674,0.18522
546.1324815750122,31.0,31.099118754882568,23.663366422405886,0.0,-0.09911875488256783,0.12275162171030776,0,5.55674,0.18522
546.1776387691498,31.0,31.096610459003443,23.66141197955409,0.0,-0.09661045900344334,0.12033636023522168,0,5.55674,0.18522
546.2162046432495,31.0,31.09285131802011,23.66063139089613,0.0,-0.09285131802010937,0.11801507728471894,0,5.55674,0.18522
546.2505049705505,31.0,31.0890923494523,23.65906726670363,0.0,-0.08909234945230082,0.11578776854841141,0,5.55674,0.18522
546.2812819480896,31.0,31.086584360411678,23.659847848770937,0.0,-0.08658436041167761,0.11362315953811947,0,5.55674,0.18522
546.3228795528412,31.0,31.083242600019048,23.657893443042838,0.0,-0.08324260001904804,0.11154209453764327,0,5.55674,0.18522
546.3660233020782,31.0,31.08115170010859,23.65671962681654,0.0,-0.08115170010859174,0.10951330203492848,0,5.55674,0.18522
546.4121108055115,31.0,31.076976376692755,23.655545818023086,0.0,-0.07697637669275537,0.1075888926176096,0,5.55674,0.18522
546.4453842639923,31.0,31.074468758106434,23.654765254072856,0.0,-0.07446875810643405,0.10572717366494874,0,5.55674,0.18522
546.4762210845947,31.0,31.0707106319137,23.65319822272778,0.0032871391561153374,-0.07071063191369831,0.10395940786710628,0,5.55674,0.18522
546.5073509216309,31.0,31.06904005795525,23.65280794528229,0.0122704188025749,-0.06904005795524881,0.10223340641822506,0,5.55674,0.18522
546.5393488407135,31.0,31.066115845868353,23.65280794528229,0.02821335565001859,-0.06611584586835306,0.10058051027151624,0,5.55674,0.18522
546.5818495750427,31.0,31.063608559042166,23.651634161246363,0.04191138215362972,-0.06360855904216578,0.09899029629546209,0,5.55674,0.18522
546.6263508796692,31.0,31.05818057688242,23.651243887091027,0.07182388690684971,-0.058180576882421065,0.09753578187340156,0,5.55674,0.18522
546.6630749702454,31.0,31.056090315244035,23.649679842083003,0.0832594497480314,-0.05609031524403463,0.0961335239923007,0,5.55674,0.18522
546.7119197845459,31.0,31.04982616376998,23.64928957203739,0.11785701487591282,-0.04982616376997839,0.09488786989805124,0,5.55674,0.18522
546.7512369155884,31.0,31.046902635508275,23.64928957203739,0.1338851186551313,-0.04690263550827467,0.09371530401034438,0,5.55674,0.18522
546.8162083625793,31.0,31.040222479425893,23.648115810254126,0.1708789827693248,-0.04022247942589274,0.09270974202469706,0,5.55674,0.18522
546.8494236469269,31.0,31.037715982397685,23.648115810254126,0.1846322912093534,-0.037715982397685366,0.09176684246475493,0,5.55674,0.18522
546.8818142414093,31.0,31.035212718387697,23.64733232100218,0.19841942552287156,-0.03521271838769735,0.0908865245050625,0,5.55674,0.18522
546.9289112091064,31.0,31.02978345411435,23.647725543496506,0.22843034759428443,-0.02978345411435157,0.09014193815220371,0,5.55674,0.18522
546.9631588459015,31.0,31.028113711706396,23.64733232100218,0.2375986670827913,-0.028113711706396316,0.08943909535954381,0,5.55674,0.18522
547.0020277500153,31.0,31.022688071790526,23.64694205589126,0.26766250417655857,-0.02268807179052601,0.08887189356478066,0,5.55674,0.18522
547.0545029640198,31.0,31.01976550756632,23.646161528129824,0.28385095712291225,-0.01976550756631923,0.08837775587562267,0,5.55674,0.18522
547.089955329895,31.0,31.016426462831703,23.644597525933307,0.30240934421824595,-0.016426462831702793,0.0879670943048301,0,5.55674,0.18522
547.1268689632416,31.0,31.01016532972875,23.64537804712262,0.33711371515272387,-0.010165329728749839,0.08771296106161136,0,5.55674,0.18522
547.1631157398224,31.0,31.00807628731667,23.644597525933307,0.3487246307019255,-0.008076287316669095,0.08751105387869464,0,5.55674,0.18522
547.2056317329407,31.0,31.00473771614702,23.64537804712262,0.36721421740382976,-0.004737716147019455,0.08739261097501914,0,5.55674,0.18522
547.2454085350037,31.0,30.999313615095502,23.643030580414404,0.3974781596607502,0.0006863849044975723,0.08740977059763158,0,5.55674,0.18522
547.2790927886963,31.0,30.99806097928422,23.643030580414404,0.40444770981416694,0.0019390207157812256,0.0874582461155261,0,5.55674,0.18522
547.3196196556091,31.0,30.990965172209087,23.64185981465056,0.44397917066602754,0.009034827790912914,0.08768411681029893,0,5.55674,0.18522
547.3646156787872,31.0,30.988043732202755,23.642640324340334,0.46022817003015687,0.011956267797245346,0.08798302350523006,0,5.55674,0.18522
547.3962087631226,31.0,30.988043732202755,23.641466604571065,0.4603437551684829,0.011956267797245346,0.08828193020016119,0,5.55674,0.18522
547.43274974823,31.0,30.982204316944603,23.64107635178067,0.49289429365238496,0.017795683055396694,0.0887268222765461,0,5.55674,0.18522
547.4708833694458,31.0,30.979283186901,23.6406860998095,0.5092422062038322,0.020716813098999864,0.0892447426040211,0,5.55674,0.18522
547.5208914279938,31.0,30.973024871559403,23.63990264188584,0.5441831436710916,0.026975128440597018,0.08991912081503603,0,5.55674,0.18522
547.576318025589,31.0,30.97010406605159,23.639122143689463,0.5605917796757102,0.029895933948409947,0.09066651916374628,0,5.55674,0.18522
547.6368653774261,31.0,30.963846445745276,23.639122143689463,0.5955311577695966,0.03615355425472444,0.09157035802011439,0,5.55674,0.18522
547.6826899051666,31.0,30.958841321197212,23.639122143689463,0.6235339188129972,0.04115867880278756,0.09259932499018407,0,5.55674,0.18522
547.7313606739044,31.0,30.954669038627173,23.63873189581966,0.646948136257339,0.04533096137282655,0.09373259902450473,0,5.55674,0.18522
547.7760424613953,31.0,30.952165139377485,23.63873189581966,0.6610831526961677,0.04783486062251541,0.09492847054006762,0,5.55674,0.18522
547.8223443031311,31.0,30.947160721419436,23.637558200721458,0.6891962947942984,0.05283927858056359,0.09624945250458171,0,5.55674,0.18522
547.8709869384766,31.0,30.942989027644046,23.637558200721458,0.7126413017712555,0.05701097235595398,0.09767472681348056,0,5.55674,0.18522
547.9117455482483,31.0,30.939236890017014,23.637558200721458,0.7337723185896654,0.06076310998298595,0.09919380456305521,0,5.55674,0.18522
547.9639921188354,31.0,30.933813932619785,23.636384513028418,0.7642729774566615,0.06618606738021526,0.10084845624756059,0,5.55674,0.18522
547.9958503246307,31.0,30.929226766100612,23.63677475597376,0.790070361873179,0.07077323389938783,0.10261778709504528,0,5.55674,0.18522
548.0334157943726,31.0,30.926310658213595,23.63677475597376,0.8066156337104264,0.0736893417864053,0.10446002063970541,0,5.55674,0.18522
548.0663990974426,31.0,30.922140014052786,23.635601073222688,0.8302115693504337,0.07785998594721377,0.10640652028838576,0,5.55674,0.18522
548.0995035171509,31.0,30.920056346757974,23.634820593073243,0.8422001909995727,0.0799436532420259,0.10840511161943642,0,5.55674,0.18522
548.1464636325836,31.0,30.917137409196698,23.633646922645994,0.8588638824391643,0.08286259080330183,0.11047667638951897,0,5.55674,0.18522
548.1825370788574,31.0,30.913802506888146,23.632863494363164,0.8778344014079684,0.08619749311185387,0.11263161371731531,0,5.55674,0.18522
548.2263219356537,31.0,30.90963249154379,23.634037159851005,0.9013643203652782,0.090367508456211,0.11489080142872059,0,5.55674,0.18522
548.2661113739014,31.0,30.907129952546768,23.63247325961828,0.9157805548275652,0.09287004745323202,0.11721255261505138,0,5.55674,0.18522
548.3074338436127,31.0,30.9046306406579,23.63129960398834,0.9301704073407583,0.09536935934210078,0.1195967865986039,0,5.55674,0.18522
548.3638541698456,31.0,30.900461085998074,23.630128912037947,0.9538605197303391,0.0995389140019256,0.12208525944865203,0,5.55674,0.18522
548.4135875701904,31.0,30.8979588233949,23.629735726745594,0.9682576177899731,0.10204117660509837,0.12463628886377949,0,5.55674,0.18522
548.4613227844238,31.0,30.890039690476954,23.62817186263078,1.0,0.10996030952304636,0.12738529660185566,0,5.55674,0.18522
548.5107138156891,31.0,30.88962374414882,23.626998234099176,1.0,0.11037625585117894,0.13014470299813513,0,5.55674,0.18522
548.5502362251282,31.0,30.887121807877577,23.626608011640087,1.0,0.11287819212242312,0.1329666578011957,0,5.55674,0.18522
548.6128678321838,31.0,30.882121312023685,23.625434392955015,1.0,0.11787868797631518,0.13591362500060358,0,5.55674,0.18522
548.6461265087128,31.0,30.879203707290912,23.624263737848082,1.0,0.12079629270908754,0.13893353231833078,0,5.55674,0.18522
548.7081725597382,31.0,30.87587032735678,23.623090133917913,1.0,0.12412967264322106,0.1420367741344113,0,5.55674,0.18522
548.7481653690338,31.0,30.871702215029472,23.623090133917913,1.0,0.12829778497052757,0.1452442187586745,0,5.55674,0.18522
548.789562702179,31.0,30.87045465737816,23.621133158395935,1.0,0.1295453426218387,0.14848285232422045,0,5.55674,0.18522
548.8323097229004,31.0,30.866702645918224,23.6207429482086,1.0,0.13329735408177612,0.15181528617626486,0,5.55674,0.18522
548.8762028217316,31.0,30.86462036827811,23.61956936642605,1.0,0.13537963172188938,0.1551997769693121,0,5.55674,0.18522
548.9261386394501,31.0,30.861703377037657,23.617615383909197,1.0,0.13829662296234346,0.15865719254337068,0,5.55674,0.18522
548.9555878639221,31.0,30.860868619730866,23.616832022984795,1.0,0.1391313802691343,0.16213547705009904,0,5.55674,0.18522
548.9893484115601,31.0,30.8587864879662,23.616441821788214,1.0,0.14121351203380073,0.16566581485094406,0,5.55674,0.18522
549.0226857662201,31.0,30.85795175989267,23.615268267041813,1.0,0.14204824010732864,0.16921702085362728,0,5.55674,0.18522
549.0552186965942,31.0,30.8537876942097,23.614878069112194,1.0,0.14621230579029998,0.17287232849838477,0,5.55674,0.18522
549.0917139053345,31.0,30.854619230786852,23.612924135677133,1.0,0.1453807692131477,0.17650684772871347,0,5.55674,0.18522
549.1371650695801,31.0,30.85295301621818,23.612924135677133,1.0,0.14704698378182002,0.18018302232325897,0,5.55674,0.18522
549.1729283332825,31.0,30.85087108226554,23.61136041244157,1.0,0.14912891773445835,0.18391124526662042,0,5.55674,0.18522
549.2119145393372,31.0,30.8483703105386,23.610967266691773,1.0,0.15162968946140154,0.18770198750315545,0,5.55674,0.18522
549.2565369606018,31.0,30.84753883630748,23.609796702286985,1.0,0.1524611636925215,0.19151351659546847,0,5.55674,0.18522
549.3117213249207,31.0,30.84753883630748,23.608623189267234,1.0,0.1524611636925215,0.1953250456877815,0,5.55674,0.18522
549.3463578224182,31.0,30.845453888152747,23.607839866034737,1.0,0.1545461118472531,0.19918869848396284,0,5.55674,0.18522
549.381427526474,31.0,30.846704220893173,23.607839866034737,1.0,0.153295779106827,0.2030210929616335,0,5.55674,0.18522
549.4218475818634,31.0,30.842956428256116,23.60744968361081,1.0,0.15704357174388406,0.20694718225523062,0,5.55674,0.18522
549.4662325382233,31.0,30.840040195221775,23.606666365292426,1.0,0.15995980477822513,0.21094617737468624,0,5.55674,0.18522
549.5066320896149,31.0,30.84170615171348,23.605495827804134,1.0,0.15829384828651882,0.21490352358184922,0,5.55674,0.18522
549.6933169364929,31.0,30.839624498600585,23.605495827804134,1.0,0.1603755013994146,0.21891291111683459,0,5.55674,0.18522
549.7517974376678,31.0,30.83920565485795,23.6058860061533,1.0,0.16079434514205104,0.22293276974538587,0,5.55674,0.18522
549.7818214893341,31.0,30.837958583686543,23.605102694381173,1.0,0.16204141631345692,0.22698380515322228,0,5.55674,0.18522
549.8134853839874,31.0,30.837124064148327,23.605495827804134,1.0,0.16287593585167315,0.2310557035495141,0,5.55674,0.18522
549.8476660251617,31.0,30.83878996239588,23.606666365292426,1.0,0.16121003760412123,0.23508595448961714,0,5.55674,0.18522
549.8776497840881,31.0,30.840040195221775,23.606666365292426,1.0,0.15995980477822513,0.23908494960907276,0,5.55674,0.18522
549.9155178070068,31.0,30.837958583686543,23.608233005209286,1.0,0.16204141631345692,0.24313598501690917,0,5.55674,0.18522
549.9739243984222,31.0,30.84045589391485,23.608623189267234,1.0,0.1595441060851499,0.24712458766903792,0,5.55674,0.18522
550.0305013656616,31.0,30.840040195221775,23.608623189267234,1.0,0.15995980477822513,0.25112358278849356,0,5.55674,0.18522
550.0840165615082,31.0,30.84045589391485,23.610186889607633,1.0,0.1595441060851499,0.2551121854406223,0,5.55674,0.18522
550.1296920776367,31.0,30.84170615171348,23.610186889607633,1.0,0.15829384828651882,0.2590695316477853,0,5.55674,0.18522
550.1824820041656,31.0,30.84170615171348,23.610967266691773,1.0,0.15829384828651882,0.26302687785494827,0,5.55674,0.18522
550.2283878326416,31.0,30.844622443008063,23.61136041244157,1.0,0.15537755699193667,0.26691131677974667,0,5.55674,0.18522
550.266083240509,31.0,30.844206723544858,23.611750603025882,1.0,0.1557932764551424,0.27080614869112524,0,5.55674,0.18522
550.3006520271301,31.0,30.846288491049734,23.612140794424704,1.0,0.1537115089502663,0.2746489364148819,0,5.55674,0.18522
550.356339931488,31.0,30.846704220893173,23.612140794424704,1.0,0.153295779106827,0.2784813308925526,0,5.55674,0.18522
550.4031827449799,31.0,30.8483703105386,23.61253098663815,1.0,0.15162968946140154,0.28227207312908764,0,5.55674,0.18522
550.4429013729095,31.0,30.85128683496532,23.61253098663815,1.0,0.14871316503467824,0.2859899022549546,0,5.55674,0.18522
550.4721119403839,31.0,30.850036433485513,23.612924135677133,1.0,0.1499635665144865,0.2897389914178167,0,5.55674,0.18522
550.5191380977631,31.0,30.852537255206016,23.613314329526077,1.0,0.1474627447939838,0.29342556003766634,0,5.55674,0.18522
550.55202293396,31.0,30.85336877930473,23.613314329526077,1.0,0.14663122069526935,0.2970913405550481,0,5.55674,0.18522
550.5922729969025,31.0,30.855869701035715,23.61409767569785,1.0,0.14413029896428498,0.3006945980291552,0,5.55674,0.18522
550.6453456878662,31.0,30.860037020771074,23.61409767569785,1.0,0.1399629792289261,0.3041936725098784,0,5.55674,0.18522
550.6785244941711,31.0,30.860452819213037,23.614878069112194,1.0,0.1395471807869626,0.30768235202955246,0,5.55674,0.18522
550.7347705364227,31.0,30.862534992636938,23.615268267041813,1.0,0.1374650073630619,0.311118977213629,0,5.55674,0.18522
550.7774012088776,31.0,30.865036189605974,23.615661421840798,1.0,0.1349638103940265,0.3144930724734797,0,5.55674,0.18522
550.8177888393402,31.0,30.865036189605974,23.616832022984795,1.0,0.1349638103940265,0.31786716773333035,0,5.55674,0.18522
550.8603804111481,31.0,30.86961981232338,23.616441821788214,1.0,0.13038018767662152,0.3211266724252459,0,5.55674,0.18522
550.9053962230682,31.0,30.86961981232338,23.61722518107564,1.0,0.13038018767662152,0.32438617711716144,0,5.55674,0.18522
550.9527626037598,31.0,30.874619556681864,23.616051621406882,1.0,0.1253804433181358,0.3275206882001148,0,5.55674,0.18522
550.9899153709412,31.0,30.877537000627342,23.616051621406882,1.0,0.12246299937265803,0.3305822631844313,0,5.55674,0.18522
551.0312967300415,31.0,30.881289500675678,23.616051621406882,1.0,0.11871049932432243,0.33355002566753933,0,5.55674,0.18522
551.069304227829,31.0,30.880870447352606,23.615661421840798,1.0,0.11912955264739367,0.3365282644837242,0,5.55674,0.18522
551.1079001426697,31.0,30.88503901912179,23.614878069112194,1.0,0.11496098087820883,0.3394022890056794,0,5.55674,0.18522
551.1504545211792,31.0,30.888372766600014,23.61409767569785,1.0,0.11162723339998593,0.3421929698406791,0,5.55674,0.18522
551.1953594684601,31.0,30.890874740526215,23.612924135677133,1.0,0.10912525947378526,0.34492110132752374,0,5.55674,0.18522
551.2361264228821,31.0,30.892957675517835,23.612924135677133,1.0,0.10704232448216544,0.34759715943957786,0,5.55674,0.18522
551.2787220478058,31.0,30.8958757630283,23.61136041244157,1.0,0.1041242369716997,0.35020026536387033,0,5.55674,0.18522
551.3213453292847,31.0,30.899625939594443,23.610577077742505,1.0,0.10037406040555652,0.35270961687400926,0,5.55674,0.18522
551.3604874610901,31.0,30.902963423992333,23.609796702286985,0.9841644618554994,0.09703657600766746,0.35513553127420094,0,5.55674,0.18522
551.412112236023,31.0,30.907129952546768,23.608623189267234,0.9615023917629695,0.09287004745323202,0.35745728246053177,0,5.55674,0.18522
551.4512875080109,31.0,30.907965174428398,23.608623189267234,0.9572874481842508,0.09203482557160214,0.35975815309982184,0,5.55674,0.18522
551.4890367984772,31.0,30.912551165085972,23.608233005209286,0.932229241993136,0.08744883491402788,0.36194437397267254,0,5.55674,0.18522
551.5294771194458,31.0,30.915469941286347,23.606666365292426,0.9164821596962978,0.08453005871365349,0.3640576254405139,0,5.55674,0.18522
551.5701811313629,31.0,30.918804910624374,23.606666365292426,0.8983265760382615,0.08119508937562614,0.36608750267490453,0,5.55674,0.18522
551.6133818626404,31.0,30.9242237337034,23.604712517665178,0.8686667158070212,0.07577626629660017,0.36798190933231956,0,5.55674,0.18522
551.6728200912476,31.0,30.929226766100612,23.60393216667336,0.8412339195558676,0.07077323389938783,0.36975124017980426,0,5.55674,0.18522
551.7088418006897,31.0,30.931313816568945,23.60432234176261,0.8299347548636247,0.06868618343105481,0.37146839476558063,0,5.55674,0.18522
551.7661306858063,31.0,30.93715279288017,23.603148863078218,0.7978403048991797,0.06284720711983027,0.37303957494357637,0,5.55674,0.18522
551.8003475666046,31.0,30.93965308513657,23.60432234176261,0.7841660580250066,0.060346914863430356,0.3745482478151621,0,5.55674,0.18522
551.8531098365784,31.0,30.945076424861668,23.60432234176261,0.7542842928556424,0.054923575138332126,0.3759213371936204,0,5.55674,0.18522
551.892480134964,31.0,30.94882882711994,23.60393216667336,0.7336901364922511,0.05117117288006057,0.3772006165156219,0,5.55674,0.18522
551.9299802780151,31.0,30.951332625427426,23.605102694381173,0.7199424767022236,0.04866737457257386,0.37841730087993625,0,5.55674,0.18522
551.972617149353,31.0,30.95550158614509,23.60432234176261,0.6970227344449353,0.04449841385491027,0.379529761226309,0,5.55674,0.18522
552.0149502754211,31.0,30.961342268693897,23.604712517665178,0.6647265654365407,0.038657731306102505,0.38049620450896154,0,5.55674,0.18522
552.0624125003815,31.0,30.965514887916243,23.605102694381173,0.6416800692817899,0.034485112083757485,0.3813583323110555,0,5.55674,0.18522
552.103143453598,31.0,30.967183363756817,23.6058860061533,0.6325205498286075,0.032816636243182984,0.38217874821713504,0,5.55674,0.18522
552.1426453590393,31.0,30.973441236690803,23.606276185316062,0.5978501378806917,0.02655876330919682,0.38284271729986497,0,5.55674,0.18522
552.1824834346771,31.0,30.97552624818752,23.607059502000766,0.5863374061071807,0.02447375181247935,0.38345456109517695,0,5.55674,0.18522
552.2211887836456,31.0,30.98178475303564,23.608623189267234,0.5515646373442108,0.01821524696435972,0.38390994226928593,0,5.55674,0.18522
552.2627835273743,31.0,30.983037141845784,23.609013374139238,0.5446639651148611,0.01696285815421561,0.3843340137231413,0,5.55674,0.18522
552.3033096790314,31.0,30.98679442224983,23.610186889607633,0.5237866720723123,0.013205577750170505,0.38466415316689556,0,5.55674,0.18522
552.3464379310608,31.0,30.993886715630083,23.610186889607633,0.4844049493177972,0.0061132843699169825,0.3848169852761435,0,5.55674,0.18522
552.3854501247406,31.0,30.99597539863288,23.61253098663815,0.4726970450635041,0.004024601367120795,0.3849176003103215,0,5.55674,0.18522
552.4236924648285,31.0,31.00223545417407,23.613314329526077,0.4378610007235429,-0.002235454174069673,0.3848617139559698,0,5.55674,0.18522
552.4608144760132,31.0,31.005154241274738,23.613704524189814,0.4215981727260017,-0.0051542412747380695,0.38473285792410133,0,5.55674,0.18522
552.5262403488159,31.0,31.011418149442477,23.615661421840798,0.38663798669746113,-0.011418149442476988,0.3844474041880394,0,5.55674,0.18522
552.5842068195343,31.0,31.01809596828133,23.616441821788214,0.34940724921773636,-0.018095968281329533,0.3839950049810062,0,5.55674,0.18522
552.6336166858673,31.0,31.022688071790526,23.618005587558173,0.32370483258543425,-0.02268807179052601,0.38342780318624303,0,5.55674,0.18522
552.6723744869232,31.0,31.02769707048759,23.619962530281782,0.29564247035246577,-0.027697070487590736,0.38273537642405325,0,5.55674,0.18522
552.7178826332092,31.0,31.03145323039456,23.620352738837255,0.2746048012053523,-0.03145323039456116,0.38194904566418925,0,5.55674,0.18522
552.7509093284607,31.0,31.03729929256224,23.621916537371987,0.24186680339823347,-0.037299292562238406,0.3810165633501333,0,5.55674,0.18522
552.8010811805725,31.0,31.041059047700912,23.624263737848082,0.2206642666939006,-0.04105904770091229,0.37999008715761046,0,5.55674,0.18522
552.8299605846405,31.0,31.042729052837103,23.62387056492787,0.21120679853327673,-0.042729052837103154,0.3789218608366829,0,5.55674,0.18522
552.8683638572693,31.0,31.04606916485426,23.625827569172657,0.19233293053050782,-0.04606916485425927,0.3777701317153264,0,5.55674,0.18522
552.920652627945,31.0,31.05274979601552,23.62739141361527,0.15488590390229207,-0.05274979601551877,0.37645138681493845,0,5.55674,0.18522
552.9522497653961,31.0,31.05692704501513,23.628955271179905,0.1313301776422352,-0.05692704501512935,0.3750282106895602,0,5.55674,0.18522
552.995284318924,31.0,31.06026773409144,23.630128912037947,0.11242754969014307,-0.060267734091439706,0.37352151733727423,0,5.55674,0.18522
553.0372474193573,31.0,31.063191737923205,23.630909372520648,0.09584696714560725,-0.06319173792320498,0.3719417238891941,0,5.55674,0.18522
553.0744559764862,31.0,31.066949519909656,23.63247325961828,0.07457569943096631,-0.06694951990965592,0.3702679858914527,0,5.55674,0.18522
553.1101775169373,31.0,31.07154435261873,23.633646922645994,0.04865190386937013,-0.07154435261873004,0.36847937707598444,0,5.55674,0.18522
553.1510601043701,31.0,31.073635007693042,23.634820593073243,0.03663349117998216,-0.0736350076930421,0.3666385018836584,0,5.55674,0.18522
553.2032310962677,31.0,31.081571770887308,23.635601073222688,0.0,-0.08157177088730805,0.3645992076114757,0,5.55674,0.18522
553.2360985279083,31.0,31.084496533844117,23.636384513028418,0.0,-0.08449653384411704,0.3624867942653728,0,5.55674,0.18522
553.271879196167,31.0,31.087418242460444,23.63677475597376,0.0,-0.08741824246044416,0.3603013382038617,0,5.55674,0.18522
553.3133327960968,31.0,31.091597256402736,23.63599427090162,0.0,-0.09159725640273564,0.3580114067937933,0,5.55674,0.18522
553.3661735057831,31.0,31.095776483429404,23.63599427090162,0.0,-0.09577648342940392,0.3556169947080582,0,5.55674,0.18522
553.4161653518677,31.0,31.10037293162202,23.63677475597376,0.0,-0.10037293162201877,0.3531076714175077,0,5.55674,0.18522
553.4460179805756,31.0,31.1024611627019,23.63599427090162,0.0,-0.10246116270189987,0.35054614234996023,0,5.55674,0.18522
553.4800481796265,31.0,31.106223904090484,23.63599427090162,0.0,-0.10622390409048421,0.34789054474769815,0,5.55674,0.18522
553.5214068889618,31.0,31.11123800202705,23.635601073222688,0.0,-0.1112380020270507,0.3451095946970219,0,5.55674,0.18522
553.5560264587402,31.0,31.112909436258747,23.635210832738835,0.0,-0.11290943625874661,0.34228685879055326,0,5.55674,0.18522
553.6041707992554,31.0,31.118761304853876,23.634820593073243,0.0,-0.11876130485387648,0.33931782616920636,0,5.55674,0.18522
553.6380186080933,31.0,31.118341043322232,23.6344303542258,0.0,-0.11834104332223205,0.33635930008615056,0,5.55674,0.18522
553.6704478263855,31.0,31.120850005096315,23.633646922645994,0.0,-0.12085000509631527,0.33333804995874267,0,5.55674,0.18522
553.7010812759399,31.0,31.12419330045742,23.634037159851005,0.0,-0.12419330045742072,0.33023321744730716,0,5.55674,0.18522
553.7486066818237,31.0,31.127536732502563,23.632863494363164,0.0,-0.1275367325025627,0.3270447991347431,0,5.55674,0.18522
553.8027579784393,31.0,31.132134964918293,23.632083025691202,0.0,-0.13213496491829346,0.32374142501178577,0,5.55674,0.18522
553.8535702228546,31.0,31.132972471520304,23.631692792581987,0.0,-0.13297247152030423,0.32041711322377814,0,5.55674,0.18522
553.8854713439941,31.0,31.13673345603155,23.630909372520648,0.0,-0.13673345603154985,0.3169987768229894,0,5.55674,0.18522
553.9304413795471,31.0,31.140077401083943,23.630909372520648,0.0,-0.14007740108394273,0.3134968417958908,0,5.55674,0.18522
553.9853670597076,31.0,31.143004255493793,23.630128912037947,0.0,-0.1430042554937927,0.309921735408546,0,5.55674,0.18522
554.0165684223175,31.0,31.146768862839735,23.630519141870536,0.0,-0.14676886283973545,0.30625251383755264,0,5.55674,0.18522
554.0542688369751,31.0,31.146348457273632,23.630909372520648,0.0,-0.146348457273632,0.3025938024057118,0,5.55674,0.18522
554.0959706306458,31.0,31.14885827900605,23.630519141870536,0.0,-0.1488582790060491,0.29887234543056057,0,5.55674,0.18522
554.131756067276,31.0,31.15220272056729,23.630519141870536,0.0,-0.15220272056728845,0.29506727741637834,0,5.55674,0.18522
554.1714248657227,31.0,31.1517854481653,23.63129960398834,0.0,-0.15178544816529893,0.2912726412122459,0,5.55674,0.18522
554.2074558734894,31.0,31.153040432965895,23.632083025691202,0.0,-0.15304043296589498,0.28744663038809853,0,5.55674,0.18522
554.2424898147583,31.0,31.156385045897707,23.63247325961828,0.0,-0.1563850458977072,0.28353700424065587,0,5.55674,0.18522
554.2928726673126,31.0,31.15931248502983,23.633646922645994,0.0,-0.15931248502982953,0.2795541921149101,0,5.55674,0.18522
554.3261239528656,31.0,31.160567585597107,23.634037159851005,0.0,-0.16056758559710715,0.27554000247498245,0,5.55674,0.18522
554.3692274093628,31.0,31.160567585597107,23.63599427090162,0.0,-0.16056758559710715,0.2715258128350548,0,5.55674,0.18522
554.4161405563354,31.0,31.163074683081277,23.637164999737536,0.0,-0.16307468308127682,0.26744894575802286,0,5.55674,0.18522
554.4485509395599,31.0,31.163074683081277,23.637948446128746,0.0,-0.16307468308127682,0.26337207868099094,0,5.55674,0.18522
554.4890267848969,31.0,31.163074683081277,23.637948446128746,0.0,-0.16307468308127682,0.259295211603959,0,5.55674,0.18522
554.5325434207916,31.0,31.16516767846224,23.63833869235475,0.0,-0.16516767846223956,0.25516601964240304,0,5.55674,0.18522
554.5877358913422,31.0,31.166002362296865,23.6406860998095,0.0,-0.16600236229686516,0.25101596058498143,0,5.55674,0.18522
554.6353352069855,31.0,31.167257565814054,23.641466604571065,0.0,-0.1672575658140545,0.24683452143963008,0,5.55674,0.18522
554.6714119911194,31.0,31.165585019311663,23.641466604571065,0.0,-0.16558501931166347,0.2426948959568385,0,5.55674,0.18522
554.7103471755981,31.0,31.167257565814054,23.64185981465056,0.0,-0.1672575658140545,0.23851345681148714,0,5.55674,0.18522
554.7588267326355,31.0,31.16767491735942,23.642640324340334,0.0,-0.1676749173594203,0.23432158387750163,0,5.55674,0.18522
554.7959718704224,31.0,31.169768030817806,23.643423793802754,0.0,-0.16976803081780645,0.23007738310705647,0,5.55674,0.18522
554.8381111621857,31.0,31.168092271041075,23.644597525933307,0.0,-0.1680922710410755,0.22587507633102957,0,5.55674,0.18522
554.877185344696,31.0,31.169768030817806,23.644987786118065,0.0,-0.16976803081780645,0.22163087556058442,0,5.55674,0.18522
554.9214525222778,31.0,31.16767491735942,23.646551791600473,0.0,-0.1676749173594203,0.2174390026265989,0,5.55674,0.18522
554.9588675498962,31.0,31.168930146624064,23.64694205589126,0.0,-0.16893014662406358,0.21321574896099732,0,5.55674,0.18522
555.0060441493988,31.0,31.166840216404808,23.64850607783211,0.0,-0.1668402164048075,0.20904474355087713,0,5.55674,0.18522
555.0428621768951,31.0,31.167257565814054,23.64928957203739,0.0,-0.1672575658140545,0.20486330440552578,0,5.55674,0.18522
555.0820376873016,31.0,31.16851278865363,23.651243887091027,0.0,-0.1685127886536293,0.20065048468918503,0,5.55674,0.18522
555.1180262565613,31.0,31.16767491735942,23.65085361375651,0.0,-0.1676749173594203,0.19645861175519952,0,5.55674,0.18522
555.1692037582397,31.0,31.16641970741796,23.653591457651203,0.0,-0.1664197074179583,0.19229811906975056,0,5.55674,0.18522
555.1996004581451,31.0,31.16516767846224,23.653591457651203,0.0,-0.16516767846223956,0.18816892710819458,0,5.55674,0.18522
555.2323017120361,31.0,31.166840216404808,23.654765254072856,0.0,-0.1668402164048075,0.18399792169807438,0,5.55674,0.18522
555.269154548645,31.0,31.164329841537892,23.655936101230452,0.0,-0.1643298415378922,0.17988967565962707,0,5.55674,0.18522
555.3208923339844,31.0,31.163492013220605,23.65750019899542,0.0,-0.1634920132206048,0.17580237532911194,0,5.55674,0.18522
555.3524158000946,31.0,31.161819543939544,23.658283731193137,0.0,-0.16181954393954356,0.17175688673062336,0,5.55674,0.18522
555.3832671642303,31.0,31.160984902909718,23.658283731193137,0.0,-0.16098490290971768,0.16773226415788042,0,5.55674,0.18522
555.431738615036,31.0,31.15931248502983,23.66141197955409,0.0,-0.15931248502982953,0.16374945203213467,0,5.55674,0.18522
555.4842412471771,31.0,31.15805740377067,23.66141197955409,0.0,-0.15805740377066968,0.15979801693786794,0,5.55674,0.18522
555.5151696205139,31.0,31.157219639871244,23.662585825509893,0.0,-0.15721963987124354,0.15586752594108685,0,5.55674,0.18522
555.5489764213562,31.0,31.157219639871244,23.663759678906956,0.0,-0.15721963987124354,0.15193703494430577,0,5.55674,0.18522
555.581060886383,31.0,31.155547299167893,23.664540280752306,0.0,-0.15554729916789256,0.14804835246510845,0,5.55674,0.18522
555.6153597831726,31.0,31.1517854481653,23.666104451175386,0.0,-0.15178544816529893,0.14425371626097597,0,5.55674,0.18522
555.6460511684418,31.0,31.153040432965895,23.666104451175386,0.0,-0.15304043296589498,0.1404277054368286,0,5.55674,0.18522
555.6899845600128,31.0,31.15136817789636,23.668452210048258,0.0,-0.1513681778963587,0.13664350098941963,0,5.55674,0.18522
555.7343602180481,31.0,31.14969595708402,23.669235788595984,0.0,-0.1496959570840204,0.13290110206231912,0,5.55674,0.18522
555.7623953819275,31.0,31.147186109601932,23.66962610065849,0.0,-0.14718610960193246,0.1292214493222708,0,5.55674,0.18522
555.805157661438,31.0,31.144259105327137,23.671190314084413,0.0,-0.14425910532713715,0.1256149716890924,0,5.55674,0.18522
555.8361542224884,31.0,31.144259105327137,23.671970947284933,0.0,-0.14425910532713715,0.12200849405591396,0,5.55674,0.18522
555.8687608242035,31.0,31.140914989096586,23.67353518055137,0.0,-0.1409149890965864,0.1184856193284993,0,5.55674,0.18522
555.9104263782501,31.0,31.1388257761339,23.674318780643375,0.0,-0.13882577613389913,0.11501497492515182,0,5.55674,0.18522
555.9522342681885,31.0,31.134227167281267,23.675492708509182,0.0,-0.13422716728126716,0.11165929574312014,0,5.55674,0.18522
555.9862871170044,31.0,31.134644349987866,23.67666664383495,0.0,-0.134644349987866,0.1082931869934235,0,5.55674,0.18522
556.0301990509033,31.0,31.133806826253476,23.678230916859775,0.0,-0.13380682625347617,0.10494801633708659,0,5.55674,0.18522
556.079512834549,31.0,31.130463137779316,23.67901157981015,0.0,-0.13046313777931573,0.10168643789260369,0,5.55674,0.18522
556.1348071098328,31.0,31.127119586068602,23.68057587270266,0.0,-0.12711958606860208,0.09850844824088864,0,5.55674,0.18522
556.1678864955902,31.0,31.123776171078987,23.681359502670887,0.0,-0.12377617107898686,0.09541404396391397,0,5.55674,0.18522
556.209272146225,31.0,31.120850005096315,23.68292381546513,0.0,-0.12085000509631527,0.09239279383650609,0,5.55674,0.18522
556.2676684856415,31.0,31.117506846376727,23.684488141523957,0.0,-0.11750684637672748,0.0894551226770879,0,5.55674,0.18522
556.297746181488,31.0,31.11625240713306,23.68487848582248,0.0,-0.11625240713306084,0.08654881249876138,0,5.55674,0.18522
556.3336038589478,31.0,31.114997987120603,23.685662134067684,0.0,-0.11499798712060283,0.0836738628207463,0,5.55674,0.18522
556.385130405426,31.0,31.108312284377178,23.686836134086036,0.0,-0.10831228437717755,0.08096605571131686,0,5.55674,0.18522
556.4278540611267,31.0,31.107057986046073,23.688400493336246,0.0,-0.10705798604607253,0.07828960606016505,0,5.55674,0.18522
556.4586591720581,31.0,31.1032983656051,23.688790845918504,0.0,-0.10329836560509875,0.07570714692003758,0,5.55674,0.18522
556.5024642944336,31.0,31.1024611627019,23.69035522176125,0.0,-0.10246116270189987,0.07314561785249007,0,5.55674,0.18522
556.5447623729706,31.0,31.099955923623156,23.69035522176125,0.0,-0.0999559236231562,0.07064671976191117,0,5.55674,0.18522
556.5742309093475,31.0,31.0978645973438,23.691919610887624,0.0,-0.0978645973438006,0.06820010482831615,0,5.55674,0.18522
556.6005761623383,31.0,31.093268289861555,23.693093650774358,0.0,-0.09326828986155533,0.06586839758177726,0,5.55674,0.18522
556.6519298553467,31.0,31.090343213972744,23.69426769814646,0.0,-0.09034321397274425,0.06360981723245865,0,5.55674,0.18522
556.6925778388977,31.0,31.085747328247805,23.695441753005696,0.0,-0.0857473282478054,0.06146613402626351,0,5.55674,0.18522
556.7349891662598,31.0,31.082825679165808,23.695832120511966,0.0,-0.08282567916580774,0.05939549204711832,0,5.55674,0.18522
556.762889623642,31.0,31.081571770887308,23.696222488846217,0.0,-0.08157177088730805,0.05735619777493561,0,5.55674,0.18522
556.7952287197113,31.0,31.078230214726545,23.69739655617508,0.0,-0.07823021472654546,0.05540044240677198,0,5.55674,0.18522
556.8275220394135,31.0,31.075722557820086,23.69817730030934,0.0,-0.07572255782008597,0.05350737846126983,0,5.55674,0.18522
556.8603262901306,31.0,31.072798107652943,23.69857063099562,0.0,-0.07279810765294314,0.05168742576994625,0,5.55674,0.18522
556.892374753952,31.0,31.068620051325297,23.699351380112603,0.0025363472983659374,-0.06862005132529703,0.04997192448681382,0,5.55674,0.18522
556.9281895160675,31.0,31.067786360320667,23.699744713309485,0.0068348854274174475,-0.06778636032066743,0.048277265478797134,0,5.55674,0.18522
556.9736850261688,31.0,31.062774918919786,23.70091584570389,0.03433139416897346,-0.0627749189197857,0.04670789250580249,0,5.55674,0.18522
557.0108635425568,31.0,31.059430970294216,23.700525467410387,0.05265768181797015,-0.05943097029421551,0.0452221182484471,0,5.55674,0.18522
557.0472829341888,31.0,31.053166564157152,23.70130918224686,0.08718095907518136,-0.05316656415715215,0.0438929541445183,0,5.55674,0.18522
557.0803968906403,31.0,31.053586491770943,23.70091584570389,0.08461957971061013,-0.05358649177094321,0.042553291850244715,0,5.55674,0.18522
557.1140727996826,31.0,31.04982616376998,23.70130918224686,0.10526384322112303,-0.04982616376997839,0.041307637755995254,0,5.55674,0.18522
557.14608502388,31.0,31.047739271745797,23.70208994299054,0.1165990433538932,-0.047739271745797396,0.040114155962350316,0,5.55674,0.18522
557.1913616657257,31.0,31.042729052837103,23.702873664495996,0.1442014588257295,-0.042729052837103154,0.039045929641422734,0,5.55674,0.18522
557.2206056118011,31.0,31.044399091886476,23.70208994299054,0.1347561075112384,-0.04439909188647562,0.037935952344260844,0,5.55674,0.18522
557.2621672153473,31.0,31.036465919222792,23.7036544318845,0.17858955857498274,-0.036465919222791854,0.03702430436369105,0,5.55674,0.18522
557.2919759750366,31.0,31.033542865827542,23.702873664495996,0.1947169459550833,-0.033542865827541846,0.0361857327180025,0,5.55674,0.18522
557.3238787651062,31.0,31.03187304715152,23.7036544318845,0.20380804614324707,-0.03187304715152095,0.035388906539214476,0,5.55674,0.18522
557.3536038398743,31.0,31.028113711706396,23.704438160060874,0.22452730343255947,-0.028113711706396316,0.03468606374655457,0,5.55674,0.18522
557.3860182762146,31.0,31.024774328486274,23.70326404777569,0.24302891199872864,-0.02477432848627359,0.03406670553439773,0,5.55674,0.18522
557.4276118278503,31.0,31.02143508069196,23.7024803246058,0.2615252001992664,-0.02143508069195832,0.03353082851709877,0,5.55674,0.18522
557.4653551578522,31.0,31.01600672481777,23.702873664495996,0.29159486165435666,-0.0160067248177711,0.03313066039665449,0,5.55674,0.18522
557.5222375392914,31.0,31.01350412074021,23.704828546663805,0.30533834920082314,-0.013504120740208236,0.03279305737814929,0,5.55674,0.18522
557.5718541145325,31.0,31.006826673958813,23.704438160060874,0.34243160401274586,-0.006826673958812535,0.03262239052917898,0,5.55674,0.18522
557.6197888851166,31.0,31.003484997950522,23.705612279847912,0.3609240493074938,-0.0034849979505224837,0.03253526558041592,0,5.55674,0.18522
557.6725797653198,31.0,30.997224847577968,23.705612279847912,0.3957229276319728,0.002775152422032079,0.03260464439096672,0,5.55674,0.18522
557.7094070911407,31.0,30.99347024739575,23.706002668945473,0.4165964704423204,0.006529752604251371,0.032767888206073,0,5.55674,0.18522
557.7403314113617,31.0,30.990965172209087,23.705612279847912,0.4305783879307675,0.009034827790912914,0.032993758900845827,0,5.55674,0.18522
557.776041507721,31.0,30.987210856800118,23.706783449629484,0.4514392718593931,0.012789143199881892,0.033313487480842875,0,5.55674,0.18522
557.8136584758759,31.0,30.984705971566257,23.70717679873127,0.4654089047338589,0.015294028433743279,0.03369583819168646,0,5.55674,0.18522
557.8530645370483,31.0,30.979283186901,23.70717679873127,0.4956378383977317,0.020716813098999864,0.034213758519161454,0,5.55674,0.18522
557.8860478401184,31.0,30.97719492615596,23.70834797848869,0.5072872679881215,0.02280507384404018,0.03478388536526246,0,5.55674,0.18522
557.9298141002655,31.0,30.97177263452653,23.708741330941336,0.5375280573223306,0.02822736547346949,0.035489569502099194,0,5.55674,0.18522
557.9659702777863,31.0,30.969268217380943,23.709522123268698,0.5515466945949543,0.030731782619056958,0.03625786406757562,0,5.55674,0.18522
558.0207662582397,31.0,30.966347544618202,23.710305876482266,0.5678917283626433,0.03365245538179806,0.03709917545212057,0,5.55674,0.18522
558.0734255313873,31.0,30.956753576783115,23.710305876482266,0.6214031657532926,0.04324642321688543,0.03818033603254271,0,5.55674,0.18522
558.1065411567688,31.0,30.95341707953156,23.711086675463946,0.6401188541863276,0.04658292046843826,0.03934490904425366,0,5.55674,0.18522
558.1452119350433,31.0,30.95258455298682,23.712260837761676,0.6449043006202448,0.047415447013179346,0.040530295219583144,0,5.55674,0.18522
558.1961796283722,31.0,30.945076424861668,23.711870435358037,0.6868993710214291,0.054923575138332126,0.041903384598041445,0,5.55674,0.18522
558.2406797409058,31.0,30.94006928234745,23.712260837761676,0.7149802383956214,0.05993071765254854,0.04340165253935516,0,5.55674,0.18522
558.2686598300934,31.0,30.93882069698867,23.712260837761676,0.7222015933647652,0.06117930301132901,0.04493113511463838,0,5.55674,0.18522
558.2998306751251,31.0,30.93423325329104,23.71148003378488,0.7480374199518514,0.06576674670895954,0.04657530378236237,0,5.55674,0.18522
558.3324723243713,31.0,30.930478359544622,23.711870435358037,0.7692042773187168,0.06952164045537756,0.048313344793746806,0,5.55674,0.18522
558.3858773708344,31.0,30.926310658213595,23.711870435358037,0.7927043285100337,0.0736893417864053,0.05015557833840694,0,5.55674,0.18522
558.4261476993561,31.0,30.922556123323943,23.71148003378488,0.8139459374494382,0.07744387667605679,0.05209167525530836,0,5.55674,0.18522
558.4629447460175,31.0,30.920056346757974,23.71069627555795,0.8282469383227766,0.0799436532420259,0.05409026658635901,0,5.55674,0.18522
558.5129301548004,31.0,30.91588601709759,23.709915478236894,0.8518499271902253,0.08411398290240868,0.056193116158919226,0,5.55674,0.18522
558.5501124858856,31.0,30.910048538086926,23.709522123268698,0.8847239829519384,0.08995146191307413,0.05844190270674608,0,5.55674,0.18522
558.5852327346802,31.0,30.90963249154379,23.709131726689975,0.8874743227774331,0.090367508456211,0.06070109041815136,0,5.55674,0.18522
558.6360068321228,31.0,30.9046306406579,23.70834797848869,0.9157501283249444,0.09536935934210078,0.06308532440170388,0,5.55674,0.18522
558.6707644462585,31.0,30.901712245570252,23.70834797848869,0.9324220124911643,0.09828775442974802,0.06554251826244757,0,5.55674,0.18522
558.7067065238953,31.0,30.89837796288242,23.70834797848869,0.9514203153168158,0.10162203711757911,0.06808306919038705,0,5.55674,0.18522
558.7453963756561,31.0,30.893373638532807,23.707567191153828,0.9797618388902688,0.10662636146719251,0.07074872822706686,0,5.55674,0.18522
558.7854814529419,31.0,30.89212575573447,23.707567191153828,0.9871955108391806,0.10787424426553116,0.07344558433370514,0,5.55674,0.18522
558.8261296749115,31.0,30.88754089270782,23.70717679873127,1.0,0.11245910729218167,0.07625706201600968,0,5.55674,0.18522
558.8626313209534,31.0,30.885870867979293,23.706783449629484,1.0,0.1141291320207074,0.07911029031652736,0,5.55674,0.18522
558.9130961894989,31.0,30.881705405309674,23.707567191153828,1.0,0.118294594690326,0.0820676551837855,0,5.55674,0.18522
558.9509212970734,31.0,30.880038648515324,23.70717679873127,1.0,0.11996135148467602,0.0850666889709024,0,5.55674,0.18522
558.9857368469238,31.0,30.87503542796827,23.707567191153828,1.0,0.12496457203172895,0.08819080327169562,0,5.55674,0.18522
559.0256533622742,31.0,30.871286360401143,23.709522123268698,1.0,0.12871363959885684,0.09140864426166705,0,5.55674,0.18522
559.063188791275,31.0,30.869203968099725,23.709131726689975,1.0,0.13079603190027456,0.0946785450591739,0,5.55674,0.18522
559.1048185825348,31.0,30.866702645918224,23.709131726689975,1.0,0.13329735408177612,0.09801097891121831,0,5.55674,0.18522
559.1426334381104,31.0,30.862953953641522,23.708741330941336,1.0,0.13704604635847772,0.10143713007018025,0,5.55674,0.18522
559.1808514595032,31.0,30.860037020771074,23.709131726689975,1.0,0.1399629792289261,0.1049362045509034,0,5.55674,0.18522
559.21715259552,31.0,30.85795175989267,23.71148003378488,1.0,0.14204824010732864,0.10848741055358661,0,5.55674,0.18522
559.2589979171753,31.0,30.8537876942097,23.712651240996024,1.0,0.14621230579029998,0.11214271819834411,0,5.55674,0.18522
559.3042783737183,31.0,30.85336877930473,23.712260837761676,1.0,0.14663122069526935,0.11580849871572584,0,5.55674,0.18522
559.3322160243988,31.0,30.85212149626807,23.713044602670607,1.0,0.14787850373193123,0.11950546130902412,0,5.55674,0.18522
559.3652341365814,31.0,30.850036433485513,23.712651240996024,1.0,0.1499635665144865,0.12325455047188628,0,5.55674,0.18522
559.3989760875702,31.0,30.8483703105386,23.71460918489828,1.0,0.15162968946140154,0.12704529270842133,0,5.55674,0.18522
559.438738822937,31.0,30.846288491049734,23.714999593130017,1.0,0.1537115089502663,0.13088808043217798,0,5.55674,0.18522
559.4879307746887,31.0,30.843372141485816,23.71617378047182,1.0,0.15662785851418448,0.1348037768950326,0,5.55674,0.18522
559.5167632102966,31.0,30.842956428256116,23.715783369740507,1.0,0.15704357174388406,0.1387298661886297,0,5.55674,0.18522
559.5492081642151,31.0,30.844206723544858,23.71617378047182,1.0,0.1557932764551424,0.14262469810000827,0,5.55674,0.18522
559.6049127578735,31.0,30.83878996239588,23.71812880428945,1.0,0.16121003760412123,0.1466549490401113,0,5.55674,0.18522
559.6361622810364,31.0,30.83837427200541,23.71773838939515,1.0,0.16162572799458985,0.15069559223997606,0,5.55674,0.18522
559.6663646697998,31.0,30.83587387502712,23.71930301167248,1.0,0.16412612497288137,0.15479874536429808,0,5.55674,0.18522
559.7035245895386,31.0,30.83545819916708,23.720477226578737,1.0,0.16454180083292158,0.1589122903851211,0,5.55674,0.18522
559.7373812198639,31.0,30.832957889579234,23.721258068868565,1.0,0.16704211042076622,0.16308834314564027,0,5.55674,0.18522
559.7700471878052,31.0,30.83379236744679,23.721258068868565,1.0,0.1662076325532098,0.16724353395947053,0,5.55674,0.18522
559.802273273468,31.0,30.832126568982346,23.722041872241334,1.0,0.16787343101765373,0.17144036973491186,0,5.55674,0.18522
559.8463952541351,31.0,30.83129210777213,23.723216104702317,1.0,0.16870789222787153,0.17565806704060866,0,5.55674,0.18522
559.8926019668579,31.0,30.82837628241333,23.723996958667897,1.0,0.1716237175866695,0.1799486599802754,0,5.55674,0.18522
559.9236958026886,31.0,30.83129210777213,23.725561634401004,1.0,0.16870789222787153,0.1841663572859722,0,5.55674,0.18522
559.9575033187866,31.0,30.82837628241333,23.726735889434906,1.0,0.1716237175866695,0.18845695022563894,0,5.55674,0.18522
560.0062077045441,31.0,30.828795071799902,23.727519716257518,1.0,0.17120492820009758,0.19273707343064136,0,5.55674,0.18522
560.0460286140442,31.0,30.827960643896574,23.72791015200295,1.0,0.1720393561034257,0.19703805733322702,0,5.55674,0.18522
560.0811700820923,31.0,30.8271293730715,23.72791015200295,1.0,0.17287062692849986,0.2013598230064395,0,5.55674,0.18522
560.1149957180023,31.0,30.8271293730715,23.729474861191193,1.0,0.17287062692849986,0.205681588679652,0,5.55674,0.18522
560.1602370738983,31.0,30.82671059204131,23.7286910259931,1.0,0.1732894079586913,0.21001382387861928,0,5.55674,0.18522
560.208203792572,31.0,30.826294961817723,23.731039583763447,1.0,0.1737050381822769,0.2143564498331762,0,5.55674,0.18522
560.2421979904175,31.0,30.825044934902905,23.731039583763447,1.0,0.17495506509709458,0.21873032646060356,0,5.55674,0.18522
560.2860133647919,31.0,30.826294961817723,23.731039583763447,1.0,0.1737050381822769,0.22307295241516048,0,5.55674,0.18522
560.3260598182678,31.0,30.82587933366335,23.731039583763447,1.0,0.17412066633664836,0.22742596907357668,0,5.55674,0.18522
560.3648006916046,31.0,30.82671059204131,23.731039583763447,1.0,0.1732894079586913,0.23175820427254396,0,5.55674,0.18522
560.412410736084,31.0,30.827960643896574,23.731039583763447,1.0,0.1720393561034257,0.2360591881751296,0,5.55674,0.18522
560.4511618614197,31.0,30.827960643896574,23.730258699747935,1.0,0.1720393561034257,0.24036017207771526,0,5.55674,0.18522
560.4896609783173,31.0,30.827545007449316,23.73182342902635,1.0,0.17245499255068353,0.24467154689148235,0,5.55674,0.18522
560.5280148983002,31.0,30.828795071799902,23.731039583763447,1.0,0.17120492820009758,0.24895167009648478,0,5.55674,0.18522
560.5660259723663,31.0,30.830876454735233,23.730258699747935,1.0,0.16912354526476747,0.25317975872810394,0,5.55674,0.18522
560.6125690937042,31.0,30.831707762879148,23.730649141338915,1.0,0.16829223712085195,0.25738706465612526,0,5.55674,0.18522
560.666008234024,31.0,30.832957889579234,23.729865301108987,1.0,0.16704211042076622,0.2615631174166444,0,5.55674,0.18522
560.7060120105743,31.0,30.83379236744679,23.731039583763447,1.0,0.1662076325532098,0.26571830823047465,0,5.55674,0.18522
560.7434771060944,31.0,30.835042525377958,23.729865301108987,1.0,0.16495747462204235,0.2698422450960257,0,5.55674,0.18522
560.7895913124084,31.0,30.836289552958192,23.730649141338915,1.0,0.16371044704180804,0.2739350062720709,0,5.55674,0.18522
560.8179934024811,31.0,30.83545819916708,23.729865301108987,1.0,0.16454180083292158,0.27804855129289396,0,5.55674,0.18522
560.860729932785,31.0,30.83878996239588,23.731430027021588,1.0,0.16121003760412123,0.282078802232997,0,5.55674,0.18522
560.8881196975708,31.0,30.837539748308757,23.730258699747935,1.0,0.16246025169124323,0.28614030852527805,0,5.55674,0.18522
560.9192354679108,31.0,30.839624498600585,23.730649141338915,1.0,0.1603755013994146,0.2901496960602634,0,5.55674,0.18522
560.9522638320923,31.0,30.840871594679868,23.730649141338915,1.0,0.15912840532013206,0.29412790619326673,0,5.55674,0.18522
560.9854960441589,31.0,30.84503816454395,23.731039583763447,1.0,0.15496183545604936,0.29800195207966795,0,5.55674,0.18522
561.0191488265991,31.0,30.844206723544858,23.731430027021588,1.0,0.1557932764551424,0.3018967839910465,0,5.55674,0.18522
561.0637488365173,31.0,30.844622443008063,23.730649141338915,1.0,0.15537755699193667,0.3057812229158449,0,5.55674,0.18522
561.1064689159393,31.0,30.849204942634458,23.732213873958187,1.0,0.1507950573655421,0.3095510993499835,0,5.55674,0.18522
561.1376781463623,31.0,30.8483703105386,23.731430027021588,1.0,0.15162968946140154,0.3133418415865185,0,5.55674,0.18522
561.167364358902,31.0,30.85087108226554,23.732213873958187,1.0,0.14912891773445835,0.31707006452987996,0,5.55674,0.18522
561.2039682865143,31.0,30.851702589739148,23.732604319723805,1.0,0.1482974102608523,0.32077749978640124,0,5.55674,0.18522
561.2460634708405,31.0,30.855038151978704,23.732604319723805,1.0,0.1449618480212962,0.32440154598693366,0,5.55674,0.18522
561.2981886863708,31.0,30.859202280165448,23.73182342902635,1.0,0.14079771983455203,0.32792148898279744,0,5.55674,0.18522
561.3309268951416,31.0,30.859621224404805,23.732213873958187,1.0,0.1403787755951953,0.33143095837267733,0,5.55674,0.18522
561.3982660770416,31.0,30.86462036827811,23.733388171694912,1.0,0.13537963172188938,0.3348154491657246,0,5.55674,0.18522
561.4408371448517,31.0,30.865870988693075,23.733778619968575,1.0,0.1341290113069249,0.3381686744483977,0,5.55674,0.18522
561.4912714958191,31.0,30.86961981232338,23.733778619968575,1.0,0.13038018767662152,0.34142817914031326,0,5.55674,0.18522
561.535219669342,31.0,30.871702215029472,23.734952927757547,1.0,0.12829778497052757,0.34463562376457646,0,5.55674,0.18522
561.5762944221497,31.0,30.87503542796827,23.734559519017978,1.0,0.12496457203172895,0.3477597380653697,0,5.55674,0.18522
561.6124651432037,31.0,30.877537000627342,23.735733831824746,1.0,0.12246299937265803,0.35082131304968617,0,5.55674,0.18522
561.6562414169312,31.0,30.882121312023685,23.735343379374,1.0,0.11787868797631518,0.35376828024909407,0,5.55674,0.18522
561.7061524391174,31.0,30.88503901912179,23.735733831824746,1.0,0.11496098087820883,0.3566423047710493,0,5.55674,0.18522
561.7340652942657,31.0,30.887121807877577,23.73651769721829,1.0,0.11287819212242312,0.3594642595741099,0,5.55674,0.18522
561.7660167217255,31.0,30.890039690476954,23.736908152178557,1.0,0.10996030952304636,0.36221326731218606,0,5.55674,0.18522
561.8119223117828,31.0,30.89170664778618,23.736908152178557,1.0,0.10829335221382053,0.36492060111753155,0,5.55674,0.18522
561.8591742515564,31.0,30.89629174065243,23.738082480081175,1.0,0.10370825934757022,0.3675133076012208,0,5.55674,0.18522
561.8881440162659,31.0,30.899209945273697,23.738082480081175,1.0,0.10079005472630342,0.3700330589693784,0,5.55674,0.18522
561.9266381263733,31.0,30.902128252424745,23.73886339752619,0.9853956074343064,0.09787174757525463,0.37247985265875977,0,5.55674,0.18522
561.9803459644318,31.0,30.906713920631717,23.73847293838628,0.9603662364918063,0.09328607936828348,0.3748120046429669,0,5.55674,0.18522
562.0127229690552,31.0,30.90879725288562,23.739256815534247,0.949171795690303,0.09120274711438014,0.3770920733208264,0,5.55674,0.18522
562.0505094528198,31.0,30.91338328952247,23.74003773800115,0.9240493932930987,0.08661671047752861,0.37925749108276463,0,5.55674,0.18522
562.1060104370117,31.0,30.9183856679806,23.741995974937993,0.8965299180519748,0.08161433201939872,0.3812978493832496,0,5.55674,0.18522
562.1660304069519,31.0,30.922556123323943,23.741995974937993,0.8737143858983614,0.07744387667605679,0.38323394630015106,0,5.55674,0.18522
562.2022452354431,31.0,30.925059127693146,23.742776909122824,0.8601127866542149,0.07494087230685409,0.3851074681078224,0,5.55674,0.18522
562.2426660060883,31.0,30.93214612929995,23.744341745634472,0.8209660694937031,0.06785387070004845,0.3868038148753236,0,5.55674,0.18522
562.2922441959381,31.0,30.935484922351975,23.74590659556833,0.8026317117679929,0.064515077648025,0.3884166918165242,0,5.55674,0.18522
562.3264298439026,31.0,30.938401353097902,23.74590659556833,0.7867110969193514,0.06159864690209815,0.3899566579890767,0,5.55674,0.18522
562.3660402297974,31.0,30.94257281575989,23.74747145892843,0.7637169894858715,0.05742718424011173,0.39139233759507946,0,5.55674,0.18522
562.4203922748566,31.0,30.94882882711994,23.749429775664055,0.729090431010586,0.05117117288006057,0.39267161691708097,0,5.55674,0.18522
562.4786493778229,31.0,30.955085311338962,23.75021074168035,0.6944926822691586,0.04491468866103787,0.3937944841336069,0,5.55674,0.18522
562.5155146121979,31.0,30.958005586368643,23.751385155209903,0.6783996710970567,0.041994413631357475,0.3948443444743908,0,5.55674,0.18522
562.5552928447723,31.0,30.960925964494663,23.75255957630918,0.6622925638460938,0.039074035505336724,0.39582119536202426,0,5.55674,0.18522
562.5962889194489,31.0,30.965931215218973,23.75412449679476,0.6345571489354709,0.03406878478102726,0.39667291498154994,0,5.55674,0.18522
562.6360986232758,31.0,30.972188993348652,23.75451498944699,0.5998930462186023,0.027811006651347725,0.39736819014783364,0,5.55674,0.18522
562.6772518157959,31.0,30.97552624818752,23.75607992673605,0.5813818201021252,0.02447375181247935,0.39798003394314563,0,5.55674,0.18522
562.720495223999,31.0,30.979699583573904,23.75647338189458,0.5582654939652532,0.020300416426096035,0.398487544353798,0,5.55674,0.18522
562.7583711147308,31.0,30.985541976450634,23.757644877477503,0.5258076761285295,0.014458023549366317,0.3988489949425322,0,5.55674,0.18522
562.7988419532776,31.0,30.988463327918225,23.758038336018842,0.5096077184208109,0.011536672081774668,0.39913741174457656,0,5.55674,0.18522
562.843391418457,31.0,30.990965172209087,23.758819338951866,0.4957073839638963,0.009034827790912914,0.3993632824393494,0,5.55674,0.18522
562.8826904296875,31.0,30.997224847577968,23.758819338951866,0.4609368457979116,0.002775152422032079,0.3994326612499002,0,5.55674,0.18522
562.9249539375305,31.0,30.998893964203603,23.75999380800664,0.45160686009343165,0.001106035796397009,0.3994603121448101,0,5.55674,0.18522
562.9541921615601,31.0,31.00557392402402,23.759603303600557,0.4144822862476576,-0.005573924024020016,0.3993209640442096,0,5.55674,0.18522
562.9865651130676,31.0,31.007243209640137,23.759209841675386,0.4051931482983032,-0.007243209640137138,0.39913988380320614,0,5.55674,0.18522
563.0296750068665,31.0,31.01225126931638,23.759603303600557,0.3772877453829817,-0.012251269316379876,0.39883360207029667,0,5.55674,0.18522
563.0740637779236,31.0,31.01809596828133,23.759209841675386,0.3447466673627476,-0.018095968281329533,0.39838120286326345,0,5.55674,0.18522
563.1021206378937,31.0,31.020182108655717,23.759603303600557,0.333040886557254,-0.020182108655717457,0.3978766501468705,0,5.55674,0.18522
563.133950471878,31.0,31.02226830186828,23.759209841675386,0.32136552780086447,-0.022268301868280105,0.3973199426001635,0,5.55674,0.18522
563.1664960384369,31.0,31.02769707048759,23.758819338951866,0.29109105683389713,-0.027697070487590736,0.39662751583797373,0,5.55674,0.18522
563.20063996315,31.0,31.03145323039456,23.758428837066333,0.2700934446616942,-0.03145323039456116,0.3958411850781097,0,5.55674,0.18522
563.2290813922882,31.0,31.03604607903344,23.758038336018842,0.2444253035167254,-0.03604607903344004,0.3949400331022737,0,5.55674,0.18522
563.2752909660339,31.0,31.039805776893786,23.75647338189458,0.2234296146130175,-0.03980577689378606,0.39394488867992905,0,5.55674,0.18522
563.3177993297577,31.0,31.04397921120227,23.75647338189458,0.20003527951621974,-0.04397921120227011,0.3928454083998723,0,5.55674,0.18522
563.3584942817688,31.0,31.04940941256632,23.755689430727728,0.16967249535491258,-0.04940941256631959,0.39161017308571433,0,5.55674,0.18522
563.3898446559906,31.0,31.053586491770943,23.75451498944699,0.14627367866513036,-0.05358649177094321,0.39027051079144076,0,5.55674,0.18522
563.41960978508,31.0,31.055673532273318,23.755689430727728,0.13435848227291197,-0.055673532273317505,0.38887867248460783,0,5.55674,0.18522
563.4546792507172,31.0,31.06152131693881,23.754905482936522,0.10161921193075718,-0.06152131693880847,0.3873406395611376,0,5.55674,0.18522
563.485867023468,31.0,31.064025382276895,23.75373400497989,0.08746840898791614,-0.06402538227689547,0.38574000500421524,0,5.55674,0.18522
563.5432729721069,31.0,31.07154435261873,23.752169087849154,0.045436452942449856,-0.07154435261873004,0.38395139618874696,0,5.55674,0.18522
563.5848801136017,31.0,31.07530567518478,23.751775641989752,0.024207245520916354,-0.07530567518477937,0.38206875430912746,0,5.55674,0.18522
563.6160161495209,31.0,31.078230214726545,23.75021074168035,0.007674387131857474,-0.07823021472654546,0.38011299894096384,0,5.55674,0.18522
563.66193318367,31.0,31.080734789883934,23.749820258253862,0.0,-0.0807347898839339,0.3780946291938655,0,5.55674,0.18522
563.6991972923279,31.0,31.086584360411678,23.749820258253862,0.0,-0.08658436041167761,0.3759300201835736,0,5.55674,0.18522
563.7384030818939,31.0,31.090343213972744,23.749820258253862,0.0,-0.09034321397274425,0.373671439834255,0,5.55674,0.18522
563.7760124206543,31.0,31.093268289861555,23.749429775664055,0.0,-0.09326828986155533,0.37133973258771613,0,5.55674,0.18522
563.826010465622,31.0,31.10120695398865,23.748255374734185,0.0,-0.1012069539886511,0.36880955873799987,0,5.55674,0.18522
563.8593182563782,31.0,31.10455260634683,23.748645854808274,0.0,-0.10455260634682872,0.36619574357932916,0,5.55674,0.18522
563.8979637622833,31.0,31.107475030210196,23.747864895496377,0.0,-0.10747503021019611,0.36350886782407427,0,5.55674,0.18522
563.9442028999329,31.0,31.110820938692825,23.74747145892843,0.0,-0.11082093869282517,0.3607383443567536,0,5.55674,0.18522
563.9834704399109,31.0,31.1154182314815,23.747080981369493,0.0,-0.11541823148149888,0.35785288856971614,0,5.55674,0.18522
564.012772321701,31.0,31.117506846376727,23.74747145892843,0.0,-0.11750684637672748,0.35491521741029797,0,5.55674,0.18522
564.0428099632263,31.0,31.120012622649085,23.749429775664055,0.0,-0.12001262264908519,0.3519149018440708,0,5.55674,0.18522
564.0751926898956,31.0,31.122521635694056,23.747864895496377,0.0,-0.12252163569405639,0.3488518609517194,0,5.55674,0.18522
564.1077811717987,31.0,31.125447861486293,23.748645854808274,0.0,-0.12544786148629328,0.34571566441456203,0,5.55674,0.18522
564.1387746334076,31.0,31.129208499794856,23.749820258253862,0.0,-0.12920849979485638,0.3424854519196906,0,5.55674,0.18522
564.17076420784,31.0,31.13255529734772,23.749429775664055,0.0,-0.13255529734772153,0.3391715694859976,0,5.55674,0.18522
564.2056007385254,31.0,31.13547872179015,23.749820258253862,0.0,-0.1354787217901503,0.33578460144124384,0,5.55674,0.18522
564.2393679618835,31.0,31.137153812113695,23.749429775664055,0.0,-0.13715381211369504,0.33235575613840146,0,5.55674,0.18522
564.2697932720184,31.0,31.138405411449696,23.749820258253862,0.0,-0.1384054114496962,0.32889562085215907,0,5.55674,0.18522
564.3164567947388,31.0,31.142587030097218,23.75060418416075,0.0,-0.14258703009721785,0.3253309450997286,0,5.55674,0.18522
564.3612697124481,31.0,31.146348457273632,23.751385155209903,0.0,-0.146348457273632,0.3216722336678878,0,5.55674,0.18522
564.3885343074799,31.0,31.14969595708402,23.75060418416075,0.0,-0.1496959570840204,0.3179298347407873,0,5.55674,0.18522
564.4163172245026,31.0,31.1517854481653,23.75060418416075,0.0,-0.15178544816529893,0.31413519853665484,0,5.55674,0.18522
564.454247713089,31.0,31.15387499273504,23.749820258253862,0.0,-0.1538749927350409,0.3102883237182788,0,5.55674,0.18522
564.486711025238,31.0,31.15513000966604,23.749429775664055,0.0,-0.1551300096660384,0.30641007347662785,0,5.55674,0.18522
564.5179147720337,31.0,31.156802341817468,23.748645854808274,0.0,-0.15680234181746755,0.30249001493119115,0,5.55674,0.18522
564.5521342754364,31.0,31.15931248502983,23.747864895496377,0.0,-0.15931248502982953,0.2985072028054454,0,5.55674,0.18522
564.5962247848511,31.0,31.162240029208533,23.746690504646722,0.0,-0.1622400292085331,0.29445120207523207,0,5.55674,0.18522
564.6425271034241,31.0,31.163912507111547,23.747080981369493,0.0,-0.16391250711154726,0.2903533893974434,0,5.55674,0.18522
564.6706411838531,31.0,31.16516767846224,23.74590659556833,0.0,-0.16516767846223956,0.2862241974358874,0,5.55674,0.18522
564.7029173374176,31.0,31.166840216404808,23.74512564798755,0.0,-0.1668402164048075,0.28205319202576723,0,5.55674,0.18522
564.7353639602661,31.0,31.169347506731015,23.743951274775725,0.0,-0.16934750673101462,0.27781950435749186,0,5.55674,0.18522
564.7721800804138,31.0,31.171020130416878,23.744732217328874,0.0,-0.1710201304168777,0.27354400109706994,0,5.55674,0.18522
564.8162364959717,31.0,31.173530711291164,23.742776909122824,0.0,-0.17353071129116415,0.26920573331479086,0,5.55674,0.18522
564.8590767383575,31.0,31.172692788422296,23.742386441612666,0.0,-0.17269278842229596,0.2648884136042335,0,5.55674,0.18522
564.8874406814575,31.0,31.17520342081832,23.7416025510272,0.0,-0.1752034208183204,0.2605083280837755,0,5.55674,0.18522
564.9185535907745,31.0,31.178131535649584,23.741212086029407,0.0,-0.17813153564958384,0.2560550396925359,0,5.55674,0.18522
564.9581477642059,31.0,31.17645876602012,23.741212086029407,0.0,-0.17645876602011867,0.25164357054203296,0,5.55674,0.18522
565.0031554698944,31.0,31.181477177940337,23.74082162186687,0.0,-0.18147717794033724,0.24710664109352454,0,5.55674,0.18522
565.0363488197327,31.0,31.178131535649584,23.74043115853948,0.0,-0.17813153564958384,0.24265335270228494,0,5.55674,0.18522
565.0739743709564,31.0,31.180642335619666,23.73964727635024,0.0,-0.18064233561966603,0.23813729431179328,0,5.55674,0.18522
565.1061420440674,31.0,31.180642335619666,23.73886339752619,0.0,-0.18064233561966603,0.23362123592130163,0,5.55674,0.18522
565.1379797458649,31.0,31.181477177940337,23.739256815534247,0.0,-0.18147717794033724,0.2290843064727932,0,5.55674,0.18522
565.1765608787537,31.0,31.18105975571052,23.74043115853948,0.0,-0.18105975571052113,0.22455781258003019,0,5.55674,0.18522
565.2261099815369,31.0,31.1831500506122,23.74003773800115,0.0,-0.18315005061219836,0.21997906131472522,0,5.55674,0.18522
565.278746843338,31.0,31.181894602309058,23.73964727635024,0.0,-0.18189460230905752,0.2154316962569988,0,5.55674,0.18522
565.3261449337006,31.0,31.182315191146984,23.73964727635024,0.0,-0.18231519114698358,0.2108738164783242,0,5.55674,0.18522
565.3639507293701,31.0,31.184405518266203,23.739256815534247,0.0,-0.18440551826620322,0.20626367852166913,0,5.55674,0.18522
565.3946509361267,31.0,31.18356748355376,23.73964727635024,0.0,-0.18356748355375885,0.20167449143282515,0,5.55674,0.18522
565.4251134395599,31.0,31.1831500506122,23.74043115853948,0.0,-0.18315005061219836,0.19709574016752018,0,5.55674,0.18522
565.4585914611816,31.0,31.184822957642268,23.73964727635024,0.0,-0.1848229576422682,0.1924751662264635,0,5.55674,0.18522
565.4927380084991,31.0,31.183988081029725,23.74003773800115,0.0,-0.18398808102972453,0.18787546420072038,0,5.55674,0.18522
565.5251021385193,31.0,31.185240399157863,23.74082162186687,0.0,-0.1852403991578626,0.18324445422177382,0,5.55674,0.18522
565.5765113830566,31.0,31.183988081029725,23.74043115853948,0.0,-0.18398808102972453,0.1786447521960307,0,5.55674,0.18522
565.6039390563965,31.0,31.18356748355376,23.74082162186687,0.0,-0.18356748355375885,0.17405556510718673,0,5.55674,0.18522
565.6361680030823,31.0,31.185240399157863,23.74003773800115,0.0,-0.1852403991578626,0.16942455512824017,0,5.55674,0.18522
565.6699488162994,31.0,31.1831500506122,23.73964727635024,0.0,-0.18315005061219836,0.1648458038629352,0,5.55674,0.18522
565.7047822475433,31.0,31.181477177940337,23.74043115853948,0.0,-0.18147717794033724,0.1603088744144268,0,5.55674,0.18522
565.7362205982208,31.0,31.181477177940337,23.741212086029407,0.0,-0.18147717794033724,0.15577194496591837,0,5.55674,0.18522
565.768304347992,31.0,31.180642335619666,23.74003773800115,0.0,-0.18064233561966603,0.1512558865754267,0,5.55674,0.18522
565.8039791584015,31.0,31.180642335619666,23.7416025510272,0.0,-0.18064233561966603,0.14673982818493506,0,5.55674,0.18522
565.8440313339233,31.0,31.180221755418472,23.741212086029407,0.0,-0.18022175541847218,0.14223428429947324,0,5.55674,0.18522
565.8860828876495,31.0,31.179386925962547,23.7416025510272,0.0,-0.17938692596254668,0.13774961115040957,0,5.55674,0.18522
565.931699514389,31.0,31.176876164678447,23.7416025510272,0.0,-0.1768761646784469,0.1333277070334484,0,5.55674,0.18522
565.9814529418945,31.0,31.176041369499785,23.7416025510272,0.0,-0.1760413694997851,0.12892667279595377,0,5.55674,0.18522
566.01713347435,31.0,31.17227541118831,23.74082162186687,0.0,-0.17227541118830914,0.12461978751624604,0,5.55674,0.18522
566.0520367622375,31.0,31.17520342081832,23.74082162186687,0.0,-0.1752034208183204,0.12023970199578803,0,5.55674,0.18522
566.0859701633453,31.0,31.172692788422296,23.74043115853948,0.0,-0.17269278842229596,0.11592238228523062,0,5.55674,0.18522
566.1184575557709,31.0,31.17185803609152,23.74003773800115,0.0,-0.17185803609152117,0.11162593138294259,0,5.55674,0.18522
566.1618378162384,31.0,31.169347506731015,23.74003773800115,0.0,-0.16934750673101462,0.10739224371466723,0,5.55674,0.18522
566.2015953063965,31.0,31.169347506731015,23.73964727635024,0.0,-0.16934750673101462,0.10315855604639186,0,5.55674,0.18522
566.2410612106323,31.0,31.165585019311663,23.73964727635024,0.0,-0.16558501931166347,0.09901893056360027,0,5.55674,0.18522
566.2936916351318,31.0,31.163492013220605,23.73886339752619,0.0,-0.1634920132206048,0.09493163023308515,0,5.55674,0.18522
566.3243000507355,31.0,31.163074683081277,23.73886339752619,0.0,-0.16307468308127682,0.09085476315605323,0,5.55674,0.18522
566.3660326004028,31.0,31.158474708243318,23.73651769721829,0.0,-0.15847470824331822,0.08689289544997028,0,5.55674,0.18522
566.4104311466217,31.0,31.156802341817468,23.73847293838628,0.0,-0.15680234181746755,0.0829728369045336,0,5.55674,0.18522
566.4437663555145,31.0,31.156385045897707,23.736908152178557,0.0,-0.1563850458977072,0.07906321075709091,0,5.55674,0.18522
566.4800088405609,31.0,31.155547299167893,23.736127243092483,0.0,-0.15554729916789256,0.0751745282778936,0,5.55674,0.18522
566.5265107154846,31.0,31.154712722297916,23.735343379374,0.0,-0.15471272229791566,0.07130671022044571,0,5.55674,0.18522
566.5561690330505,31.0,31.150113218805302,23.734169069076245,0.0,-0.15011321880530204,0.06755387975031316,0,5.55674,0.18522
566.5865142345428,31.0,31.149275536445998,23.733388171694912,0.0,-0.1492755364459981,0.0638219913391632,0,5.55674,0.18522
566.6188158988953,31.0,31.146348457273632,23.732213873958187,0.0,-0.146348457273632,0.060163279907322405,0,5.55674,0.18522
566.6528153419495,31.0,31.143424643844526,23.731430027021588,0.0,-0.1434246438445257,0.05657766381120926,0,5.55674,0.18522
566.6855435371399,31.0,31.143424643844526,23.730649141338915,0.0,-0.1434246438445257,0.052992047715096115,0,5.55674,0.18522
566.7201662063599,31.0,31.14133220595255,23.730649141338915,0.0,-0.14133220595255125,0.049458742566282334,0,5.55674,0.18522
566.7636296749115,31.0,31.138405411449696,23.729865301108987,0.0,-0.1384054114496962,0.045998607280039926,0,5.55674,0.18522
566.8128983974457,31.0,31.134227167281267,23.72830058858142,0.0,-0.13422716728126716,0.042642928098008244,0,5.55674,0.18522
566.8613231182098,31.0,31.131300627251505,23.726735889434906,0.0,-0.13130062725150538,0.03936041241672061,0,5.55674,0.18522
566.8911964893341,31.0,31.129628817176297,23.726345456194736,0.0,-0.1296288171762967,0.03611969198731319,0,5.55674,0.18522
566.92458319664,31.0,31.127536732502563,23.724387386899423,0.0,-0.1275367325025627,0.03293127367474912,0,5.55674,0.18522
566.9560236930847,31.0,31.12419330045742,23.723216104702317,0.0,-0.12419330045742072,0.029826441163313604,0,5.55674,0.18522
566.9895992279053,31.0,31.122938758673968,23.722822721200487,0.0,-0.12293875867396764,0.026752972196464414,0,5.55674,0.18522
567.0226531028748,31.0,31.12043289276812,23.72086764730767,0.0,-0.12043289276812175,0.023742149877261372,0,5.55674,0.18522
567.0603086948395,31.0,31.118761304853876,23.720086806681763,0.0,-0.11876130485387648,0.02077311725591446,0,5.55674,0.18522
567.1111226081848,31.0,31.114580904625655,23.71891259427707,0.0,-0.11458090462565451,0.0179085946402731,0,5.55674,0.18522
567.1431958675385,31.0,31.11123800202705,23.71773838939515,0.0,-0.1112380020270507,0.01512764458959683,0,5.55674,0.18522
567.1743845939636,31.0,31.109566601925337,23.71617378047182,0.0,-0.10956660192533718,0.012388479541463401,0,5.55674,0.18522
567.2102653980255,31.0,31.107895235948263,23.715390002192805,0.0,-0.10789523594826278,0.00969109864275683,0,5.55674,0.18522
567.2540199756622,31.0,31.104132417762173,23.714215819868855,0.0,-0.10413241776217319,0.007087788198702501,0,5.55674,0.18522
567.2861547470093,31.0,31.099955923623156,23.711870435358037,0.0,-0.0999559236231562,0.004588890108123596,0,5.55674,0.18522
567.3217263221741,31.0,31.097030609004264,23.71069627555795,0.0,-0.09703060900426408,0.002163124883016994,0,5.55674,0.18522
567.3563458919525,31.0,31.094939357393343,23.710305876482266,0.0,-0.09493935739334347,-0.00021035905181659292,0,5.55674,0.18522
567.3904235363007,31.0,31.091597256402736,23.70834797848869,0.0,-0.09159725640273564,-0.002500290461884984,0,5.55674,0.18522
567.4253582954407,31.0,31.08992625701171,23.7079575844063,0.0,-0.08992625701171164,-0.004748446887177776,0,5.55674,0.18522
567.4603090286255,31.0,31.085747328247805,23.706393058872663,0.0,-0.0857473282478054,-0.006892130093372911,0,5.55674,0.18522
567.5061585903168,31.0,31.082825679165808,23.704828546663805,0.0,-0.08282567916580774,-0.008962772072518103,0,5.55674,0.18522
567.5446422100067,31.0,31.078647112222143,23.70326404777569,0.0,-0.07864711222214282,-0.010928949878071675,0,5.55674,0.18522
567.5820224285126,31.0,31.073635007693042,23.70130918224686,0.0,-0.0736350076930421,-0.012769825070397728,0,5.55674,0.18522
567.6129312515259,31.0,31.07154435261873,23.70130918224686,0.0,-0.07154435261873004,-0.014558433885865979,0,5.55674,0.18522
567.6486821174622,31.0,31.068620051325297,23.700525467410387,0.0,-0.06862005132529703,-0.016273935168998405,0,5.55674,0.18522
567.6806962490082,31.0,31.0682032047647,23.698961005139893,0.0,-0.06820320476469988,-0.017979015288115904,0,5.55674,0.18522
567.712984085083,31.0,31.06486219288547,23.69817730030934,0.010591812269062528,-0.0648621928854709,-0.019600570110252676,0,5.55674,0.18522
567.7448921203613,31.0,31.06110450641296,23.69661285800845,0.03126962355525681,-0.061104506412959836,-0.02112818277057667,0,5.55674,0.18522
567.7762727737427,31.0,31.05692704501513,23.695832120511966,0.054259148084177644,-0.05692704501512935,-0.022551358895954905,0,5.55674,0.18522
567.8097853660583,31.0,31.055673532273318,23.695048429007215,0.06100700611433363,-0.055673532273317505,-0.02394319720278784,0,5.55674,0.18522
567.8616540431976,31.0,31.053166564157152,23.693093650774358,0.07479168482049509,-0.05316656415715215,-0.025272361306716645,0,5.55674,0.18522
567.9016218185425,31.0,31.04732253112178,23.692309970926203,0.10708653929944706,-0.047322531121778866,-0.026455424584761116,0,5.55674,0.18522
567.9461467266083,31.0,31.042729052837103,23.69074557848461,0.13249371335955323,-0.042729052837103154,-0.027523650905688694,0,5.55674,0.18522
567.988534450531,31.0,31.038552525181615,23.689574510795808,0.15558315974244108,-0.03855252518161478,-0.028487464035229063,0,5.55674,0.18522
568.0220696926117,31.0,31.036465919222792,23.68761683345116,0.16710947631946105,-0.036465919222791854,-0.02939911201579886,0,5.55674,0.18522
568.0659990310669,31.0,31.03312304055237,23.68761683345116,0.18553160770327232,-0.033123040552368366,-0.030227188029608068,0,5.55674,0.18522
568.1046302318573,31.0,31.026444003165466,23.686052480851288,0.22260309732737754,-0.0264440031654658,-0.030888288108744714,0,5.55674,0.18522
568.1390016078949,31.0,31.024357704165936,23.68644282846128,0.23406330198390962,-0.02435770416593641,-0.03149723071289313,0,5.55674,0.18522
568.1780397891998,31.0,31.021851690226413,23.686052480851288,0.2479074137275974,-0.021851690226412757,-0.032043522968553444,0,5.55674,0.18522
568.2118663787842,31.0,31.015173566974568,23.685271788110413,0.28498580319092537,-0.01517356697456762,-0.03242286214291763,0,5.55674,0.18522
568.2618639469147,31.0,31.010998436938564,23.684488141523957,0.3081751946286704,-0.010998436938564282,-0.03269782306638174,0,5.55674,0.18522
568.3015630245209,31.0,31.00849598494125,23.684488141523957,0.32204132908196453,-0.00849598494124848,-0.032910222689912956,0,5.55674,0.18522
568.3362097740173,31.0,31.00640698483261,23.684097798051596,0.33363971988705865,-0.006406984832608487,-0.03307039731072817,0,5.55674,0.18522
568.3737115859985,31.0,31.000982773988312,23.684097798051596,0.363776098519041,-0.0009827739883121467,-0.03309496666043597,0,5.55674,0.18522
568.4178805351257,31.0,30.997644489978768,23.685271788110413,0.3822767464869836,0.0023555100212320212,-0.033036078909905175,0,5.55674,0.18522
568.4573616981506,31.0,30.99347024739575,23.685271788110413,0.4055021632371846,0.006529752604251371,-0.032872835094798894,0,5.55674,0.18522
568.495062828064,31.0,30.987627293451055,23.685662134067684,0.43800720294532086,0.012372706548944734,-0.03256351743107527,0,5.55674,0.18522
568.535710811615,31.0,30.985958404683572,23.685271788110413,0.447365831534432,0.014041595316427902,-0.03221247754816457,0,5.55674,0.18522
568.5784184932709,31.0,30.980115982346035,23.68644282846128,0.4798626422143449,0.019884017653964747,-0.031715377106815455,0,5.55674,0.18522
568.6061809062958,31.0,30.97886679232721,23.686052480851288,0.4869219517746528,0.021133207672789922,-0.031187046914995707,0,5.55674,0.18522
568.6383380889893,31.0,30.97719492615596,23.686052480851288,0.49631767629752077,0.02280507384404018,-0.0306169200688947,0,5.55674,0.18522
568.6736526489258,31.0,30.972605354268467,23.686836134086036,0.5219073769298482,0.027394645731533274,-0.02993205392560637,0,5.55674,0.18522
568.7210075855255,31.0,30.966767030148503,23.68761683345116,0.5544632549604867,0.03323296985149682,-0.029101229679318948,0,5.55674,0.18522
568.7641489505768,31.0,30.963430128939535,23.68722648335529,0.5731949123968711,0.03656987106046472,-0.028186982902807328,0,5.55674,0.18522
568.7948083877563,31.0,30.96050966239096,23.688400493336246,0.589545809163713,0.039490337609038306,-0.02719972446258137,0,5.55674,0.18522
568.8311784267426,31.0,30.958421875869305,23.688007184373646,0.6013598035829759,0.041578124130694505,-0.026160271359314008,0,5.55674,0.18522
568.8638126850128,31.0,30.955085311338962,23.689574510795808,0.6200277856837407,0.04491468866103787,-0.025037404142788062,0,5.55674,0.18522
568.9035725593567,31.0,30.94924507045596,23.688400493336246,0.6527757434235071,0.05075492954404126,-0.02376853090418703,0,5.55674,0.18522
568.9428398609161,31.0,30.94382461084848,23.689574510795808,0.6830957113679397,0.05617538915151954,-0.02236414617539904,0,5.55674,0.18522
568.981498003006,31.0,30.93965308513657,23.689574510795808,0.706555231541618,0.060346914863430356,-0.020855473303813283,0,5.55674,0.18522
569.0222969055176,31.0,30.93965308513657,23.689181199327606,0.7068548480985791,0.060346914863430356,-0.019346800432227525,0,5.55674,0.18522
569.0700435638428,31.0,30.933813932619785,23.689574510795808,0.7395877948720166,0.06618606738021526,-0.017692148747722142,0,5.55674,0.18522
569.1060056686401,31.0,30.9308976633381,23.689574510795808,0.7561127234102342,0.06910233666189924,-0.01596459033117466,0,5.55674,0.18522
569.1460814476013,31.0,30.925475251613534,23.689964865865022,0.7865687139043136,0.07452474838646594,-0.014101471621513012,0,5.55674,0.18522
569.1978785991669,31.0,30.920888546478864,23.69035522176125,0.8124021388577459,0.07911145352113635,-0.012123685283484602,0,5.55674,0.18522
569.2418203353882,31.0,30.917969579632256,23.689574510795808,0.8290419775562946,0.08203042036774377,-0.010072924774291009,0,5.55674,0.18522
569.2997314929962,31.0,30.91046458671559,23.689574510795808,0.8711598656272588,0.08953541328440906,-0.007834539442180781,0,5.55674,0.18522
569.3497416973114,31.0,30.9050466621336,23.689181199327606,0.9017257254676676,0.09495333786640003,-0.00546070599552078,0,5.55674,0.18522
569.3983829021454,31.0,30.902544261363232,23.688790845918504,0.916102213116674,0.09745573863676782,-0.0030243125296015843,0,5.55674,0.18522
569.4385557174683,31.0,30.899209945273697,23.688007184373646,0.9351370574436693,0.10079005472630342,-0.0005045611614439985,0,5.55674,0.18522
569.486320734024,31.0,30.896707720359416,23.68722648335529,0.9495596221061751,0.10329227964058418,0.0020777458295706064,0,5.55674,0.18522
569.5322859287262,31.0,30.89045563888675,23.68644282846128,0.9848482665227112,0.10954436111325094,0.0048163548574018805,0,5.55674,0.18522
569.5745630264282,31.0,30.887956828613255,23.685271788110413,0.9993124055906695,0.11204317138674469,0.007617434142070498,0,5.55674,0.18522
569.6353189945221,31.0,30.882537220817767,23.684488141523957,1.0,0.11746277918223313,0.010554003621626326,0,5.55674,0.18522
569.6818253993988,31.0,30.8804545468941,23.68370449826716,1.0,0.11954545310589992,0.013542639949273825,0,5.55674,0.18522
569.7219641208649,31.0,30.877537000627342,23.683314156453207,1.0,0.12246299937265803,0.016604214933590277,0,5.55674,0.18522
569.7992210388184,31.0,30.870035658624715,23.68292381546513,1.0,0.12996434137528468,0.019853323467972396,0,5.55674,0.18522
569.8307099342346,31.0,30.868369135589376,23.68292381546513,1.0,0.13163086441062433,0.023144095078238003,0,5.55674,0.18522
569.8668191432953,31.0,30.865870988693075,23.682140178853672,1.0,0.1341290113069249,0.026497320360911125,0,5.55674,0.18522
569.9020638465881,31.0,30.863785581729985,23.68253347530299,1.0,0.1362144182700149,0.0299026808176615,0,5.55674,0.18522
569.9361457824707,31.0,30.861703377037657,23.681749840349426,1.0,0.13829662296234346,0.033360096391720086,0,5.55674,0.18522
569.9780557155609,31.0,30.858370697842474,23.683314156453207,1.0,0.14162930215752567,0.03690082894565823,0,5.55674,0.18522
570.0172410011292,31.0,30.85545392546976,23.682140178853672,1.0,0.14454607453023982,0.040514480808914226,0,5.55674,0.18522
570.0532670021057,31.0,30.85545392546976,23.683314156453207,1.0,0.14454607453023982,0.04412813267217022,0,5.55674,0.18522
570.0914335250854,31.0,30.85212149626807,23.683314156453207,1.0,0.14787850373193123,0.047825095265468506,0,5.55674,0.18522
570.1483080387115,31.0,30.84711995280975,23.684097798051596,1.0,0.1528800471902514,0.05164709644522479,0,5.55674,0.18522
570.1774575710297,31.0,30.84753883630748,23.68487848582248,1.0,0.1524611636925215,0.05545862553753783,0,5.55674,0.18522
570.2177174091339,31.0,30.845453888152747,23.68487848582248,1.0,0.1545461118472531,0.059322278333719156,0,5.55674,0.18522
570.25208568573,31.0,30.842121858710527,23.686836134086036,1.0,0.15787814128947275,0.06326923186595597,0,5.55674,0.18522
570.2957377433777,31.0,30.840040195221775,23.68722648335529,1.0,0.15995980477822513,0.0672682269854116,0,5.55674,0.18522
570.3311183452606,31.0,30.83837427200541,23.68761683345116,1.0,0.16162572799458985,0.07130887018527635,0,5.55674,0.18522
570.3636207580566,31.0,30.837539748308757,23.688790845918504,1.0,0.16246025169124323,0.07537037647755743,0,5.55674,0.18522
570.4084620475769,31.0,30.837958583686543,23.689574510795808,1.0,0.16204141631345692,0.07942141188539385,0,5.55674,0.18522
570.4503054618835,31.0,30.83379236744679,23.69074557848461,1.0,0.1662076325532098,0.0835766026992241,0,5.55674,0.18522
570.4943916797638,31.0,30.83129210777213,23.6915292516764,1.0,0.16870789222787153,0.08779430000492089,0,5.55674,0.18522
570.5362079143524,31.0,30.833376701956468,23.692703289074643,1.0,0.1666232980435325,0.0919598824560092,0,5.55674,0.18522
570.582231760025,31.0,30.830042006024257,23.693093650774358,1.0,0.16995799397574274,0.09620883230540277,0,5.55674,0.18522
570.631867647171,31.0,30.827960643896574,23.695441753005696,1.0,0.1720393561034257,0.1005098162079884,0,5.55674,0.18522
570.6688814163208,31.0,30.827545007449316,23.695832120511966,1.0,0.17245499255068353,0.1048211910217555,0,5.55674,0.18522
570.7039189338684,31.0,30.827545007449316,23.695048429007215,1.0,0.17245499255068353,0.10913256583552258,0,5.55674,0.18522
570.7377364635468,31.0,30.827960643896574,23.696222488846217,1.0,0.1720393561034257,0.11343354973810822,0,5.55674,0.18522
570.7864866256714,31.0,30.82587933366335,23.695832120511966,1.0,0.17412066633664836,0.11778656639652443,0,5.55674,0.18522
570.8295817375183,31.0,30.82212932772609,23.695832120511966,1.0,0.17787067227391162,0.12223333320337222,0,5.55674,0.18522
570.88321185112,31.0,30.826294961817723,23.697006185350347,1.0,0.1737050381822769,0.12657595915792913,0,5.55674,0.18522
570.9281103610992,31.0,30.826294961817723,23.696222488846217,1.0,0.1737050381822769,0.13091858511248605,0,5.55674,0.18522
570.9559898376465,31.0,30.825044934902905,23.697006185350347,1.0,0.17495506509709458,0.1352924617399134,0,5.55674,0.18522
570.9895811080933,31.0,30.824629312971183,23.696222488846217,1.0,0.17537068702881697,0.13967672891563385,0,5.55674,0.18522
571.0240182876587,31.0,30.823794926702533,23.697006185350347,1.0,0.17620507329746715,0.14408185574807053,0,5.55674,0.18522
571.0564844608307,31.0,30.824213693108334,23.69739655617508,1.0,0.1757863068916663,0.1484765134203622,0,5.55674,0.18522
571.091432094574,31.0,30.825460558903444,23.69817730030934,1.0,0.17453944109655595,0.1528399994477761,0,5.55674,0.18522
571.1361789703369,31.0,30.823379310992834,23.69857063099562,1.0,0.17662068900716577,0.15725551667295523,0,5.55674,0.18522
571.1811428070068,31.0,30.824213693108334,23.700135089945604,1.0,0.1757863068916663,0.1616501743452469,0,5.55674,0.18522
571.2248146533966,31.0,30.825044934902905,23.700135089945604,1.0,0.17495506509709458,0.16602405097267425,0,5.55674,0.18522
571.2538366317749,31.0,30.825044934902905,23.700525467410387,1.0,0.17495506509709458,0.1703979276001016,0,5.55674,0.18522
571.2839379310608,31.0,30.825044934902905,23.701699562204283,1.0,0.17495506509709458,0.17477180422752897,0,5.55674,0.18522
571.3219635486603,31.0,30.82587933366335,23.7024803246058,1.0,0.17412066633664836,0.17912482088594517,0,5.55674,0.18522
571.3698027133942,31.0,30.827545007449316,23.7036544318845,1.0,0.17245499255068353,0.18343619569971226,0,5.55674,0.18522
571.4169836044312,31.0,30.8271293730715,23.70404481682249,1.0,0.17287062692849986,0.18775796137292475,0,5.55674,0.18522
571.4461472034454,31.0,30.827960643896574,23.705218934096138,1.0,0.1720393561034257,0.1920589452755104,0,5.55674,0.18522
571.4779257774353,31.0,30.832957889579234,23.704828546663805,1.0,0.16704211042076622,0.19623499803602956,0,5.55674,0.18522
571.5177574157715,31.0,30.829626359213023,23.705612279847912,1.0,0.17037364078697692,0.200494339055704,0,5.55674,0.18522
571.5478436946869,31.0,30.831707762879148,23.705612279847912,1.0,0.16829223712085195,0.20470164498372528,0,5.55674,0.18522
571.5949852466583,31.0,30.832126568982346,23.705612279847912,1.0,0.16787343101765373,0.20889848075916662,0,5.55674,0.18522
571.6283676624298,31.0,30.835042525377958,23.705218934096138,1.0,0.16495747462204235,0.21302241762471769,0,5.55674,0.18522
571.6600754261017,31.0,30.83587387502712,23.704828546663805,1.0,0.16412612497288137,0.2171255707490397,0,5.55674,0.18522
571.6922357082367,31.0,30.837539748308757,23.704828546663805,1.0,0.16246025169124323,0.2211870770413208,0,5.55674,0.18522
571.7267796993256,31.0,30.837958583686543,23.704438160060874,1.0,0.16204141631345692,0.2252381124491572,0,5.55674,0.18522
571.7592623233795,31.0,30.84045589391485,23.7036544318845,1.0,0.1595441060851499,0.22922671510128595,0,5.55674,0.18522
571.7932462692261,31.0,30.84045589391485,23.70326404777569,1.0,0.1595441060851499,0.2332153177534147,0,5.55674,0.18522
571.8264989852905,31.0,30.842121858710527,23.702873664495996,1.0,0.15787814128947275,0.2371622712856515,0,5.55674,0.18522
571.8578863143921,31.0,30.843787856788083,23.70326404777569,1.0,0.156212143211917,0.24106757486594943,0,5.55674,0.18522
571.906112909317,31.0,30.845872763279317,23.701699562204283,1.0,0.15412723672068296,0.2449207557839665,0,5.55674,0.18522
571.9400928020477,31.0,30.8479545723863,23.700525467410387,1.0,0.1520454276137002,0.248721891474309,0,5.55674,0.18522
571.9714586734772,31.0,30.849204942634458,23.700135089945604,1.0,0.1507950573655421,0.2524917679084476,0,5.55674,0.18522
572.0062103271484,31.0,30.85128683496532,23.700135089945604,1.0,0.14871316503467824,0.2562095970343145,0,5.55674,0.18522
572.040018081665,31.0,30.852537255206016,23.698961005139893,1.0,0.1474627447939838,0.2598961656541641,0,5.55674,0.18522
572.0730445384979,31.0,30.854619230786852,23.69739655617508,1.0,0.1453807692131477,0.2635306848844928,0,5.55674,0.18522
572.1061987876892,31.0,30.857535973935512,23.69739655617508,1.0,0.14246402606448783,0.26709228553610503,0,5.55674,0.18522
572.1409122943878,31.0,30.858370697842474,23.697006185350347,1.0,0.14162930215752567,0.2706330180900432,0,5.55674,0.18522
572.1728582382202,31.0,30.859202280165448,23.695048429007215,1.0,0.14079771983455203,0.274152961085907,0,5.55674,0.18522
572.2093768119812,31.0,30.862953953641522,23.695048429007215,1.0,0.13704604635847772,0.2775791122448689,0,5.55674,0.18522
572.265212059021,31.0,30.865036189605974,23.6934840133016,1.0,0.1349638103940265,0.2809532075047196,0,5.55674,0.18522
572.2952306270599,31.0,30.866286816267177,23.693093650774358,1.0,0.13371318373282293,0.28429603709804013,0,5.55674,0.18522
572.3318574428558,31.0,30.869203968099725,23.6915292516764,1.0,0.13079603190027456,0.287565937895547,0,5.55674,0.18522
572.3632774353027,31.0,30.871286360401143,23.69113889329242,1.0,0.12871363959885684,0.29078377888551843,0,5.55674,0.18522
572.4160778522491,31.0,30.87503542796827,23.69035522176125,1.0,0.12496457203172895,0.29390789318631166,0,5.55674,0.18522
572.4453911781311,31.0,30.87837192512177,23.689964865865022,1.0,0.12162807487823102,0.29694859505826743,0,5.55674,0.18522
572.4883341789246,31.0,30.882121312023685,23.689181199327606,1.0,0.11787868797631518,0.29989556225767533,0,5.55674,0.18522
572.5182135105133,31.0,30.882537220817767,23.689964865865022,1.0,0.11746277918223313,0.30283213173723117,0,5.55674,0.18522
572.5650124549866,31.0,30.887121807877577,23.689181199327606,1.0,0.11287819212242312,0.30565408654029175,0,5.55674,0.18522
572.6079187393188,31.0,30.890039690476954,23.689574510795808,1.0,0.10996030952304636,0.30840309427836793,0,5.55674,0.18522
572.6375679969788,31.0,30.89212575573447,23.689181199327606,1.0,0.10787424426553116,0.3110999503850062,0,5.55674,0.18522
572.6819956302643,31.0,30.894624691361855,23.69074557848461,1.0,0.10537530863814482,0.31373433310095983,0,5.55674,0.18522
572.7098360061646,31.0,30.89837796288242,23.691919610887624,0.9982333159139021,0.10162203711757911,0.3162748840288993,0,5.55674,0.18522
572.7437782287598,31.0,30.901712245570252,23.691919610887624,0.9801606953780104,0.09828775442974802,0.31873207788964303,0,5.55674,0.18522
572.7760405540466,31.0,30.9050466621336,23.692703289074643,0.9620316816696816,0.09495333786640003,0.321105911336303,0,5.55674,0.18522
572.8198680877686,31.0,30.906713920631717,23.694658063162933,0.9530988246143527,0.09328607936828348,0.3234380633205101,0,5.55674,0.18522
572.866541147232,31.0,30.91129984215297,23.695832120511966,0.9279665381802917,0.088700157847029,0.3256555672666858,0,5.55674,0.18522
572.8961749076843,31.0,30.912967226261173,23.69661285800845,0.9190642651065938,0.08703277373882656,0.3278313866101565,0,5.55674,0.18522
572.9315237998962,31.0,30.915050715495966,23.697786927828076,0.9078199751971494,0.0849492845040345,0.32995511872275735,0,5.55674,0.18522
572.9635815620422,31.0,30.919637097788893,23.697786927828076,0.8827067616734348,0.08036290221110676,0.331964191278035,0,5.55674,0.18522
572.9959692955017,31.0,30.921723906869488,23.699744713309485,0.8713729128634997,0.07827609313051198,0.3339210936062978,0,5.55674,0.18522
573.0423104763031,31.0,30.92714292070667,23.70091584570389,0.8415381377332141,0.0728570792933283,0.335742520588631,0,5.55674,0.18522
573.0846645832062,31.0,30.928810623348625,23.70208994299054,0.8325405491530629,0.07118937665137537,0.3375222550049154,0,5.55674,0.18522
573.1126403808594,31.0,30.93464942327347,23.702873664495996,0.8003582504365112,0.06535057672653011,0.33915601942307866,0,5.55674,0.18522
573.1478042602539,31.0,30.93673345743258,23.7036544318845,0.7890307102917773,0.06326654256741904,0.34073768298726415,0,5.55674,0.18522
573.1861791610718,31.0,30.939236890017014,23.704828546663805,0.7753409079857216,0.06076310998298595,0.3422567607368388,0,5.55674,0.18522
573.2428994178772,31.0,30.946744488564207,23.706002668945473,0.7338094921877547,0.053255511435793323,0.3435881485227336,0,5.55674,0.18522
573.2907049655914,31.0,30.95174888135557,23.70717679873127,0.7061645667155891,0.04825111864442988,0.34479442648884434,0,5.55674,0.18522
573.3320281505585,31.0,30.954669038627173,23.70834797848869,0.6900878256983767,0.04533096137282655,0.345927700523165,0,5.55674,0.18522
573.3631043434143,31.0,30.959673910705646,23.707567191153828,0.6625038437017283,0.04032608929435355,0.34693585275552385,0,5.55674,0.18522
573.4012603759766,31.0,30.96301066033851,23.708741330941336,0.6440734294933648,0.03698933966148843,0.34786058624706107,0,5.55674,0.18522
573.4436597824097,31.0,30.967599699461857,23.7079575844063,0.6187635745786729,0.0324003005381428,0.3486705937605146,0,5.55674,0.18522
573.4765090942383,31.0,30.971356277802045,23.70834797848869,0.5980018497268627,0.028643722197955412,0.34938668681546353,0,5.55674,0.18522
573.5160608291626,31.0,30.97385760392018,23.7079575844063,0.5842437136796159,0.02614239607981972,0.35004024671745904,0,5.55674,0.18522
573.5687236785889,31.0,30.980951940764044,23.707567191153828,0.5449305608429519,0.019048059235956316,0.3505164481983579,0,5.55674,0.18522
573.6017713546753,31.0,30.982620728345296,23.7079575844063,0.5357179864172882,0.017379271654704098,0.35095092998972555,0,5.55674,0.18522
573.6347348690033,31.0,30.98679442224983,23.70717679873127,0.5126270638130277,0.013205577750170505,0.3512810694334798,0,5.55674,0.18522
573.6648671627045,31.0,30.990965172209087,23.70717679873127,0.48949312645450843,0.009034827790912914,0.3515069401282526,0,5.55674,0.18522
573.711722612381,31.0,30.99639187951209,23.706783449629484,0.4593752144161487,0.0036081204879110373,0.3515971431404504,0,5.55674,0.18522
573.7438242435455,31.0,30.998893964203603,23.706783449629484,0.4454769018261802,0.001106035796397009,0.3516247940353603,0,5.55674,0.18522
573.7867910861969,31.0,31.00265196666254,23.705612279847912,0.42464247011546913,-0.002651966662540417,0.35155849486879676,0,5.55674,0.18522
573.8344888687134,31.0,31.009745623604488,23.706002668945473,0.3851597055041407,-0.009745623604487719,0.3513148542786846,0,5.55674,0.18522
573.887407541275,31.0,31.01559014484303,23.704438160060874,0.35269130278155963,-0.01559014484303134,0.3509251006576088,0,5.55674,0.18522
573.9351713657379,31.0,31.020182108655717,23.70326404777569,0.327141742310564,-0.020182108655717457,0.35042054794121585,0,5.55674,0.18522
573.9847288131714,31.0,31.025190954914592,23.702873664495996,0.29921226916041915,-0.025190954914592112,0.3497907740683511,0,5.55674,0.18522
574.025304555893,31.0,31.03061991625856,23.701699562204283,0.2689633982466033,-0.030619916258558533,0.3490252761618871,0,5.55674,0.18522
574.0685429573059,31.0,31.034796041230038,23.70091584570389,0.24563684571456587,-0.0347960412300381,0.34815537513113615,0,5.55674,0.18522
574.107673406601,31.0,31.03896922136505,23.700525467410387,0.22228715142289907,-0.038969221365050544,0.3471811445970099,0,5.55674,0.18522
574.1417307853699,31.0,31.042729052837103,23.700135089945604,0.20121691823849602,-0.042729052837103154,0.3461129182760823,0,5.55674,0.18522
574.1793558597565,31.0,31.044815817692893,23.698961005139893,0.18947402921962195,-0.04481581769289278,0.34499252283376,0,5.55674,0.18522
574.2360336780548,31.0,31.054836815267322,23.697786927828076,0.13359626927000667,-0.05483681526732198,0.3436216024520769,0,5.55674,0.18522
574.2896249294281,31.0,31.056510257799857,23.69739655617508,0.12405574279360371,-0.0565102577998573,0.34220884600708046,0,5.55674,0.18522
574.3180332183838,31.0,31.060684540370914,23.697006185350347,0.10059936938360298,-0.06068454037091442,0.3406917324978076,0,5.55674,0.18522
574.3571417331696,31.0,31.066115845868353,23.696222488846217,0.07015307763439438,-0.06611584586835306,0.33903883635109877,0,5.55674,0.18522
574.3881068229675,31.0,31.067369517993086,23.695441753005696,0.06291485131705704,-0.06736951799308599,0.33735459840127163,0,5.55674,0.18522
574.4201412200928,31.0,31.079480913569228,23.695832120511966,0.0,-0.0794809135692276,0.33536757556204094,0,5.55674,0.18522
574.4533467292786,31.0,31.076976376692755,23.695832120511966,0.008787530705880231,-0.07697637669275537,0.3334431661447221,0,5.55674,0.18522
574.4854395389557,31.0,31.07781016105929,23.695441753005696,0.0038141369320163765,-0.07781016105928984,0.3314979121182398,0,5.55674,0.18522
574.5163466930389,31.0,31.083242600019048,23.695441753005696,0.0,-0.08324260001904804,0.3294168471177636,0,5.55674,0.18522
574.5499336719513,31.0,31.08533039465999,23.695441753005696,0.0,-0.08533039465999082,0.32728358725126383,0,5.55674,0.18522
574.6030492782593,31.0,31.0890923494523,23.695441753005696,0.0,-0.08909234945230082,0.32505627851495633,0,5.55674,0.18522
574.6424872875214,31.0,31.095776483429404,23.695832120511966,0.0,-0.09577648342940392,0.32266186642922123,0,5.55674,0.18522
574.6793587207794,31.0,31.099955923623156,23.695048429007215,0.0,-0.0999559236231562,0.32016296833864233,0,5.55674,0.18522
574.7227091789246,31.0,31.102044144071556,23.693874376656424,0.0,-0.10204414407155582,0.31761186473685343,0,5.55674,0.18522
574.7523369789124,31.0,31.105386671278268,23.697006185350347,0.0,-0.10538667127826784,0.31497719795489676,0,5.55674,0.18522
574.8012871742249,31.0,31.109983658868828,23.696222488846217,0.0,-0.10998365886882766,0.31222760648317605,0,5.55674,0.18522
574.831148147583,31.0,31.113326510235254,23.69661285800845,0.0,-0.11332651023525386,0.3093944437272947,0,5.55674,0.18522
574.8648364543915,31.0,31.115835318244308,23.69661285800845,0.0,-0.11583531824430793,0.306498560771187,0,5.55674,0.18522
574.9120705127716,31.0,31.120850005096315,23.69739655617508,0.0,-0.12085000509631527,0.3034773106437791,0,5.55674,0.18522
574.9435374736786,31.0,31.12168739611593,23.69739655617508,0.0,-0.12168739611593082,0.3004351257408808,0,5.55674,0.18522
574.9776000976562,31.0,31.125030725708655,23.69857063099562,0.0,-0.1250307257086547,0.29730935759816446,0,5.55674,0.18522
575.0190622806549,31.0,31.127536732502563,23.699744713309485,0.0,-0.1275367325025627,0.2941209392856004,0,5.55674,0.18522
575.0553648471832,31.0,31.131300627251505,23.698961005139893,0.0,-0.13130062725150538,0.2908384236043128,0,5.55674,0.18522
575.1030728816986,31.0,31.133806826253476,23.699351380112603,0.0,-0.13380682625347617,0.2874932529479759,0,5.55674,0.18522
575.1383650302887,31.0,31.137571009762098,23.700135089945604,0.0,-0.13757100976209813,0.28405397770392343,0,5.55674,0.18522
575.1761486530304,31.0,31.142169806831816,23.70091584570389,0.0,-0.14216980683181646,0.28049973253312804,0,5.55674,0.18522
575.2232432365417,31.0,31.143424643844526,23.7024803246058,0.0,-0.1434246438445257,0.2769141164370149,0,5.55674,0.18522
575.2612307071686,31.0,31.146348457273632,23.7024803246058,0.0,-0.146348457273632,0.2732554050051741,0,5.55674,0.18522
575.2961273193359,31.0,31.149275536445998,23.702873664495996,0.0,-0.1492755364459981,0.2695235165940241,0,5.55674,0.18522
575.3360526561737,31.0,31.15261999510244,23.702873664495996,0.0,-0.15261999510244095,0.2657080167164631,0,5.55674,0.18522
575.3854014873505,31.0,31.154712722297916,23.704438160060874,0.0,-0.15471272229791566,0.2618401986590152,0,5.55674,0.18522
575.4219443798065,31.0,31.15513000966604,23.705612279847912,0.0,-0.1551300096660384,0.25796194841736425,0,5.55674,0.18522
575.4531271457672,31.0,31.156385045897707,23.705218934096138,0.0,-0.1563850458977072,0.2540523222699216,0,5.55674,0.18522
575.4853250980377,31.0,31.157640101432378,23.705612279847912,0.0,-0.15764010143237783,0.25011131973411216,0,5.55674,0.18522
575.5434777736664,31.0,31.162657355077272,23.706002668945473,0.0,-0.16265735507727186,0.24604488585718037,0,5.55674,0.18522
575.5712151527405,31.0,31.163912507111547,23.7079575844063,0.0,-0.16391250711154726,0.24194707317939168,0,5.55674,0.18522
575.6074640750885,31.0,31.165585019311663,23.7079575844063,0.0,-0.16558501931166347,0.2378074476966001,0,5.55674,0.18522
575.6400747299194,31.0,31.167257565814054,23.708741330941336,0.0,-0.1672575658140545,0.23362600855124874,0,5.55674,0.18522
575.6706309318542,31.0,31.166002362296865,23.709131726689975,0.0,-0.16600236229686516,0.2294759494938271,0,5.55674,0.18522
575.7082884311676,31.0,31.17185803609152,23.709522123268698,0.0,-0.17185803609152117,0.22517949859153907,0,5.55674,0.18522
575.7522292137146,31.0,31.17185803609152,23.710305876482266,0.0,-0.17185803609152117,0.22088304768925104,0,5.55674,0.18522
575.7889981269836,31.0,31.17185803609152,23.711086675463946,0.0,-0.17185803609152117,0.21658659678696301,0,5.55674,0.18522
575.8197407722473,31.0,31.17394809495312,23.712260837761676,0.0,-0.17394809495311847,0.21223789441313506,0,5.55674,0.18522
575.8506543636322,31.0,31.17394809495312,23.712260837761676,0.0,-0.17394809495311847,0.2078891920393071,0,5.55674,0.18522
575.8820502758026,31.0,31.175620813046862,23.713044602670607,0.0,-0.17562081304686217,0.20349867171313557,0,5.55674,0.18522
575.9155855178833,31.0,31.174365480752613,23.7138254133053,0.0,-0.1743654807526127,0.19913953469432025,0,5.55674,0.18522
575.9482164382935,31.0,31.176041369499785,23.7138254133053,0.0,-0.1760413694997851,0.19473850045682561,0,5.55674,0.18522
575.9861342906952,31.0,31.174365480752613,23.715390002192805,0.0,-0.1743654807526127,0.1903793634380103,0,5.55674,0.18522
576.0202875137329,31.0,31.176876164678447,23.714999593130017,0.0,-0.1768761646784469,0.18595745932104912,0,5.55674,0.18522
576.0653324127197,31.0,31.17771413056073,23.71617378047182,0.0,-0.17771413056073015,0.18151460605703088,0,5.55674,0.18522
576.1041784286499,31.0,31.17771413056073,23.716564192034298,0.0,-0.17771413056073015,0.17707175279301263,0,5.55674,0.18522
576.1331417560577,31.0,31.176876164678447,23.716564192034298,0.0,-0.1768761646784469,0.17264984867605146,0,5.55674,0.18522
576.1659343242645,31.0,31.17645876602012,23.716564192034298,0.0,-0.17645876602011867,0.1682383795255485,0,5.55674,0.18522
576.2074434757233,31.0,31.17729356547477,23.71734797533236,0.0,-0.17729356547476982,0.16380604038867924,0,5.55674,0.18522
576.2561187744141,31.0,31.178131535649584,23.71773838939515,0.0,-0.17813153564958384,0.15935275199743965,0,5.55674,0.18522
576.3038351535797,31.0,31.180642335619666,23.71734797533236,0.0,-0.18064233561966603,0.154836693606948,0,5.55674,0.18522
576.3428640365601,31.0,31.178131535649584,23.71851922001531,0.0,-0.17813153564958384,0.1503834052157084,0,5.55674,0.18522
576.384176492691,31.0,31.17771413056073,23.71734797533236,0.0,-0.17771413056073015,0.14594055195169015,0,5.55674,0.18522
576.4198467731476,31.0,31.179386925962547,23.71851922001531,0.0,-0.17938692596254668,0.14145587880262647,0,5.55674,0.18522
576.4553394317627,31.0,31.178966352242128,23.71851922001531,0.0,-0.17896635224212787,0.13698171999657327,0,5.55674,0.18522
576.5029499530792,31.0,31.17645876602012,23.71930301167248,0.0,-0.17645876602011867,0.1325702508460703,0,5.55674,0.18522
576.5308377742767,31.0,31.17729356547477,23.71930301167248,0.0,-0.17729356547476982,0.12813791170920105,0,5.55674,0.18522
576.576334476471,31.0,31.17645876602012,23.720086806681763,0.0,-0.17645876602011867,0.12372644255869808,0,5.55674,0.18522
576.6179790496826,31.0,31.17394809495312,23.720086806681763,0.0,-0.17394809495311847,0.11937774018487012,0,5.55674,0.18522
576.6464197635651,31.0,31.176876164678447,23.720086806681763,0.0,-0.1768761646784469,0.11495583606790895,0,5.55674,0.18522
576.6795108318329,31.0,31.17520342081832,23.721258068868565,0.0,-0.1752034208183204,0.11057575054745093,0,5.55674,0.18522
576.7132847309113,31.0,31.173530711291164,23.721258068868565,0.0,-0.17353071129116415,0.10623748276517182,0,5.55674,0.18522
576.7447123527527,31.0,31.17185803609152,23.720477226578737,0.0,-0.17185803609152117,0.1019410318628838,0,5.55674,0.18522
576.7762289047241,31.0,31.17185803609152,23.72165144901004,0.0,-0.17185803609152117,0.09764458096059576,0,5.55674,0.18522
576.8097836971283,31.0,31.171020130416878,23.72086764730767,0.0,-0.1710201304168777,0.09336907770017382,0,5.55674,0.18522
576.8562045097351,31.0,31.17060276174709,23.721258068868565,0.0,-0.17060276174709088,0.08910400865649655,0,5.55674,0.18522
576.8952202796936,31.0,31.169768030817806,23.722041872241334,0.0,-0.16976803081780645,0.0848598078860514,0,5.55674,0.18522
576.9242463111877,31.0,31.168092271041075,23.72165144901004,0.0,-0.1680922710410755,0.08065750111002451,0,5.55674,0.18522
576.9593620300293,31.0,31.16641970741796,23.72165144901004,0.0,-0.1664197074179583,0.07649700842457555,0,5.55674,0.18522
576.9942467212677,31.0,31.165585019311663,23.722822721200487,0.0,-0.16558501931166347,0.07235738294178395,0,5.55674,0.18522
577.0382766723633,31.0,31.163912507111547,23.722822721200487,0.0,-0.16391250711154726,0.06825957026399528,0,5.55674,0.18522
577.0797052383423,31.0,31.16140222235714,23.7236065312689,0.0,-0.16140222235713964,0.06422451470506678,0,5.55674,0.18522
577.1092646121979,31.0,31.160567585597107,23.7236065312689,0.0,-0.16056758559710715,0.0602103250651391,0,5.55674,0.18522
577.1414053440094,31.0,31.157219639871244,23.7236065312689,0.0,-0.15721963987124354,0.05627983406835801,0,5.55674,0.18522
577.1722311973572,31.0,31.157640101432378,23.724387386899423,0.0,-0.15764010143237783,0.05233883153254856,0,5.55674,0.18522
577.206164598465,31.0,31.15429543706341,23.723996958667897,0.0,-0.15429543706341065,0.0484814456059633,0,5.55674,0.18522
577.2389123439789,31.0,31.15429543706341,23.7236065312689,0.0,-0.15429543706341065,0.044624059679378034,0,5.55674,0.18522
577.2696957588196,31.0,31.1517854481653,23.724387386899423,0.0,-0.15178544816529893,0.04082942347524556,0,5.55674,0.18522
577.3167653083801,31.0,31.150530482659406,23.724387386899423,0.0,-0.1505304826594056,0.03706616140876042,0,5.55674,0.18522
577.3576400279999,31.0,31.146768862839735,23.72517120366541,0.0,-0.14676886283973545,0.03339693983776704,0,5.55674,0.18522
577.388462305069,31.0,31.145513974441712,23.72517120366541,0.0,-0.14551397444171243,0.029759090476724225,0,5.55674,0.18522
577.4185254573822,31.0,31.144259105327137,23.72595502378732,0.0,-0.14425910532713715,0.026152612843545794,0,5.55674,0.18522
577.4522728919983,31.0,31.14133220595255,23.726345456194736,0.0,-0.14133220595255125,0.022619307694732013,0,5.55674,0.18522
577.4841015338898,31.0,31.139242982319956,23.726345456194736,0.0,-0.13924298231995635,0.019138233136733105,0,5.55674,0.18522
577.5228803157806,31.0,31.139242982319956,23.726345456194736,0.0,-0.13924298231995635,0.015657158578734197,0,5.55674,0.18522
577.5693078041077,31.0,31.13547872179015,23.727519716257518,0.0,-0.1354787217901503,0.01227019053398044,0,5.55674,0.18522
577.6115818023682,31.0,31.133389647822185,23.726735889434906,0.0,-0.13338964782218454,0.008935449338425827,0,5.55674,0.18522
577.6564764976501,31.0,31.130463137779316,23.727519716257518,0.0,-0.13046313777931573,0.005673870893942934,0,5.55674,0.18522
577.7048606872559,31.0,31.12670244176286,23.72791015200295,0.0,-0.12670244176285905,0.002506309849871457,0,5.55674,0.18522
577.7562696933746,31.0,31.122521635694056,23.72791015200295,0.0,-0.12252163569405639,-0.0005567310424799527,0,5.55674,0.18522
577.7977900505066,31.0,31.121267119551476,23.729474861191193,0.0,-0.12126711955147584,-0.003588409031266849,0,5.55674,0.18522
577.8451128005981,31.0,31.11708975109343,23.729084422106666,0.0,-0.117089751093431,-0.006515652808602624,0,5.55674,0.18522
577.8826949596405,31.0,31.114997987120603,23.729865301108987,0.0,-0.11499798712060283,-0.009390602486617695,0,5.55674,0.18522
577.9164686203003,31.0,31.112072135070832,23.730258699747935,0.0,-0.11207213507083225,-0.012192405863388501,0,5.55674,0.18522
577.9552853107452,31.0,31.108312284377178,23.729865301108987,0.0,-0.10831228437717755,-0.01490021297281794,0,5.55674,0.18522
578.0079431533813,31.0,31.103715390621858,23.729865301108987,0.0,-0.10371539062185775,-0.017493097738364383,0,5.55674,0.18522
578.0462002754211,31.0,31.1024611627019,23.730649141338915,0.0,-0.10246116270189987,-0.020054626805911878,0,5.55674,0.18522
578.0762958526611,31.0,31.10037293162202,23.731039583763447,0.0,-0.10037293162201877,-0.022563950096462348,0,5.55674,0.18522
578.1121287345886,31.0,31.09828159469714,23.731430027021588,0.0,-0.09828159469714137,-0.025020989963890884,0,5.55674,0.18522
578.1444499492645,31.0,31.094105398826912,23.732604319723805,0.0,-0.09410539882691182,-0.02737362493456368,0,5.55674,0.18522
578.1771423816681,31.0,31.09285131802011,23.73182342902635,0.0,-0.09285131802010937,-0.029694907885066412,0,5.55674,0.18522
578.2111296653748,31.0,31.08950930217162,23.733388171694912,0.0,-0.08950930217162067,-0.03193264043935693,0,5.55674,0.18522
578.2639689445496,31.0,31.08533039465999,23.733388171694912,0.0,-0.08533039465999082,-0.034065900305856704,0,5.55674,0.18522
578.2925956249237,31.0,31.08240560196481,23.733778619968575,0.0,-0.08240560196480828,-0.036126040354976914,0,5.55674,0.18522
578.3309643268585,31.0,31.076976376692755,23.734952927757547,0.0,-0.07697637669275537,-0.0380504497722958,0,5.55674,0.18522
578.3660349845886,31.0,31.074885636489853,23.735343379374,0.0,-0.07488563648985291,-0.03992259068454212,0,5.55674,0.18522
578.4020977020264,31.0,31.07321497754947,23.735733831824746,0.0,-0.07321497754946904,-0.04175296512327884,0,5.55674,0.18522
578.437597990036,31.0,31.06945690876529,23.736127243092483,0.0,-0.06945690876528943,-0.043489387842411076,0,5.55674,0.18522
578.4797945022583,31.0,31.065279022483708,23.73651769721829,0.0015814542211352034,-0.06527902248370765,-0.04512136340450377,0,5.55674,0.18522
578.5283896923065,31.0,31.06026773409144,23.7372986079734,0.02910874388657636,-0.060267734091439706,-0.046628056756789764,0,5.55674,0.18522
578.5561149120331,31.0,31.059430970294216,23.736908152178557,0.03350326128897657,-0.05943097029421551,-0.04811383101414515,0,5.55674,0.18522
578.5873436927795,31.0,31.054003264155938,23.7372986079734,0.06339351733335563,-0.054003264155937813,-0.0494639126180436,0,5.55674,0.18522
578.6173620223999,31.0,31.053586491770943,23.73847293838628,0.06540102789439017,-0.05358649177094321,-0.050803574912317184,0,5.55674,0.18522
578.6489253044128,31.0,31.050662829762302,23.73886339752619,0.08139242947168068,-0.05066282976230241,-0.052070145656374744,0,5.55674,0.18522
578.6815435886383,31.0,31.04857275933159,23.73886339752619,0.09278149127474461,-0.04857275933159144,-0.05328446463966453,0,5.55674,0.18522
578.7260365486145,31.0,31.043145770180445,23.73964727635024,0.12269785294220814,-0.04314577018044474,-0.05436310889417565,0,5.55674,0.18522
578.7639327049255,31.0,31.038135831108946,23.74003773800115,0.15034015986419458,-0.038135831108945695,-0.055316504671899296,0,5.55674,0.18522
578.8042550086975,31.0,31.03312304055237,23.74082162186687,0.17800133762413373,-0.033123040552368366,-0.0561445806857085,0,5.55674,0.18522
578.8420643806458,31.0,31.03061991625856,23.74043115853948,0.19178879702452611,-0.030619916258558533,-0.05691007859217247,0,5.55674,0.18522
578.8929407596588,31.0,31.026860638042763,23.741995974937993,0.21247346230469513,-0.02686063804276273,-0.057581594543241535,0,5.55674,0.18522
578.9275641441345,31.0,31.023104687663476,23.741995974937993,0.23323731575906492,-0.023104687663476398,-0.058159211734828443,0,5.55674,0.18522
578.9632089138031,31.0,31.019348908583936,23.74316737746841,0.2539575057337542,-0.01934890858393601,-0.058642934449426844,0,5.55674,0.18522
579.0117008686066,31.0,31.013920690168618,23.74316737746841,0.2840562443750627,-0.013920690168617966,-0.05899095170364229,0,5.55674,0.18522
579.0460331439972,31.0,31.00932907527846,23.743560804752633,0.3095072701067152,-0.009329075278458276,-0.05922417858560375,0,5.55674,0.18522
579.086225271225,31.0,31.007243209640137,23.743951274775725,0.32104430907377296,-0.007243209640137138,-0.059405258826607174,0,5.55674,0.18522
579.1182358264923,31.0,31.003484997950522,23.743951274775725,0.3419115770149124,-0.0034849979505224837,-0.059492383775370236,0,5.55674,0.18522
579.1734139919281,31.0,30.998477470692478,23.744341745634472,0.3697241196820718,0.001522529307521836,-0.05945432054268219,0,5.55674,0.18522
579.2160177230835,31.0,30.991384782776095,23.744732217328874,0.40915620063437164,0.008615217223905347,-0.059238940112084554,0,5.55674,0.18522
579.2614514827728,31.0,30.989715818039997,23.744732217328874,0.4184778246466008,0.010284181960003025,-0.05898183556308448,0,5.55674,0.18522
579.2961237430573,31.0,30.984705971566257,23.744341745634472,0.44640709240329507,0.015294028433743279,-0.058599484852240896,0,5.55674,0.18522
579.3353691101074,31.0,30.980951940764044,23.74551612135997,0.4672952122651451,0.019048059235956316,-0.05812328337134199,0,5.55674,0.18522
579.3783218860626,31.0,30.97636216015917,23.74551612135997,0.492908884760857,0.023637839840830566,-0.05753233737532123,0,5.55674,0.18522
579.4092347621918,31.0,30.972605354268467,23.74590659556833,0.5138912946404929,0.027394645731533274,-0.056847471232032896,0,5.55674,0.18522
579.4439132213593,31.0,30.969687717732654,23.746690504646722,0.5302039822157834,0.030312282267345836,-0.05608966417534925,0,5.55674,0.18522
579.4765675067902,31.0,30.968851873272286,23.747080981369493,0.5349727492417672,0.031148126727714498,-0.05531096100715639,0,5.55674,0.18522
579.5082809925079,31.0,30.963846445745276,23.746690504646722,0.5629740523527187,0.03615355425472444,-0.05440712215078828,0,5.55674,0.18522
579.5372812747955,31.0,30.960925964494663,23.747080981369493,0.5793633049371156,0.039074035505336724,-0.05343027126315486,0,5.55674,0.18522
579.571239233017,31.0,30.95925761490389,23.749036335718813,0.5887222214250707,0.0407423850961095,-0.052411711635752124,0,5.55674,0.18522
579.6135504245758,31.0,30.955085311338962,23.749429775664055,0.6120944182426631,0.04491468866103787,-0.051288844419226175,0,5.55674,0.18522
579.6450233459473,31.0,30.950496966437584,23.749429775664055,0.6378198816868603,0.049503033562416476,-0.050051268580165766,0,5.55674,0.18522
579.6915380954742,31.0,30.947576956367527,23.749820258253862,0.6542683283245199,0.052423043632472854,-0.04874069248935394,0,5.55674,0.18522
579.7399423122406,31.0,30.94424082902475,23.751775641989752,0.6729641858773845,0.05575917097525007,-0.04734671321497269,0,5.55674,0.18522
579.7778081893921,31.0,30.938401353097902,23.752169087849154,0.7056776808105398,0.06159864690209815,-0.045806747042420236,0,5.55674,0.18522
579.8134713172913,31.0,30.936317276981754,23.753340555740408,0.7174931266770046,0.06368272301824618,-0.04421467896696408,0,5.55674,0.18522
579.8739709854126,31.0,30.92839448268586,23.75451498944699,0.7617893457294463,0.07160551731413989,-0.04242454103411058,0,5.55674,0.18522
579.9161460399628,31.0,30.925059127693146,23.754905482936522,0.780650024359065,0.07494087230685409,-0.04055101922643923,0,5.55674,0.18522
579.9477996826172,31.0,30.921304649470756,23.755689430727728,0.8018368594191257,0.07869535052924448,-0.038583635463208116,0,5.55674,0.18522
579.9803159236908,31.0,30.919637097788893,23.757254378112123,0.8113948360815992,0.08036290221110676,-0.036574562907930444,0,5.55674,0.18522
580.0219080448151,31.0,30.916718174980247,23.757254378112123,0.8280001677000721,0.08328182501975334,-0.03449251728243661,0,5.55674,0.18522
580.0620973110199,31.0,30.912131954041968,23.758428837066333,0.8538312184567928,0.08786804595803233,-0.032295816133485804,0,5.55674,0.18522
580.1024076938629,31.0,30.90879725288562,23.758819338951866,0.8727635640682321,0.09120274711438014,-0.0300157474556263,0,5.55674,0.18522
580.1407690048218,31.0,30.9050466621336,23.759209841675386,0.894024267099008,0.09495333786640003,-0.027641914008966297,0,5.55674,0.18522
580.1920802593231,31.0,30.900461085998074,23.759603303600557,0.9199458484882272,0.0995389140019256,-0.025153441158918155,0,5.55674,0.18522
580.2309281826019,31.0,30.8979588233949,23.760774819333676,0.934262664299248,0.10204117660509837,-0.022602411743790695,0,5.55674,0.18522
580.2762622833252,31.0,30.892957675517835,23.760384313251052,0.9625684384651201,0.10704232448216544,-0.01992635363173656,0,5.55674,0.18522
580.3161051273346,31.0,30.89212575573447,23.75999380800664,0.9677107482751477,0.10787424426553116,-0.01722949752509828,0,5.55674,0.18522
580.3540472984314,31.0,30.887956828613255,23.75999380800664,0.9913952082717861,0.11204317138674469,-0.014428418240429664,0,5.55674,0.18522
580.409553527832,31.0,30.88503901912179,23.75999380800664,1.0,0.11496098087820883,-0.011554393718474443,0,5.55674,0.18522
580.4519727230072,31.0,30.880870447352606,23.759603303600557,1.0,0.11912955264739367,-0.008576154902289601,0,5.55674,0.18522
580.4939184188843,31.0,30.879619601494653,23.759209841675386,1.0,0.12038039850534688,-0.005566644939655929,0,5.55674,0.18522
580.5303282737732,31.0,30.87628620489528,23.758819338951866,1.0,0.12371379510472025,-0.002473800062037923,0,5.55674,0.18522
580.5739710330963,31.0,30.8725370809737,23.759603303600557,1.0,0.12746291902629991,0.0007127729136195749,0,5.55674,0.18522
580.6244111061096,31.0,30.870035658624715,23.758428837066333,1.0,0.12996434137528468,0.003961881448001692,0,5.55674,0.18522
580.6565561294556,31.0,30.866702645918224,23.758819338951866,1.0,0.13329735408177612,0.007294315300046095,0,5.55674,0.18522
580.6860046386719,31.0,30.863369766647565,23.758819338951866,1.0,0.13663023335243452,0.010710071133856958,0,5.55674,0.18522
580.7261912822723,31.0,30.863369766647565,23.758819338951866,1.0,0.13663023335243452,0.014125826967667822,0,5.55674,0.18522
580.773211479187,31.0,30.8587864879662,23.758428837066333,1.0,0.14121351203380073,0.01765616476851284,0,5.55674,0.18522
580.8038594722748,31.0,30.8587864879662,23.75999380800664,1.0,0.14121351203380073,0.021186502569357855,0,5.55674,0.18522
580.8406476974487,31.0,30.857120190053536,23.75999380800664,1.0,0.14287980994646432,0.024758497818019462,0,5.55674,0.18522
580.8717138767242,31.0,30.85336877930473,23.760384313251052,1.0,0.14663122069526935,0.028424278335401197,0,5.55674,0.18522
580.9016463756561,31.0,30.855038151978704,23.760384313251052,1.0,0.1449618480212962,0.0320483245359336,0,5.55674,0.18522
580.9393889904022,31.0,30.85128683496532,23.760774819333676,1.0,0.14871316503467824,0.035766153661800554,0,5.55674,0.18522
580.9728422164917,31.0,30.85045533163975,23.760384313251052,1.0,0.1495446683602495,0.03950477037080679,0,5.55674,0.18522
581.0043079853058,31.0,30.84878920031946,23.761949301013658,1.0,0.15121079968054119,0.04328504036282032,0,5.55674,0.18522
581.0438797473907,31.0,30.846704220893173,23.761949301013658,1.0,0.153295779106827,0.047117434840490996,0,5.55674,0.18522
581.0940978527069,31.0,30.845453888152747,23.763514302243777,1.0,0.1545461118472531,0.05098108763667232,0,5.55674,0.18522
581.125006198883,31.0,30.843787856788083,23.763514302243777,1.0,0.156212143211917,0.05488639121697025,0,5.55674,0.18522
581.1615869998932,31.0,30.842537567779743,23.763514302243777,1.0,0.1574624322202567,0.058822952022476664,0,5.55674,0.18522
581.1980097293854,31.0,30.840871594679868,23.76507931694539,1.0,0.15912840532013206,0.06280116215547997,0,5.55674,0.18522
581.2410686016083,31.0,30.840871594679868,23.76547279157046,1.0,0.15912840532013206,0.06677937228848327,0,5.55674,0.18522
581.282212972641,31.0,30.841290446788662,23.766647303600678,1.0,0.15870955321133806,0.07074711111876672,0,5.55674,0.18522
581.3165459632874,31.0,30.839624498600585,23.767037823136206,1.0,0.1603755013994146,0.07475649865375208,0,5.55674,0.18522
581.3742566108704,31.0,30.83587387502712,23.76821234528279,1.0,0.16412612497288137,0.07885965177807412,0,5.55674,0.18522
581.4129486083984,31.0,30.83670838205927,23.769777400448504,1.0,0.16329161794072888,0.08294194222659235,0,5.55674,0.18522
581.456600189209,31.0,30.83545819916708,23.769777400448504,1.0,0.16454180083292158,0.08705548724741538,0,5.55674,0.18522
581.4941990375519,31.0,30.836289552958192,23.770558453818012,1.0,0.16371044704180804,0.09114824842346059,0,5.55674,0.18522
581.5298383235931,31.0,30.83545819916708,23.770948981762615,1.0,0.16454180083292158,0.09526179344428362,0,5.55674,0.18522
581.5677101612091,31.0,30.836289552958192,23.772517019088866,1.0,0.16371044704180804,0.09935455462032883,0,5.55674,0.18522
581.6114614009857,31.0,30.83462370463951,23.772907551246703,1.0,0.16537629536048826,0.10348896200434103,0,5.55674,0.18522
581.6584255695343,31.0,30.833376701956468,23.77447264688726,1.0,0.1666232980435325,0.10765454445542934,0,5.55674,0.18522
581.7060368061066,31.0,30.83379236744679,23.776037756027506,1.0,0.1662076325532098,0.11180973526925958,0,5.55674,0.18522
581.7472770214081,31.0,30.835042525377958,23.777212336406762,1.0,0.16495747462204235,0.11593367213481064,0,5.55674,0.18522
581.7780256271362,31.0,30.83587387502712,23.77760287867136,1.0,0.16412612497288137,0.12003682525913267,0,5.55674,0.18522
581.8119032382965,31.0,30.836289552958192,23.778386924393146,1.0,0.16371044704180804,0.12412958643517788,0,5.55674,0.18522
581.8485662937164,31.0,30.83545819916708,23.779168014822915,1.0,0.16454180083292158,0.12824313145600091,0,5.55674,0.18522
581.8854622840881,31.0,30.836289552958192,23.780342615478787,1.0,0.16371044704180804,0.13233589263204612,0,5.55674,0.18522
581.9212732315063,31.0,30.83545819916708,23.780342615478787,1.0,0.16454180083292158,0.13644943765286915,0,5.55674,0.18522
581.9582479000092,31.0,30.83545819916708,23.780733164486207,1.0,0.16454180083292158,0.1405629826736922,0,5.55674,0.18522
582.007720708847,31.0,30.837539748308757,23.780733164486207,1.0,0.16246025169124323,0.14462448896597327,0,5.55674,0.18522
582.0360231399536,31.0,30.83837427200541,23.780733164486207,1.0,0.16162572799458985,0.14866513216583802,0,5.55674,0.18522
582.0680932998657,31.0,30.83878996239588,23.780733164486207,1.0,0.16121003760412123,0.15269538310594105,0,5.55674,0.18522
582.1024193763733,31.0,30.840040195221775,23.779558561299723,1.0,0.15995980477822513,0.15669437822539667,0,5.55674,0.18522
582.1362743377686,31.0,30.840871594679868,23.778777469187446,1.0,0.15912840532013206,0.16067258835839998,0,5.55674,0.18522
582.1792404651642,31.0,30.842537567779743,23.778386924393146,1.0,0.1574624322202567,0.1646091491639064,0,5.55674,0.18522
582.2252109050751,31.0,30.842537567779743,23.776821794983164,1.0,0.1574624322202567,0.16854570996941282,0,5.55674,0.18522
582.2752094268799,31.0,30.84503816454395,23.775647217132814,1.0,0.15496183545604936,0.17241975585581404,0,5.55674,0.18522
582.3031721115112,31.0,30.843787856788083,23.775253720460455,1.0,0.156212143211917,0.17632505943611196,0,5.55674,0.18522
582.3363924026489,31.0,30.844206723544858,23.77447264688726,1.0,0.1557932764551424,0.18021989134749053,0,5.55674,0.18522
582.3738205432892,31.0,30.84878920031946,23.773298084244857,1.0,0.15121079968054119,0.18400016133950406,0,5.55674,0.18522
582.4052102565765,31.0,30.85087108226554,23.773688618083327,1.0,0.14912891773445835,0.1877283842828655,0,5.55674,0.18522
582.4374663829803,31.0,30.849620687023105,23.771732998732773,1.0,0.1503793129768951,0.19148786710728788,0,5.55674,0.18522
582.4697744846344,31.0,30.85128683496532,23.772123529203895,1.0,0.14871316503467824,0.19520569623315484,0,5.55674,0.18522
582.5028185844421,31.0,30.8537876942097,23.769383916500715,1.0,0.14621230579029998,0.19886100387791233,0,5.55674,0.18522
582.5366857051849,31.0,30.85545392546976,23.768602868182484,1.0,0.14454607453023982,0.20247465574116832,0,5.55674,0.18522
582.5778486728668,31.0,30.855869701035715,23.767428343511085,1.0,0.14413029896428498,0.20607791321527544,0,5.55674,0.18522
582.6250967979431,31.0,30.861703377037657,23.76586330858197,1.0,0.13829662296234346,0.20953532878933404,0,5.55674,0.18522
582.6661393642426,31.0,30.861703377037657,23.76507931694539,1.0,0.13829662296234346,0.21299274436339263,0,5.55674,0.18522
582.6979138851166,31.0,30.862534992636938,23.764298287130373,1.0,0.1374650073630619,0.2164293695474692,0,5.55674,0.18522
582.7362294197083,31.0,30.865452013010668,23.763123790278712,1.0,0.13454798698933246,0.21979306922220251,0,5.55674,0.18522
582.7790050506592,31.0,30.868369135589376,23.76155879240946,1.0,0.13163086441062433,0.22308384083246813,0,5.55674,0.18522
582.8100519180298,31.0,30.870035658624715,23.760774819333676,1.0,0.12996434137528468,0.22633294936685025,0,5.55674,0.18522
582.839720249176,31.0,30.872121222173405,23.759603303600557,1.0,0.12787877782659507,0.22952991881251514,0,5.55674,0.18522
582.8761856555939,31.0,30.87378782034466,23.758038336018842,1.0,0.12621217965534015,0.23268522330389865,0,5.55674,0.18522
582.9099588394165,31.0,30.87587032735678,23.757254378112123,1.0,0.12412967264322106,0.23578846511997917,0,5.55674,0.18522
582.9517049789429,31.0,30.879203707290912,23.75607992673605,1.0,0.12079629270908754,0.23880837243770636,0,5.55674,0.18522
582.9973878860474,31.0,30.88295628253985,23.753340555740408,1.0,0.11704371746014886,0.2417344653742101,0,5.55674,0.18522
583.0319578647614,31.0,30.88378811056066,23.75255957630918,1.0,0.11621188943934158,0.24463976261019363,0,5.55674,0.18522
583.0700652599335,31.0,30.887956828613255,23.750994669266902,1.0,0.11204317138674469,0.24744084189486223,0,5.55674,0.18522
583.1173090934753,31.0,30.890039690476954,23.749429775664055,1.0,0.10996030952304636,0.2501898496329384,0,5.55674,0.18522
583.1534798145294,31.0,30.892541714585093,23.74747145892843,1.0,0.1074582854149071,0.2528763067683111,0,5.55674,0.18522
583.1927449703217,31.0,30.895040662722124,23.74590659556833,1.0,0.10495933727787587,0.255500290200258,0,5.55674,0.18522
583.2494161128998,31.0,30.900461085998074,23.744341745634472,0.9731724931119463,0.0995389140019256,0.25798876305030616,0,5.55674,0.18522
583.2895548343658,31.0,30.901712245570252,23.742776909122824,0.9667555353179184,0.09828775442974802,0.2604459569110499,0,5.55674,0.18522
583.3309543132782,31.0,30.906713920631717,23.741212086029407,0.9394747771391104,0.09328607936828348,0.262778108895257,0,5.55674,0.18522
583.3581187725067,31.0,30.909216447086123,23.74082162186687,0.9260092956077095,0.09078355291387652,0.2650476977181039,0,5.55674,0.18522
583.3881351947784,31.0,30.911715897054535,23.74003773800115,0.9125695213270677,0.08828410294546529,0.26725480029174054,0,5.55674,0.18522
583.4241704940796,31.0,30.91338328952247,23.73847293838628,0.9037856208897251,0.08661671047752861,0.2694202180536788,0,5.55674,0.18522
583.4584357738495,31.0,30.917553493370917,23.7372986079734,0.8810549038772729,0.0824465066290827,0.27148138071940586,0,5.55674,0.18522
583.4910807609558,31.0,30.919637097788893,23.736908152178557,0.8698690099301778,0.08036290221110676,0.2734904532746835,0,5.55674,0.18522
583.531610250473,31.0,30.9242237337034,23.734952927757547,0.8448334680445433,0.07577626629660017,0.27538485993209855,0,5.55674,0.18522
583.5761818885803,31.0,30.925475251613534,23.733388171694912,0.8383044803324674,0.07452474838646594,0.2772479786417602,0,5.55674,0.18522
583.6118285655975,31.0,30.932981603137648,23.73182342902635,0.7969842496362851,0.06701839686235189,0.278923438563319,0,5.55674,0.18522
583.6476686000824,31.0,30.93339776683365,23.731430027021588,0.7950003226338082,0.06660223316634983,0.2805884943924778,0,5.55674,0.18522
583.6893284320831,31.0,30.938401353097902,23.731430027021588,0.7674819272302704,0.06159864690209815,0.28212846056503027,0,5.55674,0.18522
583.7305891513824,31.0,30.94382461084848,23.729474861191193,0.7377067304554521,0.05617538915151954,0.2835328452938183,0,5.55674,0.18522
583.7642650604248,31.0,30.9446570492932,23.72830058858142,0.7333976019910311,0.05534295070680173,0.28491641906148835,0,5.55674,0.18522
583.796459197998,31.0,30.950496966437584,23.72712632350806,0.7012361742140018,0.049503033562416476,0.28615399490054877,0,5.55674,0.18522
583.8260316848755,31.0,30.952165139377485,23.726735889434906,0.6922081027673042,0.04783486062251541,0.28734986641611165,0,5.55674,0.18522
583.8604488372803,31.0,30.956753576783115,23.72517120366541,0.6669918831265036,0.04324642321688543,0.2884310269965338,0,5.55674,0.18522
583.891214132309,31.0,30.958421875869305,23.72517120366541,0.6579141063660903,0.041578124130694505,0.28947048009980114,0,5.55674,0.18522
583.9215354919434,31.0,30.96050966239096,23.724780773762518,0.6465157118173275,0.039490337609038306,0.2904577385400271,0,5.55674,0.18522
583.9543824195862,31.0,30.964262764647003,23.722822721200487,0.6259266441275345,0.03573723535299678,0.29135116942385203,0,5.55674,0.18522
583.9862205982208,31.0,30.968019191346002,23.72165144901004,0.6052613408256393,0.03198080865399788,0.29215068964020197,0,5.55674,0.18522
584.0252630710602,31.0,30.974693499010016,23.720086806681763,0.5683714094464982,0.025306500989984215,0.29278335216495155,0,5.55674,0.18522
584.0677435398102,31.0,30.975945780308564,23.719693429899564,0.5615443744467261,0.024054219691436174,0.29338470765723745,0,5.55674,0.18522
584.1102907657623,31.0,30.980115982346035,23.71891259427707,0.5385037823185415,0.019884017653964747,0.29388180809858655,0,5.55674,0.18522
584.1526801586151,31.0,30.986374835016875,23.71891259427707,0.5037880566548346,0.01362516498312516,0.29422243722316466,0,5.55674,0.18522
584.2114858627319,31.0,30.990965172209087,23.71773838939515,0.478382828666094,0.009034827790912914,0.29444830791793747,0,5.55674,0.18522
584.2619249820709,31.0,30.998893964203603,23.716954604428054,0.434369929261055,0.001106035796397009,0.2944759588128474,0,5.55674,0.18522
584.2911200523376,31.0,31.00056626992972,23.71734797533236,0.42505455581034435,-0.0005662699297204199,0.29446180206460437,0,5.55674,0.18522
584.3222544193268,31.0,31.00265196666254,23.71812880428945,0.41341253835980646,-0.002651966662540417,0.29439550289804084,0,5.55674,0.18522
584.3552677631378,31.0,31.007659747426032,23.71851922001531,0.3855301026277372,-0.007659747426032482,0.29420400921239004,0,5.55674,0.18522
584.3860201835632,31.0,31.011418149442477,23.71773838939515,0.36463283120699214,-0.011418149442476988,0.2939185554763281,0,5.55674,0.18522
584.4238307476044,31.0,31.013920690168618,23.71930301167248,0.3505821250884148,-0.013920690168617966,0.29357053822211265,0,5.55674,0.18522
584.4645569324493,31.0,31.02143508069196,23.71891259427707,0.3087473872281523,-0.02143508069195832,0.2930346612048137,0,5.55674,0.18522
584.510987997055,31.0,31.026860638042763,23.719693429899564,0.2784345340924187,-0.02686063804276273,0.2923631452537446,0,5.55674,0.18522
584.5484976768494,31.0,31.026860638042763,23.720086806681763,0.2782899723891213,-0.02686063804276273,0.29169162930267556,0,5.55674,0.18522
584.5859825611115,31.0,31.033542865827542,23.722432296304817,0.2408829064945036,-0.033542865827541846,0.290853057656987,0,5.55674,0.18522
584.6281976699829,31.0,31.037715982397685,23.722432296304817,0.21751933886803185,-0.037715982397685366,0.28991015809704485,0,5.55674,0.18522
584.6631510257721,31.0,31.040639184069107,23.7236065312689,0.20102743939645001,-0.04063918406910716,0.2888941784953172,0,5.55674,0.18522
584.6953876018524,31.0,31.044815817692893,23.724387386899423,0.17757138820564156,-0.04481581769289278,0.28777378305299484,0,5.55674,0.18522
584.7288613319397,31.0,31.0481560144824,23.725561634401004,0.1587275479550736,-0.04815601448240159,0.2865698826909348,0,5.55674,0.18522
584.7596437931061,31.0,31.051496346993133,23.726345456194736,0.13988751823131326,-0.0514963469931331,0.28528247401610646,0,5.55674,0.18522
584.7983930110931,31.0,31.054836815267322,23.726735889434906,0.12105145018978491,-0.05483681526732198,0.2839115536344234,0,5.55674,0.18522
584.8273129463196,31.0,31.058597372571626,23.727519716257518,0.09984345898962482,-0.05859737257162578,0.28244661932013276,0,5.55674,0.18522
584.8638260364532,31.0,31.062354944336278,23.729084422106666,0.07859459259625595,-0.06235494433627764,0.2808877457117258,0,5.55674,0.18522
584.9104423522949,31.0,31.067786360320667,23.729474861191193,0.04807970860731198,-0.06778636032066743,0.2791930867037091,0,5.55674,0.18522
584.9378132820129,31.0,31.069873761692236,23.729084422106666,0.03617704424672824,-0.0698737616922358,0.2774462426614032,0,5.55674,0.18522
584.974200963974,31.0,31.074468758106434,23.730649141338915,0.010218733104911282,-0.07446875810643405,0.27558452370874237,0,5.55674,0.18522
585.0095226764679,31.0,31.076556329444998,23.729474861191193,0.0,-0.07655632944499757,0.27367061547261745,0,5.55674,0.18522
585.0516047477722,31.0,31.083242600019048,23.730258699747935,0.0,-0.08324260001904804,0.27158955047214123,0,5.55674,0.18522
585.0892033576965,31.0,31.087001300375903,23.731430027021588,0.0,-0.0870013003759027,0.2694145179627437,0,5.55674,0.18522
585.134083032608,31.0,31.08992625701171,23.730649141338915,0.0,-0.08992625701171164,0.2671663615374509,0,5.55674,0.18522
585.1610970497131,31.0,31.09285131802011,23.731039583763447,0.0,-0.09285131802010937,0.26484507858694817,0,5.55674,0.18522
585.2028639316559,31.0,31.096193470155413,23.731430027021588,0.0,-0.0961934701554128,0.26244024183306286,0,5.55674,0.18522
585.2443358898163,31.0,31.10120695398865,23.730258699747935,0.0,-0.1012069539886511,0.2599100679833466,0,5.55674,0.18522
585.2845425605774,31.0,31.10580370692975,23.732213873958187,0.0,-0.10580370692974839,0.2572649753101029,0,5.55674,0.18522
585.3363833427429,31.0,31.108312284377178,23.732213873958187,0.0,-0.10831228437717755,0.2545571682006735,0,5.55674,0.18522
585.3677613735199,31.0,31.111655067486367,23.732213873958187,0.0,-0.11165506748636744,0.2517657915135143,0,5.55674,0.18522
585.4008142948151,31.0,31.114997987120603,23.73299476632326,0.0,-0.11499798712060283,0.24889084183549923,0,5.55674,0.18522
585.4386982917786,31.0,31.11708975109343,23.733388171694912,0.0,-0.117089751093431,0.24596359805816345,0,5.55674,0.18522
585.472044467926,31.0,31.12043289276812,23.734559519017978,0.0,-0.12043289276812175,0.2429527757389604,0,5.55674,0.18522
585.5231747627258,31.0,31.12419330045742,23.734559519017978,0.0,-0.12419330045742072,0.2398479432275249,0,5.55674,0.18522
585.5660374164581,31.0,31.127957041289278,23.734952927757547,0.0,-0.1279570412892781,0.23664901719529294,0,5.55674,0.18522
585.611079454422,31.0,31.129628817176297,23.73651769721829,0.0,-0.1296288171762967,0.2334082967658855,0,5.55674,0.18522
585.6570522785187,31.0,31.134227167281267,23.736908152178557,0.0,-0.13422716728126716,0.23005261758385384,0,5.55674,0.18522
585.6871974468231,31.0,31.137153812113695,23.7372986079734,0.0,-0.13715381211369504,0.22662377228101147,0,5.55674,0.18522
585.7207074165344,31.0,31.137988209540765,23.73651769721829,0.0,-0.13798820954076518,0.22317406704249235,0,5.55674,0.18522
585.7656598091125,31.0,31.140077401083943,23.738082480081175,0.0,-0.14007740108394273,0.2196721320153938,0,5.55674,0.18522
585.793835401535,31.0,31.142169806831816,23.73886339752619,0.0,-0.14216980683181646,0.21611788684459837,0,5.55674,0.18522
585.8324639797211,31.0,31.144676339265743,23.73847293838628,0.0,-0.14467633926574308,0.21250097836295478,0,5.55674,0.18522
585.8773148059845,31.0,31.146768862839735,23.73886339752619,0.0,-0.14676886283973545,0.2088317567919614,0,5.55674,0.18522
585.9135699272156,31.0,31.14969595708402,23.73964727635024,0.0,-0.1496959570840204,0.20508935786486088,0,5.55674,0.18522
585.9618556499481,31.0,31.15136817789636,23.74082162186687,0.0,-0.1513681778963587,0.20130515341745192,0,5.55674,0.18522
586.0147681236267,31.0,31.155547299167893,23.7416025510272,0.0,-0.15554729916789256,0.1974164709382546,0,5.55674,0.18522
586.0423610210419,31.0,31.15429543706341,23.742776909122824,0.0,-0.15429543706341065,0.19355908501166932,0,5.55674,0.18522
586.0728862285614,31.0,31.155967752111962,23.742386441612666,0.0,-0.15596775211196245,0.18965989120887025,0,5.55674,0.18522
586.1060168743134,31.0,31.158474708243318,23.74316737746841,0.0,-0.15847470824331822,0.1856980235027873,0,5.55674,0.18522
586.1407153606415,31.0,31.15931248502983,23.742776909122824,0.0,-0.15931248502982953,0.18171521137704155,0,5.55674,0.18522
586.179205417633,31.0,31.15931248502983,23.743560804752633,0.0,-0.15931248502982953,0.1777323992512958,0,5.55674,0.18522
586.2099704742432,31.0,31.160984902909718,23.742776909122824,0.0,-0.16098490290971768,0.17370777667855286,0,5.55674,0.18522
586.2429573535919,31.0,31.162657355077272,23.741995974937993,0.0,-0.16265735507727186,0.16964134280162108,0,5.55674,0.18522
586.2748725414276,31.0,31.163912507111547,23.742776909122824,0.0,-0.16391250711154726,0.16554353012383238,0,5.55674,0.18522
586.3063941001892,31.0,31.163912507111547,23.74316737746841,0.0,-0.16391250711154726,0.1614457174460437,0,5.55674,0.18522
586.3393049240112,31.0,31.164329841537892,23.742386441612666,0.0,-0.1643298415378922,0.15733747140759638,0,5.55674,0.18522
586.3851602077484,31.0,31.165585019311663,23.741212086029407,0.0,-0.16558501931166347,0.1531978459248048,0,5.55674,0.18522
586.4278402328491,31.0,31.164747178099788,23.74003773800115,0.0,-0.16474717809978756,0.1490791664723101,0,5.55674,0.18522
586.4561810493469,31.0,31.166840216404808,23.74043115853948,0.0,-0.1668402164048075,0.1449081610621899,0,5.55674,0.18522
586.4862406253815,31.0,31.16767491735942,23.73847293838628,0.0,-0.1676749173594203,0.1407162881282044,0,5.55674,0.18522
586.5200688838959,31.0,31.168930146624064,23.738082480081175,0.0,-0.16893014662406358,0.1364930344626028,0,5.55674,0.18522
586.5592393875122,31.0,31.16767491735942,23.736127243092483,0.0,-0.1676749173594203,0.1323011615286173,0,5.55674,0.18522
586.6118395328522,31.0,31.16767491735942,23.734952927757547,0.0,-0.1676749173594203,0.12810928859463178,0,5.55674,0.18522
586.6415417194366,31.0,31.167257565814054,23.734559519017978,0.0,-0.1672575658140545,0.12392784944928041,0,5.55674,0.18522
586.683277130127,31.0,31.169768030817806,23.732213873958187,0.0,-0.16976803081780645,0.11968364867883526,0,5.55674,0.18522
586.7302787303925,31.0,31.166840216404808,23.730649141338915,0.0,-0.1668402164048075,0.11551264326871506,0,5.55674,0.18522
586.7577965259552,31.0,31.16767491735942,23.730649141338915,0.0,-0.1676749173594203,0.11132077033472955,0,5.55674,0.18522
586.7895591259003,31.0,31.16641970741796,23.7286910259931,0.0,-0.1664197074179583,0.10716027764928059,0,5.55674,0.18522
586.8244240283966,31.0,31.166840216404808,23.729084422106666,0.0,-0.1668402164048075,0.10298927223916039,0,5.55674,0.18522
586.8565309047699,31.0,31.16641970741796,23.72791015200295,0.0,-0.1664197074179583,0.09882877955371143,0,5.55674,0.18522
586.8936624526978,31.0,31.16641970741796,23.726345456194736,0.0,-0.1664197074179583,0.09466828686826247,0,5.55674,0.18522
586.946033000946,31.0,31.166002362296865,23.724780773762518,0.0,-0.16600236229686516,0.09051822781084083,0,5.55674,0.18522
586.9800715446472,31.0,31.166002362296865,23.723216104702317,0.0,-0.16600236229686516,0.0863681687534192,0,5.55674,0.18522
587.0214636325836,31.0,31.163912507111547,23.722432296304817,0.0,-0.16391250711154726,0.08227035607563052,0,5.55674,0.18522
587.0624811649323,31.0,31.163912507111547,23.720477226578737,0.0,-0.16391250711154726,0.07817254339784184,0,5.55674,0.18522
587.1126201152802,31.0,31.162657355077272,23.720477226578737,0.0,-0.16265735507727186,0.07410610952091004,0,5.55674,0.18522
587.1652855873108,31.0,31.160147108948877,23.71891259427707,0.0,-0.16014710894887685,0.07010243179718811,0,5.55674,0.18522
587.1979892253876,31.0,31.158474708243318,23.71891259427707,0.0,-0.15847470824331822,0.06614056409110516,0,5.55674,0.18522
587.238302230835,31.0,31.160147108948877,23.71812880428945,0.0,-0.16014710894887685,0.062136886367383244,0,5.55674,0.18522
587.282799243927,31.0,31.15931248502983,23.71734797533236,0.0,-0.15931248502982953,0.05815407424163751,0,5.55674,0.18522
587.3236675262451,31.0,31.156385045897707,23.71734797533236,0.0,-0.1563850458977072,0.054244448094194826,0,5.55674,0.18522
587.3617289066315,31.0,31.15261999510244,23.716954604428054,0.0,-0.15261999510244095,0.0504289482166338,0,5.55674,0.18522
587.4117629528046,31.0,31.150530482659406,23.71734797533236,0.0,-0.1505304826594056,0.04666568615014866,0,5.55674,0.18522
587.4460964202881,31.0,31.150113218805302,23.71773838939515,0.0,-0.15011321880530204,0.04291285568001611,0,5.55674,0.18522
587.4791398048401,31.0,31.14969595708402,23.71734797533236,0.0,-0.1496959570840204,0.039170456752915604,0,5.55674,0.18522
587.5098655223846,31.0,31.146348457273632,23.71930301167248,0.0,-0.146348457273632,0.0355117453210748,0,5.55674,0.18522
587.5419600009918,31.0,31.146768862839735,23.71891259427707,0.0,-0.14676886283973545,0.03184252375008142,0,5.55674,0.18522
587.5812406539917,31.0,31.145513974441712,23.71812880428945,0.0,-0.14551397444171243,0.028204674389038606,0,5.55674,0.18522
587.61976146698,31.0,31.143841873520103,23.71930301167248,0.0,-0.14384187352010258,0.02460862755103604,0,5.55674,0.18522
587.6663281917572,31.0,31.14049777437151,23.720477226578737,0.0,-0.1404977743715108,0.02109618319174827,0,5.55674,0.18522
587.7064368724823,31.0,31.13547872179015,23.722041872241334,0.0,-0.1354787217901503,0.017709215146994514,0,5.55674,0.18522
587.7411921024323,31.0,31.13589907141761,23.722041872241334,0.0,-0.1358990714176116,0.014311738361554225,0,5.55674,0.18522
587.785074710846,31.0,31.13547872179015,23.722822721200487,0.0,-0.1354787217901503,0.010924770316800468,0,5.55674,0.18522
587.8215229511261,31.0,31.132134964918293,23.724387386899423,0.0,-0.13213496491829346,0.0076213961938431316,0,5.55674,0.18522
587.8576457500458,31.0,31.127957041289278,23.723996958667897,0.0,-0.1279570412892781,0.004422470161611179,0,5.55674,0.18522
587.9006128311157,31.0,31.1287913448312,23.72517120366541,0.0,-0.1287913448311997,0.0012026865408311864,0,5.55674,0.18522
587.9309978485107,31.0,31.125030725708655,23.72595502378732,0.0,-0.1250307257086547,-0.0019230816018851811,0,5.55674,0.18522
587.9613335132599,31.0,31.125030725708655,23.726735889434906,0.0,-0.1250307257086547,-0.005048849744601548,0,5.55674,0.18522
587.9933080673218,31.0,31.120850005096315,23.726735889434906,0.0,-0.12085000509631527,-0.00807009987200943,0,5.55674,0.18522
588.0457332134247,31.0,31.119178408658968,23.72830058858142,0.0,-0.11917840865896778,-0.011049560088483625,0,5.55674,0.18522
588.0734844207764,31.0,31.11625240713306,23.729084422106666,0.0,-0.11625240713306084,-0.013955870266810146,0,5.55674,0.18522
588.1059210300446,31.0,31.1154182314815,23.729474861191193,0.0,-0.11541823148149888,-0.016841326053847618,0,5.55674,0.18522
588.138397693634,31.0,31.1154182314815,23.729865301108987,0.0,-0.11541823148149888,-0.01972678184088509,0,5.55674,0.18522
588.1704566478729,31.0,31.109983658868828,23.730649141338915,0.0,-0.10998365886882766,-0.022476373312605782,0,5.55674,0.18522
588.2143085002899,31.0,31.106223904090484,23.730258699747935,0.0,-0.10622390409048421,-0.025131970914867886,0,5.55674,0.18522
588.256078004837,31.0,31.103715390621858,23.731430027021588,0.0,-0.10371539062185775,-0.02772485568041433,0,5.55674,0.18522
588.2957963943481,31.0,31.100789941743813,23.731430027021588,0.0,-0.1007899417438125,-0.030244604224009642,0,5.55674,0.18522
588.3262133598328,31.0,31.099955923623156,23.732604319723805,0.0,-0.0999559236231562,-0.03274350231458854,0,5.55674,0.18522
588.358743429184,31.0,31.095359498825417,23.733388171694912,0.0,-0.09535949882541672,-0.03512748978522396,0,5.55674,0.18522
588.3911800384521,31.0,31.093688422726302,23.733778619968575,0.0,-0.09368842272630218,-0.03746970035338151,0,5.55674,0.18522
588.4245955944061,31.0,31.091597256402736,23.734559519017978,0.0,-0.09159725640273564,-0.039759631763449904,0,5.55674,0.18522
588.4561772346497,31.0,31.09076333184362,23.73299476632326,0.0,-0.09076333184361829,-0.04202871505954036,0,5.55674,0.18522
588.4882395267487,31.0,31.085747328247805,23.734169069076245,0.0,-0.0857473282478054,-0.0441723982657355,0,5.55674,0.18522
588.5328073501587,31.0,31.083659522991923,23.733778619968575,0.0,-0.08365952299192259,-0.046263886340533564,0,5.55674,0.18522
588.5802710056305,31.0,31.079480913569228,23.733778619968575,0.0,-0.0794809135692276,-0.048250909179764254,0,5.55674,0.18522
588.607843875885,31.0,31.076139442573492,23.732604319723805,0.0,-0.07613944257349203,-0.050154395244101556,0,5.55674,0.18522
588.6427280902863,31.0,31.074051881840887,23.733778619968575,0.0,-0.07405188184088729,-0.05200569229012374,0,5.55674,0.18522
588.6753225326538,31.0,31.0707106319137,23.733388171694912,0.0,-0.07071063191369831,-0.05377345808796619,0,5.55674,0.18522
588.7085156440735,31.0,31.0682032047647,23.734559519017978,0.0,-0.06820320476469988,-0.05547853820708369,0,5.55674,0.18522
588.7530076503754,31.0,31.065279022483708,23.733778619968575,0.0,-0.06527902248370765,-0.057110513769176384,0,5.55674,0.18522
588.7961843013763,31.0,31.06152131693881,23.733388171694912,0.020117112874463328,-0.06152131693880847,-0.058648546692646596,0,5.55674,0.18522
588.828143119812,31.0,31.05692704501513,23.734169069076245,0.04534262019519275,-0.05692704501512935,-0.06007172281802483,0,5.55674,0.18522
588.8632817268372,31.0,31.054003264155938,23.734169069076245,0.06133924813202268,-0.054003264155937813,-0.06142180442192328,0,5.55674,0.18522
588.8939874172211,31.0,31.05274979601552,23.734559519017978,0.06804015340871844,-0.05274979601551877,-0.06274054932231124,0,5.55674,0.18522
588.9253613948822,31.0,31.051079587321112,23.734559519017978,0.07708454484018429,-0.051079587321112285,-0.06401753900533905,0,5.55674,0.18522
588.957834482193,31.0,31.04606916485426,23.734952927757547,0.10469265135226669,-0.04606916485425927,-0.06516926812669553,0,5.55674,0.18522
588.9913446903229,31.0,31.043145770180445,23.73651769721829,0.12065712322330335,-0.04314577018044474,-0.06624791238120666,0,5.55674,0.18522
589.0239722728729,31.0,31.03896922136505,23.736127243092483,0.14370470567035057,-0.038969221365050544,-0.06722214291533292,0,5.55674,0.18522
589.0579388141632,31.0,31.038552525181615,23.736127243092483,0.14584166055284192,-0.03855252518161478,-0.06818595604487329,0,5.55674,0.18522
589.0902376174927,31.0,31.035629397655498,23.736908152178557,0.16187967110940849,-0.035629397655497996,-0.06907669098626074,0,5.55674,0.18522
589.1299455165863,31.0,31.02978345411435,23.73769202261076,0.19418592802907528,-0.02978345411435157,-0.06982127733911953,0,5.55674,0.18522
589.166531085968,31.0,31.027280431377335,23.738082480081175,0.20794821882154135,-0.027280431377334935,-0.0705032881235529,0,5.55674,0.18522
589.1989126205444,31.0,31.021851690226413,23.73847293838628,0.2379931038963658,-0.021851690226412757,-0.07104958037921322,0,5.55674,0.18522
589.2339088916779,31.0,31.02143508069196,23.739256815534247,0.24016862016624443,-0.02143508069195832,-0.07158545739651218,0,5.55674,0.18522
589.2802839279175,31.0,31.01600672481777,23.73964727635024,0.2702384293419198,-0.0160067248177711,-0.07198562551695645,0,5.55674,0.18522
589.331072807312,31.0,31.00932907527846,23.74082162186687,0.30724093961356025,-0.009329075278458276,-0.0722188523989179,0,5.55674,0.18522
589.3595929145813,31.0,31.00932907527846,23.741995974937993,0.30713748719651096,-0.009329075278458276,-0.07245207928087935,0,5.55674,0.18522
589.390709400177,31.0,31.005990453376114,23.742386441612666,0.32564156806579825,-0.0059904533761141465,-0.0726018406152822,0,5.55674,0.18522
589.4221956729889,31.0,31.001399280150224,23.743560804752633,0.35108678995970677,-0.0013992801502240582,-0.0726368226190378,0,5.55674,0.18522
589.4600660800934,31.0,30.997644489978768,23.744732217328874,0.3719019866242041,0.0023555100212320212,-0.072577934868507,0,5.55674,0.18522
589.5086183547974,31.0,30.993053781263313,23.74590659556833,0.3973832704122614,0.00694621873668666,-0.07240427940008984,0,5.55674,0.18522
589.5523726940155,31.0,30.988879770887536,23.74630002876006,0.4206084666355431,0.01112022911246413,-0.07212627367227824,0,5.55674,0.18522
589.584020614624,31.0,30.985541976450634,23.746690504646722,0.439202635694262,0.014458023549366317,-0.07176482308354408,0,5.55674,0.18522
589.6154441833496,31.0,30.983037141845784,23.748255374734185,0.45311960592818806,0.01696285815421561,-0.07134075162968868,0,5.55674,0.18522
589.6624929904938,31.0,30.977614466750936,23.75060418416075,0.4832351441791533,0.022385533249064338,-0.07078111329846208,0,5.55674,0.18522
589.692732334137,31.0,30.974277127568598,23.750994669266902,0.5018789449163336,0.02572287243140181,-0.07013804148767704,0,5.55674,0.18522
589.726042509079,31.0,30.971356277802045,23.751775641989752,0.5182019119716075,0.028643722197955412,-0.06942194843272816,0,5.55674,0.18522
589.760112285614,31.0,30.96843553126064,23.75373400497989,0.5344774199808986,0.03156446873936147,-0.06863283671424412,0,5.55674,0.18522
589.7916417121887,31.0,30.96467908564489,23.754905482936522,0.5554544584691274,0.0353209143551112,-0.06774981385536634,0,5.55674,0.18522
589.8243975639343,31.0,30.962594347740662,23.754905482936522,0.5672120118438464,0.037405652259337785,-0.06681467254888289,0,5.55674,0.18522
589.8563690185547,31.0,30.957589298962887,23.75647338189458,0.5951397030111137,0.042410701037113085,-0.06575440502295506,0,5.55674,0.18522
589.8883121013641,31.0,30.95341707953156,23.757254378112123,0.6184992721895278,0.04658292046843826,-0.0645898320112441,0,5.55674,0.18522
589.9181048870087,31.0,30.95174888135557,23.757644877477503,0.6279724066435776,0.04825111864442988,-0.06338355404513335,0,5.55674,0.18522
589.9560148715973,31.0,30.947996346727393,23.760384313251052,0.6489245128640262,0.0520036532726067,-0.06208346271331818,0,5.55674,0.18522
589.9921939373016,31.0,30.942156605967625,23.75999380800664,0.6816623139544633,0.05784339403237482,-0.060637377862508814,0,5.55674,0.18522
590.0380582809448,31.0,30.94006928234745,23.761168284643702,0.6934782773217791,0.05993071765254854,-0.0591391099211951,0,5.55674,0.18522
590.073159456253,31.0,30.935484922351975,23.761949301013658,0.719211038278468,0.064515077648025,-0.05752623297999448,0,5.55674,0.18522
590.1137306690216,31.0,30.931313816568945,23.763123790278712,0.7426465788777783,0.06868618343105481,-0.05580907839421811,0,5.55674,0.18522
590.1539733409882,31.0,30.925059127693146,23.762733279152258,0.7777693089374386,0.07494087230685409,-0.05393555658654676,0,5.55674,0.18522
590.2004606723785,31.0,30.921723906869488,23.763123790278712,0.7966446848595978,0.07827609313051198,-0.051978654258283956,0,5.55674,0.18522
590.2426834106445,31.0,30.917137409196698,23.763123790278712,0.8225143551646107,0.08286259080330183,-0.04990708948820141,0,5.55674,0.18522
590.2901542186737,31.0,30.912131954041968,23.764298287130373,0.8506749795167999,0.08786804595803233,-0.047710388339250606,0,5.55674,0.18522
590.3258295059204,31.0,30.90879725288562,23.763907773481264,0.869647397757005,0.09120274711438014,-0.045430319661391105,0,5.55674,0.18522
590.3601133823395,31.0,30.905878711338744,23.764298287130373,0.8862807663231709,0.09412128866125613,-0.0430772874448597,0,5.55674,0.18522
590.3936581611633,31.0,30.902128252424745,23.763514302243777,0.9076145114974444,0.09787174757525463,-0.040630493755478336,0,5.55674,0.18522
590.4306542873383,31.0,30.8979588233949,23.763514302243777,0.9312554462330082,0.10204117660509837,-0.03807946434035088,0,5.55674,0.18522
590.4725248813629,31.0,30.894624691361855,23.763514302243777,0.9502702914329677,0.10537530863814482,-0.03544508162439726,0,5.55674,0.18522
590.5064098834991,31.0,30.89045563888675,23.762733279152258,0.9739839502641204,0.10954436111325094,-0.032706472596565984,0,5.55674,0.18522
590.5410828590393,31.0,30.888372766600014,23.762342768864528,0.9860948563626717,0.11162723339998593,-0.029915791761566335,0,5.55674,0.18522
590.5776832103729,31.0,30.885454942510194,23.761949301013658,1.0,0.11454505748980637,-0.027052165324321177,0,5.55674,0.18522
590.6222648620605,31.0,30.881289500675678,23.761168284643702,1.0,0.11871049932432243,-0.024084402841213118,0,5.55674,0.18522
590.6663117408752,31.0,30.87837192512177,23.75999380800664,1.0,0.12162807487823102,-0.021043700969257343,0,5.55674,0.18522
590.7054438591003,31.0,30.874203687473994,23.759209841675386,1.0,0.1257963125260062,-0.017898793156107186,0,5.55674,0.18522
590.7460386753082,31.0,30.871286360401143,23.758428837066333,1.0,0.12871363959885684,-0.014680952166135765,0,5.55674,0.18522
590.7903461456299,31.0,30.867537461715585,23.757254378112123,1.0,0.13246253828441468,-0.011369388709025399,0,5.55674,0.18522
590.8320727348328,31.0,30.865870988693075,23.75647338189458,1.0,0.1341290113069249,-0.008016163426352276,0,5.55674,0.18522
590.8708925247192,31.0,30.862534992636938,23.755689430727728,1.0,0.1374650073630619,-0.004579538242275728,0,5.55674,0.18522
590.9185655117035,31.0,30.8587864879662,23.754905482936522,1.0,0.14121351203380073,-0.0010492004414307098,0,5.55674,0.18522
590.9518036842346,31.0,30.85545392546976,23.753340555740408,1.0,0.14454607453023982,0.0025644514218252858,0,5.55674,0.18522
590.9892184734344,31.0,30.85212149626807,23.75255957630918,1.0,0.14787850373193123,0.006261414015123567,0,5.55674,0.18522
591.0404255390167,31.0,30.84878920031946,23.750994669266902,1.0,0.15121079968054119,0.010041684007137097,0,5.55674,0.18522
591.0861978530884,31.0,30.8483703105386,23.750994669266902,1.0,0.15162968946140154,0.013832426243672136,0,5.55674,0.18522
591.1153967380524,31.0,30.844622443008063,23.749429775664055,1.0,0.15537755699193667,0.017716865168470555,0,5.55674,0.18522
591.1477515697479,31.0,30.843372141485816,23.748645854808274,1.0,0.15662785851418448,0.021632561631325167,0,5.55674,0.18522
591.1810276508331,31.0,30.841290446788662,23.748645854808274,1.0,0.15870955321133806,0.02560030046160862,0,5.55674,0.18522
591.2136588096619,31.0,30.83878996239588,23.747080981369493,1.0,0.16121003760412123,0.029630551401711648,0,5.55674,0.18522
591.2461724281311,31.0,30.83545819916708,23.746690504646722,1.0,0.16454180083292158,0.03374409642253469,0,5.55674,0.18522
591.2833626270294,31.0,30.83545819916708,23.74590659556833,1.0,0.16454180083292158,0.03785764144335773,0,5.55674,0.18522
591.333048582077,31.0,30.83379236744679,23.744341745634472,1.0,0.1662076325532098,0.04201283225718797,0,5.55674,0.18522
591.3621554374695,31.0,30.832126568982346,23.743951274775725,1.0,0.16787343101765373,0.04620966803262932,0,5.55674,0.18522
591.3961493968964,31.0,30.830876454735233,23.743560804752633,1.0,0.16912354526476747,0.050437756664248504,0,5.55674,0.18522
591.431054353714,31.0,30.826294961817723,23.741995974937993,1.0,0.1737050381822769,0.054780382618805426,0,5.55674,0.18522
591.4646978378296,31.0,30.82671059204131,23.741995974937993,1.0,0.1732894079586913,0.05911261781777271,0,5.55674,0.18522
591.506463766098,31.0,30.82671059204131,23.7416025510272,1.0,0.1732894079586913,0.06344485301674,0,5.55674,0.18522
591.5481040477753,31.0,30.825460558903444,23.741212086029407,1.0,0.17453944109655595,0.0678083390441539,0,5.55674,0.18522
591.5765759944916,31.0,30.82171372030598,23.74043115853948,1.0,0.17828627969402078,0.07226549603650442,0,5.55674,0.18522
591.612405538559,31.0,30.822548085779147,23.74082162186687,1.0,0.17745191422085327,0.07670179389202575,0,5.55674,0.18522
591.6461119651794,31.0,30.82212932772609,23.74003773800115,1.0,0.17787067227391162,0.08114856069887354,0,5.55674,0.18522
591.685763835907,31.0,30.821298114954118,23.73847293838628,1.0,0.17870188504588214,0.08561610782502059,0,5.55674,0.18522
591.7260897159576,31.0,30.819632565773247,23.73847293838628,1.0,0.18036743422675272,0.0901252936806894,0,5.55674,0.18522
591.7663116455078,31.0,30.819632565773247,23.73769202261076,1.0,0.18036743422675272,0.09463447953635822,0,5.55674,0.18522
591.8023314476013,31.0,30.8167171475323,23.736908152178557,1.0,0.18328285246769838,0.09921655084805067,0,5.55674,0.18522
591.8560655117035,31.0,30.818382638580886,23.736908152178557,1.0,0.18161736141911433,0.10375698488352852,0,5.55674,0.18522
591.8864164352417,31.0,30.818798229425738,23.736127243092483,1.0,0.1812017705742619,0.10828702914788507,0,5.55674,0.18522
591.9248156547546,31.0,30.8167171475323,23.73651769721829,1.0,0.18328285246769838,0.11286910045957753,0,5.55674,0.18522
591.9651072025299,31.0,30.814632969211914,23.734952927757547,1.0,0.18536703078808614,0.11750327622927968,0,5.55674,0.18522
592.0166025161743,31.0,30.814217399086772,23.734559519017978,1.0,0.18578260091322818,0.12214784125211038,0,5.55674,0.18522
592.0724794864655,31.0,30.8167171475323,23.734559519017978,1.0,0.18328285246769838,0.12672991256380284,0,5.55674,0.18522
592.1094121932983,31.0,30.815467263960727,23.733388171694912,1.0,0.184532736039273,0.13134323096478467,0,5.55674,0.18522
592.142608165741,31.0,30.8167171475323,23.733778619968575,1.0,0.18328285246769838,0.13592530227647714,0,5.55674,0.18522
592.1898345947266,31.0,30.817132730091373,23.734559519017978,1.0,0.1828672699086269,0.1404969840241928,0,5.55674,0.18522
592.2260894775391,31.0,30.815467263960727,23.733388171694912,1.0,0.184532736039273,0.14511030242517464,0,5.55674,0.18522
592.272344827652,31.0,30.817132730091373,23.733778619968575,1.0,0.1828672699086269,0.1496819841728903,0,5.55674,0.18522
592.3051028251648,31.0,30.818798229425738,23.733778619968575,1.0,0.1812017705742619,0.15421202843724685,0,5.55674,0.18522
592.3398594856262,31.0,30.817132730091373,23.733388171694912,1.0,0.1828672699086269,0.1587837101849625,0,5.55674,0.18522
592.3784794807434,31.0,30.819213822338213,23.734559519017978,1.0,0.18078617766178695,0.16330336462650719,0,5.55674,0.18522
592.4288136959076,31.0,30.820882511670504,23.734169069076245,1.0,0.1791174883294957,0.16778130183474457,0,5.55674,0.18522
592.4656224250793,31.0,30.822963697351724,23.735343379374,1.0,0.17703630264827552,0.17220720940095147,0,5.55674,0.18522
592.5101668834686,31.0,30.823379310992834,23.735733831824746,1.0,0.17662068900716577,0.1766227266261306,0,5.55674,0.18522
592.5429298877716,31.0,30.824629312971183,23.73651769721829,1.0,0.17537068702881697,0.18100699380185103,0,5.55674,0.18522
592.5860407352448,31.0,30.825460558903444,23.736908152178557,1.0,0.17453944109655595,0.18537047982926494,0,5.55674,0.18522
592.6362407207489,31.0,30.8271293730715,23.73847293838628,1.0,0.17287062692849986,0.18969224550247743,0,5.55674,0.18522
592.6687240600586,31.0,30.8271293730715,23.73886339752619,1.0,0.17287062692849986,0.19401401117568992,0,5.55674,0.18522
592.7049579620361,31.0,30.829626359213023,23.73886339752619,1.0,0.17037364078697692,0.19827335219536435,0,5.55674,0.18522
592.7372422218323,31.0,30.830876454735233,23.74043115853948,1.0,0.16912354526476747,0.20250144082698354,0,5.55674,0.18522
592.7680559158325,31.0,30.832542228245586,23.74082162186687,1.0,0.1674577717544139,0.20668788512084388,0,5.55674,0.18522
592.8106694221497,31.0,30.83462370463951,23.741995974937993,1.0,0.16537629536048826,0.2108222925048561,0,5.55674,0.18522
592.851366519928,31.0,30.83670838205927,23.742386441612666,1.0,0.16329161794072888,0.2149045829533743,0,5.55674,0.18522
592.8915390968323,31.0,30.83670838205927,23.744341745634472,1.0,0.16329161794072888,0.21898687340189252,0,5.55674,0.18522
592.9297533035278,31.0,30.840040195221775,23.74512564798755,1.0,0.15995980477822513,0.22298586852134814,0,5.55674,0.18522
592.9841585159302,31.0,30.843787856788083,23.747080981369493,1.0,0.156212143211917,0.22689117210164605,0,5.55674,0.18522
593.0212218761444,31.0,30.844206723544858,23.748255374734185,1.0,0.1557932764551424,0.23078600401302463,0,5.55674,0.18522
593.0693447589874,31.0,30.844622443008063,23.749820258253862,1.0,0.15537755699193667,0.23467044293782305,0,5.55674,0.18522
593.1015479564667,31.0,30.8483703105386,23.749820258253862,1.0,0.15162968946140154,0.23846118517435808,0,5.55674,0.18522
593.1338448524475,31.0,30.85045533163975,23.75021074168035,1.0,0.1495446683602495,0.24219980188336432,0,5.55674,0.18522
593.1674551963806,31.0,30.852537255206016,23.752169087849154,1.0,0.1474627447939838,0.2458863705032139,0,5.55674,0.18522
593.206463098526,31.0,30.856285478676625,23.75255957630918,1.0,0.1437145213233748,0.24947923353629828,0,5.55674,0.18522
593.2554259300232,31.0,30.859202280165448,23.75451498944699,1.0,0.14079771983455203,0.2529991765321621,0,5.55674,0.18522
593.2940104007721,31.0,30.861287572352182,23.75412449679476,1.0,0.13871242764781755,0.25646698722335753,0,5.55674,0.18522
593.3261163234711,31.0,30.862119183799223,23.75607992673605,1.0,0.1378808162007772,0.25991400762837696,0,5.55674,0.18522
593.3661425113678,31.0,30.867953297613838,23.75607992673605,1.0,0.13204670238616245,0.263215175188031,0,5.55674,0.18522
593.4065713882446,31.0,30.867953297613838,23.756863879584444,1.0,0.13204670238616245,0.26651634274768504,0,5.55674,0.18522
593.4483947753906,31.0,30.868369135589376,23.758038336018842,1.0,0.13163086441062433,0.26980711435795063,0,5.55674,0.18522
593.482250213623,31.0,30.874619556681864,23.758819338951866,1.0,0.1253804433181358,0.272941625440904,0,5.55674,0.18522
593.516193151474,31.0,30.87587032735678,23.759209841675386,1.0,0.12412967264322106,0.2760448672569845,0,5.55674,0.18522
593.5490443706512,31.0,30.87837192512177,23.75999380800664,1.0,0.12162807487823102,0.2790855691289403,0,5.55674,0.18522
593.5809667110443,31.0,30.879203707290912,23.760384313251052,1.0,0.12079629270908754,0.28210547644666745,0,5.55674,0.18522
593.6152036190033,31.0,30.882537220817767,23.761949301013658,1.0,0.11746277918223313,0.2850420459262233,0,5.55674,0.18522
593.649097442627,31.0,30.885870867979293,23.761949301013658,1.0,0.1141291320207074,0.287895274226741,0,5.55674,0.18522
593.7018120288849,31.0,30.890039690476954,23.763123790278712,1.0,0.10996030952304636,0.2906442819648172,0,5.55674,0.18522
593.7336022853851,31.0,30.89170664778618,23.763514302243777,1.0,0.10829335221382053,0.29335161577016267,0,5.55674,0.18522
593.7718679904938,31.0,30.896707720359416,23.764688801618377,1.0,0.10329227964058418,0.29593392276117725,0,5.55674,0.18522
593.8212089538574,31.0,30.900877086585353,23.76547279157046,0.9772638777597878,0.09912291341464652,0.2984119955965434,0,5.55674,0.18522
593.8534617424011,31.0,30.902128252424745,23.76625382643266,0.9707245960001215,0.09787174757525463,0.3008587892859248,0,5.55674,0.18522
593.8945446014404,31.0,30.905878711338744,23.767428343511085,0.9502598370125768,0.09412128866125613,0.3032118215024562,0,5.55674,0.18522
593.9360177516937,31.0,30.91088378933722,23.76821234528279,0.9228203466610986,0.0891162106627803,0.3054397267690257,0,5.55674,0.18522
593.9750602245331,31.0,30.912967226261173,23.768602868182484,0.9116261975362854,0.08703277373882656,0.30761554611249636,0,5.55674,0.18522
594.0258860588074,31.0,30.917969579632256,23.769383916500715,0.8841691880157297,0.08203042036774377,0.30966630662169,0,5.55674,0.18522
594.0713829994202,31.0,30.922556123323943,23.769777400448504,0.859021372076002,0.07744387667605679,0.3116024035385914,0,5.55674,0.18522
594.1063659191132,31.0,30.927559055086476,23.769777400448504,0.8315568188292861,0.07244094491352371,0.3134134271614295,0,5.55674,0.18522
594.1515502929688,31.0,30.929646063562245,23.771342469101796,0.8202053281433219,0.07035393643775478,0.3151722755723734,0,5.55674,0.18522
594.196014881134,31.0,30.932981603137648,23.770948981762615,0.802001119841107,0.06701839686235189,0.3168477354939322,0,5.55674,0.18522
594.2339947223663,31.0,30.938401353097902,23.770948981762615,0.7721702109814468,0.06159864690209815,0.31838770166648467,0,5.55674,0.18522
594.2685792446136,31.0,30.941740398267143,23.771732998732773,0.753845549586032,0.058259601732856936,0.3198441917098061,0,5.55674,0.18522
594.3011820316315,31.0,30.9459088758922,23.771732998732773,0.7309328721779502,0.05409112410779926,0.3211964698125011,0,5.55674,0.18522
594.3355722427368,31.0,30.948412585877122,23.771732998732773,0.7172592822774337,0.05158741412287782,0.32248615516557305,0,5.55674,0.18522
594.3675129413605,31.0,30.95258455298682,23.772123529203895,0.6942762655084047,0.047415447013179346,0.32367154134090254,0,5.55674,0.18522
594.4004242420197,31.0,30.956337295677542,23.772123529203895,0.6736254302415285,0.04366270432245756,0.324763108948964,0,5.55674,0.18522
594.4562213420868,31.0,30.961342268693897,23.772907551246703,0.6459528742196619,0.038657731306102505,0.32572955223161654,0,5.55674,0.18522
594.4848761558533,31.0,30.963846445745276,23.772517019088866,0.632225260029984,0.03615355425472444,0.32663339108798467,0,5.55674,0.18522
594.5161490440369,31.0,30.967599699461857,23.772517019088866,0.6115194345645482,0.0324003005381428,0.32744339860143823,0,5.55674,0.18522
594.5492918491364,31.0,30.97010406605159,23.772517019088866,0.5977417536828641,0.029895933948409947,0.32819079695014847,0,5.55674,0.18522
594.5833837985992,31.0,30.974277127568598,23.772517019088866,0.5746722455896379,0.02572287243140181,0.3288338687609335,0,5.55674,0.18522
594.6161653995514,31.0,30.976778542108264,23.772907551246703,0.5608600247554453,0.023221457891736463,0.3294144052082269,0,5.55674,0.18522
594.6473715305328,31.0,30.980535537777428,23.773298084244857,0.5400534692241605,0.019464462222572365,0.3299010167637912,0,5.55674,0.18522
594.6807780265808,31.0,30.984705971566257,23.773298084244857,0.5169502719710848,0.015294028433743279,0.33028336747463477,0,5.55674,0.18522
594.7240121364594,31.0,30.990548718718117,23.773688618083327,0.4845073716683841,0.009451281281883439,0.33051964950668183,0,5.55674,0.18522
594.764265537262,31.0,30.993053781263313,23.773688618083327,0.4706195548868476,0.00694621873668666,0.330693304975099,0,5.55674,0.18522
594.7950193881989,31.0,30.997224847577968,23.774863183253558,0.44739460918041357,0.002775152422032079,0.3307626837856498,0,5.55674,0.18522
594.8297901153564,31.0,31.00014661266465,23.774863183253558,0.4311584413626971,-0.00014661266465054723,0.33075901846903355,0,5.55674,0.18522
594.8630797863007,31.0,31.00473771614702,23.775647217132814,0.40558470750837217,-0.004737716147019455,0.3306405755653581,0,5.55674,0.18522
594.8961703777313,31.0,31.007243209640137,23.775253720460455,0.39164898158339506,-0.007243209640137138,0.33045949532435465,0,5.55674,0.18522
594.9262142181396,31.0,31.01183470832666,23.776037756027506,0.3660401889734545,-0.011834708326659893,0.33016362761618817,0,5.55674,0.18522
594.9584238529205,31.0,31.013087553417563,23.776821794983164,0.35897762487138035,-0.013087553417562958,0.3298364387807491,0,5.55674,0.18522
595.0040395259857,31.0,31.020182108655717,23.775647217132814,0.3195218384102141,-0.020182108655717457,0.32933188606435615,0,5.55674,0.18522
595.0521857738495,31.0,31.026444003165466,23.777212336406762,0.28452336604719936,-0.0264440031654658,0.3286707859852195,0,5.55674,0.18522
595.1019177436829,31.0,31.032706373975827,23.777993421776955,0.2495334765938226,-0.03270637397582732,0.3278531266358238,0,5.55674,0.18522
595.1347720623016,31.0,31.035212718387697,23.778777469187446,0.23540309166476067,-0.03521271838769735,0.3269728086761313,0,5.55674,0.18522
595.1661946773529,31.0,31.038552525181615,23.778386924393146,0.2166861744070509,-0.03855252518161478,0.32600899554659096,0,5.55674,0.18522
595.198606967926,31.0,31.041059047700912,23.779168014822915,0.20252788007127864,-0.04105904770091229,0.32498251935406813,0,5.55674,0.18522
595.2315208911896,31.0,31.044399091886476,23.779168014822915,0.18376253294861117,-0.04439909188647562,0.32387254205690624,0,5.55674,0.18522
595.2664699554443,31.0,31.047739271745797,23.778777469187446,0.16500100347664004,-0.047739271745797396,0.3226790602632613,0,5.55674,0.18522
595.2993288040161,31.0,31.05233302998738,23.779952067312877,0.13917208850264084,-0.05233302998738054,0.3213707345135768,0,5.55674,0.18522
595.3362407684326,31.0,31.05818057688242,23.779558561299723,0.10642957575730844,-0.058180576882421065,0.31991622009151627,0,5.55674,0.18522
595.3848304748535,31.0,31.063608559042166,23.780342615478787,0.07593292220168646,-0.06360855904216578,0.31832600611546213,0,5.55674,0.18522
595.416291475296,31.0,31.067369517993086,23.780733164486207,0.05470225817733826,-0.06736951799308599,0.316641768165635,0,5.55674,0.18522
595.4601912498474,31.0,31.06904005795525,23.780733164486207,0.04509981195962781,-0.06904005795524881,0.31491576671675375,0,5.55674,0.18522
595.5077691078186,31.0,31.075722557820086,23.781123714335195,0.007596225883182484,-0.07572255782008597,0.3130227027712516,0,5.55674,0.18522
595.5439615249634,31.0,31.080317881778228,23.781517223746334,0.0,-0.08031788177822818,0.3110147557267959,0,5.55674,0.18522
595.5836026668549,31.0,31.082825679165808,23.781517223746334,0.0,-0.08282567916580774,0.3089441137476507,0,5.55674,0.18522
595.6260738372803,31.0,31.088672240145115,23.782298327665274,0.0,-0.08867224014511521,0.3067273077440228,0,5.55674,0.18522
595.6575272083282,31.0,31.09285131802011,23.781907775284935,0.0,-0.09285131802010937,0.3044060247935201,0,5.55674,0.18522
595.6964380741119,31.0,31.095359498825417,23.781907775284935,0.0,-0.09535949882541672,0.3020220373228847,0,5.55674,0.18522
595.7352380752563,31.0,31.09828159469714,23.782298327665274,0.0,-0.09828159469714137,0.2995649974554562,0,5.55674,0.18522
595.7676908969879,31.0,31.103715390621858,23.782298327665274,0.0,-0.10371539062185775,0.29697211268990975,0,5.55674,0.18522
595.806378364563,31.0,31.106223904090484,23.782298327665274,0.0,-0.10622390409048421,0.29431651508764767,0,5.55674,0.18522
595.8552010059357,31.0,31.112072135070832,23.781907775284935,0.0,-0.11207213507083225,0.29151471171087684,0,5.55674,0.18522
595.8878717422485,31.0,31.114997987120603,23.782691839627148,0.0,-0.11499798712060283,0.2886397620328618,0,5.55674,0.18522
595.9178283214569,31.0,31.11708975109343,23.781907775284935,0.0,-0.117089751093431,0.285712518255526,0,5.55674,0.18522
595.9562249183655,31.0,31.119595514590685,23.783472948609813,0.0,-0.11959551459068507,0.2827226303907589,0,5.55674,0.18522
596.0064249038696,31.0,31.122521635694056,23.783082393697498,0.0,-0.12252163569405639,0.27965958949840747,0,5.55674,0.18522
596.0376086235046,31.0,31.12670244176286,23.784257019725715,0.0,-0.12670244176285905,0.276492028454336,0,5.55674,0.18522
596.0760276317596,31.0,31.129208499794856,23.783472948609813,0.0,-0.12920849979485638,0.2732618159594646,0,5.55674,0.18522
596.1163151264191,31.0,31.133806826253476,23.784647577170517,0.0,-0.13380682625347617,0.2699166453031277,0,5.55674,0.18522
596.1707801818848,31.0,31.13631626265959,23.784257019725715,0.0,-0.13631626265959085,0.26650873873663794,0,5.55674,0.18522
596.1996445655823,31.0,31.14049777437151,23.784647577170517,0.0,-0.1404977743715108,0.26299629437735017,0,5.55674,0.18522
596.2524681091309,31.0,31.14133220595255,23.785822213349093,0.0,-0.14133220595255125,0.2594629892285364,0,5.55674,0.18522
596.2949168682098,31.0,31.144259105327137,23.786603335831956,0.0,-0.14425910532713715,0.25585651159535794,0,5.55674,0.18522
596.3251938819885,31.0,31.145931214791688,23.786603335831956,0.0,-0.14593121479168758,0.25220823122556574,0,5.55674,0.18522
596.3561477661133,31.0,31.149275536445998,23.78738742050126,0.0,-0.1492755364459981,0.24847634281441577,0,5.55674,0.18522
596.389404296875,31.0,31.1517854481653,23.788562074455058,0.0,-0.15178544816529893,0.2446817066102833,0,5.55674,0.18522
596.429524898529,31.0,31.15261999510244,23.788562074455058,0.0,-0.15261999510244095,0.24086620673272227,0,5.55674,0.18522
596.4764592647552,31.0,31.154712722297916,23.788952641186313,0.0,-0.15471272229791566,0.23699838867527437,0,5.55674,0.18522
596.5084681510925,31.0,31.158474708243318,23.789343208760442,0.0,-0.15847470824331822,0.23303652096919142,0,5.55674,0.18522
596.5554254055023,31.0,31.160567585597107,23.79090844636079,0.0,-0.16056758559710715,0.22902233132926375,0,5.55674,0.18522
596.6139998435974,31.0,31.161819543939544,23.79169254968241,0.0,-0.16181954393954356,0.22497684273077517,0,5.55674,0.18522
596.6436364650726,31.0,31.161819543939544,23.79208312317104,0.0,-0.16181954393954356,0.2209313541322866,0,5.55674,0.18522
596.6761434078217,31.0,31.164329841537892,23.793257807609905,0.0,-0.1643298415378922,0.21682310809383928,0,5.55674,0.18522
596.722665309906,31.0,31.166002362296865,23.793648384478786,0.0,-0.16600236229686516,0.21267304903641765,0,5.55674,0.18522
596.7710916996002,31.0,31.166002362296865,23.79403896219128,0.0,-0.16600236229686516,0.20852298997899602,0,5.55674,0.18522
596.806539773941,31.0,31.16767491735942,23.794823079085404,0.0,-0.1676749173594203,0.2043311170450105,0,5.55674,0.18522
596.8460118770599,31.0,31.17060276174709,23.795213659335445,0.0,-0.17060276174709088,0.20006604800133324,0,5.55674,0.18522
596.9041817188263,31.0,31.17185803609152,23.79599778132456,0.0,-0.17185803609152117,0.1957695970990452,0,5.55674,0.18522
596.9406986236572,31.0,31.172692788422296,23.79677894774511,0.0,-0.17269278842229596,0.1914522773884878,0,5.55674,0.18522
596.9949996471405,31.0,31.173113329766522,23.797563076525023,0.0,-0.17311332976652238,0.18712444414432475,0,5.55674,0.18522
597.0337040424347,31.0,31.17394809495312,23.797172491198012,0.0,-0.17394809495311847,0.1827757417704968,0,5.55674,0.18522
597.0740718841553,31.0,31.172692788422296,23.797172491198012,0.0,-0.17269278842229596,0.1784584220599394,0,5.55674,0.18522
597.1101546287537,31.0,31.175620813046862,23.797953662696216,0.0,-0.17562081304686217,0.17406790173376785,0,5.55674,0.18522
597.1538896560669,31.0,31.176876164678447,23.797172491198012,0.0,-0.1768761646784469,0.16964599761680668,0,5.55674,0.18522
597.1888000965118,31.0,31.174786030727546,23.797563076525023,0.0,-0.17478603072754595,0.16527634684861803,0,5.55674,0.18522
597.2301497459412,31.0,31.17645876602012,23.79677894774511,0.0,-0.17645876602011867,0.16086487769811506,0,5.55674,0.18522
597.2741656303406,31.0,31.178131535649584,23.797172491198012,0.0,-0.17813153564958384,0.15641158930687546,0,5.55674,0.18522
597.3111100196838,31.0,31.176041369499785,23.797953662696216,0.0,-0.1760413694997851,0.15201055506938083,0,5.55674,0.18522
597.3438951969147,31.0,31.173530711291164,23.797172491198012,0.0,-0.17353071129116415,0.14767228728710172,0,5.55674,0.18522
597.3760409355164,31.0,31.176041369499785,23.797563076525023,0.0,-0.1760413694997851,0.14327125304960708,0,5.55674,0.18522
597.4298770427704,31.0,31.174365480752613,23.79638836411283,0.0,-0.1743654807526127,0.13891211603079176,0,5.55674,0.18522
597.461891412735,31.0,31.17394809495312,23.79638836411283,0.0,-0.17394809495311847,0.1345634136569638,0,5.55674,0.18522
597.4954028129578,31.0,31.173530711291164,23.795604240429384,0.0,-0.17353071129116415,0.1302251458746847,0,5.55674,0.18522
597.5265333652496,31.0,31.17227541118831,23.79638836411283,0.0,-0.17227541118830914,0.12591826059497696,0,5.55674,0.18522
597.5563294887543,31.0,31.174365480752613,23.79638836411283,0.0,-0.1743654807526127,0.12155912357616164,0,5.55674,0.18522
597.5882754325867,31.0,31.171020130416878,23.795604240429384,0.0,-0.1710201304168777,0.11728362031573969,0,5.55674,0.18522
597.6200201511383,31.0,31.17227541118831,23.795604240429384,0.0,-0.17227541118830914,0.11297673503603196,0,5.55674,0.18522
597.6561515331268,31.0,31.17185803609152,23.79599778132456,0.0,-0.17185803609152117,0.10868028413374393,0,5.55674,0.18522
597.6877286434174,31.0,31.171440663131705,23.79599778132456,0.0,-0.1714406631317047,0.10439426755545132,0,5.55674,0.18522
597.7182970046997,31.0,31.169347506731015,23.79599778132456,0.0,-0.16934750673101462,0.10016057988717596,0,5.55674,0.18522
597.7525243759155,31.0,31.169347506731015,23.79677894774511,0.0,-0.16934750673101462,0.09592689221890059,0,5.55674,0.18522
597.7846121788025,31.0,31.168092271041075,23.79638836411283,0.0,-0.1680922710410755,0.09172458544287371,0,5.55674,0.18522
597.8300828933716,31.0,31.16767491735942,23.79677894774511,0.0,-0.1676749173594203,0.0875327125088882,0,5.55674,0.18522
597.8648445606232,31.0,31.166840216404808,23.79638836411283,0.0,-0.1668402164048075,0.083361707098768,0,5.55674,0.18522
597.8989415168762,31.0,31.166002362296865,23.79677894774511,0.0,-0.16600236229686516,0.07921164804134637,0,5.55674,0.18522
597.9422054290771,31.0,31.163912507111547,23.79677894774511,0.0,-0.16391250711154726,0.07511383536355769,0,5.55674,0.18522
597.987565279007,31.0,31.160984902909718,23.797172491198012,0.0,-0.16098490290971768,0.07108921279081475,0,5.55674,0.18522
598.0234296321869,31.0,31.160984902909718,23.797953662696216,0.0,-0.16098490290971768,0.0670645902180718,0,5.55674,0.18522
598.0693910121918,31.0,31.158474708243318,23.79834424971176,0.0,-0.15847470824331822,0.06310272251198885,0,5.55674,0.18522
598.1120712757111,31.0,31.157640101432378,23.79873779657379,0.0,-0.15764010143237783,0.05916171997617941,0,5.55674,0.18522
598.1462426185608,31.0,31.156802341817468,23.797953662696216,0.0,-0.15680234181746755,0.055241661430742724,0,5.55674,0.18522
598.1980483531952,31.0,31.15429543706341,23.799518974839657,0.0,-0.15429543706341065,0.05138427550415746,0,5.55674,0.18522
598.2554824352264,31.0,31.1517854481653,23.800303115511554,0.0,-0.15178544816529893,0.04758963930002499,0,5.55674,0.18522
598.3052706718445,31.0,31.149275536445998,23.79990956523943,0.0,-0.1492755364459981,0.04385775088887504,0,5.55674,0.18522
598.3279087543488,31.0,31.146768862839735,23.800693707607024,0.0,-0.14676886283973545,0.04018852931788165,0,5.55674,0.18522
598.3665051460266,31.0,31.14509673622348,23.801868448015398,0.0,-0.14509673622347918,0.03656111091229467,0,5.55674,0.18522
598.4013209342957,31.0,31.142169806831816,23.801868448015398,0.0,-0.14216980683181646,0.03300686574149926,0,5.55674,0.18522
598.4345080852509,31.0,31.143004255493793,23.801868448015398,0.0,-0.1430042554937927,0.029431759354154444,0,5.55674,0.18522
598.4695966243744,31.0,31.13966019063662,23.802649639822732,0.0,-0.1396601906366186,0.025940254588238978,0,5.55674,0.18522
598.504480600357,31.0,31.14049777437151,23.802259043496576,0.0,-0.1404977743715108,0.022427810228951208,0,5.55674,0.18522
598.5360028743744,31.0,31.135061534824104,23.802259043496576,0.0,-0.13506153482410355,0.01905127185834862,0,5.55674,0.18522
598.5778489112854,31.0,31.132972471520304,23.80382439295721,0.0,-0.13297247152030423,0.015726960070341012,0,5.55674,0.18522
598.6361584663391,31.0,31.130463137779316,23.804214992670325,0.0,-0.13046313777931573,0.01246538162585812,0,5.55674,0.18522
598.6910984516144,31.0,31.12670244176286,23.8049991537373,0.0,-0.12670244176285905,0.009297820581786643,0,5.55674,0.18522
598.7327816486359,31.0,31.12335904382809,23.80617392216476,0.0,-0.12335904382808849,0.006213844486084431,0,5.55674,0.18522
598.7687492370605,31.0,31.12210451484134,23.80617392216476,0.0,-0.12210451484133955,0.003161231615050942,0,5.55674,0.18522
598.8118336200714,31.0,31.118761304853876,23.80695513260781,0.0,-0.11876130485387648,0.00019219899370402985,0,5.55674,0.18522
598.8460142612457,31.0,31.115835318244308,23.80695513260781,0.0,-0.11583531824430793,-0.0027036839624036686,0,5.55674,0.18522
598.8973987102509,31.0,31.113326510235254,23.808129913771722,0.0,-0.11332651023525386,-0.0055368467182850154,0,5.55674,0.18522
598.930741071701,31.0,31.110820938692825,23.80852052280585,0.0,-0.11082093869282517,-0.008307370185605645,0,5.55674,0.18522
598.9763834476471,31.0,31.106223904090484,23.80969531416622,0.0,-0.10622390409048421,-0.01096296778786775,0,5.55674,0.18522
599.0287103652954,31.0,31.10287818345563,23.81047949905684,0.0,-0.10287818345562982,-0.013534922374258497,0,5.55674,0.18522
599.0660321712494,31.0,31.099118754882568,23.81087011318067,0.0,-0.09911875488256783,-0.016012891246322693,0,5.55674,0.18522
599.120326757431,31.0,31.098701753268074,23.8112607281509,0.0,-0.09870175326807384,-0.018480435078024538,0,5.55674,0.18522
599.1561417579651,31.0,31.09285131802011,23.812826155729738,0.0,-0.09285131802010937,-0.02080171802852727,0,5.55674,0.18522
599.1865084171295,31.0,31.092014221864076,23.813610354241348,0.0,-0.09201422186407626,-0.023102073575129178,0,5.55674,0.18522
599.2302224636078,31.0,31.086584360411678,23.8132197341788,0.0,-0.08658436041167761,-0.025266682585421116,0,5.55674,0.18522
599.279853105545,31.0,31.084076448084318,23.814785178775423,0.0,-0.08407644808431769,-0.02736859378752906,0,5.55674,0.18522
599.3081831932068,31.0,31.080317881778228,23.814391596906887,0.0,-0.08031788177822818,-0.029376540831984765,0,5.55674,0.18522
599.3463921546936,31.0,31.078230214726545,23.81556642653561,0.0,-0.07823021472654546,-0.0313322962001484,0,5.55674,0.18522
599.3984098434448,31.0,31.074885636489853,23.816350636975358,0.0,-0.07488563648985291,-0.03320443711239472,0,5.55674,0.18522
599.4415616989136,31.0,31.07029061673603,23.816350636975358,0.0,-0.0702906167360311,-0.0349617025307955,0,5.55674,0.18522
599.4723103046417,31.0,31.068620051325297,23.81674126382694,0.0,-0.06862005132529703,-0.03667720381392793,0,5.55674,0.18522
599.5123445987701,31.0,31.062774918919786,23.81674126382694,0.012653314738403976,-0.0627749189197857,-0.03824657678692257,0,5.55674,0.18522
599.5523295402527,31.0,31.05901417037552,23.817525479382482,0.03323731467174634,-0.05901417037551937,-0.039721931046310555,0,5.55674,0.18522
599.5976440906525,31.0,31.054836815267322,23.818697370125335,0.056135741226636615,-0.05483681526732198,-0.041092851427993606,0,5.55674,0.18522
599.6461408138275,31.0,31.050662829762302,23.819481594201136,0.0790546619548238,-0.05066282976230241,-0.042359422172051166,0,5.55674,0.18522
599.6902465820312,31.0,31.048992663475588,23.819872227845735,0.0880884384657003,-0.048992663475587506,-0.04358423875894085,0,5.55674,0.18522
599.7317636013031,31.0,31.044815817692893,23.8206564570404,0.11105032734000297,-0.04481581769289278,-0.04470463420126317,0,5.55674,0.18522
599.7761380672455,31.0,31.040222479425893,23.82143773027775,0.13634797777972138,-0.04022247942589274,-0.04571019618691049,0,5.55674,0.18522
599.8055543899536,31.0,31.037715982397685,23.821828368168497,0.15008124322894717,-0.037715982397685366,-0.04665309574685262,0,5.55674,0.18522
599.8383030891418,31.0,31.03437620956123,23.821828368168497,0.16848031350181583,-0.03437620956123055,-0.04751250098588338,0,5.55674,0.18522
599.8661372661591,31.0,31.031036572271944,23.82143773027775,0.1869141377555841,-0.031036572271943896,-0.04828841529268198,0,5.55674,0.18522
599.9014887809753,31.0,31.030203262354405,23.821828368168497,0.19138472510963395,-0.03020326235440507,-0.04904349685154211,0,5.55674,0.18522
599.934455871582,31.0,31.025610739735896,23.82300324633013,0.21672530763895373,-0.025610739735896004,-0.049683765344939505,0,5.55674,0.18522
599.9739773273468,31.0,31.024357704165936,23.823396847027084,0.22355511715529078,-0.02435770416593641,-0.05029270794908792,0,5.55674,0.18522
600.0063714981079,31.0,31.019348908583936,23.82300324633013,0.25131829180395765,-0.01934890858393601,-0.05077643066368632,0,5.55674,0.18522
600.0562858581543,31.0,31.01350412074021,23.823787489171934,0.28369348915901216,-0.013504120740208236,-0.05111403368219152,0,5.55674,0.18522
600.0865077972412,31.0,31.01016532972875,23.822612605888423,0.3022594935030168,-0.010165329728749839,-0.05136816692541027,0,5.55674,0.18522
600.1215970516205,31.0,31.00807628731667,23.823787489171934,0.31377008044920024,-0.008076287316669095,-0.051570074108326994,0,5.55674,0.18522
600.1553592681885,31.0,31.00432119312336,23.82300324633013,0.3346563914887848,-0.00432119312335999,-0.05167810393641099,0,5.55674,0.18522
600.1861538887024,31.0,31.00056626992972,23.823396847027084,0.35549870627536007,-0.0005662699297204199,-0.051692260684654004,0,5.55674,0.18522
600.2222754955292,31.0,30.998893964203603,23.823396847027084,0.36479639589466106,0.001106035796397009,-0.051664609789744076,0,5.55674,0.18522
600.25519323349,31.0,30.995139288063285,23.823787489171934,0.3856626193081594,0.004860711936714779,-0.05154309199132621,0,5.55674,0.18522
600.2875373363495,31.0,30.990965172209087,23.824178132165173,0.4088788883572989,0.009034827790912914,-0.05131722129655338,0,5.55674,0.18522
600.332049369812,31.0,30.98679442224983,23.82456877600697,0.4320957666175346,0.013205577750170505,-0.05098708185279912,0,5.55674,0.18522
600.3638913631439,31.0,30.984289549650043,23.825353025675327,0.4460472010611434,0.015710450349956773,-0.0505943205940502,0,5.55674,0.18522
600.4121408462524,31.0,30.979283186901,23.824962380129932,0.47398222978986626,0.020716813098999864,-0.050076400266575206,0,5.55674,0.18522
600.45911693573,31.0,30.975109872549638,23.825353025675327,0.4972674629302648,0.024890127450362343,-0.049454147080316146,0,5.55674,0.18522
600.4864821434021,31.0,30.973024871559403,23.825353025675327,0.5089781796649856,0.026975128440597018,-0.04877976886930122,0,5.55674,0.18522
600.5363726615906,31.0,30.96843553126064,23.825353025675327,0.5346261097492396,0.03156446873936147,-0.047990657150817184,0,5.55674,0.18522
600.593834400177,31.0,30.962178037238573,23.82613431931219,0.5695324247822442,0.03782196276142713,-0.04704510808178151,0,5.55674,0.18522
600.6366786956787,31.0,30.958841321197212,23.827702835727735,0.5881837955300765,0.04115867880278756,-0.04601614111171182,0,5.55674,0.18522
600.686901807785,31.0,30.95174888135557,23.827702835727735,0.627818066500607,0.04825111864442988,-0.04480986314560107,0,5.55674,0.18522
600.7192170619965,31.0,30.950913218162725,23.82887479277622,0.6326287947361416,0.049086781837274884,-0.0435826935996692,0,5.55674,0.18522
600.7785060405731,31.0,30.945076424861668,23.830049716984433,0.6652563777204547,0.054923575138332126,-0.0422096042212109,0,5.55674,0.18522
600.8254523277283,31.0,30.941740398267143,23.83161530803386,0.6839832533108527,0.058259601732856936,-0.04075311417788948,0,5.55674,0.18522
600.8553614616394,31.0,30.937568977528485,23.83161530803386,0.7074518406357355,0.06243102247151455,-0.039192338616101614,0,5.55674,0.18522
600.8868012428284,31.0,30.933813932619785,23.832399588453427,0.7285838833220458,0.06618606738021526,-0.03753768693159623,0,5.55674,0.18522
600.9208953380585,31.0,30.930478359544622,23.83318091272986,0.7474006271380502,0.06952164045537756,-0.035799645920211794,0,5.55674,0.18522
600.9683532714844,31.0,30.92672678841575,23.83318091272986,0.768586424098947,0.07327321158425093,-0.03396781563060552,0,5.55674,0.18522
601.0095975399017,31.0,30.92339150051282,23.834746531076462,0.7873941581426795,0.07660849948717896,-0.03205260314342604,0,5.55674,0.18522
601.0426580905914,31.0,30.920472445574603,23.835140157496767,0.8039626434934761,0.07952755442539683,-0.03006441428279112,0,5.55674,0.18522
601.0752210617065,31.0,30.916718174980247,23.835140157496767,0.8252097855667146,0.08328182501975334,-0.027982368657297287,0,5.55674,0.18522
601.1057460308075,31.0,30.914634643873626,23.83592149370037,0.8371426214078965,0.08536535612637408,-0.025848234754137934,0,5.55674,0.18522
601.1394112110138,31.0,30.912551165085972,23.836312163077707,0.8491048585501451,0.08744883491402788,-0.023662013881287237,0,5.55674,0.18522
601.1738486289978,31.0,30.909216447086123,23.835530825173407,0.8680954818594167,0.09078355291387652,-0.021392425058440325,0,5.55674,0.18522
601.206038236618,31.0,30.905462685693863,23.836705792931696,0.8893316272995784,0.09453731430613743,-0.01902899220078689,0,5.55674,0.18522
601.2579874992371,31.0,30.901712245570252,23.836705792931696,0.9106269693989373,0.09828775442974802,-0.016571798340043187,0,5.55674,0.18522
601.3015334606171,31.0,30.898793953036375,23.836312163077707,0.9273319933576394,0.10120604696362534,-0.014041647165952553,0,5.55674,0.18522
601.3360183238983,31.0,30.894208722084045,23.836312163077707,0.9533007961120782,0.1057912779159551,-0.011396865218053675,0,5.55674,0.18522
601.3793215751648,31.0,30.892957675517835,23.836705792931696,0.9607279995883767,0.10704232448216544,-0.00872080710599954,0,5.55674,0.18522
601.4117934703827,31.0,30.886705876150018,23.837487135951676,0.9959521422164856,0.1132941238499825,-0.005888454009749976,0,5.55674,0.18522
601.4446239471436,31.0,30.887121807877577,23.83592149370037,0.9942439307586804,0.11287819212242312,-0.0030664992066893985,0,5.55674,0.18522
601.4755918979645,31.0,30.884204027691567,23.836312163077707,1.0,0.11579597230843319,-0.00017159989897856838,0,5.55674,0.18522
601.5160236358643,31.0,30.881289500675678,23.83592149370037,1.0,0.11871049932432243,0.0027961625841294926,0,5.55674,0.18522
601.5562644004822,31.0,30.878787815166618,23.83592149370037,1.0,0.12121218483338225,0.005826467204964049,0,5.55674,0.18522
601.6114993095398,31.0,30.87503542796827,23.836312163077707,1.0,0.12496457203172895,0.008950581505757274,0,5.55674,0.18522
601.6456985473633,31.0,30.87045465737816,23.836312163077707,1.0,0.1295453426218387,0.01218921507130324,0,5.55674,0.18522
601.6913232803345,31.0,30.868784975642257,23.836312163077707,1.0,0.13121502435774346,0.015469590680246828,0,5.55674,0.18522
601.7229127883911,31.0,30.868369135589376,23.837487135951676,1.0,0.13163086441062433,0.018760362290512436,0,5.55674,0.18522
601.7589483261108,31.0,30.86462036827811,23.836705792931696,1.0,0.13537963172188938,0.022144853083559672,0,5.55674,0.18522
601.7906732559204,31.0,30.862119183799223,23.837487135951676,1.0,0.1378808162007772,0.025591873488579102,0,5.55674,0.18522
601.8200876712799,31.0,30.860452819213037,23.836705792931696,1.0,0.1395471807869626,0.029080553008253168,0,5.55674,0.18522
601.8551924228668,31.0,30.8587864879662,23.837487135951676,1.0,0.14121351203380073,0.03261089080909819,0,5.55674,0.18522
601.8871142864227,31.0,30.856285478676625,23.837880768383172,1.0,0.1437145213233748,0.03620375384218256,0,5.55674,0.18522
601.9191505908966,31.0,30.854203461460997,23.837880768383172,1.0,0.14579653853900254,0.03984866730565762,0,5.55674,0.18522
601.956068277359,31.0,30.85336877930473,23.83944642773156,1.0,0.14663122069526935,0.04351444782303936,0,5.55674,0.18522
602.0121169090271,31.0,30.85087108226554,23.839052791864674,1.0,0.14912891773445835,0.04724267076640082,0,5.55674,0.18522
602.0510773658752,31.0,30.84878920031946,23.839052791864674,1.0,0.15121079968054119,0.05102294075841435,0,5.55674,0.18522
602.1033051013947,31.0,30.845453888152747,23.839837104784465,1.0,0.1545461118472531,0.05488659355459567,0,5.55674,0.18522
602.1434710025787,31.0,30.845872763279317,23.839837104784465,1.0,0.15412723672068296,0.05873977447261275,0,5.55674,0.18522
602.1756193637848,31.0,30.844622443008063,23.841012100746696,1.0,0.15537755699193667,0.06262421339741117,0,5.55674,0.18522
602.2095215320587,31.0,30.840871594679868,23.84061846144334,1.0,0.15912840532013206,0.06660242353041447,0,5.55674,0.18522
602.2424123287201,31.0,30.84045589391485,23.841012100746696,1.0,0.1595441060851499,0.07059102618254322,0,5.55674,0.18522
602.285975933075,31.0,30.83837427200541,23.84061846144334,1.0,0.16162572799458985,0.07463166938240796,0,5.55674,0.18522
602.3234531879425,31.0,30.83670838205927,23.841402781210434,1.0,0.16329161794072888,0.07871395983092619,0,5.55674,0.18522
602.3729853630066,31.0,30.837124064148327,23.84218414469177,1.0,0.16287593585167315,0.08278585822721801,0,5.55674,0.18522
602.4161942005157,31.0,30.833376701956468,23.84296847130821,1.0,0.1666232980435325,0.08695144067830632,0,5.55674,0.18522
602.4492609500885,31.0,30.833376701956468,23.84179346252546,1.0,0.1666232980435325,0.09111702312939463,0,5.55674,0.18522
602.4806978702545,31.0,30.832957889579234,23.84296847130821,1.0,0.16704211042076622,0.09529307588991379,0,5.55674,0.18522
602.5114417076111,31.0,30.83379236744679,23.84257778743256,1.0,0.1662076325532098,0.09944826670374403,0,5.55674,0.18522
602.5442533493042,31.0,30.83129210777213,23.84257778743256,1.0,0.16870789222787153,0.10366596400944082,0,5.55674,0.18522
602.5754239559174,31.0,30.832542228245586,23.84218414469177,1.0,0.1674577717544139,0.10785240830330117,0,5.55674,0.18522
602.6064901351929,31.0,30.833376701956468,23.84218414469177,1.0,0.1666232980435325,0.11201799075438948,0,5.55674,0.18522
602.6388747692108,31.0,30.832126568982346,23.84179346252546,1.0,0.16787343101765373,0.11621482652983083,0,5.55674,0.18522
602.6729214191437,31.0,30.832126568982346,23.841402781210434,1.0,0.16787343101765373,0.12041166230527217,0,5.55674,0.18522
602.7061955928802,31.0,30.830042006024257,23.84061846144334,1.0,0.16995799397574274,0.12466061215466574,0,5.55674,0.18522
602.7393269538879,31.0,30.832126568982346,23.84061846144334,1.0,0.16787343101765373,0.1288574479301071,0,5.55674,0.18522
602.7706823348999,31.0,30.82921071447157,23.84061846144334,1.0,0.17078928552842854,0.1331271800683178,0,5.55674,0.18522
602.803281545639,31.0,30.83129210777213,23.839837104784465,1.0,0.16870789222787153,0.1373448773740146,0,5.55674,0.18522
602.844215631485,31.0,30.832126568982346,23.839837104784465,1.0,0.16787343101765373,0.14154171314945593,0,5.55674,0.18522
602.8842182159424,31.0,30.832126568982346,23.838662116520027,1.0,0.16787343101765373,0.14573854892489727,0,5.55674,0.18522
602.9252364635468,31.0,30.83046080376846,23.837880768383172,1.0,0.1695391962315398,0.14997702883068575,0,5.55674,0.18522
602.9797918796539,31.0,30.831707762879148,23.837487135951676,1.0,0.16829223712085195,0.15418433475870705,0,5.55674,0.18522
603.006288766861,31.0,30.83129210777213,23.836312163077707,1.0,0.16870789222787153,0.15840203206440384,0,5.55674,0.18522
603.0386252403259,31.0,30.835042525377958,23.836312163077707,1.0,0.16495747462204235,0.1625259689299549,0,5.55674,0.18522
603.075510263443,31.0,30.83462370463951,23.83592149370037,1.0,0.16537629536048826,0.16666037631396713,0,5.55674,0.18522
603.1217920780182,31.0,30.835042525377958,23.83396519998712,1.0,0.16495747462204235,0.1707843131795182,0,5.55674,0.18522
603.1660223007202,31.0,30.835042525377958,23.83396519998712,1.0,0.16495747462204235,0.17490825004506927,0,5.55674,0.18522
603.2040848731995,31.0,30.83545819916708,23.83200596804113,1.0,0.16454180083292158,0.1790217950658923,0,5.55674,0.18522
603.2406055927277,31.0,30.83878996239588,23.83200596804113,1.0,0.16121003760412123,0.18305204600599534,0,5.55674,0.18522
603.2781376838684,31.0,30.83670838205927,23.831224648876287,1.0,0.16329161794072888,0.18713433645451355,0,5.55674,0.18522
603.3290796279907,31.0,30.839624498600585,23.82965906123144,1.0,0.1603755013994146,0.19114372398949891,0,5.55674,0.18522
603.3621237277985,31.0,30.841290446788662,23.829268406327742,1.0,0.15870955321133806,0.19511146281978237,0,5.55674,0.18522
603.4061934947968,31.0,30.842537567779743,23.82848413957754,1.0,0.1574624322202567,0.19904802362528878,0,5.55674,0.18522
603.4510071277618,31.0,30.842956428256116,23.827702835727735,1.0,0.15704357174388406,0.2029741129188859,0,5.55674,0.18522
603.4860320091248,31.0,30.844206723544858,23.826918575809202,1.0,0.1557932764551424,0.20686894483026447,0,5.55674,0.18522
603.5160319805145,31.0,30.846288491049734,23.82613431931219,1.0,0.1537115089502663,0.21071173255402112,0,5.55674,0.18522
603.5697829723358,31.0,30.849620687023105,23.824962380129932,1.0,0.1503793129768951,0.2144712153784435,0,5.55674,0.18522
603.6110150814056,31.0,30.85045533163975,23.824962380129932,1.0,0.1495446683602495,0.21820983208744973,0,5.55674,0.18522
603.638307094574,31.0,30.85087108226554,23.824178132165173,1.0,0.14912891773445835,0.22193805503081118,0,5.55674,0.18522
603.6718423366547,31.0,30.85128683496532,23.823396847027084,1.0,0.14871316503467824,0.22565588415667814,0,5.55674,0.18522
603.7043495178223,31.0,30.8537876942097,23.82300324633013,1.0,0.14621230579029998,0.22931119180143564,0,5.55674,0.18522
603.7430379390717,31.0,30.8567044082468,23.822612605888423,1.0,0.14329559175320128,0.23289358159526566,0,5.55674,0.18522
603.7936353683472,31.0,30.859621224404805,23.822612605888423,1.0,0.1403787755951953,0.23640305098514555,0,5.55674,0.18522
603.8218712806702,31.0,30.859621224404805,23.821828368168497,1.0,0.1403787755951953,0.23991252037502545,0,5.55674,0.18522
603.8551001548767,31.0,30.86420139888895,23.822612605888423,1.0,0.13579860111104836,0.24330748540280164,0,5.55674,0.18522
603.8861041069031,31.0,30.865452013010668,23.822612605888423,1.0,0.13454798698933246,0.24667118507753497,0,5.55674,0.18522
603.9263961315155,31.0,30.865036189605974,23.823396847027084,1.0,0.1349638103940265,0.2500452803373856,0,5.55674,0.18522
603.9689862728119,31.0,30.869203968099725,23.82222196629499,1.0,0.13079603190027456,0.2533151811348925,0,5.55674,0.18522
604.0136733055115,31.0,30.872121222173405,23.823396847027084,1.0,0.12787877782659507,0.2565121505805574,0,5.55674,0.18522
604.0435638427734,31.0,30.875454451897156,23.823787489171934,1.0,0.12454554810284435,0.25962578928312846,0,5.55674,0.18522
604.0751986503601,31.0,30.876705235123836,23.823787489171934,1.0,0.12329476487616375,0.26270815840503253,0,5.55674,0.18522
604.112930059433,31.0,30.878787815166618,23.82456877600697,1.0,0.12121218483338225,0.26573846302586707,0,5.55674,0.18522
604.1475415229797,31.0,30.882121312023685,23.82456877600697,1.0,0.11787868797631518,0.26868543022527497,0,5.55674,0.18522
604.1775765419006,31.0,30.882537220817767,23.82613431931219,1.0,0.11746277918223313,0.2716219997048308,0,5.55674,0.18522
604.2075843811035,31.0,30.885870867979293,23.825353025675327,1.0,0.1141291320207074,0.2744752280053485,0,5.55674,0.18522
604.2507951259613,31.0,30.888788706668038,23.826918575809202,1.0,0.11121129333196222,0.2772555103386476,0,5.55674,0.18522
604.2860941886902,31.0,30.891290693115252,23.82613431931219,1.0,0.108709306884748,0.2799732430107663,0,5.55674,0.18522
604.326005935669,31.0,30.89629174065243,23.826918575809202,0.9966557656413593,0.10370825934757022,0.28256594949445557,0,5.55674,0.18522
604.3661911487579,31.0,30.89629174065243,23.827309225605063,0.9971159431346335,0.10370825934757022,0.2851586559781448,0,5.55674,0.18522
604.4096419811249,31.0,30.902544261363232,23.827309225605063,0.9628235799978468,0.09745573863676782,0.287595049444064,0,5.55674,0.18522
604.4466152191162,31.0,30.9050466621336,23.826918575809202,0.9493781145737386,0.09495333786640003,0.289968882890724,0,5.55674,0.18522
604.4810814857483,31.0,30.9050466621336,23.82652792686224,0.949837839562808,0.09495333786640003,0.29234271633738396,0,5.55674,0.18522
604.5118255615234,31.0,30.91129984215297,23.82613431931219,0.91552146546204,0.088700157847029,0.29456022028355966,0,5.55674,0.18522
604.5436367988586,31.0,30.911715897054535,23.825743672069393,0.913638399557655,0.08828410294546529,0.2967673228571963,0,5.55674,0.18522
604.5761930942535,31.0,30.913802506888146,23.825353025675327,0.9024628321497816,0.08619749311185387,0.2989222601849927,0,5.55674,0.18522
604.6117157936096,31.0,30.916718174980247,23.824962380129932,0.8866669025099873,0.08328182501975334,0.30100430581048654,0,5.55674,0.18522
604.6466672420502,31.0,30.920472445574603,23.824962380129932,0.8661736492682695,0.07952755442539683,0.30299249467112144,0,5.55674,0.18522
604.6963367462158,31.0,30.925059127693146,23.824178132165173,0.8410739014615594,0.07494087230685409,0.3048660164787928,0,5.55674,0.18522
604.7294566631317,31.0,30.92714292070667,23.824178132165173,0.8298321701772479,0.0728570792933283,0.30668744346112603,0,5.55674,0.18522
604.7645039558411,31.0,30.93006221050871,23.823787489171934,0.8139543259495199,0.06993778949129137,0.30843588819840834,0,5.55674,0.18522
604.7991840839386,31.0,30.93464942327347,23.822612605888423,0.7888272644748949,0.06535057672653011,0.3100696526165716,0,5.55674,0.18522
604.8429520130157,31.0,30.93882069698867,23.821828368168497,0.765972109687101,0.06117930301132901,0.31159913519185484,0,5.55674,0.18522
604.8795416355133,31.0,30.942156605967625,23.82222196629499,0.7476829797878002,0.05784339403237482,0.3130452200426642,0,5.55674,0.18522
604.9155428409576,31.0,30.946744488564207,23.82222196629499,0.7224359086937754,0.053255511435793323,0.31437660782855903,0,5.55674,0.18522
604.9614500999451,31.0,30.95174888135557,23.8206564570404,0.694931549616704,0.04825111864442988,0.31558288579466975,0,5.55674,0.18522
605.0084278583527,31.0,30.955921016666593,23.82026286233821,0.6719723808808118,0.04407898333340654,0.3166848603780049,0,5.55674,0.18522
605.0490953922272,31.0,30.960090208602765,23.819872227845735,0.6490101103869208,0.039909791397235495,0.3176826051629358,0,5.55674,0.18522
605.0796394348145,31.0,30.963430128939535,23.819872227845735,0.6306203782427187,0.03656987106046472,0.3185968519394474,0,5.55674,0.18522
605.1110880374908,31.0,30.965514887916243,23.819481594201136,0.6192156407309342,0.034485112083757485,0.31945897974154136,0,5.55674,0.18522
605.1425406932831,31.0,30.968019191346002,23.818697370125335,0.6054882020788852,0.03198080865399788,0.3202584999578913,0,5.55674,0.18522
605.1697776317596,31.0,30.973024871559403,23.817916108782583,0.5778379321828936,0.026975128440597018,0.3209328781689062,0,5.55674,0.18522
605.2104833126068,31.0,30.97636216015917,23.818697370125335,0.5593628569056329,0.023637839840830566,0.321523824164927,0,5.55674,0.18522
605.2662677764893,31.0,30.980951940764044,23.818306739030163,0.5339668841077291,0.019048059235956316,0.32200002564582586,0,5.55674,0.18522
605.3010861873627,31.0,30.984705971566257,23.818306739030163,0.5131775299865022,0.015294028433743279,0.32238237635666944,0,5.55674,0.18522
605.3360273838043,31.0,30.988463327918225,23.81674126382694,0.4924326201817453,0.011536672081774668,0.32267079315871383,0,5.55674,0.18522
605.3952789306641,31.0,30.997224847577968,23.817525479382482,0.4437197469543572,0.002775152422032079,0.32274017196926463,0,5.55674,0.18522
605.4299650192261,31.0,30.998893964203603,23.81674126382694,0.43449025815138126,0.001106035796397009,0.32276782286417455,0,5.55674,0.18522
605.4764628410339,31.0,31.00640698483261,23.817131891525776,0.3926926458902214,-0.006406984832608487,0.32260764824335936,0,5.55674,0.18522
605.5060272216797,31.0,31.007243209640137,23.81674126382694,0.3880324648388685,-0.007243209640137138,0.3224265680023559,0,5.55674,0.18522
605.5521230697632,31.0,31.010998436938564,23.815957051686325,0.3671549514797485,-0.010998436938564282,0.3221516070788918,0,5.55674,0.18522
605.5962226390839,31.0,31.018929155679643,23.815957051686325,0.3229983579670701,-0.018929155679643372,0.3216783781869007,0,5.55674,0.18522
605.6460678577423,31.0,31.02143508069196,23.814785178775423,0.3090344559540059,-0.02143508069195832,0.32114250116960175,0,5.55674,0.18522
605.6911919116974,31.0,31.027280431377335,23.813610354241348,0.2764873182730184,-0.027280431377334935,0.3204604903851684,0,5.55674,0.18522
605.7331643104553,31.0,31.03145323039456,23.812044919850962,0.2532348347550614,-0.03145323039456116,0.3196741596253044,0,5.55674,0.18522
605.7613632678986,31.0,31.035212718387697,23.81165134396747,0.2322014786859895,-0.03521271838769735,0.3187938416656119,0,5.55674,0.18522
605.792718410492,31.0,31.039805776893786,23.8112607281509,0.2065147679711724,-0.03980577689378606,0.31779869724326726,0,5.55674,0.18522
605.8243646621704,31.0,31.042729052837103,23.81047949905684,0.19011311031289213,-0.042729052837103154,0.3167304709223397,0,5.55674,0.18522
605.8568148612976,31.0,31.04565243269559,23.80969531416622,0.17369749017168015,-0.04565243269559005,0.3155891601049499,0,5.55674,0.18522
605.8901495933533,31.0,31.0481560144824,23.809304702587553,0.15958279232934527,-0.04815601448240159,0.3143852597428899,0,5.55674,0.18522
605.9234964847565,31.0,31.053166564157152,23.80852052280585,0.13153451773544547,-0.05316656415715215,0.3130560956389611,0,5.55674,0.18522
605.9615385532379,31.0,31.056510257799857,23.808129913771722,0.1127128522847547,-0.0565102577998573,0.31164333919396464,0,5.55674,0.18522
606.0162706375122,31.0,31.062354944336278,23.80617392216476,0.08004707297852703,-0.06235494433627764,0.3100844655855577,0,5.55674,0.18522
606.0462484359741,31.0,31.066532681830836,23.805389755992906,0.056564626632602366,-0.06653268183083583,0.3084211485397868,0,5.55674,0.18522
606.0779147148132,31.0,31.067786360320667,23.804608552327124,0.04932445876101704,-0.06778636032066743,0.3067264895317701,0,5.55674,0.18522
606.1134858131409,31.0,31.073635007693042,23.8034337940893,0.016544353980337934,-0.0736350076930421,0.30488561433944406,0,5.55674,0.18522
606.1489057540894,31.0,31.07321497754947,23.80382439295721,0.01851928933818836,-0.07321497754946904,0.3030552399007073,0,5.55674,0.18522
606.2016196250916,31.0,31.08240560196481,23.801868448015398,0.0,-0.08240560196480828,0.3009950998515871,0,5.55674,0.18522
606.2324976921082,31.0,31.082825679165808,23.80147489433216,0.0,-0.08282567916580774,0.29892445787244193,0,5.55674,0.18522
606.2639932632446,31.0,31.085747328247805,23.80147489433216,0.0,-0.0857473282478054,0.2967807746662468,0,5.55674,0.18522
606.2944133281708,31.0,31.091180293062678,23.800303115511554,0.0,-0.09118029306267772,0.29450126733967985,0,5.55674,0.18522
606.3262476921082,31.0,31.09452237704926,23.799518974839657,0.0,-0.09452237704925892,0.29213820791344836,0,5.55674,0.18522
606.3574914932251,31.0,31.097030609004264,23.79912838528446,0.0,-0.09703060900426408,0.28971244268834173,0,5.55674,0.18522
606.3886389732361,31.0,31.101627127564427,23.79834424971176,0.0,-0.10162712756442716,0.28717176449923104,0,5.55674,0.18522
606.4264092445374,31.0,31.1032983656051,23.797563076525023,0.0,-0.10329836560509875,0.2845893053591036,0,5.55674,0.18522
606.4574193954468,31.0,31.106223904090484,23.797172491198012,0.0,-0.10622390409048421,0.2819337077568415,0,5.55674,0.18522
606.5030612945557,31.0,31.10914638760852,23.79599778132456,0.0,-0.10914638760851858,0.27920504806662855,0,5.55674,0.18522
606.5461461544037,31.0,31.114580904625655,23.795604240429384,0.0,-0.11458090462565451,0.2763405254509872,0,5.55674,0.18522
606.5761334896088,31.0,31.11708975109343,23.795213659335445,0.0,-0.117089751093431,0.2734132816736514,0,5.55674,0.18522
606.6061964035034,31.0,31.11666949814787,23.793648384478786,0.0,-0.11666949814787131,0.2704965442199546,0,5.55674,0.18522
606.6384317874908,31.0,31.12043289276812,23.79443249967909,0.0,-0.12043289276812175,0.2674857219007516,0,5.55674,0.18522
606.6702420711517,31.0,31.122938758673968,23.794823079085404,0.0,-0.12293875867396764,0.2644122529339024,0,5.55674,0.18522
606.7022342681885,31.0,31.12670244176286,23.79403896219128,0.0,-0.12670244176285905,0.26124469188983096,0,5.55674,0.18522
606.7403461933136,31.0,31.13088030127409,23.793648384478786,0.0,-0.13088030127408956,0.2579726843579787,0,5.55674,0.18522
606.7798793315887,31.0,31.131300627251505,23.793257807609905,0.0,-0.13130062725150538,0.2546901686766911,0,5.55674,0.18522
606.8162503242493,31.0,31.133389647822185,23.793648384478786,0.0,-0.13338964782218454,0.2513554274811365,0,5.55674,0.18522
606.8504393100739,31.0,31.13547872179015,23.793257807609905,0.0,-0.1354787217901503,0.24796845943638274,0,5.55674,0.18522
606.8853342533112,31.0,31.138405411449696,23.79286723158458,0.0,-0.1384054114496962,0.24450832415014034,0,5.55674,0.18522
606.916157245636,31.0,31.14174942493952,23.79286723158458,0.0,-0.14174942493951903,0.24096458852665237,0,5.55674,0.18522
606.9460196495056,31.0,31.14174942493952,23.79208312317104,0.0,-0.14174942493951903,0.2374208529031644,0,5.55674,0.18522
606.9860141277313,31.0,31.143424643844526,23.79286723158458,0.0,-0.1434246438445257,0.23383523680705126,0,5.55674,0.18522
607.0263586044312,31.0,31.147603358496212,23.79169254968241,0.0,-0.14760335849621242,0.23014515284464596,0,5.55674,0.18522
607.0685188770294,31.0,31.149275536445998,23.79286723158458,0.0,-0.1492755364459981,0.226413264433496,0,5.55674,0.18522
607.1053292751312,31.0,31.150947748646274,23.79169254968241,0.0,-0.15094774864627425,0.22263957071733914,0,5.55674,0.18522
607.1440804004669,31.0,31.154712722297916,23.79169254968241,0.0,-0.15471272229791566,0.21877175265989124,0,5.55674,0.18522
607.1798918247223,31.0,31.15387499273504,23.79286723158458,0.0,-0.1538749927350409,0.2149248778415152,0,5.55674,0.18522
607.231938123703,31.0,31.15805740377067,23.79286723158458,0.0,-0.15805740377066968,0.21097344274724847,0,5.55674,0.18522
607.2760038375854,31.0,31.158895176272154,23.793257807609905,0.0,-0.15889517627215355,0.20700106334044463,0,5.55674,0.18522
607.315988779068,31.0,31.160567585597107,23.79403896219128,0.0,-0.16056758559710715,0.20298687370051696,0,5.55674,0.18522
607.35618019104,31.0,31.16140222235714,23.794823079085404,0.0,-0.16140222235713964,0.19895181814158847,0,5.55674,0.18522
607.3879816532135,31.0,31.163074683081277,23.795213659335445,0.0,-0.16307468308127682,0.19487495106455655,0,5.55674,0.18522
607.4201865196228,31.0,31.163074683081277,23.79599778132456,0.0,-0.16307468308127682,0.19079808398752462,0,5.55674,0.18522
607.4517247676849,31.0,31.164329841537892,23.79677894774511,0.0,-0.1643298415378922,0.18668983794907731,0,5.55674,0.18522
607.4842596054077,31.0,31.166840216404808,23.79677894774511,0.0,-0.1668402164048075,0.18251883253895712,0,5.55674,0.18522
607.5159986019135,31.0,31.166840216404808,23.797953662696216,0.0,-0.1668402164048075,0.17834782712883693,0,5.55674,0.18522
607.5472955703735,31.0,31.16516767846224,23.79912838528446,0.0,-0.16516767846223956,0.17421863516728095,0,5.55674,0.18522
607.5776512622833,31.0,31.16851278865363,23.79912838528446,0.0,-0.1685127886536293,0.1700058154509402,0,5.55674,0.18522
607.6095929145813,31.0,31.166840216404808,23.800693707607024,0.0,-0.1668402164048075,0.16583481004082,0,5.55674,0.18522
607.6415927410126,31.0,31.166840216404808,23.80108430054713,0.0,-0.1668402164048075,0.16166380463069982,0,5.55674,0.18522
607.6742503643036,31.0,31.166840216404808,23.80108430054713,0.0,-0.1668402164048075,0.15749279922057963,0,5.55674,0.18522
607.7061910629272,31.0,31.169347506731015,23.801868448015398,0.0,-0.16934750673101462,0.15325911155230426,0,5.55674,0.18522
607.7550656795502,31.0,31.16851278865363,23.8034337940893,0.0,-0.1685127886536293,0.14904629183596352,0,5.55674,0.18522
607.7962064743042,31.0,31.170185395214105,23.804214992670325,0.0,-0.17018539521410503,0.1447916569556109,0,5.55674,0.18522
607.818525314331,31.0,31.169768030817806,23.804214992670325,0.0,-0.16976803081780645,0.14054745618516573,0,5.55674,0.18522
607.8617808818817,31.0,31.169768030817806,23.80617392216476,0.0,-0.16976803081780645,0.13630325541472058,0,5.55674,0.18522
607.9111123085022,31.0,31.169768030817806,23.80617392216476,0.0,-0.16976803081780645,0.13205905464427542,0,5.55674,0.18522
607.9430005550385,31.0,31.17060276174709,23.807348698241185,0.0,-0.17060276174709088,0.12779398560059815,0,5.55674,0.18522
607.9772686958313,31.0,31.169347506731015,23.80695513260781,0.0,-0.16934750673101462,0.12356029793232279,0,5.55674,0.18522
608.0165650844574,31.0,31.16851278865363,23.80969531416622,0.0,-0.1685127886536293,0.11934747821598206,0,5.55674,0.18522
608.0658795833588,31.0,31.169347506731015,23.808914091854945,0.0,-0.16934750673101462,0.11511379054770669,0,5.55674,0.18522
608.116152048111,31.0,31.16851278865363,23.810085926591057,0.0,-0.1685127886536293,0.11090097083136596,0,5.55674,0.18522
608.1628918647766,31.0,31.168092271041075,23.810085926591057,0.0,-0.1680922710410755,0.10669866405533908,0,5.55674,0.18522
608.1961631774902,31.0,31.166002362296865,23.81087011318067,0.0,-0.16600236229686516,0.10254860499791744,0,5.55674,0.18522
608.2283043861389,31.0,31.167257565814054,23.810085926591057,0.0,-0.1672575658140545,0.09836716585256608,0,5.55674,0.18522
608.2617166042328,31.0,31.163912507111547,23.8112607281509,0.0,-0.16391250711154726,0.0942693531747774,0,5.55674,0.18522
608.2940948009491,31.0,31.165585019311663,23.81087011318067,0.0,-0.16558501931166347,0.09012972769198581,0,5.55674,0.18522
608.3251593112946,31.0,31.163912507111547,23.81087011318067,0.0,-0.16391250711154726,0.08603191501419713,0,5.55674,0.18522
608.3660600185394,31.0,31.163074683081277,23.81165134396747,0.0,-0.16307468308127682,0.08195504793716521,0,5.55674,0.18522
608.4037165641785,31.0,31.163492013220605,23.812044919850962,0.0,-0.1634920132206048,0.07786774760665009,0,5.55674,0.18522
608.4381709098816,31.0,31.158895176272154,23.812435537367037,0.0,-0.15889517627215355,0.07389536819984625,0,5.55674,0.18522
608.4858174324036,31.0,31.158895176272154,23.813610354241348,0.0,-0.15889517627215355,0.06992298879304241,0,5.55674,0.18522
608.5198266506195,31.0,31.158895176272154,23.813610354241348,0.0,-0.15889517627215355,0.06595060938623858,0,5.55674,0.18522
608.552841424942,31.0,31.15931248502983,23.814391596906887,0.0,-0.15931248502982953,0.06196779726049284,0,5.55674,0.18522
608.5859980583191,31.0,31.156385045897707,23.814785178775423,0.0,-0.1563850458977072,0.05805817111305016,0,5.55674,0.18522
608.6320381164551,31.0,31.15429543706341,23.814391596906887,0.0,-0.15429543706341065,0.05420078518646489,0,5.55674,0.18522
608.6785562038422,31.0,31.1517854481653,23.815957051686325,0.0,-0.15178544816529893,0.05040614898233242,0,5.55674,0.18522
608.7264795303345,31.0,31.147186109601932,23.817131891525776,0.0,-0.14718610960193246,0.04672649624228411,0,5.55674,0.18522
608.7640619277954,31.0,31.14969595708402,23.81674126382694,0.0,-0.1496959570840204,0.0429840973151836,0,5.55674,0.18522
608.8099174499512,31.0,31.145931214791688,23.817916108782583,0.0,-0.14593121479168758,0.039335816945391414,0,5.55674,0.18522
608.8619158267975,31.0,31.144676339265743,23.818697370125335,0.0,-0.14467633926574308,0.03571890846374784,0,5.55674,0.18522
608.9060101509094,31.0,31.14174942493952,23.819481594201136,0.0,-0.14174942493951903,0.032175172840259864,0,5.55674,0.18522
608.9513943195343,31.0,31.137571009762098,23.82104709323505,0.0,-0.13757100976209813,0.02873589759620741,0,5.55674,0.18522
608.9973666667938,31.0,31.137988209540765,23.82143773027775,0.0,-0.13798820954076518,0.02528619235768828,0,5.55674,0.18522
609.0381481647491,31.0,31.13547872179015,23.82222196629499,0.0,-0.1354787217901503,0.021899224312934524,0,5.55674,0.18522
609.0690360069275,31.0,31.133806826253476,23.821828368168497,0.0,-0.13380682625347617,0.018554053656597617,0,5.55674,0.18522
609.1140327453613,31.0,31.131300627251505,23.82300324633013,0.0,-0.13130062725150538,0.015271537975309984,0,5.55674,0.18522
609.1429576873779,31.0,31.129628817176297,23.82300324633013,0.0,-0.1296288171762967,0.012030817545902565,0,5.55674,0.18522
609.1747086048126,31.0,31.127536732502563,23.824178132165173,0.0,-0.1275367325025627,0.008842399233338499,0,5.55674,0.18522
609.2209739685059,31.0,31.124610431963504,23.824178132165173,0.0,-0.12461043196350374,0.005727138434250905,0,5.55674,0.18522
609.2652571201324,31.0,31.12210451484134,23.82613431931219,0.0,-0.12210451484133955,0.002674525563217416,0,5.55674,0.18522
609.2962284088135,31.0,31.121267119551476,23.825353025675327,0.0,-0.12126711955147584,-0.00035715242556948017,0,5.55674,0.18522
609.3262169361115,31.0,31.117506846376727,23.824962380129932,0.0,-0.11750684637672748,-0.0032948235849876674,0,5.55674,0.18522
609.3598601818085,31.0,31.115835318244308,23.826918575809202,0.0,-0.11583531824430793,-0.006190706541095365,0,5.55674,0.18522
609.3953881263733,31.0,31.112909436258747,23.82652792686224,0.0,-0.11290943625874661,-0.009013442447564031,0,5.55674,0.18522
609.4325637817383,31.0,31.109983658868828,23.828093487228045,0.0,-0.10998365886882766,-0.011763033919284722,0,5.55674,0.18522
609.4816784858704,31.0,31.107057986046073,23.82887479277622,0.0,-0.10705798604607253,-0.014439483570436536,0,5.55674,0.18522
609.7330777645111,31.0,31.08783834534171,23.83200596804113,0.0,-0.08783834534170865,-0.01663544220397925,0,5.55674,0.18522
609.7636406421661,31.0,31.086584360411678,23.83357453571756,0.0,-0.08658436041167761,-0.01880005121427119,0,5.55674,0.18522
609.7952976226807,31.0,31.08533039465999,23.83357453571756,0.0,-0.08533039465999082,-0.02093331108077096,0,5.55674,0.18522
609.8274409770966,31.0,31.08240560196481,23.83396519998712,0.0,-0.08240560196480828,-0.022993451129891165,0,5.55674,0.18522
609.8596642017365,31.0,31.079064011836294,23.834746531076462,0.0,-0.07906401183629441,-0.024970051425798525,0,5.55674,0.18522
609.892938375473,31.0,31.076139442573492,23.834746531076462,0.0,-0.07613944257349203,-0.026873537490135827,0,5.55674,0.18522
609.9264597892761,31.0,31.071964374212143,23.835530825173407,0.0,-0.07196437421214341,-0.028672646845439412,0,5.55674,0.18522
609.9689784049988,31.0,31.071964374212143,23.83592149370037,0.0,-0.07196437421214341,-0.030471756200742998,0,5.55674,0.18522
610.0164620876312,31.0,31.06486219288547,23.83709646401644,0.0011501918815202128,-0.0648621928854709,-0.03209331102287977,0,5.55674,0.18522
610.045613527298,31.0,31.061938129579858,23.83709646401644,0.017111646905334565,-0.06193812957985756,-0.03364176426237621,0,5.55674,0.18522
610.080037355423,31.0,31.06026773409144,23.838662116520027,0.026034199521537182,-0.060267734091439706,-0.035148457614662204,0,5.55674,0.18522
610.1119709014893,31.0,31.05692704501513,23.83709646401644,0.04441427052488944,-0.05692704501512935,-0.03657163374004044,0,5.55674,0.18522
610.1441667079926,31.0,31.055673532273318,23.838271442026212,0.051061632428081705,-0.055673532273317505,-0.03796347204687338,0,5.55674,0.18522
610.1789388656616,31.0,31.051496346993133,23.839837104784465,0.0739543795335938,-0.0514963469931331,-0.03925088072170171,0,5.55674,0.18522
610.2226679325104,31.0,31.04732253112178,23.839837104784465,0.09692806215822336,-0.047322531121778866,-0.04043394399974618,0,5.55674,0.18522
610.2561004161835,31.0,31.04565243269559,23.841012100746696,0.10593668417770391,-0.04565243269559005,-0.041575254817135934,0,5.55674,0.18522
610.2960577011108,31.0,31.041475756582486,23.841012100746696,0.12895333391158015,-0.0414757565824857,-0.04261214873169808,0,5.55674,0.18522
610.3352789878845,31.0,31.037715982397685,23.841402781210434,0.14965073248358177,-0.037715982397685366,-0.04355504829164021,0,5.55674,0.18522
610.3949654102325,31.0,31.033542865827542,23.84179346252546,0.17266429079451517,-0.033542865827541846,-0.04439361993732876,0,5.55674,0.18522
610.4333233833313,31.0,31.026860638042763,23.84296847130821,0.20961102725338876,-0.02686063804276273,-0.04506513588839783,0,5.55674,0.18522
610.4750618934631,31.0,31.024774328486274,23.843359156035262,0.2210693440963616,-0.02477432848627359,-0.04568449410055467,0,5.55674,0.18522
610.5160617828369,31.0,31.018929155679643,23.84414348779319,0.2534215554037468,-0.018929155679643372,-0.04615772299254575,0,5.55674,0.18522
610.5541269779205,31.0,31.016426462831703,23.844924863221877,0.2672122150291299,-0.016426462831702793,-0.046568384563338325,0,5.55674,0.18522
610.6002655029297,31.0,31.012667832411637,23.84531851198227,0.28801909115794816,-0.012667832411636937,-0.04688508037362925,0,5.55674,0.18522
610.6360127925873,31.0,31.008912529057397,23.84570920183262,0.3088250203960195,-0.008912529057397478,-0.047107893600064184,0,5.55674,0.18522
610.6716682910919,31.0,31.003068481254616,23.84570920183262,0.3412846659812004,-0.0030684812546155626,-0.04718460563142957,0,5.55674,0.18522
610.70827460289,31.0,31.00056626992972,23.84531851198227,0.3552062272825536,-0.0005662699297204199,-0.04719876237967258,0,5.55674,0.18522
610.7512028217316,31.0,30.99597539863288,23.847274929554885,0.38063476078568326,0.004024601367120795,-0.04709814734549456,0,5.55674,0.18522
610.79652094841,31.0,30.99180124048587,23.84766562367213,0.4038473908077328,0.00819875951412996,-0.04689317835764131,0,5.55674,0.18522
610.8494169712067,31.0,30.98679442224983,23.84766562367213,0.4317301264004409,0.013205577750170505,-0.04656303891388705,0,5.55674,0.18522
610.8932764530182,31.0,30.980535537777428,23.847274929554885,0.4666192961716291,0.019464462222572365,-0.04607642735832274,0,5.55674,0.18522
610.9253435134888,31.0,30.980115982346035,23.8492313684971,0.4689423478832616,0.019884017653964747,-0.045579326916973625,0,5.55674,0.18522
610.9886922836304,31.0,30.972188993348652,23.848840670964023,0.5131393896418318,0.027811006651347725,-0.044884051750689935,0,5.55674,0.18522
611.0243332386017,31.0,30.968851873272286,23.85001572596684,0.5317668395068559,0.031148126727714498,-0.044105348582497074,0,5.55674,0.18522
611.066103219986,31.0,30.963846445745276,23.849625026722208,0.55976815403504,0.03615355425472444,-0.04320150972612896,0,5.55674,0.18522
611.1078453063965,31.0,30.96050966239096,23.851190788682118,0.5784123148961658,0.039490337609038306,-0.042214251285903004,0,5.55674,0.18522
611.1440889835358,31.0,30.95717301365204,23.850797127014005,0.5971717129058436,0.04282698634796134,-0.04114357662720397,0,5.55674,0.18522
611.2020437717438,31.0,30.947996346727393,23.85158149134412,0.648364623539196,0.0520036532726067,-0.0398434852953888,0,5.55674,0.18522
611.2446331977844,31.0,30.946744488564207,23.851190788682118,0.655587519828715,0.053255511435793323,-0.03851209750949397,0,5.55674,0.18522
611.3012661933899,31.0,30.939236890017014,23.851190788682118,0.6975866565606184,0.06076310998298595,-0.036993019759919324,0,5.55674,0.18522
611.3510227203369,31.0,30.935484922351975,23.85158149134412,0.7187140561165868,0.064515077648025,-0.0353801428187187,0,5.55674,0.18522
611.3862137794495,31.0,30.929646063562245,23.851972194859,0.751464803852635,0.07035393643775478,-0.03362129440777483,0,5.55674,0.18522
611.4260060787201,31.0,30.92589137762252,23.85158149134412,0.7726918237351328,0.07410862237748006,-0.03176857884833783,0,5.55674,0.18522
611.4863517284393,31.0,30.920056346757974,23.850797127014005,0.8055259966777067,0.0799436532420259,-0.029769987517287183,0,5.55674,0.18522
611.5334763526917,31.0,30.914634643873626,23.850797127014005,0.8360482742448228,0.08536535612637408,-0.02763585361412783,0,5.55674,0.18522
611.5760049819946,31.0,30.90879725288562,23.850797127014005,0.8689074525640287,0.09120274711438014,-0.025355784936268326,0,5.55674,0.18522
611.6153373718262,31.0,30.906713920631717,23.849625026722208,0.880976087970651,0.09328607936828348,-0.023023632952061238,0,5.55674,0.18522
611.65398478508,31.0,30.902544261363232,23.85040642606407,0.9045569768906802,0.09745573863676782,-0.020587239486142044,0,5.55674,0.18522
611.7013227939606,31.0,30.896707720359416,23.85001572596684,0.9374874588316179,0.10329227964058418,-0.01800493249512744,0,5.55674,0.18522
611.7518446445465,31.0,30.89212575573447,23.8492313684971,0.963488000727703,0.10787424426553116,-0.015308076388489161,0,5.55674,0.18522
611.7910854816437,31.0,30.889207799902238,23.848449974283426,0.9802554379596151,0.11079220009776236,-0.012538271386045102,0,5.55674,0.18522
611.8336567878723,31.0,30.88503901912179,23.8492313684971,1.0,0.11496098087820883,-0.00966424686408988,0,5.55674,0.18522
611.8760197162628,31.0,30.882537220817767,23.848059278455196,1.0,0.11746277918223313,-0.006727677384534052,0,5.55674,0.18522
611.9184713363647,31.0,30.878787815166618,23.848059278455196,1.0,0.12121218483338225,-0.003697372763699495,0,5.55674,0.18522
611.9553542137146,31.0,30.87503542796827,23.848059278455196,1.0,0.12496457203172895,-0.0005732584629062711,0,5.55674,0.18522
612.0025634765625,31.0,30.872121222173405,23.848059278455196,1.0,0.12787877782659507,0.002623710982758606,0,5.55674,0.18522
612.043089389801,31.0,30.867953297613838,23.846884236289952,1.0,0.13204670238616245,0.0059248785424126675,0,5.55674,0.18522
612.0696532726288,31.0,30.86420139888895,23.846884236289952,1.0,0.13579860111104836,0.009319843570188877,0,5.55674,0.18522
612.1078088283539,31.0,30.862953953641522,23.84766562367213,1.0,0.13704604635847772,0.01274599472915082,0,5.55674,0.18522
612.1529433727264,31.0,30.859621224404805,23.846099892534994,1.0,0.1403787755951953,0.016255464119030703,0,5.55674,0.18522
612.2018308639526,31.0,30.8537876942097,23.846884236289952,1.0,0.14621230579029998,0.019910771763788204,0,5.55674,0.18522
612.230993270874,31.0,30.85128683496532,23.846099892534994,1.0,0.14871316503467824,0.02362860088965516,0,5.55674,0.18522
612.2643127441406,31.0,30.85087108226554,23.846099892534994,1.0,0.14912891773445835,0.02735682383301662,0,5.55674,0.18522
612.2983074188232,31.0,30.84753883630748,23.84570920183262,1.0,0.1524611636925215,0.031168352925329657,0,5.55674,0.18522
612.3381617069244,31.0,30.845453888152747,23.84649058408928,1.0,0.1545461118472531,0.03503200572151098,0,5.55674,0.18522
612.3850646018982,31.0,30.843372141485816,23.846884236289952,1.0,0.15662785851418448,0.03894770218436559,0,5.55674,0.18522
612.4164328575134,31.0,30.840040195221775,23.846099892534994,1.0,0.15995980477822513,0.042946697303821224,0,5.55674,0.18522
612.450558423996,31.0,30.837124064148327,23.846099892534994,1.0,0.16287593585167315,0.047018595700113054,0,5.55674,0.18522
612.4798567295074,31.0,30.83462370463951,23.84570920183262,1.0,0.16537629536048826,0.05115300308412526,0,5.55674,0.18522
612.5199604034424,31.0,30.833376701956468,23.846099892534994,1.0,0.1666232980435325,0.05531858553521357,0,5.55674,0.18522
612.5679631233215,31.0,30.831707762879148,23.846884236289952,1.0,0.16829223712085195,0.05952589146323487,0,5.55674,0.18522
612.611341714859,31.0,30.827960643896574,23.846099892534994,1.0,0.1720393561034257,0.06382687536582052,0,5.55674,0.18522
612.6412227153778,31.0,30.82671059204131,23.846099892534994,1.0,0.1732894079586913,0.0681591105647878,0,5.55674,0.18522
612.689777135849,31.0,30.823794926702533,23.848059278455196,1.0,0.17620507329746715,0.07256423739722448,0,5.55674,0.18522
612.7228121757507,31.0,30.824213693108334,23.847274929554885,1.0,0.1757863068916663,0.07695889506951614,0,5.55674,0.18522
612.7534604072571,31.0,30.82046376196888,23.84766562367213,1.0,0.17953623803111896,0.08144730102029411,0,5.55674,0.18522
612.7875235080719,31.0,30.82171372030598,23.848059278455196,1.0,0.17828627969402078,0.08590445801264464,0,5.55674,0.18522
612.8255226612091,31.0,30.820048162837054,23.848059278455196,1.0,0.17995183716294605,0.09040325394171829,0,5.55674,0.18522
612.8565063476562,31.0,30.81796704980377,23.8492313684971,1.0,0.18203295019623056,0.09495407769662405,0,5.55674,0.18522
612.8864240646362,31.0,30.817132730091373,23.848449974283426,1.0,0.1828672699086269,0.09952575944433972,0,5.55674,0.18522
612.9204919338226,31.0,30.815467263960727,23.85040642606407,1.0,0.184532736039273,0.10413907784532155,0,5.55674,0.18522
612.951212644577,31.0,30.8167171475323,23.85001572596684,1.0,0.18328285246769838,0.108721149157014,0,5.55674,0.18522
612.9826679229736,31.0,30.815882840302436,23.851190788682118,1.0,0.18411715969756415,0.11332407814945311,0,5.55674,0.18522
613.0154905319214,31.0,30.8138018310284,23.851190788682118,1.0,0.18619816897160035,0.11797903237374312,0,5.55674,0.18522
613.0486388206482,31.0,30.814632969211914,23.851190788682118,1.0,0.18536703078808614,0.12261320814344527,0,5.55674,0.18522
613.0792899131775,31.0,30.810886616233574,23.851972194859,1.0,0.1891133837664256,0.1273410427376059,0,5.55674,0.18522
613.116019487381,31.0,30.810471064738238,23.85236289922682,1.0,0.1895289352617624,0.13207926611914997,0,5.55674,0.18522
613.1607186794281,31.0,30.81005551530893,23.85236289922682,1.0,0.18994448469106828,0.13682787823642667,0,5.55674,0.18522
613.1960322856903,31.0,30.81130216979517,23.853537977352858,1.0,0.18869783020483055,0.14154532399154743,0,5.55674,0.18522
613.2378444671631,31.0,30.81255199106556,23.854713063196527,1.0,0.1874480089344388,0.1462315242149084,0,5.55674,0.18522
613.2740724086761,31.0,30.8083870421886,23.854322353696773,1.0,0.19161295781140097,0.15102184816019343,0,5.55674,0.18522
613.3198659420013,31.0,30.81130216979517,23.855888156759534,1.0,0.18869783020483055,0.1557392939153142,0,5.55674,0.18522
613.3531696796417,31.0,30.809221274585695,23.856278869679727,1.0,0.19077872541430452,0.1605087620506718,0,5.55674,0.18522
613.392528295517,31.0,30.809221274585695,23.856278869679727,1.0,0.19077872541430452,0.1652782301860294,0,5.55674,0.18522
613.4290039539337,31.0,30.809221274585695,23.857453973531335,1.0,0.19077872541430452,0.17004769832138703,0,5.55674,0.18522
613.4761345386505,31.0,30.812136431289332,23.859019804016214,1.0,0.187863568710668,0.17474428753915372,0,5.55674,0.18522
613.5217406749725,31.0,30.81172087357953,23.859410523780184,1.0,0.1882791264204684,0.17945126569966544,0,5.55674,0.18522
613.5702929496765,31.0,30.81255199106556,23.85980420440626,1.0,0.1874480089344388,0.1841374659230264,0,5.55674,0.18522
613.6056807041168,31.0,30.81005551530893,23.860194925885082,1.0,0.18994448469106828,0.1888860780403031,0,5.55674,0.18522
613.6429097652435,31.0,30.81255199106556,23.860585648218148,1.0,0.1874480089344388,0.19357227826366408,0,5.55674,0.18522
613.6953411102295,31.0,30.815467263960727,23.86097637140557,1.0,0.184532736039273,0.1981855966646459,0,5.55674,0.18522
613.7262058258057,31.0,30.81296755290822,23.862151506141174,1.0,0.1870324470917808,0.20286140784194043,0,5.55674,0.18522
613.7585623264313,31.0,30.815467263960727,23.861760780383918,1.0,0.184532736039273,0.20747472624292226,0,5.55674,0.18522
613.7941489219666,31.0,30.817132730091373,23.862151506141174,1.0,0.1828672699086269,0.21204640799063793,0,5.55674,0.18522
613.8325572013855,31.0,30.81754831471784,23.861760780383918,1.0,0.18245168528216027,0.21660770012269193,0,5.55674,0.18522
613.8861162662506,31.0,30.818798229425738,23.862935920279256,1.0,0.1812017705742619,0.22113774438704847,0,5.55674,0.18522
613.9260246753693,31.0,30.819632565773247,23.862542232752958,1.0,0.18036743422675272,0.2256469302427173,0,5.55674,0.18522
613.9779005050659,31.0,30.821298114954118,23.862542232752958,1.0,0.17870188504588214,0.23011447736886434,0,5.55674,0.18522
614.0104503631592,31.0,30.824629312971183,23.861760780383918,1.0,0.17537068702881697,0.23449874454458478,0,5.55674,0.18522
614.0440852642059,31.0,30.825044934902905,23.862151506141174,1.0,0.17495506509709458,0.23887262117201213,0,5.55674,0.18522
614.0776166915894,31.0,30.826294961817723,23.861370055481245,1.0,0.1737050381822769,0.24321524712656906,0,5.55674,0.18522
614.1113257408142,31.0,30.826294961817723,23.861370055481245,1.0,0.1737050381822769,0.24755787308112598,0,5.55674,0.18522
614.1462833881378,31.0,30.827960643896574,23.860194925885082,1.0,0.1720393561034257,0.25185885698371163,0,5.55674,0.18522
614.2020952701569,31.0,30.831707762879148,23.859410523780184,1.0,0.16829223712085195,0.25606616291173295,0,5.55674,0.18522
614.2433271408081,31.0,30.83379236744679,23.858238367050433,1.0,0.1662076325532098,0.2602213537255632,0,5.55674,0.18522
614.2863652706146,31.0,30.83670838205927,23.85706325804358,1.0,0.16329161794072888,0.2643036441740814,0,5.55674,0.18522
614.3203721046448,31.0,30.83837427200541,23.856669583453538,1.0,0.16162572799458985,0.26834428737394617,0,5.55674,0.18522
614.3625028133392,31.0,30.83920565485795,23.855103773549672,1.0,0.16079434514205104,0.2723641460024974,0,5.55674,0.18522
614.4118151664734,31.0,30.844206723544858,23.853931645050295,1.0,0.1557932764551424,0.276258977913876,0,5.55674,0.18522
614.4451594352722,31.0,30.845453888152747,23.85275656433896,1.0,0.1545461118472531,0.28012263071005733,0,5.55674,0.18522
614.4781320095062,31.0,30.846288491049734,23.85236289922682,1.0,0.1537115089502663,0.283965418433814,0,5.55674,0.18522
614.5162150859833,31.0,30.85128683496532,23.85236289922682,1.0,0.14871316503467824,0.28768324755968094,0,5.55674,0.18522
614.571270942688,31.0,30.85336877930473,23.85040642606407,1.0,0.14663122069526935,0.2913490280770627,0,5.55674,0.18522
614.6107797622681,31.0,30.8537876942097,23.85001572596684,1.0,0.14621230579029998,0.2950043357218202,0,5.55674,0.18522
614.6591439247131,31.0,30.855869701035715,23.84766562367213,1.0,0.14413029896428498,0.29860759319592733,0,5.55674,0.18522
614.6901087760925,31.0,30.859202280165448,23.848449974283426,1.0,0.14079771983455203,0.3021275361917911,0,5.55674,0.18522
614.7227144241333,31.0,30.862119183799223,23.84649058408928,1.0,0.1378808162007772,0.30557455659681054,0,5.55674,0.18522
614.75310587883,31.0,30.86462036827811,23.84570920183262,1.0,0.13537963172188938,0.3089590473898578,0,5.55674,0.18522
614.785462141037,31.0,30.866286816267177,23.84531851198227,1.0,0.13371318373282293,0.31230187698317835,0,5.55674,0.18522
614.836588382721,31.0,30.86961981232338,23.844534175081662,1.0,0.13038018767662152,0.3155613816750939,0,5.55674,0.18522
614.8653433322906,31.0,30.87295294185219,23.843359156035262,1.0,0.12704705814780937,0.3187375581287891,0,5.55674,0.18522
614.8977766036987,31.0,30.875454451897156,23.843359156035262,1.0,0.12454554810284435,0.3218511968313602,0,5.55674,0.18522
614.9332027435303,31.0,30.877121116836065,23.84257778743256,1.0,0.12287888316393492,0.3249231689104586,0,5.55674,0.18522
614.9671504497528,31.0,30.881289500675678,23.841402781210434,1.0,0.11871049932432243,0.3278909313935666,0,5.55674,0.18522
615.0001106262207,31.0,30.88295628253985,23.84179346252546,1.0,0.11704371746014886,0.3308170243300703,0,5.55674,0.18522
615.0455391407013,31.0,30.88754089270782,23.840227782688373,1.0,0.11245910729218167,0.3336285020123749,0,5.55674,0.18522
615.075578212738,31.0,30.888788706668038,23.838662116520027,1.0,0.11121129333196222,0.33640878434567395,0,5.55674,0.18522
615.1052749156952,31.0,30.891290693115252,23.839052791864674,1.0,0.108709306884748,0.3391265170177927,0,5.55674,0.18522
615.1378791332245,31.0,30.895040662722124,23.838662116520027,1.0,0.10495933727787587,0.3417505004497396,0,5.55674,0.18522
615.1694989204407,31.0,30.897126853534417,23.837880768383172,1.0,0.10287314646558343,0.34432232911137917,0,5.55674,0.18522
615.2018480300903,31.0,30.899625939594443,23.837487135951676,0.9894895322087094,0.10037406040555652,0.3468316806215181,0,5.55674,0.18522
615.2361721992493,31.0,30.90379545232156,23.836705792931696,0.9668061986469574,0.09620454767843967,0.3492367943134791,0,5.55674,0.18522
615.2709662914276,31.0,30.905462685693863,23.836312163077707,0.9579997678151849,0.09453731430613743,0.35160022717113254,0,5.55674,0.18522
615.3036780357361,31.0,30.90963249154379,23.835140157496767,0.9353078212926647,0.090367508456211,0.3538594148825378,0,5.55674,0.18522
615.3353548049927,31.0,30.91129984215297,23.834746531076462,0.9264737098768725,0.088700157847029,0.3560769188287135,0,5.55674,0.18522
615.3670613765717,31.0,30.914218574337724,23.834355865106716,0.9106723293195874,0.08578142566227598,0.35822145447027043,0,5.55674,0.18522
615.4136209487915,31.0,30.918804910624374,23.83318091272986,0.8856235097668312,0.08119508937562614,0.36025133170466106,0,5.55674,0.18522
615.4584922790527,31.0,30.922556123323943,23.832399588453427,0.8651776884513763,0.07744387667605679,0.3621874286215625,0,5.55674,0.18522
615.4890866279602,31.0,30.9242237337034,23.832399588453427,0.856262093152521,0.07577626629660017,0.36408183527897753,0,5.55674,0.18522
615.5246770381927,31.0,30.929646063562245,23.83161530803386,0.8264976299800229,0.07035393643775478,0.3658406836899214,0,5.55674,0.18522
615.5723509788513,31.0,30.93339776683365,23.830833990568294,0.8059988801047,0.06660223316634983,0.36750573951908017,0,5.55674,0.18522
615.6107513904572,31.0,30.94006928234745,23.82887479277622,0.7693050354086503,0.05993071765254854,0.36900400746039386,0,5.55674,0.18522
615.652485370636,31.0,30.941321039593618,23.828093487228045,0.7626611462836361,0.05867896040638243,0.3704709814705534,0,5.55674,0.18522
615.7055044174194,31.0,30.94882882711994,23.827309225605063,0.7212195103208889,0.05117117288006057,0.3717502607925549,0,5.55674,0.18522
615.7415392398834,31.0,30.952165139377485,23.825743672069393,0.7029823158585261,0.04783486062251541,0.3729461323081178,0,5.55674,0.18522
615.7837283611298,31.0,30.957589298962887,23.825353025675327,0.6730580975021843,0.042410701037113085,0.3740063998340456,0,5.55674,0.18522
615.8279328346252,31.0,30.961758574988664,23.819872227845735,0.6503488023232336,0.03824142501133565,0.374962435459329,0,5.55674,0.18522
615.8561267852783,31.0,30.963430128939535,23.824178132165173,0.6410088195072182,0.03656987106046472,0.37587668223584064,0,5.55674,0.18522
615.8885898590088,31.0,30.96843553126064,23.82300324633013,0.6134015409551656,0.03156446873936147,0.3766657939543247,0,5.55674,0.18522
615.9197030067444,31.0,30.97052041646782,23.821828368168497,0.602013162216061,0.029479583532179277,0.3774027835426292,0,5.55674,0.18522
615.9508736133575,31.0,30.973441236690803,23.821828368168497,0.5859059040037087,0.02655876330919682,0.3780667526253591,0,5.55674,0.18522
615.9825661182404,31.0,30.977614466750936,23.819872227845735,0.562920372169352,0.022385533249064338,0.37862639095658573,0,5.55674,0.18522
616.0149662494659,31.0,30.979699583573904,23.8190909614043,0.5514680066951347,0.020300416426096035,0.3791339013672381,0,5.55674,0.18522
616.0462739467621,31.0,30.985541976450634,23.818697370125335,0.5190904909036593,0.014458023549366317,0.3794953519559723,0,5.55674,0.18522
616.0793790817261,31.0,30.988463327918225,23.817525479382482,0.5029708487056479,0.011536672081774668,0.37978376875801667,0,5.55674,0.18522
616.116001367569,31.0,30.99263416221015,23.815957051686325,0.47990918793220083,0.007365837789848229,0.37996791470276287,0,5.55674,0.18522
616.1520345211029,31.0,30.997644489978768,23.815175802231977,0.4521190910271767,0.0023555100212320212,0.3800268024532937,0,5.55674,0.18522
616.1962854862213,31.0,31.00056626992972,23.812826155729738,0.4360014539058886,-0.0005662699297204199,0.38001264570505067,0,5.55674,0.18522
616.2320306301117,31.0,31.00432119312336,23.81047949905684,0.4152367158271333,-0.00432119312335999,0.37990461587696667,0,5.55674,0.18522
616.2660949230194,31.0,31.010998436938564,23.81047949905684,0.378082079767191,-0.010998436938564282,0.37962965495350254,0,5.55674,0.18522
616.3006024360657,31.0,31.013087553417563,23.80969531416622,0.3664530359908133,-0.013087553417562958,0.37930246611806345,0,5.55674,0.18522
616.3339354991913,31.0,31.018512560927093,23.808129913771722,0.3363022754810297,-0.018512560927092636,0.3788396520948861,0,5.55674,0.18522
616.3672962188721,31.0,31.019348908583936,23.805780359094058,0.33168586568605235,-0.01934890858393601,0.3783559293802877,0,5.55674,0.18522
616.4211838245392,31.0,31.02853351143085,23.8049991537373,0.28055737360603356,-0.028533511430850922,0.37764259159451646,0,5.55674,0.18522
616.4520871639252,31.0,31.028113711706396,23.8034337940893,0.2828402270263,-0.028113711706396316,0.37693974880185654,0,5.55674,0.18522
616.4827861785889,31.0,31.032289709508916,23.803043196066596,0.25950581644248416,-0.032289709508916076,0.3761325060641336,0,5.55674,0.18522
616.5150530338287,31.0,31.03688260483733,23.80147489433216,0.23389397334866677,-0.036882604837330746,0.37521044094320033,0,5.55674,0.18522
616.548089504242,31.0,31.039389076472617,23.800693707607024,0.21982385244767177,-0.03938907647261658,0.37422571403138494,0,5.55674,0.18522
616.5820875167847,31.0,31.044815817692893,23.799518974839657,0.18952161641105253,-0.04481581769289278,0.3731053185890626,0,5.55674,0.18522
616.6155035495758,31.0,31.047739271745797,23.797953662696216,0.17313599924337236,-0.047739271745797396,0.37191183679541767,0,5.55674,0.18522
616.6481854915619,31.0,31.051079587321112,23.797172491198012,0.15437829067530745,-0.051079587321112285,0.37063484711238986,0,5.55674,0.18522
616.6852326393127,31.0,31.057760625788774,23.79677894774511,0.11700622847324088,-0.05776062578877372,0.3691908314676705,0,5.55674,0.18522
616.7411768436432,31.0,31.05901417037552,23.794823079085404,0.1098676944300514,-0.05901417037551937,0.3677154772082825,0,5.55674,0.18522
616.7910797595978,31.0,31.06486219288547,23.793257807609905,0.07715172096141754,-0.0648621928854709,0.36609392238614574,0,5.55674,0.18522
616.8246824741364,31.0,31.069873761692236,23.793257807609905,0.04898018565659884,-0.0698737616922358,0.36434707834383984,0,5.55674,0.18522
616.859593629837,31.0,31.074051881840887,23.79090844636079,0.025541102943323124,-0.07405188184088729,0.3624957812978177,0,5.55674,0.18522
616.9057695865631,31.0,31.080317881778228,23.790517875408227,0.0,-0.08031788177822818,0.36048783425336195,0,5.55674,0.18522
616.9452476501465,31.0,31.082825679165808,23.788562074455058,0.0,-0.08282567916580774,0.35841719227421676,0,5.55674,0.18522
616.9838485717773,31.0,31.088672240145115,23.788952641186313,0.0,-0.08867224014511521,0.35620038627058886,0,5.55674,0.18522
617.0243649482727,31.0,31.09243434830006,23.788168549737293,0.0,-0.09243434830005981,0.3538895275630874,0,5.55674,0.18522
617.0746476650238,31.0,31.095776483429404,23.786996857147187,0.0,-0.09577648342940392,0.3514951154773523,0,5.55674,0.18522
617.1092419624329,31.0,31.10037293162202,23.78738742050126,0.0,-0.10037293162201877,0.3489857921868018,0,5.55674,0.18522
617.1426453590393,31.0,31.102044144071556,23.786212774169314,0.0,-0.10204414407155582,0.3464346885850129,0,5.55674,0.18522
617.1803405284882,31.0,31.106223904090484,23.785822213349093,0.0,-0.10622390409048421,0.34377909098275083,0,5.55674,0.18522
617.2381830215454,31.0,31.114580904625655,23.785822213349093,0.0,-0.11458090462565451,0.3409145683671095,0,5.55674,0.18522
617.2922866344452,31.0,31.1154182314815,23.784257019725715,0.0,-0.11541823148149888,0.338029112580072,0,5.55674,0.18522
617.3206267356873,31.0,31.119595514590685,23.7854286945867,0.0,-0.11959551459068507,0.3350392247153049,0,5.55674,0.18522
617.3552353382111,31.0,31.12043289276812,23.783863504364092,0.0,-0.12043289276812175,0.3320284023961019,0,5.55674,0.18522
617.3895740509033,31.0,31.12628529958522,23.784257019725715,0.0,-0.12628529958521995,0.32887126990647136,0,5.55674,0.18522
617.4271509647369,31.0,31.131300627251505,23.785038135457512,0.0,-0.13130062725150538,0.32558875422518374,0,5.55674,0.18522
617.4623568058014,31.0,31.133389647822185,23.784647577170517,0.0,-0.13338964782218454,0.32225401302962914,0,5.55674,0.18522
617.5120551586151,31.0,31.13673345603155,23.784647577170517,0.0,-0.13673345603154985,0.3188356766288404,0,5.55674,0.18522
617.5475206375122,31.0,31.137153812113695,23.784257019725715,0.0,-0.13715381211369504,0.315406831325998,0,5.55674,0.18522
617.5788686275482,31.0,31.142169806831816,23.7854286945867,0.0,-0.14216980683181646,0.3118525861552026,0,5.55674,0.18522
617.608479976654,31.0,31.142169806831816,23.784647577170517,0.0,-0.14216980683181646,0.3082983409844072,0,5.55674,0.18522
617.6408619880676,31.0,31.14509673622348,23.785822213349093,0.0,-0.14509673622347918,0.3046709225788202,0,5.55674,0.18522
617.6720643043518,31.0,31.147186109601932,23.7854286945867,0.0,-0.14718610960193246,0.3009912698387719,0,5.55674,0.18522
617.7033050060272,31.0,31.149275536445998,23.7854286945867,0.0,-0.1492755364459981,0.2972593814276219,0,5.55674,0.18522
617.7399733066559,31.0,31.1517854481653,23.786212774169314,0.0,-0.15178544816529893,0.2934647452234895,0,5.55674,0.18522
617.7718169689178,31.0,31.154712722297916,23.786603335831956,0.0,-0.15471272229791566,0.2895969271660416,0,5.55674,0.18522
617.8141007423401,31.0,31.157640101432378,23.78738742050126,0.0,-0.15764010143237783,0.28565592463023215,0,5.55674,0.18522
617.8532631397247,31.0,31.15805740377067,23.78738742050126,0.0,-0.15805740377066968,0.2817044895359654,0,5.55674,0.18522
617.8961951732635,31.0,31.15931248502983,23.788168549737293,0.0,-0.15931248502982953,0.27772167741021964,0,5.55674,0.18522
617.9411215782166,31.0,31.162657355077272,23.788562074455058,0.0,-0.16265735507727186,0.27365524353328785,0,5.55674,0.18522
617.979083776474,31.0,31.166002362296865,23.788562074455058,0.0,-0.16600236229686516,0.26950518447586624,0,5.55674,0.18522
618.0061271190643,31.0,31.16641970741796,23.788952641186313,0.0,-0.1664197074179583,0.2653446917904173,0,5.55674,0.18522
618.0361835956573,31.0,31.167257565814054,23.788952641186313,0.0,-0.1672575658140545,0.26116325264506596,0,5.55674,0.18522
618.0677080154419,31.0,31.168092271041075,23.788952641186313,0.0,-0.1680922710410755,0.25696094586903906,0,5.55674,0.18522
618.1062109470367,31.0,31.168930146624064,23.789733777177503,0.0,-0.16893014662406358,0.25273769220343745,0,5.55674,0.18522
618.1393337249756,31.0,31.172692788422296,23.790127305298768,0.0,-0.17269278842229596,0.24842037249288004,0,5.55674,0.18522
618.1725430488586,31.0,31.17227541118831,23.790517875408227,0.0,-0.17227541118830914,0.2441134872131723,0,5.55674,0.18522
618.2031924724579,31.0,31.17520342081832,23.790127305298768,0.0,-0.1752034208183204,0.2397334016927143,0,5.55674,0.18522
618.2395939826965,31.0,31.173113329766522,23.791299018156565,0.0,-0.17311332976652238,0.23540556844855123,0,5.55674,0.18522
618.2917325496674,31.0,31.176041369499785,23.791299018156565,0.0,-0.1760413694997851,0.2310045342110566,0,5.55674,0.18522
618.3344740867615,31.0,31.178548942876716,23.791299018156565,0.0,-0.1785489428767164,0.2265408106391387,0,5.55674,0.18522
618.3783729076385,31.0,31.176876164678447,23.79169254968241,0.0,-0.1768761646784469,0.22211890652217753,0,5.55674,0.18522
618.4153552055359,31.0,31.178548942876716,23.792473697503112,0.0,-0.1785489428767164,0.21765518295025962,0,5.55674,0.18522
618.4588310718536,31.0,31.178548942876716,23.79286723158458,0.0,-0.1785489428767164,0.21319145937834172,0,5.55674,0.18522
618.5118758678436,31.0,31.179804339621228,23.793648384478786,0.0,-0.17980433962122788,0.20869635088781102,0,5.55674,0.18522
618.5562996864319,31.0,31.180221755418472,23.79403896219128,0.0,-0.18022175541847218,0.2041908070023492,0,5.55674,0.18522
618.6133222579956,31.0,31.179804339621228,23.79443249967909,0.0,-0.17980433962122788,0.1996956985118185,0,5.55674,0.18522
618.6745040416718,31.0,31.180642335619666,23.795604240429384,0.0,-0.18064233561966603,0.19517964012132685,0,5.55674,0.18522
618.7729725837708,31.0,31.17771413056073,23.79638836411283,0.0,-0.17771413056073015,0.1907367868573086,0,5.55674,0.18522
618.8316442966461,31.0,31.179386925962547,23.797563076525023,0.0,-0.17938692596254668,0.18625211370824493,0,5.55674,0.18522
618.9177942276001,31.0,31.17729356547477,23.797953662696216,0.0,-0.17729356547476982,0.1818197745713757,0,5.55674,0.18522
618.9508991241455,31.0,31.178548942876716,23.79834424971176,0.0,-0.1785489428767164,0.17735605099945778,0,5.55674,0.18522
618.9860808849335,31.0,31.178548942876716,23.79990956523943,0.0,-0.1785489428767164,0.17289232742753988,0,5.55674,0.18522
619.0187766551971,31.0,31.178131535649584,23.799518974839657,0.0,-0.17813153564958384,0.16843903903630028,0,5.55674,0.18522
619.0493133068085,31.0,31.176041369499785,23.79873779657379,0.0,-0.1760413694997851,0.16403800479880565,0,5.55674,0.18522
619.1093623638153,31.0,31.174786030727546,23.80108430054713,0.0,-0.17478603072754595,0.159668354030617,0,5.55674,0.18522
619.1594884395599,31.0,31.172692788422296,23.80108430054713,0.0,-0.17269278842229596,0.1553510343200596,0,5.55674,0.18522
619.1957240104675,31.0,31.172692788422296,23.801868448015398,0.0,-0.17269278842229596,0.15103371460950218,0,5.55674,0.18522
619.2418246269226,31.0,31.16851278865363,23.801868448015398,0.0,-0.1685127886536293,0.14682089489316144,0,5.55674,0.18522
619.2741713523865,31.0,31.171440663131705,23.803043196066596,0.0,-0.1714406631317047,0.14253487831486883,0,5.55674,0.18522
619.3126094341278,31.0,31.16851278865363,23.8034337940893,0.0,-0.1685127886536293,0.13832205859852809,0,5.55674,0.18522
619.3588840961456,31.0,31.168092271041075,23.8049991537373,0.0,-0.1680922710410755,0.1341197518225012,0,5.55674,0.18522
619.3953127861023,31.0,31.163912507111547,23.804214992670325,0.0,-0.16391250711154726,0.1300219391447125,0,5.55674,0.18522
619.4253087043762,31.0,31.164329841537892,23.805389755992906,0.0,-0.1643298415378922,0.12591369310626518,0,5.55674,0.18522
619.4606111049652,31.0,31.164747178099788,23.80617392216476,0.0,-0.16474717809978756,0.12179501365377049,0,5.55674,0.18522
619.5028517246246,31.0,31.164747178099788,23.80617392216476,0.0,-0.16474717809978756,0.1176763342012758,0,5.55674,0.18522
619.559553861618,31.0,31.15931248502983,23.80773930558354,0.0,-0.15931248502982953,0.11369352207553006,0,5.55674,0.18522
619.5915002822876,31.0,31.15931248502983,23.808914091854945,0.0,-0.15931248502982953,0.10971070994978432,0,5.55674,0.18522
619.6292967796326,31.0,31.15805740377067,23.808914091854945,0.0,-0.15805740377066968,0.10575927485551759,0,5.55674,0.18522
619.6823446750641,31.0,31.155547299167893,23.808914091854945,0.0,-0.15554729916789256,0.10187059237632028,0,5.55674,0.18522
619.7181358337402,31.0,31.15429543706341,23.809304702587553,0.0,-0.15429543706341065,0.098013206449735,0,5.55674,0.18522
619.7661502361298,31.0,31.150947748646274,23.808914091854945,0.0,-0.15094774864627425,0.09423951273357815,0,5.55674,0.18522
619.8007485866547,31.0,31.149275536445998,23.808129913771722,0.0,-0.1492755364459981,0.0905076243224282,0,5.55674,0.18522
619.8489534854889,31.0,31.146768862839735,23.80773930558354,0.0,-0.14676886283973545,0.08683840275143481,0,5.55674,0.18522
619.8961927890778,31.0,31.142169806831816,23.806564526963427,0.0,-0.14216980683181646,0.0832841575806394,0,5.55674,0.18522
619.9292707443237,31.0,31.14133220595255,23.80617392216476,0.0,-0.14133220595255125,0.07975085243182561,0,5.55674,0.18522
619.9606974124908,31.0,31.137988209540765,23.805780359094058,0.0,-0.13798820954076518,0.07630114719330648,0,5.55674,0.18522
619.9914979934692,31.0,31.135061534824104,23.804608552327124,0.0,-0.13506153482410355,0.07292460882270389,0,5.55674,0.18522
620.0224485397339,31.0,31.13547872179015,23.8049991537373,0.0,-0.1354787217901503,0.06953764077795013,0,5.55674,0.18522
620.0558090209961,31.0,31.133389647822185,23.8034337940893,0.0,-0.13338964782218454,0.06620289958239552,0,5.55674,0.18522
620.0879402160645,31.0,31.132972471520304,23.80382439295721,0.0,-0.13297247152030423,0.06287858779438792,0,5.55674,0.18522
620.1208193302155,31.0,31.129628817176297,23.802649639822732,0.0,-0.1296288171762967,0.0596378673649805,0,5.55674,0.18522
620.1627142429352,31.0,31.125864999391865,23.802259043496576,0.0,-0.12586499939186524,0.05649124238018387,0,5.55674,0.18522
620.2079589366913,31.0,31.12335904382809,23.80147489433216,0.0,-0.12335904382808849,0.053407266284481655,0,5.55674,0.18522
620.236403465271,31.0,31.12168739611593,23.80108430054713,0.0,-0.12168739611593082,0.05036508138158338,0,5.55674,0.18522
620.2718417644501,31.0,31.117506846376727,23.800693707607024,0.0,-0.11750684637672748,0.04742741022216519,0,5.55674,0.18522
620.3146142959595,31.0,31.113743586337193,23.800693707607024,0.0,-0.11374358633719339,0.04458382056373536,0,5.55674,0.18522
620.3571650981903,31.0,31.111655067486367,23.800303115511554,0.0,-0.11165506748636744,0.04179244387657617,0,5.55674,0.18522
620.3960134983063,31.0,31.10914638760852,23.80108430054713,0.0,-0.10914638760851858,0.03906378418636321,0,5.55674,0.18522
620.4344885349274,31.0,31.109983658868828,23.800693707607024,0.0,-0.10998365886882766,0.036314192714642514,0,5.55674,0.18522
620.4732327461243,31.0,31.104132417762173,23.80147489433216,0.0,-0.10413241776217319,0.03371088227058818,0,5.55674,0.18522
620.524765253067,31.0,31.099535758619766,23.80108430054713,0.0,-0.0995357586197656,0.03122248830509404,0,5.55674,0.18522
620.5660121440887,31.0,31.09744760211288,23.800693707607024,0.0,-0.0974476021128794,0.028786298252272056,0,5.55674,0.18522
620.6097252368927,31.0,31.09243434830006,23.80147489433216,0.0,-0.09243434830005981,0.026475439544770562,0,5.55674,0.18522
620.6371781826019,31.0,31.093688422726302,23.801868448015398,0.0,-0.09368842272630218,0.02413322897661301,0,5.55674,0.18522
620.6792273521423,31.0,31.087001300375903,23.802649639822732,0.0,-0.0870013003759027,0.021958196467215443,0,5.55674,0.18522
620.7245395183563,31.0,31.084076448084318,23.802259043496576,0.0,-0.08407644808431769,0.0198562852651075,0,5.55674,0.18522
620.7632303237915,31.0,31.080734789883934,23.8034337940893,0.0,-0.0807347898839339,0.017837915518009152,0,5.55674,0.18522
620.792991399765,31.0,31.078647112222143,23.803043196066596,0.0,-0.07864711222214282,0.01587173771245558,0,5.55674,0.18522
620.8249914646149,31.0,31.07321497754947,23.804608552327124,0.0,-0.07321497754946904,0.014041363273718854,0,5.55674,0.18522
620.8572378158569,31.0,31.07154435261873,23.804214992670325,0.0,-0.07154435261873004,0.012252754458250604,0,5.55674,0.18522
620.8888213634491,31.0,31.0707106319137,23.804214992670325,0.0,-0.07071063191369831,0.010484988660408145,0,5.55674,0.18522
620.9211947917938,31.0,31.0682032047647,23.8049991537373,0.0,-0.06820320476469988,0.008779908541290649,0,5.55674,0.18522
620.9546349048615,31.0,31.063191737923205,23.80382439295721,0.019417539682190288,-0.06319173792320498,0.007200115093210524,0,5.55674,0.18522
620.9867396354675,31.0,31.061938129579858,23.8049991537373,0.02603643574613096,-0.06193812957985756,0.005651661853714085,0,5.55674,0.18522
621.0191717147827,31.0,31.06110450641296,23.8049991537373,0.030385718525613004,-0.061104506412959836,0.004124049193390089,0,5.55674,0.18522
621.0517115592957,31.0,31.054836815267322,23.8049991537373,0.06495972674912942,-0.05483681526732198,0.0027531288117070393,0,5.55674,0.18522
621.0833058357239,31.0,31.05274979601552,23.804214992670325,0.07635272619682576,-0.05274979601551877,0.0014343839113190701,0,5.55674,0.18522
621.1152892112732,31.0,31.0481560144824,23.805389755992906,0.10159591418479524,-0.04815601448240159,0.00023048354925903026,0,5.55674,0.18522
621.1540832519531,31.0,31.046485899125116,23.80617392216476,0.11062082375653387,-0.04648589912511625,-0.000931663928868876,0,5.55674,0.18522
621.2000720500946,31.0,31.04230918067975,23.805780359094058,0.1336540426264908,-0.042309180679751535,-0.0019893934458626644,0,5.55674,0.18522
621.2312326431274,31.0,31.039389076472617,23.80617392216476,0.14967771828284088,-0.03938907647261658,-0.0029741203576780792,0,5.55674,0.18522
621.2619347572327,31.0,31.035629397655498,23.80617392216476,0.17040429402723262,-0.035629397655497996,-0.0038648552990655292,0,5.55674,0.18522
621.302102804184,31.0,31.03187304715152,23.80695513260781,0.19108968635266982,-0.03187304715152095,-0.004661681477853553,0,5.55674,0.18522
621.3424601554871,31.0,31.02895015688307,23.808129913771722,0.20713709782282147,-0.02895015688307012,-0.005385435399930306,0,5.55674,0.18522
621.3937032222748,31.0,31.023104687663476,23.808129913771722,0.23951186419788098,-0.023104687663476398,-0.005963052591517216,0,5.55674,0.18522
621.4260098934174,31.0,31.018929155679643,23.808914091854945,0.2625863234443937,-0.018929155679643372,-0.0064362814835083005,0,5.55674,0.18522
621.4672589302063,31.0,31.01559014484303,23.808914091854945,0.28106814835493354,-0.01559014484303134,-0.006826035104584084,0,5.55674,0.18522
621.5171852111816,31.0,31.01183470832666,23.809304702587553,0.3018612904486456,-0.011834708326659893,-0.0071219028127505815,0,5.55674,0.18522
621.5526103973389,31.0,31.00640698483261,23.809304702587553,0.33199207115371343,-0.006406984832608487,-0.007282077433565794,0,5.55674,0.18522
621.593193769455,31.0,31.00473771614702,23.81047949905684,0.34118554835104825,-0.004737716147019455,-0.007400520337241281,0,5.55674,0.18522
621.633791923523,31.0,30.998477470692478,23.81087011318067,0.37595911297871326,0.001522529307521836,-0.007362457104553235,0,5.55674,0.18522
621.6747152805328,31.0,30.995139288063285,23.81165134396747,0.3944909497752763,0.004860711936714779,-0.007240939306135365,0,5.55674,0.18522
621.7151951789856,31.0,30.990965172209087,23.812826155729738,0.41766698440835465,0.009034827790912914,-0.007015068611362542,0,5.55674,0.18522
621.7772400379181,31.0,30.984705971566257,23.814391596906887,0.45243823376247394,0.015294028433743279,-0.00663271790051896,0,5.55674,0.18522
621.8329434394836,31.0,30.97886679232721,23.814391596906887,0.4849828919253828,0.021133207672789922,-0.006104387708699212,0,5.55674,0.18522
621.8728725910187,31.0,30.976778542108264,23.815957051686325,0.496613961485284,0.023221457891736463,-0.0055238512614058,0,5.55674,0.18522
621.9279758930206,31.0,30.97052041646782,23.817131891525776,0.5314649646588453,0.029479583532179277,-0.0047868616731013185,0,5.55674,0.18522
621.9576494693756,31.0,30.967183363756817,23.817131891525776,0.5501600563743121,0.032816636243182984,-0.003966445767021744,0,5.55674,0.18522
621.9922986030579,31.0,30.96467908564489,23.8190909614043,0.5641387155549241,0.0353209143551112,-0.003083422908143964,0,5.55674,0.18522
622.0261919498444,31.0,30.959673910705646,23.8190909614043,0.5921379013032873,0.04032608929435355,-0.002075270675785125,0,5.55674,0.18522
622.076746225357,31.0,30.956337295677542,23.819872227845735,0.6108406981445365,0.04366270432245756,-0.000983703067723686,0,5.55674,0.18522
622.1074421405792,31.0,30.95174888135557,23.82026286233821,0.636540707532453,0.04825111864442988,0.00022257489838706105,0,5.55674,0.18522
622.1439762115479,31.0,30.94882882711994,23.82026286233821,0.6530036378217725,0.05117117288006057,0.0015018542203885754,0,5.55674,0.18522
622.1986808776855,31.0,30.94257281575989,23.82222196629499,0.6879320645457622,0.05742718424011173,0.0029375338263913685,0,5.55674,0.18522
622.2361104488373,31.0,30.939236890017014,23.823396847027084,0.7066900189316041,0.06076310998298595,0.004456611575966017,0,5.55674,0.18522
622.2777314186096,31.0,30.93339776683365,23.824962380129932,0.7393645849890648,0.06660223316634983,0.006121667405124763,0,5.55674,0.18522
622.327303647995,31.0,30.929226766100612,23.825743672069393,0.762829380251293,0.07077323389938783,0.00789099825260946,0,5.55674,0.18522
622.3581774234772,31.0,30.925475251613534,23.82613431931219,0.7840006142389817,0.07452474838646594,0.009754116962271108,0,5.55674,0.18522
622.3910818099976,31.0,30.921304649470756,23.827309225605063,0.8074796822915956,0.07869535052924448,0.01172150072550222,0,5.55674,0.18522
622.424637556076,31.0,30.91922100316293,23.828093487228045,0.8193917710407421,0.08077899683706846,0.013740975646428932,0,5.55674,0.18522
622.4607307910919,31.0,30.915050715495966,23.828093487228045,0.8429583329931749,0.0849492845040345,0.015864707759029796,0,5.55674,0.18522
622.5154500007629,31.0,30.90963249154379,23.827702835727735,0.8735044851941859,0.090367508456211,0.01812389547043507,0,5.55674,0.18522
622.546377658844,31.0,30.909216447086123,23.828093487228045,0.8762166656265546,0.09078355291387652,0.020393484293281982,0,5.55674,0.18522
622.5803833007812,31.0,30.90379545232156,23.827702835727735,0.9068052429217055,0.09620454767843967,0.022798597985242974,0,5.55674,0.18522
622.6326410770416,31.0,30.898793953036375,23.828093487228045,0.9350458649710459,0.10120604696362534,0.025328749159333606,0,5.55674,0.18522
622.6662073135376,31.0,30.897126853534417,23.82848413957754,0.9447658138296079,0.10287314646558343,0.02790057782097319,0,5.55674,0.18522
622.7139866352081,31.0,30.892957675517835,23.826918575809202,0.9685088380795221,0.10704232448216544,0.030576635933027327,0,5.55674,0.18522
622.7596235275269,31.0,30.888788706668038,23.82613431931219,0.9922299168569557,0.11121129333196222,0.033356918266326384,0,5.55674,0.18522
622.8103260993958,31.0,30.884623097814085,23.825743672069393,1.0,0.11537690218591479,0.03624134082097425,0,5.55674,0.18522
622.8639552593231,31.0,30.880870447352606,23.823787489171934,1.0,0.11912955264739367,0.039219579637159094,0,5.55674,0.18522
622.9092547893524,31.0,30.875454451897156,23.824178132165173,1.0,0.12454554810284435,0.0423332183397302,0,5.55674,0.18522
622.9617564678192,31.0,30.868369135589376,23.821828368168497,1.0,0.13163086441062433,0.04562398994999581,0,5.55674,0.18522
623.0089950561523,31.0,30.869203968099725,23.8206564570404,1.0,0.13079603190027456,0.04889389074750267,0,5.55674,0.18522
623.0491473674774,31.0,30.865870988693075,23.82026286233821,1.0,0.1341290113069249,0.052247116030175796,0,5.55674,0.18522
623.0982475280762,31.0,30.862534992636938,23.8190909614043,1.0,0.1374650073630619,0.05568374121425234,0,5.55674,0.18522
623.1623861789703,31.0,30.85545392546976,23.8190909614043,1.0,0.14454607453023982,0.05929739307750834,0,5.55674,0.18522
623.2159006595612,31.0,30.85545392546976,23.818697370125335,1.0,0.14454607453023982,0.06291104494076433,0,5.55674,0.18522
623.2713871002197,31.0,30.85128683496532,23.81674126382694,1.0,0.14871316503467824,0.06662887406663129,0,5.55674,0.18522
623.3238801956177,31.0,30.84753883630748,23.817525479382482,1.0,0.1524611636925215,0.07044040315894433,0,5.55674,0.18522
623.3756012916565,31.0,30.846288491049734,23.81674126382694,1.0,0.1537115089502663,0.07428319088270098,0,5.55674,0.18522
623.4245157241821,31.0,30.842956428256116,23.817131891525776,1.0,0.15704357174388406,0.07820928017629808,0,5.55674,0.18522
623.4609205722809,31.0,30.840040195221775,23.817131891525776,1.0,0.15995980477822513,0.08220827529575371,0,5.55674,0.18522
623.5120620727539,31.0,30.837124064148327,23.81674126382694,1.0,0.16287593585167315,0.08628017369204553,0,5.55674,0.18522
623.5538296699524,31.0,30.83587387502712,23.817131891525776,1.0,0.16412612497288137,0.09038332681636757,0,5.55674,0.18522
623.6037263870239,31.0,30.834208035007805,23.817525479382482,1.0,0.16579196499219506,0.09452812594117245,0,5.55674,0.18522
623.6405873298645,31.0,30.835042525377958,23.818306739030163,1.0,0.16495747462204235,0.0986520628067235,0,5.55674,0.18522
623.6770272254944,31.0,30.83046080376846,23.818697370125335,1.0,0.1695391962315398,0.102890542712512,0,5.55674,0.18522
623.7282104492188,31.0,30.828795071799902,23.818697370125335,1.0,0.17120492820009758,0.10717066591751444,0,5.55674,0.18522
623.7579646110535,31.0,30.829626359213023,23.8190909614043,1.0,0.17037364078697692,0.11143000693718887,0,5.55674,0.18522
623.7923111915588,31.0,30.82671059204131,23.8190909614043,1.0,0.1732894079586913,0.11576224213615614,0,5.55674,0.18522
623.8294358253479,31.0,30.826294961817723,23.819481594201136,1.0,0.1737050381822769,0.12010486809071307,0,5.55674,0.18522
623.8811414241791,31.0,30.824629312971183,23.82026286233821,1.0,0.17537068702881697,0.12448913526643349,0,5.55674,0.18522
623.9126579761505,31.0,30.822963697351724,23.82222196629499,1.0,0.17703630264827552,0.12891504283264038,0,5.55674,0.18522
623.9560077190399,31.0,30.825460558903444,23.821828368168497,1.0,0.17453944109655595,0.13327852886005429,0,5.55674,0.18522
624.0003082752228,31.0,30.822963697351724,23.82222196629499,1.0,0.17703630264827552,0.13770443642626118,0,5.55674,0.18522
624.0453462600708,31.0,30.822963697351724,23.822612605888423,1.0,0.17703630264827552,0.14213034399246807,0,5.55674,0.18522
624.0758066177368,31.0,30.82171372030598,23.823787489171934,1.0,0.17828627969402078,0.1465875009848186,0,5.55674,0.18522
624.1123218536377,31.0,30.822963697351724,23.823787489171934,1.0,0.17703630264827552,0.1510134085510255,0,5.55674,0.18522
624.1450793743134,31.0,30.82212932772609,23.82456877600697,1.0,0.17787067227391162,0.1554601753578733,0,5.55674,0.18522
624.1784706115723,31.0,30.821298114954118,23.824962380129932,1.0,0.17870188504588214,0.15992772248402035,0,5.55674,0.18522
624.2112066745758,31.0,30.822548085779147,23.824178132165173,1.0,0.17745191422085327,0.16436402033954167,0,5.55674,0.18522
624.2428405284882,31.0,30.82212932772609,23.82456877600697,1.0,0.17787067227391162,0.16881078714638947,0,5.55674,0.18522
624.2781536579132,31.0,30.822548085779147,23.825743672069393,1.0,0.17745191422085327,0.1732470850019108,0,5.55674,0.18522
624.331939458847,31.0,30.822548085779147,23.824962380129932,1.0,0.17745191422085327,0.17768338285743213,0,5.55674,0.18522
624.3619837760925,31.0,30.82212932772609,23.82613431931219,1.0,0.17787067227391162,0.18213014966427993,0,5.55674,0.18522
624.3950207233429,31.0,30.822548085779147,23.826918575809202,1.0,0.17745191422085327,0.18656644751980125,0,5.55674,0.18522
624.4311394691467,31.0,30.824213693108334,23.82613431931219,1.0,0.1757863068916663,0.19096110519209292,0,5.55674,0.18522
624.4661273956299,31.0,30.825460558903444,23.82613431931219,1.0,0.17453944109655595,0.19532459121950682,0,5.55674,0.18522
624.51620054245,31.0,30.825044934902905,23.827702835727735,1.0,0.17495506509709458,0.19969846784693418,0,5.55674,0.18522
624.5452365875244,31.0,30.825460558903444,23.828093487228045,1.0,0.17453944109655595,0.20406195387434808,0,5.55674,0.18522
624.5769348144531,31.0,30.826294961817723,23.827702835727735,1.0,0.1737050381822769,0.208404579828905,0,5.55674,0.18522
624.6092488765717,31.0,30.82837628241333,23.82887479277622,1.0,0.1716237175866695,0.21269517276857175,0,5.55674,0.18522
624.6438376903534,31.0,30.827960643896574,23.82848413957754,1.0,0.1720393561034257,0.2169961566711574,0,5.55674,0.18522
624.6781485080719,31.0,30.830042006024257,23.829268406327742,1.0,0.16995799397574274,0.22124510652055096,0,5.55674,0.18522
624.7125384807587,31.0,30.83046080376846,23.829268406327742,1.0,0.1695391962315398,0.22548358642633945,0,5.55674,0.18522
624.75723695755,31.0,30.83129210777213,23.829268406327742,1.0,0.16870789222787153,0.22970128373203624,0,5.55674,0.18522
624.7955105304718,31.0,30.83462370463951,23.830049716984433,1.0,0.16537629536048826,0.23383569111604846,0,5.55674,0.18522
624.8345606327057,31.0,30.836289552958192,23.830833990568294,1.0,0.16371044704180804,0.23792845229209367,0,5.55674,0.18522
624.8755025863647,31.0,30.837958583686543,23.831224648876287,1.0,0.16204141631345692,0.24197948769993008,0,5.55674,0.18522
624.9235155582428,31.0,30.83920565485795,23.83279025016668,1.0,0.16079434514205104,0.24599934632848136,0,5.55674,0.18522
624.9561598300934,31.0,30.840040195221775,23.832399588453427,1.0,0.15995980477822513,0.24999834144793698,0,5.55674,0.18522
624.992826461792,31.0,30.84170615171348,23.83318091272986,1.0,0.15829384828651882,0.25395568765509996,0,5.55674,0.18522
625.0282173156738,31.0,30.842121858710527,23.83318091272986,1.0,0.15787814128947275,0.2579026411873368,0,5.55674,0.18522
625.0736424922943,31.0,30.846288491049734,23.83357453571756,1.0,0.1537115089502663,0.2617454289110935,0,5.55674,0.18522
625.1072289943695,31.0,30.84753883630748,23.835140157496767,1.0,0.1524611636925215,0.2655569580034065,0,5.55674,0.18522
625.1431701183319,31.0,30.849620687023105,23.835140157496767,1.0,0.1503793129768951,0.2693164408278289,0,5.55674,0.18522
625.1805069446564,31.0,30.84878920031946,23.83592149370037,1.0,0.15121079968054119,0.27309671081984244,0,5.55674,0.18522
625.2145256996155,31.0,30.85212149626807,23.836312163077707,1.0,0.14787850373193123,0.2767936734131407,0,5.55674,0.18522
625.2462048530579,31.0,30.8537876942097,23.836312163077707,1.0,0.14621230579029998,0.28044898105789823,0,5.55674,0.18522
625.2817845344543,31.0,30.85545392546976,23.837487135951676,1.0,0.14454607453023982,0.28406263292115425,0,5.55674,0.18522
625.3288178443909,31.0,30.85795175989267,23.838662116520027,1.0,0.14204824010732864,0.28761383892383746,0,5.55674,0.18522
625.3611364364624,31.0,30.860868619730866,23.838271442026212,1.0,0.1391313802691343,0.29109212343056584,0,5.55674,0.18522
625.3947441577911,31.0,30.86462036827811,23.838662116520027,1.0,0.13537963172188938,0.2944766142236131,0,5.55674,0.18522
625.4305515289307,31.0,30.866286816267177,23.839052791864674,1.0,0.13371318373282293,0.29781944381693365,0,5.55674,0.18522
625.4640657901764,31.0,30.866702645918224,23.840227782688373,1.0,0.13329735408177612,0.30115187766897805,0,5.55674,0.18522
625.5138916969299,31.0,30.870035658624715,23.841402781210434,1.0,0.12996434137528468,0.30440098620336015,0,5.55674,0.18522
625.5439713001251,31.0,30.871702215029472,23.841402781210434,1.0,0.12829778497052757,0.30760843082762335,0,5.55674,0.18522
625.5789387226105,31.0,30.874203687473994,23.841402781210434,1.0,0.1257963125260062,0.3107533386407735,0,5.55674,0.18522
625.6115217208862,31.0,30.877121116836065,23.84257778743256,1.0,0.12287888316393492,0.31382531071987185,0,5.55674,0.18522
625.6579687595367,31.0,30.882121312023685,23.84257778743256,1.0,0.11787868797631518,0.31677227791927975,0,5.55674,0.18522
625.7062163352966,31.0,30.885870867979293,23.84296847130821,1.0,0.1141291320207074,0.31962550621979746,0,5.55674,0.18522
625.7384946346283,31.0,30.888372766600014,23.843752801356402,1.0,0.11162723339998593,0.32241618705479713,0,5.55674,0.18522
625.7815270423889,31.0,30.89212575573447,23.844924863221877,1.0,0.10787424426553116,0.3251130431614354,0,5.55674,0.18522
625.8304514884949,31.0,30.895040662722124,23.844924863221877,1.0,0.10495933727787587,0.32773702659338233,0,5.55674,0.18522
625.8645749092102,31.0,30.89837796288242,23.84649058408928,0.9928961111595898,0.10162203711757911,0.3302775775213218,0,5.55674,0.18522
625.9011461734772,31.0,30.901293089256285,23.846884236289952,0.9771343765329719,0.09870691074371507,0.3327452502899147,0,5.55674,0.18522
625.9488844871521,31.0,30.907129952546768,23.847274929554885,0.9451104337349836,0.09287004745323202,0.3350670014762455,0,5.55674,0.18522
625.9821310043335,31.0,30.90629789080151,23.848840670964023,0.9500875365049695,0.09370210919848887,0.3374095542062077,0,5.55674,0.18522
626.0316190719604,31.0,30.91088378933722,23.8492313684971,0.924997497238177,0.0891162106627803,0.33963745947277724,0,5.55674,0.18522
626.0814831256866,31.0,30.915469941286347,23.85040642606407,0.8998445694127585,0.08453005871365349,0.3417507109406186,0,5.55674,0.18522
626.1245279312134,31.0,30.920472445574603,23.85158149134412,0.8723549153985511,0.07952755442539683,0.3437388998012535,0,5.55674,0.18522
626.173412322998,31.0,30.92672678841575,23.851190788682118,0.8379604962797929,0.07327321158425093,0.34557073009085976,0,5.55674,0.18522
626.2246327400208,31.0,30.930478359544622,23.85158149134412,0.8174158645671558,0.06952164045537756,0.3473087711022442,0,5.55674,0.18522
626.2673096656799,31.0,30.93590109862157,23.851972194859,0.7875598770336769,0.06409890137842922,0.3489112436367049,0,5.55674,0.18522
626.3196640014648,31.0,30.939236890017014,23.853537977352858,0.7692247773987517,0.06076310998298595,0.35043032138627955,0,5.55674,0.18522
626.3579397201538,31.0,30.94257281575989,23.854322353696773,0.750913576896528,0.05742718424011173,0.3518660009922823,0,5.55674,0.18522
626.3946685791016,31.0,30.947996346727393,23.855497444692958,0.7209569363489333,0.0520036532726067,0.3531660923240975,0,5.55674,0.18522
626.4316000938416,31.0,30.950913218162725,23.855497444692958,0.7049759365126651,0.049086781837274884,0.3543932618700294,0,5.55674,0.18522
626.4642932415009,31.0,30.954669038627173,23.856278869679727,0.6842756300845994,0.04533096137282655,0.35552653590435007,0,5.55674,0.18522
626.4960157871246,31.0,30.958841321197212,23.856669583453538,0.6612618790143184,0.04115867880278756,0.3565555028744198,0,5.55674,0.18522
626.5477633476257,31.0,30.96301066033851,23.85706325804358,0.638245025772725,0.03698933966148843,0.357480236365957,0,5.55674,0.18522
626.5807375907898,31.0,30.966767030148503,23.858238367050433,0.6174654477418522,0.03323296985149682,0.35831106061224444,0,5.55674,0.18522
626.6174664497375,31.0,30.970936768981403,23.858238367050433,0.594429870470756,0.02906323101859698,0.3590376413877094,0,5.55674,0.18522
626.6489894390106,31.0,30.97552624818752,23.859410523780184,0.5689805120514301,0.02447375181247935,0.35964948518302137,0,5.55674,0.18522
626.6857481002808,31.0,30.97719492615596,23.860585648218148,0.5597534076199777,0.02280507384404018,0.3602196120291224,0,5.55674,0.18522
626.7370767593384,31.0,30.984705971566257,23.86097637140557,0.5180672527781913,0.015294028433743279,0.360601962739966,0,5.55674,0.18522
626.7662298679352,31.0,30.985958404683572,23.862151506141174,0.5111125329450954,0.014041595316427902,0.36095300262287666,0,5.55674,0.18522
626.8017020225525,31.0,30.989296215957836,23.862935920279256,0.49257450039140394,0.010703784042163988,0.36122059722393074,0,5.55674,0.18522
626.8415851593018,31.0,30.99597539863288,23.863717377789328,0.4554385594645133,0.004024601367120795,0.36132121225810876,0,5.55674,0.18522
626.885443687439,31.0,30.998893964203603,23.864501798804497,0.43918572355540725,0.001106035796397009,0.3613488631530187,0,5.55674,0.18522
626.9268515110016,31.0,31.00432119312336,23.865676956735626,0.40894771881305697,-0.00432119312335999,0.3612408333249347,0,5.55674,0.18522
626.9679901599884,31.0,31.00849598494125,23.866458426241422,0.3856700495473704,-0.00849598494124848,0.3610284337014035,0,5.55674,0.18522
627.0175724029541,31.0,31.013920690168618,23.866458426241422,0.35546191326641147,-0.013920690168617966,0.360680416447188,0,5.55674,0.18522
627.0515925884247,31.0,31.018512560927093,23.867633597052475,0.3298000628437222,-0.018512560927092636,0.3602176024240107,0,5.55674,0.18522
627.0906767845154,31.0,31.024357704165936,23.868024335660948,0.29718728509510456,-0.02435770416593641,0.3596086598198623,0,5.55674,0.18522
627.1401183605194,31.0,31.02978345411435,23.868024335660948,0.2668998910424716,-0.02978345411435157,0.3588640734670035,0,5.55674,0.18522
627.1728913784027,31.0,31.03145323039456,23.867633597052475,0.25749578237030224,-0.03145323039456116,0.3580777427071395,0,5.55674,0.18522
627.2112002372742,31.0,31.036465919222792,23.86684916227722,0.2295129664763636,-0.036465919222791854,0.3571660947265697,0,5.55674,0.18522
627.2656891345978,31.0,31.04230918067975,23.865676956735626,0.19690771309462707,-0.042309180679751535,0.3561083652095759,0,5.55674,0.18522
627.3073453903198,31.0,31.04857275933159,23.864501798804497,0.1619380143247393,-0.04857275933159144,0.3548940462262861,0,5.55674,0.18522
627.360940694809,31.0,31.05191626607268,23.863717377789328,0.14315886576460743,-0.05191626607268063,0.3535961395744691,0,5.55674,0.18522
627.4008345603943,31.0,31.05818057688242,23.862935920279256,0.10812040946023788,-0.058180576882421065,0.3521416251524086,0,5.55674,0.18522
627.4476943016052,31.0,31.06110450641296,23.860585648218148,0.09171053747644531,-0.061104506412959836,0.3506140124920846,0,5.55674,0.18522
627.4785871505737,31.0,31.064025382276895,23.860194925885082,0.07520356751904644,-0.06402538227689547,0.34901337793516224,0,5.55674,0.18522
627.5146837234497,31.0,31.0682032047647,23.859019804016214,0.05173297282822775,-0.06820320476469988,0.3473082978160447,0,5.55674,0.18522
627.5498547554016,31.0,31.07112749120762,23.857453973531335,0.035234457730690116,-0.07112749120761919,0.34553011053585425,0,5.55674,0.18522
627.5834703445435,31.0,31.074051881840887,23.856278869679727,0.018701774739610044,-0.07405188184088729,0.3436788134898321,0,5.55674,0.18522
627.6216201782227,31.0,31.084076448084318,23.855888156759534,0.0,-0.08407644808431769,0.34157690228772414,0,5.55674,0.18522
627.6696515083313,31.0,31.086584360411678,23.853537977352858,0.0,-0.08658436041167761,0.3394122932774322,0,5.55674,0.18522
627.7062089443207,31.0,31.0890923494523,23.851972194859,0.0,-0.08909234945230082,0.3371849845411247,0,5.55674,0.18522
627.7417848110199,31.0,31.093688422726302,23.851190788682118,0.0,-0.09368842272630218,0.3348427739729672,0,5.55674,0.18522
627.7783298492432,31.0,31.095359498825417,23.85001572596684,0.0,-0.09535949882541672,0.3324587865023318,0,5.55674,0.18522
627.8315351009369,31.0,31.102044144071556,23.848059278455196,0.0,-0.10204414407155582,0.3299076829005429,0,5.55674,0.18522
627.8625972270966,31.0,31.104132417762173,23.84766562367213,0.0,-0.10413241776217319,0.3273043724564886,0,5.55674,0.18522
627.902174949646,31.0,31.107895235948263,23.84649058408928,0.0,-0.10789523594826278,0.324606991557782,0,5.55674,0.18522
627.9488790035248,31.0,31.111655067486367,23.844924863221877,0.0,-0.11165506748636744,0.3218156148706228,0,5.55674,0.18522
627.9835839271545,31.0,31.114580904625655,23.843752801356402,0.0,-0.11458090462565451,0.31895109225498147,0,5.55674,0.18522
628.0261371135712,31.0,31.12168739611593,23.84218414469177,0.0,-0.12168739611593082,0.3159089073520832,0,5.55674,0.18522
628.0864772796631,31.0,31.125447861486293,23.841402781210434,0.0,-0.12544786148629328,0.31277271081492586,0,5.55674,0.18522
628.284261226654,31.0,31.140077401083943,23.836312163077707,0.0,-0.14007740108394273,0.3092707757878273,0,5.55674,0.18522
628.3246424198151,31.0,31.14133220595255,23.835140157496767,0.0,-0.14133220595255125,0.3057374706390135,0,5.55674,0.18522
628.3628361225128,31.0,31.14509673622348,23.834746531076462,0.0,-0.14509673622347918,0.3021100522334265,0,5.55674,0.18522
628.3968961238861,31.0,31.146348457273632,23.834355865106716,0.0,-0.146348457273632,0.2984513408015857,0,5.55674,0.18522
628.4343066215515,31.0,31.14885827900605,23.83318091272986,0.0,-0.1488582790060491,0.29472988382643445,0,5.55674,0.18522
628.4828808307648,31.0,31.15220272056729,23.83279025016668,0.0,-0.15220272056728845,0.2909248158122522,0,5.55674,0.18522
628.5129191875458,31.0,31.15513000966604,23.83200596804113,0.0,-0.1551300096660384,0.28704656557060126,0,5.55674,0.18522
628.5471465587616,31.0,31.15429543706341,23.83200596804113,0.0,-0.15429543706341065,0.283189179644016,0,5.55674,0.18522
628.584409236908,31.0,31.158474708243318,23.83161530803386,0.0,-0.15847470824331822,0.27922731193793304,0,5.55674,0.18522
628.6210219860077,31.0,31.158474708243318,23.83161530803386,0.0,-0.15847470824331822,0.27526544423185006,0,5.55674,0.18522
628.6671998500824,31.0,31.16140222235714,23.830049716984433,0.0,-0.16140222235713964,0.2712303886729216,0,5.55674,0.18522
628.6971793174744,31.0,31.163912507111547,23.831224648876287,0.0,-0.16391250711154726,0.2671325759951329,0,5.55674,0.18522
628.7299342155457,31.0,31.163912507111547,23.830833990568294,0.0,-0.16391250711154726,0.2630347633173442,0,5.55674,0.18522
628.7644863128662,31.0,31.163492013220605,23.831224648876287,0.0,-0.1634920132206048,0.2589474629868291,0,5.55674,0.18522
628.7982046604156,31.0,31.16516767846224,23.830440373586953,0.0,-0.16516767846223956,0.2548182710252731,0,5.55674,0.18522
628.8340859413147,31.0,31.164329841537892,23.830833990568294,0.0,-0.1643298415378922,0.2507100249868258,0,5.55674,0.18522
628.8661413192749,31.0,31.16641970741796,23.831224648876287,0.0,-0.1664197074179583,0.24654953230137686,0,5.55674,0.18522
628.900812625885,31.0,31.169347506731015,23.830833990568294,0.0,-0.16934750673101462,0.2423158446331015,0,5.55674,0.18522
628.9326162338257,31.0,31.170185395214105,23.83161530803386,0.0,-0.17018539521410503,0.23806120975274886,0,5.55674,0.18522
628.967170715332,31.0,31.169768030817806,23.830833990568294,0.0,-0.16976803081780645,0.2338170089823037,0,5.55674,0.18522
629.016366481781,31.0,31.17227541118831,23.83200596804113,0.0,-0.17227541118830914,0.22951012370259596,0,5.55674,0.18522
629.0461914539337,31.0,31.17185803609152,23.83200596804113,0.0,-0.17185803609152117,0.22521367280030793,0,5.55674,0.18522
629.0813024044037,31.0,31.170185395214105,23.83200596804113,0.0,-0.17018539521410503,0.2209590379199553,0,5.55674,0.18522
629.117888212204,31.0,31.17227541118831,23.830833990568294,0.0,-0.17227541118830914,0.21665215264024756,0,5.55674,0.18522
629.151656627655,31.0,31.174365480752613,23.83200596804113,0.0,-0.1743654807526127,0.21229301562143224,0,5.55674,0.18522
629.2005848884583,31.0,31.17394809495312,23.83200596804113,0.0,-0.17394809495311847,0.2079443132476043,0,5.55674,0.18522
629.2320387363434,31.0,31.173113329766522,23.83318091272986,0.0,-0.17311332976652238,0.20361648000344124,0,5.55674,0.18522
629.2679257392883,31.0,31.17520342081832,23.83318091272986,0.0,-0.1752034208183204,0.19923639448298322,0,5.55674,0.18522
629.452642917633,31.0,31.17394809495312,23.834355865106716,0.0,-0.17394809495311847,0.19488769210915527,0,5.55674,0.18522
629.4900996685028,31.0,31.178131535649584,23.834746531076462,0.0,-0.17813153564958384,0.19043440371791567,0,5.55674,0.18522
629.5236382484436,31.0,31.17227541118831,23.835140157496767,0.0,-0.17227541118830914,0.18612751843820793,0,5.55674,0.18522
629.5589318275452,31.0,31.173113329766522,23.835530825173407,0.0,-0.17311332976652238,0.18179968519404488,0,5.55674,0.18522
629.6065123081207,31.0,31.173530711291164,23.83592149370037,0.0,-0.17353071129116415,0.17746141741176577,0,5.55674,0.18522
629.6360096931458,31.0,31.17060276174709,23.83592149370037,0.0,-0.17060276174709088,0.1731963483680885,0,5.55674,0.18522
629.667769908905,31.0,31.172692788422296,23.836705792931696,0.0,-0.17269278842229596,0.1688790286575311,0,5.55674,0.18522
629.7041475772858,31.0,31.171020130416878,23.837487135951676,0.0,-0.1710201304168777,0.16460352539710915,0,5.55674,0.18522
629.7370405197144,31.0,31.170185395214105,23.837880768383172,0.0,-0.17018539521410503,0.16034889051675652,0,5.55674,0.18522
629.7710046768188,31.0,31.169347506731015,23.837880768383172,0.0,-0.16934750673101462,0.15611520284848115,0,5.55674,0.18522
629.8046746253967,31.0,31.169768030817806,23.838271442026212,0.0,-0.16976803081780645,0.151871002078036,0,5.55674,0.18522
629.8387598991394,31.0,31.168092271041075,23.83944642773156,0.0,-0.1680922710410755,0.1476686953020091,0,5.55674,0.18522
629.8896780014038,31.0,31.16516767846224,23.839837104784465,0.0,-0.16516767846223956,0.14353950334045312,0,5.55674,0.18522
629.9198086261749,31.0,31.16516767846224,23.84061846144334,0.0,-0.16516767846223956,0.13941031137889714,0,5.55674,0.18522
629.9522287845612,31.0,31.163912507111547,23.841012100746696,0.0,-0.16391250711154726,0.13531249870110845,0,5.55674,0.18522
629.9852831363678,31.0,31.16140222235714,23.84218414469177,0.0,-0.16140222235713964,0.13127744314217996,0,5.55674,0.18522
630.0217435359955,31.0,31.163074683081277,23.84218414469177,0.0,-0.16307468308127682,0.12720057606514804,0,5.55674,0.18522
630.057968378067,31.0,31.16140222235714,23.84257778743256,0.0,-0.16140222235713964,0.12316552050621954,0,5.55674,0.18522
630.1072700023651,31.0,31.158895176272154,23.843359156035262,0.0,-0.15889517627215355,0.1191931410994157,0,5.55674,0.18522
630.1456625461578,31.0,31.15931248502983,23.843752801356402,0.0,-0.15931248502982953,0.11521032897366996,0,5.55674,0.18522
630.2117259502411,31.0,31.15513000966604,23.846099892534994,0.0,-0.1551300096660384,0.111332078732019,0,5.55674,0.18522
630.2701048851013,31.0,31.15136817789636,23.84570920183262,0.0,-0.1513681778963587,0.10754787428461003,0,5.55674,0.18522
630.3203082084656,31.0,31.148023770523537,23.84649058408928,0.0,-0.14802377052353677,0.10384728002152162,0,5.55674,0.18522
630.350385427475,31.0,31.148023770523537,23.84649058408928,0.0,-0.14802377052353677,0.1001466857584332,0,5.55674,0.18522
630.3849849700928,31.0,31.144676339265743,23.84649058408928,0.0,-0.14467633926574308,0.09652977727678963,0,5.55674,0.18522
630.4191431999207,31.0,31.143424643844526,23.846884236289952,0.0,-0.1434246438445257,0.09294416118067649,0,5.55674,0.18522
630.4535281658173,31.0,31.142587030097218,23.846099892534994,0.0,-0.14258703009721785,0.08937948542824604,0,5.55674,0.18522
630.4864773750305,31.0,31.140077401083943,23.846884236289952,0.0,-0.14007740108394273,0.08587755040114747,0,5.55674,0.18522
630.5197834968567,31.0,31.13673345603155,23.846884236289952,0.0,-0.13673345603154985,0.08245921400035873,0,5.55674,0.18522
630.5674285888672,31.0,31.133806826253476,23.84649058408928,0.0,-0.13380682625347617,0.07911404334402182,0,5.55674,0.18522
630.5994656085968,31.0,31.131300627251505,23.844924863221877,0.0,-0.13130062725150538,0.07583152766273418,0,5.55674,0.18522
630.6333017349243,31.0,31.13004597641344,23.84414348779319,0.0,-0.13004597641344162,0.07258037825239815,0,5.55674,0.18522
630.6800706386566,31.0,31.128374191996045,23.844534175081662,0.0,-0.12837419199604483,0.06937102345249703,0,5.55674,0.18522
630.7363266944885,31.0,31.125447861486293,23.84257778743256,0.0,-0.12544786148629328,0.0662348269153397,0,5.55674,0.18522
630.7661995887756,31.0,31.122521635694056,23.84179346252546,0.0,-0.12252163569405639,0.0631717860229883,0,5.55674,0.18522
630.8002679347992,31.0,31.12043289276812,23.839837104784465,0.0,-0.12043289276812175,0.06016096370378526,0,5.55674,0.18522
630.8335785865784,31.0,31.11666949814787,23.83944642773156,0.0,-0.11666949814787131,0.05724422625008847,0,5.55674,0.18522
630.885381937027,31.0,31.113743586337193,23.838662116520027,0.0,-0.11374358633719339,0.05440063659165864,0,5.55674,0.18522
630.9146819114685,31.0,31.11040071793707,23.836705792931696,0.0,-0.1104007179370683,0.05164061864323193,0,5.55674,0.18522
630.9478554725647,31.0,31.10914638760852,23.83709646401644,0.0,-0.10914638760851858,0.04891195895301897,0,5.55674,0.18522
630.9829885959625,31.0,31.107475030210196,23.835530825173407,0.0,-0.10747503021019611,0.04622508319776406,0,5.55674,0.18522
631.01748919487,31.0,31.103715390621858,23.83396519998712,0.0,-0.10371539062185775,0.04363219843221762,0,5.55674,0.18522
631.0541150569916,31.0,31.099535758619766,23.83279025016668,0.0,-0.0995357586197656,0.04114380446672348,0,5.55674,0.18522
631.1065394878387,31.0,31.09828159469714,23.831224648876287,0.0,-0.09828159469714137,0.038686764599294945,0,5.55674,0.18522
631.1362500190735,31.0,31.096193470155413,23.830049716984433,0.0,-0.0961934701554128,0.03628192784540962,0,5.55674,0.18522
631.1712818145752,31.0,31.093268289861555,23.82965906123144,0.0,-0.09326828986155533,0.03395022059887074,0,5.55674,0.18522
631.2047483921051,31.0,31.088672240145115,23.827702835727735,0.0,-0.08867224014511521,0.03173341459524286,0,5.55674,0.18522
631.2387988567352,31.0,31.08825529168314,23.827702835727735,0.0,-0.08825529168314006,0.029527032303164363,0,5.55674,0.18522
631.2852094173431,31.0,31.080734789883934,23.825743672069393,0.0,-0.0807347898839339,0.027508662556066016,0,5.55674,0.18522
631.3216490745544,31.0,31.079480913569228,23.824962380129932,0.0,-0.0794809135692276,0.025521639716835326,0,5.55674,0.18522
631.3615283966064,31.0,31.07739326781683,23.824178132165173,0.0,-0.07739326781683076,0.02358680802141456,0,5.55674,0.18522
631.3975641727448,31.0,31.074051881840887,23.82300324633013,0.0,-0.07405188184088729,0.021735510975392378,0,5.55674,0.18522
631.4519028663635,31.0,31.065695854197884,23.82104709323505,0.007007189424237004,-0.06569585419788382,0.02009311462044528,0,5.55674,0.18522
631.486127614975,31.0,31.065695854197884,23.82026286233821,0.0067432223751110465,-0.06569585419788382,0.018450718265498184,0,5.55674,0.18522
631.5352838039398,31.0,31.06026773409144,23.818697370125335,0.03670712759582684,-0.060267734091439706,0.016944024913212192,0,5.55674,0.18522
631.5852560997009,31.0,31.054003264155938,23.818697370125335,0.07126709615055354,-0.054003264155937813,0.015593943309313747,0,5.55674,0.18522
631.6164517402649,31.0,31.05274979601552,23.817131891525776,0.07806835691936281,-0.05274979601551877,0.014275198408925778,0,5.55674,0.18522
631.6500205993652,31.0,31.050662829762302,23.817131891525776,0.08943049154404592,-0.05066282976230241,0.013008627664868218,0,5.55674,0.18522
631.6845269203186,31.0,31.045232545611384,23.81674126382694,0.11941576186223915,-0.04523254561138401,0.011877814024583617,0,5.55674,0.18522
631.7213196754456,31.0,31.044399091886476,23.816350636975358,0.12386149994300771,-0.04439909188647562,0.010767836727421726,0,5.55674,0.18522
631.7713766098022,31.0,31.03896922136505,23.815175802231977,0.15391371053248804,-0.038969221365050544,0.009793606193295463,0,5.55674,0.18522
631.803722858429,31.0,31.034796041230038,23.815957051686325,0.17690177981619848,-0.0347960412300381,0.00892370516254451,0,5.55674,0.18522
631.8445429801941,31.0,31.03145323039456,23.815957051686325,0.1953312663147846,-0.03145323039456116,0.00813737440268048,0,5.55674,0.18522
631.8935792446136,31.0,31.027280431377335,23.81674126382694,0.21835186684688737,-0.027280431377334935,0.007455363618247107,0,5.55674,0.18522
631.9379341602325,31.0,31.020182108655717,23.816350636975358,0.2577219898172792,-0.020182108655717457,0.00695081090185417,0,5.55674,0.18522
631.9905114173889,31.0,31.016426462831703,23.817916108782583,0.27843475266110884,-0.016426462831702793,0.0065401493310616,0,5.55674,0.18522
632.0250945091248,31.0,31.01475699121221,23.817525479382482,0.287663282695366,-0.014756991212209414,0.006171224550756365,0,5.55674,0.18522
632.0637731552124,31.0,31.009745623604488,23.818697370125335,0.31540489462985777,-0.009745623604487719,0.005927583960644172,0,5.55674,0.18522
632.105583190918,31.0,31.00432119312336,23.818306739030163,0.34554707781893473,-0.00432119312335999,0.005819554132560172,0,5.55674,0.18522
632.1391837596893,31.0,31.003484997950522,23.819481594201136,0.350117179804744,-0.0034849979505224837,0.00573242918379711,0,5.55674,0.18522
632.1738526821136,31.0,30.998477470692478,23.818306739030163,0.3780100367884616,0.001522529307521836,0.005770492416485156,0,5.55674,0.18522
632.2119722366333,31.0,30.99555576472187,23.819481594201136,0.39420549635913393,0.004444235278128872,0.005881598298438377,0,5.55674,0.18522
632.2496297359467,31.0,30.99180124048587,23.819481594201136,0.41510637571822084,0.00819875951412996,0.006086567286291626,0,5.55674,0.18522
632.3021583557129,31.0,30.985958404683572,23.819481594201136,0.4476385147413946,0.014041595316427902,0.006437607169202324,0,5.55674,0.18522
